Archive member included to satisfy reference by file (symbol)

C:\Users\olusa\OneDrive\Documents\GitHub\BlockyOS\compile\toolchain\build\gnu-efi-4.0.4\x86_64\/lib/\libefi.a(data.o)
                              C:\Users\olusa\OneDrive\Documents\GitHub\BlockyOS\Build\Build-2026-05-07-13\objs\UEFI.c.boot.o (gEfiBlockIoProtocolGuid)
C:\Users\olusa\OneDrive\Documents\GitHub\BlockyOS\compile\toolchain\build\gnu-efi-4.0.4\x86_64\/lib/\libefi.a(entry.o)
                              C:\Users\olusa\OneDrive\Documents\GitHub\BlockyOS\compile\toolchain\build\gnu-efi-4.0.4\x86_64\/lib/crt0-efi-x86_64.o (_entry)
C:\Users\olusa\OneDrive\Documents\GitHub\BlockyOS\compile\toolchain\build\gnu-efi-4.0.4\x86_64\/lib/\libefi.a(init.o)
                              C:\Users\olusa\OneDrive\Documents\GitHub\BlockyOS\Build\Build-2026-05-07-13\objs\UEFI.c.boot.o (InitializeLib)
C:\Users\olusa\OneDrive\Documents\GitHub\BlockyOS\compile\toolchain\build\gnu-efi-4.0.4\x86_64\/lib/\libefi.a(misc.o)
                              C:\Users\olusa\OneDrive\Documents\GitHub\BlockyOS\Build\Build-2026-05-07-13\objs\UEFI.c.frat.o (AllocatePool)
C:\Users\olusa\OneDrive\Documents\GitHub\BlockyOS\compile\toolchain\build\gnu-efi-4.0.4\x86_64\/lib/\libefi.a(str.o)
                              C:\Users\olusa\OneDrive\Documents\GitHub\BlockyOS\compile\toolchain\build\gnu-efi-4.0.4\x86_64\/lib/\libefi.a(data.o) (LibStubStriCmp)
C:\Users\olusa\OneDrive\Documents\GitHub\BlockyOS\compile\toolchain\build\gnu-efi-4.0.4\x86_64\/lib/\libefi.a(efirtlib.o)
                              C:\Users\olusa\OneDrive\Documents\GitHub\BlockyOS\compile\toolchain\build\gnu-efi-4.0.4\x86_64\/lib/\libefi.a(misc.o) (RtZeroMem)
C:\Users\olusa\OneDrive\Documents\GitHub\BlockyOS\compile\toolchain\build\gnu-efi-4.0.4\x86_64\/lib/\libefi.a(rtstr.o)
                              C:\Users\olusa\OneDrive\Documents\GitHub\BlockyOS\compile\toolchain\build\gnu-efi-4.0.4\x86_64\/lib/\libefi.a(str.o) (RtStrCmp)
C:\Users\olusa\OneDrive\Documents\GitHub\BlockyOS\compile\toolchain\build\gnu-efi-4.0.4\x86_64\/lib/\libefi.a(rtdata.o)
                              C:\Users\olusa\OneDrive\Documents\GitHub\BlockyOS\compile\toolchain\build\gnu-efi-4.0.4\x86_64\/lib/\libefi.a(init.o) (EFIDebug)
C:\Users\olusa\OneDrive\Documents\GitHub\BlockyOS\compile\toolchain\build\gnu-efi-4.0.4\x86_64\/lib/\libefi.a(initplat.o)
                              C:\Users\olusa\OneDrive\Documents\GitHub\BlockyOS\compile\toolchain\build\gnu-efi-4.0.4\x86_64\/lib/\libefi.a(init.o) (InitializeLibPlatform)
C:\Users\olusa\OneDrive\Documents\GitHub\BlockyOS\compile\toolchain\build\gnu-efi-4.0.4\x86_64\/lib/\libefi.a(print.o)
                              C:\Users\olusa\OneDrive\Documents\GitHub\BlockyOS\Build\Build-2026-05-07-13\objs\UEFI.c.frat.o (Print)
C:\Users\olusa\OneDrive\Documents\GitHub\BlockyOS\compile\toolchain\build\gnu-efi-4.0.4\x86_64\/lib/\libefi.a(va_print.o)
                              C:\Users\olusa\OneDrive\Documents\GitHub\BlockyOS\compile\toolchain\build\gnu-efi-4.0.4\x86_64\/lib/\libefi.a(print.o) (_PoolCatPrint)
C:\Users\olusa\OneDrive\Documents\GitHub\BlockyOS\compile\toolchain\build\gnu-efi-4.0.4\x86_64\/lib/\libefi.a(efi_stub.o)
                              C:\Users\olusa\OneDrive\Documents\GitHub\BlockyOS\Build\Build-2026-05-07-13\objs\UEFI.c.tools.o (efi_call2)
C:\Users\olusa\OneDrive\Documents\GitHub\BlockyOS\compile\toolchain\build\gnu-efi-4.0.4\x86_64\/lib/\libefi.a(console.o)
                              C:\Users\olusa\OneDrive\Documents\GitHub\BlockyOS\compile\toolchain\build\gnu-efi-4.0.4\x86_64\/lib/\libefi.a(print.o) (Input)
C:\Users\olusa\OneDrive\Documents\GitHub\BlockyOS\compile\toolchain\build\gnu-efi-4.0.4\x86_64\/lib/\libefi.a(dpath.o)
                              C:\Users\olusa\OneDrive\Documents\GitHub\BlockyOS\compile\toolchain\build\gnu-efi-4.0.4\x86_64\/lib/\libefi.a(misc.o) (DevicePathFromHandle)
C:\Users\olusa\OneDrive\Documents\GitHub\BlockyOS\compile\toolchain\build\gnu-efi-4.0.4\x86_64\/lib/\libefi.a(error.o)
                              C:\Users\olusa\OneDrive\Documents\GitHub\BlockyOS\compile\toolchain\build\gnu-efi-4.0.4\x86_64\/lib/\libefi.a(print.o) (StatusToString)
C:\Users\olusa\OneDrive\Documents\GitHub\BlockyOS\compile\toolchain\build\gnu-efi-4.0.4\x86_64\/lib/\libefi.a(event.o)
                              C:\Users\olusa\OneDrive\Documents\GitHub\BlockyOS\compile\toolchain\build\gnu-efi-4.0.4\x86_64\/lib/\libefi.a(console.o) (WaitForSingleEvent)
C:\Users\olusa\OneDrive\Documents\GitHub\BlockyOS\compile\toolchain\build\gnu-efi-4.0.4\x86_64\/lib/\libefi.a(guid.o)
                              C:\Users\olusa\OneDrive\Documents\GitHub\BlockyOS\compile\toolchain\build\gnu-efi-4.0.4\x86_64\/lib/\libefi.a(init.o) (InitializeGuid)
C:\Users\olusa\OneDrive\Documents\GitHub\BlockyOS\compile\toolchain\build\gnu-efi-4.0.4\x86_64\/lib/\libefi.a(hand.o)
                              C:\Users\olusa\OneDrive\Documents\GitHub\BlockyOS\compile\toolchain\build\gnu-efi-4.0.4\x86_64\/lib/\libefi.a(init.o) (LibLocateHandle)
C:\Users\olusa\OneDrive\Documents\GitHub\BlockyOS\compile\toolchain\build\gnu-efi-4.0.4\x86_64\/lib/\libefi.a(math.o)
                              C:\Users\olusa\OneDrive\Documents\GitHub\BlockyOS\compile\toolchain\build\gnu-efi-4.0.4\x86_64\/lib/\libefi.a(print.o) (RShiftU64)

There are no discarded input sections

Memory Configuration

Name             Origin             Length             Attributes
*default*        0x0000000000000000 0xffffffffffffffff

Linker script and memory map

                0x0000000000000000                . = 0x0
                0x0000000000000000                ImageBase = .

.hash
 *(.hash)

.gnu.hash
 *(.gnu.hash)
                0x0000000000000000                . = ALIGN (0x1000)

.eh_frame       0x0000000000000000     0x2fb0
 *(.eh_frame)
 .eh_frame      0x0000000000000000       0x30 C:\Users\olusa\OneDrive\Documents\GitHub\BlockyOS\compile\toolchain\build\gnu-efi-4.0.4\x86_64\/lib/reloc_x86_64.o
 .eh_frame      0x0000000000000030      0x600 C:\Users\olusa\OneDrive\Documents\GitHub\BlockyOS\Build\Build-2026-05-07-13\objs\UEFI.c.frat.o
                                        0x618 (size before relaxing)
 .eh_frame      0x0000000000000630      0x110 C:\Users\olusa\OneDrive\Documents\GitHub\BlockyOS\Build\Build-2026-05-07-13\objs\UEFI.c.raw.o
                                        0x128 (size before relaxing)
 .eh_frame      0x0000000000000740      0x240 C:\Users\olusa\OneDrive\Documents\GitHub\BlockyOS\Build\Build-2026-05-07-13\objs\UEFI.c.blake2b-ref.o
                                        0x258 (size before relaxing)
 .eh_frame      0x0000000000000980      0x140 C:\Users\olusa\OneDrive\Documents\GitHub\BlockyOS\Build\Build-2026-05-07-13\objs\UEFI.c.blake2bp-ref.o
                                        0x158 (size before relaxing)
 .eh_frame      0x0000000000000ac0      0x220 C:\Users\olusa\OneDrive\Documents\GitHub\BlockyOS\Build\Build-2026-05-07-13\objs\UEFI.c.blake2s-ref.o
                                        0x238 (size before relaxing)
 .eh_frame      0x0000000000000ce0      0x160 C:\Users\olusa\OneDrive\Documents\GitHub\BlockyOS\Build\Build-2026-05-07-13\objs\UEFI.c.blake2sp-ref.o
                                        0x178 (size before relaxing)
 .eh_frame      0x0000000000000e40      0x100 C:\Users\olusa\OneDrive\Documents\GitHub\BlockyOS\Build\Build-2026-05-07-13\objs\UEFI.c.blake2xb-ref.o
                                        0x118 (size before relaxing)
 .eh_frame      0x0000000000000f40      0x120 C:\Users\olusa\OneDrive\Documents\GitHub\BlockyOS\Build\Build-2026-05-07-13\objs\UEFI.c.blake2xs-ref.o
                                        0x138 (size before relaxing)
 .eh_frame      0x0000000000001060      0x388 C:\Users\olusa\OneDrive\Documents\GitHub\BlockyOS\Build\Build-2026-05-07-13\objs\UEFI.c.tools.o
                                        0x3a0 (size before relaxing)
 .eh_frame      0x00000000000013e8       0x60 C:\Users\olusa\OneDrive\Documents\GitHub\BlockyOS\Build\Build-2026-05-07-13\objs\UEFI.c.boot.o
                                         0x78 (size before relaxing)
 .eh_frame      0x0000000000001448       0x40 C:\Users\olusa\OneDrive\Documents\GitHub\BlockyOS\compile\toolchain\build\gnu-efi-4.0.4\x86_64\/lib/\libefi.a(entry.o)
                                         0x58 (size before relaxing)
 .eh_frame      0x0000000000001488       0xd8 C:\Users\olusa\OneDrive\Documents\GitHub\BlockyOS\compile\toolchain\build\gnu-efi-4.0.4\x86_64\/lib/\libefi.a(init.o)
                                         0xf0 (size before relaxing)
 .eh_frame      0x0000000000001560      0x400 C:\Users\olusa\OneDrive\Documents\GitHub\BlockyOS\compile\toolchain\build\gnu-efi-4.0.4\x86_64\/lib/\libefi.a(misc.o)
                                        0x418 (size before relaxing)
 .eh_frame      0x0000000000001960      0x2c8 C:\Users\olusa\OneDrive\Documents\GitHub\BlockyOS\compile\toolchain\build\gnu-efi-4.0.4\x86_64\/lib/\libefi.a(str.o)
                                        0x2e0 (size before relaxing)
 .eh_frame      0x0000000000001c28       0x90 C:\Users\olusa\OneDrive\Documents\GitHub\BlockyOS\compile\toolchain\build\gnu-efi-4.0.4\x86_64\/lib/\libefi.a(efirtlib.o)
                                         0xa8 (size before relaxing)
 .eh_frame      0x0000000000001cb8      0x150 C:\Users\olusa\OneDrive\Documents\GitHub\BlockyOS\compile\toolchain\build\gnu-efi-4.0.4\x86_64\/lib/\libefi.a(rtstr.o)
                                        0x168 (size before relaxing)
 .eh_frame      0x0000000000001e08       0x18 C:\Users\olusa\OneDrive\Documents\GitHub\BlockyOS\compile\toolchain\build\gnu-efi-4.0.4\x86_64\/lib/\libefi.a(initplat.o)
                                         0x30 (size before relaxing)
 .eh_frame      0x0000000000001e20      0x3d0 C:\Users\olusa\OneDrive\Documents\GitHub\BlockyOS\compile\toolchain\build\gnu-efi-4.0.4\x86_64\/lib/\libefi.a(print.o)
                                        0x3e8 (size before relaxing)
 .eh_frame      0x00000000000021f0      0x1e0 C:\Users\olusa\OneDrive\Documents\GitHub\BlockyOS\compile\toolchain\build\gnu-efi-4.0.4\x86_64\/lib/\libefi.a(va_print.o)
                                        0x1f8 (size before relaxing)
 .eh_frame      0x00000000000023d0       0x80 C:\Users\olusa\OneDrive\Documents\GitHub\BlockyOS\compile\toolchain\build\gnu-efi-4.0.4\x86_64\/lib/\libefi.a(console.o)
                                         0x98 (size before relaxing)
 .eh_frame      0x0000000000002450      0x718 C:\Users\olusa\OneDrive\Documents\GitHub\BlockyOS\compile\toolchain\build\gnu-efi-4.0.4\x86_64\/lib/\libefi.a(dpath.o)
                                        0x730 (size before relaxing)
 .eh_frame      0x0000000000002b68       0x18 C:\Users\olusa\OneDrive\Documents\GitHub\BlockyOS\compile\toolchain\build\gnu-efi-4.0.4\x86_64\/lib/\libefi.a(error.o)
                                         0x30 (size before relaxing)
 .eh_frame      0x0000000000002b80       0xc8 C:\Users\olusa\OneDrive\Documents\GitHub\BlockyOS\compile\toolchain\build\gnu-efi-4.0.4\x86_64\/lib/\libefi.a(event.o)
                                         0xe0 (size before relaxing)
 .eh_frame      0x0000000000002c48       0x90 C:\Users\olusa\OneDrive\Documents\GitHub\BlockyOS\compile\toolchain\build\gnu-efi-4.0.4\x86_64\/lib/\libefi.a(guid.o)
                                         0xa8 (size before relaxing)
 .eh_frame      0x0000000000002cd8      0x288 C:\Users\olusa\OneDrive\Documents\GitHub\BlockyOS\compile\toolchain\build\gnu-efi-4.0.4\x86_64\/lib/\libefi.a(hand.o)
                                        0x2a0 (size before relaxing)
 .eh_frame      0x0000000000002f60       0x50 C:\Users\olusa\OneDrive\Documents\GitHub\BlockyOS\compile\toolchain\build\gnu-efi-4.0.4\x86_64\/lib/\libefi.a(math.o)
                                         0x68 (size before relaxing)

.eh_frame_hdr
 *(.eh_frame_hdr)

.gcc_except_table
 *(.gcc_except_table*)
                0x0000000000003000                . = ALIGN (0x1000)

.text           0x0000000000003000    0x1b3d0
                0x0000000000003000                _text = .
 *(.text)
 .text          0x0000000000003000       0x29 C:\Users\olusa\OneDrive\Documents\GitHub\BlockyOS\compile\toolchain\build\gnu-efi-4.0.4\x86_64\/lib/crt0-efi-x86_64.o
                0x0000000000003000                _start
 *fill*         0x0000000000003029       0x17 
 .text          0x0000000000003040       0xbb C:\Users\olusa\OneDrive\Documents\GitHub\BlockyOS\compile\toolchain\build\gnu-efi-4.0.4\x86_64\/lib/reloc_x86_64.o
                0x0000000000003040                _relocate
 .text          0x00000000000030fb     0x453b C:\Users\olusa\OneDrive\Documents\GitHub\BlockyOS\Build\Build-2026-05-07-13\objs\UEFI.c.frat.o
                0x00000000000030fb                checkdisk
                0x0000000000003223                loadpart
                0x000000000000340f                formatpart
                0x00000000000035e7                queryparttablefs
                0x000000000000372b                queryfs
                0x00000000000037d7                fmount
                0x0000000000003cc8                allocatecluster
                0x0000000000003d98                __ffremove
                0x0000000000003e00                __ffremoveh
                0x0000000000003e76                __ffremovel
                0x0000000000003ea6                __ffremovelh
                0x0000000000003fa1                __fcreate
                0x0000000000004545                __faddr
                0x0000000000004963                __finit
                0x0000000000004cfe                __fread1
                0x0000000000004f31                __ffindh
                0x000000000000501a                __ffindhi
                0x000000000000510b                __ffindi
                0x0000000000005143                __ffind
                0x0000000000005178                __fpush1
                0x00000000000053c5                __floaddir
                0x000000000000551e                __fuloaddir
                0x000000000000571e                __fdirrefresh
                0x0000000000005911                fsloadh
                0x0000000000005a3c                fsuloadh
                0x0000000000005c82                __freadinfo
                0x0000000000005d50                __fupdatetstamp
                0x0000000000005e7a                _dreadinfo
                0x0000000000005ea2                _freadinfo
                0x0000000000005eca                _fseek
                0x0000000000005ee9                _fseeko
                0x0000000000005f13                _fpush1
                0x0000000000006174                _fread1
                0x0000000000006385                __fgetparent
                0x0000000000006456                __fdiradd
                0x0000000000006894                __ftest
                0x0000000000006a81                __fdirlist
                0x0000000000006e37                __dirr_init
                0x0000000000007190                __dirr_free
                0x0000000000007235                __dirr
                0x00000000000073e8                __fprint_info
                0x00000000000075e4                getloc
 .text          0x0000000000007636      0x6c9 C:\Users\olusa\OneDrive\Documents\GitHub\BlockyOS\Build\Build-2026-05-07-13\objs\UEFI.c.raw.o
                0x0000000000007636                DisableVerbose
                0x000000000000764d                EnableVerbose
                0x0000000000007664                getblocksize
                0x0000000000007679                setblocksize
                0x00000000000076bd                startup
                0x00000000000079fb                readblock
                0x0000000000007bab                writeblock
                0x0000000000007ce4                dispose
 .text          0x0000000000007cff     0x779d C:\Users\olusa\OneDrive\Documents\GitHub\BlockyOS\Build\Build-2026-05-07-13\objs\UEFI.c.blake2b-ref.o
                0x0000000000008031                blake2b_init_param
                0x00000000000080c0                blake2b_init
                0x00000000000081a5                blake2b_init_key
                0x000000000000f03d                blake2b_update
                0x000000000000f180                blake2b_final
                0x000000000000f2f9                blake2b
                0x000000000000f454                blake2
 .text          0x000000000000f49c      0xc0f C:\Users\olusa\OneDrive\Documents\GitHub\BlockyOS\Build\Build-2026-05-07-13\objs\UEFI.c.blake2bp-ref.o
                0x000000000000f713                blake2bp_init
                0x000000000000f808                blake2bp_init_key
                0x000000000000f9f7                blake2bp_update
                0x000000000000fbaa                blake2bp_final
                0x000000000000fd49                blake2bp
 .text          0x00000000000100ab     0x4439 C:\Users\olusa\OneDrive\Documents\GitHub\BlockyOS\Build\Build-2026-05-07-13\objs\UEFI.c.blake2s-ref.o
                0x00000000000102fb                blake2s_init_param
                0x0000000000010383                blake2s_init
                0x000000000001044e                blake2s_init_key
                0x0000000000014113                blake2s_update
                0x0000000000014244                blake2s_final
                0x0000000000014389                blake2s
 .text          0x00000000000144e4      0xbc4 C:\Users\olusa\OneDrive\Documents\GitHub\BlockyOS\Build\Build-2026-05-07-13\objs\UEFI.c.blake2sp-ref.o
                0x000000000001476a                blake2sp_init
                0x000000000001485f                blake2sp_init_key
                0x00000000000149f7                blake2sp_update
                0x0000000000014baa                blake2sp_final
                0x0000000000014d46                blake2sp
 .text          0x00000000000150a8      0x6a1 C:\Users\olusa\OneDrive\Documents\GitHub\BlockyOS\Build\Build-2026-05-07-13\objs\UEFI.c.blake2xb-ref.o
                0x0000000000015188                blake2xb_init
                0x00000000000151b4                blake2xb_init_key
                0x00000000000153e1                blake2xb_update
                0x000000000001540e                blake2xb_final
                0x000000000001562e                blake2xb
 .text          0x0000000000015749      0x64c C:\Users\olusa\OneDrive\Documents\GitHub\BlockyOS\Build\Build-2026-05-07-13\objs\UEFI.c.blake2xs-ref.o
                0x0000000000015849                blake2xs_init
                0x0000000000015875                blake2xs_init_key
                0x0000000000015a2a                blake2xs_update
                0x0000000000015a57                blake2xs_final
                0x0000000000015c7a                blake2xs
 .text          0x0000000000015d95      0xe40 C:\Users\olusa\OneDrive\Documents\GitHub\BlockyOS\Build\Build-2026-05-07-13\objs\UEFI.c.tools.o
                0x0000000000015d95                strcheck
                0x0000000000015de8                strchecki
                0x0000000000015e3c                __memdup
                0x0000000000015e79                isascii
                0x0000000000015e8d                __getfcode
                0x0000000000015f74                readbuf
                0x000000000001606d                strtok_i
                0x0000000000016113                strtok_k
                0x0000000000016307                strtok_d
                0x0000000000016351                trng__
                0x00000000000163e9                tolower
                0x00000000000163ff                isdigit
                0x0000000000016429                str_tolower
                0x00000000000164a3                match_rec
                0x00000000000165d7                makeGPTeNSTR
                0x0000000000016654                __pattmatch
                0x000000000001676c                __realloc
                0x0000000000016799                __calloc
                0x00000000000167bc                __memset
                0x00000000000167ee                __memcpy
                0x000000000001681c                __strlen
                0x000000000001684f                __strdup
                0x000000000001689b                __strspn
                0x0000000000016905                __memcmp
                0x0000000000016932                getDriveMediaID
                0x0000000000016aa8                ValidateImageHandle
                0x0000000000016b04                IsPartition
                0x0000000000016b76                GetDevicePath
 .text          0x0000000000016bd5      0x37a C:\Users\olusa\OneDrive\Documents\GitHub\BlockyOS\Build\Build-2026-05-07-13\objs\UEFI.c.boot.o
                0x0000000000016bd5                libinit
                0x0000000000016c2d                getParentDevice
                0x0000000000016e2d                efi_main
 .text          0x0000000000016f4f        0x0 C:\Users\olusa\OneDrive\Documents\GitHub\BlockyOS\compile\toolchain\build\gnu-efi-4.0.4\x86_64\/lib/\libefi.a(data.o)
 *fill*         0x0000000000016f4f        0x1 
 .text          0x0000000000016f50      0x134 C:\Users\olusa\OneDrive\Documents\GitHub\BlockyOS\compile\toolchain\build\gnu-efi-4.0.4\x86_64\/lib/\libefi.a(entry.o)
                0x0000000000016f50                _entry
 *fill*         0x0000000000017084       0x1c 
 .text          0x00000000000170a0      0x2b3 C:\Users\olusa\OneDrive\Documents\GitHub\BlockyOS\compile\toolchain\build\gnu-efi-4.0.4\x86_64\/lib/\libefi.a(init.o)
                0x00000000000170a0                InitializeUnicodeSupport
                0x0000000000017190                EFIDebugVariable
                0x00000000000171e0                InitializeLib
                0x00000000000172e0                memset
                0x0000000000017330                memcpy
 *fill*         0x0000000000017353        0xd 
 .text          0x0000000000017360      0x9b7 C:\Users\olusa\OneDrive\Documents\GitHub\BlockyOS\compile\toolchain\build\gnu-efi-4.0.4\x86_64\/lib/\libefi.a(misc.o)
                0x0000000000017360                AllocatePool
                0x0000000000017390                AllocateZeroPool
                0x00000000000173e0                ReallocatePool_1
                0x0000000000017480                FreePool
                0x00000000000174a0                ZeroMem
                0x00000000000174b0                SetMem
                0x00000000000174c0                CopyMem_1
                0x00000000000174d0                CopyMemC
                0x00000000000174e0                CompareMem
                0x00000000000174f0                GrowBuffer
                0x00000000000175d0                LibMemoryMap
                0x00000000000176c0                LibGetVariableAndSize
                0x00000000000177a0                LibGetVariable
                0x00000000000177c0                LibDeleteVariable
                0x0000000000017830                LibSetNVVariable
                0x0000000000017860                LibSetVariable
                0x0000000000017890                LibInsertToTailOfBootOrder
                0x00000000000179f0                ValidMBR
                0x0000000000017ba0                DecimaltoBCD
                0x0000000000017bb0                BCDtoDecimal
                0x0000000000017bc0                LibGetSystemConfigurationTable
                0x0000000000017c50                LibGetUiString
 *fill*         0x0000000000017d17       0x29 
 .text          0x0000000000017d40      0x5fc C:\Users\olusa\OneDrive\Documents\GitHub\BlockyOS\compile\toolchain\build\gnu-efi-4.0.4\x86_64\/lib/\libefi.a(str.o)
                0x0000000000017d40                StrCmp
                0x0000000000017d50                StrnCmp
                0x0000000000017da0                LibStubStriCmp
                0x0000000000017e40                LibStubStrLwrUpr
                0x0000000000017e50                StriCmp
                0x0000000000017e70                StrLwr
                0x0000000000017e90                StrUpr
                0x0000000000017eb0                StrCpy
                0x0000000000017ec0                StrnCpy
                0x0000000000017ed0                StpCpy
                0x0000000000017ee0                StpnCpy
                0x0000000000017ef0                StrCat
                0x0000000000017f00                StrnCat
                0x0000000000017f10                StrnLen
                0x0000000000017f20                StrLen
                0x0000000000017f30                StrSize
                0x0000000000017f40                StrDuplicate
                0x0000000000017f80                AsciiStrLen
                0x0000000000017fb0                AsciiStrCmp
                0x0000000000018000                AsciiStrnCmp
                0x0000000000018050                xtoi
                0x00000000000180f0                Atoi
                0x0000000000018150                MetaMatch
                0x0000000000018280                LibStubMetaiMatch
                0x0000000000018320                MetaiMatch
 *fill*         0x000000000001833c        0x4 
 .text          0x0000000000018340      0x18c C:\Users\olusa\OneDrive\Documents\GitHub\BlockyOS\compile\toolchain\build\gnu-efi-4.0.4\x86_64\/lib/\libefi.a(efirtlib.o)
                0x0000000000018340                RtZeroMem
                0x0000000000018380                RtSetMem
                0x00000000000183b0                RtCopyMem
                0x0000000000018430                RtCopyMemC
                0x0000000000018440                RtCompareMem
                0x0000000000018490                RtCompareGuid
                0x00000000000184c0                RtIsZeroGuid
 *fill*         0x00000000000184cc       0x14 
 .text          0x00000000000184e0      0x353 C:\Users\olusa\OneDrive\Documents\GitHub\BlockyOS\compile\toolchain\build\gnu-efi-4.0.4\x86_64\/lib/\libefi.a(rtstr.o)
                0x00000000000184e0                RtStrCmp
                0x0000000000018540                RtStrCpy
                0x0000000000018580                RtStrnCpy
                0x00000000000185f0                RtStpCpy
                0x0000000000018620                RtStpnCpy
                0x00000000000186a0                RtStrCat
                0x00000000000186f0                RtStrnCat
                0x0000000000018770                RtStrLen
                0x00000000000187a0                RtStrnLen
                0x00000000000187d0                RtStrSize
                0x0000000000018800                RtBCDtoDecimal
                0x0000000000018810                RtDecimaltoBCD
 .text          0x0000000000018833        0x0 C:\Users\olusa\OneDrive\Documents\GitHub\BlockyOS\compile\toolchain\build\gnu-efi-4.0.4\x86_64\/lib/\libefi.a(rtdata.o)
 *fill*         0x0000000000018833        0xd 
 .text          0x0000000000018840        0x1 C:\Users\olusa\OneDrive\Documents\GitHub\BlockyOS\compile\toolchain\build\gnu-efi-4.0.4\x86_64\/lib/\libefi.a(initplat.o)
                0x0000000000018840                InitializeLibPlatform
 *fill*         0x0000000000018841       0x3f 
 .text          0x0000000000018880     0x2099 C:\Users\olusa\OneDrive\Documents\GitHub\BlockyOS\compile\toolchain\build\gnu-efi-4.0.4\x86_64\/lib/\libefi.a(print.o)
                0x0000000000018880                _DbgOut
                0x00000000000188a0                _SPrint
                0x00000000000189c0                _PoolPrint
                0x0000000000018d50                UnicodeSPrint
                0x0000000000018de0                AsciiSPrint
                0x0000000000018e70                PoolPrint
                0x0000000000018f10                CatPrint
                0x0000000000018fc0                Print
                0x0000000000019080                PrintAt
                0x0000000000019120                IPrint
                0x00000000000191d0                IPrintAt
                0x0000000000019270                AsciiPrint
                0x0000000000019330                ValueToHex
                0x0000000000019350                ValueToString
                0x0000000000019370                FloatToString
                0x00000000000194a0                TimeToString
                0x0000000000019540                DbgPrint
                0x000000000001a770                DumpHex
 *fill*         0x000000000001a919       0x27 
 .text          0x000000000001a940     0x11eb C:\Users\olusa\OneDrive\Documents\GitHub\BlockyOS\compile\toolchain\build\gnu-efi-4.0.4\x86_64\/lib/\libefi.a(va_print.o)
                0x000000000001b820                _PoolCatPrint
                0x000000000001b890                UnicodeVSPrint
                0x000000000001b8e0                VPoolPrint
                0x000000000001b920                _IPrint
                0x000000000001ba20                VPrint
                0x000000000001ba50                AsciiVSPrint
 .text          0x000000000001bb2b      0x17b C:\Users\olusa\OneDrive\Documents\GitHub\BlockyOS\compile\toolchain\build\gnu-efi-4.0.4\x86_64\/lib/\libefi.a(efi_stub.o)
                0x000000000001bb2b                efi_call0
                0x000000000001bb36                efi_call1
                0x000000000001bb44                efi_call2
                0x000000000001bb52                efi_call3
                0x000000000001bb63                efi_call4
                0x000000000001bb77                efi_call5
                0x000000000001bb90                efi_call6
                0x000000000001bbb3                efi_call7
                0x000000000001bbe0                efi_call8
                0x000000000001bc17                efi_call9
                0x000000000001bc58                efi_call10
 *fill*         0x000000000001bca6        0xa 
 .text          0x000000000001bcb0      0x110 C:\Users\olusa\OneDrive\Documents\GitHub\BlockyOS\compile\toolchain\build\gnu-efi-4.0.4\x86_64\/lib/\libefi.a(console.o)
                0x000000000001bcb0                Output
                0x000000000001bcd0                IInput
                0x000000000001bda0                Input
 .text          0x000000000001bdc0     0x174b C:\Users\olusa\OneDrive\Documents\GitHub\BlockyOS\compile\toolchain\build\gnu-efi-4.0.4\x86_64\/lib/\libefi.a(dpath.o)
                0x000000000001cc10                DevicePathFromHandle
                0x000000000001cc50                DevicePathInstance
                0x000000000001cd00                DevicePathInstanceCount
                0x000000000001cd40                DevicePathSize
                0x000000000001cd80                DuplicateDevicePath
                0x000000000001cdf0                AppendDevicePath
                0x000000000001cf60                AppendDevicePathNode
                0x000000000001cfe0                FileDevicePath
                0x000000000001d090                UnpackDevicePath
                0x000000000001d160                AppendDevicePathInstance
                0x000000000001d250                LibDevicePathToInterface
                0x000000000001d2e0                DevicePathToStr
                0x000000000001d420                LibMatchDevicePaths
                0x000000000001d4a0                LibDuplicateDevicePathInstance
 *fill*         0x000000000001d50b       0x15 
 .text          0x000000000001d520       0x50 C:\Users\olusa\OneDrive\Documents\GitHub\BlockyOS\compile\toolchain\build\gnu-efi-4.0.4\x86_64\/lib/\libefi.a(error.o)
                0x000000000001d520                StatusToString
 .text          0x000000000001d570      0x1f5 C:\Users\olusa\OneDrive\Documents\GitHub\BlockyOS\compile\toolchain\build\gnu-efi-4.0.4\x86_64\/lib/\libefi.a(event.o)
                0x000000000001d570                LibCreateProtocolNotifyEvent
                0x000000000001d5f0                WaitForSingleEvent
                0x000000000001d6d0                WaitForEventWithTimeout
 *fill*         0x000000000001d765        0xb 
 .text          0x000000000001d770      0x113 C:\Users\olusa\OneDrive\Documents\GitHub\BlockyOS\compile\toolchain\build\gnu-efi-4.0.4\x86_64\/lib/\libefi.a(guid.o)
                0x000000000001d770                InitializeGuid
                0x000000000001d780                CompareGuid_1
                0x000000000001d790                IsZeroGuid
                0x000000000001d7a0                GuidToString
 *fill*         0x000000000001d883       0x3d 
 .text          0x000000000001d8c0      0xaba C:\Users\olusa\OneDrive\Documents\GitHub\BlockyOS\compile\toolchain\build\gnu-efi-4.0.4\x86_64\/lib/\libefi.a(hand.o)
                0x000000000001d8c0                LibLocateHandle
                0x000000000001d980                LibLocateProtocol
                0x000000000001da20                LibLocateHandleByDiskSignature
                0x000000000001dd60                LibOpenRoot
                0x000000000001ddb0                LibFileInfo
                0x000000000001de30                LibFileSystemInfo
                0x000000000001deb0                LibFileSystemVolumeLabelInfo
                0x000000000001df30                LibInstallProtocolInterfaces
                0x000000000001e0e0                LibUninstallProtocolInterfaces
                0x000000000001e1a0                LibReinstallProtocolInterfaces
 *fill*         0x000000000001e37a        0x6 
 .text          0x000000000001e380       0x4c C:\Users\olusa\OneDrive\Documents\GitHub\BlockyOS\compile\toolchain\build\gnu-efi-4.0.4\x86_64\/lib/\libefi.a(math.o)
                0x000000000001e380                LShiftU64
                0x000000000001e390                RShiftU64
                0x000000000001e3a0                MultU64x32
                0x000000000001e3b0                DivU64x32
 *(.text.*)
 *(.gnu.linkonce.t.*)
 *(.plt)
                0x000000000001e3d0                . = ALIGN (0x10)
 *fill*         0x000000000001e3cc        0x4 
                0x000000000001e3d0                _etext = .
                0x000000000001b3d0                _text_size = (_etext - _text)

.iplt           0x000000000001e3d0        0x0
 .iplt          0x000000000001e3d0        0x0 C:\Users\olusa\OneDrive\Documents\GitHub\BlockyOS\compile\toolchain\build\gnu-efi-4.0.4\x86_64\/lib/crt0-efi-x86_64.o

.rela.dyn       0x000000000001e3d0        0x0
 .rela.iplt     0x000000000001e3d0        0x0 C:\Users\olusa\OneDrive\Documents\GitHub\BlockyOS\compile\toolchain\build\gnu-efi-4.0.4\x86_64\/lib/crt0-efi-x86_64.o
                0x000000000001f000                . = ALIGN (0x1000)

.data           0x000000000001f000      0xd90
                0x000000000001f000                _data = .
 *(.got.plt)
 .got.plt       0x000000000001f000        0x0 C:\Users\olusa\OneDrive\Documents\GitHub\BlockyOS\compile\toolchain\build\gnu-efi-4.0.4\x86_64\/lib/crt0-efi-x86_64.o
 *(.got)
 .got           0x000000000001f000        0x0 C:\Users\olusa\OneDrive\Documents\GitHub\BlockyOS\compile\toolchain\build\gnu-efi-4.0.4\x86_64\/lib/crt0-efi-x86_64.o
 *(.data*)
 .data          0x000000000001f000        0x8 C:\Users\olusa\OneDrive\Documents\GitHub\BlockyOS\compile\toolchain\build\gnu-efi-4.0.4\x86_64\/lib/crt0-efi-x86_64.o
 .data          0x000000000001f008        0x0 C:\Users\olusa\OneDrive\Documents\GitHub\BlockyOS\compile\toolchain\build\gnu-efi-4.0.4\x86_64\/lib/reloc_x86_64.o
 .data          0x000000000001f008        0x0 C:\Users\olusa\OneDrive\Documents\GitHub\BlockyOS\Build\Build-2026-05-07-13\objs\UEFI.c.frat.o
 .data          0x000000000001f008        0x0 C:\Users\olusa\OneDrive\Documents\GitHub\BlockyOS\Build\Build-2026-05-07-13\objs\UEFI.c.raw.o
 .data          0x000000000001f008        0x0 C:\Users\olusa\OneDrive\Documents\GitHub\BlockyOS\Build\Build-2026-05-07-13\objs\UEFI.c.blake2b-ref.o
 .data.rel.ro   0x000000000001f008        0x8 C:\Users\olusa\OneDrive\Documents\GitHub\BlockyOS\Build\Build-2026-05-07-13\objs\UEFI.c.blake2b-ref.o
 .data          0x000000000001f010        0x0 C:\Users\olusa\OneDrive\Documents\GitHub\BlockyOS\Build\Build-2026-05-07-13\objs\UEFI.c.blake2bp-ref.o
 .data.rel.ro   0x000000000001f010        0x8 C:\Users\olusa\OneDrive\Documents\GitHub\BlockyOS\Build\Build-2026-05-07-13\objs\UEFI.c.blake2bp-ref.o
 .data          0x000000000001f018        0x0 C:\Users\olusa\OneDrive\Documents\GitHub\BlockyOS\Build\Build-2026-05-07-13\objs\UEFI.c.blake2s-ref.o
 .data.rel.ro   0x000000000001f018        0x8 C:\Users\olusa\OneDrive\Documents\GitHub\BlockyOS\Build\Build-2026-05-07-13\objs\UEFI.c.blake2s-ref.o
 .data          0x000000000001f020        0x0 C:\Users\olusa\OneDrive\Documents\GitHub\BlockyOS\Build\Build-2026-05-07-13\objs\UEFI.c.blake2sp-ref.o
 .data.rel.ro   0x000000000001f020        0x8 C:\Users\olusa\OneDrive\Documents\GitHub\BlockyOS\Build\Build-2026-05-07-13\objs\UEFI.c.blake2sp-ref.o
 .data          0x000000000001f028        0x0 C:\Users\olusa\OneDrive\Documents\GitHub\BlockyOS\Build\Build-2026-05-07-13\objs\UEFI.c.blake2xb-ref.o
 .data.rel.ro   0x000000000001f028        0x8 C:\Users\olusa\OneDrive\Documents\GitHub\BlockyOS\Build\Build-2026-05-07-13\objs\UEFI.c.blake2xb-ref.o
 .data          0x000000000001f030        0x0 C:\Users\olusa\OneDrive\Documents\GitHub\BlockyOS\Build\Build-2026-05-07-13\objs\UEFI.c.blake2xs-ref.o
 .data.rel.ro   0x000000000001f030        0x8 C:\Users\olusa\OneDrive\Documents\GitHub\BlockyOS\Build\Build-2026-05-07-13\objs\UEFI.c.blake2xs-ref.o
 .data          0x000000000001f038        0x0 C:\Users\olusa\OneDrive\Documents\GitHub\BlockyOS\Build\Build-2026-05-07-13\objs\UEFI.c.tools.o
 .data          0x000000000001f038        0x0 C:\Users\olusa\OneDrive\Documents\GitHub\BlockyOS\Build\Build-2026-05-07-13\objs\UEFI.c.boot.o
 *fill*         0x000000000001f038        0x8 
 .data          0x000000000001f040      0x4f0 C:\Users\olusa\OneDrive\Documents\GitHub\BlockyOS\compile\toolchain\build\gnu-efi-4.0.4\x86_64\/lib/\libefi.a(data.o)
                0x000000000001f040                ShellDynamicCommandProtocolGuid
                0x000000000001f050                ShellParametersProtocolGuid
                0x000000000001f060                ShellProtocolGuid
                0x000000000001f070                SimpleTextInputExProtocol
                0x000000000001f080                gEfiDebugSupportProtocolGuid
                0x000000000001f090                gEfiDebugImageInfoTableGuid
                0x000000000001f0a0                AbsolutePointerProtocol
                0x000000000001f0b0                SimplePointerProtocol
                0x000000000001f0c0                Tcp4Protocol
                0x000000000001f0d0                Tcp4ServiceBindingProtocol
                0x000000000001f0e0                Udp4Protocol
                0x000000000001f0f0                Udp4ServiceBindingProtocol
                0x000000000001f100                Ip4Protocol
                0x000000000001f110                Ip4ServiceBindingProtocol
                0x000000000001f120                EfiDtbTableGuid
                0x000000000001f130                SalSystemTableGuid
                0x000000000001f140                gEfiSmbios3TableGuid
                0x000000000001f150                gEfiSmbiosTableGuid
                0x000000000001f160                AcpiTableGuid
                0x000000000001f170                MpsTableGuid
                0x000000000001f180                UnknownDevice
                0x000000000001f190                EfiPartTypeLegacyMbrGuid
                0x000000000001f1a0                EfiPartTypeSystemPartitionGuid
                0x000000000001f1b0                gEfiVTUTF8Guid
                0x000000000001f1c0                gEfiVT100PlusGuid
                0x000000000001f1d0                gEfiVT100Guid
                0x000000000001f1e0                gEfiPcAnsiGuid
                0x000000000001f1f0                AdapterDebugProtocol
                0x000000000001f200                gEfiEdidOverrideProtocolGuid
                0x000000000001f210                gEfiEdidActiveProtocolGuid
                0x000000000001f220                gEfiEdidDiscoveredProtocolGuid
                0x000000000001f230                gEfiGraphicsOutputProtocolGuid
                0x000000000001f240                TextInSpliterProtocol
                0x000000000001f250                ErrorOutSpliterProtocol
                0x000000000001f260                TextOutSpliterProtocol
                0x000000000001f270                VgaClassProtocol
                0x000000000001f280                LegacyBootProtocol
                0x000000000001f290                VariableStoreProtocol
                0x000000000001f2a0                InternalShellProtocol
                0x000000000001f2b0                gEfiMpServicesProtocolGuid
                0x000000000001f2c0                gEfiFileSystemVolumeLabelInfoIdGuid
                0x000000000001f2d0                gEfiFileSystemInfoGuid
                0x000000000001f2e0                gEfiFileInfoGuid
                0x000000000001f2f0                gEfiEbcProtocolGuid
                0x000000000001f300                gEfiDriverFamilyOverrideProtocolGuid
                0x000000000001f310                gEfiBusSpecificDriverOverrideProtocolGuid
                0x000000000001f320                gEfiPlatformDriverOverrideProtocolGuid
                0x000000000001f330                gEfiHashProtocolGuid
                0x000000000001f340                gEfiComponentName2ProtocolGuid
                0x000000000001f350                gEfiComponentNameProtocolGuid
                0x000000000001f360                gEfiDriverBindingProtocolGuid
                0x000000000001f370                gEfiPciRootBridgeIoProtocolGuid
                0x000000000001f380                gEfiPciIoProtocolGuid
                0x000000000001f390                gEFiUiInterfaceProtocolGuid
                0x000000000001f3a0                gEfiNetworkInterfaceIdentifierProtocolGuid
                0x000000000001f3b0                gEfiPxeBaseCodeCallbackProtocolGuid
                0x000000000001f3c0                gEfiPxeBaseCodeProtocolGuid
                0x000000000001f3d0                gEfiSimpleNetworkProtocolGuid
                0x000000000001f3e0                gEfiSerialIoProtocolGuid
                0x000000000001f3f0                gEfiUnicodeCollationProtocolGuid
                0x000000000001f400                gEfiDeviceIoProtocolGuid
                0x000000000001f410                gEfiLoadFile2ProtocolGuid
                0x000000000001f420                gEfiLoadFileProtocolGuid
                0x000000000001f430                gEfiLoadedImageDevicePathProtocolGuid
                0x000000000001f440                gEfiSimpleFileSystemProtocolGuid
                0x000000000001f450                gEfiDxeServicesTableGuid
                0x000000000001f460                gEfiDiskIo2ProtocolGuid
                0x000000000001f470                gEfiDiskIoProtocolGuid
                0x000000000001f480                gEfiBlockIo2ProtocolGuid
                0x000000000001f490                gEfiBlockIoProtocolGuid
                0x000000000001f4a0                gEfiSimpleTextOutProtocolGuid
                0x000000000001f4b0                gEfiSimpleTextInProtocolGuid
                0x000000000001f4c0                gEfiLoadedImageProtocolGuid
                0x000000000001f4d0                gEfiDevicePathUtilitiesProtocolGuid
                0x000000000001f4e0                gEfiDevicePathFromTextProtocolGuid
                0x000000000001f4f0                gEfiDevicePathToTextProtocolGuid
                0x000000000001f500                gEfiDevicePathProtocolGuid
                0x000000000001f510                gEfiGlobalVariableGuid
                0x000000000001f520                EndInstanceDevicePath
                0x000000000001f524                EndDevicePath
                0x000000000001f528                RootDevicePath
                0x000000000001f52c                PoolAllocationType
 *fill*         0x000000000001f530       0x10 
 .data.rel.local
                0x000000000001f540       0x58 C:\Users\olusa\OneDrive\Documents\GitHub\BlockyOS\compile\toolchain\build\gnu-efi-4.0.4\x86_64\/lib/\libefi.a(data.o)
                0x000000000001f540                UnicodeInterface
                0x000000000001f560                LibStubUnicodeInterface
 .data          0x000000000001f598        0x0 C:\Users\olusa\OneDrive\Documents\GitHub\BlockyOS\compile\toolchain\build\gnu-efi-4.0.4\x86_64\/lib/\libefi.a(entry.o)
 .data          0x000000000001f598        0x0 C:\Users\olusa\OneDrive\Documents\GitHub\BlockyOS\compile\toolchain\build\gnu-efi-4.0.4\x86_64\/lib/\libefi.a(init.o)
 .data          0x000000000001f598        0x0 C:\Users\olusa\OneDrive\Documents\GitHub\BlockyOS\compile\toolchain\build\gnu-efi-4.0.4\x86_64\/lib/\libefi.a(misc.o)
 .data          0x000000000001f598        0x0 C:\Users\olusa\OneDrive\Documents\GitHub\BlockyOS\compile\toolchain\build\gnu-efi-4.0.4\x86_64\/lib/\libefi.a(str.o)
 .data          0x000000000001f598        0x0 C:\Users\olusa\OneDrive\Documents\GitHub\BlockyOS\compile\toolchain\build\gnu-efi-4.0.4\x86_64\/lib/\libefi.a(efirtlib.o)
 .data          0x000000000001f598        0x0 C:\Users\olusa\OneDrive\Documents\GitHub\BlockyOS\compile\toolchain\build\gnu-efi-4.0.4\x86_64\/lib/\libefi.a(rtstr.o)
 .data          0x000000000001f598        0x8 C:\Users\olusa\OneDrive\Documents\GitHub\BlockyOS\compile\toolchain\build\gnu-efi-4.0.4\x86_64\/lib/\libefi.a(rtdata.o)
                0x000000000001f598                EFIDebug
 .data          0x000000000001f5a0        0x0 C:\Users\olusa\OneDrive\Documents\GitHub\BlockyOS\compile\toolchain\build\gnu-efi-4.0.4\x86_64\/lib/\libefi.a(initplat.o)
 .data          0x000000000001f5a0        0x0 C:\Users\olusa\OneDrive\Documents\GitHub\BlockyOS\compile\toolchain\build\gnu-efi-4.0.4\x86_64\/lib/\libefi.a(print.o)
 .data          0x000000000001f5a0        0x0 C:\Users\olusa\OneDrive\Documents\GitHub\BlockyOS\compile\toolchain\build\gnu-efi-4.0.4\x86_64\/lib/\libefi.a(va_print.o)
 .data          0x000000000001f5a0        0x0 C:\Users\olusa\OneDrive\Documents\GitHub\BlockyOS\compile\toolchain\build\gnu-efi-4.0.4\x86_64\/lib/\libefi.a(efi_stub.o)
 .data          0x000000000001f5a0        0x0 C:\Users\olusa\OneDrive\Documents\GitHub\BlockyOS\compile\toolchain\build\gnu-efi-4.0.4\x86_64\/lib/\libefi.a(console.o)
 .data          0x000000000001f5a0        0x0 C:\Users\olusa\OneDrive\Documents\GitHub\BlockyOS\compile\toolchain\build\gnu-efi-4.0.4\x86_64\/lib/\libefi.a(dpath.o)
 .data.rel.local
                0x000000000001f5a0      0x1c0 C:\Users\olusa\OneDrive\Documents\GitHub\BlockyOS\compile\toolchain\build\gnu-efi-4.0.4\x86_64\/lib/\libefi.a(dpath.o)
                0x000000000001f5a0                DevPathTable
 .data          0x000000000001f760        0x0 C:\Users\olusa\OneDrive\Documents\GitHub\BlockyOS\compile\toolchain\build\gnu-efi-4.0.4\x86_64\/lib/\libefi.a(error.o)
 .data.rel.local
                0x000000000001f760      0x2a0 C:\Users\olusa\OneDrive\Documents\GitHub\BlockyOS\compile\toolchain\build\gnu-efi-4.0.4\x86_64\/lib/\libefi.a(error.o)
                0x000000000001f760                ErrorCodeTable
 .data          0x000000000001fa00        0x0 C:\Users\olusa\OneDrive\Documents\GitHub\BlockyOS\compile\toolchain\build\gnu-efi-4.0.4\x86_64\/lib/\libefi.a(event.o)
 .data          0x000000000001fa00       0x50 C:\Users\olusa\OneDrive\Documents\GitHub\BlockyOS\compile\toolchain\build\gnu-efi-4.0.4\x86_64\/lib/\libefi.a(guid.o)
 *fill*         0x000000000001fa50       0x10 
 .data.rel.ro.local
                0x000000000001fa60      0x2c0 C:\Users\olusa\OneDrive\Documents\GitHub\BlockyOS\compile\toolchain\build\gnu-efi-4.0.4\x86_64\/lib/\libefi.a(guid.o)
 .data          0x000000000001fd20        0x0 C:\Users\olusa\OneDrive\Documents\GitHub\BlockyOS\compile\toolchain\build\gnu-efi-4.0.4\x86_64\/lib/\libefi.a(hand.o)
 .data          0x000000000001fd20        0x0 C:\Users\olusa\OneDrive\Documents\GitHub\BlockyOS\compile\toolchain\build\gnu-efi-4.0.4\x86_64\/lib/\libefi.a(math.o)
 *(.sdata)
                0x000000000001fd20                . = ALIGN (0x10)
                0x000000000001fd20                __init_array_start = .
 *(SORT_BY_NAME(.init_array.*))
 *(.init_array)
                0x000000000001fd20                __init_array_end = .
                0x000000000001fd20                . = ALIGN (0x10)
                0x000000000001fd20                __CTOR_LIST__ = .
 *(SORT_BY_NAME(.ctors.*))
 *(.ctors)
                0x000000000001fd20                __CTOR_END__ = .
                0x000000000001fd20                . = ALIGN (0x10)
                0x000000000001fd20                __DTOR_LIST__ = .
 *(SORT_BY_NAME(.dtors.*))
 *(.dtors)
                0x000000000001fd20                __DTOR_END__ = .
                0x000000000001fd20                . = ALIGN (0x10)
                0x000000000001fd20                __fini_array_start = .
 *(SORT_BY_NAME(.fini_array.*))
 *(.fini_array)
                0x000000000001fd20                __fini_array_end = .
 *(.sbss)
 *(.scommon)
 *(.dynbss)
 *(.bss*)
 .bss           0x000000000001fd20        0x0 C:\Users\olusa\OneDrive\Documents\GitHub\BlockyOS\compile\toolchain\build\gnu-efi-4.0.4\x86_64\/lib/crt0-efi-x86_64.o
 .bss           0x000000000001fd20        0x0 C:\Users\olusa\OneDrive\Documents\GitHub\BlockyOS\compile\toolchain\build\gnu-efi-4.0.4\x86_64\/lib/reloc_x86_64.o
 .bss           0x000000000001fd20        0x0 C:\Users\olusa\OneDrive\Documents\GitHub\BlockyOS\Build\Build-2026-05-07-13\objs\UEFI.c.frat.o
 .bss           0x000000000001fd20        0x0 C:\Users\olusa\OneDrive\Documents\GitHub\BlockyOS\Build\Build-2026-05-07-13\objs\UEFI.c.raw.o
 .bss           0x000000000001fd20        0x0 C:\Users\olusa\OneDrive\Documents\GitHub\BlockyOS\Build\Build-2026-05-07-13\objs\UEFI.c.blake2b-ref.o
 .bss           0x000000000001fd20        0x0 C:\Users\olusa\OneDrive\Documents\GitHub\BlockyOS\Build\Build-2026-05-07-13\objs\UEFI.c.blake2bp-ref.o
 .bss           0x000000000001fd20        0x0 C:\Users\olusa\OneDrive\Documents\GitHub\BlockyOS\Build\Build-2026-05-07-13\objs\UEFI.c.blake2s-ref.o
 .bss           0x000000000001fd20        0x0 C:\Users\olusa\OneDrive\Documents\GitHub\BlockyOS\Build\Build-2026-05-07-13\objs\UEFI.c.blake2sp-ref.o
 .bss           0x000000000001fd20        0x0 C:\Users\olusa\OneDrive\Documents\GitHub\BlockyOS\Build\Build-2026-05-07-13\objs\UEFI.c.blake2xb-ref.o
 .bss           0x000000000001fd20        0x0 C:\Users\olusa\OneDrive\Documents\GitHub\BlockyOS\Build\Build-2026-05-07-13\objs\UEFI.c.blake2xs-ref.o
 .bss           0x000000000001fd20        0x0 C:\Users\olusa\OneDrive\Documents\GitHub\BlockyOS\Build\Build-2026-05-07-13\objs\UEFI.c.tools.o
 .bss           0x000000000001fd20        0x0 C:\Users\olusa\OneDrive\Documents\GitHub\BlockyOS\Build\Build-2026-05-07-13\objs\UEFI.c.boot.o
 .bss           0x000000000001fd20       0x29 C:\Users\olusa\OneDrive\Documents\GitHub\BlockyOS\compile\toolchain\build\gnu-efi-4.0.4\x86_64\/lib/\libefi.a(data.o)
                0x000000000001fd20                gZeroGuid
                0x000000000001fd30                BS
                0x000000000001fd38                ST
                0x000000000001fd40                LibImageHandle
                0x000000000001fd48                LibInitialized
 .bss           0x000000000001fd49        0x0 C:\Users\olusa\OneDrive\Documents\GitHub\BlockyOS\compile\toolchain\build\gnu-efi-4.0.4\x86_64\/lib/\libefi.a(entry.o)
 .bss           0x000000000001fd49        0x0 C:\Users\olusa\OneDrive\Documents\GitHub\BlockyOS\compile\toolchain\build\gnu-efi-4.0.4\x86_64\/lib/\libefi.a(init.o)
 .bss           0x000000000001fd49        0x0 C:\Users\olusa\OneDrive\Documents\GitHub\BlockyOS\compile\toolchain\build\gnu-efi-4.0.4\x86_64\/lib/\libefi.a(misc.o)
 .bss           0x000000000001fd49        0x0 C:\Users\olusa\OneDrive\Documents\GitHub\BlockyOS\compile\toolchain\build\gnu-efi-4.0.4\x86_64\/lib/\libefi.a(str.o)
 .bss           0x000000000001fd49        0x0 C:\Users\olusa\OneDrive\Documents\GitHub\BlockyOS\compile\toolchain\build\gnu-efi-4.0.4\x86_64\/lib/\libefi.a(efirtlib.o)
 .bss           0x000000000001fd49        0x0 C:\Users\olusa\OneDrive\Documents\GitHub\BlockyOS\compile\toolchain\build\gnu-efi-4.0.4\x86_64\/lib/\libefi.a(rtstr.o)
 *fill*         0x000000000001fd49        0x7 
 .bss           0x000000000001fd50       0x28 C:\Users\olusa\OneDrive\Documents\GitHub\BlockyOS\compile\toolchain\build\gnu-efi-4.0.4\x86_64\/lib/\libefi.a(rtdata.o)
                0x000000000001fd50                LibRuntimeRestoreTPL
                0x000000000001fd58                LibRuntimeRaiseTPL
                0x000000000001fd60                LibRuntimeDebugOut
                0x000000000001fd68                LibFwInstance
                0x000000000001fd70                RT
 .bss           0x000000000001fd78        0x0 C:\Users\olusa\OneDrive\Documents\GitHub\BlockyOS\compile\toolchain\build\gnu-efi-4.0.4\x86_64\/lib/\libefi.a(initplat.o)
 .bss           0x000000000001fd78        0x0 C:\Users\olusa\OneDrive\Documents\GitHub\BlockyOS\compile\toolchain\build\gnu-efi-4.0.4\x86_64\/lib/\libefi.a(print.o)
 .bss           0x000000000001fd78        0x0 C:\Users\olusa\OneDrive\Documents\GitHub\BlockyOS\compile\toolchain\build\gnu-efi-4.0.4\x86_64\/lib/\libefi.a(va_print.o)
 .bss           0x000000000001fd78        0x0 C:\Users\olusa\OneDrive\Documents\GitHub\BlockyOS\compile\toolchain\build\gnu-efi-4.0.4\x86_64\/lib/\libefi.a(efi_stub.o)
 .bss           0x000000000001fd78        0x0 C:\Users\olusa\OneDrive\Documents\GitHub\BlockyOS\compile\toolchain\build\gnu-efi-4.0.4\x86_64\/lib/\libefi.a(console.o)
 .bss           0x000000000001fd78        0x0 C:\Users\olusa\OneDrive\Documents\GitHub\BlockyOS\compile\toolchain\build\gnu-efi-4.0.4\x86_64\/lib/\libefi.a(dpath.o)
 .bss           0x000000000001fd78        0x0 C:\Users\olusa\OneDrive\Documents\GitHub\BlockyOS\compile\toolchain\build\gnu-efi-4.0.4\x86_64\/lib/\libefi.a(error.o)
 .bss           0x000000000001fd78        0x0 C:\Users\olusa\OneDrive\Documents\GitHub\BlockyOS\compile\toolchain\build\gnu-efi-4.0.4\x86_64\/lib/\libefi.a(event.o)
 *fill*         0x000000000001fd78        0x8 
 .bss           0x000000000001fd80       0x10 C:\Users\olusa\OneDrive\Documents\GitHub\BlockyOS\compile\toolchain\build\gnu-efi-4.0.4\x86_64\/lib/\libefi.a(guid.o)
                0x000000000001fd80                GuidList
 .bss           0x000000000001fd90        0x0 C:\Users\olusa\OneDrive\Documents\GitHub\BlockyOS\compile\toolchain\build\gnu-efi-4.0.4\x86_64\/lib/\libefi.a(hand.o)
 .bss           0x000000000001fd90        0x0 C:\Users\olusa\OneDrive\Documents\GitHub\BlockyOS\compile\toolchain\build\gnu-efi-4.0.4\x86_64\/lib/\libefi.a(math.o)
 *(COMMON)
 *(.rel.local)

.igot.plt       0x000000000001fd90        0x0
 .igot.plt      0x000000000001fd90        0x0 C:\Users\olusa\OneDrive\Documents\GitHub\BlockyOS\compile\toolchain\build\gnu-efi-4.0.4\x86_64\/lib/crt0-efi-x86_64.o

.note.gnu.build-id
 *(.note.gnu.build-id)
                0x000000000001fd90                _edata = .
                0x00000000000019c0                _data_size = (_edata - _etext)
                0x0000000000020000                . = ALIGN (0x1000)

.reloc          0x0000000000020000        0xc
 *(.reloc)
 .reloc         0x0000000000020000        0xc C:\Users\olusa\OneDrive\Documents\GitHub\BlockyOS\compile\toolchain\build\gnu-efi-4.0.4\x86_64\/lib/crt0-efi-x86_64.o
                0x0000000000021000                . = ALIGN (0x1000)
                0x0000000000021000                _DYNAMIC = .

.dynamic
 *(.dynamic)
                0x0000000000021000                . = ALIGN (0x1000)

.rela           0x0000000000021000        0x0
 *(.rela.text*)
 .rela.text     0x0000000000021000        0x0 C:\Users\olusa\OneDrive\Documents\GitHub\BlockyOS\compile\toolchain\build\gnu-efi-4.0.4\x86_64\/lib/crt0-efi-x86_64.o
 *(.rela.data*)
 *(.rela.got)
 .rela.got      0x0000000000021000        0x0 C:\Users\olusa\OneDrive\Documents\GitHub\BlockyOS\compile\toolchain\build\gnu-efi-4.0.4\x86_64\/lib/crt0-efi-x86_64.o
 *(.rela.dyn)
 *(.rela.stab)
 *(.rela.init_array*)
 *(.rela.fini_array*)
 *(.rela.ctors*)
 *(.rela.dtors*)
                0x0000000000021000                . = ALIGN (0x1000)

.rela.plt
 *(.rela.plt)
                0x0000000000021000                . = ALIGN (0x1000)

.rodata         0x0000000000021000     0x2000
 *(.rodata*)
 .rodata        0x0000000000021000      0x974 C:\Users\olusa\OneDrive\Documents\GitHub\BlockyOS\Build\Build-2026-05-07-13\objs\UEFI.c.frat.o
 *fill*         0x0000000000021974        0x4 
 .rodata        0x0000000000021978      0x11c C:\Users\olusa\OneDrive\Documents\GitHub\BlockyOS\Build\Build-2026-05-07-13\objs\UEFI.c.raw.o
 *fill*         0x0000000000021a94        0xc 
 .rodata        0x0000000000021aa0      0x100 C:\Users\olusa\OneDrive\Documents\GitHub\BlockyOS\Build\Build-2026-05-07-13\objs\UEFI.c.blake2b-ref.o
 .rodata        0x0000000000021ba0       0xc0 C:\Users\olusa\OneDrive\Documents\GitHub\BlockyOS\Build\Build-2026-05-07-13\objs\UEFI.c.blake2s-ref.o
 .rodata        0x0000000000021c60       0xc8 C:\Users\olusa\OneDrive\Documents\GitHub\BlockyOS\Build\Build-2026-05-07-13\objs\UEFI.c.tools.o
 .rodata        0x0000000000021d28       0x94 C:\Users\olusa\OneDrive\Documents\GitHub\BlockyOS\Build\Build-2026-05-07-13\objs\UEFI.c.boot.o
 .rodata        0x0000000000021dbc       0x1c C:\Users\olusa\OneDrive\Documents\GitHub\BlockyOS\compile\toolchain\build\gnu-efi-4.0.4\x86_64\/lib/\libefi.a(init.o)
 .rodata        0x0000000000021dd8       0x14 C:\Users\olusa\OneDrive\Documents\GitHub\BlockyOS\compile\toolchain\build\gnu-efi-4.0.4\x86_64\/lib/\libefi.a(misc.o)
 *fill*         0x0000000000021dec        0x4 
 .rodata        0x0000000000021df0      0x250 C:\Users\olusa\OneDrive\Documents\GitHub\BlockyOS\compile\toolchain\build\gnu-efi-4.0.4\x86_64\/lib/\libefi.a(print.o)
 .rodata        0x0000000000022040      0x180 C:\Users\olusa\OneDrive\Documents\GitHub\BlockyOS\compile\toolchain\build\gnu-efi-4.0.4\x86_64\/lib/\libefi.a(va_print.o)
 .rodata        0x00000000000221c0        0x8 C:\Users\olusa\OneDrive\Documents\GitHub\BlockyOS\compile\toolchain\build\gnu-efi-4.0.4\x86_64\/lib/\libefi.a(console.o)
 .rodata        0x00000000000221c8      0x628 C:\Users\olusa\OneDrive\Documents\GitHub\BlockyOS\compile\toolchain\build\gnu-efi-4.0.4\x86_64\/lib/\libefi.a(dpath.o)
 .rodata        0x00000000000227f0      0x516 C:\Users\olusa\OneDrive\Documents\GitHub\BlockyOS\compile\toolchain\build\gnu-efi-4.0.4\x86_64\/lib/\libefi.a(error.o)
 *fill*         0x0000000000022d06        0x2 
 .rodata        0x0000000000022d08      0x2f8 C:\Users\olusa\OneDrive\Documents\GitHub\BlockyOS\compile\toolchain\build\gnu-efi-4.0.4\x86_64\/lib/\libefi.a(guid.o)
                0x0000000000023000                . = ALIGN (0x1000)

.dynsym
 *(.dynsym)
                0x0000000000023000                . = ALIGN (0x1000)

.dynstr
 *(.dynstr)
                0x0000000000023000                . = ALIGN (0x1000)

.ignored.reloc  0x0000000000023000        0x0
 *(.rela.reloc)
 *(.note.GNU-stack)
 .note.GNU-stack
                0x0000000000023000        0x0 C:\Users\olusa\OneDrive\Documents\GitHub\BlockyOS\compile\toolchain\build\gnu-efi-4.0.4\x86_64\/lib/crt0-efi-x86_64.o
 .note.GNU-stack
                0x0000000000023000        0x0 C:\Users\olusa\OneDrive\Documents\GitHub\BlockyOS\compile\toolchain\build\gnu-efi-4.0.4\x86_64\/lib/reloc_x86_64.o
 .note.GNU-stack
                0x0000000000023000        0x0 C:\Users\olusa\OneDrive\Documents\GitHub\BlockyOS\compile\toolchain\build\gnu-efi-4.0.4\x86_64\/lib/\libefi.a(data.o)
 .note.GNU-stack
                0x0000000000023000        0x0 C:\Users\olusa\OneDrive\Documents\GitHub\BlockyOS\compile\toolchain\build\gnu-efi-4.0.4\x86_64\/lib/\libefi.a(entry.o)
 .note.GNU-stack
                0x0000000000023000        0x0 C:\Users\olusa\OneDrive\Documents\GitHub\BlockyOS\compile\toolchain\build\gnu-efi-4.0.4\x86_64\/lib/\libefi.a(init.o)
 .note.GNU-stack
                0x0000000000023000        0x0 C:\Users\olusa\OneDrive\Documents\GitHub\BlockyOS\compile\toolchain\build\gnu-efi-4.0.4\x86_64\/lib/\libefi.a(misc.o)
 .note.GNU-stack
                0x0000000000023000        0x0 C:\Users\olusa\OneDrive\Documents\GitHub\BlockyOS\compile\toolchain\build\gnu-efi-4.0.4\x86_64\/lib/\libefi.a(str.o)
 .note.GNU-stack
                0x0000000000023000        0x0 C:\Users\olusa\OneDrive\Documents\GitHub\BlockyOS\compile\toolchain\build\gnu-efi-4.0.4\x86_64\/lib/\libefi.a(efirtlib.o)
 .note.GNU-stack
                0x0000000000023000        0x0 C:\Users\olusa\OneDrive\Documents\GitHub\BlockyOS\compile\toolchain\build\gnu-efi-4.0.4\x86_64\/lib/\libefi.a(rtstr.o)
 .note.GNU-stack
                0x0000000000023000        0x0 C:\Users\olusa\OneDrive\Documents\GitHub\BlockyOS\compile\toolchain\build\gnu-efi-4.0.4\x86_64\/lib/\libefi.a(rtdata.o)
 .note.GNU-stack
                0x0000000000023000        0x0 C:\Users\olusa\OneDrive\Documents\GitHub\BlockyOS\compile\toolchain\build\gnu-efi-4.0.4\x86_64\/lib/\libefi.a(initplat.o)
 .note.GNU-stack
                0x0000000000023000        0x0 C:\Users\olusa\OneDrive\Documents\GitHub\BlockyOS\compile\toolchain\build\gnu-efi-4.0.4\x86_64\/lib/\libefi.a(print.o)
 .note.GNU-stack
                0x0000000000023000        0x0 C:\Users\olusa\OneDrive\Documents\GitHub\BlockyOS\compile\toolchain\build\gnu-efi-4.0.4\x86_64\/lib/\libefi.a(va_print.o)
 .note.GNU-stack
                0x0000000000023000        0x0 C:\Users\olusa\OneDrive\Documents\GitHub\BlockyOS\compile\toolchain\build\gnu-efi-4.0.4\x86_64\/lib/\libefi.a(efi_stub.o)
 .note.GNU-stack
                0x0000000000023000        0x0 C:\Users\olusa\OneDrive\Documents\GitHub\BlockyOS\compile\toolchain\build\gnu-efi-4.0.4\x86_64\/lib/\libefi.a(console.o)
 .note.GNU-stack
                0x0000000000023000        0x0 C:\Users\olusa\OneDrive\Documents\GitHub\BlockyOS\compile\toolchain\build\gnu-efi-4.0.4\x86_64\/lib/\libefi.a(dpath.o)
 .note.GNU-stack
                0x0000000000023000        0x0 C:\Users\olusa\OneDrive\Documents\GitHub\BlockyOS\compile\toolchain\build\gnu-efi-4.0.4\x86_64\/lib/\libefi.a(error.o)
 .note.GNU-stack
                0x0000000000023000        0x0 C:\Users\olusa\OneDrive\Documents\GitHub\BlockyOS\compile\toolchain\build\gnu-efi-4.0.4\x86_64\/lib/\libefi.a(event.o)
 .note.GNU-stack
                0x0000000000023000        0x0 C:\Users\olusa\OneDrive\Documents\GitHub\BlockyOS\compile\toolchain\build\gnu-efi-4.0.4\x86_64\/lib/\libefi.a(guid.o)
 .note.GNU-stack
                0x0000000000023000        0x0 C:\Users\olusa\OneDrive\Documents\GitHub\BlockyOS\compile\toolchain\build\gnu-efi-4.0.4\x86_64\/lib/\libefi.a(hand.o)
 .note.GNU-stack
                0x0000000000023000        0x0 C:\Users\olusa\OneDrive\Documents\GitHub\BlockyOS\compile\toolchain\build\gnu-efi-4.0.4\x86_64\/lib/\libefi.a(math.o)

.comment        0x0000000000000000       0x31
 *(.comment)
 .comment       0x0000000000000000       0x31 C:\Users\olusa\OneDrive\Documents\GitHub\BlockyOS\compile\toolchain\build\gnu-efi-4.0.4\x86_64\/lib/reloc_x86_64.o
                                         0x20 (size before relaxing)
 .comment       0x0000000000000031        0x0 C:\Users\olusa\OneDrive\Documents\GitHub\BlockyOS\Build\Build-2026-05-07-13\objs\UEFI.c.frat.o
                                         0x13 (size before relaxing)
 .comment       0x0000000000000031        0x0 C:\Users\olusa\OneDrive\Documents\GitHub\BlockyOS\Build\Build-2026-05-07-13\objs\UEFI.c.raw.o
                                         0x13 (size before relaxing)
 .comment       0x0000000000000031        0x0 C:\Users\olusa\OneDrive\Documents\GitHub\BlockyOS\Build\Build-2026-05-07-13\objs\UEFI.c.blake2b-ref.o
                                         0x13 (size before relaxing)
 .comment       0x0000000000000031        0x0 C:\Users\olusa\OneDrive\Documents\GitHub\BlockyOS\Build\Build-2026-05-07-13\objs\UEFI.c.blake2bp-ref.o
                                         0x13 (size before relaxing)
 .comment       0x0000000000000031        0x0 C:\Users\olusa\OneDrive\Documents\GitHub\BlockyOS\Build\Build-2026-05-07-13\objs\UEFI.c.blake2s-ref.o
                                         0x13 (size before relaxing)
 .comment       0x0000000000000031        0x0 C:\Users\olusa\OneDrive\Documents\GitHub\BlockyOS\Build\Build-2026-05-07-13\objs\UEFI.c.blake2sp-ref.o
                                         0x13 (size before relaxing)
 .comment       0x0000000000000031        0x0 C:\Users\olusa\OneDrive\Documents\GitHub\BlockyOS\Build\Build-2026-05-07-13\objs\UEFI.c.blake2xb-ref.o
                                         0x13 (size before relaxing)
 .comment       0x0000000000000031        0x0 C:\Users\olusa\OneDrive\Documents\GitHub\BlockyOS\Build\Build-2026-05-07-13\objs\UEFI.c.blake2xs-ref.o
                                         0x13 (size before relaxing)
 .comment       0x0000000000000031        0x0 C:\Users\olusa\OneDrive\Documents\GitHub\BlockyOS\Build\Build-2026-05-07-13\objs\UEFI.c.tools.o
                                         0x13 (size before relaxing)
 .comment       0x0000000000000031        0x0 C:\Users\olusa\OneDrive\Documents\GitHub\BlockyOS\Build\Build-2026-05-07-13\objs\UEFI.c.boot.o
                                         0x13 (size before relaxing)
 .comment       0x0000000000000031        0x0 C:\Users\olusa\OneDrive\Documents\GitHub\BlockyOS\compile\toolchain\build\gnu-efi-4.0.4\x86_64\/lib/\libefi.a(data.o)
                                         0x20 (size before relaxing)
 .comment       0x0000000000000031        0x0 C:\Users\olusa\OneDrive\Documents\GitHub\BlockyOS\compile\toolchain\build\gnu-efi-4.0.4\x86_64\/lib/\libefi.a(entry.o)
                                         0x20 (size before relaxing)
 .comment       0x0000000000000031        0x0 C:\Users\olusa\OneDrive\Documents\GitHub\BlockyOS\compile\toolchain\build\gnu-efi-4.0.4\x86_64\/lib/\libefi.a(init.o)
                                         0x20 (size before relaxing)
 .comment       0x0000000000000031        0x0 C:\Users\olusa\OneDrive\Documents\GitHub\BlockyOS\compile\toolchain\build\gnu-efi-4.0.4\x86_64\/lib/\libefi.a(misc.o)
                                         0x20 (size before relaxing)
 .comment       0x0000000000000031        0x0 C:\Users\olusa\OneDrive\Documents\GitHub\BlockyOS\compile\toolchain\build\gnu-efi-4.0.4\x86_64\/lib/\libefi.a(str.o)
                                         0x20 (size before relaxing)
 .comment       0x0000000000000031        0x0 C:\Users\olusa\OneDrive\Documents\GitHub\BlockyOS\compile\toolchain\build\gnu-efi-4.0.4\x86_64\/lib/\libefi.a(efirtlib.o)
                                         0x20 (size before relaxing)
 .comment       0x0000000000000031        0x0 C:\Users\olusa\OneDrive\Documents\GitHub\BlockyOS\compile\toolchain\build\gnu-efi-4.0.4\x86_64\/lib/\libefi.a(rtstr.o)
                                         0x20 (size before relaxing)
 .comment       0x0000000000000031        0x0 C:\Users\olusa\OneDrive\Documents\GitHub\BlockyOS\compile\toolchain\build\gnu-efi-4.0.4\x86_64\/lib/\libefi.a(rtdata.o)
                                         0x20 (size before relaxing)
 .comment       0x0000000000000031        0x0 C:\Users\olusa\OneDrive\Documents\GitHub\BlockyOS\compile\toolchain\build\gnu-efi-4.0.4\x86_64\/lib/\libefi.a(initplat.o)
                                         0x20 (size before relaxing)
 .comment       0x0000000000000031        0x0 C:\Users\olusa\OneDrive\Documents\GitHub\BlockyOS\compile\toolchain\build\gnu-efi-4.0.4\x86_64\/lib/\libefi.a(print.o)
                                         0x20 (size before relaxing)
 .comment       0x0000000000000031        0x0 C:\Users\olusa\OneDrive\Documents\GitHub\BlockyOS\compile\toolchain\build\gnu-efi-4.0.4\x86_64\/lib/\libefi.a(va_print.o)
                                         0x20 (size before relaxing)
 .comment       0x0000000000000031        0x0 C:\Users\olusa\OneDrive\Documents\GitHub\BlockyOS\compile\toolchain\build\gnu-efi-4.0.4\x86_64\/lib/\libefi.a(console.o)
                                         0x20 (size before relaxing)
 .comment       0x0000000000000031        0x0 C:\Users\olusa\OneDrive\Documents\GitHub\BlockyOS\compile\toolchain\build\gnu-efi-4.0.4\x86_64\/lib/\libefi.a(dpath.o)
                                         0x20 (size before relaxing)
 .comment       0x0000000000000031        0x0 C:\Users\olusa\OneDrive\Documents\GitHub\BlockyOS\compile\toolchain\build\gnu-efi-4.0.4\x86_64\/lib/\libefi.a(error.o)
                                         0x20 (size before relaxing)
 .comment       0x0000000000000031        0x0 C:\Users\olusa\OneDrive\Documents\GitHub\BlockyOS\compile\toolchain\build\gnu-efi-4.0.4\x86_64\/lib/\libefi.a(event.o)
                                         0x20 (size before relaxing)
 .comment       0x0000000000000031        0x0 C:\Users\olusa\OneDrive\Documents\GitHub\BlockyOS\compile\toolchain\build\gnu-efi-4.0.4\x86_64\/lib/\libefi.a(guid.o)
                                         0x20 (size before relaxing)
 .comment       0x0000000000000031        0x0 C:\Users\olusa\OneDrive\Documents\GitHub\BlockyOS\compile\toolchain\build\gnu-efi-4.0.4\x86_64\/lib/\libefi.a(hand.o)
                                         0x20 (size before relaxing)
 .comment       0x0000000000000031        0x0 C:\Users\olusa\OneDrive\Documents\GitHub\BlockyOS\compile\toolchain\build\gnu-efi-4.0.4\x86_64\/lib/\libefi.a(math.o)
                                         0x20 (size before relaxing)
LOAD C:\Users\olusa\OneDrive\Documents\GitHub\BlockyOS\compile\toolchain\build\gnu-efi-4.0.4\x86_64\/lib/crt0-efi-x86_64.o
LOAD C:\Users\olusa\OneDrive\Documents\GitHub\BlockyOS\compile\toolchain\build\gnu-efi-4.0.4\x86_64\/lib/reloc_x86_64.o
LOAD C:\Users\olusa\OneDrive\Documents\GitHub\BlockyOS\Build\Build-2026-05-07-13\objs\UEFI.c.frat.o
LOAD C:\Users\olusa\OneDrive\Documents\GitHub\BlockyOS\Build\Build-2026-05-07-13\objs\UEFI.c.raw.o
LOAD C:\Users\olusa\OneDrive\Documents\GitHub\BlockyOS\Build\Build-2026-05-07-13\objs\UEFI.c.blake2b-ref.o
LOAD C:\Users\olusa\OneDrive\Documents\GitHub\BlockyOS\Build\Build-2026-05-07-13\objs\UEFI.c.blake2bp-ref.o
LOAD C:\Users\olusa\OneDrive\Documents\GitHub\BlockyOS\Build\Build-2026-05-07-13\objs\UEFI.c.blake2s-ref.o
LOAD C:\Users\olusa\OneDrive\Documents\GitHub\BlockyOS\Build\Build-2026-05-07-13\objs\UEFI.c.blake2sp-ref.o
LOAD C:\Users\olusa\OneDrive\Documents\GitHub\BlockyOS\Build\Build-2026-05-07-13\objs\UEFI.c.blake2xb-ref.o
LOAD C:\Users\olusa\OneDrive\Documents\GitHub\BlockyOS\Build\Build-2026-05-07-13\objs\UEFI.c.blake2xs-ref.o
LOAD C:\Users\olusa\OneDrive\Documents\GitHub\BlockyOS\Build\Build-2026-05-07-13\objs\UEFI.c.tools.o
LOAD C:\Users\olusa\OneDrive\Documents\GitHub\BlockyOS\Build\Build-2026-05-07-13\objs\UEFI.c.boot.o
LOAD C:\Users\olusa\OneDrive\Documents\GitHub\BlockyOS\compile\toolchain\build\gnu-efi-4.0.4\x86_64\/lib/\libefi.a
LOAD C:\Users\olusa\OneDrive\Documents\GitHub\BlockyOS\compile\toolchain\build\gnu-efi-4.0.4\x86_64\/lib/\libgnuefi.a
OUTPUT(C:\Users\olusa\OneDrive\Documents\GitHub\BlockyOS\Build\Build-2026-05-07-13\objs\blob.so elf64-x86-64)

.debug_line     0x0000000000000000     0x6297
 .debug_line    0x0000000000000000       0x5b C:\Users\olusa\OneDrive\Documents\GitHub\BlockyOS\compile\toolchain\build\gnu-efi-4.0.4\x86_64\/lib/crt0-efi-x86_64.o
 .debug_line    0x000000000000005b      0x178 C:\Users\olusa\OneDrive\Documents\GitHub\BlockyOS\compile\toolchain\build\gnu-efi-4.0.4\x86_64\/lib/reloc_x86_64.o
 .debug_line    0x00000000000001d3       0x73 C:\Users\olusa\OneDrive\Documents\GitHub\BlockyOS\compile\toolchain\build\gnu-efi-4.0.4\x86_64\/lib/\libefi.a(data.o)
 .debug_line    0x0000000000000246      0x1dc C:\Users\olusa\OneDrive\Documents\GitHub\BlockyOS\compile\toolchain\build\gnu-efi-4.0.4\x86_64\/lib/\libefi.a(entry.o)
 .debug_line    0x0000000000000422      0x2d2 C:\Users\olusa\OneDrive\Documents\GitHub\BlockyOS\compile\toolchain\build\gnu-efi-4.0.4\x86_64\/lib/\libefi.a(init.o)
 .debug_line    0x00000000000006f4      0x9f9 C:\Users\olusa\OneDrive\Documents\GitHub\BlockyOS\compile\toolchain\build\gnu-efi-4.0.4\x86_64\/lib/\libefi.a(misc.o)
 .debug_line    0x00000000000010ed      0x592 C:\Users\olusa\OneDrive\Documents\GitHub\BlockyOS\compile\toolchain\build\gnu-efi-4.0.4\x86_64\/lib/\libefi.a(str.o)
 .debug_line    0x000000000000167f      0x1fb C:\Users\olusa\OneDrive\Documents\GitHub\BlockyOS\compile\toolchain\build\gnu-efi-4.0.4\x86_64\/lib/\libefi.a(efirtlib.o)
 .debug_line    0x000000000000187a      0x447 C:\Users\olusa\OneDrive\Documents\GitHub\BlockyOS\compile\toolchain\build\gnu-efi-4.0.4\x86_64\/lib/\libefi.a(rtstr.o)
 .debug_line    0x0000000000001cc1       0x6e C:\Users\olusa\OneDrive\Documents\GitHub\BlockyOS\compile\toolchain\build\gnu-efi-4.0.4\x86_64\/lib/\libefi.a(rtdata.o)
 .debug_line    0x0000000000001d2f       0x7f C:\Users\olusa\OneDrive\Documents\GitHub\BlockyOS\compile\toolchain\build\gnu-efi-4.0.4\x86_64\/lib/\libefi.a(initplat.o)
 .debug_line    0x0000000000001dae     0x15c6 C:\Users\olusa\OneDrive\Documents\GitHub\BlockyOS\compile\toolchain\build\gnu-efi-4.0.4\x86_64\/lib/\libefi.a(print.o)
 .debug_line    0x0000000000003374      0xf43 C:\Users\olusa\OneDrive\Documents\GitHub\BlockyOS\compile\toolchain\build\gnu-efi-4.0.4\x86_64\/lib/\libefi.a(va_print.o)
 .debug_line    0x00000000000042b7       0xb5 C:\Users\olusa\OneDrive\Documents\GitHub\BlockyOS\compile\toolchain\build\gnu-efi-4.0.4\x86_64\/lib/\libefi.a(efi_stub.o)
 .debug_line    0x000000000000436c      0x151 C:\Users\olusa\OneDrive\Documents\GitHub\BlockyOS\compile\toolchain\build\gnu-efi-4.0.4\x86_64\/lib/\libefi.a(console.o)
 .debug_line    0x00000000000044bd     0x10ca C:\Users\olusa\OneDrive\Documents\GitHub\BlockyOS\compile\toolchain\build\gnu-efi-4.0.4\x86_64\/lib/\libefi.a(dpath.o)
 .debug_line    0x0000000000005587       0xbf C:\Users\olusa\OneDrive\Documents\GitHub\BlockyOS\compile\toolchain\build\gnu-efi-4.0.4\x86_64\/lib/\libefi.a(error.o)
 .debug_line    0x0000000000005646      0x1c7 C:\Users\olusa\OneDrive\Documents\GitHub\BlockyOS\compile\toolchain\build\gnu-efi-4.0.4\x86_64\/lib/\libefi.a(event.o)
 .debug_line    0x000000000000580d      0x145 C:\Users\olusa\OneDrive\Documents\GitHub\BlockyOS\compile\toolchain\build\gnu-efi-4.0.4\x86_64\/lib/\libefi.a(guid.o)
 .debug_line    0x0000000000005952      0x893 C:\Users\olusa\OneDrive\Documents\GitHub\BlockyOS\compile\toolchain\build\gnu-efi-4.0.4\x86_64\/lib/\libefi.a(hand.o)
 .debug_line    0x00000000000061e5       0xb2 C:\Users\olusa\OneDrive\Documents\GitHub\BlockyOS\compile\toolchain\build\gnu-efi-4.0.4\x86_64\/lib/\libefi.a(math.o)

.debug_line_str
                0x0000000000000000      0xc00
 .debug_line_str
                0x0000000000000000      0xc00 C:\Users\olusa\OneDrive\Documents\GitHub\BlockyOS\compile\toolchain\build\gnu-efi-4.0.4\x86_64\/lib/crt0-efi-x86_64.o
                                         0xd4 (size before relaxing)
 .debug_line_str
                0x0000000000000c00        0x0 C:\Users\olusa\OneDrive\Documents\GitHub\BlockyOS\compile\toolchain\build\gnu-efi-4.0.4\x86_64\/lib/reloc_x86_64.o
                                        0x2ee (size before relaxing)
 .debug_line_str
                0x0000000000000c00        0x0 C:\Users\olusa\OneDrive\Documents\GitHub\BlockyOS\compile\toolchain\build\gnu-efi-4.0.4\x86_64\/lib/\libefi.a(data.o)
                                        0x2c6 (size before relaxing)
 .debug_line_str
                0x0000000000000c00        0x0 C:\Users\olusa\OneDrive\Documents\GitHub\BlockyOS\compile\toolchain\build\gnu-efi-4.0.4\x86_64\/lib/\libefi.a(entry.o)
                                        0x2cc (size before relaxing)
 .debug_line_str
                0x0000000000000c00        0x0 C:\Users\olusa\OneDrive\Documents\GitHub\BlockyOS\compile\toolchain\build\gnu-efi-4.0.4\x86_64\/lib/\libefi.a(init.o)
                                        0x2de (size before relaxing)
 .debug_line_str
                0x0000000000000c00        0x0 C:\Users\olusa\OneDrive\Documents\GitHub\BlockyOS\compile\toolchain\build\gnu-efi-4.0.4\x86_64\/lib/\libefi.a(misc.o)
                                        0x2dd (size before relaxing)
 .debug_line_str
                0x0000000000000c00        0x0 C:\Users\olusa\OneDrive\Documents\GitHub\BlockyOS\compile\toolchain\build\gnu-efi-4.0.4\x86_64\/lib/\libefi.a(str.o)
                                        0x2b2 (size before relaxing)
 .debug_line_str
                0x0000000000000c00        0x0 C:\Users\olusa\OneDrive\Documents\GitHub\BlockyOS\compile\toolchain\build\gnu-efi-4.0.4\x86_64\/lib/\libefi.a(efirtlib.o)
                                        0x2b6 (size before relaxing)
 .debug_line_str
                0x0000000000000c00        0x0 C:\Users\olusa\OneDrive\Documents\GitHub\BlockyOS\compile\toolchain\build\gnu-efi-4.0.4\x86_64\/lib/\libefi.a(rtstr.o)
                                        0x2a6 (size before relaxing)
 .debug_line_str
                0x0000000000000c00        0x0 C:\Users\olusa\OneDrive\Documents\GitHub\BlockyOS\compile\toolchain\build\gnu-efi-4.0.4\x86_64\/lib/\libefi.a(rtdata.o)
                                        0x2d3 (size before relaxing)
 .debug_line_str
                0x0000000000000c00        0x0 C:\Users\olusa\OneDrive\Documents\GitHub\BlockyOS\compile\toolchain\build\gnu-efi-4.0.4\x86_64\/lib/\libefi.a(initplat.o)
                                        0x2d1 (size before relaxing)
 .debug_line_str
                0x0000000000000c00        0x0 C:\Users\olusa\OneDrive\Documents\GitHub\BlockyOS\compile\toolchain\build\gnu-efi-4.0.4\x86_64\/lib/\libefi.a(print.o)
                                        0x361 (size before relaxing)
 .debug_line_str
                0x0000000000000c00        0x0 C:\Users\olusa\OneDrive\Documents\GitHub\BlockyOS\compile\toolchain\build\gnu-efi-4.0.4\x86_64\/lib/\libefi.a(va_print.o)
                                        0x359 (size before relaxing)
 .debug_line_str
                0x0000000000000c00        0x0 C:\Users\olusa\OneDrive\Documents\GitHub\BlockyOS\compile\toolchain\build\gnu-efi-4.0.4\x86_64\/lib/\libefi.a(efi_stub.o)
                                         0xce (size before relaxing)
 .debug_line_str
                0x0000000000000c00        0x0 C:\Users\olusa\OneDrive\Documents\GitHub\BlockyOS\compile\toolchain\build\gnu-efi-4.0.4\x86_64\/lib/\libefi.a(console.o)
                                        0x2c9 (size before relaxing)
 .debug_line_str
                0x0000000000000c00        0x0 C:\Users\olusa\OneDrive\Documents\GitHub\BlockyOS\compile\toolchain\build\gnu-efi-4.0.4\x86_64\/lib/\libefi.a(dpath.o)
                                        0x2ba (size before relaxing)
 .debug_line_str
                0x0000000000000c00        0x0 C:\Users\olusa\OneDrive\Documents\GitHub\BlockyOS\compile\toolchain\build\gnu-efi-4.0.4\x86_64\/lib/\libefi.a(error.o)
                                        0x29d (size before relaxing)
 .debug_line_str
                0x0000000000000c00        0x0 C:\Users\olusa\OneDrive\Documents\GitHub\BlockyOS\compile\toolchain\build\gnu-efi-4.0.4\x86_64\/lib/\libefi.a(event.o)
                                        0x2c3 (size before relaxing)
 .debug_line_str
                0x0000000000000c00        0x0 C:\Users\olusa\OneDrive\Documents\GitHub\BlockyOS\compile\toolchain\build\gnu-efi-4.0.4\x86_64\/lib/\libefi.a(guid.o)
                                        0x2af (size before relaxing)
 .debug_line_str
                0x0000000000000c00        0x0 C:\Users\olusa\OneDrive\Documents\GitHub\BlockyOS\compile\toolchain\build\gnu-efi-4.0.4\x86_64\/lib/\libefi.a(hand.o)
                                        0x2ce (size before relaxing)
 .debug_line_str
                0x0000000000000c00        0x0 C:\Users\olusa\OneDrive\Documents\GitHub\BlockyOS\compile\toolchain\build\gnu-efi-4.0.4\x86_64\/lib/\libefi.a(math.o)
                                        0x23c (size before relaxing)

.debug_info     0x0000000000000000    0x1e1b0
 .debug_info    0x0000000000000000       0x28 C:\Users\olusa\OneDrive\Documents\GitHub\BlockyOS\compile\toolchain\build\gnu-efi-4.0.4\x86_64\/lib/crt0-efi-x86_64.o
 .debug_info    0x0000000000000028     0x18f6 C:\Users\olusa\OneDrive\Documents\GitHub\BlockyOS\compile\toolchain\build\gnu-efi-4.0.4\x86_64\/lib/reloc_x86_64.o
 .debug_info    0x000000000000191e     0x2329 C:\Users\olusa\OneDrive\Documents\GitHub\BlockyOS\compile\toolchain\build\gnu-efi-4.0.4\x86_64\/lib/\libefi.a(data.o)
 .debug_info    0x0000000000003c47     0x1ad8 C:\Users\olusa\OneDrive\Documents\GitHub\BlockyOS\compile\toolchain\build\gnu-efi-4.0.4\x86_64\/lib/\libefi.a(entry.o)
 .debug_info    0x000000000000571f     0x1f35 C:\Users\olusa\OneDrive\Documents\GitHub\BlockyOS\compile\toolchain\build\gnu-efi-4.0.4\x86_64\/lib/\libefi.a(init.o)
 .debug_info    0x0000000000007654     0x2f7c C:\Users\olusa\OneDrive\Documents\GitHub\BlockyOS\compile\toolchain\build\gnu-efi-4.0.4\x86_64\/lib/\libefi.a(misc.o)
 .debug_info    0x000000000000a5d0      0xdb9 C:\Users\olusa\OneDrive\Documents\GitHub\BlockyOS\compile\toolchain\build\gnu-efi-4.0.4\x86_64\/lib/\libefi.a(str.o)
 .debug_info    0x000000000000b389      0x4fe C:\Users\olusa\OneDrive\Documents\GitHub\BlockyOS\compile\toolchain\build\gnu-efi-4.0.4\x86_64\/lib/\libefi.a(efirtlib.o)
 .debug_info    0x000000000000b887      0x752 C:\Users\olusa\OneDrive\Documents\GitHub\BlockyOS\compile\toolchain\build\gnu-efi-4.0.4\x86_64\/lib/\libefi.a(rtstr.o)
 .debug_info    0x000000000000bfd9      0xa44 C:\Users\olusa\OneDrive\Documents\GitHub\BlockyOS\compile\toolchain\build\gnu-efi-4.0.4\x86_64\/lib/\libefi.a(rtdata.o)
 .debug_info    0x000000000000ca1d     0x1789 C:\Users\olusa\OneDrive\Documents\GitHub\BlockyOS\compile\toolchain\build\gnu-efi-4.0.4\x86_64\/lib/\libefi.a(initplat.o)
 .debug_info    0x000000000000e1a6     0x380c C:\Users\olusa\OneDrive\Documents\GitHub\BlockyOS\compile\toolchain\build\gnu-efi-4.0.4\x86_64\/lib/\libefi.a(print.o)
 .debug_info    0x00000000000119b2     0x2bf8 C:\Users\olusa\OneDrive\Documents\GitHub\BlockyOS\compile\toolchain\build\gnu-efi-4.0.4\x86_64\/lib/\libefi.a(va_print.o)
 .debug_info    0x00000000000145aa       0x29 C:\Users\olusa\OneDrive\Documents\GitHub\BlockyOS\compile\toolchain\build\gnu-efi-4.0.4\x86_64\/lib/\libefi.a(efi_stub.o)
 .debug_info    0x00000000000145d3     0x1988 C:\Users\olusa\OneDrive\Documents\GitHub\BlockyOS\compile\toolchain\build\gnu-efi-4.0.4\x86_64\/lib/\libefi.a(console.o)
 .debug_info    0x0000000000015f5b     0x3fab C:\Users\olusa\OneDrive\Documents\GitHub\BlockyOS\compile\toolchain\build\gnu-efi-4.0.4\x86_64\/lib/\libefi.a(dpath.o)
 .debug_info    0x0000000000019f06      0x1de C:\Users\olusa\OneDrive\Documents\GitHub\BlockyOS\compile\toolchain\build\gnu-efi-4.0.4\x86_64\/lib/\libefi.a(error.o)
 .debug_info    0x000000000001a0e4     0x1af1 C:\Users\olusa\OneDrive\Documents\GitHub\BlockyOS\compile\toolchain\build\gnu-efi-4.0.4\x86_64\/lib/\libefi.a(event.o)
 .debug_info    0x000000000001bbd5      0x607 C:\Users\olusa\OneDrive\Documents\GitHub\BlockyOS\compile\toolchain\build\gnu-efi-4.0.4\x86_64\/lib/\libefi.a(guid.o)
 .debug_info    0x000000000001c1dc     0x1e31 C:\Users\olusa\OneDrive\Documents\GitHub\BlockyOS\compile\toolchain\build\gnu-efi-4.0.4\x86_64\/lib/\libefi.a(hand.o)
 .debug_info    0x000000000001e00d      0x1a3 C:\Users\olusa\OneDrive\Documents\GitHub\BlockyOS\compile\toolchain\build\gnu-efi-4.0.4\x86_64\/lib/\libefi.a(math.o)

.debug_abbrev   0x0000000000000000     0x354b
 .debug_abbrev  0x0000000000000000       0x14 C:\Users\olusa\OneDrive\Documents\GitHub\BlockyOS\compile\toolchain\build\gnu-efi-4.0.4\x86_64\/lib/crt0-efi-x86_64.o
 .debug_abbrev  0x0000000000000014      0x21d C:\Users\olusa\OneDrive\Documents\GitHub\BlockyOS\compile\toolchain\build\gnu-efi-4.0.4\x86_64\/lib/reloc_x86_64.o
 .debug_abbrev  0x0000000000000231      0x220 C:\Users\olusa\OneDrive\Documents\GitHub\BlockyOS\compile\toolchain\build\gnu-efi-4.0.4\x86_64\/lib/\libefi.a(data.o)
 .debug_abbrev  0x0000000000000451      0x2f3 C:\Users\olusa\OneDrive\Documents\GitHub\BlockyOS\compile\toolchain\build\gnu-efi-4.0.4\x86_64\/lib/\libefi.a(entry.o)
 .debug_abbrev  0x0000000000000744      0x326 C:\Users\olusa\OneDrive\Documents\GitHub\BlockyOS\compile\toolchain\build\gnu-efi-4.0.4\x86_64\/lib/\libefi.a(init.o)
 .debug_abbrev  0x0000000000000a6a      0x51a C:\Users\olusa\OneDrive\Documents\GitHub\BlockyOS\compile\toolchain\build\gnu-efi-4.0.4\x86_64\/lib/\libefi.a(misc.o)
 .debug_abbrev  0x0000000000000f84      0x2e7 C:\Users\olusa\OneDrive\Documents\GitHub\BlockyOS\compile\toolchain\build\gnu-efi-4.0.4\x86_64\/lib/\libefi.a(str.o)
 .debug_abbrev  0x000000000000126b      0x1e0 C:\Users\olusa\OneDrive\Documents\GitHub\BlockyOS\compile\toolchain\build\gnu-efi-4.0.4\x86_64\/lib/\libefi.a(efirtlib.o)
 .debug_abbrev  0x000000000000144b      0x21d C:\Users\olusa\OneDrive\Documents\GitHub\BlockyOS\compile\toolchain\build\gnu-efi-4.0.4\x86_64\/lib/\libefi.a(rtstr.o)
 .debug_abbrev  0x0000000000001668      0x164 C:\Users\olusa\OneDrive\Documents\GitHub\BlockyOS\compile\toolchain\build\gnu-efi-4.0.4\x86_64\/lib/\libefi.a(rtdata.o)
 .debug_abbrev  0x00000000000017cc      0x1a9 C:\Users\olusa\OneDrive\Documents\GitHub\BlockyOS\compile\toolchain\build\gnu-efi-4.0.4\x86_64\/lib/\libefi.a(initplat.o)
 .debug_abbrev  0x0000000000001975      0x5ac C:\Users\olusa\OneDrive\Documents\GitHub\BlockyOS\compile\toolchain\build\gnu-efi-4.0.4\x86_64\/lib/\libefi.a(print.o)
 .debug_abbrev  0x0000000000001f21      0x4ec C:\Users\olusa\OneDrive\Documents\GitHub\BlockyOS\compile\toolchain\build\gnu-efi-4.0.4\x86_64\/lib/\libefi.a(va_print.o)
 .debug_abbrev  0x000000000000240d       0x14 C:\Users\olusa\OneDrive\Documents\GitHub\BlockyOS\compile\toolchain\build\gnu-efi-4.0.4\x86_64\/lib/\libefi.a(efi_stub.o)
 .debug_abbrev  0x0000000000002421      0x270 C:\Users\olusa\OneDrive\Documents\GitHub\BlockyOS\compile\toolchain\build\gnu-efi-4.0.4\x86_64\/lib/\libefi.a(console.o)
 .debug_abbrev  0x0000000000002691      0x4e0 C:\Users\olusa\OneDrive\Documents\GitHub\BlockyOS\compile\toolchain\build\gnu-efi-4.0.4\x86_64\/lib/\libefi.a(dpath.o)
 .debug_abbrev  0x0000000000002b71      0x12b C:\Users\olusa\OneDrive\Documents\GitHub\BlockyOS\compile\toolchain\build\gnu-efi-4.0.4\x86_64\/lib/\libefi.a(error.o)
 .debug_abbrev  0x0000000000002c9c      0x2b1 C:\Users\olusa\OneDrive\Documents\GitHub\BlockyOS\compile\toolchain\build\gnu-efi-4.0.4\x86_64\/lib/\libefi.a(event.o)
 .debug_abbrev  0x0000000000002f4d      0x205 C:\Users\olusa\OneDrive\Documents\GitHub\BlockyOS\compile\toolchain\build\gnu-efi-4.0.4\x86_64\/lib/\libefi.a(guid.o)
 .debug_abbrev  0x0000000000003152      0x356 C:\Users\olusa\OneDrive\Documents\GitHub\BlockyOS\compile\toolchain\build\gnu-efi-4.0.4\x86_64\/lib/\libefi.a(hand.o)
 .debug_abbrev  0x00000000000034a8       0xa3 C:\Users\olusa\OneDrive\Documents\GitHub\BlockyOS\compile\toolchain\build\gnu-efi-4.0.4\x86_64\/lib/\libefi.a(math.o)

.debug_aranges  0x0000000000000000      0x3d0
 .debug_aranges
                0x0000000000000000       0x30 C:\Users\olusa\OneDrive\Documents\GitHub\BlockyOS\compile\toolchain\build\gnu-efi-4.0.4\x86_64\/lib/crt0-efi-x86_64.o
 .debug_aranges
                0x0000000000000030       0x30 C:\Users\olusa\OneDrive\Documents\GitHub\BlockyOS\compile\toolchain\build\gnu-efi-4.0.4\x86_64\/lib/reloc_x86_64.o
 .debug_aranges
                0x0000000000000060       0x20 C:\Users\olusa\OneDrive\Documents\GitHub\BlockyOS\compile\toolchain\build\gnu-efi-4.0.4\x86_64\/lib/\libefi.a(data.o)
 .debug_aranges
                0x0000000000000080       0x30 C:\Users\olusa\OneDrive\Documents\GitHub\BlockyOS\compile\toolchain\build\gnu-efi-4.0.4\x86_64\/lib/\libefi.a(entry.o)
 .debug_aranges
                0x00000000000000b0       0x30 C:\Users\olusa\OneDrive\Documents\GitHub\BlockyOS\compile\toolchain\build\gnu-efi-4.0.4\x86_64\/lib/\libefi.a(init.o)
 .debug_aranges
                0x00000000000000e0       0x30 C:\Users\olusa\OneDrive\Documents\GitHub\BlockyOS\compile\toolchain\build\gnu-efi-4.0.4\x86_64\/lib/\libefi.a(misc.o)
 .debug_aranges
                0x0000000000000110       0x30 C:\Users\olusa\OneDrive\Documents\GitHub\BlockyOS\compile\toolchain\build\gnu-efi-4.0.4\x86_64\/lib/\libefi.a(str.o)
 .debug_aranges
                0x0000000000000140       0x30 C:\Users\olusa\OneDrive\Documents\GitHub\BlockyOS\compile\toolchain\build\gnu-efi-4.0.4\x86_64\/lib/\libefi.a(efirtlib.o)
 .debug_aranges
                0x0000000000000170       0x30 C:\Users\olusa\OneDrive\Documents\GitHub\BlockyOS\compile\toolchain\build\gnu-efi-4.0.4\x86_64\/lib/\libefi.a(rtstr.o)
 .debug_aranges
                0x00000000000001a0       0x20 C:\Users\olusa\OneDrive\Documents\GitHub\BlockyOS\compile\toolchain\build\gnu-efi-4.0.4\x86_64\/lib/\libefi.a(rtdata.o)
 .debug_aranges
                0x00000000000001c0       0x30 C:\Users\olusa\OneDrive\Documents\GitHub\BlockyOS\compile\toolchain\build\gnu-efi-4.0.4\x86_64\/lib/\libefi.a(initplat.o)
 .debug_aranges
                0x00000000000001f0       0x30 C:\Users\olusa\OneDrive\Documents\GitHub\BlockyOS\compile\toolchain\build\gnu-efi-4.0.4\x86_64\/lib/\libefi.a(print.o)
 .debug_aranges
                0x0000000000000220       0x30 C:\Users\olusa\OneDrive\Documents\GitHub\BlockyOS\compile\toolchain\build\gnu-efi-4.0.4\x86_64\/lib/\libefi.a(va_print.o)
 .debug_aranges
                0x0000000000000250       0x30 C:\Users\olusa\OneDrive\Documents\GitHub\BlockyOS\compile\toolchain\build\gnu-efi-4.0.4\x86_64\/lib/\libefi.a(efi_stub.o)
 .debug_aranges
                0x0000000000000280       0x30 C:\Users\olusa\OneDrive\Documents\GitHub\BlockyOS\compile\toolchain\build\gnu-efi-4.0.4\x86_64\/lib/\libefi.a(console.o)
 .debug_aranges
                0x00000000000002b0       0x30 C:\Users\olusa\OneDrive\Documents\GitHub\BlockyOS\compile\toolchain\build\gnu-efi-4.0.4\x86_64\/lib/\libefi.a(dpath.o)
 .debug_aranges
                0x00000000000002e0       0x30 C:\Users\olusa\OneDrive\Documents\GitHub\BlockyOS\compile\toolchain\build\gnu-efi-4.0.4\x86_64\/lib/\libefi.a(error.o)
 .debug_aranges
                0x0000000000000310       0x30 C:\Users\olusa\OneDrive\Documents\GitHub\BlockyOS\compile\toolchain\build\gnu-efi-4.0.4\x86_64\/lib/\libefi.a(event.o)
 .debug_aranges
                0x0000000000000340       0x30 C:\Users\olusa\OneDrive\Documents\GitHub\BlockyOS\compile\toolchain\build\gnu-efi-4.0.4\x86_64\/lib/\libefi.a(guid.o)
 .debug_aranges
                0x0000000000000370       0x30 C:\Users\olusa\OneDrive\Documents\GitHub\BlockyOS\compile\toolchain\build\gnu-efi-4.0.4\x86_64\/lib/\libefi.a(hand.o)
 .debug_aranges
                0x00000000000003a0       0x30 C:\Users\olusa\OneDrive\Documents\GitHub\BlockyOS\compile\toolchain\build\gnu-efi-4.0.4\x86_64\/lib/\libefi.a(math.o)

.debug_str      0x0000000000000000     0x35d5
 .debug_str     0x0000000000000000     0x35d5 C:\Users\olusa\OneDrive\Documents\GitHub\BlockyOS\compile\toolchain\build\gnu-efi-4.0.4\x86_64\/lib/crt0-efi-x86_64.o
                                         0xe0 (size before relaxing)
 .debug_str     0x00000000000035d5        0x0 C:\Users\olusa\OneDrive\Documents\GitHub\BlockyOS\compile\toolchain\build\gnu-efi-4.0.4\x86_64\/lib/reloc_x86_64.o
                                       0x137e (size before relaxing)
 .debug_str     0x00000000000035d5        0x0 C:\Users\olusa\OneDrive\Documents\GitHub\BlockyOS\compile\toolchain\build\gnu-efi-4.0.4\x86_64\/lib/\libefi.a(data.o)
                                       0x1c9e (size before relaxing)
 .debug_str     0x00000000000035d5        0x0 C:\Users\olusa\OneDrive\Documents\GitHub\BlockyOS\compile\toolchain\build\gnu-efi-4.0.4\x86_64\/lib/\libefi.a(entry.o)
                                       0x13f7 (size before relaxing)
 .debug_str     0x00000000000035d5        0x0 C:\Users\olusa\OneDrive\Documents\GitHub\BlockyOS\compile\toolchain\build\gnu-efi-4.0.4\x86_64\/lib/\libefi.a(init.o)
                                       0x1697 (size before relaxing)
 .debug_str     0x00000000000035d5        0x0 C:\Users\olusa\OneDrive\Documents\GitHub\BlockyOS\compile\toolchain\build\gnu-efi-4.0.4\x86_64\/lib/\libefi.a(misc.o)
                                       0x1955 (size before relaxing)
 .debug_str     0x00000000000035d5        0x0 C:\Users\olusa\OneDrive\Documents\GitHub\BlockyOS\compile\toolchain\build\gnu-efi-4.0.4\x86_64\/lib/\libefi.a(str.o)
                                        0x457 (size before relaxing)
 .debug_str     0x00000000000035d5        0x0 C:\Users\olusa\OneDrive\Documents\GitHub\BlockyOS\compile\toolchain\build\gnu-efi-4.0.4\x86_64\/lib/\libefi.a(efirtlib.o)
                                        0x268 (size before relaxing)
 .debug_str     0x00000000000035d5        0x0 C:\Users\olusa\OneDrive\Documents\GitHub\BlockyOS\compile\toolchain\build\gnu-efi-4.0.4\x86_64\/lib/\libefi.a(rtstr.o)
                                        0x261 (size before relaxing)
 .debug_str     0x00000000000035d5        0x0 C:\Users\olusa\OneDrive\Documents\GitHub\BlockyOS\compile\toolchain\build\gnu-efi-4.0.4\x86_64\/lib/\libefi.a(rtdata.o)
                                        0x7ff (size before relaxing)
 .debug_str     0x00000000000035d5        0x0 C:\Users\olusa\OneDrive\Documents\GitHub\BlockyOS\compile\toolchain\build\gnu-efi-4.0.4\x86_64\/lib/\libefi.a(initplat.o)
                                       0x130b (size before relaxing)
 .debug_str     0x00000000000035d5        0x0 C:\Users\olusa\OneDrive\Documents\GitHub\BlockyOS\compile\toolchain\build\gnu-efi-4.0.4\x86_64\/lib/\libefi.a(print.o)
                                       0x16b8 (size before relaxing)
 .debug_str     0x00000000000035d5        0x0 C:\Users\olusa\OneDrive\Documents\GitHub\BlockyOS\compile\toolchain\build\gnu-efi-4.0.4\x86_64\/lib/\libefi.a(va_print.o)
                                       0x1593 (size before relaxing)
 .debug_str     0x00000000000035d5        0x0 C:\Users\olusa\OneDrive\Documents\GitHub\BlockyOS\compile\toolchain\build\gnu-efi-4.0.4\x86_64\/lib/\libefi.a(efi_stub.o)
                                         0xda (size before relaxing)
 .debug_str     0x00000000000035d5        0x0 C:\Users\olusa\OneDrive\Documents\GitHub\BlockyOS\compile\toolchain\build\gnu-efi-4.0.4\x86_64\/lib/\libefi.a(console.o)
                                       0x132c (size before relaxing)
 .debug_str     0x00000000000035d5        0x0 C:\Users\olusa\OneDrive\Documents\GitHub\BlockyOS\compile\toolchain\build\gnu-efi-4.0.4\x86_64\/lib/\libefi.a(dpath.o)
                                       0x182b (size before relaxing)
 .debug_str     0x00000000000035d5        0x0 C:\Users\olusa\OneDrive\Documents\GitHub\BlockyOS\compile\toolchain\build\gnu-efi-4.0.4\x86_64\/lib/\libefi.a(error.o)
                                        0x1f6 (size before relaxing)
 .debug_str     0x00000000000035d5        0x0 C:\Users\olusa\OneDrive\Documents\GitHub\BlockyOS\compile\toolchain\build\gnu-efi-4.0.4\x86_64\/lib/\libefi.a(event.o)
                                       0x13cd (size before relaxing)
 .debug_str     0x00000000000035d5        0x0 C:\Users\olusa\OneDrive\Documents\GitHub\BlockyOS\compile\toolchain\build\gnu-efi-4.0.4\x86_64\/lib/\libefi.a(guid.o)
                                        0x676 (size before relaxing)
 .debug_str     0x00000000000035d5        0x0 C:\Users\olusa\OneDrive\Documents\GitHub\BlockyOS\compile\toolchain\build\gnu-efi-4.0.4\x86_64\/lib/\libefi.a(hand.o)
                                       0x1345 (size before relaxing)
 .debug_str     0x00000000000035d5        0x0 C:\Users\olusa\OneDrive\Documents\GitHub\BlockyOS\compile\toolchain\build\gnu-efi-4.0.4\x86_64\/lib/\libefi.a(math.o)
                                        0x1e7 (size before relaxing)

.debug_loclists
                0x0000000000000000     0x660a
 .debug_loclists
                0x0000000000000000      0x141 C:\Users\olusa\OneDrive\Documents\GitHub\BlockyOS\compile\toolchain\build\gnu-efi-4.0.4\x86_64\/lib/reloc_x86_64.o
 .debug_loclists
                0x0000000000000141       0xf4 C:\Users\olusa\OneDrive\Documents\GitHub\BlockyOS\compile\toolchain\build\gnu-efi-4.0.4\x86_64\/lib/\libefi.a(entry.o)
 .debug_loclists
                0x0000000000000235      0x274 C:\Users\olusa\OneDrive\Documents\GitHub\BlockyOS\compile\toolchain\build\gnu-efi-4.0.4\x86_64\/lib/\libefi.a(init.o)
 .debug_loclists
                0x00000000000004a9      0xd1d C:\Users\olusa\OneDrive\Documents\GitHub\BlockyOS\compile\toolchain\build\gnu-efi-4.0.4\x86_64\/lib/\libefi.a(misc.o)
 .debug_loclists
                0x00000000000011c6      0x60e C:\Users\olusa\OneDrive\Documents\GitHub\BlockyOS\compile\toolchain\build\gnu-efi-4.0.4\x86_64\/lib/\libefi.a(str.o)
 .debug_loclists
                0x00000000000017d4      0x46d C:\Users\olusa\OneDrive\Documents\GitHub\BlockyOS\compile\toolchain\build\gnu-efi-4.0.4\x86_64\/lib/\libefi.a(efirtlib.o)
 .debug_loclists
                0x0000000000001c41      0x685 C:\Users\olusa\OneDrive\Documents\GitHub\BlockyOS\compile\toolchain\build\gnu-efi-4.0.4\x86_64\/lib/\libefi.a(rtstr.o)
 .debug_loclists
                0x00000000000022c6     0x14ff C:\Users\olusa\OneDrive\Documents\GitHub\BlockyOS\compile\toolchain\build\gnu-efi-4.0.4\x86_64\/lib/\libefi.a(print.o)
 .debug_loclists
                0x00000000000037c5      0xbd7 C:\Users\olusa\OneDrive\Documents\GitHub\BlockyOS\compile\toolchain\build\gnu-efi-4.0.4\x86_64\/lib/\libefi.a(va_print.o)
 .debug_loclists
                0x000000000000439c      0x140 C:\Users\olusa\OneDrive\Documents\GitHub\BlockyOS\compile\toolchain\build\gnu-efi-4.0.4\x86_64\/lib/\libefi.a(console.o)
 .debug_loclists
                0x00000000000044dc     0x1799 C:\Users\olusa\OneDrive\Documents\GitHub\BlockyOS\compile\toolchain\build\gnu-efi-4.0.4\x86_64\/lib/\libefi.a(dpath.o)
 .debug_loclists
                0x0000000000005c75       0x62 C:\Users\olusa\OneDrive\Documents\GitHub\BlockyOS\compile\toolchain\build\gnu-efi-4.0.4\x86_64\/lib/\libefi.a(error.o)
 .debug_loclists
                0x0000000000005cd7      0x1f8 C:\Users\olusa\OneDrive\Documents\GitHub\BlockyOS\compile\toolchain\build\gnu-efi-4.0.4\x86_64\/lib/\libefi.a(event.o)
 .debug_loclists
                0x0000000000005ecf       0xd6 C:\Users\olusa\OneDrive\Documents\GitHub\BlockyOS\compile\toolchain\build\gnu-efi-4.0.4\x86_64\/lib/\libefi.a(guid.o)
 .debug_loclists
                0x0000000000005fa5      0x64a C:\Users\olusa\OneDrive\Documents\GitHub\BlockyOS\compile\toolchain\build\gnu-efi-4.0.4\x86_64\/lib/\libefi.a(hand.o)
 .debug_loclists
                0x00000000000065ef       0x1b C:\Users\olusa\OneDrive\Documents\GitHub\BlockyOS\compile\toolchain\build\gnu-efi-4.0.4\x86_64\/lib/\libefi.a(math.o)

.debug_rnglists
                0x0000000000000000      0x478
 .debug_rnglists
                0x0000000000000000       0x3a C:\Users\olusa\OneDrive\Documents\GitHub\BlockyOS\compile\toolchain\build\gnu-efi-4.0.4\x86_64\/lib/\libefi.a(entry.o)
 .debug_rnglists
                0x000000000000003a       0xa1 C:\Users\olusa\OneDrive\Documents\GitHub\BlockyOS\compile\toolchain\build\gnu-efi-4.0.4\x86_64\/lib/\libefi.a(misc.o)
 .debug_rnglists
                0x00000000000000db       0x25 C:\Users\olusa\OneDrive\Documents\GitHub\BlockyOS\compile\toolchain\build\gnu-efi-4.0.4\x86_64\/lib/\libefi.a(str.o)
 .debug_rnglists
                0x0000000000000100       0x28 C:\Users\olusa\OneDrive\Documents\GitHub\BlockyOS\compile\toolchain\build\gnu-efi-4.0.4\x86_64\/lib/\libefi.a(efirtlib.o)
 .debug_rnglists
                0x0000000000000128       0x61 C:\Users\olusa\OneDrive\Documents\GitHub\BlockyOS\compile\toolchain\build\gnu-efi-4.0.4\x86_64\/lib/\libefi.a(rtstr.o)
 .debug_rnglists
                0x0000000000000189      0x15f C:\Users\olusa\OneDrive\Documents\GitHub\BlockyOS\compile\toolchain\build\gnu-efi-4.0.4\x86_64\/lib/\libefi.a(print.o)
 .debug_rnglists
                0x00000000000002e8      0x106 C:\Users\olusa\OneDrive\Documents\GitHub\BlockyOS\compile\toolchain\build\gnu-efi-4.0.4\x86_64\/lib/\libefi.a(va_print.o)
 .debug_rnglists
                0x00000000000003ee       0x8a C:\Users\olusa\OneDrive\Documents\GitHub\BlockyOS\compile\toolchain\build\gnu-efi-4.0.4\x86_64\/lib/\libefi.a(dpath.o)
