This file contains any messages produced by compilers while
running configure, to aid debugging if configure makes a mistake.

It was created by bfd configure 2.42, which was
generated by GNU Autoconf 2.69.  Invocation command line was

  $ /mnt/c/Users/PC/Documents/GitHub/BlockyOS/compile/toolchain/prebuild/binutils-2.42/bfd/configure --srcdir=../../binutils-2.42/bfd --cache-file=./config.cache --with-gnu-as --with-gnu-ld --prefix=/mnt/c/Users/PC/Documents/GitHub/BlockyOS/compile/toolchain/prebuild/binutils-2.42-build --disable-nls --disable-werror --enable-plugins --enable-64-bit-bfd --enable-targets=all --program-transform-name=s&^&x86_64-elf-& --disable-option-checking --build=x86_64-pc-linux-gnu --host=x86_64-w64-mingw32 --target=x86_64-elf

## --------- ##
## Platform. ##
## --------- ##

hostname = DESKTOP-QQFMLBR
uname -m = x86_64
uname -r = 6.6.87.2-microsoft-standard-WSL2
uname -s = Linux
uname -v = #1 SMP PREEMPT_DYNAMIC Thu Jun  5 18:30:46 UTC 2025

/usr/bin/uname -p = unknown
/bin/uname -X     = unknown

/bin/arch              = x86_64
/usr/bin/arch -k       = unknown
/usr/convex/getsysinfo = unknown
/usr/bin/hostinfo      = unknown
/bin/machine           = unknown
/usr/bin/oslevel       = unknown
/bin/universe          = unknown

PATH: /usr/local/sbin
PATH: /usr/local/bin
PATH: /usr/sbin
PATH: /usr/bin
PATH: /sbin
PATH: /bin
PATH: /usr/games
PATH: /usr/local/games
PATH: /usr/lib/wsl/lib
PATH: /mnt/c/Program Files/WindowsApps/TheDebianProject.DebianGNULinux_1.24.0.0_x64__76v4gfsz19hv4
PATH: /mnt/c/Program Files/Common Files/Oracle/Java/javapath
PATH: /mnt/c/VulkanSDK/1.4.341.1/Bin
PATH: /mnt/c/Windows/system32
PATH: /mnt/c/Windows
PATH: /mnt/c/Windows/System32/Wbem
PATH: /mnt/c/Windows/System32/WindowsPowerShell/v1.0/
PATH: /mnt/c/Windows/System32/OpenSSH/
PATH: /mnt/c/Program Files/PowerShell/7/
PATH: /mnt/c/Program Files/Cloudflare/Cloudflare WARP/
PATH: /mnt/c/msys64/mingw64/bin
PATH: /mnt/c/msys64/
PATH: /mnt/c/Program Files/GitHub CLI/
PATH: /mnt/c/Program Files/dotnet/
PATH: /mnt/c/Program Files/Git/cmd
PATH: /mnt/c/Users/PC/AppData/Local/Microsoft/WindowsApps
PATH: /mnt/c/Users/PC/.dotnet/tools
PATH: /mnt/c/Users/PC/AppData/Local/Programs/Microsoft VS Code/bin
PATH: /mnt/c/Users/PC/AppData/Local/GitHubDesktop/bin


## ----------- ##
## Core tests. ##
## ----------- ##

configure:2499: creating cache ./config.cache
configure:2614: checking build system type
configure:2628: result: x86_64-pc-linux-gnu
configure:2648: checking host system type
configure:2661: result: x86_64-w64-mingw32
configure:2681: checking target system type
configure:2694: result: x86_64-pc-elf
configure:2737: checking for a BSD-compatible install
configure:2805: result: /usr/bin/install -c
configure:2816: checking whether build environment is sane
configure:2871: result: yes
configure:2930: checking for x86_64-w64-mingw32-strip
configure:2946: found /usr/bin/x86_64-w64-mingw32-strip
configure:2957: result: x86_64-w64-mingw32-strip
configure:3022: checking for a thread-safe mkdir -p
configure:3061: result: /usr/bin/mkdir -p
configure:3068: checking for gawk
configure:3095: result: gawk
configure:3106: checking whether make sets $(MAKE)
configure:3128: result: yes
configure:3157: checking whether make supports nested variables
configure:3174: result: yes
configure:3311: checking whether make supports nested variables
configure:3328: result: yes
configure:3343: checking for x86_64-w64-mingw32-ar
configure:3370: result: x86_64-w64-mingw32-ar --plugin /usr/lib/gcc/x86_64-w64-mingw32/14-win32/liblto_plugin.so
configure:3435: checking for x86_64-w64-mingw32-ranlib
configure:3462: result: x86_64-w64-mingw32-ranlib --plugin /usr/lib/gcc/x86_64-w64-mingw32/14-win32/liblto_plugin.so
configure:3565: checking for x86_64-w64-mingw32-gcc
configure:3592: result: x86_64-w64-mingw32-gcc
configure:3861: checking for C compiler version
configure:3870: x86_64-w64-mingw32-gcc --version >&5
x86_64-w64-mingw32-gcc (GCC) 14-win32
Copyright (C) 2024 Free Software Foundation, Inc.
This is free software; see the source for copying conditions.  There is NO
warranty; not even for MERCHANTABILITY or FITNESS FOR A PARTICULAR PURPOSE.

configure:3881: $? = 0
configure:3870: x86_64-w64-mingw32-gcc -v >&5
Using built-in specs.
COLLECT_GCC=x86_64-w64-mingw32-gcc
COLLECT_LTO_WRAPPER=/usr/lib/gcc/x86_64-w64-mingw32/14-win32/lto-wrapper
Target: x86_64-w64-mingw32
Configured with: /build/reproducible-path/gcc-mingw-w64-27+b1/src/configure --prefix=/usr --enable-shared --enable-static --disable-multilib --with-system-zlib --libexecdir=/usr/lib --without-included-gettext --libdir=/usr/lib --enable-libstdcxx-time=yes --with-tune=generic --with-headers --enable-version-specific-runtime-libs --enable-fully-dynamic-string --enable-libgomp --program-prefix=x86_64-w64-mingw32- --target=x86_64-w64-mingw32 --with-as=/usr/bin/x86_64-w64-mingw32-as --with-ld=/usr/bin/x86_64-w64-mingw32-ld --enable-libatomic --enable-libstdcxx-filesystem-ts=yes --enable-dependency-tracking SED=/bin/sed --enable-languages=c,c++,fortran,objc,obj-c++,ada --enable-lto --enable-threads=win32 --program-suffix=-win32
Thread model: win32
Supported LTO compression algorithms: zlib zstd
gcc version 14-win32 (GCC) 
configure:3881: $? = 0
configure:3870: x86_64-w64-mingw32-gcc -V >&5
x86_64-w64-mingw32-gcc: error: unrecognized command-line option '-V'
x86_64-w64-mingw32-gcc: fatal error: no input files
compilation terminated.
configure:3881: $? = 1
configure:3870: x86_64-w64-mingw32-gcc -qversion >&5
x86_64-w64-mingw32-gcc: error: unrecognized command-line option '-qversion'; did you mean '--version'?
x86_64-w64-mingw32-gcc: fatal error: no input files
compilation terminated.
configure:3881: $? = 1
configure:3901: checking whether the C compiler works
configure:3923: x86_64-w64-mingw32-gcc -g -O2       -Wl,--stack,12582912 conftest.c  >&5
configure:3927: $? = 0
configure:3975: result: yes
configure:3978: checking for C compiler default output file name
configure:3980: result: a.exe
configure:3986: checking for suffix of executables
configure:3993: x86_64-w64-mingw32-gcc -o conftest.exe -g -O2       -Wl,--stack,12582912 conftest.c  >&5
configure:3997: $? = 0
configure:4019: result: .exe
configure:4041: checking whether we are cross compiling
configure:4079: result: yes
configure:4084: checking for suffix of object files
configure:4106: x86_64-w64-mingw32-gcc -c -g -O2      conftest.c >&5
configure:4110: $? = 0
configure:4131: result: o
configure:4135: checking whether we are using the GNU C compiler
configure:4154: x86_64-w64-mingw32-gcc -c -g -O2      conftest.c >&5
configure:4154: $? = 0
configure:4163: result: yes
configure:4172: checking whether x86_64-w64-mingw32-gcc accepts -g
configure:4192: x86_64-w64-mingw32-gcc -c -g  conftest.c >&5
configure:4192: $? = 0
configure:4233: result: yes
configure:4250: checking for x86_64-w64-mingw32-gcc option to accept ISO C89
configure:4313: x86_64-w64-mingw32-gcc  -c -g -O2      conftest.c >&5
configure:4313: $? = 0
configure:4326: result: none needed
configure:4351: checking whether x86_64-w64-mingw32-gcc understands -c and -o together
configure:4373: x86_64-w64-mingw32-gcc -c conftest.c -o conftest2.o
configure:4376: $? = 0
configure:4373: x86_64-w64-mingw32-gcc -c conftest.c -o conftest2.o
configure:4376: $? = 0
configure:4388: result: yes
configure:4416: checking for style of include used by make
configure:4444: result: GNU
configure:4470: checking dependency style of x86_64-w64-mingw32-gcc
configure:4581: result: gcc3
configure:4602: checking how to run the C preprocessor
configure:4633: x86_64-w64-mingw32-gcc -E  conftest.c
configure:4633: $? = 0
configure:4647: x86_64-w64-mingw32-gcc -E  conftest.c
conftest.c:11:10: fatal error: ac_nonexistent.h: No such file or directory
   11 | #include <ac_nonexistent.h>
      |          ^~~~~~~~~~~~~~~~~~
compilation terminated.
configure:4647: $? = 1
configure: failed program was:
| /* confdefs.h */
| #define PACKAGE_NAME "bfd"
| #define PACKAGE_TARNAME "bfd"
| #define PACKAGE_VERSION "2.42"
| #define PACKAGE_STRING "bfd 2.42"
| #define PACKAGE_BUGREPORT ""
| #define PACKAGE_URL ""
| #define PACKAGE "bfd"
| #define VERSION "2.42"
| /* end confdefs.h.  */
| #include <ac_nonexistent.h>
configure:4672: result: x86_64-w64-mingw32-gcc -E
configure:4692: x86_64-w64-mingw32-gcc -E  conftest.c
configure:4692: $? = 0
configure:4706: x86_64-w64-mingw32-gcc -E  conftest.c
conftest.c:11:10: fatal error: ac_nonexistent.h: No such file or directory
   11 | #include <ac_nonexistent.h>
      |          ^~~~~~~~~~~~~~~~~~
compilation terminated.
configure:4706: $? = 1
configure: failed program was:
| /* confdefs.h */
| #define PACKAGE_NAME "bfd"
| #define PACKAGE_TARNAME "bfd"
| #define PACKAGE_VERSION "2.42"
| #define PACKAGE_STRING "bfd 2.42"
| #define PACKAGE_BUGREPORT ""
| #define PACKAGE_URL ""
| #define PACKAGE "bfd"
| #define VERSION "2.42"
| /* end confdefs.h.  */
| #include <ac_nonexistent.h>
configure:4735: checking for grep that handles long lines and -e
configure:4793: result: /usr/bin/grep
configure:4798: checking for egrep
configure:4860: result: /usr/bin/grep -E
configure:4865: checking for ANSI C header files
configure:4885: x86_64-w64-mingw32-gcc -c -g -O2      conftest.c >&5
configure:4885: $? = 0
configure:4969: result: yes
configure:4982: checking for sys/types.h
configure:4982: x86_64-w64-mingw32-gcc -c -g -O2      conftest.c >&5
configure:4982: $? = 0
configure:4982: result: yes
configure:4982: checking for sys/stat.h
configure:4982: x86_64-w64-mingw32-gcc -c -g -O2      conftest.c >&5
configure:4982: $? = 0
configure:4982: result: yes
configure:4982: checking for stdlib.h
configure:4982: x86_64-w64-mingw32-gcc -c -g -O2      conftest.c >&5
configure:4982: $? = 0
configure:4982: result: yes
configure:4982: checking for string.h
configure:4982: x86_64-w64-mingw32-gcc -c -g -O2      conftest.c >&5
configure:4982: $? = 0
configure:4982: result: yes
configure:4982: checking for memory.h
configure:4982: x86_64-w64-mingw32-gcc -c -g -O2      conftest.c >&5
configure:4982: $? = 0
configure:4982: result: yes
configure:4982: checking for strings.h
configure:4982: x86_64-w64-mingw32-gcc -c -g -O2      conftest.c >&5
configure:4982: $? = 0
configure:4982: result: yes
configure:4982: checking for inttypes.h
configure:4982: x86_64-w64-mingw32-gcc -c -g -O2      conftest.c >&5
configure:4982: $? = 0
configure:4982: result: yes
configure:4982: checking for stdint.h
configure:4982: x86_64-w64-mingw32-gcc -c -g -O2      conftest.c >&5
configure:4982: $? = 0
configure:4982: result: yes
configure:4982: checking for unistd.h
configure:4982: x86_64-w64-mingw32-gcc -c -g -O2      conftest.c >&5
configure:4982: $? = 0
configure:4982: result: yes
configure:4995: checking minix/config.h usability
configure:4995: x86_64-w64-mingw32-gcc -c -g -O2      conftest.c >&5
conftest.c:54:10: fatal error: minix/config.h: No such file or directory
   54 | #include <minix/config.h>
      |          ^~~~~~~~~~~~~~~~
compilation terminated.
configure:4995: $? = 1
configure: failed program was:
| /* confdefs.h */
| #define PACKAGE_NAME "bfd"
| #define PACKAGE_TARNAME "bfd"
| #define PACKAGE_VERSION "2.42"
| #define PACKAGE_STRING "bfd 2.42"
| #define PACKAGE_BUGREPORT ""
| #define PACKAGE_URL ""
| #define PACKAGE "bfd"
| #define VERSION "2.42"
| #define STDC_HEADERS 1
| #define HAVE_SYS_TYPES_H 1
| #define HAVE_SYS_STAT_H 1
| #define HAVE_STDLIB_H 1
| #define HAVE_STRING_H 1
| #define HAVE_MEMORY_H 1
| #define HAVE_STRINGS_H 1
| #define HAVE_INTTYPES_H 1
| #define HAVE_STDINT_H 1
| #define HAVE_UNISTD_H 1
| /* end confdefs.h.  */
| #include <stdio.h>
| #ifdef HAVE_SYS_TYPES_H
| # include <sys/types.h>
| #endif
| #ifdef HAVE_SYS_STAT_H
| # include <sys/stat.h>
| #endif
| #ifdef STDC_HEADERS
| # include <stdlib.h>
| # include <stddef.h>
| #else
| # ifdef HAVE_STDLIB_H
| #  include <stdlib.h>
| # endif
| #endif
| #ifdef HAVE_STRING_H
| # if !defined STDC_HEADERS && defined HAVE_MEMORY_H
| #  include <memory.h>
| # endif
| # include <string.h>
| #endif
| #ifdef HAVE_STRINGS_H
| # include <strings.h>
| #endif
| #ifdef HAVE_INTTYPES_H
| # include <inttypes.h>
| #endif
| #ifdef HAVE_STDINT_H
| # include <stdint.h>
| #endif
| #ifdef HAVE_UNISTD_H
| # include <unistd.h>
| #endif
| #include <minix/config.h>
configure:4995: result: no
configure:4995: checking minix/config.h presence
configure:4995: x86_64-w64-mingw32-gcc -E  conftest.c
conftest.c:21:10: fatal error: minix/config.h: No such file or directory
   21 | #include <minix/config.h>
      |          ^~~~~~~~~~~~~~~~
compilation terminated.
configure:4995: $? = 1
configure: failed program was:
| /* confdefs.h */
| #define PACKAGE_NAME "bfd"
| #define PACKAGE_TARNAME "bfd"
| #define PACKAGE_VERSION "2.42"
| #define PACKAGE_STRING "bfd 2.42"
| #define PACKAGE_BUGREPORT ""
| #define PACKAGE_URL ""
| #define PACKAGE "bfd"
| #define VERSION "2.42"
| #define STDC_HEADERS 1
| #define HAVE_SYS_TYPES_H 1
| #define HAVE_SYS_STAT_H 1
| #define HAVE_STDLIB_H 1
| #define HAVE_STRING_H 1
| #define HAVE_MEMORY_H 1
| #define HAVE_STRINGS_H 1
| #define HAVE_INTTYPES_H 1
| #define HAVE_STDINT_H 1
| #define HAVE_UNISTD_H 1
| /* end confdefs.h.  */
| #include <minix/config.h>
configure:4995: result: no
configure:4995: checking for minix/config.h
configure:4995: result: no
configure:5016: checking whether it is safe to define __EXTENSIONS__
configure:5034: x86_64-w64-mingw32-gcc -c -g -O2      conftest.c >&5
configure:5034: $? = 0
configure:5041: result: yes
configure:5104: checking how to print strings
configure:5131: result: printf
configure:5152: checking for a sed that does not truncate output
configure:5216: result: /usr/bin/sed
configure:5234: checking for fgrep
configure:5296: result: /usr/bin/grep -F
configure:5331: checking for ld used by x86_64-w64-mingw32-gcc
configure:5398: result: /usr/bin/x86_64-w64-mingw32-ld
configure:5405: checking if the linker (/usr/bin/x86_64-w64-mingw32-ld) is GNU ld
configure:5420: result: yes
configure:5432: checking for BSD- or MS-compatible name lister (nm)
configure:5488: result: /usr/bin/x86_64-w64-mingw32-nm -B
configure:5618: checking the name lister (/usr/bin/x86_64-w64-mingw32-nm -B) interface
configure:5625: x86_64-w64-mingw32-gcc -c -g -O2      conftest.c >&5
configure:5628: /usr/bin/x86_64-w64-mingw32-nm -B "conftest.o"
configure:5631: output
0000000000000000 b .bss
0000000000000000 d .data
0000000000000000 N .debug_abbrev
0000000000000000 N .debug_aranges
0000000000000000 N .debug_info
0000000000000000 N .debug_line
0000000000000000 N .debug_line_str
0000000000000000 r .rdata$zzz
0000000000000000 t .text
0000000000000000 B some_variable
configure:5638: result: BSD nm
configure:5641: checking whether ln -s works
configure:5645: result: yes
configure:5653: checking the maximum length of command line arguments
configure:5778: result: 1572864
configure:5795: checking whether the shell understands some XSI constructs
configure:5805: result: yes
configure:5809: checking whether the shell understands "+="
configure:5815: result: yes
configure:5850: checking for /usr/bin/x86_64-w64-mingw32-ld option to reload object files
configure:5857: result: -r
configure:5886: checking for x86_64-w64-mingw32-objdump
configure:5913: result: x86_64-w64-mingw32-objdump
configure:5985: checking how to recognize dependent libraries
configure:6191: result: file_magic file format pei*-i386(.*architecture: i386)?
configure:6224: checking for x86_64-w64-mingw32-ar
configure:6251: result: x86_64-w64-mingw32-ar --plugin /usr/lib/gcc/x86_64-w64-mingw32/14-win32/liblto_plugin.so
configure:6342: checking for x86_64-w64-mingw32-strip
configure:6369: result: x86_64-w64-mingw32-strip
configure:6441: checking for x86_64-w64-mingw32-ranlib
configure:6468: result: x86_64-w64-mingw32-ranlib --plugin /usr/lib/gcc/x86_64-w64-mingw32/14-win32/liblto_plugin.so
configure:6615: checking command to parse /usr/bin/x86_64-w64-mingw32-nm -B output from x86_64-w64-mingw32-gcc object
configure:6733: x86_64-w64-mingw32-gcc -c -g -O2      conftest.c >&5
configure:6736: $? = 0
configure:6740: /usr/bin/x86_64-w64-mingw32-nm -B conftest.o \| sed -n -e 's/^.*[ ]\([ABCDGIRSTW][ABCDGIRSTW]*\)[ ][ ]*\([_A-Za-z][_A-Za-z0-9]*\)$/\1 \2 \2/p' \> conftest.nm
configure:6743: $? = 0
configure:6797: x86_64-w64-mingw32-gcc -o conftest.exe -g -O2       -Wl,--stack,12582912 conftest.c conftstm.o >&5
configure:6800: $? = 0
configure:6838: result: ok
configure:7688: checking for dlfcn.h
configure:7688: x86_64-w64-mingw32-gcc -c -g -O2      conftest.c >&5
conftest.c:60:10: fatal error: dlfcn.h: No such file or directory
   60 | #include <dlfcn.h>
      |          ^~~~~~~~~
compilation terminated.
configure:7688: $? = 1
configure: failed program was:
| /* confdefs.h */
| #define PACKAGE_NAME "bfd"
| #define PACKAGE_TARNAME "bfd"
| #define PACKAGE_VERSION "2.42"
| #define PACKAGE_STRING "bfd 2.42"
| #define PACKAGE_BUGREPORT ""
| #define PACKAGE_URL ""
| #define PACKAGE "bfd"
| #define VERSION "2.42"
| #define STDC_HEADERS 1
| #define HAVE_SYS_TYPES_H 1
| #define HAVE_SYS_STAT_H 1
| #define HAVE_STDLIB_H 1
| #define HAVE_STRING_H 1
| #define HAVE_MEMORY_H 1
| #define HAVE_STRINGS_H 1
| #define HAVE_INTTYPES_H 1
| #define HAVE_STDINT_H 1
| #define HAVE_UNISTD_H 1
| #define __EXTENSIONS__ 1
| #define _ALL_SOURCE 1
| #define _GNU_SOURCE 1
| #define _POSIX_PTHREAD_SEMANTICS 1
| #define _TANDEM_SOURCE 1
| /* end confdefs.h.  */
| #include <stdio.h>
| #ifdef HAVE_SYS_TYPES_H
| # include <sys/types.h>
| #endif
| #ifdef HAVE_SYS_STAT_H
| # include <sys/stat.h>
| #endif
| #ifdef STDC_HEADERS
| # include <stdlib.h>
| # include <stddef.h>
| #else
| # ifdef HAVE_STDLIB_H
| #  include <stdlib.h>
| # endif
| #endif
| #ifdef HAVE_STRING_H
| # if !defined STDC_HEADERS && defined HAVE_MEMORY_H
| #  include <memory.h>
| # endif
| # include <string.h>
| #endif
| #ifdef HAVE_STRINGS_H
| # include <strings.h>
| #endif
| #ifdef HAVE_INTTYPES_H
| # include <inttypes.h>
| #endif
| #ifdef HAVE_STDINT_H
| # include <stdint.h>
| #endif
| #ifdef HAVE_UNISTD_H
| # include <unistd.h>
| #endif
| 
| #include <dlfcn.h>
configure:7688: result: no
configure:7844: checking for objdir
configure:7859: result: .libs
configure:8130: checking if x86_64-w64-mingw32-gcc supports -fno-rtti -fno-exceptions
configure:8148: x86_64-w64-mingw32-gcc -c -g -O2      -fno-rtti -fno-exceptions conftest.c >&5
cc1: warning: command-line option '-fno-rtti' is valid for C++/D/ObjC++ but not for C
configure:8152: $? = 0
configure:8165: result: no
configure:8185: checking for x86_64-w64-mingw32-gcc option to produce PIC
configure:8471: result: -DDLL_EXPORT -DPIC
configure:8483: checking if x86_64-w64-mingw32-gcc PIC flag -DDLL_EXPORT -DPIC works
configure:8501: x86_64-w64-mingw32-gcc -c -g -O2      -DDLL_EXPORT -DPIC -DPIC conftest.c >&5
configure:8505: $? = 0
configure:8518: result: yes
configure:8542: checking if x86_64-w64-mingw32-gcc static flag -static works
configure:8570: result: yes
configure:8585: checking if x86_64-w64-mingw32-gcc supports -c -o file.o
configure:8606: x86_64-w64-mingw32-gcc -c -g -O2      -o out/conftest2.o conftest.c >&5
configure:8610: $? = 0
configure:8632: result: yes
configure:8640: checking if x86_64-w64-mingw32-gcc supports -c -o file.o
configure:8687: result: yes
configure:8720: checking whether the x86_64-w64-mingw32-gcc linker (/usr/bin/x86_64-w64-mingw32-ld) supports shared libraries
configure:9791: result: yes
configure:10036: checking dynamic linker characteristics
configure:10723: result: Win32 ld.exe
configure:10830: checking how to hardcode library paths into programs
configure:10855: result: immediate
configure:11395: checking whether stripping libraries is possible
configure:11400: result: yes
configure:11435: checking if libtool supports shared libraries
configure:11437: result: yes
configure:11440: checking whether to build shared libraries
configure:11461: result: no
configure:11464: checking whether to build static libraries
configure:11468: result: yes
configure:11518: checking for dlfcn.h
configure:11518: result: no
configure:11531: checking for windows.h
configure:11531: x86_64-w64-mingw32-gcc -c -g -O2      conftest.c >&5
configure:11531: $? = 0
configure:11531: result: yes
configure:11558: checking for library containing dlsym
configure:11589: x86_64-w64-mingw32-gcc -o conftest.exe -g -O2       -Wl,--stack,12582912 conftest.c  >&5
/usr/bin/x86_64-w64-mingw32-ld: /tmp/cc8UeDXj.o: in function `main':
/mnt/c/Users/PC/Documents/GitHub/BlockyOS/compile/toolchain/prebuild/build/bfd/conftest.c:39:(.text.startup+0xa): undefined reference to `dlsym'
collect2: error: ld returned 1 exit status
configure:11589: $? = 1
configure: failed program was:
| /* confdefs.h */
| #define PACKAGE_NAME "bfd"
| #define PACKAGE_TARNAME "bfd"
| #define PACKAGE_VERSION "2.42"
| #define PACKAGE_STRING "bfd 2.42"
| #define PACKAGE_BUGREPORT ""
| #define PACKAGE_URL ""
| #define PACKAGE "bfd"
| #define VERSION "2.42"
| #define STDC_HEADERS 1
| #define HAVE_SYS_TYPES_H 1
| #define HAVE_SYS_STAT_H 1
| #define HAVE_STDLIB_H 1
| #define HAVE_STRING_H 1
| #define HAVE_MEMORY_H 1
| #define HAVE_STRINGS_H 1
| #define HAVE_INTTYPES_H 1
| #define HAVE_STDINT_H 1
| #define HAVE_UNISTD_H 1
| #define __EXTENSIONS__ 1
| #define _ALL_SOURCE 1
| #define _GNU_SOURCE 1
| #define _POSIX_PTHREAD_SEMANTICS 1
| #define _TANDEM_SOURCE 1
| #define LT_OBJDIR ".libs/"
| #define HAVE_WINDOWS_H 1
| /* end confdefs.h.  */
| 
| /* Override any GCC internal prototype to avoid an error.
|    Use char because int might match the return type of a GCC
|    builtin and then its argument prototype would still apply.  */
| #ifdef __cplusplus
| extern "C"
| #endif
| char dlsym ();
| int
| main ()
| {
| return dlsym ();
|   ;
|   return 0;
| }
configure:11589: x86_64-w64-mingw32-gcc -o conftest.exe -g -O2       -Wl,--stack,12582912 conftest.c -ldl   >&5
/usr/bin/x86_64-w64-mingw32-ld: cannot find -ldl: No such file or directory
collect2: error: ld returned 1 exit status
configure:11589: $? = 1
configure: failed program was:
| /* confdefs.h */
| #define PACKAGE_NAME "bfd"
| #define PACKAGE_TARNAME "bfd"
| #define PACKAGE_VERSION "2.42"
| #define PACKAGE_STRING "bfd 2.42"
| #define PACKAGE_BUGREPORT ""
| #define PACKAGE_URL ""
| #define PACKAGE "bfd"
| #define VERSION "2.42"
| #define STDC_HEADERS 1
| #define HAVE_SYS_TYPES_H 1
| #define HAVE_SYS_STAT_H 1
| #define HAVE_STDLIB_H 1
| #define HAVE_STRING_H 1
| #define HAVE_MEMORY_H 1
| #define HAVE_STRINGS_H 1
| #define HAVE_INTTYPES_H 1
| #define HAVE_STDINT_H 1
| #define HAVE_UNISTD_H 1
| #define __EXTENSIONS__ 1
| #define _ALL_SOURCE 1
| #define _GNU_SOURCE 1
| #define _POSIX_PTHREAD_SEMANTICS 1
| #define _TANDEM_SOURCE 1
| #define LT_OBJDIR ".libs/"
| #define HAVE_WINDOWS_H 1
| /* end confdefs.h.  */
| 
| /* Override any GCC internal prototype to avoid an error.
|    Use char because int might match the return type of a GCC
|    builtin and then its argument prototype would still apply.  */
| #ifdef __cplusplus
| extern "C"
| #endif
| char dlsym ();
| int
| main ()
| {
| return dlsym ();
|   ;
|   return 0;
| }
configure:11606: result: no
configure:11678: checking for special C compiler options needed for large files
configure:11723: result: no
configure:11729: checking for _FILE_OFFSET_BITS value needed for large files
configure:11754: x86_64-w64-mingw32-gcc -c -g -O2      conftest.c >&5
conftest.c:33:33: warning: left shift count >= width of type [-Wshift-count-overflow]
   33 | #define LARGE_OFF_T (((off_t) 1 << 62) - 1 + ((off_t) 1 << 62))
      |                                 ^~
conftest.c:34:23: note: in expansion of macro 'LARGE_OFF_T'
   34 |   int off_t_is_large[(LARGE_OFF_T % 2147483629 == 721
      |                       ^~~~~~~~~~~
conftest.c:33:57: warning: left shift count >= width of type [-Wshift-count-overflow]
   33 | #define LARGE_OFF_T (((off_t) 1 << 62) - 1 + ((off_t) 1 << 62))
      |                                                         ^~
conftest.c:34:23: note: in expansion of macro 'LARGE_OFF_T'
   34 |   int off_t_is_large[(LARGE_OFF_T % 2147483629 == 721
      |                       ^~~~~~~~~~~
conftest.c:33:33: warning: left shift count >= width of type [-Wshift-count-overflow]
   33 | #define LARGE_OFF_T (((off_t) 1 << 62) - 1 + ((off_t) 1 << 62))
      |                                 ^~
conftest.c:35:27: note: in expansion of macro 'LARGE_OFF_T'
   35 |                        && LARGE_OFF_T % 2147483647 == 1)
      |                           ^~~~~~~~~~~
conftest.c:33:57: warning: left shift count >= width of type [-Wshift-count-overflow]
   33 | #define LARGE_OFF_T (((off_t) 1 << 62) - 1 + ((off_t) 1 << 62))
      |                                                         ^~
conftest.c:35:27: note: in expansion of macro 'LARGE_OFF_T'
   35 |                        && LARGE_OFF_T % 2147483647 == 1)
      |                           ^~~~~~~~~~~
conftest.c:34:7: error: variably modified 'off_t_is_large' at file scope
   34 |   int off_t_is_large[(LARGE_OFF_T % 2147483629 == 721
      |       ^~~~~~~~~~~~~~
configure:11754: $? = 1
configure: failed program was:
| /* confdefs.h */
| #define PACKAGE_NAME "bfd"
| #define PACKAGE_TARNAME "bfd"
| #define PACKAGE_VERSION "2.42"
| #define PACKAGE_STRING "bfd 2.42"
| #define PACKAGE_BUGREPORT ""
| #define PACKAGE_URL ""
| #define PACKAGE "bfd"
| #define VERSION "2.42"
| #define STDC_HEADERS 1
| #define HAVE_SYS_TYPES_H 1
| #define HAVE_SYS_STAT_H 1
| #define HAVE_STDLIB_H 1
| #define HAVE_STRING_H 1
| #define HAVE_MEMORY_H 1
| #define HAVE_STRINGS_H 1
| #define HAVE_INTTYPES_H 1
| #define HAVE_STDINT_H 1
| #define HAVE_UNISTD_H 1
| #define __EXTENSIONS__ 1
| #define _ALL_SOURCE 1
| #define _GNU_SOURCE 1
| #define _POSIX_PTHREAD_SEMANTICS 1
| #define _TANDEM_SOURCE 1
| #define LT_OBJDIR ".libs/"
| #define HAVE_WINDOWS_H 1
| /* end confdefs.h.  */
| #include <sys/types.h>
|  /* Check that off_t can represent 2**63 - 1 correctly.
|     We can't simply define LARGE_OFF_T to be 9223372036854775807,
|     since some C++ compilers masquerading as C compilers
|     incorrectly reject 9223372036854775807.  */
| #define LARGE_OFF_T (((off_t) 1 << 62) - 1 + ((off_t) 1 << 62))
|   int off_t_is_large[(LARGE_OFF_T % 2147483629 == 721
| 		       && LARGE_OFF_T % 2147483647 == 1)
| 		      ? 1 : -1];
| int
| main ()
| {
| 
|   ;
|   return 0;
| }
configure:11778: x86_64-w64-mingw32-gcc -c -g -O2      conftest.c >&5
configure:11778: $? = 0
configure:11786: result: 64
configure:12315: checking whether to enable maintainer-specific portions of Makefiles
configure:12324: result: no
configure:12360: checking whether to install libbfd
configure:12373: result: no
configure:12403: checking whether byte ordering is bigendian
configure:12418: x86_64-w64-mingw32-gcc -c -g -O2      conftest.c >&5
conftest.c:32:16: error: unknown type name 'not'
   32 |                not a universal capable compiler
      |                ^~~
conftest.c:32:22: error: expected '=', ',', ';', 'asm' or '__attribute__' before 'universal'
   32 |                not a universal capable compiler
      |                      ^~~~~~~~~
conftest.c:32:22: error: unknown type name 'universal'
configure:12418: $? = 1
configure: failed program was:
| /* confdefs.h */
| #define PACKAGE_NAME "bfd"
| #define PACKAGE_TARNAME "bfd"
| #define PACKAGE_VERSION "2.42"
| #define PACKAGE_STRING "bfd 2.42"
| #define PACKAGE_BUGREPORT ""
| #define PACKAGE_URL ""
| #define PACKAGE "bfd"
| #define VERSION "2.42"
| #define STDC_HEADERS 1
| #define HAVE_SYS_TYPES_H 1
| #define HAVE_SYS_STAT_H 1
| #define HAVE_STDLIB_H 1
| #define HAVE_STRING_H 1
| #define HAVE_MEMORY_H 1
| #define HAVE_STRINGS_H 1
| #define HAVE_INTTYPES_H 1
| #define HAVE_STDINT_H 1
| #define HAVE_UNISTD_H 1
| #define __EXTENSIONS__ 1
| #define _ALL_SOURCE 1
| #define _GNU_SOURCE 1
| #define _POSIX_PTHREAD_SEMANTICS 1
| #define _TANDEM_SOURCE 1
| #define LT_OBJDIR ".libs/"
| #define HAVE_WINDOWS_H 1
| #define _FILE_OFFSET_BITS 64
| #define USE_SECUREPLT 1
| #define DEFAULT_LD_Z_SEPARATE_CODE 0
| /* end confdefs.h.  */
| #ifndef __APPLE_CC__
| 	       not a universal capable compiler
| 	     #endif
| 	     typedef int dummy;
| 
configure:12463: x86_64-w64-mingw32-gcc -c -g -O2      conftest.c >&5
configure:12463: $? = 0
configure:12481: x86_64-w64-mingw32-gcc -c -g -O2      conftest.c >&5
conftest.c: In function 'main':
conftest.c:38:18: error: unknown type name 'not'; did you mean 'ino_t'?
   38 |                  not big endian
      |                  ^~~
      |                  ino_t
conftest.c:38:26: error: expected '=', ',', ';', 'asm' or '__attribute__' before 'endian'
   38 |                  not big endian
      |                          ^~~~~~
configure:12481: $? = 1
configure: failed program was:
| /* confdefs.h */
| #define PACKAGE_NAME "bfd"
| #define PACKAGE_TARNAME "bfd"
| #define PACKAGE_VERSION "2.42"
| #define PACKAGE_STRING "bfd 2.42"
| #define PACKAGE_BUGREPORT ""
| #define PACKAGE_URL ""
| #define PACKAGE "bfd"
| #define VERSION "2.42"
| #define STDC_HEADERS 1
| #define HAVE_SYS_TYPES_H 1
| #define HAVE_SYS_STAT_H 1
| #define HAVE_STDLIB_H 1
| #define HAVE_STRING_H 1
| #define HAVE_MEMORY_H 1
| #define HAVE_STRINGS_H 1
| #define HAVE_INTTYPES_H 1
| #define HAVE_STDINT_H 1
| #define HAVE_UNISTD_H 1
| #define __EXTENSIONS__ 1
| #define _ALL_SOURCE 1
| #define _GNU_SOURCE 1
| #define _POSIX_PTHREAD_SEMANTICS 1
| #define _TANDEM_SOURCE 1
| #define LT_OBJDIR ".libs/"
| #define HAVE_WINDOWS_H 1
| #define _FILE_OFFSET_BITS 64
| #define USE_SECUREPLT 1
| #define DEFAULT_LD_Z_SEPARATE_CODE 0
| /* end confdefs.h.  */
| #include <sys/types.h>
| 		#include <sys/param.h>
| 
| int
| main ()
| {
| #if BYTE_ORDER != BIG_ENDIAN
| 		 not big endian
| 		#endif
| 
|   ;
|   return 0;
| }
configure:12609: result: no
configure:12649: checking whether NLS is requested
configure:12658: result: no
configure:12696: checking for msgfmt
configure:12730: result: no
configure:12736: checking for gmsgfmt
configure:12767: result: :
configure:12807: checking for xgettext
configure:12841: result: no
configure:12878: checking for msgmerge
configure:12911: result: no
configure:12983: checking for ld used by GCC
configure:13046: result: /usr/bin/x86_64-w64-mingw32-ld
configure:13053: checking if the linker (/usr/bin/x86_64-w64-mingw32-ld) is GNU ld
GNU ld (GNU Binutils) 2.44
configure:13065: result: yes
configure:13071: checking for shared library run path origin
configure:13084: result: done
configure:13531: checking for CFPreferencesCopyAppValue
configure:13549: x86_64-w64-mingw32-gcc -o conftest.exe -g -O2       -Wl,--stack,12582912 conftest.c  -Wl,-framework -Wl,CoreFoundation >&5
conftest.c:31:10: fatal error: CoreFoundation/CFPreferences.h: No such file or directory
   31 | #include <CoreFoundation/CFPreferences.h>
      |          ^~~~~~~~~~~~~~~~~~~~~~~~~~~~~~~~
compilation terminated.
configure:13549: $? = 1
configure: failed program was:
| /* confdefs.h */
| #define PACKAGE_NAME "bfd"
| #define PACKAGE_TARNAME "bfd"
| #define PACKAGE_VERSION "2.42"
| #define PACKAGE_STRING "bfd 2.42"
| #define PACKAGE_BUGREPORT ""
| #define PACKAGE_URL ""
| #define PACKAGE "bfd"
| #define VERSION "2.42"
| #define STDC_HEADERS 1
| #define HAVE_SYS_TYPES_H 1
| #define HAVE_SYS_STAT_H 1
| #define HAVE_STDLIB_H 1
| #define HAVE_STRING_H 1
| #define HAVE_MEMORY_H 1
| #define HAVE_STRINGS_H 1
| #define HAVE_INTTYPES_H 1
| #define HAVE_STDINT_H 1
| #define HAVE_UNISTD_H 1
| #define __EXTENSIONS__ 1
| #define _ALL_SOURCE 1
| #define _GNU_SOURCE 1
| #define _POSIX_PTHREAD_SEMANTICS 1
| #define _TANDEM_SOURCE 1
| #define LT_OBJDIR ".libs/"
| #define HAVE_WINDOWS_H 1
| #define _FILE_OFFSET_BITS 64
| #define USE_SECUREPLT 1
| #define DEFAULT_LD_Z_SEPARATE_CODE 0
| /* end confdefs.h.  */
| #include <CoreFoundation/CFPreferences.h>
| int
| main ()
| {
| CFPreferencesCopyAppValue(NULL, NULL)
|   ;
|   return 0;
| }
configure:13558: result: no
configure:13565: checking for CFLocaleCopyPreferredLanguages
configure:13583: x86_64-w64-mingw32-gcc -o conftest.exe -g -O2       -Wl,--stack,12582912 conftest.c  -Wl,-framework -Wl,CoreFoundation >&5
conftest.c:31:10: fatal error: CoreFoundation/CFLocale.h: No such file or directory
   31 | #include <CoreFoundation/CFLocale.h>
      |          ^~~~~~~~~~~~~~~~~~~~~~~~~~~
compilation terminated.
configure:13583: $? = 1
configure: failed program was:
| /* confdefs.h */
| #define PACKAGE_NAME "bfd"
| #define PACKAGE_TARNAME "bfd"
| #define PACKAGE_VERSION "2.42"
| #define PACKAGE_STRING "bfd 2.42"
| #define PACKAGE_BUGREPORT ""
| #define PACKAGE_URL ""
| #define PACKAGE "bfd"
| #define VERSION "2.42"
| #define STDC_HEADERS 1
| #define HAVE_SYS_TYPES_H 1
| #define HAVE_SYS_STAT_H 1
| #define HAVE_STDLIB_H 1
| #define HAVE_STRING_H 1
| #define HAVE_MEMORY_H 1
| #define HAVE_STRINGS_H 1
| #define HAVE_INTTYPES_H 1
| #define HAVE_STDINT_H 1
| #define HAVE_UNISTD_H 1
| #define __EXTENSIONS__ 1
| #define _ALL_SOURCE 1
| #define _GNU_SOURCE 1
| #define _POSIX_PTHREAD_SEMANTICS 1
| #define _TANDEM_SOURCE 1
| #define LT_OBJDIR ".libs/"
| #define HAVE_WINDOWS_H 1
| #define _FILE_OFFSET_BITS 64
| #define USE_SECUREPLT 1
| #define DEFAULT_LD_Z_SEPARATE_CODE 0
| /* end confdefs.h.  */
| #include <CoreFoundation/CFLocale.h>
| int
| main ()
| {
| CFLocaleCopyPreferredLanguages();
|   ;
|   return 0;
| }
configure:13592: result: no
configure:14472: checking whether to use NLS
configure:14474: result: no
configure:14557: checking whether NLS is requested
configure:14560: result: no
configure:14648: checking for msgfmt
configure:14682: result: no
configure:14688: checking for gmsgfmt
configure:14719: result: :
configure:14759: checking for xgettext
configure:14793: result: no
configure:14830: checking for msgmerge
configure:14863: result: no
configure:14906: checking size of long long
configure:14911: x86_64-w64-mingw32-gcc -c -g -O2      conftest.c >&5
configure:14911: $? = 0
configure:14911: x86_64-w64-mingw32-gcc -c -g -O2      conftest.c >&5
conftest.c: In function 'main':
conftest.c:67:12: error: size of array 'test_array' is negative
   67 | static int test_array [1 - 2 * !(((long int) (sizeof (long long))) <= 0)];
      |            ^~~~~~~~~~
configure:14911: $? = 1
configure: failed program was:
| /* confdefs.h */
| #define PACKAGE_NAME "bfd"
| #define PACKAGE_TARNAME "bfd"
| #define PACKAGE_VERSION "2.42"
| #define PACKAGE_STRING "bfd 2.42"
| #define PACKAGE_BUGREPORT ""
| #define PACKAGE_URL ""
| #define PACKAGE "bfd"
| #define VERSION "2.42"
| #define STDC_HEADERS 1
| #define HAVE_SYS_TYPES_H 1
| #define HAVE_SYS_STAT_H 1
| #define HAVE_STDLIB_H 1
| #define HAVE_STRING_H 1
| #define HAVE_MEMORY_H 1
| #define HAVE_STRINGS_H 1
| #define HAVE_INTTYPES_H 1
| #define HAVE_STDINT_H 1
| #define HAVE_UNISTD_H 1
| #define __EXTENSIONS__ 1
| #define _ALL_SOURCE 1
| #define _GNU_SOURCE 1
| #define _POSIX_PTHREAD_SEMANTICS 1
| #define _TANDEM_SOURCE 1
| #define LT_OBJDIR ".libs/"
| #define HAVE_WINDOWS_H 1
| #define _FILE_OFFSET_BITS 64
| #define USE_SECUREPLT 1
| #define DEFAULT_LD_Z_SEPARATE_CODE 0
| /* end confdefs.h.  */
| #include <stdio.h>
| #ifdef HAVE_SYS_TYPES_H
| # include <sys/types.h>
| #endif
| #ifdef HAVE_SYS_STAT_H
| # include <sys/stat.h>
| #endif
| #ifdef STDC_HEADERS
| # include <stdlib.h>
| # include <stddef.h>
| #else
| # ifdef HAVE_STDLIB_H
| #  include <stdlib.h>
| # endif
| #endif
| #ifdef HAVE_STRING_H
| # if !defined STDC_HEADERS && defined HAVE_MEMORY_H
| #  include <memory.h>
| # endif
| # include <string.h>
| #endif
| #ifdef HAVE_STRINGS_H
| # include <strings.h>
| #endif
| #ifdef HAVE_INTTYPES_H
| # include <inttypes.h>
| #endif
| #ifdef HAVE_STDINT_H
| # include <stdint.h>
| #endif
| #ifdef HAVE_UNISTD_H
| # include <unistd.h>
| #endif
| int
| main ()
| {
| static int test_array [1 - 2 * !(((long int) (sizeof (long long))) <= 0)];
| test_array [0] = 0;
| return test_array [0];
| 
|   ;
|   return 0;
| }
configure:14911: x86_64-w64-mingw32-gcc -c -g -O2      conftest.c >&5
conftest.c: In function 'main':
conftest.c:67:12: error: size of array 'test_array' is negative
   67 | static int test_array [1 - 2 * !(((long int) (sizeof (long long))) <= 1)];
      |            ^~~~~~~~~~
configure:14911: $? = 1
configure: failed program was:
| /* confdefs.h */
| #define PACKAGE_NAME "bfd"
| #define PACKAGE_TARNAME "bfd"
| #define PACKAGE_VERSION "2.42"
| #define PACKAGE_STRING "bfd 2.42"
| #define PACKAGE_BUGREPORT ""
| #define PACKAGE_URL ""
| #define PACKAGE "bfd"
| #define VERSION "2.42"
| #define STDC_HEADERS 1
| #define HAVE_SYS_TYPES_H 1
| #define HAVE_SYS_STAT_H 1
| #define HAVE_STDLIB_H 1
| #define HAVE_STRING_H 1
| #define HAVE_MEMORY_H 1
| #define HAVE_STRINGS_H 1
| #define HAVE_INTTYPES_H 1
| #define HAVE_STDINT_H 1
| #define HAVE_UNISTD_H 1
| #define __EXTENSIONS__ 1
| #define _ALL_SOURCE 1
| #define _GNU_SOURCE 1
| #define _POSIX_PTHREAD_SEMANTICS 1
| #define _TANDEM_SOURCE 1
| #define LT_OBJDIR ".libs/"
| #define HAVE_WINDOWS_H 1
| #define _FILE_OFFSET_BITS 64
| #define USE_SECUREPLT 1
| #define DEFAULT_LD_Z_SEPARATE_CODE 0
| /* end confdefs.h.  */
| #include <stdio.h>
| #ifdef HAVE_SYS_TYPES_H
| # include <sys/types.h>
| #endif
| #ifdef HAVE_SYS_STAT_H
| # include <sys/stat.h>
| #endif
| #ifdef STDC_HEADERS
| # include <stdlib.h>
| # include <stddef.h>
| #else
| # ifdef HAVE_STDLIB_H
| #  include <stdlib.h>
| # endif
| #endif
| #ifdef HAVE_STRING_H
| # if !defined STDC_HEADERS && defined HAVE_MEMORY_H
| #  include <memory.h>
| # endif
| # include <string.h>
| #endif
| #ifdef HAVE_STRINGS_H
| # include <strings.h>
| #endif
| #ifdef HAVE_INTTYPES_H
| # include <inttypes.h>
| #endif
| #ifdef HAVE_STDINT_H
| # include <stdint.h>
| #endif
| #ifdef HAVE_UNISTD_H
| # include <unistd.h>
| #endif
| int
| main ()
| {
| static int test_array [1 - 2 * !(((long int) (sizeof (long long))) <= 1)];
| test_array [0] = 0;
| return test_array [0];
| 
|   ;
|   return 0;
| }
configure:14911: x86_64-w64-mingw32-gcc -c -g -O2      conftest.c >&5
conftest.c: In function 'main':
conftest.c:67:12: error: size of array 'test_array' is negative
   67 | static int test_array [1 - 2 * !(((long int) (sizeof (long long))) <= 3)];
      |            ^~~~~~~~~~
configure:14911: $? = 1
configure: failed program was:
| /* confdefs.h */
| #define PACKAGE_NAME "bfd"
| #define PACKAGE_TARNAME "bfd"
| #define PACKAGE_VERSION "2.42"
| #define PACKAGE_STRING "bfd 2.42"
| #define PACKAGE_BUGREPORT ""
| #define PACKAGE_URL ""
| #define PACKAGE "bfd"
| #define VERSION "2.42"
| #define STDC_HEADERS 1
| #define HAVE_SYS_TYPES_H 1
| #define HAVE_SYS_STAT_H 1
| #define HAVE_STDLIB_H 1
| #define HAVE_STRING_H 1
| #define HAVE_MEMORY_H 1
| #define HAVE_STRINGS_H 1
| #define HAVE_INTTYPES_H 1
| #define HAVE_STDINT_H 1
| #define HAVE_UNISTD_H 1
| #define __EXTENSIONS__ 1
| #define _ALL_SOURCE 1
| #define _GNU_SOURCE 1
| #define _POSIX_PTHREAD_SEMANTICS 1
| #define _TANDEM_SOURCE 1
| #define LT_OBJDIR ".libs/"
| #define HAVE_WINDOWS_H 1
| #define _FILE_OFFSET_BITS 64
| #define USE_SECUREPLT 1
| #define DEFAULT_LD_Z_SEPARATE_CODE 0
| /* end confdefs.h.  */
| #include <stdio.h>
| #ifdef HAVE_SYS_TYPES_H
| # include <sys/types.h>
| #endif
| #ifdef HAVE_SYS_STAT_H
| # include <sys/stat.h>
| #endif
| #ifdef STDC_HEADERS
| # include <stdlib.h>
| # include <stddef.h>
| #else
| # ifdef HAVE_STDLIB_H
| #  include <stdlib.h>
| # endif
| #endif
| #ifdef HAVE_STRING_H
| # if !defined STDC_HEADERS && defined HAVE_MEMORY_H
| #  include <memory.h>
| # endif
| # include <string.h>
| #endif
| #ifdef HAVE_STRINGS_H
| # include <strings.h>
| #endif
| #ifdef HAVE_INTTYPES_H
| # include <inttypes.h>
| #endif
| #ifdef HAVE_STDINT_H
| # include <stdint.h>
| #endif
| #ifdef HAVE_UNISTD_H
| # include <unistd.h>
| #endif
| int
| main ()
| {
| static int test_array [1 - 2 * !(((long int) (sizeof (long long))) <= 3)];
| test_array [0] = 0;
| return test_array [0];
| 
|   ;
|   return 0;
| }
configure:14911: x86_64-w64-mingw32-gcc -c -g -O2      conftest.c >&5
conftest.c: In function 'main':
conftest.c:67:12: error: size of array 'test_array' is negative
   67 | static int test_array [1 - 2 * !(((long int) (sizeof (long long))) <= 7)];
      |            ^~~~~~~~~~
configure:14911: $? = 1
configure: failed program was:
| /* confdefs.h */
| #define PACKAGE_NAME "bfd"
| #define PACKAGE_TARNAME "bfd"
| #define PACKAGE_VERSION "2.42"
| #define PACKAGE_STRING "bfd 2.42"
| #define PACKAGE_BUGREPORT ""
| #define PACKAGE_URL ""
| #define PACKAGE "bfd"
| #define VERSION "2.42"
| #define STDC_HEADERS 1
| #define HAVE_SYS_TYPES_H 1
| #define HAVE_SYS_STAT_H 1
| #define HAVE_STDLIB_H 1
| #define HAVE_STRING_H 1
| #define HAVE_MEMORY_H 1
| #define HAVE_STRINGS_H 1
| #define HAVE_INTTYPES_H 1
| #define HAVE_STDINT_H 1
| #define HAVE_UNISTD_H 1
| #define __EXTENSIONS__ 1
| #define _ALL_SOURCE 1
| #define _GNU_SOURCE 1
| #define _POSIX_PTHREAD_SEMANTICS 1
| #define _TANDEM_SOURCE 1
| #define LT_OBJDIR ".libs/"
| #define HAVE_WINDOWS_H 1
| #define _FILE_OFFSET_BITS 64
| #define USE_SECUREPLT 1
| #define DEFAULT_LD_Z_SEPARATE_CODE 0
| /* end confdefs.h.  */
| #include <stdio.h>
| #ifdef HAVE_SYS_TYPES_H
| # include <sys/types.h>
| #endif
| #ifdef HAVE_SYS_STAT_H
| # include <sys/stat.h>
| #endif
| #ifdef STDC_HEADERS
| # include <stdlib.h>
| # include <stddef.h>
| #else
| # ifdef HAVE_STDLIB_H
| #  include <stdlib.h>
| # endif
| #endif
| #ifdef HAVE_STRING_H
| # if !defined STDC_HEADERS && defined HAVE_MEMORY_H
| #  include <memory.h>
| # endif
| # include <string.h>
| #endif
| #ifdef HAVE_STRINGS_H
| # include <strings.h>
| #endif
| #ifdef HAVE_INTTYPES_H
| # include <inttypes.h>
| #endif
| #ifdef HAVE_STDINT_H
| # include <stdint.h>
| #endif
| #ifdef HAVE_UNISTD_H
| # include <unistd.h>
| #endif
| int
| main ()
| {
| static int test_array [1 - 2 * !(((long int) (sizeof (long long))) <= 7)];
| test_array [0] = 0;
| return test_array [0];
| 
|   ;
|   return 0;
| }
configure:14911: x86_64-w64-mingw32-gcc -c -g -O2      conftest.c >&5
configure:14911: $? = 0
configure:14911: x86_64-w64-mingw32-gcc -c -g -O2      conftest.c >&5
configure:14911: $? = 0
configure:14911: x86_64-w64-mingw32-gcc -c -g -O2      conftest.c >&5
configure:14911: $? = 0
configure:14911: x86_64-w64-mingw32-gcc -c -g -O2      conftest.c >&5
configure:14911: $? = 0
configure:14925: result: 8
configure:14939: checking size of void *
configure:14944: x86_64-w64-mingw32-gcc -c -g -O2      conftest.c >&5
configure:14944: $? = 0
configure:14944: x86_64-w64-mingw32-gcc -c -g -O2      conftest.c >&5
conftest.c: In function 'main':
conftest.c:68:12: error: size of array 'test_array' is negative
   68 | static int test_array [1 - 2 * !(((long int) (sizeof (void *))) <= 0)];
      |            ^~~~~~~~~~
configure:14944: $? = 1
configure: failed program was:
| /* confdefs.h */
| #define PACKAGE_NAME "bfd"
| #define PACKAGE_TARNAME "bfd"
| #define PACKAGE_VERSION "2.42"
| #define PACKAGE_STRING "bfd 2.42"
| #define PACKAGE_BUGREPORT ""
| #define PACKAGE_URL ""
| #define PACKAGE "bfd"
| #define VERSION "2.42"
| #define STDC_HEADERS 1
| #define HAVE_SYS_TYPES_H 1
| #define HAVE_SYS_STAT_H 1
| #define HAVE_STDLIB_H 1
| #define HAVE_STRING_H 1
| #define HAVE_MEMORY_H 1
| #define HAVE_STRINGS_H 1
| #define HAVE_INTTYPES_H 1
| #define HAVE_STDINT_H 1
| #define HAVE_UNISTD_H 1
| #define __EXTENSIONS__ 1
| #define _ALL_SOURCE 1
| #define _GNU_SOURCE 1
| #define _POSIX_PTHREAD_SEMANTICS 1
| #define _TANDEM_SOURCE 1
| #define LT_OBJDIR ".libs/"
| #define HAVE_WINDOWS_H 1
| #define _FILE_OFFSET_BITS 64
| #define USE_SECUREPLT 1
| #define DEFAULT_LD_Z_SEPARATE_CODE 0
| #define SIZEOF_LONG_LONG 8
| /* end confdefs.h.  */
| #include <stdio.h>
| #ifdef HAVE_SYS_TYPES_H
| # include <sys/types.h>
| #endif
| #ifdef HAVE_SYS_STAT_H
| # include <sys/stat.h>
| #endif
| #ifdef STDC_HEADERS
| # include <stdlib.h>
| # include <stddef.h>
| #else
| # ifdef HAVE_STDLIB_H
| #  include <stdlib.h>
| # endif
| #endif
| #ifdef HAVE_STRING_H
| # if !defined STDC_HEADERS && defined HAVE_MEMORY_H
| #  include <memory.h>
| # endif
| # include <string.h>
| #endif
| #ifdef HAVE_STRINGS_H
| # include <strings.h>
| #endif
| #ifdef HAVE_INTTYPES_H
| # include <inttypes.h>
| #endif
| #ifdef HAVE_STDINT_H
| # include <stdint.h>
| #endif
| #ifdef HAVE_UNISTD_H
| # include <unistd.h>
| #endif
| int
| main ()
| {
| static int test_array [1 - 2 * !(((long int) (sizeof (void *))) <= 0)];
| test_array [0] = 0;
| return test_array [0];
| 
|   ;
|   return 0;
| }
configure:14944: x86_64-w64-mingw32-gcc -c -g -O2      conftest.c >&5
conftest.c: In function 'main':
conftest.c:68:12: error: size of array 'test_array' is negative
   68 | static int test_array [1 - 2 * !(((long int) (sizeof (void *))) <= 1)];
      |            ^~~~~~~~~~
configure:14944: $? = 1
configure: failed program was:
| /* confdefs.h */
| #define PACKAGE_NAME "bfd"
| #define PACKAGE_TARNAME "bfd"
| #define PACKAGE_VERSION "2.42"
| #define PACKAGE_STRING "bfd 2.42"
| #define PACKAGE_BUGREPORT ""
| #define PACKAGE_URL ""
| #define PACKAGE "bfd"
| #define VERSION "2.42"
| #define STDC_HEADERS 1
| #define HAVE_SYS_TYPES_H 1
| #define HAVE_SYS_STAT_H 1
| #define HAVE_STDLIB_H 1
| #define HAVE_STRING_H 1
| #define HAVE_MEMORY_H 1
| #define HAVE_STRINGS_H 1
| #define HAVE_INTTYPES_H 1
| #define HAVE_STDINT_H 1
| #define HAVE_UNISTD_H 1
| #define __EXTENSIONS__ 1
| #define _ALL_SOURCE 1
| #define _GNU_SOURCE 1
| #define _POSIX_PTHREAD_SEMANTICS 1
| #define _TANDEM_SOURCE 1
| #define LT_OBJDIR ".libs/"
| #define HAVE_WINDOWS_H 1
| #define _FILE_OFFSET_BITS 64
| #define USE_SECUREPLT 1
| #define DEFAULT_LD_Z_SEPARATE_CODE 0
| #define SIZEOF_LONG_LONG 8
| /* end confdefs.h.  */
| #include <stdio.h>
| #ifdef HAVE_SYS_TYPES_H
| # include <sys/types.h>
| #endif
| #ifdef HAVE_SYS_STAT_H
| # include <sys/stat.h>
| #endif
| #ifdef STDC_HEADERS
| # include <stdlib.h>
| # include <stddef.h>
| #else
| # ifdef HAVE_STDLIB_H
| #  include <stdlib.h>
| # endif
| #endif
| #ifdef HAVE_STRING_H
| # if !defined STDC_HEADERS && defined HAVE_MEMORY_H
| #  include <memory.h>
| # endif
| # include <string.h>
| #endif
| #ifdef HAVE_STRINGS_H
| # include <strings.h>
| #endif
| #ifdef HAVE_INTTYPES_H
| # include <inttypes.h>
| #endif
| #ifdef HAVE_STDINT_H
| # include <stdint.h>
| #endif
| #ifdef HAVE_UNISTD_H
| # include <unistd.h>
| #endif
| int
| main ()
| {
| static int test_array [1 - 2 * !(((long int) (sizeof (void *))) <= 1)];
| test_array [0] = 0;
| return test_array [0];
| 
|   ;
|   return 0;
| }
configure:14944: x86_64-w64-mingw32-gcc -c -g -O2      conftest.c >&5
conftest.c: In function 'main':
conftest.c:68:12: error: size of array 'test_array' is negative
   68 | static int test_array [1 - 2 * !(((long int) (sizeof (void *))) <= 3)];
      |            ^~~~~~~~~~
configure:14944: $? = 1
configure: failed program was:
| /* confdefs.h */
| #define PACKAGE_NAME "bfd"
| #define PACKAGE_TARNAME "bfd"
| #define PACKAGE_VERSION "2.42"
| #define PACKAGE_STRING "bfd 2.42"
| #define PACKAGE_BUGREPORT ""
| #define PACKAGE_URL ""
| #define PACKAGE "bfd"
| #define VERSION "2.42"
| #define STDC_HEADERS 1
| #define HAVE_SYS_TYPES_H 1
| #define HAVE_SYS_STAT_H 1
| #define HAVE_STDLIB_H 1
| #define HAVE_STRING_H 1
| #define HAVE_MEMORY_H 1
| #define HAVE_STRINGS_H 1
| #define HAVE_INTTYPES_H 1
| #define HAVE_STDINT_H 1
| #define HAVE_UNISTD_H 1
| #define __EXTENSIONS__ 1
| #define _ALL_SOURCE 1
| #define _GNU_SOURCE 1
| #define _POSIX_PTHREAD_SEMANTICS 1
| #define _TANDEM_SOURCE 1
| #define LT_OBJDIR ".libs/"
| #define HAVE_WINDOWS_H 1
| #define _FILE_OFFSET_BITS 64
| #define USE_SECUREPLT 1
| #define DEFAULT_LD_Z_SEPARATE_CODE 0
| #define SIZEOF_LONG_LONG 8
| /* end confdefs.h.  */
| #include <stdio.h>
| #ifdef HAVE_SYS_TYPES_H
| # include <sys/types.h>
| #endif
| #ifdef HAVE_SYS_STAT_H
| # include <sys/stat.h>
| #endif
| #ifdef STDC_HEADERS
| # include <stdlib.h>
| # include <stddef.h>
| #else
| # ifdef HAVE_STDLIB_H
| #  include <stdlib.h>
| # endif
| #endif
| #ifdef HAVE_STRING_H
| # if !defined STDC_HEADERS && defined HAVE_MEMORY_H
| #  include <memory.h>
| # endif
| # include <string.h>
| #endif
| #ifdef HAVE_STRINGS_H
| # include <strings.h>
| #endif
| #ifdef HAVE_INTTYPES_H
| # include <inttypes.h>
| #endif
| #ifdef HAVE_STDINT_H
| # include <stdint.h>
| #endif
| #ifdef HAVE_UNISTD_H
| # include <unistd.h>
| #endif
| int
| main ()
| {
| static int test_array [1 - 2 * !(((long int) (sizeof (void *))) <= 3)];
| test_array [0] = 0;
| return test_array [0];
| 
|   ;
|   return 0;
| }
configure:14944: x86_64-w64-mingw32-gcc -c -g -O2      conftest.c >&5
conftest.c: In function 'main':
conftest.c:68:12: error: size of array 'test_array' is negative
   68 | static int test_array [1 - 2 * !(((long int) (sizeof (void *))) <= 7)];
      |            ^~~~~~~~~~
configure:14944: $? = 1
configure: failed program was:
| /* confdefs.h */
| #define PACKAGE_NAME "bfd"
| #define PACKAGE_TARNAME "bfd"
| #define PACKAGE_VERSION "2.42"
| #define PACKAGE_STRING "bfd 2.42"
| #define PACKAGE_BUGREPORT ""
| #define PACKAGE_URL ""
| #define PACKAGE "bfd"
| #define VERSION "2.42"
| #define STDC_HEADERS 1
| #define HAVE_SYS_TYPES_H 1
| #define HAVE_SYS_STAT_H 1
| #define HAVE_STDLIB_H 1
| #define HAVE_STRING_H 1
| #define HAVE_MEMORY_H 1
| #define HAVE_STRINGS_H 1
| #define HAVE_INTTYPES_H 1
| #define HAVE_STDINT_H 1
| #define HAVE_UNISTD_H 1
| #define __EXTENSIONS__ 1
| #define _ALL_SOURCE 1
| #define _GNU_SOURCE 1
| #define _POSIX_PTHREAD_SEMANTICS 1
| #define _TANDEM_SOURCE 1
| #define LT_OBJDIR ".libs/"
| #define HAVE_WINDOWS_H 1
| #define _FILE_OFFSET_BITS 64
| #define USE_SECUREPLT 1
| #define DEFAULT_LD_Z_SEPARATE_CODE 0
| #define SIZEOF_LONG_LONG 8
| /* end confdefs.h.  */
| #include <stdio.h>
| #ifdef HAVE_SYS_TYPES_H
| # include <sys/types.h>
| #endif
| #ifdef HAVE_SYS_STAT_H
| # include <sys/stat.h>
| #endif
| #ifdef STDC_HEADERS
| # include <stdlib.h>
| # include <stddef.h>
| #else
| # ifdef HAVE_STDLIB_H
| #  include <stdlib.h>
| # endif
| #endif
| #ifdef HAVE_STRING_H
| # if !defined STDC_HEADERS && defined HAVE_MEMORY_H
| #  include <memory.h>
| # endif
| # include <string.h>
| #endif
| #ifdef HAVE_STRINGS_H
| # include <strings.h>
| #endif
| #ifdef HAVE_INTTYPES_H
| # include <inttypes.h>
| #endif
| #ifdef HAVE_STDINT_H
| # include <stdint.h>
| #endif
| #ifdef HAVE_UNISTD_H
| # include <unistd.h>
| #endif
| int
| main ()
| {
| static int test_array [1 - 2 * !(((long int) (sizeof (void *))) <= 7)];
| test_array [0] = 0;
| return test_array [0];
| 
|   ;
|   return 0;
| }
configure:14944: x86_64-w64-mingw32-gcc -c -g -O2      conftest.c >&5
configure:14944: $? = 0
configure:14944: x86_64-w64-mingw32-gcc -c -g -O2      conftest.c >&5
configure:14944: $? = 0
configure:14944: x86_64-w64-mingw32-gcc -c -g -O2      conftest.c >&5
configure:14944: $? = 0
configure:14944: x86_64-w64-mingw32-gcc -c -g -O2      conftest.c >&5
configure:14944: $? = 0
configure:14958: result: 8
configure:14972: checking size of long
configure:14977: x86_64-w64-mingw32-gcc -c -g -O2      conftest.c >&5
configure:14977: $? = 0
configure:14977: x86_64-w64-mingw32-gcc -c -g -O2      conftest.c >&5
conftest.c: In function 'main':
conftest.c:69:12: error: size of array 'test_array' is negative
   69 | static int test_array [1 - 2 * !(((long int) (sizeof (long))) <= 0)];
      |            ^~~~~~~~~~
configure:14977: $? = 1
configure: failed program was:
| /* confdefs.h */
| #define PACKAGE_NAME "bfd"
| #define PACKAGE_TARNAME "bfd"
| #define PACKAGE_VERSION "2.42"
| #define PACKAGE_STRING "bfd 2.42"
| #define PACKAGE_BUGREPORT ""
| #define PACKAGE_URL ""
| #define PACKAGE "bfd"
| #define VERSION "2.42"
| #define STDC_HEADERS 1
| #define HAVE_SYS_TYPES_H 1
| #define HAVE_SYS_STAT_H 1
| #define HAVE_STDLIB_H 1
| #define HAVE_STRING_H 1
| #define HAVE_MEMORY_H 1
| #define HAVE_STRINGS_H 1
| #define HAVE_INTTYPES_H 1
| #define HAVE_STDINT_H 1
| #define HAVE_UNISTD_H 1
| #define __EXTENSIONS__ 1
| #define _ALL_SOURCE 1
| #define _GNU_SOURCE 1
| #define _POSIX_PTHREAD_SEMANTICS 1
| #define _TANDEM_SOURCE 1
| #define LT_OBJDIR ".libs/"
| #define HAVE_WINDOWS_H 1
| #define _FILE_OFFSET_BITS 64
| #define USE_SECUREPLT 1
| #define DEFAULT_LD_Z_SEPARATE_CODE 0
| #define SIZEOF_LONG_LONG 8
| #define SIZEOF_VOID_P 8
| /* end confdefs.h.  */
| #include <stdio.h>
| #ifdef HAVE_SYS_TYPES_H
| # include <sys/types.h>
| #endif
| #ifdef HAVE_SYS_STAT_H
| # include <sys/stat.h>
| #endif
| #ifdef STDC_HEADERS
| # include <stdlib.h>
| # include <stddef.h>
| #else
| # ifdef HAVE_STDLIB_H
| #  include <stdlib.h>
| # endif
| #endif
| #ifdef HAVE_STRING_H
| # if !defined STDC_HEADERS && defined HAVE_MEMORY_H
| #  include <memory.h>
| # endif
| # include <string.h>
| #endif
| #ifdef HAVE_STRINGS_H
| # include <strings.h>
| #endif
| #ifdef HAVE_INTTYPES_H
| # include <inttypes.h>
| #endif
| #ifdef HAVE_STDINT_H
| # include <stdint.h>
| #endif
| #ifdef HAVE_UNISTD_H
| # include <unistd.h>
| #endif
| int
| main ()
| {
| static int test_array [1 - 2 * !(((long int) (sizeof (long))) <= 0)];
| test_array [0] = 0;
| return test_array [0];
| 
|   ;
|   return 0;
| }
configure:14977: x86_64-w64-mingw32-gcc -c -g -O2      conftest.c >&5
conftest.c: In function 'main':
conftest.c:69:12: error: size of array 'test_array' is negative
   69 | static int test_array [1 - 2 * !(((long int) (sizeof (long))) <= 1)];
      |            ^~~~~~~~~~
configure:14977: $? = 1
configure: failed program was:
| /* confdefs.h */
| #define PACKAGE_NAME "bfd"
| #define PACKAGE_TARNAME "bfd"
| #define PACKAGE_VERSION "2.42"
| #define PACKAGE_STRING "bfd 2.42"
| #define PACKAGE_BUGREPORT ""
| #define PACKAGE_URL ""
| #define PACKAGE "bfd"
| #define VERSION "2.42"
| #define STDC_HEADERS 1
| #define HAVE_SYS_TYPES_H 1
| #define HAVE_SYS_STAT_H 1
| #define HAVE_STDLIB_H 1
| #define HAVE_STRING_H 1
| #define HAVE_MEMORY_H 1
| #define HAVE_STRINGS_H 1
| #define HAVE_INTTYPES_H 1
| #define HAVE_STDINT_H 1
| #define HAVE_UNISTD_H 1
| #define __EXTENSIONS__ 1
| #define _ALL_SOURCE 1
| #define _GNU_SOURCE 1
| #define _POSIX_PTHREAD_SEMANTICS 1
| #define _TANDEM_SOURCE 1
| #define LT_OBJDIR ".libs/"
| #define HAVE_WINDOWS_H 1
| #define _FILE_OFFSET_BITS 64
| #define USE_SECUREPLT 1
| #define DEFAULT_LD_Z_SEPARATE_CODE 0
| #define SIZEOF_LONG_LONG 8
| #define SIZEOF_VOID_P 8
| /* end confdefs.h.  */
| #include <stdio.h>
| #ifdef HAVE_SYS_TYPES_H
| # include <sys/types.h>
| #endif
| #ifdef HAVE_SYS_STAT_H
| # include <sys/stat.h>
| #endif
| #ifdef STDC_HEADERS
| # include <stdlib.h>
| # include <stddef.h>
| #else
| # ifdef HAVE_STDLIB_H
| #  include <stdlib.h>
| # endif
| #endif
| #ifdef HAVE_STRING_H
| # if !defined STDC_HEADERS && defined HAVE_MEMORY_H
| #  include <memory.h>
| # endif
| # include <string.h>
| #endif
| #ifdef HAVE_STRINGS_H
| # include <strings.h>
| #endif
| #ifdef HAVE_INTTYPES_H
| # include <inttypes.h>
| #endif
| #ifdef HAVE_STDINT_H
| # include <stdint.h>
| #endif
| #ifdef HAVE_UNISTD_H
| # include <unistd.h>
| #endif
| int
| main ()
| {
| static int test_array [1 - 2 * !(((long int) (sizeof (long))) <= 1)];
| test_array [0] = 0;
| return test_array [0];
| 
|   ;
|   return 0;
| }
configure:14977: x86_64-w64-mingw32-gcc -c -g -O2      conftest.c >&5
conftest.c: In function 'main':
conftest.c:69:12: error: size of array 'test_array' is negative
   69 | static int test_array [1 - 2 * !(((long int) (sizeof (long))) <= 3)];
      |            ^~~~~~~~~~
configure:14977: $? = 1
configure: failed program was:
| /* confdefs.h */
| #define PACKAGE_NAME "bfd"
| #define PACKAGE_TARNAME "bfd"
| #define PACKAGE_VERSION "2.42"
| #define PACKAGE_STRING "bfd 2.42"
| #define PACKAGE_BUGREPORT ""
| #define PACKAGE_URL ""
| #define PACKAGE "bfd"
| #define VERSION "2.42"
| #define STDC_HEADERS 1
| #define HAVE_SYS_TYPES_H 1
| #define HAVE_SYS_STAT_H 1
| #define HAVE_STDLIB_H 1
| #define HAVE_STRING_H 1
| #define HAVE_MEMORY_H 1
| #define HAVE_STRINGS_H 1
| #define HAVE_INTTYPES_H 1
| #define HAVE_STDINT_H 1
| #define HAVE_UNISTD_H 1
| #define __EXTENSIONS__ 1
| #define _ALL_SOURCE 1
| #define _GNU_SOURCE 1
| #define _POSIX_PTHREAD_SEMANTICS 1
| #define _TANDEM_SOURCE 1
| #define LT_OBJDIR ".libs/"
| #define HAVE_WINDOWS_H 1
| #define _FILE_OFFSET_BITS 64
| #define USE_SECUREPLT 1
| #define DEFAULT_LD_Z_SEPARATE_CODE 0
| #define SIZEOF_LONG_LONG 8
| #define SIZEOF_VOID_P 8
| /* end confdefs.h.  */
| #include <stdio.h>
| #ifdef HAVE_SYS_TYPES_H
| # include <sys/types.h>
| #endif
| #ifdef HAVE_SYS_STAT_H
| # include <sys/stat.h>
| #endif
| #ifdef STDC_HEADERS
| # include <stdlib.h>
| # include <stddef.h>
| #else
| # ifdef HAVE_STDLIB_H
| #  include <stdlib.h>
| # endif
| #endif
| #ifdef HAVE_STRING_H
| # if !defined STDC_HEADERS && defined HAVE_MEMORY_H
| #  include <memory.h>
| # endif
| # include <string.h>
| #endif
| #ifdef HAVE_STRINGS_H
| # include <strings.h>
| #endif
| #ifdef HAVE_INTTYPES_H
| # include <inttypes.h>
| #endif
| #ifdef HAVE_STDINT_H
| # include <stdint.h>
| #endif
| #ifdef HAVE_UNISTD_H
| # include <unistd.h>
| #endif
| int
| main ()
| {
| static int test_array [1 - 2 * !(((long int) (sizeof (long))) <= 3)];
| test_array [0] = 0;
| return test_array [0];
| 
|   ;
|   return 0;
| }
configure:14977: x86_64-w64-mingw32-gcc -c -g -O2      conftest.c >&5
configure:14977: $? = 0
configure:14977: x86_64-w64-mingw32-gcc -c -g -O2      conftest.c >&5
configure:14977: $? = 0
configure:14977: x86_64-w64-mingw32-gcc -c -g -O2      conftest.c >&5
configure:14977: $? = 0
configure:14991: result: 4
configure:15005: checking size of int
configure:15010: x86_64-w64-mingw32-gcc -c -g -O2      conftest.c >&5
configure:15010: $? = 0
configure:15010: x86_64-w64-mingw32-gcc -c -g -O2      conftest.c >&5
conftest.c: In function 'main':
conftest.c:70:12: error: size of array 'test_array' is negative
   70 | static int test_array [1 - 2 * !(((long int) (sizeof (int))) <= 0)];
      |            ^~~~~~~~~~
configure:15010: $? = 1
configure: failed program was:
| /* confdefs.h */
| #define PACKAGE_NAME "bfd"
| #define PACKAGE_TARNAME "bfd"
| #define PACKAGE_VERSION "2.42"
| #define PACKAGE_STRING "bfd 2.42"
| #define PACKAGE_BUGREPORT ""
| #define PACKAGE_URL ""
| #define PACKAGE "bfd"
| #define VERSION "2.42"
| #define STDC_HEADERS 1
| #define HAVE_SYS_TYPES_H 1
| #define HAVE_SYS_STAT_H 1
| #define HAVE_STDLIB_H 1
| #define HAVE_STRING_H 1
| #define HAVE_MEMORY_H 1
| #define HAVE_STRINGS_H 1
| #define HAVE_INTTYPES_H 1
| #define HAVE_STDINT_H 1
| #define HAVE_UNISTD_H 1
| #define __EXTENSIONS__ 1
| #define _ALL_SOURCE 1
| #define _GNU_SOURCE 1
| #define _POSIX_PTHREAD_SEMANTICS 1
| #define _TANDEM_SOURCE 1
| #define LT_OBJDIR ".libs/"
| #define HAVE_WINDOWS_H 1
| #define _FILE_OFFSET_BITS 64
| #define USE_SECUREPLT 1
| #define DEFAULT_LD_Z_SEPARATE_CODE 0
| #define SIZEOF_LONG_LONG 8
| #define SIZEOF_VOID_P 8
| #define SIZEOF_LONG 4
| /* end confdefs.h.  */
| #include <stdio.h>
| #ifdef HAVE_SYS_TYPES_H
| # include <sys/types.h>
| #endif
| #ifdef HAVE_SYS_STAT_H
| # include <sys/stat.h>
| #endif
| #ifdef STDC_HEADERS
| # include <stdlib.h>
| # include <stddef.h>
| #else
| # ifdef HAVE_STDLIB_H
| #  include <stdlib.h>
| # endif
| #endif
| #ifdef HAVE_STRING_H
| # if !defined STDC_HEADERS && defined HAVE_MEMORY_H
| #  include <memory.h>
| # endif
| # include <string.h>
| #endif
| #ifdef HAVE_STRINGS_H
| # include <strings.h>
| #endif
| #ifdef HAVE_INTTYPES_H
| # include <inttypes.h>
| #endif
| #ifdef HAVE_STDINT_H
| # include <stdint.h>
| #endif
| #ifdef HAVE_UNISTD_H
| # include <unistd.h>
| #endif
| int
| main ()
| {
| static int test_array [1 - 2 * !(((long int) (sizeof (int))) <= 0)];
| test_array [0] = 0;
| return test_array [0];
| 
|   ;
|   return 0;
| }
configure:15010: x86_64-w64-mingw32-gcc -c -g -O2      conftest.c >&5
conftest.c: In function 'main':
conftest.c:70:12: error: size of array 'test_array' is negative
   70 | static int test_array [1 - 2 * !(((long int) (sizeof (int))) <= 1)];
      |            ^~~~~~~~~~
configure:15010: $? = 1
configure: failed program was:
| /* confdefs.h */
| #define PACKAGE_NAME "bfd"
| #define PACKAGE_TARNAME "bfd"
| #define PACKAGE_VERSION "2.42"
| #define PACKAGE_STRING "bfd 2.42"
| #define PACKAGE_BUGREPORT ""
| #define PACKAGE_URL ""
| #define PACKAGE "bfd"
| #define VERSION "2.42"
| #define STDC_HEADERS 1
| #define HAVE_SYS_TYPES_H 1
| #define HAVE_SYS_STAT_H 1
| #define HAVE_STDLIB_H 1
| #define HAVE_STRING_H 1
| #define HAVE_MEMORY_H 1
| #define HAVE_STRINGS_H 1
| #define HAVE_INTTYPES_H 1
| #define HAVE_STDINT_H 1
| #define HAVE_UNISTD_H 1
| #define __EXTENSIONS__ 1
| #define _ALL_SOURCE 1
| #define _GNU_SOURCE 1
| #define _POSIX_PTHREAD_SEMANTICS 1
| #define _TANDEM_SOURCE 1
| #define LT_OBJDIR ".libs/"
| #define HAVE_WINDOWS_H 1
| #define _FILE_OFFSET_BITS 64
| #define USE_SECUREPLT 1
| #define DEFAULT_LD_Z_SEPARATE_CODE 0
| #define SIZEOF_LONG_LONG 8
| #define SIZEOF_VOID_P 8
| #define SIZEOF_LONG 4
| /* end confdefs.h.  */
| #include <stdio.h>
| #ifdef HAVE_SYS_TYPES_H
| # include <sys/types.h>
| #endif
| #ifdef HAVE_SYS_STAT_H
| # include <sys/stat.h>
| #endif
| #ifdef STDC_HEADERS
| # include <stdlib.h>
| # include <stddef.h>
| #else
| # ifdef HAVE_STDLIB_H
| #  include <stdlib.h>
| # endif
| #endif
| #ifdef HAVE_STRING_H
| # if !defined STDC_HEADERS && defined HAVE_MEMORY_H
| #  include <memory.h>
| # endif
| # include <string.h>
| #endif
| #ifdef HAVE_STRINGS_H
| # include <strings.h>
| #endif
| #ifdef HAVE_INTTYPES_H
| # include <inttypes.h>
| #endif
| #ifdef HAVE_STDINT_H
| # include <stdint.h>
| #endif
| #ifdef HAVE_UNISTD_H
| # include <unistd.h>
| #endif
| int
| main ()
| {
| static int test_array [1 - 2 * !(((long int) (sizeof (int))) <= 1)];
| test_array [0] = 0;
| return test_array [0];
| 
|   ;
|   return 0;
| }
configure:15010: x86_64-w64-mingw32-gcc -c -g -O2      conftest.c >&5
conftest.c: In function 'main':
conftest.c:70:12: error: size of array 'test_array' is negative
   70 | static int test_array [1 - 2 * !(((long int) (sizeof (int))) <= 3)];
      |            ^~~~~~~~~~
configure:15010: $? = 1
configure: failed program was:
| /* confdefs.h */
| #define PACKAGE_NAME "bfd"
| #define PACKAGE_TARNAME "bfd"
| #define PACKAGE_VERSION "2.42"
| #define PACKAGE_STRING "bfd 2.42"
| #define PACKAGE_BUGREPORT ""
| #define PACKAGE_URL ""
| #define PACKAGE "bfd"
| #define VERSION "2.42"
| #define STDC_HEADERS 1
| #define HAVE_SYS_TYPES_H 1
| #define HAVE_SYS_STAT_H 1
| #define HAVE_STDLIB_H 1
| #define HAVE_STRING_H 1
| #define HAVE_MEMORY_H 1
| #define HAVE_STRINGS_H 1
| #define HAVE_INTTYPES_H 1
| #define HAVE_STDINT_H 1
| #define HAVE_UNISTD_H 1
| #define __EXTENSIONS__ 1
| #define _ALL_SOURCE 1
| #define _GNU_SOURCE 1
| #define _POSIX_PTHREAD_SEMANTICS 1
| #define _TANDEM_SOURCE 1
| #define LT_OBJDIR ".libs/"
| #define HAVE_WINDOWS_H 1
| #define _FILE_OFFSET_BITS 64
| #define USE_SECUREPLT 1
| #define DEFAULT_LD_Z_SEPARATE_CODE 0
| #define SIZEOF_LONG_LONG 8
| #define SIZEOF_VOID_P 8
| #define SIZEOF_LONG 4
| /* end confdefs.h.  */
| #include <stdio.h>
| #ifdef HAVE_SYS_TYPES_H
| # include <sys/types.h>
| #endif
| #ifdef HAVE_SYS_STAT_H
| # include <sys/stat.h>
| #endif
| #ifdef STDC_HEADERS
| # include <stdlib.h>
| # include <stddef.h>
| #else
| # ifdef HAVE_STDLIB_H
| #  include <stdlib.h>
| # endif
| #endif
| #ifdef HAVE_STRING_H
| # if !defined STDC_HEADERS && defined HAVE_MEMORY_H
| #  include <memory.h>
| # endif
| # include <string.h>
| #endif
| #ifdef HAVE_STRINGS_H
| # include <strings.h>
| #endif
| #ifdef HAVE_INTTYPES_H
| # include <inttypes.h>
| #endif
| #ifdef HAVE_STDINT_H
| # include <stdint.h>
| #endif
| #ifdef HAVE_UNISTD_H
| # include <unistd.h>
| #endif
| int
| main ()
| {
| static int test_array [1 - 2 * !(((long int) (sizeof (int))) <= 3)];
| test_array [0] = 0;
| return test_array [0];
| 
|   ;
|   return 0;
| }
configure:15010: x86_64-w64-mingw32-gcc -c -g -O2      conftest.c >&5
configure:15010: $? = 0
configure:15010: x86_64-w64-mingw32-gcc -c -g -O2      conftest.c >&5
configure:15010: $? = 0
configure:15010: x86_64-w64-mingw32-gcc -c -g -O2      conftest.c >&5
configure:15010: $? = 0
configure:15024: result: 4
configure:15052: checking for build system executable suffix
configure:15070: result: no
configure:15081: checking fcntl.h usability
configure:15081: x86_64-w64-mingw32-gcc -c -g -O2      conftest.c >&5
configure:15081: $? = 0
configure:15081: result: yes
configure:15081: checking fcntl.h presence
configure:15081: x86_64-w64-mingw32-gcc -E  conftest.c
configure:15081: $? = 0
configure:15081: result: yes
configure:15081: checking for fcntl.h
configure:15081: result: yes
configure:15081: checking sys/file.h usability
configure:15081: x86_64-w64-mingw32-gcc -c -g -O2      conftest.c >&5
configure:15081: $? = 0
configure:15081: result: yes
configure:15081: checking sys/file.h presence
configure:15081: x86_64-w64-mingw32-gcc -E  conftest.c
configure:15081: $? = 0
configure:15081: result: yes
configure:15081: checking for sys/file.h
configure:15081: result: yes
configure:15081: checking sys/resource.h usability
configure:15081: x86_64-w64-mingw32-gcc -c -g -O2      conftest.c >&5
conftest.c:70:10: fatal error: sys/resource.h: No such file or directory
   70 | #include <sys/resource.h>
      |          ^~~~~~~~~~~~~~~~
compilation terminated.
configure:15081: $? = 1
configure: failed program was:
| /* confdefs.h */
| #define PACKAGE_NAME "bfd"
| #define PACKAGE_TARNAME "bfd"
| #define PACKAGE_VERSION "2.42"
| #define PACKAGE_STRING "bfd 2.42"
| #define PACKAGE_BUGREPORT ""
| #define PACKAGE_URL ""
| #define PACKAGE "bfd"
| #define VERSION "2.42"
| #define STDC_HEADERS 1
| #define HAVE_SYS_TYPES_H 1
| #define HAVE_SYS_STAT_H 1
| #define HAVE_STDLIB_H 1
| #define HAVE_STRING_H 1
| #define HAVE_MEMORY_H 1
| #define HAVE_STRINGS_H 1
| #define HAVE_INTTYPES_H 1
| #define HAVE_STDINT_H 1
| #define HAVE_UNISTD_H 1
| #define __EXTENSIONS__ 1
| #define _ALL_SOURCE 1
| #define _GNU_SOURCE 1
| #define _POSIX_PTHREAD_SEMANTICS 1
| #define _TANDEM_SOURCE 1
| #define LT_OBJDIR ".libs/"
| #define HAVE_WINDOWS_H 1
| #define _FILE_OFFSET_BITS 64
| #define USE_SECUREPLT 1
| #define DEFAULT_LD_Z_SEPARATE_CODE 0
| #define SIZEOF_LONG_LONG 8
| #define SIZEOF_VOID_P 8
| #define SIZEOF_LONG 4
| #define SIZEOF_INT 4
| #define HAVE_FCNTL_H 1
| #define HAVE_SYS_FILE_H 1
| /* end confdefs.h.  */
| #include <stdio.h>
| #ifdef HAVE_SYS_TYPES_H
| # include <sys/types.h>
| #endif
| #ifdef HAVE_SYS_STAT_H
| # include <sys/stat.h>
| #endif
| #ifdef STDC_HEADERS
| # include <stdlib.h>
| # include <stddef.h>
| #else
| # ifdef HAVE_STDLIB_H
| #  include <stdlib.h>
| # endif
| #endif
| #ifdef HAVE_STRING_H
| # if !defined STDC_HEADERS && defined HAVE_MEMORY_H
| #  include <memory.h>
| # endif
| # include <string.h>
| #endif
| #ifdef HAVE_STRINGS_H
| # include <strings.h>
| #endif
| #ifdef HAVE_INTTYPES_H
| # include <inttypes.h>
| #endif
| #ifdef HAVE_STDINT_H
| # include <stdint.h>
| #endif
| #ifdef HAVE_UNISTD_H
| # include <unistd.h>
| #endif
| #include <sys/resource.h>
configure:15081: result: no
configure:15081: checking sys/resource.h presence
configure:15081: x86_64-w64-mingw32-gcc -E  conftest.c
conftest.c:37:10: fatal error: sys/resource.h: No such file or directory
   37 | #include <sys/resource.h>
      |          ^~~~~~~~~~~~~~~~
compilation terminated.
configure:15081: $? = 1
configure: failed program was:
| /* confdefs.h */
| #define PACKAGE_NAME "bfd"
| #define PACKAGE_TARNAME "bfd"
| #define PACKAGE_VERSION "2.42"
| #define PACKAGE_STRING "bfd 2.42"
| #define PACKAGE_BUGREPORT ""
| #define PACKAGE_URL ""
| #define PACKAGE "bfd"
| #define VERSION "2.42"
| #define STDC_HEADERS 1
| #define HAVE_SYS_TYPES_H 1
| #define HAVE_SYS_STAT_H 1
| #define HAVE_STDLIB_H 1
| #define HAVE_STRING_H 1
| #define HAVE_MEMORY_H 1
| #define HAVE_STRINGS_H 1
| #define HAVE_INTTYPES_H 1
| #define HAVE_STDINT_H 1
| #define HAVE_UNISTD_H 1
| #define __EXTENSIONS__ 1
| #define _ALL_SOURCE 1
| #define _GNU_SOURCE 1
| #define _POSIX_PTHREAD_SEMANTICS 1
| #define _TANDEM_SOURCE 1
| #define LT_OBJDIR ".libs/"
| #define HAVE_WINDOWS_H 1
| #define _FILE_OFFSET_BITS 64
| #define USE_SECUREPLT 1
| #define DEFAULT_LD_Z_SEPARATE_CODE 0
| #define SIZEOF_LONG_LONG 8
| #define SIZEOF_VOID_P 8
| #define SIZEOF_LONG 4
| #define SIZEOF_INT 4
| #define HAVE_FCNTL_H 1
| #define HAVE_SYS_FILE_H 1
| /* end confdefs.h.  */
| #include <sys/resource.h>
configure:15081: result: no
configure:15081: checking for sys/resource.h
configure:15081: result: no
configure:15081: checking for sys/stat.h
configure:15081: result: yes
configure:15081: checking for sys/types.h
configure:15081: result: yes
configure:15081: checking for unistd.h
configure:15081: result: yes
configure:15096: checking for fcntl
configure:15096: x86_64-w64-mingw32-gcc -o conftest.exe -g -O2       -Wl,--stack,12582912 conftest.c  >&5
/usr/bin/x86_64-w64-mingw32-ld: /tmp/ccfPl8Oh.o: in function `main':
/mnt/c/Users/PC/Documents/GitHub/BlockyOS/compile/toolchain/prebuild/build/bfd/conftest.c:74:(.text.startup+0xa): undefined reference to `fcntl'
collect2: error: ld returned 1 exit status
configure:15096: $? = 1
configure: failed program was:
| /* confdefs.h */
| #define PACKAGE_NAME "bfd"
| #define PACKAGE_TARNAME "bfd"
| #define PACKAGE_VERSION "2.42"
| #define PACKAGE_STRING "bfd 2.42"
| #define PACKAGE_BUGREPORT ""
| #define PACKAGE_URL ""
| #define PACKAGE "bfd"
| #define VERSION "2.42"
| #define STDC_HEADERS 1
| #define HAVE_SYS_TYPES_H 1
| #define HAVE_SYS_STAT_H 1
| #define HAVE_STDLIB_H 1
| #define HAVE_STRING_H 1
| #define HAVE_MEMORY_H 1
| #define HAVE_STRINGS_H 1
| #define HAVE_INTTYPES_H 1
| #define HAVE_STDINT_H 1
| #define HAVE_UNISTD_H 1
| #define __EXTENSIONS__ 1
| #define _ALL_SOURCE 1
| #define _GNU_SOURCE 1
| #define _POSIX_PTHREAD_SEMANTICS 1
| #define _TANDEM_SOURCE 1
| #define LT_OBJDIR ".libs/"
| #define HAVE_WINDOWS_H 1
| #define _FILE_OFFSET_BITS 64
| #define USE_SECUREPLT 1
| #define DEFAULT_LD_Z_SEPARATE_CODE 0
| #define SIZEOF_LONG_LONG 8
| #define SIZEOF_VOID_P 8
| #define SIZEOF_LONG 4
| #define SIZEOF_INT 4
| #define HAVE_FCNTL_H 1
| #define HAVE_SYS_FILE_H 1
| #define HAVE_SYS_STAT_H 1
| #define HAVE_SYS_TYPES_H 1
| #define HAVE_UNISTD_H 1
| /* end confdefs.h.  */
| /* Define fcntl to an innocuous variant, in case <limits.h> declares fcntl.
|    For example, HP-UX 11i <limits.h> declares gettimeofday.  */
| #define fcntl innocuous_fcntl
| 
| /* System header to define __stub macros and hopefully few prototypes,
|     which can conflict with char fcntl (); below.
|     Prefer <limits.h> to <assert.h> if __STDC__ is defined, since
|     <limits.h> exists even on freestanding compilers.  */
| 
| #ifdef __STDC__
| # include <limits.h>
| #else
| # include <assert.h>
| #endif
| 
| #undef fcntl
| 
| /* Override any GCC internal prototype to avoid an error.
|    Use char because int might match the return type of a GCC
|    builtin and then its argument prototype would still apply.  */
| #ifdef __cplusplus
| extern "C"
| #endif
| char fcntl ();
| /* The GNU C library defines this for functions which it implements
|     to always fail with ENOSYS.  Some functions are actually named
|     something starting with __ and the normal name is an alias.  */
| #if defined __stub_fcntl || defined __stub___fcntl
| choke me
| #endif
| 
| int
| main ()
| {
| return fcntl ();
|   ;
|   return 0;
| }
configure:15096: result: no
configure:15096: checking for fdopen
configure:15096: x86_64-w64-mingw32-gcc -o conftest.exe -g -O2       -Wl,--stack,12582912 conftest.c  >&5
configure:15096: $? = 0
configure:15096: result: yes
configure:15096: checking for fileno
configure:15096: x86_64-w64-mingw32-gcc -o conftest.exe -g -O2       -Wl,--stack,12582912 conftest.c  >&5
configure:15096: $? = 0
configure:15096: result: yes
configure:15096: checking for fls
configure:15096: x86_64-w64-mingw32-gcc -o conftest.exe -g -O2       -Wl,--stack,12582912 conftest.c  >&5
/usr/bin/x86_64-w64-mingw32-ld: /tmp/cc5krdQ4.o: in function `main':
/mnt/c/Users/PC/Documents/GitHub/BlockyOS/compile/toolchain/prebuild/build/bfd/conftest.c:76:(.text.startup+0xa): undefined reference to `fls'
collect2: error: ld returned 1 exit status
configure:15096: $? = 1
configure: failed program was:
| /* confdefs.h */
| #define PACKAGE_NAME "bfd"
| #define PACKAGE_TARNAME "bfd"
| #define PACKAGE_VERSION "2.42"
| #define PACKAGE_STRING "bfd 2.42"
| #define PACKAGE_BUGREPORT ""
| #define PACKAGE_URL ""
| #define PACKAGE "bfd"
| #define VERSION "2.42"
| #define STDC_HEADERS 1
| #define HAVE_SYS_TYPES_H 1
| #define HAVE_SYS_STAT_H 1
| #define HAVE_STDLIB_H 1
| #define HAVE_STRING_H 1
| #define HAVE_MEMORY_H 1
| #define HAVE_STRINGS_H 1
| #define HAVE_INTTYPES_H 1
| #define HAVE_STDINT_H 1
| #define HAVE_UNISTD_H 1
| #define __EXTENSIONS__ 1
| #define _ALL_SOURCE 1
| #define _GNU_SOURCE 1
| #define _POSIX_PTHREAD_SEMANTICS 1
| #define _TANDEM_SOURCE 1
| #define LT_OBJDIR ".libs/"
| #define HAVE_WINDOWS_H 1
| #define _FILE_OFFSET_BITS 64
| #define USE_SECUREPLT 1
| #define DEFAULT_LD_Z_SEPARATE_CODE 0
| #define SIZEOF_LONG_LONG 8
| #define SIZEOF_VOID_P 8
| #define SIZEOF_LONG 4
| #define SIZEOF_INT 4
| #define HAVE_FCNTL_H 1
| #define HAVE_SYS_FILE_H 1
| #define HAVE_SYS_STAT_H 1
| #define HAVE_SYS_TYPES_H 1
| #define HAVE_UNISTD_H 1
| #define HAVE_FDOPEN 1
| #define HAVE_FILENO 1
| /* end confdefs.h.  */
| /* Define fls to an innocuous variant, in case <limits.h> declares fls.
|    For example, HP-UX 11i <limits.h> declares gettimeofday.  */
| #define fls innocuous_fls
| 
| /* System header to define __stub macros and hopefully few prototypes,
|     which can conflict with char fls (); below.
|     Prefer <limits.h> to <assert.h> if __STDC__ is defined, since
|     <limits.h> exists even on freestanding compilers.  */
| 
| #ifdef __STDC__
| # include <limits.h>
| #else
| # include <assert.h>
| #endif
| 
| #undef fls
| 
| /* Override any GCC internal prototype to avoid an error.
|    Use char because int might match the return type of a GCC
|    builtin and then its argument prototype would still apply.  */
| #ifdef __cplusplus
| extern "C"
| #endif
| char fls ();
| /* The GNU C library defines this for functions which it implements
|     to always fail with ENOSYS.  Some functions are actually named
|     something starting with __ and the normal name is an alias.  */
| #if defined __stub_fls || defined __stub___fls
| choke me
| #endif
| 
| int
| main ()
| {
| return fls ();
|   ;
|   return 0;
| }
configure:15096: result: no
configure:15096: checking for getgid
configure:15096: x86_64-w64-mingw32-gcc -o conftest.exe -g -O2       -Wl,--stack,12582912 conftest.c  >&5
/usr/bin/x86_64-w64-mingw32-ld: /tmp/ccDjF5Mb.o: in function `main':
/mnt/c/Users/PC/Documents/GitHub/BlockyOS/compile/toolchain/prebuild/build/bfd/conftest.c:76:(.text.startup+0xa): undefined reference to `getgid'
collect2: error: ld returned 1 exit status
configure:15096: $? = 1
configure: failed program was:
| /* confdefs.h */
| #define PACKAGE_NAME "bfd"
| #define PACKAGE_TARNAME "bfd"
| #define PACKAGE_VERSION "2.42"
| #define PACKAGE_STRING "bfd 2.42"
| #define PACKAGE_BUGREPORT ""
| #define PACKAGE_URL ""
| #define PACKAGE "bfd"
| #define VERSION "2.42"
| #define STDC_HEADERS 1
| #define HAVE_SYS_TYPES_H 1
| #define HAVE_SYS_STAT_H 1
| #define HAVE_STDLIB_H 1
| #define HAVE_STRING_H 1
| #define HAVE_MEMORY_H 1
| #define HAVE_STRINGS_H 1
| #define HAVE_INTTYPES_H 1
| #define HAVE_STDINT_H 1
| #define HAVE_UNISTD_H 1
| #define __EXTENSIONS__ 1
| #define _ALL_SOURCE 1
| #define _GNU_SOURCE 1
| #define _POSIX_PTHREAD_SEMANTICS 1
| #define _TANDEM_SOURCE 1
| #define LT_OBJDIR ".libs/"
| #define HAVE_WINDOWS_H 1
| #define _FILE_OFFSET_BITS 64
| #define USE_SECUREPLT 1
| #define DEFAULT_LD_Z_SEPARATE_CODE 0
| #define SIZEOF_LONG_LONG 8
| #define SIZEOF_VOID_P 8
| #define SIZEOF_LONG 4
| #define SIZEOF_INT 4
| #define HAVE_FCNTL_H 1
| #define HAVE_SYS_FILE_H 1
| #define HAVE_SYS_STAT_H 1
| #define HAVE_SYS_TYPES_H 1
| #define HAVE_UNISTD_H 1
| #define HAVE_FDOPEN 1
| #define HAVE_FILENO 1
| /* end confdefs.h.  */
| /* Define getgid to an innocuous variant, in case <limits.h> declares getgid.
|    For example, HP-UX 11i <limits.h> declares gettimeofday.  */
| #define getgid innocuous_getgid
| 
| /* System header to define __stub macros and hopefully few prototypes,
|     which can conflict with char getgid (); below.
|     Prefer <limits.h> to <assert.h> if __STDC__ is defined, since
|     <limits.h> exists even on freestanding compilers.  */
| 
| #ifdef __STDC__
| # include <limits.h>
| #else
| # include <assert.h>
| #endif
| 
| #undef getgid
| 
| /* Override any GCC internal prototype to avoid an error.
|    Use char because int might match the return type of a GCC
|    builtin and then its argument prototype would still apply.  */
| #ifdef __cplusplus
| extern "C"
| #endif
| char getgid ();
| /* The GNU C library defines this for functions which it implements
|     to always fail with ENOSYS.  Some functions are actually named
|     something starting with __ and the normal name is an alias.  */
| #if defined __stub_getgid || defined __stub___getgid
| choke me
| #endif
| 
| int
| main ()
| {
| return getgid ();
|   ;
|   return 0;
| }
configure:15096: result: no
configure:15096: checking for getpagesize
configure:15096: x86_64-w64-mingw32-gcc -o conftest.exe -g -O2       -Wl,--stack,12582912 conftest.c  >&5
configure:15096: $? = 0
configure:15096: result: yes
configure:15096: checking for getrlimit
configure:15096: x86_64-w64-mingw32-gcc -o conftest.exe -g -O2       -Wl,--stack,12582912 conftest.c  >&5
/usr/bin/x86_64-w64-mingw32-ld: /tmp/ccgRqnzw.o: in function `main':
/mnt/c/Users/PC/Documents/GitHub/BlockyOS/compile/toolchain/prebuild/build/bfd/conftest.c:77:(.text.startup+0xa): undefined reference to `getrlimit'
collect2: error: ld returned 1 exit status
configure:15096: $? = 1
configure: failed program was:
| /* confdefs.h */
| #define PACKAGE_NAME "bfd"
| #define PACKAGE_TARNAME "bfd"
| #define PACKAGE_VERSION "2.42"
| #define PACKAGE_STRING "bfd 2.42"
| #define PACKAGE_BUGREPORT ""
| #define PACKAGE_URL ""
| #define PACKAGE "bfd"
| #define VERSION "2.42"
| #define STDC_HEADERS 1
| #define HAVE_SYS_TYPES_H 1
| #define HAVE_SYS_STAT_H 1
| #define HAVE_STDLIB_H 1
| #define HAVE_STRING_H 1
| #define HAVE_MEMORY_H 1
| #define HAVE_STRINGS_H 1
| #define HAVE_INTTYPES_H 1
| #define HAVE_STDINT_H 1
| #define HAVE_UNISTD_H 1
| #define __EXTENSIONS__ 1
| #define _ALL_SOURCE 1
| #define _GNU_SOURCE 1
| #define _POSIX_PTHREAD_SEMANTICS 1
| #define _TANDEM_SOURCE 1
| #define LT_OBJDIR ".libs/"
| #define HAVE_WINDOWS_H 1
| #define _FILE_OFFSET_BITS 64
| #define USE_SECUREPLT 1
| #define DEFAULT_LD_Z_SEPARATE_CODE 0
| #define SIZEOF_LONG_LONG 8
| #define SIZEOF_VOID_P 8
| #define SIZEOF_LONG 4
| #define SIZEOF_INT 4
| #define HAVE_FCNTL_H 1
| #define HAVE_SYS_FILE_H 1
| #define HAVE_SYS_STAT_H 1
| #define HAVE_SYS_TYPES_H 1
| #define HAVE_UNISTD_H 1
| #define HAVE_FDOPEN 1
| #define HAVE_FILENO 1
| #define HAVE_GETPAGESIZE 1
| /* end confdefs.h.  */
| /* Define getrlimit to an innocuous variant, in case <limits.h> declares getrlimit.
|    For example, HP-UX 11i <limits.h> declares gettimeofday.  */
| #define getrlimit innocuous_getrlimit
| 
| /* System header to define __stub macros and hopefully few prototypes,
|     which can conflict with char getrlimit (); below.
|     Prefer <limits.h> to <assert.h> if __STDC__ is defined, since
|     <limits.h> exists even on freestanding compilers.  */
| 
| #ifdef __STDC__
| # include <limits.h>
| #else
| # include <assert.h>
| #endif
| 
| #undef getrlimit
| 
| /* Override any GCC internal prototype to avoid an error.
|    Use char because int might match the return type of a GCC
|    builtin and then its argument prototype would still apply.  */
| #ifdef __cplusplus
| extern "C"
| #endif
| char getrlimit ();
| /* The GNU C library defines this for functions which it implements
|     to always fail with ENOSYS.  Some functions are actually named
|     something starting with __ and the normal name is an alias.  */
| #if defined __stub_getrlimit || defined __stub___getrlimit
| choke me
| #endif
| 
| int
| main ()
| {
| return getrlimit ();
|   ;
|   return 0;
| }
configure:15096: result: no
configure:15096: checking for getuid
configure:15096: x86_64-w64-mingw32-gcc -o conftest.exe -g -O2       -Wl,--stack,12582912 conftest.c  >&5
/usr/bin/x86_64-w64-mingw32-ld: /tmp/ccyMuXZU.o: in function `main':
/mnt/c/Users/PC/Documents/GitHub/BlockyOS/compile/toolchain/prebuild/build/bfd/conftest.c:77:(.text.startup+0xa): undefined reference to `getuid'
collect2: error: ld returned 1 exit status
configure:15096: $? = 1
configure: failed program was:
| /* confdefs.h */
| #define PACKAGE_NAME "bfd"
| #define PACKAGE_TARNAME "bfd"
| #define PACKAGE_VERSION "2.42"
| #define PACKAGE_STRING "bfd 2.42"
| #define PACKAGE_BUGREPORT ""
| #define PACKAGE_URL ""
| #define PACKAGE "bfd"
| #define VERSION "2.42"
| #define STDC_HEADERS 1
| #define HAVE_SYS_TYPES_H 1
| #define HAVE_SYS_STAT_H 1
| #define HAVE_STDLIB_H 1
| #define HAVE_STRING_H 1
| #define HAVE_MEMORY_H 1
| #define HAVE_STRINGS_H 1
| #define HAVE_INTTYPES_H 1
| #define HAVE_STDINT_H 1
| #define HAVE_UNISTD_H 1
| #define __EXTENSIONS__ 1
| #define _ALL_SOURCE 1
| #define _GNU_SOURCE 1
| #define _POSIX_PTHREAD_SEMANTICS 1
| #define _TANDEM_SOURCE 1
| #define LT_OBJDIR ".libs/"
| #define HAVE_WINDOWS_H 1
| #define _FILE_OFFSET_BITS 64
| #define USE_SECUREPLT 1
| #define DEFAULT_LD_Z_SEPARATE_CODE 0
| #define SIZEOF_LONG_LONG 8
| #define SIZEOF_VOID_P 8
| #define SIZEOF_LONG 4
| #define SIZEOF_INT 4
| #define HAVE_FCNTL_H 1
| #define HAVE_SYS_FILE_H 1
| #define HAVE_SYS_STAT_H 1
| #define HAVE_SYS_TYPES_H 1
| #define HAVE_UNISTD_H 1
| #define HAVE_FDOPEN 1
| #define HAVE_FILENO 1
| #define HAVE_GETPAGESIZE 1
| /* end confdefs.h.  */
| /* Define getuid to an innocuous variant, in case <limits.h> declares getuid.
|    For example, HP-UX 11i <limits.h> declares gettimeofday.  */
| #define getuid innocuous_getuid
| 
| /* System header to define __stub macros and hopefully few prototypes,
|     which can conflict with char getuid (); below.
|     Prefer <limits.h> to <assert.h> if __STDC__ is defined, since
|     <limits.h> exists even on freestanding compilers.  */
| 
| #ifdef __STDC__
| # include <limits.h>
| #else
| # include <assert.h>
| #endif
| 
| #undef getuid
| 
| /* Override any GCC internal prototype to avoid an error.
|    Use char because int might match the return type of a GCC
|    builtin and then its argument prototype would still apply.  */
| #ifdef __cplusplus
| extern "C"
| #endif
| char getuid ();
| /* The GNU C library defines this for functions which it implements
|     to always fail with ENOSYS.  Some functions are actually named
|     something starting with __ and the normal name is an alias.  */
| #if defined __stub_getuid || defined __stub___getuid
| choke me
| #endif
| 
| int
| main ()
| {
| return getuid ();
|   ;
|   return 0;
| }
configure:15096: result: no
configure:15096: checking for sysconf
configure:15096: x86_64-w64-mingw32-gcc -o conftest.exe -g -O2       -Wl,--stack,12582912 conftest.c  >&5
/usr/bin/x86_64-w64-mingw32-ld: /tmp/ccUdSUeN.o: in function `main':
/mnt/c/Users/PC/Documents/GitHub/BlockyOS/compile/toolchain/prebuild/build/bfd/conftest.c:77:(.text.startup+0xa): undefined reference to `sysconf'
collect2: error: ld returned 1 exit status
configure:15096: $? = 1
configure: failed program was:
| /* confdefs.h */
| #define PACKAGE_NAME "bfd"
| #define PACKAGE_TARNAME "bfd"
| #define PACKAGE_VERSION "2.42"
| #define PACKAGE_STRING "bfd 2.42"
| #define PACKAGE_BUGREPORT ""
| #define PACKAGE_URL ""
| #define PACKAGE "bfd"
| #define VERSION "2.42"
| #define STDC_HEADERS 1
| #define HAVE_SYS_TYPES_H 1
| #define HAVE_SYS_STAT_H 1
| #define HAVE_STDLIB_H 1
| #define HAVE_STRING_H 1
| #define HAVE_MEMORY_H 1
| #define HAVE_STRINGS_H 1
| #define HAVE_INTTYPES_H 1
| #define HAVE_STDINT_H 1
| #define HAVE_UNISTD_H 1
| #define __EXTENSIONS__ 1
| #define _ALL_SOURCE 1
| #define _GNU_SOURCE 1
| #define _POSIX_PTHREAD_SEMANTICS 1
| #define _TANDEM_SOURCE 1
| #define LT_OBJDIR ".libs/"
| #define HAVE_WINDOWS_H 1
| #define _FILE_OFFSET_BITS 64
| #define USE_SECUREPLT 1
| #define DEFAULT_LD_Z_SEPARATE_CODE 0
| #define SIZEOF_LONG_LONG 8
| #define SIZEOF_VOID_P 8
| #define SIZEOF_LONG 4
| #define SIZEOF_INT 4
| #define HAVE_FCNTL_H 1
| #define HAVE_SYS_FILE_H 1
| #define HAVE_SYS_STAT_H 1
| #define HAVE_SYS_TYPES_H 1
| #define HAVE_UNISTD_H 1
| #define HAVE_FDOPEN 1
| #define HAVE_FILENO 1
| #define HAVE_GETPAGESIZE 1
| /* end confdefs.h.  */
| /* Define sysconf to an innocuous variant, in case <limits.h> declares sysconf.
|    For example, HP-UX 11i <limits.h> declares gettimeofday.  */
| #define sysconf innocuous_sysconf
| 
| /* System header to define __stub macros and hopefully few prototypes,
|     which can conflict with char sysconf (); below.
|     Prefer <limits.h> to <assert.h> if __STDC__ is defined, since
|     <limits.h> exists even on freestanding compilers.  */
| 
| #ifdef __STDC__
| # include <limits.h>
| #else
| # include <assert.h>
| #endif
| 
| #undef sysconf
| 
| /* Override any GCC internal prototype to avoid an error.
|    Use char because int might match the return type of a GCC
|    builtin and then its argument prototype would still apply.  */
| #ifdef __cplusplus
| extern "C"
| #endif
| char sysconf ();
| /* The GNU C library defines this for functions which it implements
|     to always fail with ENOSYS.  Some functions are actually named
|     something starting with __ and the normal name is an alias.  */
| #if defined __stub_sysconf || defined __stub___sysconf
| choke me
| #endif
| 
| int
| main ()
| {
| return sysconf ();
|   ;
|   return 0;
| }
configure:15096: result: no
configure:15106: checking whether basename is declared
configure:15106: x86_64-w64-mingw32-gcc -c -g -O2      conftest.c >&5
conftest.c: In function 'main':
conftest.c:83:10: error: 'basename' undeclared (first use in this function)
   83 |   (void) basename;
      |          ^~~~~~~~
conftest.c:83:10: note: each undeclared identifier is reported only once for each function it appears in
configure:15106: $? = 1
configure: failed program was:
| /* confdefs.h */
| #define PACKAGE_NAME "bfd"
| #define PACKAGE_TARNAME "bfd"
| #define PACKAGE_VERSION "2.42"
| #define PACKAGE_STRING "bfd 2.42"
| #define PACKAGE_BUGREPORT ""
| #define PACKAGE_URL ""
| #define PACKAGE "bfd"
| #define VERSION "2.42"
| #define STDC_HEADERS 1
| #define HAVE_SYS_TYPES_H 1
| #define HAVE_SYS_STAT_H 1
| #define HAVE_STDLIB_H 1
| #define HAVE_STRING_H 1
| #define HAVE_MEMORY_H 1
| #define HAVE_STRINGS_H 1
| #define HAVE_INTTYPES_H 1
| #define HAVE_STDINT_H 1
| #define HAVE_UNISTD_H 1
| #define __EXTENSIONS__ 1
| #define _ALL_SOURCE 1
| #define _GNU_SOURCE 1
| #define _POSIX_PTHREAD_SEMANTICS 1
| #define _TANDEM_SOURCE 1
| #define LT_OBJDIR ".libs/"
| #define HAVE_WINDOWS_H 1
| #define _FILE_OFFSET_BITS 64
| #define USE_SECUREPLT 1
| #define DEFAULT_LD_Z_SEPARATE_CODE 0
| #define SIZEOF_LONG_LONG 8
| #define SIZEOF_VOID_P 8
| #define SIZEOF_LONG 4
| #define SIZEOF_INT 4
| #define HAVE_FCNTL_H 1
| #define HAVE_SYS_FILE_H 1
| #define HAVE_SYS_STAT_H 1
| #define HAVE_SYS_TYPES_H 1
| #define HAVE_UNISTD_H 1
| #define HAVE_FDOPEN 1
| #define HAVE_FILENO 1
| #define HAVE_GETPAGESIZE 1
| /* end confdefs.h.  */
| #include <stdio.h>
| #ifdef HAVE_SYS_TYPES_H
| # include <sys/types.h>
| #endif
| #ifdef HAVE_SYS_STAT_H
| # include <sys/stat.h>
| #endif
| #ifdef STDC_HEADERS
| # include <stdlib.h>
| # include <stddef.h>
| #else
| # ifdef HAVE_STDLIB_H
| #  include <stdlib.h>
| # endif
| #endif
| #ifdef HAVE_STRING_H
| # if !defined STDC_HEADERS && defined HAVE_MEMORY_H
| #  include <memory.h>
| # endif
| # include <string.h>
| #endif
| #ifdef HAVE_STRINGS_H
| # include <strings.h>
| #endif
| #ifdef HAVE_INTTYPES_H
| # include <inttypes.h>
| #endif
| #ifdef HAVE_STDINT_H
| # include <stdint.h>
| #endif
| #ifdef HAVE_UNISTD_H
| # include <unistd.h>
| #endif
| int
| main ()
| {
| #ifndef basename
| #ifdef __cplusplus
|   (void) basename;
| #else
|   (void) basename;
| #endif
| #endif
| 
|   ;
|   return 0;
| }
configure:15106: result: no
configure:15116: checking whether ffs is declared
configure:15116: x86_64-w64-mingw32-gcc -c -g -O2      conftest.c >&5
conftest.c: In function 'main':
conftest.c:84:10: error: 'ffs' undeclared (first use in this function)
   84 |   (void) ffs;
      |          ^~~
conftest.c:84:10: note: each undeclared identifier is reported only once for each function it appears in
configure:15116: $? = 1
configure: failed program was:
| /* confdefs.h */
| #define PACKAGE_NAME "bfd"
| #define PACKAGE_TARNAME "bfd"
| #define PACKAGE_VERSION "2.42"
| #define PACKAGE_STRING "bfd 2.42"
| #define PACKAGE_BUGREPORT ""
| #define PACKAGE_URL ""
| #define PACKAGE "bfd"
| #define VERSION "2.42"
| #define STDC_HEADERS 1
| #define HAVE_SYS_TYPES_H 1
| #define HAVE_SYS_STAT_H 1
| #define HAVE_STDLIB_H 1
| #define HAVE_STRING_H 1
| #define HAVE_MEMORY_H 1
| #define HAVE_STRINGS_H 1
| #define HAVE_INTTYPES_H 1
| #define HAVE_STDINT_H 1
| #define HAVE_UNISTD_H 1
| #define __EXTENSIONS__ 1
| #define _ALL_SOURCE 1
| #define _GNU_SOURCE 1
| #define _POSIX_PTHREAD_SEMANTICS 1
| #define _TANDEM_SOURCE 1
| #define LT_OBJDIR ".libs/"
| #define HAVE_WINDOWS_H 1
| #define _FILE_OFFSET_BITS 64
| #define USE_SECUREPLT 1
| #define DEFAULT_LD_Z_SEPARATE_CODE 0
| #define SIZEOF_LONG_LONG 8
| #define SIZEOF_VOID_P 8
| #define SIZEOF_LONG 4
| #define SIZEOF_INT 4
| #define HAVE_FCNTL_H 1
| #define HAVE_SYS_FILE_H 1
| #define HAVE_SYS_STAT_H 1
| #define HAVE_SYS_TYPES_H 1
| #define HAVE_UNISTD_H 1
| #define HAVE_FDOPEN 1
| #define HAVE_FILENO 1
| #define HAVE_GETPAGESIZE 1
| #define HAVE_DECL_BASENAME 0
| /* end confdefs.h.  */
| #include <stdio.h>
| #ifdef HAVE_SYS_TYPES_H
| # include <sys/types.h>
| #endif
| #ifdef HAVE_SYS_STAT_H
| # include <sys/stat.h>
| #endif
| #ifdef STDC_HEADERS
| # include <stdlib.h>
| # include <stddef.h>
| #else
| # ifdef HAVE_STDLIB_H
| #  include <stdlib.h>
| # endif
| #endif
| #ifdef HAVE_STRING_H
| # if !defined STDC_HEADERS && defined HAVE_MEMORY_H
| #  include <memory.h>
| # endif
| # include <string.h>
| #endif
| #ifdef HAVE_STRINGS_H
| # include <strings.h>
| #endif
| #ifdef HAVE_INTTYPES_H
| # include <inttypes.h>
| #endif
| #ifdef HAVE_STDINT_H
| # include <stdint.h>
| #endif
| #ifdef HAVE_UNISTD_H
| # include <unistd.h>
| #endif
| int
| main ()
| {
| #ifndef ffs
| #ifdef __cplusplus
|   (void) ffs;
| #else
|   (void) ffs;
| #endif
| #endif
| 
|   ;
|   return 0;
| }
configure:15116: result: no
configure:15126: checking whether stpcpy is declared
configure:15126: x86_64-w64-mingw32-gcc -c -g -O2      conftest.c >&5
conftest.c: In function 'main':
conftest.c:85:10: error: 'stpcpy' undeclared (first use in this function); did you mean 'strcpy'?
   85 |   (void) stpcpy;
      |          ^~~~~~
      |          strcpy
conftest.c:85:10: note: each undeclared identifier is reported only once for each function it appears in
configure:15126: $? = 1
configure: failed program was:
| /* confdefs.h */
| #define PACKAGE_NAME "bfd"
| #define PACKAGE_TARNAME "bfd"
| #define PACKAGE_VERSION "2.42"
| #define PACKAGE_STRING "bfd 2.42"
| #define PACKAGE_BUGREPORT ""
| #define PACKAGE_URL ""
| #define PACKAGE "bfd"
| #define VERSION "2.42"
| #define STDC_HEADERS 1
| #define HAVE_SYS_TYPES_H 1
| #define HAVE_SYS_STAT_H 1
| #define HAVE_STDLIB_H 1
| #define HAVE_STRING_H 1
| #define HAVE_MEMORY_H 1
| #define HAVE_STRINGS_H 1
| #define HAVE_INTTYPES_H 1
| #define HAVE_STDINT_H 1
| #define HAVE_UNISTD_H 1
| #define __EXTENSIONS__ 1
| #define _ALL_SOURCE 1
| #define _GNU_SOURCE 1
| #define _POSIX_PTHREAD_SEMANTICS 1
| #define _TANDEM_SOURCE 1
| #define LT_OBJDIR ".libs/"
| #define HAVE_WINDOWS_H 1
| #define _FILE_OFFSET_BITS 64
| #define USE_SECUREPLT 1
| #define DEFAULT_LD_Z_SEPARATE_CODE 0
| #define SIZEOF_LONG_LONG 8
| #define SIZEOF_VOID_P 8
| #define SIZEOF_LONG 4
| #define SIZEOF_INT 4
| #define HAVE_FCNTL_H 1
| #define HAVE_SYS_FILE_H 1
| #define HAVE_SYS_STAT_H 1
| #define HAVE_SYS_TYPES_H 1
| #define HAVE_UNISTD_H 1
| #define HAVE_FDOPEN 1
| #define HAVE_FILENO 1
| #define HAVE_GETPAGESIZE 1
| #define HAVE_DECL_BASENAME 0
| #define HAVE_DECL_FFS 0
| /* end confdefs.h.  */
| #include <stdio.h>
| #ifdef HAVE_SYS_TYPES_H
| # include <sys/types.h>
| #endif
| #ifdef HAVE_SYS_STAT_H
| # include <sys/stat.h>
| #endif
| #ifdef STDC_HEADERS
| # include <stdlib.h>
| # include <stddef.h>
| #else
| # ifdef HAVE_STDLIB_H
| #  include <stdlib.h>
| # endif
| #endif
| #ifdef HAVE_STRING_H
| # if !defined STDC_HEADERS && defined HAVE_MEMORY_H
| #  include <memory.h>
| # endif
| # include <string.h>
| #endif
| #ifdef HAVE_STRINGS_H
| # include <strings.h>
| #endif
| #ifdef HAVE_INTTYPES_H
| # include <inttypes.h>
| #endif
| #ifdef HAVE_STDINT_H
| # include <stdint.h>
| #endif
| #ifdef HAVE_UNISTD_H
| # include <unistd.h>
| #endif
| int
| main ()
| {
| #ifndef stpcpy
| #ifdef __cplusplus
|   (void) stpcpy;
| #else
|   (void) stpcpy;
| #endif
| #endif
| 
|   ;
|   return 0;
| }
configure:15126: result: no
configure:15136: checking whether asprintf is declared
configure:15136: x86_64-w64-mingw32-gcc -c -g -O2      conftest.c >&5
configure:15136: $? = 0
configure:15136: result: yes
configure:15146: checking whether vasprintf is declared
configure:15146: x86_64-w64-mingw32-gcc -c -g -O2      conftest.c >&5
configure:15146: $? = 0
configure:15146: result: yes
configure:15156: checking whether strnlen is declared
configure:15156: x86_64-w64-mingw32-gcc -c -g -O2      conftest.c >&5
configure:15156: $? = 0
configure:15156: result: yes
configure:15167: checking whether ___lc_codepage_func is declared
configure:15167: x86_64-w64-mingw32-gcc -c -g -O2      conftest.c >&5
configure:15167: $? = 0
configure:15167: result: yes
configure:15189: checking for thread local storage (TLS) class
configure:15211: x86_64-w64-mingw32-gcc -c -g -O2      conftest.c >&5
conftest.c: In function 'main':
conftest.c:55:21: error: expected ';' before 'int'
   55 | static  thread_local  int bar;
      |                     ^ ~~~
      |                     ;
configure:15211: $? = 1
configure: failed program was:
| /* confdefs.h */
| #define PACKAGE_NAME "bfd"
| #define PACKAGE_TARNAME "bfd"
| #define PACKAGE_VERSION "2.42"
| #define PACKAGE_STRING "bfd 2.42"
| #define PACKAGE_BUGREPORT ""
| #define PACKAGE_URL ""
| #define PACKAGE "bfd"
| #define VERSION "2.42"
| #define STDC_HEADERS 1
| #define HAVE_SYS_TYPES_H 1
| #define HAVE_SYS_STAT_H 1
| #define HAVE_STDLIB_H 1
| #define HAVE_STRING_H 1
| #define HAVE_MEMORY_H 1
| #define HAVE_STRINGS_H 1
| #define HAVE_INTTYPES_H 1
| #define HAVE_STDINT_H 1
| #define HAVE_UNISTD_H 1
| #define __EXTENSIONS__ 1
| #define _ALL_SOURCE 1
| #define _GNU_SOURCE 1
| #define _POSIX_PTHREAD_SEMANTICS 1
| #define _TANDEM_SOURCE 1
| #define LT_OBJDIR ".libs/"
| #define HAVE_WINDOWS_H 1
| #define _FILE_OFFSET_BITS 64
| #define USE_SECUREPLT 1
| #define DEFAULT_LD_Z_SEPARATE_CODE 0
| #define SIZEOF_LONG_LONG 8
| #define SIZEOF_VOID_P 8
| #define SIZEOF_LONG 4
| #define SIZEOF_INT 4
| #define HAVE_FCNTL_H 1
| #define HAVE_SYS_FILE_H 1
| #define HAVE_SYS_STAT_H 1
| #define HAVE_SYS_TYPES_H 1
| #define HAVE_UNISTD_H 1
| #define HAVE_FDOPEN 1
| #define HAVE_FILENO 1
| #define HAVE_GETPAGESIZE 1
| #define HAVE_DECL_BASENAME 0
| #define HAVE_DECL_FFS 0
| #define HAVE_DECL_STPCPY 0
| #define HAVE_DECL_ASPRINTF 1
| #define HAVE_DECL_VASPRINTF 1
| #define HAVE_DECL_STRNLEN 1
| #define HAVE_DECL____LC_CODEPAGE_FUNC 1
| #define USE_BINARY_FOPEN 1
| /* end confdefs.h.  */
| #include <stdlib.h>
| int
| main ()
| {
| static  thread_local  int bar;
| 
|   ;
|   return 0;
| }
configure:15211: x86_64-w64-mingw32-gcc -c -g -O2      conftest.c >&5
configure:15211: $? = 0
configure:15224: result: _Thread_local
configure:15269: checking for x86_64-w64-mingw32-pkg-config
configure:15302: result: no
configure:15312: checking for pkg-config
configure:15345: result: no
configure:15391: checking for libzstd >= 1.4.0
configure:15478: result: no
configure:15502: checking compiler support for hidden visibility
configure:15520: x86_64-w64-mingw32-gcc -c -g -O2     -Werror  conftest.c >&5
conftest.c:61:1: error: visibility attribute not supported in this configuration; ignored [-Werror=attributes]
   61 | }
      | ^
cc1: all warnings being treated as errors
configure:15520: $? = 1
configure: failed program was:
| /* confdefs.h */
| #define PACKAGE_NAME "bfd"
| #define PACKAGE_TARNAME "bfd"
| #define PACKAGE_VERSION "2.42"
| #define PACKAGE_STRING "bfd 2.42"
| #define PACKAGE_BUGREPORT ""
| #define PACKAGE_URL ""
| #define PACKAGE "bfd"
| #define VERSION "2.42"
| #define STDC_HEADERS 1
| #define HAVE_SYS_TYPES_H 1
| #define HAVE_SYS_STAT_H 1
| #define HAVE_STDLIB_H 1
| #define HAVE_STRING_H 1
| #define HAVE_MEMORY_H 1
| #define HAVE_STRINGS_H 1
| #define HAVE_INTTYPES_H 1
| #define HAVE_STDINT_H 1
| #define HAVE_UNISTD_H 1
| #define __EXTENSIONS__ 1
| #define _ALL_SOURCE 1
| #define _GNU_SOURCE 1
| #define _POSIX_PTHREAD_SEMANTICS 1
| #define _TANDEM_SOURCE 1
| #define LT_OBJDIR ".libs/"
| #define HAVE_WINDOWS_H 1
| #define _FILE_OFFSET_BITS 64
| #define USE_SECUREPLT 1
| #define DEFAULT_LD_Z_SEPARATE_CODE 0
| #define SIZEOF_LONG_LONG 8
| #define SIZEOF_VOID_P 8
| #define SIZEOF_LONG 4
| #define SIZEOF_INT 4
| #define HAVE_FCNTL_H 1
| #define HAVE_SYS_FILE_H 1
| #define HAVE_SYS_STAT_H 1
| #define HAVE_SYS_TYPES_H 1
| #define HAVE_UNISTD_H 1
| #define HAVE_FDOPEN 1
| #define HAVE_FILENO 1
| #define HAVE_GETPAGESIZE 1
| #define HAVE_DECL_BASENAME 0
| #define HAVE_DECL_FFS 0
| #define HAVE_DECL_STPCPY 0
| #define HAVE_DECL_ASPRINTF 1
| #define HAVE_DECL_VASPRINTF 1
| #define HAVE_DECL_STRNLEN 1
| #define HAVE_DECL____LC_CODEPAGE_FUNC 1
| #define USE_BINARY_FOPEN 1
| #define TLS _Thread_local
| /* end confdefs.h.  */
| 
| const char hw[] __attribute__ ((__visibility__ ("hidden"))) = "Hello, World\n";
| extern void print (const char *) __attribute__ ((__visibility__ ("hidden")));
| int
| main ()
| {
| print (hw);
|   ;
|   return 0;
| }
configure:15527: result: no
configure:15537: checking linker --as-needed support
configure:15548: result: yes
configure:15639: checking for cos in -lm
configure:15664: x86_64-w64-mingw32-gcc -o conftest.exe -g -O2       -Wl,--stack,12582912 conftest.c -lm   >&5
conftest.c:59:6: warning: conflicting types for built-in function 'cos'; expected 'double(double)' [-Wbuiltin-declaration-mismatch]
   59 | char cos ();
      |      ^~~
conftest.c:1:1: note: 'cos' is declared in header '<math.h>'
    1 | /* confdefs.h */
configure:15664: $? = 0
configure:15673: result: yes
configure:16181: checking for gcc version with buggy 64-bit support
configure:16194: result: no
configure:17203: checking for ftello
configure:17203: x86_64-w64-mingw32-gcc -o conftest.exe -g -O2       -Wl,--stack,12582912 conftest.c  >&5
configure:17203: $? = 0
configure:17203: result: yes
configure:17203: checking for ftello64
configure:17203: x86_64-w64-mingw32-gcc -o conftest.exe -g -O2       -Wl,--stack,12582912 conftest.c  >&5
configure:17203: $? = 0
configure:17203: result: yes
configure:17203: checking for fseeko
configure:17203: x86_64-w64-mingw32-gcc -o conftest.exe -g -O2       -Wl,--stack,12582912 conftest.c  >&5
configure:17203: $? = 0
configure:17203: result: yes
configure:17203: checking for fseeko64
configure:17203: x86_64-w64-mingw32-gcc -o conftest.exe -g -O2       -Wl,--stack,12582912 conftest.c  >&5
configure:17203: $? = 0
configure:17203: result: yes
configure:17203: checking for fopen64
configure:17203: x86_64-w64-mingw32-gcc -o conftest.exe -g -O2       -Wl,--stack,12582912 conftest.c  >&5
configure:17203: $? = 0
configure:17203: result: yes
configure:17212: checking whether ftello is declared
configure:17212: x86_64-w64-mingw32-gcc -c -g -O2      conftest.c >&5
configure:17212: $? = 0
configure:17212: result: yes
configure:17222: checking whether ftello64 is declared
configure:17222: x86_64-w64-mingw32-gcc -c -g -O2      conftest.c >&5
configure:17222: $? = 0
configure:17222: result: yes
configure:17232: checking whether fseeko is declared
configure:17232: x86_64-w64-mingw32-gcc -c -g -O2      conftest.c >&5
configure:17232: $? = 0
configure:17232: result: yes
configure:17242: checking whether fseeko64 is declared
configure:17242: x86_64-w64-mingw32-gcc -c -g -O2      conftest.c >&5
configure:17242: $? = 0
configure:17242: result: yes
configure:17252: checking whether fopen64 is declared
configure:17252: x86_64-w64-mingw32-gcc -c -g -O2      conftest.c >&5
configure:17252: $? = 0
configure:17252: result: yes
configure:17268: checking size of off_t
configure:17273: x86_64-w64-mingw32-gcc -c -g -O2      conftest.c >&5
configure:17273: $? = 0
configure:17273: x86_64-w64-mingw32-gcc -c -g -O2      conftest.c >&5
conftest.c: In function 'main':
conftest.c:98:12: error: size of array 'test_array' is negative
   98 | static int test_array [1 - 2 * !(((long int) (sizeof (off_t))) <= 0)];
      |            ^~~~~~~~~~
configure:17273: $? = 1
configure: failed program was:
| /* confdefs.h */
| #define PACKAGE_NAME "bfd"
| #define PACKAGE_TARNAME "bfd"
| #define PACKAGE_VERSION "2.42"
| #define PACKAGE_STRING "bfd 2.42"
| #define PACKAGE_BUGREPORT ""
| #define PACKAGE_URL ""
| #define PACKAGE "bfd"
| #define VERSION "2.42"
| #define STDC_HEADERS 1
| #define HAVE_SYS_TYPES_H 1
| #define HAVE_SYS_STAT_H 1
| #define HAVE_STDLIB_H 1
| #define HAVE_STRING_H 1
| #define HAVE_MEMORY_H 1
| #define HAVE_STRINGS_H 1
| #define HAVE_INTTYPES_H 1
| #define HAVE_STDINT_H 1
| #define HAVE_UNISTD_H 1
| #define __EXTENSIONS__ 1
| #define _ALL_SOURCE 1
| #define _GNU_SOURCE 1
| #define _POSIX_PTHREAD_SEMANTICS 1
| #define _TANDEM_SOURCE 1
| #define LT_OBJDIR ".libs/"
| #define HAVE_WINDOWS_H 1
| #define _FILE_OFFSET_BITS 64
| #define USE_SECUREPLT 1
| #define DEFAULT_LD_Z_SEPARATE_CODE 0
| #define SIZEOF_LONG_LONG 8
| #define SIZEOF_VOID_P 8
| #define SIZEOF_LONG 4
| #define SIZEOF_INT 4
| #define HAVE_FCNTL_H 1
| #define HAVE_SYS_FILE_H 1
| #define HAVE_SYS_STAT_H 1
| #define HAVE_SYS_TYPES_H 1
| #define HAVE_UNISTD_H 1
| #define HAVE_FDOPEN 1
| #define HAVE_FILENO 1
| #define HAVE_GETPAGESIZE 1
| #define HAVE_DECL_BASENAME 0
| #define HAVE_DECL_FFS 0
| #define HAVE_DECL_STPCPY 0
| #define HAVE_DECL_ASPRINTF 1
| #define HAVE_DECL_VASPRINTF 1
| #define HAVE_DECL_STRNLEN 1
| #define HAVE_DECL____LC_CODEPAGE_FUNC 1
| #define USE_BINARY_FOPEN 1
| #define TLS _Thread_local
| #define HAVE_FTELLO 1
| #define HAVE_FTELLO64 1
| #define HAVE_FSEEKO 1
| #define HAVE_FSEEKO64 1
| #define HAVE_FOPEN64 1
| #define HAVE_DECL_FTELLO 1
| #define HAVE_DECL_FTELLO64 1
| #define HAVE_DECL_FSEEKO 1
| #define HAVE_DECL_FSEEKO64 1
| #define HAVE_DECL_FOPEN64 1
| /* end confdefs.h.  */
| #include <stdio.h>
| #ifdef HAVE_SYS_TYPES_H
| # include <sys/types.h>
| #endif
| #ifdef HAVE_SYS_STAT_H
| # include <sys/stat.h>
| #endif
| #ifdef STDC_HEADERS
| # include <stdlib.h>
| # include <stddef.h>
| #else
| # ifdef HAVE_STDLIB_H
| #  include <stdlib.h>
| # endif
| #endif
| #ifdef HAVE_STRING_H
| # if !defined STDC_HEADERS && defined HAVE_MEMORY_H
| #  include <memory.h>
| # endif
| # include <string.h>
| #endif
| #ifdef HAVE_STRINGS_H
| # include <strings.h>
| #endif
| #ifdef HAVE_INTTYPES_H
| # include <inttypes.h>
| #endif
| #ifdef HAVE_STDINT_H
| # include <stdint.h>
| #endif
| #ifdef HAVE_UNISTD_H
| # include <unistd.h>
| #endif
| int
| main ()
| {
| static int test_array [1 - 2 * !(((long int) (sizeof (off_t))) <= 0)];
| test_array [0] = 0;
| return test_array [0];
| 
|   ;
|   return 0;
| }
configure:17273: x86_64-w64-mingw32-gcc -c -g -O2      conftest.c >&5
conftest.c: In function 'main':
conftest.c:98:12: error: size of array 'test_array' is negative
   98 | static int test_array [1 - 2 * !(((long int) (sizeof (off_t))) <= 1)];
      |            ^~~~~~~~~~
configure:17273: $? = 1
configure: failed program was:
| /* confdefs.h */
| #define PACKAGE_NAME "bfd"
| #define PACKAGE_TARNAME "bfd"
| #define PACKAGE_VERSION "2.42"
| #define PACKAGE_STRING "bfd 2.42"
| #define PACKAGE_BUGREPORT ""
| #define PACKAGE_URL ""
| #define PACKAGE "bfd"
| #define VERSION "2.42"
| #define STDC_HEADERS 1
| #define HAVE_SYS_TYPES_H 1
| #define HAVE_SYS_STAT_H 1
| #define HAVE_STDLIB_H 1
| #define HAVE_STRING_H 1
| #define HAVE_MEMORY_H 1
| #define HAVE_STRINGS_H 1
| #define HAVE_INTTYPES_H 1
| #define HAVE_STDINT_H 1
| #define HAVE_UNISTD_H 1
| #define __EXTENSIONS__ 1
| #define _ALL_SOURCE 1
| #define _GNU_SOURCE 1
| #define _POSIX_PTHREAD_SEMANTICS 1
| #define _TANDEM_SOURCE 1
| #define LT_OBJDIR ".libs/"
| #define HAVE_WINDOWS_H 1
| #define _FILE_OFFSET_BITS 64
| #define USE_SECUREPLT 1
| #define DEFAULT_LD_Z_SEPARATE_CODE 0
| #define SIZEOF_LONG_LONG 8
| #define SIZEOF_VOID_P 8
| #define SIZEOF_LONG 4
| #define SIZEOF_INT 4
| #define HAVE_FCNTL_H 1
| #define HAVE_SYS_FILE_H 1
| #define HAVE_SYS_STAT_H 1
| #define HAVE_SYS_TYPES_H 1
| #define HAVE_UNISTD_H 1
| #define HAVE_FDOPEN 1
| #define HAVE_FILENO 1
| #define HAVE_GETPAGESIZE 1
| #define HAVE_DECL_BASENAME 0
| #define HAVE_DECL_FFS 0
| #define HAVE_DECL_STPCPY 0
| #define HAVE_DECL_ASPRINTF 1
| #define HAVE_DECL_VASPRINTF 1
| #define HAVE_DECL_STRNLEN 1
| #define HAVE_DECL____LC_CODEPAGE_FUNC 1
| #define USE_BINARY_FOPEN 1
| #define TLS _Thread_local
| #define HAVE_FTELLO 1
| #define HAVE_FTELLO64 1
| #define HAVE_FSEEKO 1
| #define HAVE_FSEEKO64 1
| #define HAVE_FOPEN64 1
| #define HAVE_DECL_FTELLO 1
| #define HAVE_DECL_FTELLO64 1
| #define HAVE_DECL_FSEEKO 1
| #define HAVE_DECL_FSEEKO64 1
| #define HAVE_DECL_FOPEN64 1
| /* end confdefs.h.  */
| #include <stdio.h>
| #ifdef HAVE_SYS_TYPES_H
| # include <sys/types.h>
| #endif
| #ifdef HAVE_SYS_STAT_H
| # include <sys/stat.h>
| #endif
| #ifdef STDC_HEADERS
| # include <stdlib.h>
| # include <stddef.h>
| #else
| # ifdef HAVE_STDLIB_H
| #  include <stdlib.h>
| # endif
| #endif
| #ifdef HAVE_STRING_H
| # if !defined STDC_HEADERS && defined HAVE_MEMORY_H
| #  include <memory.h>
| # endif
| # include <string.h>
| #endif
| #ifdef HAVE_STRINGS_H
| # include <strings.h>
| #endif
| #ifdef HAVE_INTTYPES_H
| # include <inttypes.h>
| #endif
| #ifdef HAVE_STDINT_H
| # include <stdint.h>
| #endif
| #ifdef HAVE_UNISTD_H
| # include <unistd.h>
| #endif
| int
| main ()
| {
| static int test_array [1 - 2 * !(((long int) (sizeof (off_t))) <= 1)];
| test_array [0] = 0;
| return test_array [0];
| 
|   ;
|   return 0;
| }
configure:17273: x86_64-w64-mingw32-gcc -c -g -O2      conftest.c >&5
conftest.c: In function 'main':
conftest.c:98:12: error: size of array 'test_array' is negative
   98 | static int test_array [1 - 2 * !(((long int) (sizeof (off_t))) <= 3)];
      |            ^~~~~~~~~~
configure:17273: $? = 1
configure: failed program was:
| /* confdefs.h */
| #define PACKAGE_NAME "bfd"
| #define PACKAGE_TARNAME "bfd"
| #define PACKAGE_VERSION "2.42"
| #define PACKAGE_STRING "bfd 2.42"
| #define PACKAGE_BUGREPORT ""
| #define PACKAGE_URL ""
| #define PACKAGE "bfd"
| #define VERSION "2.42"
| #define STDC_HEADERS 1
| #define HAVE_SYS_TYPES_H 1
| #define HAVE_SYS_STAT_H 1
| #define HAVE_STDLIB_H 1
| #define HAVE_STRING_H 1
| #define HAVE_MEMORY_H 1
| #define HAVE_STRINGS_H 1
| #define HAVE_INTTYPES_H 1
| #define HAVE_STDINT_H 1
| #define HAVE_UNISTD_H 1
| #define __EXTENSIONS__ 1
| #define _ALL_SOURCE 1
| #define _GNU_SOURCE 1
| #define _POSIX_PTHREAD_SEMANTICS 1
| #define _TANDEM_SOURCE 1
| #define LT_OBJDIR ".libs/"
| #define HAVE_WINDOWS_H 1
| #define _FILE_OFFSET_BITS 64
| #define USE_SECUREPLT 1
| #define DEFAULT_LD_Z_SEPARATE_CODE 0
| #define SIZEOF_LONG_LONG 8
| #define SIZEOF_VOID_P 8
| #define SIZEOF_LONG 4
| #define SIZEOF_INT 4
| #define HAVE_FCNTL_H 1
| #define HAVE_SYS_FILE_H 1
| #define HAVE_SYS_STAT_H 1
| #define HAVE_SYS_TYPES_H 1
| #define HAVE_UNISTD_H 1
| #define HAVE_FDOPEN 1
| #define HAVE_FILENO 1
| #define HAVE_GETPAGESIZE 1
| #define HAVE_DECL_BASENAME 0
| #define HAVE_DECL_FFS 0
| #define HAVE_DECL_STPCPY 0
| #define HAVE_DECL_ASPRINTF 1
| #define HAVE_DECL_VASPRINTF 1
| #define HAVE_DECL_STRNLEN 1
| #define HAVE_DECL____LC_CODEPAGE_FUNC 1
| #define USE_BINARY_FOPEN 1
| #define TLS _Thread_local
| #define HAVE_FTELLO 1
| #define HAVE_FTELLO64 1
| #define HAVE_FSEEKO 1
| #define HAVE_FSEEKO64 1
| #define HAVE_FOPEN64 1
| #define HAVE_DECL_FTELLO 1
| #define HAVE_DECL_FTELLO64 1
| #define HAVE_DECL_FSEEKO 1
| #define HAVE_DECL_FSEEKO64 1
| #define HAVE_DECL_FOPEN64 1
| /* end confdefs.h.  */
| #include <stdio.h>
| #ifdef HAVE_SYS_TYPES_H
| # include <sys/types.h>
| #endif
| #ifdef HAVE_SYS_STAT_H
| # include <sys/stat.h>
| #endif
| #ifdef STDC_HEADERS
| # include <stdlib.h>
| # include <stddef.h>
| #else
| # ifdef HAVE_STDLIB_H
| #  include <stdlib.h>
| # endif
| #endif
| #ifdef HAVE_STRING_H
| # if !defined STDC_HEADERS && defined HAVE_MEMORY_H
| #  include <memory.h>
| # endif
| # include <string.h>
| #endif
| #ifdef HAVE_STRINGS_H
| # include <strings.h>
| #endif
| #ifdef HAVE_INTTYPES_H
| # include <inttypes.h>
| #endif
| #ifdef HAVE_STDINT_H
| # include <stdint.h>
| #endif
| #ifdef HAVE_UNISTD_H
| # include <unistd.h>
| #endif
| int
| main ()
| {
| static int test_array [1 - 2 * !(((long int) (sizeof (off_t))) <= 3)];
| test_array [0] = 0;
| return test_array [0];
| 
|   ;
|   return 0;
| }
configure:17273: x86_64-w64-mingw32-gcc -c -g -O2      conftest.c >&5
conftest.c: In function 'main':
conftest.c:98:12: error: size of array 'test_array' is negative
   98 | static int test_array [1 - 2 * !(((long int) (sizeof (off_t))) <= 7)];
      |            ^~~~~~~~~~
configure:17273: $? = 1
configure: failed program was:
| /* confdefs.h */
| #define PACKAGE_NAME "bfd"
| #define PACKAGE_TARNAME "bfd"
| #define PACKAGE_VERSION "2.42"
| #define PACKAGE_STRING "bfd 2.42"
| #define PACKAGE_BUGREPORT ""
| #define PACKAGE_URL ""
| #define PACKAGE "bfd"
| #define VERSION "2.42"
| #define STDC_HEADERS 1
| #define HAVE_SYS_TYPES_H 1
| #define HAVE_SYS_STAT_H 1
| #define HAVE_STDLIB_H 1
| #define HAVE_STRING_H 1
| #define HAVE_MEMORY_H 1
| #define HAVE_STRINGS_H 1
| #define HAVE_INTTYPES_H 1
| #define HAVE_STDINT_H 1
| #define HAVE_UNISTD_H 1
| #define __EXTENSIONS__ 1
| #define _ALL_SOURCE 1
| #define _GNU_SOURCE 1
| #define _POSIX_PTHREAD_SEMANTICS 1
| #define _TANDEM_SOURCE 1
| #define LT_OBJDIR ".libs/"
| #define HAVE_WINDOWS_H 1
| #define _FILE_OFFSET_BITS 64
| #define USE_SECUREPLT 1
| #define DEFAULT_LD_Z_SEPARATE_CODE 0
| #define SIZEOF_LONG_LONG 8
| #define SIZEOF_VOID_P 8
| #define SIZEOF_LONG 4
| #define SIZEOF_INT 4
| #define HAVE_FCNTL_H 1
| #define HAVE_SYS_FILE_H 1
| #define HAVE_SYS_STAT_H 1
| #define HAVE_SYS_TYPES_H 1
| #define HAVE_UNISTD_H 1
| #define HAVE_FDOPEN 1
| #define HAVE_FILENO 1
| #define HAVE_GETPAGESIZE 1
| #define HAVE_DECL_BASENAME 0
| #define HAVE_DECL_FFS 0
| #define HAVE_DECL_STPCPY 0
| #define HAVE_DECL_ASPRINTF 1
| #define HAVE_DECL_VASPRINTF 1
| #define HAVE_DECL_STRNLEN 1
| #define HAVE_DECL____LC_CODEPAGE_FUNC 1
| #define USE_BINARY_FOPEN 1
| #define TLS _Thread_local
| #define HAVE_FTELLO 1
| #define HAVE_FTELLO64 1
| #define HAVE_FSEEKO 1
| #define HAVE_FSEEKO64 1
| #define HAVE_FOPEN64 1
| #define HAVE_DECL_FTELLO 1
| #define HAVE_DECL_FTELLO64 1
| #define HAVE_DECL_FSEEKO 1
| #define HAVE_DECL_FSEEKO64 1
| #define HAVE_DECL_FOPEN64 1
| /* end confdefs.h.  */
| #include <stdio.h>
| #ifdef HAVE_SYS_TYPES_H
| # include <sys/types.h>
| #endif
| #ifdef HAVE_SYS_STAT_H
| # include <sys/stat.h>
| #endif
| #ifdef STDC_HEADERS
| # include <stdlib.h>
| # include <stddef.h>
| #else
| # ifdef HAVE_STDLIB_H
| #  include <stdlib.h>
| # endif
| #endif
| #ifdef HAVE_STRING_H
| # if !defined STDC_HEADERS && defined HAVE_MEMORY_H
| #  include <memory.h>
| # endif
| # include <string.h>
| #endif
| #ifdef HAVE_STRINGS_H
| # include <strings.h>
| #endif
| #ifdef HAVE_INTTYPES_H
| # include <inttypes.h>
| #endif
| #ifdef HAVE_STDINT_H
| # include <stdint.h>
| #endif
| #ifdef HAVE_UNISTD_H
| # include <unistd.h>
| #endif
| int
| main ()
| {
| static int test_array [1 - 2 * !(((long int) (sizeof (off_t))) <= 7)];
| test_array [0] = 0;
| return test_array [0];
| 
|   ;
|   return 0;
| }
configure:17273: x86_64-w64-mingw32-gcc -c -g -O2      conftest.c >&5
configure:17273: $? = 0
configure:17273: x86_64-w64-mingw32-gcc -c -g -O2      conftest.c >&5
configure:17273: $? = 0
configure:17273: x86_64-w64-mingw32-gcc -c -g -O2      conftest.c >&5
configure:17273: $? = 0
configure:17273: x86_64-w64-mingw32-gcc -c -g -O2      conftest.c >&5
configure:17273: $? = 0
configure:17287: result: 8
configure:17298: checking file_ptr type
configure:17307: result: int64_t
configure:17318: checking for stdlib.h
configure:17318: result: yes
configure:17318: checking for unistd.h
configure:17318: result: yes
configure:17318: checking for sys/param.h
configure:17318: x86_64-w64-mingw32-gcc -c -g -O2      conftest.c >&5
configure:17318: $? = 0
configure:17318: result: yes
configure:17338: checking for getpagesize
configure:17338: result: yes
configure:17347: checking for working mmap
configure:17504: result: no
configure:17516: checking for madvise
configure:17516: x86_64-w64-mingw32-gcc -o conftest.exe -g -O2       -Wl,--stack,12582912 conftest.c  >&5
/usr/bin/x86_64-w64-mingw32-ld: /tmp/ccnt13TI.o: in function `main':
/mnt/c/Users/PC/Documents/GitHub/BlockyOS/compile/toolchain/prebuild/build/bfd/conftest.c:101:(.text.startup+0xa): undefined reference to `madvise'
collect2: error: ld returned 1 exit status
configure:17516: $? = 1
configure: failed program was:
| /* confdefs.h */
| #define PACKAGE_NAME "bfd"
| #define PACKAGE_TARNAME "bfd"
| #define PACKAGE_VERSION "2.42"
| #define PACKAGE_STRING "bfd 2.42"
| #define PACKAGE_BUGREPORT ""
| #define PACKAGE_URL ""
| #define PACKAGE "bfd"
| #define VERSION "2.42"
| #define STDC_HEADERS 1
| #define HAVE_SYS_TYPES_H 1
| #define HAVE_SYS_STAT_H 1
| #define HAVE_STDLIB_H 1
| #define HAVE_STRING_H 1
| #define HAVE_MEMORY_H 1
| #define HAVE_STRINGS_H 1
| #define HAVE_INTTYPES_H 1
| #define HAVE_STDINT_H 1
| #define HAVE_UNISTD_H 1
| #define __EXTENSIONS__ 1
| #define _ALL_SOURCE 1
| #define _GNU_SOURCE 1
| #define _POSIX_PTHREAD_SEMANTICS 1
| #define _TANDEM_SOURCE 1
| #define LT_OBJDIR ".libs/"
| #define HAVE_WINDOWS_H 1
| #define _FILE_OFFSET_BITS 64
| #define USE_SECUREPLT 1
| #define DEFAULT_LD_Z_SEPARATE_CODE 0
| #define SIZEOF_LONG_LONG 8
| #define SIZEOF_VOID_P 8
| #define SIZEOF_LONG 4
| #define SIZEOF_INT 4
| #define HAVE_FCNTL_H 1
| #define HAVE_SYS_FILE_H 1
| #define HAVE_SYS_STAT_H 1
| #define HAVE_SYS_TYPES_H 1
| #define HAVE_UNISTD_H 1
| #define HAVE_FDOPEN 1
| #define HAVE_FILENO 1
| #define HAVE_GETPAGESIZE 1
| #define HAVE_DECL_BASENAME 0
| #define HAVE_DECL_FFS 0
| #define HAVE_DECL_STPCPY 0
| #define HAVE_DECL_ASPRINTF 1
| #define HAVE_DECL_VASPRINTF 1
| #define HAVE_DECL_STRNLEN 1
| #define HAVE_DECL____LC_CODEPAGE_FUNC 1
| #define USE_BINARY_FOPEN 1
| #define TLS _Thread_local
| #define HAVE_FTELLO 1
| #define HAVE_FTELLO64 1
| #define HAVE_FSEEKO 1
| #define HAVE_FSEEKO64 1
| #define HAVE_FOPEN64 1
| #define HAVE_DECL_FTELLO 1
| #define HAVE_DECL_FTELLO64 1
| #define HAVE_DECL_FSEEKO 1
| #define HAVE_DECL_FSEEKO64 1
| #define HAVE_DECL_FOPEN64 1
| #define SIZEOF_OFF_T 8
| #define HAVE_STDLIB_H 1
| #define HAVE_UNISTD_H 1
| #define HAVE_SYS_PARAM_H 1
| #define HAVE_GETPAGESIZE 1
| /* end confdefs.h.  */
| /* Define madvise to an innocuous variant, in case <limits.h> declares madvise.
|    For example, HP-UX 11i <limits.h> declares gettimeofday.  */
| #define madvise innocuous_madvise
| 
| /* System header to define __stub macros and hopefully few prototypes,
|     which can conflict with char madvise (); below.
|     Prefer <limits.h> to <assert.h> if __STDC__ is defined, since
|     <limits.h> exists even on freestanding compilers.  */
| 
| #ifdef __STDC__
| # include <limits.h>
| #else
| # include <assert.h>
| #endif
| 
| #undef madvise
| 
| /* Override any GCC internal prototype to avoid an error.
|    Use char because int might match the return type of a GCC
|    builtin and then its argument prototype would still apply.  */
| #ifdef __cplusplus
| extern "C"
| #endif
| char madvise ();
| /* The GNU C library defines this for functions which it implements
|     to always fail with ENOSYS.  Some functions are actually named
|     something starting with __ and the normal name is an alias.  */
| #if defined __stub_madvise || defined __stub___madvise
| choke me
| #endif
| 
| int
| main ()
| {
| return madvise ();
|   ;
|   return 0;
| }
configure:17516: result: no
configure:17516: checking for mprotect
configure:17516: x86_64-w64-mingw32-gcc -o conftest.exe -g -O2       -Wl,--stack,12582912 conftest.c  >&5
configure:17516: $? = 0
configure:17516: result: yes
configure:17599: updating cache ./config.cache
configure:17643: checking that generated files are newer than configure
configure:17649: result: done
configure:17693: creating ./config.status

## ---------------------- ##
## Running config.status. ##
## ---------------------- ##

This file was extended by bfd config.status 2.42, which was
generated by GNU Autoconf 2.69.  Invocation command line was

  CONFIG_FILES    = 
  CONFIG_HEADERS  = 
  CONFIG_LINKS    = 
  CONFIG_COMMANDS = 
  $ ./config.status 

on DESKTOP-QQFMLBR

config.status:1225: creating Makefile
config.status:1225: creating bfd-in3.h
config.status:1225: creating po/Makefile.in
config.status:1225: creating config.h
config.status:1439: executing depfiles commands
config.status:1439: executing libtool commands
config.status:1439: executing default-1 commands
config.status:1439: executing default-2 commands
config.status:1439: executing default commands

## ---------------- ##
## Cache variables. ##
## ---------------- ##

ac_cv_build=x86_64-pc-linux-gnu
ac_cv_c_bigendian=no
ac_cv_c_compiler_gnu=yes
ac_cv_env_CC_set=set
ac_cv_env_CC_value=x86_64-w64-mingw32-gcc
ac_cv_env_CFLAGS_set=set
ac_cv_env_CFLAGS_value='-g -O2    '
ac_cv_env_CPPFLAGS_set=
ac_cv_env_CPPFLAGS_value=
ac_cv_env_CPP_set=
ac_cv_env_CPP_value=
ac_cv_env_LDFLAGS_set=set
ac_cv_env_LDFLAGS_value=' -Wl,--stack,12582912'
ac_cv_env_LIBS_set=
ac_cv_env_LIBS_value=
ac_cv_env_PKG_CONFIG_LIBDIR_set=
ac_cv_env_PKG_CONFIG_LIBDIR_value=
ac_cv_env_PKG_CONFIG_PATH_set=set
ac_cv_env_PKG_CONFIG_PATH_value=
ac_cv_env_PKG_CONFIG_set=
ac_cv_env_PKG_CONFIG_value=
ac_cv_env_ZSTD_CFLAGS_set=
ac_cv_env_ZSTD_CFLAGS_value=
ac_cv_env_ZSTD_LIBS_set=
ac_cv_env_ZSTD_LIBS_value=
ac_cv_env_build_alias_set=set
ac_cv_env_build_alias_value=x86_64-pc-linux-gnu
ac_cv_env_host_alias_set=set
ac_cv_env_host_alias_value=x86_64-w64-mingw32
ac_cv_env_target_alias_set=set
ac_cv_env_target_alias_value=x86_64-elf
ac_cv_exeext=.exe
ac_cv_func_fcntl=no
ac_cv_func_fdopen=yes
ac_cv_func_fileno=yes
ac_cv_func_fls=no
ac_cv_func_fopen64=yes
ac_cv_func_fseeko64=yes
ac_cv_func_fseeko=yes
ac_cv_func_ftello64=yes
ac_cv_func_ftello=yes
ac_cv_func_getgid=no
ac_cv_func_getpagesize=yes
ac_cv_func_getrlimit=no
ac_cv_func_getuid=no
ac_cv_func_madvise=no
ac_cv_func_mmap_fixed_mapped=no
ac_cv_func_mprotect=yes
ac_cv_func_sysconf=no
ac_cv_have_decl____lc_codepage_func=yes
ac_cv_have_decl_asprintf=yes
ac_cv_have_decl_basename=no
ac_cv_have_decl_ffs=no
ac_cv_have_decl_fopen64=yes
ac_cv_have_decl_fseeko64=yes
ac_cv_have_decl_fseeko=yes
ac_cv_have_decl_ftello64=yes
ac_cv_have_decl_ftello=yes
ac_cv_have_decl_stpcpy=no
ac_cv_have_decl_strnlen=yes
ac_cv_have_decl_vasprintf=yes
ac_cv_header_dlfcn_h=no
ac_cv_header_fcntl_h=yes
ac_cv_header_inttypes_h=yes
ac_cv_header_memory_h=yes
ac_cv_header_minix_config_h=no
ac_cv_header_stdc=yes
ac_cv_header_stdint_h=yes
ac_cv_header_stdlib_h=yes
ac_cv_header_string_h=yes
ac_cv_header_strings_h=yes
ac_cv_header_sys_file_h=yes
ac_cv_header_sys_param_h=yes
ac_cv_header_sys_resource_h=no
ac_cv_header_sys_stat_h=yes
ac_cv_header_sys_types_h=yes
ac_cv_header_unistd_h=yes
ac_cv_header_windows_h=yes
ac_cv_host=x86_64-w64-mingw32
ac_cv_lib_m_cos=yes
ac_cv_objext=o
ac_cv_path_EGREP='/usr/bin/grep -E'
ac_cv_path_FGREP='/usr/bin/grep -F'
ac_cv_path_GMSGFMT=:
ac_cv_path_GREP=/usr/bin/grep
ac_cv_path_MSGFMT=:
ac_cv_path_MSGMERGE=:
ac_cv_path_SED=/usr/bin/sed
ac_cv_path_XGETTEXT=:
ac_cv_path_mkdir=/usr/bin/mkdir
ac_cv_prog_AR='x86_64-w64-mingw32-ar --plugin /usr/lib/gcc/x86_64-w64-mingw32/14-win32/liblto_plugin.so'
ac_cv_prog_AWK=gawk
ac_cv_prog_CC=x86_64-w64-mingw32-gcc
ac_cv_prog_CPP='x86_64-w64-mingw32-gcc -E'
ac_cv_prog_OBJDUMP=x86_64-w64-mingw32-objdump
ac_cv_prog_RANLIB='x86_64-w64-mingw32-ranlib --plugin /usr/lib/gcc/x86_64-w64-mingw32/14-win32/liblto_plugin.so'
ac_cv_prog_STRIP=x86_64-w64-mingw32-strip
ac_cv_prog_cc_c89=
ac_cv_prog_cc_g=yes
ac_cv_prog_make_make_set=yes
ac_cv_safe_to_define___extensions__=yes
ac_cv_search_dlsym=no
ac_cv_sizeof_int=4
ac_cv_sizeof_long=4
ac_cv_sizeof_long_long=8
ac_cv_sizeof_off_t=8
ac_cv_sizeof_void_p=8
ac_cv_sys_file_offset_bits=64
ac_cv_sys_largefile_CC=no
ac_cv_target=x86_64-pc-elf
ac_cv_tls=_Thread_local
acl_cv_hardcode_direct=no
acl_cv_hardcode_libdir_flag_spec='${wl}-rpath ${wl}$libdir'
acl_cv_hardcode_libdir_separator=
acl_cv_hardcode_minus_L=no
acl_cv_libext=a
acl_cv_path_LD=/usr/bin/x86_64-w64-mingw32-ld
acl_cv_prog_gnu_ld=yes
acl_cv_rpath=done
acl_cv_shlibext=dll
acl_cv_wl=-Wl,
am_cv_CC_dependencies_compiler_type=gcc3
am_cv_make_support_nested_variables=yes
am_cv_prog_cc_c_o=yes
bfd_cv_build_exeext=no
bfd_cv_hidden=no
bfd_cv_ld_as_needed=yes
gt_cv_func_CFLocaleCopyPreferredLanguages=no
gt_cv_func_CFPreferencesCopyAppValue=no
lt_cv_deplibs_check_method='file_magic file format pei*-i386(.*architecture: i386)?'
lt_cv_dlopen=LoadLibrary
lt_cv_dlopen_libs=
lt_cv_file_magic_cmd='$OBJDUMP -f'
lt_cv_file_magic_test_file=
lt_cv_ld_reload_flag=-r
lt_cv_nm_interface='BSD nm'
lt_cv_objdir=.libs
lt_cv_path_LD=/usr/bin/x86_64-w64-mingw32-ld
lt_cv_path_NM='/usr/bin/x86_64-w64-mingw32-nm -B'
lt_cv_prog_compiler_c_o=yes
lt_cv_prog_compiler_pic_works=yes
lt_cv_prog_compiler_rtti_exceptions=no
lt_cv_prog_compiler_static_works=yes
lt_cv_prog_gnu_ld=yes
lt_cv_sys_global_symbol_pipe='sed -n -e '\''s/^.*[	 ]\([ABCDGIRSTW][ABCDGIRSTW]*\)[	 ][	 ]*\([_A-Za-z][_A-Za-z0-9]*\)$/\1 \2 \2/p'\'''
lt_cv_sys_global_symbol_to_c_name_address='sed -n -e '\''s/^: \([^ ]*\) $/  {\"\1\", (void *) 0},/p'\'' -e '\''s/^[ABCDGIRSTW]* \([^ ]*\) \([^ ]*\)$/  {"\2", (void *) \&\2},/p'\'''
lt_cv_sys_global_symbol_to_c_name_address_lib_prefix='sed -n -e '\''s/^: \([^ ]*\) $/  {\"\1\", (void *) 0},/p'\'' -e '\''s/^[ABCDGIRSTW]* \([^ ]*\) \(lib[^ ]*\)$/  {"\2", (void *) \&\2},/p'\'' -e '\''s/^[ABCDGIRSTW]* \([^ ]*\) \([^ ]*\)$/  {"lib\2", (void *) \&\2},/p'\'''
lt_cv_sys_global_symbol_to_cdecl='sed -n -e '\''s/^T .* \(.*\)$/extern int \1();/p'\'' -e '\''s/^[ABCDGIRSTW]* .* \(.*\)$/extern char \1;/p'\'''
lt_cv_sys_max_cmd_len=1572864

## ----------------- ##
## Output variables. ##
## ----------------- ##

ACLOCAL='${SHELL} /mnt/c/Users/PC/Documents/GitHub/BlockyOS/compile/toolchain/prebuild/binutils-2.42/missing aclocal-1.15'
AMDEPBACKSLASH='\'
AMDEP_FALSE='#'
AMDEP_TRUE=''
AMTAR='$${TAR-tar}'
AM_BACKSLASH='\'
AM_DEFAULT_V='$(AM_DEFAULT_VERBOSITY)'
AM_DEFAULT_VERBOSITY='0'
AM_V='$(V)'
AR='x86_64-w64-mingw32-ar --plugin /usr/lib/gcc/x86_64-w64-mingw32/14-win32/liblto_plugin.so --plugin /usr/lib/gcc/x86_64-w64-mingw32/14-win32/liblto_plugin.so'
AUTOCONF='${SHELL} /mnt/c/Users/PC/Documents/GitHub/BlockyOS/compile/toolchain/prebuild/binutils-2.42/missing autoconf'
AUTOHEADER='${SHELL} /mnt/c/Users/PC/Documents/GitHub/BlockyOS/compile/toolchain/prebuild/binutils-2.42/missing autoheader'
AUTOMAKE='${SHELL} /mnt/c/Users/PC/Documents/GitHub/BlockyOS/compile/toolchain/prebuild/binutils-2.42/missing automake-1.15'
AWK='gawk'
CATALOGS=''
CATOBJEXT=''
CC='x86_64-w64-mingw32-gcc'
CCDEPMODE='depmode=gcc3'
CC_FOR_BUILD='gcc'
CFLAGS='-g -O2    '
COREFILE=''
COREFLAG=''
CPP='x86_64-w64-mingw32-gcc -E'
CPPFLAGS=''
CYGPATH_W='echo'
DATADIRNAME=''
DEBUGDIR='${exec_prefix}/lib/debug'
DEFS='-DHAVE_CONFIG_H'
DEPDIR='.deps'
DSYMUTIL='x86_64-w64-mingw32-dsymutil'
DUMPBIN=''
ECHO_C=''
ECHO_N='-n'
ECHO_T=''
EGREP='/usr/bin/grep -E'
ENABLE_BFD_64_BIT_FALSE='#'
ENABLE_BFD_64_BIT_TRUE=''
EXEEXT='.exe'
EXEEXT_FOR_BUILD=''
FGREP='/usr/bin/grep -F'
GENCAT=''
GENINSRC_NEVER_FALSE=''
GENINSRC_NEVER_TRUE='#'
GMSGFMT=':'
GREP='/usr/bin/grep'
HDEFINES=''
INCINTL=''
INSTALL_DATA='/usr/bin/install -c -m 644'
INSTALL_LIBBFD_FALSE=''
INSTALL_LIBBFD_TRUE='#'
INSTALL_PROGRAM='/usr/bin/install -c'
INSTALL_SCRIPT='/usr/bin/install -c'
INSTALL_STRIP_PROGRAM='$(install_sh) -c -s'
INSTOBJEXT=''
INTLLIBS=''
INTL_MACOSX_LIBS=''
LARGEFILE_CPPFLAGS=''
LD='/usr/bin/x86_64-w64-mingw32-ld'
LDFLAGS=' -Wl,--stack,12582912'
LIBICONV='-liconv'
LIBINTL=''
LIBINTL_DEP=''
LIBM='-lm'
LIBOBJS=''
LIBS=''
LIBTOOL='$(SHELL) $(top_builddir)/libtool'
LIPO=''
LN_S='ln -s'
LTLIBICONV='-liconv'
LTLIBINTL=''
LTLIBOBJS=''
MAINT='#'
MAINTAINER_MODE_FALSE=''
MAINTAINER_MODE_TRUE='#'
MAKEINFO='makeinfo --split-size=5000000'
MKDIR_P='/usr/bin/mkdir -p'
MKINSTALLDIRS='$(top_builddir)/../../binutils-2.42/bfd/../mkinstalldirs'
MSGFMT=':'
MSGMERGE=':'
NM='/usr/bin/x86_64-w64-mingw32-nm -B'
NMEDIT=''
NO_WERROR=''
OBJDUMP='x86_64-w64-mingw32-objdump'
OBJEXT='o'
OTOOL64=''
OTOOL='x86_64-w64-mingw32-otool'
PACKAGE='bfd'
PACKAGE_BUGREPORT=''
PACKAGE_NAME='bfd'
PACKAGE_STRING='bfd 2.42'
PACKAGE_TARNAME='bfd'
PACKAGE_URL=''
PACKAGE_VERSION='2.42'
PATH_SEPARATOR=':'
PKGVERSION='(GNU Binutils) '
PKG_CONFIG=''
PKG_CONFIG_LIBDIR=''
PKG_CONFIG_PATH=''
PLUGINS_FALSE='#'
PLUGINS_TRUE=''
POSUB=''
RANLIB='x86_64-w64-mingw32-ranlib --plugin /usr/lib/gcc/x86_64-w64-mingw32/14-win32/liblto_plugin.so --plugin /usr/lib/gcc/x86_64-w64-mingw32/14-win32/liblto_plugin.so'
REPORT_BUGS_TEXI='@uref{https://sourceware.org/bugzilla/}'
REPORT_BUGS_TO='<https://sourceware.org/bugzilla/>'
SED='/usr/bin/sed'
SET_MAKE=''
SHARED_LDFLAGS=''
SHARED_LIBADD=' '
SHELL='/bin/bash'
STRIP='x86_64-w64-mingw32-strip'
TDEFINES=' '
USE_NLS='no'
VERSION='2.42'
WARN_CFLAGS='-W -Wall -Wstrict-prototypes -Wmissing-prototypes -Wshadow -Wstack-usage=262144'
WARN_CFLAGS_FOR_BUILD='-W -Wall -Wstrict-prototypes -Wmissing-prototypes -Wshadow -Wstack-usage=262144'
WARN_WRITE_STRINGS='-Wwrite-strings'
XGETTEXT=':'
ZSTD_CFLAGS=''
ZSTD_LIBS=''
ac_ct_CC=''
ac_ct_DUMPBIN=''
all_backends='$(BFD64_BACKENDS) $(BFD32_BACKENDS)'
am__EXEEXT_FALSE='#'
am__EXEEXT_TRUE=''
am__fastdepCC_FALSE='#'
am__fastdepCC_TRUE=''
am__include='include'
am__isrc=' -I$(srcdir)'
am__leading_dot='.'
am__nodep='_no'
am__quote=''
am__tar='$${TAR-tar} chof - "$$tardir"'
am__untar='$${TAR-tar} xf -'
bfd64_libs='$(BFD64_LIBS)'
bfd_backends=' elf64-x86-64.lo elfxx-x86.lo elf-ifunc.lo elf-vxworks.lo elf64.lo elf.lo elflink.lo elf-attrs.lo elf-strtab.lo elf-eh-frame.lo elf-sframe.lo dwarf1.lo dwarf2.lo elf32-i386.lo elf32.lo elf64-gen.lo elf32-gen.lo plugin.lo $(ALL_BACKENDS)'
bfd_default_target_size='64'
bfd_file_ptr='int64_t'
bfd_machines=' cpu-i386.lo cpu-iamcu.lo $(ALL_MACHINES)'
bfd_ufile_ptr='uint64_t'
bfdincludedir='$(exec_prefix)/$(host_noncanonical)/$(target_noncanonical)/include'
bfdlibdir='$(exec_prefix)/$(host_noncanonical)/$(target_noncanonical)/lib'
bindir='${exec_prefix}/bin'
build='x86_64-pc-linux-gnu'
build_alias='x86_64-pc-linux-gnu'
build_cpu='x86_64'
build_os='linux-gnu'
build_vendor='pc'
datadir='${datarootdir}'
datarootdir='${prefix}/share'
docdir='${datarootdir}/doc/${PACKAGE_TARNAME}'
dvidir='${docdir}'
exec_prefix='${prefix}'
havevecs='-DHAVE_all_vecs'
host='x86_64-w64-mingw32'
host_alias='x86_64-w64-mingw32'
host_cpu='x86_64'
host_noncanonical='x86_64-w64-mingw32'
host_os='mingw32'
host_vendor='w64'
htmldir='${docdir}'
includedir='${prefix}/include'
infodir='${datarootdir}/info'
install_sh='${SHELL} /mnt/c/Users/PC/Documents/GitHub/BlockyOS/compile/toolchain/prebuild/binutils-2.42/install-sh'
libdir='${exec_prefix}/lib'
libexecdir='${exec_prefix}/libexec'
localedir='${datarootdir}/locale'
localstatedir='${prefix}/var'
lt_cv_dlopen_libs=''
mandir='${datarootdir}/man'
mkdir_p='$(MKDIR_P)'
oldincludedir='/usr/include'
pdfdir='${docdir}'
prefix='/mnt/c/Users/PC/Documents/GitHub/BlockyOS/compile/toolchain/prebuild/binutils-2.42-build'
program_transform_name='s&^&x86_64-elf-&'
psdir='${docdir}'
sbindir='${exec_prefix}/sbin'
sharedstatedir='${prefix}/com'
supports_plugins='1'
sysconfdir='${prefix}/etc'
target='x86_64-pc-elf'
target_alias='x86_64-elf'
target_cpu='x86_64'
target_noncanonical='x86_64-elf'
target_os='elf'
target_vendor='pc'
tdefaults=' -DDEFAULT_VECTOR=x86_64_elf64_vec -DASSOCIATED_VECS='\''&x86_64_elf64_vec,&i386_elf32_vec,&iamcu_elf32_vec,&x86_64_elf32_vec,&elf64_le_vec,&elf64_be_vec,&elf32_le_vec,&elf32_be_vec'\'''
wordsize='64'
zlibdir='-L$(top_builddir)/../zlib'
zlibinc='-I$(top_srcdir)/../zlib'

## ----------- ##
## confdefs.h. ##
## ----------- ##

/* confdefs.h */
#define PACKAGE_NAME "bfd"
#define PACKAGE_TARNAME "bfd"
#define PACKAGE_VERSION "2.42"
#define PACKAGE_STRING "bfd 2.42"
#define PACKAGE_BUGREPORT ""
#define PACKAGE_URL ""
#define PACKAGE "bfd"
#define VERSION "2.42"
#define STDC_HEADERS 1
#define HAVE_SYS_TYPES_H 1
#define HAVE_SYS_STAT_H 1
#define HAVE_STDLIB_H 1
#define HAVE_STRING_H 1
#define HAVE_MEMORY_H 1
#define HAVE_STRINGS_H 1
#define HAVE_INTTYPES_H 1
#define HAVE_STDINT_H 1
#define HAVE_UNISTD_H 1
#define __EXTENSIONS__ 1
#define _ALL_SOURCE 1
#define _GNU_SOURCE 1
#define _POSIX_PTHREAD_SEMANTICS 1
#define _TANDEM_SOURCE 1
#define LT_OBJDIR ".libs/"
#define HAVE_WINDOWS_H 1
#define _FILE_OFFSET_BITS 64
#define USE_SECUREPLT 1
#define DEFAULT_LD_Z_SEPARATE_CODE 0
#define SIZEOF_LONG_LONG 8
#define SIZEOF_VOID_P 8
#define SIZEOF_LONG 4
#define SIZEOF_INT 4
#define HAVE_FCNTL_H 1
#define HAVE_SYS_FILE_H 1
#define HAVE_SYS_STAT_H 1
#define HAVE_SYS_TYPES_H 1
#define HAVE_UNISTD_H 1
#define HAVE_FDOPEN 1
#define HAVE_FILENO 1
#define HAVE_GETPAGESIZE 1
#define HAVE_DECL_BASENAME 0
#define HAVE_DECL_FFS 0
#define HAVE_DECL_STPCPY 0
#define HAVE_DECL_ASPRINTF 1
#define HAVE_DECL_VASPRINTF 1
#define HAVE_DECL_STRNLEN 1
#define HAVE_DECL____LC_CODEPAGE_FUNC 1
#define USE_BINARY_FOPEN 1
#define TLS _Thread_local
#define HAVE_FTELLO 1
#define HAVE_FTELLO64 1
#define HAVE_FSEEKO 1
#define HAVE_FSEEKO64 1
#define HAVE_FOPEN64 1
#define HAVE_DECL_FTELLO 1
#define HAVE_DECL_FTELLO64 1
#define HAVE_DECL_FSEEKO 1
#define HAVE_DECL_FSEEKO64 1
#define HAVE_DECL_FOPEN64 1
#define SIZEOF_OFF_T 8
#define HAVE_STDLIB_H 1
#define HAVE_UNISTD_H 1
#define HAVE_SYS_PARAM_H 1
#define HAVE_GETPAGESIZE 1
#define HAVE_MPROTECT 1

configure: exit 0

## ---------------------- ##
## Running config.status. ##
## ---------------------- ##

This file was extended by bfd config.status 2.42, which was
generated by GNU Autoconf 2.69.  Invocation command line was

  CONFIG_FILES    = po/Makefile.in:po/Make-in
  CONFIG_HEADERS  = 
  CONFIG_LINKS    = 
  CONFIG_COMMANDS = 
  $ ./config.status 

on DESKTOP-QQFMLBR

config.status:1225: creating po/Makefile.in
config.status:1439: executing depfiles commands
config.status:1439: executing libtool commands
config.status:1439: executing default-1 commands
config.status:1439: executing default-2 commands
config.status:1439: executing default commands
