[SHELL]	FSFRAT.OPEN
[SHELL]	FSFRAT.MOUNT
[SHELL OUT]: FSFRAT DRIVER
[SHELL OUT]: >> 
[SHELL OUT]: FS-Root Blob:
[SHELL OUT]:     Version: [0:524288]
[SHELL OUT]:     Sig: 
[SHELL OUT]:     Configured Log Sectors: 2
[SHELL OUT]:     Configured Block Size: 0
[SHELL OUT]:     Configured Cluster-Map Size: 16711743
[SHELL OUT]: FS-Root Blob:
[SHELL OUT]:     Version: [1:0]
[SHELL OUT]:     Sig: FRAT_FILESYSTEM
[SHELL OUT]:     Configured Log Sectors: 5
[SHELL OUT]:     Configured Block Size: 512
open -p SYSD/LIBCRT.app -a LCRTAPP -la fc
Initializing CGCC.MAKE build process...
Skipping C:\GitHub\BlockyOS\src\kernel\libcrt\hardware\RNG\RNG.asm - up to date; source=2026-09-02T19:29:50.4588980Z, stored=09/02/2026 19:29:50
Skipping C:\GitHub\BlockyOS\src\kernel\libcrt\hardware\RNG\RNG.c - up to date; source=2026-09-01T19:51:35.2375749Z, stored=09/01/2026 19:51:35
Skipping C:\GitHub\BlockyOS\src\kernel\libcrt\hardware\GDT\GDT.asm - up to date; source=2026-09-02T19:29:50.4759038Z, stored=09/02/2026 19:29:50
Skipping C:\GitHub\BlockyOS\src\kernel\libcrt\hardware\GDT\GDT.c - up to date; source=2026-08-31T20:29:21.6186178Z, stored=08/31/2026 20:29:21
Skipping C:\GitHub\BlockyOS\src\kernel\libcrt\hardware\paging\paging.asm - up to date; source=2026-09-02T19:29:50.4619061Z, stored=09/02/2026 19:29:50
Skipping C:\GitHub\BlockyOS\src\kernel\libcrt\hardware\paging\paging.c - up to date; source=2026-09-01T20:10:14.1486119Z, stored=09/01/2026 20:10:14
Skipping C:\GitHub\BlockyOS\src\kernel\libcrt\hardware\SSE\SSE.asm - up to date; source=2026-09-02T19:29:50.4759038Z, stored=09/02/2026 19:29:50
Skipping C:\GitHub\BlockyOS\src\kernel\libcrt\hardware\SSE\SSE.c - up to date; source=2026-09-01T15:31:49.0191638Z, stored=09/01/2026 15:31:49
Skipping C:\GitHub\BlockyOS\src\kernel\libcrt\memory\memory.c - up to date; source=2026-09-01T14:27:41.5007315Z, stored=09/01/2026 14:27:41
Skipping C:\GitHub\BlockyOS\src\kernel\libcrt\memory\string.c - up to date; source=2026-08-31T17:22:17.0368394Z, stored=08/31/2026 17:22:17
Skipping C:\GitHub\BlockyOS\src\kernel\libcrt\hardware\paging\palloc.c - up to date; source=2026-09-01T20:10:14.1506184Z, stored=09/01/2026 20:10:14
Skipping C:\GitHub\BlockyOS\src\kernel\libcrt\memory\allocator\palloc.c - up to date; source=2026-09-02T18:08:03.4509785Z, stored=09/02/2026 18:08:03
Skipping C:\GitHub\BlockyOS\src\kernel\libcrt\memory\allocator\mmalloc.c - up to date; source=2026-09-01T00:47:09.6602809Z, stored=09/01/2026 00:47:09
Skipping C:\GitHub\BlockyOS\src\kernel\libcrt\math\math.c - up to date; source=2026-09-02T20:24:18.8720404Z, stored=09/02/2026 20:24:18
Skipping C:\GitHub\BlockyOS\src\kernel\libcrt\hardware\IO\IO.asm - up to date; source=2026-09-02T19:29:50.4759038Z, stored=09/02/2026 19:29:50
Skipping C:\GitHub\BlockyOS\src\kernel\libcrt\hardware\IDT\IDT.asm - up to date; source=2026-09-02T19:29:50.4759038Z, stored=09/02/2026 19:29:50
Skipping C:\GitHub\BlockyOS\src\kernel\libcrt\hardware\IDT\ISR.asm - up to date; source=2026-09-02T19:08:06.2288527Z, stored=09/02/2026 19:08:06
Skipping C:\GitHub\BlockyOS\src\kernel\libcrt\hardware\IDT\ISR.c - up to date; source=2026-09-02T18:48:44.0968136Z, stored=09/02/2026 18:48:44
Skipping C:\GitHub\BlockyOS\src\kernel\libcrt\hardware\ACPI\ACPI.c - up to date; source=2026-08-31T20:25:27.3210120Z, stored=08/31/2026 20:25:27
Skipping C:\GitHub\BlockyOS\src\kernel\libcrt\hardware\IDT\APIC\APIC.c - up to date; source=2026-08-31T17:22:17.1088393Z, stored=08/31/2026 17:22:17
Skipping C:\GitHub\BlockyOS\src\kernel\libcrt\hardware\IDT\APIC\IOAPIC.c - up to date; source=2026-08-31T23:06:36.2138524Z, stored=08/31/2026 23:06:36
Skipping C:\GitHub\BlockyOS\src\kernel\libcrt\hardware\IDT\APIC\LocalAPIC.c - up to date; source=2026-09-01T14:06:58.1209403Z, stored=09/01/2026 14:06:58
Skipping C:\GitHub\BlockyOS\src\kernel\libcrt\hardware\IDT\APIC\LocalAPICTimer.c - up to date; source=2026-09-01T19:52:35.3774846Z, stored=09/01/2026 19:52:35
Skipping C:\GitHub\BlockyOS\src\kernel\libcrt\hardware\hardware.c - up to date; source=2026-09-01T16:46:09.0571163Z, stored=09/01/2026 16:46:09
Skipping C:\GitHub\BlockyOS\src\kernel\libcrt\BLAKE2\blake2b-ref.c - up to date; source=2026-08-31T20:05:16.6578387Z, stored=08/31/2026 20:05:16
Skipping C:\GitHub\BlockyOS\src\kernel\libcrt\BLAKE2\blake2bp-ref.c - up to date; source=2026-08-31T20:05:20.6816175Z, stored=08/31/2026 20:05:20
Skipping C:\GitHub\BlockyOS\src\kernel\libcrt\BLAKE2\blake2s-ref.c - up to date; source=2026-08-31T20:05:24.7027041Z, stored=08/31/2026 20:05:24
Skipping C:\GitHub\BlockyOS\src\kernel\libcrt\BLAKE2\blake2sp-ref.c - up to date; source=2026-08-31T20:05:27.6610089Z, stored=08/31/2026 20:05:27
Skipping C:\GitHub\BlockyOS\src\kernel\libcrt\BLAKE2\blake2xb-ref.c - up to date; source=2026-09-01T14:03:25.3444410Z, stored=09/01/2026 14:03:25
Skipping C:\GitHub\BlockyOS\src\kernel\libcrt\BLAKE2\blake2xs-ref.c - up to date; source=2026-08-31T17:22:17.0728377Z, stored=08/31/2026 17:22:17
Skipping C:\GitHub\BlockyOS\src\kernel\libcrt\hardware\PCIe\PCIe.c - up to date; source=2026-08-31T23:54:42.2532022Z, stored=08/31/2026 23:54:42
Skipping C:\GitHub\BlockyOS\src\kernel\libcrt\hardware\SSE\UTILS.asm - up to date; source=2026-09-01T00:20:39.1738118Z, stored=09/01/2026 00:20:39
Skipping C:\GitHub\BlockyOS\src\kernel\libcrt\alibcrt.def - up to date; source=2026-09-01T20:03:41.5382359Z, stored=09/01/2026 20:03:41
gcc C:\GitHub\BlockyOS\compile\cache\asm.RNG.o C:\GitHub\BlockyOS\compile\cache\c.RNG.o C:\GitHub\BlockyOS\compile\cache\asm.GDT.o C:\GitHub\BlockyOS\compile\cache\c.GDT.o C:\GitHub\BlockyOS\compile\cache\asm.paging.o C:\GitHub\BlockyOS\compile\cache\c.paging.o C:\GitHub\BlockyOS\compile\cache\asm.SSE.o C:\GitHub\BlockyOS\compile\cache\c.SSE.o C:\GitHub\BlockyOS\compile\cache\c.memory.o C:\GitHub\BlockyOS\compile\cache\c.string.o C:\GitHub\BlockyOS\compile\cache\c.palloc.o C:\GitHub\BlockyOS\compile\cache\c.palloc(1).o C:\GitHub\BlockyOS\compile\cache\c.mmalloc.o C:\GitHub\BlockyOS\compile\cache\c.math.o C:\GitHub\BlockyOS\compile\cache\asm.IO.o C:\GitHub\BlockyOS\compile\cache\asm.IDT.o C:\GitHub\BlockyOS\compile\cache\asm.ISR.o C:\GitHub\BlockyOS\compile\cache\c.ISR.o C:\GitHub\BlockyOS\compile\cache\c.ACPI.o C:\GitHub\BlockyOS\compile\cache\c.APIC.o C:\GitHub\BlockyOS\compile\cache\c.IOAPIC.o C:\GitHub\BlockyOS\compile\cache\c.LocalAPIC.o C:\GitHub\BlockyOS\compile\cache\c.LocalAPICTimer.o C:\GitHub\BlockyOS\compile\cache\c.hardware.o C:\GitHub\BlockyOS\compile\cache\c.blake2b-ref.o C:\GitHub\BlockyOS\compile\cache\c.blake2bp-ref.o C:\GitHub\BlockyOS\compile\cache\c.blake2s-ref.o C:\GitHub\BlockyOS\compile\cache\c.blake2sp-ref.o C:\GitHub\BlockyOS\compile\cache\c.blake2xb-ref.o C:\GitHub\BlockyOS\compile\cache\c.blake2xs-ref.o C:\GitHub\BlockyOS\compile\cache\c.PCIe.o C:\GitHub\BlockyOS\compile\cache\asm.UTILS.o C:/GitHub/BlockyOS/src/kernel/libcrt/alibcrt.def -Wl,-flinker-output=dyn -Wl,-nostdlib -Wl,--emit-relocs -Wl,-shared -Wl,-Bsymbolic -Wl,-Map,C:\GitHub\BlockyOS\src\kernel\libcrt\alibcrt.map -fdiagnostics-color=always -fno-diagnostics-show-highlight-colors -nostartfiles -nodefaultlibs -o C:/GitHub/BlockyOS/Build/Build-nodate/objs/libcrt.dll
Build finished successfully -> C:/GitHub/BlockyOS/Build/Build-nodate/objs/libcrt.dll


[SHELL]	PE2EXEC.MAKE
Initializing CGCC.MAKE build process...
Skipping C:\GitHub\BlockyOS\src\kernel\libcrt\hardware\RNG\RNG.asm - up to date; source=2026-09-02T19:29:50.4588980Z, stored=09/02/2026 19:29:50
Skipping C:\GitHub\BlockyOS\src\kernel\libcrt\hardware\RNG\RNG.c - up to date; source=2026-09-01T19:51:35.2375749Z, stored=09/01/2026 19:51:35
Skipping C:\GitHub\BlockyOS\src\kernel\libcrt\hardware\GDT\GDT.asm - up to date; source=2026-09-02T19:29:50.4759038Z, stored=09/02/2026 19:29:50
Skipping C:\GitHub\BlockyOS\src\kernel\libcrt\hardware\GDT\GDT.c - up to date; source=2026-08-31T20:29:21.6186178Z, stored=08/31/2026 20:29:21
Skipping C:\GitHub\BlockyOS\src\kernel\libcrt\hardware\paging\paging.asm - up to date; source=2026-09-02T19:29:50.4619061Z, stored=09/02/2026 19:29:50
Skipping C:\GitHub\BlockyOS\src\kernel\libcrt\hardware\paging\paging.c - up to date; source=2026-09-01T20:10:14.1486119Z, stored=09/01/2026 20:10:14
Skipping C:\GitHub\BlockyOS\src\kernel\libcrt\hardware\SSE\SSE.asm - up to date; source=2026-09-02T19:29:50.4759038Z, stored=09/02/2026 19:29:50
Skipping C:\GitHub\BlockyOS\src\kernel\libcrt\hardware\SSE\SSE.c - up to date; source=2026-09-01T15:31:49.0191638Z, stored=09/01/2026 15:31:49
Skipping C:\GitHub\BlockyOS\src\kernel\libcrt\memory\memory.c - up to date; source=2026-09-01T14:27:41.5007315Z, stored=09/01/2026 14:27:41
Skipping C:\GitHub\BlockyOS\src\kernel\libcrt\memory\string.c - up to date; source=2026-08-31T17:22:17.0368394Z, stored=08/31/2026 17:22:17
Skipping C:\GitHub\BlockyOS\src\kernel\libcrt\hardware\paging\palloc.c - up to date; source=2026-09-01T20:10:14.1506184Z, stored=09/01/2026 20:10:14
Skipping C:\GitHub\BlockyOS\src\kernel\libcrt\memory\allocator\palloc.c - up to date; source=2026-09-02T18:08:03.4509785Z, stored=09/02/2026 18:08:03
Skipping C:\GitHub\BlockyOS\src\kernel\libcrt\memory\allocator\mmalloc.c - up to date; source=2026-09-01T00:47:09.6602809Z, stored=09/01/2026 00:47:09
Skipping C:\GitHub\BlockyOS\src\kernel\libcrt\math\math.c - up to date; source=2026-09-02T20:24:18.8720404Z, stored=09/02/2026 20:24:18
Skipping C:\GitHub\BlockyOS\src\kernel\libcrt\hardware\IO\IO.asm - up to date; source=2026-09-02T19:29:50.4759038Z, stored=09/02/2026 19:29:50
Skipping C:\GitHub\BlockyOS\src\kernel\libcrt\hardware\IDT\IDT.asm - up to date; source=2026-09-02T19:29:50.4759038Z, stored=09/02/2026 19:29:50
Skipping C:\GitHub\BlockyOS\src\kernel\libcrt\hardware\IDT\ISR.asm - up to date; source=2026-09-02T19:08:06.2288527Z, stored=09/02/2026 19:08:06
Skipping C:\GitHub\BlockyOS\src\kernel\libcrt\hardware\IDT\ISR.c - up to date; source=2026-09-02T18:48:44.0968136Z, stored=09/02/2026 18:48:44
Skipping C:\GitHub\BlockyOS\src\kernel\libcrt\hardware\ACPI\ACPI.c - up to date; source=2026-08-31T20:25:27.3210120Z, stored=08/31/2026 20:25:27
Skipping C:\GitHub\BlockyOS\src\kernel\libcrt\hardware\IDT\APIC\APIC.c - up to date; source=2026-08-31T17:22:17.1088393Z, stored=08/31/2026 17:22:17
Skipping C:\GitHub\BlockyOS\src\kernel\libcrt\hardware\IDT\APIC\IOAPIC.c - up to date; source=2026-08-31T23:06:36.2138524Z, stored=08/31/2026 23:06:36
Skipping C:\GitHub\BlockyOS\src\kernel\libcrt\hardware\IDT\APIC\LocalAPIC.c - up to date; source=2026-09-01T14:06:58.1209403Z, stored=09/01/2026 14:06:58
Skipping C:\GitHub\BlockyOS\src\kernel\libcrt\hardware\IDT\APIC\LocalAPICTimer.c - up to date; source=2026-09-01T19:52:35.3774846Z, stored=09/01/2026 19:52:35
Skipping C:\GitHub\BlockyOS\src\kernel\libcrt\hardware\hardware.c - up to date; source=2026-09-01T16:46:09.0571163Z, stored=09/01/2026 16:46:09
Skipping C:\GitHub\BlockyOS\src\kernel\libcrt\BLAKE2\blake2b-ref.c - up to date; source=2026-08-31T20:05:16.6578387Z, stored=08/31/2026 20:05:16
Skipping C:\GitHub\BlockyOS\src\kernel\libcrt\BLAKE2\blake2bp-ref.c - up to date; source=2026-08-31T20:05:20.6816175Z, stored=08/31/2026 20:05:20
Skipping C:\GitHub\BlockyOS\src\kernel\libcrt\BLAKE2\blake2s-ref.c - up to date; source=2026-08-31T20:05:24.7027041Z, stored=08/31/2026 20:05:24
Skipping C:\GitHub\BlockyOS\src\kernel\libcrt\BLAKE2\blake2sp-ref.c - up to date; source=2026-08-31T20:05:27.6610089Z, stored=08/31/2026 20:05:27
Skipping C:\GitHub\BlockyOS\src\kernel\libcrt\BLAKE2\blake2xb-ref.c - up to date; source=2026-09-01T14:03:25.3444410Z, stored=09/01/2026 14:03:25
Skipping C:\GitHub\BlockyOS\src\kernel\libcrt\BLAKE2\blake2xs-ref.c - up to date; source=2026-08-31T17:22:17.0728377Z, stored=08/31/2026 17:22:17
Skipping C:\GitHub\BlockyOS\src\kernel\libcrt\hardware\PCIe\PCIe.c - up to date; source=2026-08-31T23:54:42.2532022Z, stored=08/31/2026 23:54:42
Skipping C:\GitHub\BlockyOS\src\kernel\libcrt\hardware\SSE\UTILS.asm - up to date; source=2026-09-01T00:20:39.1738118Z, stored=09/01/2026 00:20:39
Skipping C:\GitHub\BlockyOS\src\kernel\libcrt\alibcrt.def - up to date; source=2026-09-01T20:03:41.5382359Z, stored=09/01/2026 20:03:41
gcc C:\GitHub\BlockyOS\compile\cache\asm.RNG.o C:\GitHub\BlockyOS\compile\cache\c.RNG.o C:\GitHub\BlockyOS\compile\cache\asm.GDT.o C:\GitHub\BlockyOS\compile\cache\c.GDT.o C:\GitHub\BlockyOS\compile\cache\asm.paging.o C:\GitHub\BlockyOS\compile\cache\c.paging.o C:\GitHub\BlockyOS\compile\cache\asm.SSE.o C:\GitHub\BlockyOS\compile\cache\c.SSE.o C:\GitHub\BlockyOS\compile\cache\c.memory.o C:\GitHub\BlockyOS\compile\cache\c.string.o C:\GitHub\BlockyOS\compile\cache\c.palloc.o C:\GitHub\BlockyOS\compile\cache\c.palloc(1).o C:\GitHub\BlockyOS\compile\cache\c.mmalloc.o C:\GitHub\BlockyOS\compile\cache\c.math.o C:\GitHub\BlockyOS\compile\cache\asm.IO.o C:\GitHub\BlockyOS\compile\cache\asm.IDT.o C:\GitHub\BlockyOS\compile\cache\asm.ISR.o C:\GitHub\BlockyOS\compile\cache\c.ISR.o C:\GitHub\BlockyOS\compile\cache\c.ACPI.o C:\GitHub\BlockyOS\compile\cache\c.APIC.o C:\GitHub\BlockyOS\compile\cache\c.IOAPIC.o C:\GitHub\BlockyOS\compile\cache\c.LocalAPIC.o C:\GitHub\BlockyOS\compile\cache\c.LocalAPICTimer.o C:\GitHub\BlockyOS\compile\cache\c.hardware.o C:\GitHub\BlockyOS\compile\cache\c.blake2b-ref.o C:\GitHub\BlockyOS\compile\cache\c.blake2bp-ref.o C:\GitHub\BlockyOS\compile\cache\c.blake2s-ref.o C:\GitHub\BlockyOS\compile\cache\c.blake2sp-ref.o C:\GitHub\BlockyOS\compile\cache\c.blake2xb-ref.o C:\GitHub\BlockyOS\compile\cache\c.blake2xs-ref.o C:\GitHub\BlockyOS\compile\cache\c.PCIe.o C:\GitHub\BlockyOS\compile\cache\asm.UTILS.o C:/GitHub/BlockyOS/src/kernel/libcrt/alibcrt.def -Wl,-flinker-output=dyn -Wl,-nostdlib -Wl,--emit-relocs -Wl,-shared -Wl,-Bsymbolic -Wl,-Map,C:\GitHub\BlockyOS\src\kernel\libcrt\alibcrt.map -fdiagnostics-color=always -fno-diagnostics-show-highlight-colors -nostartfiles -nodefaultlibs -o C:/GitHub/BlockyOS/Build/Build-nodate/objs/libcrt.dll
Build finished successfully -> C:/GitHub/BlockyOS/Build/Build-nodate/objs/libcrt.dll


[SHELL]	PE2EXEC.MAKE
C:\GitHub\BlockyOS\tools\executable-format\exechandler.exe C:/GitHub/BlockyOS/Build/Build-nodate/objs/libcrt.dll C:/GitHub/BlockyOS/Build/Build-nodate/root-part/libcrt.service   -L System.Collections.Hashtable.LOG
Initializing CGCC.MAKE build process...
Skipping C:\GitHub\BlockyOS\src\kernel\libcrt\hardware\RNG\RNG.asm - up to date; source=2026-09-02T19:29:50.4588980Z, stored=09/02/2026 19:29:50
Skipping C:\GitHub\BlockyOS\src\kernel\libcrt\hardware\RNG\RNG.c - up to date; source=2026-09-01T19:51:35.2375749Z, stored=09/01/2026 19:51:35
Skipping C:\GitHub\BlockyOS\src\kernel\libcrt\hardware\GDT\GDT.asm - up to date; source=2026-09-02T19:29:50.4759038Z, stored=09/02/2026 19:29:50
Skipping C:\GitHub\BlockyOS\src\kernel\libcrt\hardware\GDT\GDT.c - up to date; source=2026-08-31T20:29:21.6186178Z, stored=08/31/2026 20:29:21
Skipping C:\GitHub\BlockyOS\src\kernel\libcrt\hardware\paging\paging.asm - up to date; source=2026-09-02T19:29:50.4619061Z, stored=09/02/2026 19:29:50
Skipping C:\GitHub\BlockyOS\src\kernel\libcrt\hardware\paging\paging.c - up to date; source=2026-09-01T20:10:14.1486119Z, stored=09/01/2026 20:10:14
Skipping C:\GitHub\BlockyOS\src\kernel\libcrt\hardware\SSE\SSE.asm - up to date; source=2026-09-02T19:29:50.4759038Z, stored=09/02/2026 19:29:50
Skipping C:\GitHub\BlockyOS\src\kernel\libcrt\hardware\SSE\SSE.c - up to date; source=2026-09-01T15:31:49.0191638Z, stored=09/01/2026 15:31:49
Skipping C:\GitHub\BlockyOS\src\kernel\libcrt\memory\memory.c - up to date; source=2026-09-01T14:27:41.5007315Z, stored=09/01/2026 14:27:41
Skipping C:\GitHub\BlockyOS\src\kernel\libcrt\memory\string.c - up to date; source=2026-08-31T17:22:17.0368394Z, stored=08/31/2026 17:22:17
Skipping C:\GitHub\BlockyOS\src\kernel\libcrt\hardware\paging\palloc.c - up to date; source=2026-09-01T20:10:14.1506184Z, stored=09/01/2026 20:10:14
Skipping C:\GitHub\BlockyOS\src\kernel\libcrt\memory\allocator\palloc.c - up to date; source=2026-09-02T18:08:03.4509785Z, stored=09/02/2026 18:08:03
Skipping C:\GitHub\BlockyOS\src\kernel\libcrt\memory\allocator\mmalloc.c - up to date; source=2026-09-01T00:47:09.6602809Z, stored=09/01/2026 00:47:09
Skipping C:\GitHub\BlockyOS\src\kernel\libcrt\math\math.c - up to date; source=2026-09-02T20:24:18.8720404Z, stored=09/02/2026 20:24:18
Skipping C:\GitHub\BlockyOS\src\kernel\libcrt\hardware\IO\IO.asm - up to date; source=2026-09-02T19:29:50.4759038Z, stored=09/02/2026 19:29:50
Skipping C:\GitHub\BlockyOS\src\kernel\libcrt\hardware\IDT\IDT.asm - up to date; source=2026-09-02T19:29:50.4759038Z, stored=09/02/2026 19:29:50
Skipping C:\GitHub\BlockyOS\src\kernel\libcrt\hardware\IDT\ISR.asm - up to date; source=2026-09-02T19:08:06.2288527Z, stored=09/02/2026 19:08:06
Skipping C:\GitHub\BlockyOS\src\kernel\libcrt\hardware\IDT\ISR.c - up to date; source=2026-09-02T18:48:44.0968136Z, stored=09/02/2026 18:48:44
Skipping C:\GitHub\BlockyOS\src\kernel\libcrt\hardware\ACPI\ACPI.c - up to date; source=2026-08-31T20:25:27.3210120Z, stored=08/31/2026 20:25:27
Skipping C:\GitHub\BlockyOS\src\kernel\libcrt\hardware\IDT\APIC\APIC.c - up to date; source=2026-08-31T17:22:17.1088393Z, stored=08/31/2026 17:22:17
Skipping C:\GitHub\BlockyOS\src\kernel\libcrt\hardware\IDT\APIC\IOAPIC.c - up to date; source=2026-08-31T23:06:36.2138524Z, stored=08/31/2026 23:06:36
Skipping C:\GitHub\BlockyOS\src\kernel\libcrt\hardware\IDT\APIC\LocalAPIC.c - up to date; source=2026-09-01T14:06:58.1209403Z, stored=09/01/2026 14:06:58
Skipping C:\GitHub\BlockyOS\src\kernel\libcrt\hardware\IDT\APIC\LocalAPICTimer.c - up to date; source=2026-09-01T19:52:35.3774846Z, stored=09/01/2026 19:52:35
Skipping C:\GitHub\BlockyOS\src\kernel\libcrt\hardware\hardware.c - up to date; source=2026-09-01T16:46:09.0571163Z, stored=09/01/2026 16:46:09
Skipping C:\GitHub\BlockyOS\src\kernel\libcrt\BLAKE2\blake2b-ref.c - up to date; source=2026-08-31T20:05:16.6578387Z, stored=08/31/2026 20:05:16
Skipping C:\GitHub\BlockyOS\src\kernel\libcrt\BLAKE2\blake2bp-ref.c - up to date; source=2026-08-31T20:05:20.6816175Z, stored=08/31/2026 20:05:20
Skipping C:\GitHub\BlockyOS\src\kernel\libcrt\BLAKE2\blake2s-ref.c - up to date; source=2026-08-31T20:05:24.7027041Z, stored=08/31/2026 20:05:24
Skipping C:\GitHub\BlockyOS\src\kernel\libcrt\BLAKE2\blake2sp-ref.c - up to date; source=2026-08-31T20:05:27.6610089Z, stored=08/31/2026 20:05:27
Skipping C:\GitHub\BlockyOS\src\kernel\libcrt\BLAKE2\blake2xb-ref.c - up to date; source=2026-09-01T14:03:25.3444410Z, stored=09/01/2026 14:03:25
Skipping C:\GitHub\BlockyOS\src\kernel\libcrt\BLAKE2\blake2xs-ref.c - up to date; source=2026-08-31T17:22:17.0728377Z, stored=08/31/2026 17:22:17
Skipping C:\GitHub\BlockyOS\src\kernel\libcrt\hardware\PCIe\PCIe.c - up to date; source=2026-08-31T23:54:42.2532022Z, stored=08/31/2026 23:54:42
Skipping C:\GitHub\BlockyOS\src\kernel\libcrt\hardware\SSE\UTILS.asm - up to date; source=2026-09-01T00:20:39.1738118Z, stored=09/01/2026 00:20:39
Skipping C:\GitHub\BlockyOS\src\kernel\libcrt\alibcrt.def - up to date; source=2026-09-01T20:03:41.5382359Z, stored=09/01/2026 20:03:41
gcc C:\GitHub\BlockyOS\compile\cache\asm.RNG.o C:\GitHub\BlockyOS\compile\cache\c.RNG.o C:\GitHub\BlockyOS\compile\cache\asm.GDT.o C:\GitHub\BlockyOS\compile\cache\c.GDT.o C:\GitHub\BlockyOS\compile\cache\asm.paging.o C:\GitHub\BlockyOS\compile\cache\c.paging.o C:\GitHub\BlockyOS\compile\cache\asm.SSE.o C:\GitHub\BlockyOS\compile\cache\c.SSE.o C:\GitHub\BlockyOS\compile\cache\c.memory.o C:\GitHub\BlockyOS\compile\cache\c.string.o C:\GitHub\BlockyOS\compile\cache\c.palloc.o C:\GitHub\BlockyOS\compile\cache\c.palloc(1).o C:\GitHub\BlockyOS\compile\cache\c.mmalloc.o C:\GitHub\BlockyOS\compile\cache\c.math.o C:\GitHub\BlockyOS\compile\cache\asm.IO.o C:\GitHub\BlockyOS\compile\cache\asm.IDT.o C:\GitHub\BlockyOS\compile\cache\asm.ISR.o C:\GitHub\BlockyOS\compile\cache\c.ISR.o C:\GitHub\BlockyOS\compile\cache\c.ACPI.o C:\GitHub\BlockyOS\compile\cache\c.APIC.o C:\GitHub\BlockyOS\compile\cache\c.IOAPIC.o C:\GitHub\BlockyOS\compile\cache\c.LocalAPIC.o C:\GitHub\BlockyOS\compile\cache\c.LocalAPICTimer.o C:\GitHub\BlockyOS\compile\cache\c.hardware.o C:\GitHub\BlockyOS\compile\cache\c.blake2b-ref.o C:\GitHub\BlockyOS\compile\cache\c.blake2bp-ref.o C:\GitHub\BlockyOS\compile\cache\c.blake2s-ref.o C:\GitHub\BlockyOS\compile\cache\c.blake2sp-ref.o C:\GitHub\BlockyOS\compile\cache\c.blake2xb-ref.o C:\GitHub\BlockyOS\compile\cache\c.blake2xs-ref.o C:\GitHub\BlockyOS\compile\cache\c.PCIe.o C:\GitHub\BlockyOS\compile\cache\asm.UTILS.o C:/GitHub/BlockyOS/src/kernel/libcrt/alibcrt.def -Wl,-flinker-output=dyn -Wl,-nostdlib -Wl,--emit-relocs -Wl,-shared -Wl,-Bsymbolic -Wl,-Map,C:\GitHub\BlockyOS\src\kernel\libcrt\alibcrt.map -fdiagnostics-color=always -fno-diagnostics-show-highlight-colors -nostartfiles -nodefaultlibs -o C:/GitHub/BlockyOS/Build/Build-nodate/objs/libcrt.dll
Build finished successfully -> C:/GitHub/BlockyOS/Build/Build-nodate/objs/libcrt.dll


[SHELL]	PE2EXEC.MAKE
C:\GitHub\BlockyOS\tools\executable-format\exechandler.exe C:/GitHub/BlockyOS/Build/Build-nodate/objs/libcrt.dll C:/GitHub/BlockyOS/Build/Build-nodate/root-part/libcrt.service -L System.Collections.Hashtable.LOG
Initializing CGCC.MAKE build process...
Skipping C:\GitHub\BlockyOS\src\kernel\libcrt\hardware\RNG\RNG.asm - up to date; source=2026-09-02T19:29:50.4588980Z, stored=09/02/2026 19:29:50
Skipping C:\GitHub\BlockyOS\src\kernel\libcrt\hardware\RNG\RNG.c - up to date; source=2026-09-01T19:51:35.2375749Z, stored=09/01/2026 19:51:35
Skipping C:\GitHub\BlockyOS\src\kernel\libcrt\hardware\GDT\GDT.asm - up to date; source=2026-09-02T19:29:50.4759038Z, stored=09/02/2026 19:29:50
Skipping C:\GitHub\BlockyOS\src\kernel\libcrt\hardware\GDT\GDT.c - up to date; source=2026-08-31T20:29:21.6186178Z, stored=08/31/2026 20:29:21
Skipping C:\GitHub\BlockyOS\src\kernel\libcrt\hardware\paging\paging.asm - up to date; source=2026-09-02T19:29:50.4619061Z, stored=09/02/2026 19:29:50
Skipping C:\GitHub\BlockyOS\src\kernel\libcrt\hardware\paging\paging.c - up to date; source=2026-09-01T20:10:14.1486119Z, stored=09/01/2026 20:10:14
Skipping C:\GitHub\BlockyOS\src\kernel\libcrt\hardware\SSE\SSE.asm - up to date; source=2026-09-02T19:29:50.4759038Z, stored=09/02/2026 19:29:50
Skipping C:\GitHub\BlockyOS\src\kernel\libcrt\hardware\SSE\SSE.c - up to date; source=2026-09-01T15:31:49.0191638Z, stored=09/01/2026 15:31:49
Skipping C:\GitHub\BlockyOS\src\kernel\libcrt\memory\memory.c - up to date; source=2026-09-01T14:27:41.5007315Z, stored=09/01/2026 14:27:41
Skipping C:\GitHub\BlockyOS\src\kernel\libcrt\memory\string.c - up to date; source=2026-08-31T17:22:17.0368394Z, stored=08/31/2026 17:22:17
Skipping C:\GitHub\BlockyOS\src\kernel\libcrt\hardware\paging\palloc.c - up to date; source=2026-09-01T20:10:14.1506184Z, stored=09/01/2026 20:10:14
Skipping C:\GitHub\BlockyOS\src\kernel\libcrt\memory\allocator\palloc.c - up to date; source=2026-09-02T18:08:03.4509785Z, stored=09/02/2026 18:08:03
Skipping C:\GitHub\BlockyOS\src\kernel\libcrt\memory\allocator\mmalloc.c - up to date; source=2026-09-01T00:47:09.6602809Z, stored=09/01/2026 00:47:09
Skipping C:\GitHub\BlockyOS\src\kernel\libcrt\math\math.c - up to date; source=2026-09-02T20:24:18.8720404Z, stored=09/02/2026 20:24:18
Skipping C:\GitHub\BlockyOS\src\kernel\libcrt\hardware\IO\IO.asm - up to date; source=2026-09-02T19:29:50.4759038Z, stored=09/02/2026 19:29:50
Skipping C:\GitHub\BlockyOS\src\kernel\libcrt\hardware\IDT\IDT.asm - up to date; source=2026-09-02T19:29:50.4759038Z, stored=09/02/2026 19:29:50
Skipping C:\GitHub\BlockyOS\src\kernel\libcrt\hardware\IDT\ISR.asm - up to date; source=2026-09-02T19:08:06.2288527Z, stored=09/02/2026 19:08:06
Skipping C:\GitHub\BlockyOS\src\kernel\libcrt\hardware\IDT\ISR.c - up to date; source=2026-09-02T18:48:44.0968136Z, stored=09/02/2026 18:48:44
Skipping C:\GitHub\BlockyOS\src\kernel\libcrt\hardware\ACPI\ACPI.c - up to date; source=2026-08-31T20:25:27.3210120Z, stored=08/31/2026 20:25:27
Skipping C:\GitHub\BlockyOS\src\kernel\libcrt\hardware\IDT\APIC\APIC.c - up to date; source=2026-08-31T17:22:17.1088393Z, stored=08/31/2026 17:22:17
Skipping C:\GitHub\BlockyOS\src\kernel\libcrt\hardware\IDT\APIC\IOAPIC.c - up to date; source=2026-08-31T23:06:36.2138524Z, stored=08/31/2026 23:06:36
Skipping C:\GitHub\BlockyOS\src\kernel\libcrt\hardware\IDT\APIC\LocalAPIC.c - up to date; source=2026-09-01T14:06:58.1209403Z, stored=09/01/2026 14:06:58
Skipping C:\GitHub\BlockyOS\src\kernel\libcrt\hardware\IDT\APIC\LocalAPICTimer.c - up to date; source=2026-09-01T19:52:35.3774846Z, stored=09/01/2026 19:52:35
Skipping C:\GitHub\BlockyOS\src\kernel\libcrt\hardware\hardware.c - up to date; source=2026-09-01T16:46:09.0571163Z, stored=09/01/2026 16:46:09
Skipping C:\GitHub\BlockyOS\src\kernel\libcrt\BLAKE2\blake2b-ref.c - up to date; source=2026-08-31T20:05:16.6578387Z, stored=08/31/2026 20:05:16
Skipping C:\GitHub\BlockyOS\src\kernel\libcrt\BLAKE2\blake2bp-ref.c - up to date; source=2026-08-31T20:05:20.6816175Z, stored=08/31/2026 20:05:20
Skipping C:\GitHub\BlockyOS\src\kernel\libcrt\BLAKE2\blake2s-ref.c - up to date; source=2026-08-31T20:05:24.7027041Z, stored=08/31/2026 20:05:24
Skipping C:\GitHub\BlockyOS\src\kernel\libcrt\BLAKE2\blake2sp-ref.c - up to date; source=2026-08-31T20:05:27.6610089Z, stored=08/31/2026 20:05:27
Skipping C:\GitHub\BlockyOS\src\kernel\libcrt\BLAKE2\blake2xb-ref.c - up to date; source=2026-09-01T14:03:25.3444410Z, stored=09/01/2026 14:03:25
Skipping C:\GitHub\BlockyOS\src\kernel\libcrt\BLAKE2\blake2xs-ref.c - up to date; source=2026-08-31T17:22:17.0728377Z, stored=08/31/2026 17:22:17
Skipping C:\GitHub\BlockyOS\src\kernel\libcrt\hardware\PCIe\PCIe.c - up to date; source=2026-08-31T23:54:42.2532022Z, stored=08/31/2026 23:54:42
Skipping C:\GitHub\BlockyOS\src\kernel\libcrt\hardware\SSE\UTILS.asm - up to date; source=2026-09-01T00:20:39.1738118Z, stored=09/01/2026 00:20:39
Skipping C:\GitHub\BlockyOS\src\kernel\libcrt\alibcrt.def - up to date; source=2026-09-01T20:03:41.5382359Z, stored=09/01/2026 20:03:41
gcc C:\GitHub\BlockyOS\compile\cache\asm.RNG.o C:\GitHub\BlockyOS\compile\cache\c.RNG.o C:\GitHub\BlockyOS\compile\cache\asm.GDT.o C:\GitHub\BlockyOS\compile\cache\c.GDT.o C:\GitHub\BlockyOS\compile\cache\asm.paging.o C:\GitHub\BlockyOS\compile\cache\c.paging.o C:\GitHub\BlockyOS\compile\cache\asm.SSE.o C:\GitHub\BlockyOS\compile\cache\c.SSE.o C:\GitHub\BlockyOS\compile\cache\c.memory.o C:\GitHub\BlockyOS\compile\cache\c.string.o C:\GitHub\BlockyOS\compile\cache\c.palloc.o C:\GitHub\BlockyOS\compile\cache\c.palloc(1).o C:\GitHub\BlockyOS\compile\cache\c.mmalloc.o C:\GitHub\BlockyOS\compile\cache\c.math.o C:\GitHub\BlockyOS\compile\cache\asm.IO.o C:\GitHub\BlockyOS\compile\cache\asm.IDT.o C:\GitHub\BlockyOS\compile\cache\asm.ISR.o C:\GitHub\BlockyOS\compile\cache\c.ISR.o C:\GitHub\BlockyOS\compile\cache\c.ACPI.o C:\GitHub\BlockyOS\compile\cache\c.APIC.o C:\GitHub\BlockyOS\compile\cache\c.IOAPIC.o C:\GitHub\BlockyOS\compile\cache\c.LocalAPIC.o C:\GitHub\BlockyOS\compile\cache\c.LocalAPICTimer.o C:\GitHub\BlockyOS\compile\cache\c.hardware.o C:\GitHub\BlockyOS\compile\cache\c.blake2b-ref.o C:\GitHub\BlockyOS\compile\cache\c.blake2bp-ref.o C:\GitHub\BlockyOS\compile\cache\c.blake2s-ref.o C:\GitHub\BlockyOS\compile\cache\c.blake2sp-ref.o C:\GitHub\BlockyOS\compile\cache\c.blake2xb-ref.o C:\GitHub\BlockyOS\compile\cache\c.blake2xs-ref.o C:\GitHub\BlockyOS\compile\cache\c.PCIe.o C:\GitHub\BlockyOS\compile\cache\asm.UTILS.o C:/GitHub/BlockyOS/src/kernel/libcrt/alibcrt.def -Wl,-flinker-output=dyn -Wl,-nostdlib -Wl,--emit-relocs -Wl,-shared -Wl,-Bsymbolic -Wl,-Map,C:\GitHub\BlockyOS\src\kernel\libcrt\alibcrt.map -fdiagnostics-color=always -fno-diagnostics-show-highlight-colors -nostartfiles -nodefaultlibs -o C:/GitHub/BlockyOS/Build/Build-nodate/objs/libcrt.dll
Build finished successfully -> C:/GitHub/BlockyOS/Build/Build-nodate/objs/libcrt.dll


[SHELL]	PE2EXEC.MAKE
C:\GitHub\BlockyOS\tools\executable-format\exechandler.exe C:/GitHub/BlockyOS/Build/Build-nodate/objs/libcrt.dll C:/GitHub/BlockyOS/Build/Build-nodate/root-part/libcrt.service -L C:/GitHub/BlockyOS/src/kernel/libcrt/alibcrt.log

Initializing CGCC.MAKE build process...
Skipping C:\GitHub\BlockyOS\src\kernel\libcrt\hardware\RNG\RNG.asm - up to date; source=2026-09-02T19:29:50.4588980Z, stored=09/02/2026 19:29:50
Skipping C:\GitHub\BlockyOS\src\kernel\libcrt\hardware\RNG\RNG.c - up to date; source=2026-09-01T19:51:35.2375749Z, stored=09/01/2026 19:51:35
Skipping C:\GitHub\BlockyOS\src\kernel\libcrt\hardware\GDT\GDT.asm - up to date; source=2026-09-02T19:29:50.4759038Z, stored=09/02/2026 19:29:50
Skipping C:\GitHub\BlockyOS\src\kernel\libcrt\hardware\GDT\GDT.c - up to date; source=2026-08-31T20:29:21.6186178Z, stored=08/31/2026 20:29:21
Skipping C:\GitHub\BlockyOS\src\kernel\libcrt\hardware\paging\paging.asm - up to date; source=2026-09-02T19:29:50.4619061Z, stored=09/02/2026 19:29:50
Skipping C:\GitHub\BlockyOS\src\kernel\libcrt\hardware\paging\paging.c - up to date; source=2026-09-01T20:10:14.1486119Z, stored=09/01/2026 20:10:14
Skipping C:\GitHub\BlockyOS\src\kernel\libcrt\hardware\SSE\SSE.asm - up to date; source=2026-09-02T19:29:50.4759038Z, stored=09/02/2026 19:29:50
Skipping C:\GitHub\BlockyOS\src\kernel\libcrt\hardware\SSE\SSE.c - up to date; source=2026-09-01T15:31:49.0191638Z, stored=09/01/2026 15:31:49
Skipping C:\GitHub\BlockyOS\src\kernel\libcrt\memory\memory.c - up to date; source=2026-09-01T14:27:41.5007315Z, stored=09/01/2026 14:27:41
Skipping C:\GitHub\BlockyOS\src\kernel\libcrt\memory\string.c - up to date; source=2026-08-31T17:22:17.0368394Z, stored=08/31/2026 17:22:17
Skipping C:\GitHub\BlockyOS\src\kernel\libcrt\hardware\paging\palloc.c - up to date; source=2026-09-01T20:10:14.1506184Z, stored=09/01/2026 20:10:14
Skipping C:\GitHub\BlockyOS\src\kernel\libcrt\memory\allocator\palloc.c - up to date; source=2026-09-02T18:08:03.4509785Z, stored=09/02/2026 18:08:03
Skipping C:\GitHub\BlockyOS\src\kernel\libcrt\memory\allocator\mmalloc.c - up to date; source=2026-09-01T00:47:09.6602809Z, stored=09/01/2026 00:47:09
Skipping C:\GitHub\BlockyOS\src\kernel\libcrt\math\math.c - up to date; source=2026-09-02T20:24:18.8720404Z, stored=09/02/2026 20:24:18
Skipping C:\GitHub\BlockyOS\src\kernel\libcrt\hardware\IO\IO.asm - up to date; source=2026-09-02T19:29:50.4759038Z, stored=09/02/2026 19:29:50
Skipping C:\GitHub\BlockyOS\src\kernel\libcrt\hardware\IDT\IDT.asm - up to date; source=2026-09-02T19:29:50.4759038Z, stored=09/02/2026 19:29:50
Skipping C:\GitHub\BlockyOS\src\kernel\libcrt\hardware\IDT\ISR.asm - up to date; source=2026-09-02T19:08:06.2288527Z, stored=09/02/2026 19:08:06
Skipping C:\GitHub\BlockyOS\src\kernel\libcrt\hardware\IDT\ISR.c - up to date; source=2026-09-02T18:48:44.0968136Z, stored=09/02/2026 18:48:44
Skipping C:\GitHub\BlockyOS\src\kernel\libcrt\hardware\ACPI\ACPI.c - up to date; source=2026-08-31T20:25:27.3210120Z, stored=08/31/2026 20:25:27
Skipping C:\GitHub\BlockyOS\src\kernel\libcrt\hardware\IDT\APIC\APIC.c - up to date; source=2026-08-31T17:22:17.1088393Z, stored=08/31/2026 17:22:17
Skipping C:\GitHub\BlockyOS\src\kernel\libcrt\hardware\IDT\APIC\IOAPIC.c - up to date; source=2026-08-31T23:06:36.2138524Z, stored=08/31/2026 23:06:36
Skipping C:\GitHub\BlockyOS\src\kernel\libcrt\hardware\IDT\APIC\LocalAPIC.c - up to date; source=2026-09-01T14:06:58.1209403Z, stored=09/01/2026 14:06:58
Skipping C:\GitHub\BlockyOS\src\kernel\libcrt\hardware\IDT\APIC\LocalAPICTimer.c - up to date; source=2026-09-01T19:52:35.3774846Z, stored=09/01/2026 19:52:35
Skipping C:\GitHub\BlockyOS\src\kernel\libcrt\hardware\hardware.c - up to date; source=2026-09-01T16:46:09.0571163Z, stored=09/01/2026 16:46:09
Skipping C:\GitHub\BlockyOS\src\kernel\libcrt\BLAKE2\blake2b-ref.c - up to date; source=2026-08-31T20:05:16.6578387Z, stored=08/31/2026 20:05:16
Skipping C:\GitHub\BlockyOS\src\kernel\libcrt\BLAKE2\blake2bp-ref.c - up to date; source=2026-08-31T20:05:20.6816175Z, stored=08/31/2026 20:05:20
Skipping C:\GitHub\BlockyOS\src\kernel\libcrt\BLAKE2\blake2s-ref.c - up to date; source=2026-08-31T20:05:24.7027041Z, stored=08/31/2026 20:05:24
Skipping C:\GitHub\BlockyOS\src\kernel\libcrt\BLAKE2\blake2sp-ref.c - up to date; source=2026-08-31T20:05:27.6610089Z, stored=08/31/2026 20:05:27
Skipping C:\GitHub\BlockyOS\src\kernel\libcrt\BLAKE2\blake2xb-ref.c - up to date; source=2026-09-01T14:03:25.3444410Z, stored=09/01/2026 14:03:25
Skipping C:\GitHub\BlockyOS\src\kernel\libcrt\BLAKE2\blake2xs-ref.c - up to date; source=2026-08-31T17:22:17.0728377Z, stored=08/31/2026 17:22:17
Skipping C:\GitHub\BlockyOS\src\kernel\libcrt\hardware\PCIe\PCIe.c - up to date; source=2026-08-31T23:54:42.2532022Z, stored=08/31/2026 23:54:42
Skipping C:\GitHub\BlockyOS\src\kernel\libcrt\hardware\SSE\UTILS.asm - up to date; source=2026-09-01T00:20:39.1738118Z, stored=09/01/2026 00:20:39
Skipping C:\GitHub\BlockyOS\src\kernel\libcrt\alibcrt.def - up to date; source=2026-09-01T20:03:41.5382359Z, stored=09/01/2026 20:03:41
gcc C:\GitHub\BlockyOS\compile\cache\asm.RNG.o C:\GitHub\BlockyOS\compile\cache\c.RNG.o C:\GitHub\BlockyOS\compile\cache\asm.GDT.o C:\GitHub\BlockyOS\compile\cache\c.GDT.o C:\GitHub\BlockyOS\compile\cache\asm.paging.o C:\GitHub\BlockyOS\compile\cache\c.paging.o C:\GitHub\BlockyOS\compile\cache\asm.SSE.o C:\GitHub\BlockyOS\compile\cache\c.SSE.o C:\GitHub\BlockyOS\compile\cache\c.memory.o C:\GitHub\BlockyOS\compile\cache\c.string.o C:\GitHub\BlockyOS\compile\cache\c.palloc.o C:\GitHub\BlockyOS\compile\cache\c.palloc(1).o C:\GitHub\BlockyOS\compile\cache\c.mmalloc.o C:\GitHub\BlockyOS\compile\cache\c.math.o C:\GitHub\BlockyOS\compile\cache\asm.IO.o C:\GitHub\BlockyOS\compile\cache\asm.IDT.o C:\GitHub\BlockyOS\compile\cache\asm.ISR.o C:\GitHub\BlockyOS\compile\cache\c.ISR.o C:\GitHub\BlockyOS\compile\cache\c.ACPI.o C:\GitHub\BlockyOS\compile\cache\c.APIC.o C:\GitHub\BlockyOS\compile\cache\c.IOAPIC.o C:\GitHub\BlockyOS\compile\cache\c.LocalAPIC.o C:\GitHub\BlockyOS\compile\cache\c.LocalAPICTimer.o C:\GitHub\BlockyOS\compile\cache\c.hardware.o C:\GitHub\BlockyOS\compile\cache\c.blake2b-ref.o C:\GitHub\BlockyOS\compile\cache\c.blake2bp-ref.o C:\GitHub\BlockyOS\compile\cache\c.blake2s-ref.o C:\GitHub\BlockyOS\compile\cache\c.blake2sp-ref.o C:\GitHub\BlockyOS\compile\cache\c.blake2xb-ref.o C:\GitHub\BlockyOS\compile\cache\c.blake2xs-ref.o C:\GitHub\BlockyOS\compile\cache\c.PCIe.o C:\GitHub\BlockyOS\compile\cache\asm.UTILS.o C:/GitHub/BlockyOS/src/kernel/libcrt/alibcrt.def -Wl,-flinker-output=dyn -Wl,-nostdlib -Wl,--emit-relocs -Wl,-shared -Wl,-Bsymbolic -Wl,-Map,C:\GitHub\BlockyOS\src\kernel\libcrt\alibcrt.map -fdiagnostics-color=always -fno-diagnostics-show-highlight-colors -nostartfiles -nodefaultlibs -o C:/GitHub/BlockyOS/Build/Build-nodate/objs/libcrt.dll
Build finished successfully -> C:/GitHub/BlockyOS/Build/Build-nodate/objs/libcrt.dll


[SHELL]	PE2EXEC.MAKE
C:\GitHub\BlockyOS\tools\executable-format\exechandler.exe C:/GitHub/BlockyOS/Build/Build-nodate/objs/libcrt.dll C:/GitHub/BlockyOS/Build/Build-nodate/root-part/libcrt.service -L C:/GitHub/BlockyOS/src/kernel/libcrt/alibcrt.log
Initializing CGCC.MAKE build process...
Skipping C:\GitHub\BlockyOS\src\kernel\libcrt\hardware\RNG\RNG.asm - up to date; source=2026-09-02T19:29:50.4588980Z, stored=09/02/2026 19:29:50
Skipping C:\GitHub\BlockyOS\src\kernel\libcrt\hardware\RNG\RNG.c - up to date; source=2026-09-01T19:51:35.2375749Z, stored=09/01/2026 19:51:35
Skipping C:\GitHub\BlockyOS\src\kernel\libcrt\hardware\GDT\GDT.asm - up to date; source=2026-09-02T19:29:50.4759038Z, stored=09/02/2026 19:29:50
Skipping C:\GitHub\BlockyOS\src\kernel\libcrt\hardware\GDT\GDT.c - up to date; source=2026-08-31T20:29:21.6186178Z, stored=08/31/2026 20:29:21
Skipping C:\GitHub\BlockyOS\src\kernel\libcrt\hardware\paging\paging.asm - up to date; source=2026-09-02T19:29:50.4619061Z, stored=09/02/2026 19:29:50
Skipping C:\GitHub\BlockyOS\src\kernel\libcrt\hardware\paging\paging.c - up to date; source=2026-09-01T20:10:14.1486119Z, stored=09/01/2026 20:10:14
Skipping C:\GitHub\BlockyOS\src\kernel\libcrt\hardware\SSE\SSE.asm - up to date; source=2026-09-02T19:29:50.4759038Z, stored=09/02/2026 19:29:50
Skipping C:\GitHub\BlockyOS\src\kernel\libcrt\hardware\SSE\SSE.c - up to date; source=2026-09-01T15:31:49.0191638Z, stored=09/01/2026 15:31:49
Skipping C:\GitHub\BlockyOS\src\kernel\libcrt\memory\memory.c - up to date; source=2026-09-01T14:27:41.5007315Z, stored=09/01/2026 14:27:41
Skipping C:\GitHub\BlockyOS\src\kernel\libcrt\memory\string.c - up to date; source=2026-08-31T17:22:17.0368394Z, stored=08/31/2026 17:22:17
Skipping C:\GitHub\BlockyOS\src\kernel\libcrt\hardware\paging\palloc.c - up to date; source=2026-09-01T20:10:14.1506184Z, stored=09/01/2026 20:10:14
Skipping C:\GitHub\BlockyOS\src\kernel\libcrt\memory\allocator\palloc.c - up to date; source=2026-09-02T18:08:03.4509785Z, stored=09/02/2026 18:08:03
Skipping C:\GitHub\BlockyOS\src\kernel\libcrt\memory\allocator\mmalloc.c - up to date; source=2026-09-01T00:47:09.6602809Z, stored=09/01/2026 00:47:09
Skipping C:\GitHub\BlockyOS\src\kernel\libcrt\math\math.c - up to date; source=2026-09-02T20:24:18.8720404Z, stored=09/02/2026 20:24:18
Skipping C:\GitHub\BlockyOS\src\kernel\libcrt\hardware\IO\IO.asm - up to date; source=2026-09-02T19:29:50.4759038Z, stored=09/02/2026 19:29:50
Skipping C:\GitHub\BlockyOS\src\kernel\libcrt\hardware\IDT\IDT.asm - up to date; source=2026-09-02T19:29:50.4759038Z, stored=09/02/2026 19:29:50
Skipping C:\GitHub\BlockyOS\src\kernel\libcrt\hardware\IDT\ISR.asm - up to date; source=2026-09-02T19:08:06.2288527Z, stored=09/02/2026 19:08:06
Skipping C:\GitHub\BlockyOS\src\kernel\libcrt\hardware\IDT\ISR.c - up to date; source=2026-09-02T18:48:44.0968136Z, stored=09/02/2026 18:48:44
Skipping C:\GitHub\BlockyOS\src\kernel\libcrt\hardware\ACPI\ACPI.c - up to date; source=2026-08-31T20:25:27.3210120Z, stored=08/31/2026 20:25:27
Skipping C:\GitHub\BlockyOS\src\kernel\libcrt\hardware\IDT\APIC\APIC.c - up to date; source=2026-08-31T17:22:17.1088393Z, stored=08/31/2026 17:22:17
Skipping C:\GitHub\BlockyOS\src\kernel\libcrt\hardware\IDT\APIC\IOAPIC.c - up to date; source=2026-08-31T23:06:36.2138524Z, stored=08/31/2026 23:06:36
Skipping C:\GitHub\BlockyOS\src\kernel\libcrt\hardware\IDT\APIC\LocalAPIC.c - up to date; source=2026-09-01T14:06:58.1209403Z, stored=09/01/2026 14:06:58
Skipping C:\GitHub\BlockyOS\src\kernel\libcrt\hardware\IDT\APIC\LocalAPICTimer.c - up to date; source=2026-09-01T19:52:35.3774846Z, stored=09/01/2026 19:52:35
Skipping C:\GitHub\BlockyOS\src\kernel\libcrt\hardware\hardware.c - up to date; source=2026-09-01T16:46:09.0571163Z, stored=09/01/2026 16:46:09
Skipping C:\GitHub\BlockyOS\src\kernel\libcrt\BLAKE2\blake2b-ref.c - up to date; source=2026-08-31T20:05:16.6578387Z, stored=08/31/2026 20:05:16
Skipping C:\GitHub\BlockyOS\src\kernel\libcrt\BLAKE2\blake2bp-ref.c - up to date; source=2026-08-31T20:05:20.6816175Z, stored=08/31/2026 20:05:20
Skipping C:\GitHub\BlockyOS\src\kernel\libcrt\BLAKE2\blake2s-ref.c - up to date; source=2026-08-31T20:05:24.7027041Z, stored=08/31/2026 20:05:24
Skipping C:\GitHub\BlockyOS\src\kernel\libcrt\BLAKE2\blake2sp-ref.c - up to date; source=2026-08-31T20:05:27.6610089Z, stored=08/31/2026 20:05:27
Skipping C:\GitHub\BlockyOS\src\kernel\libcrt\BLAKE2\blake2xb-ref.c - up to date; source=2026-09-01T14:03:25.3444410Z, stored=09/01/2026 14:03:25
Skipping C:\GitHub\BlockyOS\src\kernel\libcrt\BLAKE2\blake2xs-ref.c - up to date; source=2026-08-31T17:22:17.0728377Z, stored=08/31/2026 17:22:17
Skipping C:\GitHub\BlockyOS\src\kernel\libcrt\hardware\PCIe\PCIe.c - up to date; source=2026-08-31T23:54:42.2532022Z, stored=08/31/2026 23:54:42
Skipping C:\GitHub\BlockyOS\src\kernel\libcrt\hardware\SSE\UTILS.asm - up to date; source=2026-09-01T00:20:39.1738118Z, stored=09/01/2026 00:20:39
Skipping C:\GitHub\BlockyOS\src\kernel\libcrt\alibcrt.def - up to date; source=2026-09-01T20:03:41.5382359Z, stored=09/01/2026 20:03:41
gcc C:\GitHub\BlockyOS\compile\cache\asm.RNG.o C:\GitHub\BlockyOS\compile\cache\c.RNG.o C:\GitHub\BlockyOS\compile\cache\asm.GDT.o C:\GitHub\BlockyOS\compile\cache\c.GDT.o C:\GitHub\BlockyOS\compile\cache\asm.paging.o C:\GitHub\BlockyOS\compile\cache\c.paging.o C:\GitHub\BlockyOS\compile\cache\asm.SSE.o C:\GitHub\BlockyOS\compile\cache\c.SSE.o C:\GitHub\BlockyOS\compile\cache\c.memory.o C:\GitHub\BlockyOS\compile\cache\c.string.o C:\GitHub\BlockyOS\compile\cache\c.palloc.o C:\GitHub\BlockyOS\compile\cache\c.palloc(1).o C:\GitHub\BlockyOS\compile\cache\c.mmalloc.o C:\GitHub\BlockyOS\compile\cache\c.math.o C:\GitHub\BlockyOS\compile\cache\asm.IO.o C:\GitHub\BlockyOS\compile\cache\asm.IDT.o C:\GitHub\BlockyOS\compile\cache\asm.ISR.o C:\GitHub\BlockyOS\compile\cache\c.ISR.o C:\GitHub\BlockyOS\compile\cache\c.ACPI.o C:\GitHub\BlockyOS\compile\cache\c.APIC.o C:\GitHub\BlockyOS\compile\cache\c.IOAPIC.o C:\GitHub\BlockyOS\compile\cache\c.LocalAPIC.o C:\GitHub\BlockyOS\compile\cache\c.LocalAPICTimer.o C:\GitHub\BlockyOS\compile\cache\c.hardware.o C:\GitHub\BlockyOS\compile\cache\c.blake2b-ref.o C:\GitHub\BlockyOS\compile\cache\c.blake2bp-ref.o C:\GitHub\BlockyOS\compile\cache\c.blake2s-ref.o C:\GitHub\BlockyOS\compile\cache\c.blake2sp-ref.o C:\GitHub\BlockyOS\compile\cache\c.blake2xb-ref.o C:\GitHub\BlockyOS\compile\cache\c.blake2xs-ref.o C:\GitHub\BlockyOS\compile\cache\c.PCIe.o C:\GitHub\BlockyOS\compile\cache\asm.UTILS.o C:/GitHub/BlockyOS/src/kernel/libcrt/alibcrt.def -Wl,-flinker-output=dyn -Wl,-nostdlib -Wl,--emit-relocs -Wl,-shared -Wl,-Bsymbolic -Wl,-Map,C:\GitHub\BlockyOS\src\kernel\libcrt\alibcrt.map -fdiagnostics-color=always -fno-diagnostics-show-highlight-colors -nostartfiles -nodefaultlibs -o C:/GitHub/BlockyOS/Build/Build-nodate/objs/libcrt.dll
Build finished successfully -> C:/GitHub/BlockyOS/Build/Build-nodate/objs/libcrt.dll


[SHELL]	PE2EXEC.MAKE
C:\GitHub\BlockyOS\tools\executable-format\exechandler.exe C:/GitHub/BlockyOS/Build/Build-nodate/objs/libcrt.dll C:/GitHub/BlockyOS/Build/Build-nodate/root-part/libcrt.service -L C:/GitHub/BlockyOS/src/kernel/libcrt/alibcrt.log
Initializing CGCC.MAKE build process...
Skipping C:\GitHub\BlockyOS\src\kernel\libcrt\hardware\RNG\RNG.asm - up to date; source=2026-09-02T19:29:50.4588980Z, stored=09/02/2026 19:29:50
Skipping C:\GitHub\BlockyOS\src\kernel\libcrt\hardware\RNG\RNG.c - up to date; source=2026-09-01T19:51:35.2375749Z, stored=09/01/2026 19:51:35
Skipping C:\GitHub\BlockyOS\src\kernel\libcrt\hardware\GDT\GDT.asm - up to date; source=2026-09-02T19:29:50.4759038Z, stored=09/02/2026 19:29:50
Skipping C:\GitHub\BlockyOS\src\kernel\libcrt\hardware\GDT\GDT.c - up to date; source=2026-08-31T20:29:21.6186178Z, stored=08/31/2026 20:29:21
Skipping C:\GitHub\BlockyOS\src\kernel\libcrt\hardware\paging\paging.asm - up to date; source=2026-09-02T19:29:50.4619061Z, stored=09/02/2026 19:29:50
Skipping C:\GitHub\BlockyOS\src\kernel\libcrt\hardware\paging\paging.c - up to date; source=2026-09-01T20:10:14.1486119Z, stored=09/01/2026 20:10:14
Skipping C:\GitHub\BlockyOS\src\kernel\libcrt\hardware\SSE\SSE.asm - up to date; source=2026-09-02T19:29:50.4759038Z, stored=09/02/2026 19:29:50
Skipping C:\GitHub\BlockyOS\src\kernel\libcrt\hardware\SSE\SSE.c - up to date; source=2026-09-01T15:31:49.0191638Z, stored=09/01/2026 15:31:49
Skipping C:\GitHub\BlockyOS\src\kernel\libcrt\memory\memory.c - up to date; source=2026-09-01T14:27:41.5007315Z, stored=09/01/2026 14:27:41
Skipping C:\GitHub\BlockyOS\src\kernel\libcrt\memory\string.c - up to date; source=2026-08-31T17:22:17.0368394Z, stored=08/31/2026 17:22:17
Skipping C:\GitHub\BlockyOS\src\kernel\libcrt\hardware\paging\palloc.c - up to date; source=2026-09-01T20:10:14.1506184Z, stored=09/01/2026 20:10:14
Skipping C:\GitHub\BlockyOS\src\kernel\libcrt\memory\allocator\palloc.c - up to date; source=2026-09-02T18:08:03.4509785Z, stored=09/02/2026 18:08:03
Skipping C:\GitHub\BlockyOS\src\kernel\libcrt\memory\allocator\mmalloc.c - up to date; source=2026-09-01T00:47:09.6602809Z, stored=09/01/2026 00:47:09
Skipping C:\GitHub\BlockyOS\src\kernel\libcrt\math\math.c - up to date; source=2026-09-02T20:24:18.8720404Z, stored=09/02/2026 20:24:18
Skipping C:\GitHub\BlockyOS\src\kernel\libcrt\hardware\IO\IO.asm - up to date; source=2026-09-02T19:29:50.4759038Z, stored=09/02/2026 19:29:50
Skipping C:\GitHub\BlockyOS\src\kernel\libcrt\hardware\IDT\IDT.asm - up to date; source=2026-09-02T19:29:50.4759038Z, stored=09/02/2026 19:29:50
Skipping C:\GitHub\BlockyOS\src\kernel\libcrt\hardware\IDT\ISR.asm - up to date; source=2026-09-02T19:08:06.2288527Z, stored=09/02/2026 19:08:06
Skipping C:\GitHub\BlockyOS\src\kernel\libcrt\hardware\IDT\ISR.c - up to date; source=2026-09-02T18:48:44.0968136Z, stored=09/02/2026 18:48:44
Skipping C:\GitHub\BlockyOS\src\kernel\libcrt\hardware\ACPI\ACPI.c - up to date; source=2026-08-31T20:25:27.3210120Z, stored=08/31/2026 20:25:27
Skipping C:\GitHub\BlockyOS\src\kernel\libcrt\hardware\IDT\APIC\APIC.c - up to date; source=2026-08-31T17:22:17.1088393Z, stored=08/31/2026 17:22:17
Skipping C:\GitHub\BlockyOS\src\kernel\libcrt\hardware\IDT\APIC\IOAPIC.c - up to date; source=2026-08-31T23:06:36.2138524Z, stored=08/31/2026 23:06:36
Skipping C:\GitHub\BlockyOS\src\kernel\libcrt\hardware\IDT\APIC\LocalAPIC.c - up to date; source=2026-09-01T14:06:58.1209403Z, stored=09/01/2026 14:06:58
Skipping C:\GitHub\BlockyOS\src\kernel\libcrt\hardware\IDT\APIC\LocalAPICTimer.c - up to date; source=2026-09-01T19:52:35.3774846Z, stored=09/01/2026 19:52:35
Skipping C:\GitHub\BlockyOS\src\kernel\libcrt\hardware\hardware.c - up to date; source=2026-09-01T16:46:09.0571163Z, stored=09/01/2026 16:46:09
Skipping C:\GitHub\BlockyOS\src\kernel\libcrt\BLAKE2\blake2b-ref.c - up to date; source=2026-08-31T20:05:16.6578387Z, stored=08/31/2026 20:05:16
Skipping C:\GitHub\BlockyOS\src\kernel\libcrt\BLAKE2\blake2bp-ref.c - up to date; source=2026-08-31T20:05:20.6816175Z, stored=08/31/2026 20:05:20
Skipping C:\GitHub\BlockyOS\src\kernel\libcrt\BLAKE2\blake2s-ref.c - up to date; source=2026-08-31T20:05:24.7027041Z, stored=08/31/2026 20:05:24
Skipping C:\GitHub\BlockyOS\src\kernel\libcrt\BLAKE2\blake2sp-ref.c - up to date; source=2026-08-31T20:05:27.6610089Z, stored=08/31/2026 20:05:27
Skipping C:\GitHub\BlockyOS\src\kernel\libcrt\BLAKE2\blake2xb-ref.c - up to date; source=2026-09-01T14:03:25.3444410Z, stored=09/01/2026 14:03:25
Skipping C:\GitHub\BlockyOS\src\kernel\libcrt\BLAKE2\blake2xs-ref.c - up to date; source=2026-08-31T17:22:17.0728377Z, stored=08/31/2026 17:22:17
Skipping C:\GitHub\BlockyOS\src\kernel\libcrt\hardware\PCIe\PCIe.c - up to date; source=2026-08-31T23:54:42.2532022Z, stored=08/31/2026 23:54:42
Skipping C:\GitHub\BlockyOS\src\kernel\libcrt\hardware\SSE\UTILS.asm - up to date; source=2026-09-01T00:20:39.1738118Z, stored=09/01/2026 00:20:39
Skipping C:\GitHub\BlockyOS\src\kernel\libcrt\alibcrt.def - up to date; source=2026-09-01T20:03:41.5382359Z, stored=09/01/2026 20:03:41
gcc C:\GitHub\BlockyOS\compile\cache\asm.RNG.o C:\GitHub\BlockyOS\compile\cache\c.RNG.o C:\GitHub\BlockyOS\compile\cache\asm.GDT.o C:\GitHub\BlockyOS\compile\cache\c.GDT.o C:\GitHub\BlockyOS\compile\cache\asm.paging.o C:\GitHub\BlockyOS\compile\cache\c.paging.o C:\GitHub\BlockyOS\compile\cache\asm.SSE.o C:\GitHub\BlockyOS\compile\cache\c.SSE.o C:\GitHub\BlockyOS\compile\cache\c.memory.o C:\GitHub\BlockyOS\compile\cache\c.string.o C:\GitHub\BlockyOS\compile\cache\c.palloc.o C:\GitHub\BlockyOS\compile\cache\c.palloc(1).o C:\GitHub\BlockyOS\compile\cache\c.mmalloc.o C:\GitHub\BlockyOS\compile\cache\c.math.o C:\GitHub\BlockyOS\compile\cache\asm.IO.o C:\GitHub\BlockyOS\compile\cache\asm.IDT.o C:\GitHub\BlockyOS\compile\cache\asm.ISR.o C:\GitHub\BlockyOS\compile\cache\c.ISR.o C:\GitHub\BlockyOS\compile\cache\c.ACPI.o C:\GitHub\BlockyOS\compile\cache\c.APIC.o C:\GitHub\BlockyOS\compile\cache\c.IOAPIC.o C:\GitHub\BlockyOS\compile\cache\c.LocalAPIC.o C:\GitHub\BlockyOS\compile\cache\c.LocalAPICTimer.o C:\GitHub\BlockyOS\compile\cache\c.hardware.o C:\GitHub\BlockyOS\compile\cache\c.blake2b-ref.o C:\GitHub\BlockyOS\compile\cache\c.blake2bp-ref.o C:\GitHub\BlockyOS\compile\cache\c.blake2s-ref.o C:\GitHub\BlockyOS\compile\cache\c.blake2sp-ref.o C:\GitHub\BlockyOS\compile\cache\c.blake2xb-ref.o C:\GitHub\BlockyOS\compile\cache\c.blake2xs-ref.o C:\GitHub\BlockyOS\compile\cache\c.PCIe.o C:\GitHub\BlockyOS\compile\cache\asm.UTILS.o C:/GitHub/BlockyOS/src/kernel/libcrt/alibcrt.def -Wl,-flinker-output=dyn -Wl,-nostdlib -Wl,--emit-relocs -Wl,-shared -Wl,-Bsymbolic -Wl,-Map,C:\GitHub\BlockyOS\src\kernel\libcrt\alibcrt.map -fdiagnostics-color=always -fno-diagnostics-show-highlight-colors -nostartfiles -nodefaultlibs -o C:/GitHub/BlockyOS/Build/Build-nodate/objs/libcrt.dll
Build finished successfully -> C:/GitHub/BlockyOS/Build/Build-nodate/objs/libcrt.dll


[SHELL]	PE2EXEC.MAKE
C:\GitHub\BlockyOS\tools\executable-format\exechandler.exe C:/GitHub/BlockyOS/Build/Build-nodate/objs/libcrt.dll C:/GitHub/BlockyOS/Build/Build-nodate/root-part/libcrt.service -L C:/GitHub/BlockyOS/src/kernel/libcrt/alibcrt.log

C:\GitHub\BlockyOS\tools\executable-format\exechandler.exe C:\GitHub\BlockyOS\Build\Build-nodate\objs\libcrt.dll C:\GitHub\BlockyOS\Build\Build-nodate\root-part\libcrt.service -L C:\GitHub\BlockyOS\src\kernel\libcrt\alibcrt.log

[(null):2272723568:DumpBeHeader]	Writing 67 bytes to 4096Initializing CGCC.MAKE build process...
Skipping C:\GitHub\BlockyOS\src\kernel\libcrt\hardware\RNG\RNG.asm - up to date; source=2026-09-02T19:29:50.4588980Z, stored=09/02/2026 19:29:50
Skipping C:\GitHub\BlockyOS\src\kernel\libcrt\hardware\RNG\RNG.c - up to date; source=2026-09-01T19:51:35.2375749Z, stored=09/01/2026 19:51:35
Skipping C:\GitHub\BlockyOS\src\kernel\libcrt\hardware\GDT\GDT.asm - up to date; source=2026-09-02T19:29:50.4759038Z, stored=09/02/2026 19:29:50
Skipping C:\GitHub\BlockyOS\src\kernel\libcrt\hardware\GDT\GDT.c - up to date; source=2026-08-31T20:29:21.6186178Z, stored=08/31/2026 20:29:21
Skipping C:\GitHub\BlockyOS\src\kernel\libcrt\hardware\paging\paging.asm - up to date; source=2026-09-02T19:29:50.4619061Z, stored=09/02/2026 19:29:50
Skipping C:\GitHub\BlockyOS\src\kernel\libcrt\hardware\paging\paging.c - up to date; source=2026-09-01T20:10:14.1486119Z, stored=09/01/2026 20:10:14
Skipping C:\GitHub\BlockyOS\src\kernel\libcrt\hardware\SSE\SSE.asm - up to date; source=2026-09-02T19:29:50.4759038Z, stored=09/02/2026 19:29:50
Skipping C:\GitHub\BlockyOS\src\kernel\libcrt\hardware\SSE\SSE.c - up to date; source=2026-09-01T15:31:49.0191638Z, stored=09/01/2026 15:31:49
Skipping C:\GitHub\BlockyOS\src\kernel\libcrt\memory\memory.c - up to date; source=2026-09-01T14:27:41.5007315Z, stored=09/01/2026 14:27:41
Skipping C:\GitHub\BlockyOS\src\kernel\libcrt\memory\string.c - up to date; source=2026-08-31T17:22:17.0368394Z, stored=08/31/2026 17:22:17
Skipping C:\GitHub\BlockyOS\src\kernel\libcrt\hardware\paging\palloc.c - up to date; source=2026-09-01T20:10:14.1506184Z, stored=09/01/2026 20:10:14
Skipping C:\GitHub\BlockyOS\src\kernel\libcrt\memory\allocator\palloc.c - up to date; source=2026-09-02T18:08:03.4509785Z, stored=09/02/2026 18:08:03
Skipping C:\GitHub\BlockyOS\src\kernel\libcrt\memory\allocator\mmalloc.c - up to date; source=2026-09-01T00:47:09.6602809Z, stored=09/01/2026 00:47:09
Skipping C:\GitHub\BlockyOS\src\kernel\libcrt\math\math.c - up to date; source=2026-09-02T20:24:18.8720404Z, stored=09/02/2026 20:24:18
Skipping C:\GitHub\BlockyOS\src\kernel\libcrt\hardware\IO\IO.asm - up to date; source=2026-09-02T19:29:50.4759038Z, stored=09/02/2026 19:29:50
Skipping C:\GitHub\BlockyOS\src\kernel\libcrt\hardware\IDT\IDT.asm - up to date; source=2026-09-02T19:29:50.4759038Z, stored=09/02/2026 19:29:50
Skipping C:\GitHub\BlockyOS\src\kernel\libcrt\hardware\IDT\ISR.asm - up to date; source=2026-09-02T19:08:06.2288527Z, stored=09/02/2026 19:08:06
Skipping C:\GitHub\BlockyOS\src\kernel\libcrt\hardware\IDT\ISR.c - up to date; source=2026-09-02T18:48:44.0968136Z, stored=09/02/2026 18:48:44
Skipping C:\GitHub\BlockyOS\src\kernel\libcrt\hardware\ACPI\ACPI.c - up to date; source=2026-08-31T20:25:27.3210120Z, stored=08/31/2026 20:25:27
Skipping C:\GitHub\BlockyOS\src\kernel\libcrt\hardware\IDT\APIC\APIC.c - up to date; source=2026-08-31T17:22:17.1088393Z, stored=08/31/2026 17:22:17
Skipping C:\GitHub\BlockyOS\src\kernel\libcrt\hardware\IDT\APIC\IOAPIC.c - up to date; source=2026-08-31T23:06:36.2138524Z, stored=08/31/2026 23:06:36
Skipping C:\GitHub\BlockyOS\src\kernel\libcrt\hardware\IDT\APIC\LocalAPIC.c - up to date; source=2026-09-01T14:06:58.1209403Z, stored=09/01/2026 14:06:58
Skipping C:\GitHub\BlockyOS\src\kernel\libcrt\hardware\IDT\APIC\LocalAPICTimer.c - up to date; source=2026-09-01T19:52:35.3774846Z, stored=09/01/2026 19:52:35
Skipping C:\GitHub\BlockyOS\src\kernel\libcrt\hardware\hardware.c - up to date; source=2026-09-01T16:46:09.0571163Z, stored=09/01/2026 16:46:09
Skipping C:\GitHub\BlockyOS\src\kernel\libcrt\BLAKE2\blake2b-ref.c - up to date; source=2026-08-31T20:05:16.6578387Z, stored=08/31/2026 20:05:16
Skipping C:\GitHub\BlockyOS\src\kernel\libcrt\BLAKE2\blake2bp-ref.c - up to date; source=2026-08-31T20:05:20.6816175Z, stored=08/31/2026 20:05:20
Skipping C:\GitHub\BlockyOS\src\kernel\libcrt\BLAKE2\blake2s-ref.c - up to date; source=2026-08-31T20:05:24.7027041Z, stored=08/31/2026 20:05:24
Skipping C:\GitHub\BlockyOS\src\kernel\libcrt\BLAKE2\blake2sp-ref.c - up to date; source=2026-08-31T20:05:27.6610089Z, stored=08/31/2026 20:05:27
Skipping C:\GitHub\BlockyOS\src\kernel\libcrt\BLAKE2\blake2xb-ref.c - up to date; source=2026-09-01T14:03:25.3444410Z, stored=09/01/2026 14:03:25
Skipping C:\GitHub\BlockyOS\src\kernel\libcrt\BLAKE2\blake2xs-ref.c - up to date; source=2026-08-31T17:22:17.0728377Z, stored=08/31/2026 17:22:17
Skipping C:\GitHub\BlockyOS\src\kernel\libcrt\hardware\PCIe\PCIe.c - up to date; source=2026-08-31T23:54:42.2532022Z, stored=08/31/2026 23:54:42
Skipping C:\GitHub\BlockyOS\src\kernel\libcrt\hardware\SSE\UTILS.asm - up to date; source=2026-09-01T00:20:39.1738118Z, stored=09/01/2026 00:20:39
Skipping C:\GitHub\BlockyOS\src\kernel\libcrt\alibcrt.def - up to date; source=2026-09-01T20:03:41.5382359Z, stored=09/01/2026 20:03:41
gcc C:\GitHub\BlockyOS\compile\cache\asm.RNG.o C:\GitHub\BlockyOS\compile\cache\c.RNG.o C:\GitHub\BlockyOS\compile\cache\asm.GDT.o C:\GitHub\BlockyOS\compile\cache\c.GDT.o C:\GitHub\BlockyOS\compile\cache\asm.paging.o C:\GitHub\BlockyOS\compile\cache\c.paging.o C:\GitHub\BlockyOS\compile\cache\asm.SSE.o C:\GitHub\BlockyOS\compile\cache\c.SSE.o C:\GitHub\BlockyOS\compile\cache\c.memory.o C:\GitHub\BlockyOS\compile\cache\c.string.o C:\GitHub\BlockyOS\compile\cache\c.palloc.o C:\GitHub\BlockyOS\compile\cache\c.palloc(1).o C:\GitHub\BlockyOS\compile\cache\c.mmalloc.o C:\GitHub\BlockyOS\compile\cache\c.math.o C:\GitHub\BlockyOS\compile\cache\asm.IO.o C:\GitHub\BlockyOS\compile\cache\asm.IDT.o C:\GitHub\BlockyOS\compile\cache\asm.ISR.o C:\GitHub\BlockyOS\compile\cache\c.ISR.o C:\GitHub\BlockyOS\compile\cache\c.ACPI.o C:\GitHub\BlockyOS\compile\cache\c.APIC.o C:\GitHub\BlockyOS\compile\cache\c.IOAPIC.o C:\GitHub\BlockyOS\compile\cache\c.LocalAPIC.o C:\GitHub\BlockyOS\compile\cache\c.LocalAPICTimer.o C:\GitHub\BlockyOS\compile\cache\c.hardware.o C:\GitHub\BlockyOS\compile\cache\c.blake2b-ref.o C:\GitHub\BlockyOS\compile\cache\c.blake2bp-ref.o C:\GitHub\BlockyOS\compile\cache\c.blake2s-ref.o C:\GitHub\BlockyOS\compile\cache\c.blake2sp-ref.o C:\GitHub\BlockyOS\compile\cache\c.blake2xb-ref.o C:\GitHub\BlockyOS\compile\cache\c.blake2xs-ref.o C:\GitHub\BlockyOS\compile\cache\c.PCIe.o C:\GitHub\BlockyOS\compile\cache\asm.UTILS.o C:/GitHub/BlockyOS/src/kernel/libcrt/alibcrt.def -Wl,-flinker-output=dyn -Wl,-nostdlib -Wl,--emit-relocs -Wl,-shared -Wl,-Bsymbolic -Wl,-Map,C:\GitHub\BlockyOS\src\kernel\libcrt\alibcrt.map -fdiagnostics-color=always -fno-diagnostics-show-highlight-colors -nostartfiles -nodefaultlibs -o C:/GitHub/BlockyOS/Build/Build-nodate/objs/libcrt.dll
Build finished successfully -> C:/GitHub/BlockyOS/Build/Build-nodate/objs/libcrt.dll


[SHELL]	PE2EXEC.MAKE
Initializing CGCC.MAKE build process...
Skipping C:\GitHub\BlockyOS\src\kernel\libcrt\hardware\RNG\RNG.asm - up to date; source=2026-09-02T19:29:50.4588980Z, stored=09/02/2026 19:29:50
Skipping C:\GitHub\BlockyOS\src\kernel\libcrt\hardware\RNG\RNG.c - up to date; source=2026-09-01T19:51:35.2375749Z, stored=09/01/2026 19:51:35
Skipping C:\GitHub\BlockyOS\src\kernel\libcrt\hardware\GDT\GDT.asm - up to date; source=2026-09-02T19:29:50.4759038Z, stored=09/02/2026 19:29:50
Skipping C:\GitHub\BlockyOS\src\kernel\libcrt\hardware\GDT\GDT.c - up to date; source=2026-08-31T20:29:21.6186178Z, stored=08/31/2026 20:29:21
Skipping C:\GitHub\BlockyOS\src\kernel\libcrt\hardware\paging\paging.asm - up to date; source=2026-09-02T19:29:50.4619061Z, stored=09/02/2026 19:29:50
Skipping C:\GitHub\BlockyOS\src\kernel\libcrt\hardware\paging\paging.c - up to date; source=2026-09-01T20:10:14.1486119Z, stored=09/01/2026 20:10:14
Skipping C:\GitHub\BlockyOS\src\kernel\libcrt\hardware\SSE\SSE.asm - up to date; source=2026-09-02T19:29:50.4759038Z, stored=09/02/2026 19:29:50
Skipping C:\GitHub\BlockyOS\src\kernel\libcrt\hardware\SSE\SSE.c - up to date; source=2026-09-01T15:31:49.0191638Z, stored=09/01/2026 15:31:49
Skipping C:\GitHub\BlockyOS\src\kernel\libcrt\memory\memory.c - up to date; source=2026-09-01T14:27:41.5007315Z, stored=09/01/2026 14:27:41
Skipping C:\GitHub\BlockyOS\src\kernel\libcrt\memory\string.c - up to date; source=2026-08-31T17:22:17.0368394Z, stored=08/31/2026 17:22:17
Skipping C:\GitHub\BlockyOS\src\kernel\libcrt\hardware\paging\palloc.c - up to date; source=2026-09-01T20:10:14.1506184Z, stored=09/01/2026 20:10:14
Skipping C:\GitHub\BlockyOS\src\kernel\libcrt\memory\allocator\palloc.c - up to date; source=2026-09-02T18:08:03.4509785Z, stored=09/02/2026 18:08:03
Skipping C:\GitHub\BlockyOS\src\kernel\libcrt\memory\allocator\mmalloc.c - up to date; source=2026-09-01T00:47:09.6602809Z, stored=09/01/2026 00:47:09
Skipping C:\GitHub\BlockyOS\src\kernel\libcrt\math\math.c - up to date; source=2026-09-02T20:24:18.8720404Z, stored=09/02/2026 20:24:18
Skipping C:\GitHub\BlockyOS\src\kernel\libcrt\hardware\IO\IO.asm - up to date; source=2026-09-02T19:29:50.4759038Z, stored=09/02/2026 19:29:50
Skipping C:\GitHub\BlockyOS\src\kernel\libcrt\hardware\IDT\IDT.asm - up to date; source=2026-09-02T19:29:50.4759038Z, stored=09/02/2026 19:29:50
Skipping C:\GitHub\BlockyOS\src\kernel\libcrt\hardware\IDT\ISR.asm - up to date; source=2026-09-02T19:08:06.2288527Z, stored=09/02/2026 19:08:06
Skipping C:\GitHub\BlockyOS\src\kernel\libcrt\hardware\IDT\ISR.c - up to date; source=2026-09-02T18:48:44.0968136Z, stored=09/02/2026 18:48:44
Skipping C:\GitHub\BlockyOS\src\kernel\libcrt\hardware\ACPI\ACPI.c - up to date; source=2026-08-31T20:25:27.3210120Z, stored=08/31/2026 20:25:27
Skipping C:\GitHub\BlockyOS\src\kernel\libcrt\hardware\IDT\APIC\APIC.c - up to date; source=2026-08-31T17:22:17.1088393Z, stored=08/31/2026 17:22:17
Skipping C:\GitHub\BlockyOS\src\kernel\libcrt\hardware\IDT\APIC\IOAPIC.c - up to date; source=2026-08-31T23:06:36.2138524Z, stored=08/31/2026 23:06:36
Skipping C:\GitHub\BlockyOS\src\kernel\libcrt\hardware\IDT\APIC\LocalAPIC.c - up to date; source=2026-09-01T14:06:58.1209403Z, stored=09/01/2026 14:06:58
Skipping C:\GitHub\BlockyOS\src\kernel\libcrt\hardware\IDT\APIC\LocalAPICTimer.c - up to date; source=2026-09-01T19:52:35.3774846Z, stored=09/01/2026 19:52:35
Skipping C:\GitHub\BlockyOS\src\kernel\libcrt\hardware\hardware.c - up to date; source=2026-09-01T16:46:09.0571163Z, stored=09/01/2026 16:46:09
Skipping C:\GitHub\BlockyOS\src\kernel\libcrt\BLAKE2\blake2b-ref.c - up to date; source=2026-08-31T20:05:16.6578387Z, stored=08/31/2026 20:05:16
Skipping C:\GitHub\BlockyOS\src\kernel\libcrt\BLAKE2\blake2bp-ref.c - up to date; source=2026-08-31T20:05:20.6816175Z, stored=08/31/2026 20:05:20
Skipping C:\GitHub\BlockyOS\src\kernel\libcrt\BLAKE2\blake2s-ref.c - up to date; source=2026-08-31T20:05:24.7027041Z, stored=08/31/2026 20:05:24
Skipping C:\GitHub\BlockyOS\src\kernel\libcrt\BLAKE2\blake2sp-ref.c - up to date; source=2026-08-31T20:05:27.6610089Z, stored=08/31/2026 20:05:27
Skipping C:\GitHub\BlockyOS\src\kernel\libcrt\BLAKE2\blake2xb-ref.c - up to date; source=2026-09-01T14:03:25.3444410Z, stored=09/01/2026 14:03:25
Skipping C:\GitHub\BlockyOS\src\kernel\libcrt\BLAKE2\blake2xs-ref.c - up to date; source=2026-08-31T17:22:17.0728377Z, stored=08/31/2026 17:22:17
Skipping C:\GitHub\BlockyOS\src\kernel\libcrt\hardware\PCIe\PCIe.c - up to date; source=2026-08-31T23:54:42.2532022Z, stored=08/31/2026 23:54:42
Skipping C:\GitHub\BlockyOS\src\kernel\libcrt\hardware\SSE\UTILS.asm - up to date; source=2026-09-01T00:20:39.1738118Z, stored=09/01/2026 00:20:39
Skipping C:\GitHub\BlockyOS\src\kernel\libcrt\alibcrt.def - up to date; source=2026-09-01T20:03:41.5382359Z, stored=09/01/2026 20:03:41
gcc C:\GitHub\BlockyOS\compile\cache\asm.RNG.o C:\GitHub\BlockyOS\compile\cache\c.RNG.o C:\GitHub\BlockyOS\compile\cache\asm.GDT.o C:\GitHub\BlockyOS\compile\cache\c.GDT.o C:\GitHub\BlockyOS\compile\cache\asm.paging.o C:\GitHub\BlockyOS\compile\cache\c.paging.o C:\GitHub\BlockyOS\compile\cache\asm.SSE.o C:\GitHub\BlockyOS\compile\cache\c.SSE.o C:\GitHub\BlockyOS\compile\cache\c.memory.o C:\GitHub\BlockyOS\compile\cache\c.string.o C:\GitHub\BlockyOS\compile\cache\c.palloc.o C:\GitHub\BlockyOS\compile\cache\c.palloc(1).o C:\GitHub\BlockyOS\compile\cache\c.mmalloc.o C:\GitHub\BlockyOS\compile\cache\c.math.o C:\GitHub\BlockyOS\compile\cache\asm.IO.o C:\GitHub\BlockyOS\compile\cache\asm.IDT.o C:\GitHub\BlockyOS\compile\cache\asm.ISR.o C:\GitHub\BlockyOS\compile\cache\c.ISR.o C:\GitHub\BlockyOS\compile\cache\c.ACPI.o C:\GitHub\BlockyOS\compile\cache\c.APIC.o C:\GitHub\BlockyOS\compile\cache\c.IOAPIC.o C:\GitHub\BlockyOS\compile\cache\c.LocalAPIC.o C:\GitHub\BlockyOS\compile\cache\c.LocalAPICTimer.o C:\GitHub\BlockyOS\compile\cache\c.hardware.o C:\GitHub\BlockyOS\compile\cache\c.blake2b-ref.o C:\GitHub\BlockyOS\compile\cache\c.blake2bp-ref.o C:\GitHub\BlockyOS\compile\cache\c.blake2s-ref.o C:\GitHub\BlockyOS\compile\cache\c.blake2sp-ref.o C:\GitHub\BlockyOS\compile\cache\c.blake2xb-ref.o C:\GitHub\BlockyOS\compile\cache\c.blake2xs-ref.o C:\GitHub\BlockyOS\compile\cache\c.PCIe.o C:\GitHub\BlockyOS\compile\cache\asm.UTILS.o C:/GitHub/BlockyOS/src/kernel/libcrt/alibcrt.def -Wl,-flinker-output=dyn -Wl,-nostdlib -Wl,--emit-relocs -Wl,-shared -Wl,-Bsymbolic -Wl,-Map,C:\GitHub\BlockyOS\src\kernel\libcrt\alibcrt.map -fdiagnostics-color=always -fno-diagnostics-show-highlight-colors -nostartfiles -nodefaultlibs -o C:/GitHub/BlockyOS/Build/Build-nodate/objs/libcrt.dll
Build finished successfully -> C:/GitHub/BlockyOS/Build/Build-nodate/objs/libcrt.dll


[SHELL]	PE2EXEC.MAKE
C:\GitHub\BlockyOS\tools\executable-format\exechandler.exe C:/GitHub/BlockyOS/Build/Build-nodate/root-part/libcrt.dll C:/GitHub/BlockyOS/Build/Build-nodate/root-part/libcrt.service -od -L C:/GitHub/BlockyOS/src/kernel/libcrt/alibcrt.log

[(null):3129803376:DumpBeHeader]	Writing 2190433321027 bytes to 4096[C:\GitHub\BlockyOS\tools\executable-format\exechandler.exe|-1073741819]

Initializing CGCC.MAKE build process...
Skipping C:\GitHub\BlockyOS\src\kernel\libcrt\hardware\RNG\RNG.asm - up to date; source=2026-09-02T19:29:50.4588980Z, stored=09/02/2026 19:29:50
Skipping C:\GitHub\BlockyOS\src\kernel\libcrt\hardware\RNG\RNG.c - up to date; source=2026-09-01T19:51:35.2375749Z, stored=09/01/2026 19:51:35
Skipping C:\GitHub\BlockyOS\src\kernel\libcrt\hardware\GDT\GDT.asm - up to date; source=2026-09-02T19:29:50.4759038Z, stored=09/02/2026 19:29:50
Skipping C:\GitHub\BlockyOS\src\kernel\libcrt\hardware\GDT\GDT.c - up to date; source=2026-08-31T20:29:21.6186178Z, stored=08/31/2026 20:29:21
Skipping C:\GitHub\BlockyOS\src\kernel\libcrt\hardware\paging\paging.asm - up to date; source=2026-09-02T19:29:50.4619061Z, stored=09/02/2026 19:29:50
Skipping C:\GitHub\BlockyOS\src\kernel\libcrt\hardware\paging\paging.c - up to date; source=2026-09-01T20:10:14.1486119Z, stored=09/01/2026 20:10:14
Skipping C:\GitHub\BlockyOS\src\kernel\libcrt\hardware\SSE\SSE.asm - up to date; source=2026-09-02T19:29:50.4759038Z, stored=09/02/2026 19:29:50
Skipping C:\GitHub\BlockyOS\src\kernel\libcrt\hardware\SSE\SSE.c - up to date; source=2026-09-01T15:31:49.0191638Z, stored=09/01/2026 15:31:49
Skipping C:\GitHub\BlockyOS\src\kernel\libcrt\memory\memory.c - up to date; source=2026-09-01T14:27:41.5007315Z, stored=09/01/2026 14:27:41
Skipping C:\GitHub\BlockyOS\src\kernel\libcrt\memory\string.c - up to date; source=2026-08-31T17:22:17.0368394Z, stored=08/31/2026 17:22:17
Skipping C:\GitHub\BlockyOS\src\kernel\libcrt\hardware\paging\palloc.c - up to date; source=2026-09-01T20:10:14.1506184Z, stored=09/01/2026 20:10:14
Skipping C:\GitHub\BlockyOS\src\kernel\libcrt\memory\allocator\palloc.c - up to date; source=2026-09-02T18:08:03.4509785Z, stored=09/02/2026 18:08:03
Skipping C:\GitHub\BlockyOS\src\kernel\libcrt\memory\allocator\mmalloc.c - up to date; source=2026-09-01T00:47:09.6602809Z, stored=09/01/2026 00:47:09
Skipping C:\GitHub\BlockyOS\src\kernel\libcrt\math\math.c - up to date; source=2026-09-02T20:24:18.8720404Z, stored=09/02/2026 20:24:18
Skipping C:\GitHub\BlockyOS\src\kernel\libcrt\hardware\IO\IO.asm - up to date; source=2026-09-02T19:29:50.4759038Z, stored=09/02/2026 19:29:50
Skipping C:\GitHub\BlockyOS\src\kernel\libcrt\hardware\IDT\IDT.asm - up to date; source=2026-09-02T19:29:50.4759038Z, stored=09/02/2026 19:29:50
Skipping C:\GitHub\BlockyOS\src\kernel\libcrt\hardware\IDT\ISR.asm - up to date; source=2026-09-02T19:08:06.2288527Z, stored=09/02/2026 19:08:06
Skipping C:\GitHub\BlockyOS\src\kernel\libcrt\hardware\IDT\ISR.c - up to date; source=2026-09-02T18:48:44.0968136Z, stored=09/02/2026 18:48:44
Skipping C:\GitHub\BlockyOS\src\kernel\libcrt\hardware\ACPI\ACPI.c - up to date; source=2026-08-31T20:25:27.3210120Z, stored=08/31/2026 20:25:27
Skipping C:\GitHub\BlockyOS\src\kernel\libcrt\hardware\IDT\APIC\APIC.c - up to date; source=2026-08-31T17:22:17.1088393Z, stored=08/31/2026 17:22:17
Skipping C:\GitHub\BlockyOS\src\kernel\libcrt\hardware\IDT\APIC\IOAPIC.c - up to date; source=2026-08-31T23:06:36.2138524Z, stored=08/31/2026 23:06:36
Skipping C:\GitHub\BlockyOS\src\kernel\libcrt\hardware\IDT\APIC\LocalAPIC.c - up to date; source=2026-09-01T14:06:58.1209403Z, stored=09/01/2026 14:06:58
Skipping C:\GitHub\BlockyOS\src\kernel\libcrt\hardware\IDT\APIC\LocalAPICTimer.c - up to date; source=2026-09-01T19:52:35.3774846Z, stored=09/01/2026 19:52:35
Skipping C:\GitHub\BlockyOS\src\kernel\libcrt\hardware\hardware.c - up to date; source=2026-09-01T16:46:09.0571163Z, stored=09/01/2026 16:46:09
Skipping C:\GitHub\BlockyOS\src\kernel\libcrt\BLAKE2\blake2b-ref.c - up to date; source=2026-08-31T20:05:16.6578387Z, stored=08/31/2026 20:05:16
Skipping C:\GitHub\BlockyOS\src\kernel\libcrt\BLAKE2\blake2bp-ref.c - up to date; source=2026-08-31T20:05:20.6816175Z, stored=08/31/2026 20:05:20
Skipping C:\GitHub\BlockyOS\src\kernel\libcrt\BLAKE2\blake2s-ref.c - up to date; source=2026-08-31T20:05:24.7027041Z, stored=08/31/2026 20:05:24
Skipping C:\GitHub\BlockyOS\src\kernel\libcrt\BLAKE2\blake2sp-ref.c - up to date; source=2026-08-31T20:05:27.6610089Z, stored=08/31/2026 20:05:27
Skipping C:\GitHub\BlockyOS\src\kernel\libcrt\BLAKE2\blake2xb-ref.c - up to date; source=2026-09-01T14:03:25.3444410Z, stored=09/01/2026 14:03:25
Skipping C:\GitHub\BlockyOS\src\kernel\libcrt\BLAKE2\blake2xs-ref.c - up to date; source=2026-08-31T17:22:17.0728377Z, stored=08/31/2026 17:22:17
Skipping C:\GitHub\BlockyOS\src\kernel\libcrt\hardware\PCIe\PCIe.c - up to date; source=2026-08-31T23:54:42.2532022Z, stored=08/31/2026 23:54:42
Skipping C:\GitHub\BlockyOS\src\kernel\libcrt\hardware\SSE\UTILS.asm - up to date; source=2026-09-01T00:20:39.1738118Z, stored=09/01/2026 00:20:39
Skipping C:\GitHub\BlockyOS\src\kernel\libcrt\alibcrt.def - up to date; source=2026-09-01T20:03:41.5382359Z, stored=09/01/2026 20:03:41
gcc C:\GitHub\BlockyOS\compile\cache\asm.RNG.o C:\GitHub\BlockyOS\compile\cache\c.RNG.o C:\GitHub\BlockyOS\compile\cache\asm.GDT.o C:\GitHub\BlockyOS\compile\cache\c.GDT.o C:\GitHub\BlockyOS\compile\cache\asm.paging.o C:\GitHub\BlockyOS\compile\cache\c.paging.o C:\GitHub\BlockyOS\compile\cache\asm.SSE.o C:\GitHub\BlockyOS\compile\cache\c.SSE.o C:\GitHub\BlockyOS\compile\cache\c.memory.o C:\GitHub\BlockyOS\compile\cache\c.string.o C:\GitHub\BlockyOS\compile\cache\c.palloc.o C:\GitHub\BlockyOS\compile\cache\c.palloc(1).o C:\GitHub\BlockyOS\compile\cache\c.mmalloc.o C:\GitHub\BlockyOS\compile\cache\c.math.o C:\GitHub\BlockyOS\compile\cache\asm.IO.o C:\GitHub\BlockyOS\compile\cache\asm.IDT.o C:\GitHub\BlockyOS\compile\cache\asm.ISR.o C:\GitHub\BlockyOS\compile\cache\c.ISR.o C:\GitHub\BlockyOS\compile\cache\c.ACPI.o C:\GitHub\BlockyOS\compile\cache\c.APIC.o C:\GitHub\BlockyOS\compile\cache\c.IOAPIC.o C:\GitHub\BlockyOS\compile\cache\c.LocalAPIC.o C:\GitHub\BlockyOS\compile\cache\c.LocalAPICTimer.o C:\GitHub\BlockyOS\compile\cache\c.hardware.o C:\GitHub\BlockyOS\compile\cache\c.blake2b-ref.o C:\GitHub\BlockyOS\compile\cache\c.blake2bp-ref.o C:\GitHub\BlockyOS\compile\cache\c.blake2s-ref.o C:\GitHub\BlockyOS\compile\cache\c.blake2sp-ref.o C:\GitHub\BlockyOS\compile\cache\c.blake2xb-ref.o C:\GitHub\BlockyOS\compile\cache\c.blake2xs-ref.o C:\GitHub\BlockyOS\compile\cache\c.PCIe.o C:\GitHub\BlockyOS\compile\cache\asm.UTILS.o C:/GitHub/BlockyOS/src/kernel/libcrt/alibcrt.def -Wl,-flinker-output=dyn -Wl,-nostdlib -Wl,--emit-relocs -Wl,-shared -Wl,-Bsymbolic -Wl,-Map,C:\GitHub\BlockyOS\src\kernel\libcrt\alibcrt.map -fdiagnostics-color=always -fno-diagnostics-show-highlight-colors -nostartfiles -nodefaultlibs -o C:/GitHub/BlockyOS/Build/Build-nodate/objs/libcrt.dll
Build finished successfully -> C:/GitHub/BlockyOS/Build/Build-nodate/objs/libcrt.dll


[SHELL]	PE2EXEC.MAKE
C:\GitHub\BlockyOS\tools\executable-format\exechandler.exe C:/GitHub/BlockyOS/Build/Build-nodate/root-part/libcrt.dll C:/GitHub/BlockyOS/Build/Build-nodate/root-part/libcrt.service -od -L C:/GitHub/BlockyOS/src/kernel/libcrt/alibcrt.log
[C:\GitHub\BlockyOS\tools\executable-format\exechandler.exe|-1073741819]

[SHELL]	FSFRAT.OPEN
[SHELL]	FSFRAT.MOUNT
[SHELL]	FSFRAT.WRITE
Could not stop FS controller: You cannot call a method on a null-valued expression.
Initializing CGCC.MAKE build process...
Skipping C:\GitHub\BlockyOS\src\kernel\libcrt\hardware\RNG\RNG.asm - up to date; source=2026-09-02T19:29:50.4588980Z, stored=09/02/2026 19:29:50
Skipping C:\GitHub\BlockyOS\src\kernel\libcrt\hardware\RNG\RNG.c - up to date; source=2026-09-01T19:51:35.2375749Z, stored=09/01/2026 19:51:35
Skipping C:\GitHub\BlockyOS\src\kernel\libcrt\hardware\GDT\GDT.asm - up to date; source=2026-09-02T19:29:50.4759038Z, stored=09/02/2026 19:29:50
Skipping C:\GitHub\BlockyOS\src\kernel\libcrt\hardware\GDT\GDT.c - up to date; source=2026-08-31T20:29:21.6186178Z, stored=08/31/2026 20:29:21
Skipping C:\GitHub\BlockyOS\src\kernel\libcrt\hardware\paging\paging.asm - up to date; source=2026-09-02T19:29:50.4619061Z, stored=09/02/2026 19:29:50
Skipping C:\GitHub\BlockyOS\src\kernel\libcrt\hardware\paging\paging.c - up to date; source=2026-09-01T20:10:14.1486119Z, stored=09/01/2026 20:10:14
Skipping C:\GitHub\BlockyOS\src\kernel\libcrt\hardware\SSE\SSE.asm - up to date; source=2026-09-02T19:29:50.4759038Z, stored=09/02/2026 19:29:50
Skipping C:\GitHub\BlockyOS\src\kernel\libcrt\hardware\SSE\SSE.c - up to date; source=2026-09-01T15:31:49.0191638Z, stored=09/01/2026 15:31:49
Skipping C:\GitHub\BlockyOS\src\kernel\libcrt\memory\memory.c - up to date; source=2026-09-01T14:27:41.5007315Z, stored=09/01/2026 14:27:41
Skipping C:\GitHub\BlockyOS\src\kernel\libcrt\memory\string.c - up to date; source=2026-08-31T17:22:17.0368394Z, stored=08/31/2026 17:22:17
Skipping C:\GitHub\BlockyOS\src\kernel\libcrt\hardware\paging\palloc.c - up to date; source=2026-09-01T20:10:14.1506184Z, stored=09/01/2026 20:10:14
Skipping C:\GitHub\BlockyOS\src\kernel\libcrt\memory\allocator\palloc.c - up to date; source=2026-09-02T18:08:03.4509785Z, stored=09/02/2026 18:08:03
Skipping C:\GitHub\BlockyOS\src\kernel\libcrt\memory\allocator\mmalloc.c - up to date; source=2026-09-01T00:47:09.6602809Z, stored=09/01/2026 00:47:09
Skipping C:\GitHub\BlockyOS\src\kernel\libcrt\math\math.c - up to date; source=2026-09-02T20:24:18.8720404Z, stored=09/02/2026 20:24:18
Skipping C:\GitHub\BlockyOS\src\kernel\libcrt\hardware\IO\IO.asm - up to date; source=2026-09-02T19:29:50.4759038Z, stored=09/02/2026 19:29:50
Skipping C:\GitHub\BlockyOS\src\kernel\libcrt\hardware\IDT\IDT.asm - up to date; source=2026-09-02T19:29:50.4759038Z, stored=09/02/2026 19:29:50
Skipping C:\GitHub\BlockyOS\src\kernel\libcrt\hardware\IDT\ISR.asm - up to date; source=2026-09-02T19:08:06.2288527Z, stored=09/02/2026 19:08:06
Skipping C:\GitHub\BlockyOS\src\kernel\libcrt\hardware\IDT\ISR.c - up to date; source=2026-09-02T18:48:44.0968136Z, stored=09/02/2026 18:48:44
Skipping C:\GitHub\BlockyOS\src\kernel\libcrt\hardware\ACPI\ACPI.c - up to date; source=2026-08-31T20:25:27.3210120Z, stored=08/31/2026 20:25:27
Skipping C:\GitHub\BlockyOS\src\kernel\libcrt\hardware\IDT\APIC\APIC.c - up to date; source=2026-08-31T17:22:17.1088393Z, stored=08/31/2026 17:22:17
Skipping C:\GitHub\BlockyOS\src\kernel\libcrt\hardware\IDT\APIC\IOAPIC.c - up to date; source=2026-08-31T23:06:36.2138524Z, stored=08/31/2026 23:06:36
Skipping C:\GitHub\BlockyOS\src\kernel\libcrt\hardware\IDT\APIC\LocalAPIC.c - up to date; source=2026-09-01T14:06:58.1209403Z, stored=09/01/2026 14:06:58
Skipping C:\GitHub\BlockyOS\src\kernel\libcrt\hardware\IDT\APIC\LocalAPICTimer.c - up to date; source=2026-09-01T19:52:35.3774846Z, stored=09/01/2026 19:52:35
Skipping C:\GitHub\BlockyOS\src\kernel\libcrt\hardware\hardware.c - up to date; source=2026-09-01T16:46:09.0571163Z, stored=09/01/2026 16:46:09
Skipping C:\GitHub\BlockyOS\src\kernel\libcrt\BLAKE2\blake2b-ref.c - up to date; source=2026-08-31T20:05:16.6578387Z, stored=08/31/2026 20:05:16
Skipping C:\GitHub\BlockyOS\src\kernel\libcrt\BLAKE2\blake2bp-ref.c - up to date; source=2026-08-31T20:05:20.6816175Z, stored=08/31/2026 20:05:20
Skipping C:\GitHub\BlockyOS\src\kernel\libcrt\BLAKE2\blake2s-ref.c - up to date; source=2026-08-31T20:05:24.7027041Z, stored=08/31/2026 20:05:24
Skipping C:\GitHub\BlockyOS\src\kernel\libcrt\BLAKE2\blake2sp-ref.c - up to date; source=2026-08-31T20:05:27.6610089Z, stored=08/31/2026 20:05:27
Skipping C:\GitHub\BlockyOS\src\kernel\libcrt\BLAKE2\blake2xb-ref.c - up to date; source=2026-09-01T14:03:25.3444410Z, stored=09/01/2026 14:03:25
Skipping C:\GitHub\BlockyOS\src\kernel\libcrt\BLAKE2\blake2xs-ref.c - up to date; source=2026-08-31T17:22:17.0728377Z, stored=08/31/2026 17:22:17
Skipping C:\GitHub\BlockyOS\src\kernel\libcrt\hardware\PCIe\PCIe.c - up to date; source=2026-08-31T23:54:42.2532022Z, stored=08/31/2026 23:54:42
Skipping C:\GitHub\BlockyOS\src\kernel\libcrt\hardware\SSE\UTILS.asm - up to date; source=2026-09-01T00:20:39.1738118Z, stored=09/01/2026 00:20:39
Skipping C:\GitHub\BlockyOS\src\kernel\libcrt\alibcrt.def - up to date; source=2026-09-01T20:03:41.5382359Z, stored=09/01/2026 20:03:41
gcc C:\GitHub\BlockyOS\compile\cache\asm.RNG.o C:\GitHub\BlockyOS\compile\cache\c.RNG.o C:\GitHub\BlockyOS\compile\cache\asm.GDT.o C:\GitHub\BlockyOS\compile\cache\c.GDT.o C:\GitHub\BlockyOS\compile\cache\asm.paging.o C:\GitHub\BlockyOS\compile\cache\c.paging.o C:\GitHub\BlockyOS\compile\cache\asm.SSE.o C:\GitHub\BlockyOS\compile\cache\c.SSE.o C:\GitHub\BlockyOS\compile\cache\c.memory.o C:\GitHub\BlockyOS\compile\cache\c.string.o C:\GitHub\BlockyOS\compile\cache\c.palloc.o C:\GitHub\BlockyOS\compile\cache\c.palloc(1).o C:\GitHub\BlockyOS\compile\cache\c.mmalloc.o C:\GitHub\BlockyOS\compile\cache\c.math.o C:\GitHub\BlockyOS\compile\cache\asm.IO.o C:\GitHub\BlockyOS\compile\cache\asm.IDT.o C:\GitHub\BlockyOS\compile\cache\asm.ISR.o C:\GitHub\BlockyOS\compile\cache\c.ISR.o C:\GitHub\BlockyOS\compile\cache\c.ACPI.o C:\GitHub\BlockyOS\compile\cache\c.APIC.o C:\GitHub\BlockyOS\compile\cache\c.IOAPIC.o C:\GitHub\BlockyOS\compile\cache\c.LocalAPIC.o C:\GitHub\BlockyOS\compile\cache\c.LocalAPICTimer.o C:\GitHub\BlockyOS\compile\cache\c.hardware.o C:\GitHub\BlockyOS\compile\cache\c.blake2b-ref.o C:\GitHub\BlockyOS\compile\cache\c.blake2bp-ref.o C:\GitHub\BlockyOS\compile\cache\c.blake2s-ref.o C:\GitHub\BlockyOS\compile\cache\c.blake2sp-ref.o C:\GitHub\BlockyOS\compile\cache\c.blake2xb-ref.o C:\GitHub\BlockyOS\compile\cache\c.blake2xs-ref.o C:\GitHub\BlockyOS\compile\cache\c.PCIe.o C:\GitHub\BlockyOS\compile\cache\asm.UTILS.o C:/GitHub/BlockyOS/src/kernel/libcrt/alibcrt.def -Wl,-flinker-output=dyn -Wl,-nostdlib -Wl,--emit-relocs -Wl,-shared -Wl,-Bsymbolic -Wl,-Map,C:\GitHub\BlockyOS\src\kernel\libcrt\alibcrt.map -fdiagnostics-color=always -fno-diagnostics-show-highlight-colors -nostartfiles -nodefaultlibs -o C:/GitHub/BlockyOS/Build/Build-nodate/objs/libcrt.dll
Build finished successfully -> C:/GitHub/BlockyOS/Build/Build-nodate/objs/libcrt.dll


Initializing CGCC.MAKE build process...
Skipping C:\GitHub\BlockyOS\src\kernel\libcrt\hardware\RNG\RNG.asm - up to date; source=2026-09-02T19:29:50.4588980Z, stored=09/02/2026 19:29:50
Skipping C:\GitHub\BlockyOS\src\kernel\libcrt\hardware\RNG\RNG.c - up to date; source=2026-09-01T19:51:35.2375749Z, stored=09/01/2026 19:51:35
Skipping C:\GitHub\BlockyOS\src\kernel\libcrt\hardware\GDT\GDT.asm - up to date; source=2026-09-02T19:29:50.4759038Z, stored=09/02/2026 19:29:50
Skipping C:\GitHub\BlockyOS\src\kernel\libcrt\hardware\GDT\GDT.c - up to date; source=2026-08-31T20:29:21.6186178Z, stored=08/31/2026 20:29:21
Skipping C:\GitHub\BlockyOS\src\kernel\libcrt\hardware\paging\paging.asm - up to date; source=2026-09-02T19:29:50.4619061Z, stored=09/02/2026 19:29:50
Skipping C:\GitHub\BlockyOS\src\kernel\libcrt\hardware\paging\paging.c - up to date; source=2026-09-01T20:10:14.1486119Z, stored=09/01/2026 20:10:14
Skipping C:\GitHub\BlockyOS\src\kernel\libcrt\hardware\SSE\SSE.asm - up to date; source=2026-09-02T19:29:50.4759038Z, stored=09/02/2026 19:29:50
Skipping C:\GitHub\BlockyOS\src\kernel\libcrt\hardware\SSE\SSE.c - up to date; source=2026-09-01T15:31:49.0191638Z, stored=09/01/2026 15:31:49
Skipping C:\GitHub\BlockyOS\src\kernel\libcrt\memory\memory.c - up to date; source=2026-09-01T14:27:41.5007315Z, stored=09/01/2026 14:27:41
Skipping C:\GitHub\BlockyOS\src\kernel\libcrt\memory\string.c - up to date; source=2026-08-31T17:22:17.0368394Z, stored=08/31/2026 17:22:17
Skipping C:\GitHub\BlockyOS\src\kernel\libcrt\hardware\paging\palloc.c - up to date; source=2026-09-01T20:10:14.1506184Z, stored=09/01/2026 20:10:14
Skipping C:\GitHub\BlockyOS\src\kernel\libcrt\memory\allocator\palloc.c - up to date; source=2026-09-02T18:08:03.4509785Z, stored=09/02/2026 18:08:03
Skipping C:\GitHub\BlockyOS\src\kernel\libcrt\memory\allocator\mmalloc.c - up to date; source=2026-09-01T00:47:09.6602809Z, stored=09/01/2026 00:47:09
Skipping C:\GitHub\BlockyOS\src\kernel\libcrt\math\math.c - up to date; source=2026-09-02T20:24:18.8720404Z, stored=09/02/2026 20:24:18
Skipping C:\GitHub\BlockyOS\src\kernel\libcrt\hardware\IO\IO.asm - up to date; source=2026-09-02T19:29:50.4759038Z, stored=09/02/2026 19:29:50
Skipping C:\GitHub\BlockyOS\src\kernel\libcrt\hardware\IDT\IDT.asm - up to date; source=2026-09-02T19:29:50.4759038Z, stored=09/02/2026 19:29:50
Skipping C:\GitHub\BlockyOS\src\kernel\libcrt\hardware\IDT\ISR.asm - up to date; source=2026-09-02T19:08:06.2288527Z, stored=09/02/2026 19:08:06
Skipping C:\GitHub\BlockyOS\src\kernel\libcrt\hardware\IDT\ISR.c - up to date; source=2026-09-02T18:48:44.0968136Z, stored=09/02/2026 18:48:44
Skipping C:\GitHub\BlockyOS\src\kernel\libcrt\hardware\ACPI\ACPI.c - up to date; source=2026-08-31T20:25:27.3210120Z, stored=08/31/2026 20:25:27
Skipping C:\GitHub\BlockyOS\src\kernel\libcrt\hardware\IDT\APIC\APIC.c - up to date; source=2026-08-31T17:22:17.1088393Z, stored=08/31/2026 17:22:17
Skipping C:\GitHub\BlockyOS\src\kernel\libcrt\hardware\IDT\APIC\IOAPIC.c - up to date; source=2026-08-31T23:06:36.2138524Z, stored=08/31/2026 23:06:36
Skipping C:\GitHub\BlockyOS\src\kernel\libcrt\hardware\IDT\APIC\LocalAPIC.c - up to date; source=2026-09-01T14:06:58.1209403Z, stored=09/01/2026 14:06:58
Skipping C:\GitHub\BlockyOS\src\kernel\libcrt\hardware\IDT\APIC\LocalAPICTimer.c - up to date; source=2026-09-01T19:52:35.3774846Z, stored=09/01/2026 19:52:35
Skipping C:\GitHub\BlockyOS\src\kernel\libcrt\hardware\hardware.c - up to date; source=2026-09-01T16:46:09.0571163Z, stored=09/01/2026 16:46:09
Skipping C:\GitHub\BlockyOS\src\kernel\libcrt\BLAKE2\blake2b-ref.c - up to date; source=2026-08-31T20:05:16.6578387Z, stored=08/31/2026 20:05:16
Skipping C:\GitHub\BlockyOS\src\kernel\libcrt\BLAKE2\blake2bp-ref.c - up to date; source=2026-08-31T20:05:20.6816175Z, stored=08/31/2026 20:05:20
Skipping C:\GitHub\BlockyOS\src\kernel\libcrt\BLAKE2\blake2s-ref.c - up to date; source=2026-08-31T20:05:24.7027041Z, stored=08/31/2026 20:05:24
Skipping C:\GitHub\BlockyOS\src\kernel\libcrt\BLAKE2\blake2sp-ref.c - up to date; source=2026-08-31T20:05:27.6610089Z, stored=08/31/2026 20:05:27
Skipping C:\GitHub\BlockyOS\src\kernel\libcrt\BLAKE2\blake2xb-ref.c - up to date; source=2026-09-01T14:03:25.3444410Z, stored=09/01/2026 14:03:25
Skipping C:\GitHub\BlockyOS\src\kernel\libcrt\BLAKE2\blake2xs-ref.c - up to date; source=2026-08-31T17:22:17.0728377Z, stored=08/31/2026 17:22:17
Skipping C:\GitHub\BlockyOS\src\kernel\libcrt\hardware\PCIe\PCIe.c - up to date; source=2026-08-31T23:54:42.2532022Z, stored=08/31/2026 23:54:42
Skipping C:\GitHub\BlockyOS\src\kernel\libcrt\hardware\SSE\UTILS.asm - up to date; source=2026-09-01T00:20:39.1738118Z, stored=09/01/2026 00:20:39
Skipping C:\GitHub\BlockyOS\src\kernel\libcrt\alibcrt.def - up to date; source=2026-09-01T20:03:41.5382359Z, stored=09/01/2026 20:03:41
gcc C:\GitHub\BlockyOS\compile\cache\asm.RNG.o C:\GitHub\BlockyOS\compile\cache\c.RNG.o C:\GitHub\BlockyOS\compile\cache\asm.GDT.o C:\GitHub\BlockyOS\compile\cache\c.GDT.o C:\GitHub\BlockyOS\compile\cache\asm.paging.o C:\GitHub\BlockyOS\compile\cache\c.paging.o C:\GitHub\BlockyOS\compile\cache\asm.SSE.o C:\GitHub\BlockyOS\compile\cache\c.SSE.o C:\GitHub\BlockyOS\compile\cache\c.memory.o C:\GitHub\BlockyOS\compile\cache\c.string.o C:\GitHub\BlockyOS\compile\cache\c.palloc.o C:\GitHub\BlockyOS\compile\cache\c.palloc(1).o C:\GitHub\BlockyOS\compile\cache\c.mmalloc.o C:\GitHub\BlockyOS\compile\cache\c.math.o C:\GitHub\BlockyOS\compile\cache\asm.IO.o C:\GitHub\BlockyOS\compile\cache\asm.IDT.o C:\GitHub\BlockyOS\compile\cache\asm.ISR.o C:\GitHub\BlockyOS\compile\cache\c.ISR.o C:\GitHub\BlockyOS\compile\cache\c.ACPI.o C:\GitHub\BlockyOS\compile\cache\c.APIC.o C:\GitHub\BlockyOS\compile\cache\c.IOAPIC.o C:\GitHub\BlockyOS\compile\cache\c.LocalAPIC.o C:\GitHub\BlockyOS\compile\cache\c.LocalAPICTimer.o C:\GitHub\BlockyOS\compile\cache\c.hardware.o C:\GitHub\BlockyOS\compile\cache\c.blake2b-ref.o C:\GitHub\BlockyOS\compile\cache\c.blake2bp-ref.o C:\GitHub\BlockyOS\compile\cache\c.blake2s-ref.o C:\GitHub\BlockyOS\compile\cache\c.blake2sp-ref.o C:\GitHub\BlockyOS\compile\cache\c.blake2xb-ref.o C:\GitHub\BlockyOS\compile\cache\c.blake2xs-ref.o C:\GitHub\BlockyOS\compile\cache\c.PCIe.o C:\GitHub\BlockyOS\compile\cache\asm.UTILS.o C:/GitHub/BlockyOS/src/kernel/libcrt/alibcrt.def -Wl,-flinker-output=dyn -Wl,-nostdlib -Wl,--emit-relocs -Wl,-shared -Wl,-Bsymbolic -Wl,-Map,C:\GitHub\BlockyOS\src\kernel\libcrt\alibcrt.map -fdiagnostics-color=always -fno-diagnostics-show-highlight-colors -nostartfiles -nodefaultlibs -o C:/GitHub/BlockyOS/Build/Build-nodate/root-part/libcrt.dll
Build finished successfully -> C:/GitHub/BlockyOS/Build/Build-nodate/root-part/libcrt.dll



[(null):3542221424:DumpBeHeader]	Writing 67 bytes to 4096Initializing CGCC.MAKE build process...
Skipping C:\GitHub\BlockyOS\src\kernel\libcrt\hardware\RNG\RNG.asm - up to date; source=2026-09-02T19:29:50.4588980Z, stored=09/02/2026 19:29:50
Skipping C:\GitHub\BlockyOS\src\kernel\libcrt\hardware\RNG\RNG.c - up to date; source=2026-09-01T19:51:35.2375749Z, stored=09/01/2026 19:51:35
Skipping C:\GitHub\BlockyOS\src\kernel\libcrt\hardware\GDT\GDT.asm - up to date; source=2026-09-02T19:29:50.4759038Z, stored=09/02/2026 19:29:50
Skipping C:\GitHub\BlockyOS\src\kernel\libcrt\hardware\GDT\GDT.c - up to date; source=2026-08-31T20:29:21.6186178Z, stored=08/31/2026 20:29:21
Skipping C:\GitHub\BlockyOS\src\kernel\libcrt\hardware\paging\paging.asm - up to date; source=2026-09-02T19:29:50.4619061Z, stored=09/02/2026 19:29:50
Skipping C:\GitHub\BlockyOS\src\kernel\libcrt\hardware\paging\paging.c - up to date; source=2026-09-01T20:10:14.1486119Z, stored=09/01/2026 20:10:14
Skipping C:\GitHub\BlockyOS\src\kernel\libcrt\hardware\SSE\SSE.asm - up to date; source=2026-09-02T19:29:50.4759038Z, stored=09/02/2026 19:29:50
Skipping C:\GitHub\BlockyOS\src\kernel\libcrt\hardware\SSE\SSE.c - up to date; source=2026-09-01T15:31:49.0191638Z, stored=09/01/2026 15:31:49
Skipping C:\GitHub\BlockyOS\src\kernel\libcrt\memory\memory.c - up to date; source=2026-09-01T14:27:41.5007315Z, stored=09/01/2026 14:27:41
Skipping C:\GitHub\BlockyOS\src\kernel\libcrt\memory\string.c - up to date; source=2026-08-31T17:22:17.0368394Z, stored=08/31/2026 17:22:17
Skipping C:\GitHub\BlockyOS\src\kernel\libcrt\hardware\paging\palloc.c - up to date; source=2026-09-01T20:10:14.1506184Z, stored=09/01/2026 20:10:14
Skipping C:\GitHub\BlockyOS\src\kernel\libcrt\memory\allocator\palloc.c - up to date; source=2026-09-02T18:08:03.4509785Z, stored=09/02/2026 18:08:03
Skipping C:\GitHub\BlockyOS\src\kernel\libcrt\memory\allocator\mmalloc.c - up to date; source=2026-09-01T00:47:09.6602809Z, stored=09/01/2026 00:47:09
Skipping C:\GitHub\BlockyOS\src\kernel\libcrt\math\math.c - up to date; source=2026-09-02T20:24:18.8720404Z, stored=09/02/2026 20:24:18
Skipping C:\GitHub\BlockyOS\src\kernel\libcrt\hardware\IO\IO.asm - up to date; source=2026-09-02T19:29:50.4759038Z, stored=09/02/2026 19:29:50
Skipping C:\GitHub\BlockyOS\src\kernel\libcrt\hardware\IDT\IDT.asm - up to date; source=2026-09-02T19:29:50.4759038Z, stored=09/02/2026 19:29:50
Skipping C:\GitHub\BlockyOS\src\kernel\libcrt\hardware\IDT\ISR.asm - up to date; source=2026-09-02T19:08:06.2288527Z, stored=09/02/2026 19:08:06
Skipping C:\GitHub\BlockyOS\src\kernel\libcrt\hardware\IDT\ISR.c - up to date; source=2026-09-02T18:48:44.0968136Z, stored=09/02/2026 18:48:44
Skipping C:\GitHub\BlockyOS\src\kernel\libcrt\hardware\ACPI\ACPI.c - up to date; source=2026-08-31T20:25:27.3210120Z, stored=08/31/2026 20:25:27
Skipping C:\GitHub\BlockyOS\src\kernel\libcrt\hardware\IDT\APIC\APIC.c - up to date; source=2026-08-31T17:22:17.1088393Z, stored=08/31/2026 17:22:17
Skipping C:\GitHub\BlockyOS\src\kernel\libcrt\hardware\IDT\APIC\IOAPIC.c - up to date; source=2026-08-31T23:06:36.2138524Z, stored=08/31/2026 23:06:36
Skipping C:\GitHub\BlockyOS\src\kernel\libcrt\hardware\IDT\APIC\LocalAPIC.c - up to date; source=2026-09-01T14:06:58.1209403Z, stored=09/01/2026 14:06:58
Skipping C:\GitHub\BlockyOS\src\kernel\libcrt\hardware\IDT\APIC\LocalAPICTimer.c - up to date; source=2026-09-01T19:52:35.3774846Z, stored=09/01/2026 19:52:35
Skipping C:\GitHub\BlockyOS\src\kernel\libcrt\hardware\hardware.c - up to date; source=2026-09-01T16:46:09.0571163Z, stored=09/01/2026 16:46:09
Skipping C:\GitHub\BlockyOS\src\kernel\libcrt\BLAKE2\blake2b-ref.c - up to date; source=2026-08-31T20:05:16.6578387Z, stored=08/31/2026 20:05:16
Skipping C:\GitHub\BlockyOS\src\kernel\libcrt\BLAKE2\blake2bp-ref.c - up to date; source=2026-08-31T20:05:20.6816175Z, stored=08/31/2026 20:05:20
Skipping C:\GitHub\BlockyOS\src\kernel\libcrt\BLAKE2\blake2s-ref.c - up to date; source=2026-08-31T20:05:24.7027041Z, stored=08/31/2026 20:05:24
Skipping C:\GitHub\BlockyOS\src\kernel\libcrt\BLAKE2\blake2sp-ref.c - up to date; source=2026-08-31T20:05:27.6610089Z, stored=08/31/2026 20:05:27
Skipping C:\GitHub\BlockyOS\src\kernel\libcrt\BLAKE2\blake2xb-ref.c - up to date; source=2026-09-01T14:03:25.3444410Z, stored=09/01/2026 14:03:25
Skipping C:\GitHub\BlockyOS\src\kernel\libcrt\BLAKE2\blake2xs-ref.c - up to date; source=2026-08-31T17:22:17.0728377Z, stored=08/31/2026 17:22:17
Skipping C:\GitHub\BlockyOS\src\kernel\libcrt\hardware\PCIe\PCIe.c - up to date; source=2026-08-31T23:54:42.2532022Z, stored=08/31/2026 23:54:42
Skipping C:\GitHub\BlockyOS\src\kernel\libcrt\hardware\SSE\UTILS.asm - up to date; source=2026-09-01T00:20:39.1738118Z, stored=09/01/2026 00:20:39
Skipping C:\GitHub\BlockyOS\src\kernel\libcrt\alibcrt.def - up to date; source=2026-09-01T20:03:41.5382359Z, stored=09/01/2026 20:03:41
gcc C:\GitHub\BlockyOS\compile\cache\asm.RNG.o C:\GitHub\BlockyOS\compile\cache\c.RNG.o C:\GitHub\BlockyOS\compile\cache\asm.GDT.o C:\GitHub\BlockyOS\compile\cache\c.GDT.o C:\GitHub\BlockyOS\compile\cache\asm.paging.o C:\GitHub\BlockyOS\compile\cache\c.paging.o C:\GitHub\BlockyOS\compile\cache\asm.SSE.o C:\GitHub\BlockyOS\compile\cache\c.SSE.o C:\GitHub\BlockyOS\compile\cache\c.memory.o C:\GitHub\BlockyOS\compile\cache\c.string.o C:\GitHub\BlockyOS\compile\cache\c.palloc.o C:\GitHub\BlockyOS\compile\cache\c.palloc(1).o C:\GitHub\BlockyOS\compile\cache\c.mmalloc.o C:\GitHub\BlockyOS\compile\cache\c.math.o C:\GitHub\BlockyOS\compile\cache\asm.IO.o C:\GitHub\BlockyOS\compile\cache\asm.IDT.o C:\GitHub\BlockyOS\compile\cache\asm.ISR.o C:\GitHub\BlockyOS\compile\cache\c.ISR.o C:\GitHub\BlockyOS\compile\cache\c.ACPI.o C:\GitHub\BlockyOS\compile\cache\c.APIC.o C:\GitHub\BlockyOS\compile\cache\c.IOAPIC.o C:\GitHub\BlockyOS\compile\cache\c.LocalAPIC.o C:\GitHub\BlockyOS\compile\cache\c.LocalAPICTimer.o C:\GitHub\BlockyOS\compile\cache\c.hardware.o C:\GitHub\BlockyOS\compile\cache\c.blake2b-ref.o C:\GitHub\BlockyOS\compile\cache\c.blake2bp-ref.o C:\GitHub\BlockyOS\compile\cache\c.blake2s-ref.o C:\GitHub\BlockyOS\compile\cache\c.blake2sp-ref.o C:\GitHub\BlockyOS\compile\cache\c.blake2xb-ref.o C:\GitHub\BlockyOS\compile\cache\c.blake2xs-ref.o C:\GitHub\BlockyOS\compile\cache\c.PCIe.o C:\GitHub\BlockyOS\compile\cache\asm.UTILS.o C:/GitHub/BlockyOS/src/kernel/libcrt/alibcrt.def -Wl,-flinker-output=dyn -Wl,-nostdlib -Wl,--emit-relocs -Wl,-shared -Wl,-Bsymbolic -Wl,-Map,C:\GitHub\BlockyOS\src\kernel\libcrt\alibcrt.map -fdiagnostics-color=always -fno-diagnostics-show-highlight-colors -nostartfiles -nodefaultlibs -o C:/GitHub/BlockyOS/Build/Build-nodate/root-part/libcrt.dll
Build finished successfully -> C:/GitHub/BlockyOS/Build/Build-nodate/root-part/libcrt.dll


[SHELL]	PE2EXEC.MAKE
C:\GitHub\BlockyOS\tools\executable-format\exechandler.exe C:/GitHub/BlockyOS/Build/Build-nodate/root-part/libcrt.dll C:/GitHub/BlockyOS/Build/Build-nodate/root-part/libcrt.service -od -L C:/GitHub/BlockyOS/src/kernel/libcrt/alibcrt.log

[(null):2916483696:DumpBeHeader]	Writing 1498943586371 bytes to 4096
[(null):2916483696:DumpBeHeader]	Writing 140716013518915 bytes to 140716013522944
[(null):2916483696:DumpBeHeader]	Writing 140716013518915 bytes to 140716013522944
[(null):2916483696:DumpBeHeader]	Writing 140716013518915 bytes to 140716013522944
[(null):2916483696:DumpBeHeader]	Writing 140716013518915 bytes to 140716013522944
[C:\GitHub\BlockyOS\tools\executable-format\exec.c:679:CreateResourceSection]
[(null):2916483696:DumpBeHeader]	Writing 140716013518915 bytes to 140716013522944
[C:\GitHub\BlockyOS\tools\executable-format\exec.c:722:CreateResourceSection][C:\GitHub\BlockyOS\tools\executable-format\exechandler.exe|-1073741819]

[SHELL]	FSFRAT.OPEN
[SHELL]	FSFRAT.MOUNT
[SHELL]	FSFRAT.WRITE
Could not stop FS controller: You cannot call a method on a null-valued expression.

[(null):3524067952:DumpBeHeader]	Writing 67 bytes to 4096
[(null):3471442544:DumpBeHeader]	Writing 67 bytes to 4096
[(null):3471442544:DumpBeHeader]	Writing 140716013518915 bytes to 140716013522944
[(null):3471442544:DumpBeHeader]	Writing 140716013518915 bytes to 140716013522944
[(null):3471442544:DumpBeHeader]	Writing 140716013518915 bytes to 140716013522944
[(null):3471442544:DumpBeHeader]	Writing 140716013518915 bytes to 140716013522944
[C:\GitHub\BlockyOS\tools\executable-format\exec.c:679:CreateResourceSection]
[(null):3471442544:DumpBeHeader]	Writing 140716013518915 bytes to 140716013522944
[C:\GitHub\BlockyOS\tools\executable-format\exec.c:722:CreateResourceSection]
[(null):1497891440:DumpBeHeader]	Writing 67 bytes to 4096
[(null):1497891440:DumpBeHeader]	Writing 140716013518915 bytes to 140716013522944
[(null):1497891440:DumpBeHeader]	Writing 140716013518915 bytes to 140716013522944
[(null):1497891440:DumpBeHeader]	Writing 140716013518915 bytes to 140716013522944
[(null):1497891440:DumpBeHeader]	Writing 140716013518915 bytes to 140716013522944
[C:\GitHub\BlockyOS\tools\executable-format\exec.c:679:CreateResourceSection]
[(null):1497891440:DumpBeHeader]	Writing 140716013518915 bytes to 140716013522944
[C:\GitHub\BlockyOS\tools\executable-format\exec.c:722:CreateResourceSection]
[(null):1497891440:DumpBeHeader]	Writing 67 bytes to 140716013522944
[(null):3470656112:DumpBeHeader]	Writing 67 bytes to 4096
[(null):3470656112:DumpBeHeader]	Writing 140716013518915 bytes to 140716013522944
[(null):3470656112:DumpBeHeader]	Writing 140716013518915 bytes to 140716013522944
[(null):3470656112:DumpBeHeader]	Writing 140716013518915 bytes to 140716013522944
[(null):3470656112:DumpBeHeader]	Writing 140716013518915 bytes to 140716013522944
[C:\GitHub\BlockyOS\tools\executable-format\exec.c:679:CreateResourceSection]
[(null):3470656112:DumpBeHeader]	Writing 140716013518915 bytes to 140716013522944
[C:\GitHub\BlockyOS\tools\executable-format\exec.c:722:CreateResourceSection]
[(null):1431765616:DumpBeHeader]	Writing 67 bytes to 4096
[(null):1431765616:DumpBeHeader]	Writing 140716013518915 bytes to 140716013522944
[(null):1431765616:DumpBeHeader]	Writing 140716013518915 bytes to 140716013522944
[(null):1431765616:DumpBeHeader]	Writing 140716013518915 bytes to 140716013522944
[(null):1431765616:DumpBeHeader]	Writing 140716013518915 bytes to 140716013522944
[C:\GitHub\BlockyOS\tools\executable-format\exec.c:679:CreateResourceSection]
[(null):1431765616:DumpBeHeader]	Writing 140716013518915 bytes to 140716013522944
[C:\GitHub\BlockyOS\tools\executable-format\exec.c:722:CreateResourceSection]
[(null):1115488880:DumpBeHeader]	Writing 67 bytes to 4096
[(null):1115488880:DumpBeHeader]	Writing 140716013518915 bytes to 140716013522944
[(null):1115488880:DumpBeHeader]	Writing 140716013518915 bytes to 140716013522944
[(null):1115488880:DumpBeHeader]	Writing 140716013518915 bytes to 140716013522944
[(null):1115488880:DumpBeHeader]	Writing 140716013518915 bytes to 140716013522944
[C:\GitHub\BlockyOS\tools\executable-format\exec.c:679:CreateResourceSection]
[(null):1115488880:DumpBeHeader]	Writing 140716013518915 bytes to 140716013522944
[C:\GitHub\BlockyOS\tools\executable-format\exec.c:722:CreateResourceSection]
[(null):4047176304:DumpBeHeader]	Writing 67 bytes to 4096
[(null):4047176304:DumpBeHeader]	Writing 140716013518915 bytes to 140716013522944
[(null):4047176304:DumpBeHeader]	Writing 140716013518915 bytes to 140716013522944
[(null):4047176304:DumpBeHeader]	Writing 140716013518915 bytes to 140716013522944
[(null):4047176304:DumpBeHeader]	Writing 140716013518915 bytes to 140716013522944
[C:\GitHub\BlockyOS\tools\executable-format\exec.c:679:CreateResourceSection]
[(null):4047176304:DumpBeHeader]	Writing 140716013518915 bytes to 140716013522944
[C:\GitHub\BlockyOS\tools\executable-format\exec.c:722:CreateResourceSection]
[(null):956170864:DumpBeHeader]	Writing 67 bytes to 4096
[(null):956170864:DumpBeHeader]	Writing 140716013518915 bytes to 140716013522944
[(null):956170864:DumpBeHeader]	Writing 140716013518915 bytes to 140716013522944
[(null):956170864:DumpBeHeader]	Writing 140716013518915 bytes to 140716013522944
[(null):956170864:DumpBeHeader]	Writing 140716013518915 bytes to 140716013522944
[C:\GitHub\BlockyOS\tools\executable-format\exec.c:679:CreateResourceSection]
[(null):956170864:DumpBeHeader]	Writing 140716013518915 bytes to 140716013522944
[C:\GitHub\BlockyOS\tools\executable-format\exec.c:722:CreateResourceSection]
[(null):3289973360:DumpBeHeader]	Writing 67 bytes to 4096
[(null):3289973360:DumpBeHeader]	Writing 140716013518915 bytes to 140716013522944
[(null):3289973360:DumpBeHeader]	Writing 140716013518915 bytes to 140716013522944
[(null):3289973360:DumpBeHeader]	Writing 140716013518915 bytes to 140716013522944
[(null):3289973360:DumpBeHeader]	Writing 140716013518915 bytes to 140716013522944
[C:\GitHub\BlockyOS\tools\executable-format\exec.c:679:CreateResourceSection]
[(null):3289973360:DumpBeHeader]	Writing 140716013518915 bytes to 140716013522944
[C:\GitHub\BlockyOS\tools\executable-format\exec.c:722:CreateResourceSection]
[(null):517997168:DumpBeHeader]	Writing 67 bytes to 4096
[(null):517997168:DumpBeHeader]	Writing 140716013518915 bytes to 140716013522944
[(null):517997168:DumpBeHeader]	Writing 140716013518915 bytes to 140716013522944
[(null):517997168:DumpBeHeader]	Writing 140716013518915 bytes to 140716013522944
[(null):517997168:DumpBeHeader]	Writing 140716013518915 bytes to 140716013522944
[C:\GitHub\BlockyOS\tools\executable-format\exec.c:679:CreateResourceSection]
[(null):517997168:DumpBeHeader]	Writing 140716013518915 bytes to 140716013522944
[C:\GitHub\BlockyOS\tools\executable-format\exec.c:722:CreateResourceSection]
[(null):1490813552:DumpBeHeader]	Writing 67 bytes to 4096
[(null):1490813552:DumpBeHeader]	Writing 140716013518915 bytes to 140716013522944
[(null):1490813552:DumpBeHeader]	Writing 140716013518915 bytes to 140716013522944
[(null):1490813552:DumpBeHeader]	Writing 140716013518915 bytes to 140716013522944
[(null):1490813552:DumpBeHeader]	Writing 140716013518915 bytes to 140716013522944
[C:\GitHub\BlockyOS\tools\executable-format\exec.c:679:CreateResourceSection]
[(null):1490813552:DumpBeHeader]	Writing 140716013518915 bytes to 140716013522944
[C:\GitHub\BlockyOS\tools\executable-format\exec.c:722:CreateResourceSection]
[(null):3140420208:DumpBeHeader]	Writing 67 bytes to 4096
[(null):3140420208:DumpBeHeader]	Writing 140716013518915 bytes to 140716013522944
[(null):3140420208:DumpBeHeader]	Writing 140716013518915 bytes to 140716013522944
[(null):3140420208:DumpBeHeader]	Writing 140716013518915 bytes to 140716013522944
[(null):3140420208:DumpBeHeader]	Writing 140716013518915 bytes to 140716013522944
[C:\GitHub\BlockyOS\tools\executable-format\exec.c:679:CreateResourceSection]
[(null):3140420208:DumpBeHeader]	Writing 140716013518915 bytes to 140716013522944
[C:\GitHub\BlockyOS\tools\executable-format\exec.c:722:CreateResourceSection]
[(null):3140420208:DumpBeHeader]	Writing 140716013518915 bytes to 140716013522944
[(null):2949644912:DumpBeHeader]	Writing 67 bytes to 4096
[(null):2949644912:DumpBeHeader]	Writing 140716013518915 bytes to 140716013522944
[(null):2949644912:DumpBeHeader]	Writing 140716013518915 bytes to 140716013522944
[(null):2949644912:DumpBeHeader]	Writing 140716013518915 bytes to 140716013522944
[(null):2949644912:DumpBeHeader]	Writing 140716013518915 bytes to 140716013522944
[C:\GitHub\BlockyOS\tools\executable-format\exec.c:679:CreateResourceSection]
[(null):2949644912:DumpBeHeader]	Writing 140716013518915 bytes to 140716013522944
[C:\GitHub\BlockyOS\tools\executable-format\exec.c:722:CreateResourceSection]
[(null):2949644912:DumpBeHeader]	Writing 140716013518915 bytes to 140716013522944
[(null):50594416:DumpBeHeader]	Writing 67 bytes to 4096
[(null):50594416:DumpBeHeader]	Writing 140716013518915 bytes to 140716013522944
[(null):50594416:DumpBeHeader]	Writing 140716013518915 bytes to 140716013522944
[(null):50594416:DumpBeHeader]	Writing 140716013518915 bytes to 140716013522944
[(null):50594416:DumpBeHeader]	Writing 140716013518915 bytes to 140716013522944
[C:\GitHub\BlockyOS\tools\executable-format\exec.c:679:CreateResourceSection]
[(null):50594416:DumpBeHeader]	Writing 140716013518915 bytes to 140716013522944
[C:\GitHub\BlockyOS\tools\executable-format\exec.c:722:CreateResourceSection]
[(null):50594416:DumpBeHeader]	Writing 140716013518915 bytes to 140716013522944
[(null):220136048:DumpBeHeader]	Writing 67 bytes to 4096
[(null):220136048:DumpBeHeader]	Writing 140716013518915 bytes to 140716013522944
[(null):220136048:DumpBeHeader]	Writing 140716013518915 bytes to 140716013522944
[(null):220136048:DumpBeHeader]	Writing 140716013518915 bytes to 140716013522944
[(null):220136048:DumpBeHeader]	Writing 140716013518915 bytes to 140716013522944
[C:\GitHub\BlockyOS\tools\executable-format\exec.c:679:CreateResourceSection]
[(null):220136048:DumpBeHeader]	Writing 140716013518915 bytes to 140716013522944
[C:\GitHub\BlockyOS\tools\executable-format\exec.c:722:CreateResourceSection]
[(null):220136048:DumpBeHeader]	Writing 140716013518915 bytes to 140716013522944
[(null):4243784304:DumpBeHeader]	Writing 67 bytes to 4096
[(null):4243784304:DumpBeHeader]	Writing 140716013518915 bytes to 140716013522944
[(null):4243784304:DumpBeHeader]	Writing 140716013518915 bytes to 140716013522944
[(null):4243784304:DumpBeHeader]	Writing 140716013518915 bytes to 140716013522944
[(null):4243784304:DumpBeHeader]	Writing 140716013518915 bytes to 140716013522944
[C:\GitHub\BlockyOS\tools\executable-format\exec.c:679:CreateResourceSection]
[(null):4243784304:DumpBeHeader]	Writing 140716013518915 bytes to 140716013522944
[C:\GitHub\BlockyOS\tools\executable-format\exec.c:723:CreateResourceSection]
[(null):4243784304:DumpBeHeader]	Writing 140716013518915 bytes to 140716013522944
[(null):76153456:DumpBeHeader]	Writing 67 bytes to 4096
[(null):76153456:DumpBeHeader]	Writing 140716013518915 bytes to 140716013522944
[(null):76153456:DumpBeHeader]	Writing 140716013518915 bytes to 140716013522944
[(null):76153456:DumpBeHeader]	Writing 140716013518915 bytes to 140716013522944
[(null):76153456:DumpBeHeader]	Writing 140716013518915 bytes to 140716013522944
[C:\GitHub\BlockyOS\tools\executable-format\exec.c:679:CreateResourceSection]
[(null):76153456:DumpBeHeader]	Writing 140716013518915 bytes to 140716013522944
[C:\GitHub\BlockyOS\tools\executable-format\exec.c:723:CreateResourceSection]
[(null):76153456:DumpBeHeader]	Writing 140716013518915 bytes to 140716013522944
[(null):960692848:DumpBeHeader]	Writing 67 bytes to 4096
[(null):960692848:DumpBeHeader]	Writing 140716013518915 bytes to 140716013522944
[C:\GitHub\BlockyOS\tools\executable-format\exec.c:176:WriteSection]	Writing 136
[C:\GitHub\BlockyOS\tools\executable-format\exec.c:176:WriteSection]	Writing 256
[C:\GitHub\BlockyOS\tools\executable-format\exec.c:176:WriteSection]	Writing 563
[C:\GitHub\BlockyOS\tools\executable-format\exec.c:176:WriteSection]	Writing 2696 to 1484882848:DumpBeHeader]	Writing 140716013518915 bytes to 140716013522944
[C:\GitHub\BlockyOS\tools\executable-format\exec.c:176:WriteSection]	Writing 
[C:\GitHub\BlockyOS\tools\executable-format\exec.c:176:WriteSection]	Writing 20 
[C:\GitHub\BlockyOS\tools\executable-format\exec.c:176:WriteSection]	Writing 4172 to 1512042848:DumpBeHeader]	Writing 140716013518915 bytes to 140716013522944
[C:\GitHub\BlockyOS\tools\executable-format\exec.c:176:WriteSection]	Writing 953
[C:\GitHub\BlockyOS\tools\executable-format\exec.c:176:WriteSection]	Writing 4096 to 164912Initializing CGCC.MAKE build process...
Skipping C:\GitHub\BlockyOS\src\kernel\libcrt\hardware\RNG\RNG.asm - up to date; source=2026-09-02T19:29:50.4588980Z, stored=09/02/2026 19:29:50
Skipping C:\GitHub\BlockyOS\src\kernel\libcrt\hardware\RNG\RNG.c - up to date; source=2026-09-01T19:51:35.2375749Z, stored=09/01/2026 19:51:35
Skipping C:\GitHub\BlockyOS\src\kernel\libcrt\hardware\GDT\GDT.asm - up to date; source=2026-09-02T19:29:50.4759038Z, stored=09/02/2026 19:29:50
Skipping C:\GitHub\BlockyOS\src\kernel\libcrt\hardware\GDT\GDT.c - up to date; source=2026-08-31T20:29:21.6186178Z, stored=08/31/2026 20:29:21
Skipping C:\GitHub\BlockyOS\src\kernel\libcrt\hardware\paging\paging.asm - up to date; source=2026-09-02T19:29:50.4619061Z, stored=09/02/2026 19:29:50
Skipping C:\GitHub\BlockyOS\src\kernel\libcrt\hardware\paging\paging.c - up to date; source=2026-09-01T20:10:14.1486119Z, stored=09/01/2026 20:10:14
Skipping C:\GitHub\BlockyOS\src\kernel\libcrt\hardware\SSE\SSE.asm - up to date; source=2026-09-02T19:29:50.4759038Z, stored=09/02/2026 19:29:50
Skipping C:\GitHub\BlockyOS\src\kernel\libcrt\hardware\SSE\SSE.c - up to date; source=2026-09-01T15:31:49.0191638Z, stored=09/01/2026 15:31:49
Skipping C:\GitHub\BlockyOS\src\kernel\libcrt\memory\memory.c - up to date; source=2026-09-01T14:27:41.5007315Z, stored=09/01/2026 14:27:41
Skipping C:\GitHub\BlockyOS\src\kernel\libcrt\memory\string.c - up to date; source=2026-08-31T17:22:17.0368394Z, stored=08/31/2026 17:22:17
Skipping C:\GitHub\BlockyOS\src\kernel\libcrt\hardware\paging\palloc.c - up to date; source=2026-09-01T20:10:14.1506184Z, stored=09/01/2026 20:10:14
Skipping C:\GitHub\BlockyOS\src\kernel\libcrt\memory\allocator\palloc.c - up to date; source=2026-09-02T18:08:03.4509785Z, stored=09/02/2026 18:08:03
Skipping C:\GitHub\BlockyOS\src\kernel\libcrt\memory\allocator\mmalloc.c - up to date; source=2026-09-01T00:47:09.6602809Z, stored=09/01/2026 00:47:09
Skipping C:\GitHub\BlockyOS\src\kernel\libcrt\math\math.c - up to date; source=2026-09-02T20:24:18.8720404Z, stored=09/02/2026 20:24:18
Skipping C:\GitHub\BlockyOS\src\kernel\libcrt\hardware\IO\IO.asm - up to date; source=2026-09-02T19:29:50.4759038Z, stored=09/02/2026 19:29:50
Skipping C:\GitHub\BlockyOS\src\kernel\libcrt\hardware\IDT\IDT.asm - up to date; source=2026-09-02T19:29:50.4759038Z, stored=09/02/2026 19:29:50
Skipping C:\GitHub\BlockyOS\src\kernel\libcrt\hardware\IDT\ISR.asm - up to date; source=2026-09-02T19:08:06.2288527Z, stored=09/02/2026 19:08:06
Skipping C:\GitHub\BlockyOS\src\kernel\libcrt\hardware\IDT\ISR.c - up to date; source=2026-09-02T18:48:44.0968136Z, stored=09/02/2026 18:48:44
Skipping C:\GitHub\BlockyOS\src\kernel\libcrt\hardware\ACPI\ACPI.c - up to date; source=2026-08-31T20:25:27.3210120Z, stored=08/31/2026 20:25:27
Skipping C:\GitHub\BlockyOS\src\kernel\libcrt\hardware\IDT\APIC\APIC.c - up to date; source=2026-08-31T17:22:17.1088393Z, stored=08/31/2026 17:22:17
Skipping C:\GitHub\BlockyOS\src\kernel\libcrt\hardware\IDT\APIC\IOAPIC.c - up to date; source=2026-08-31T23:06:36.2138524Z, stored=08/31/2026 23:06:36
Skipping C:\GitHub\BlockyOS\src\kernel\libcrt\hardware\IDT\APIC\LocalAPIC.c - up to date; source=2026-09-01T14:06:58.1209403Z, stored=09/01/2026 14:06:58
Skipping C:\GitHub\BlockyOS\src\kernel\libcrt\hardware\IDT\APIC\LocalAPICTimer.c - up to date; source=2026-09-01T19:52:35.3774846Z, stored=09/01/2026 19:52:35
Skipping C:\GitHub\BlockyOS\src\kernel\libcrt\hardware\hardware.c - up to date; source=2026-09-01T16:46:09.0571163Z, stored=09/01/2026 16:46:09
Skipping C:\GitHub\BlockyOS\src\kernel\libcrt\BLAKE2\blake2b-ref.c - up to date; source=2026-08-31T20:05:16.6578387Z, stored=08/31/2026 20:05:16
Skipping C:\GitHub\BlockyOS\src\kernel\libcrt\BLAKE2\blake2bp-ref.c - up to date; source=2026-08-31T20:05:20.6816175Z, stored=08/31/2026 20:05:20
Skipping C:\GitHub\BlockyOS\src\kernel\libcrt\BLAKE2\blake2s-ref.c - up to date; source=2026-08-31T20:05:24.7027041Z, stored=08/31/2026 20:05:24
Skipping C:\GitHub\BlockyOS\src\kernel\libcrt\BLAKE2\blake2sp-ref.c - up to date; source=2026-08-31T20:05:27.6610089Z, stored=08/31/2026 20:05:27
Skipping C:\GitHub\BlockyOS\src\kernel\libcrt\BLAKE2\blake2xb-ref.c - up to date; source=2026-09-01T14:03:25.3444410Z, stored=09/01/2026 14:03:25
Skipping C:\GitHub\BlockyOS\src\kernel\libcrt\BLAKE2\blake2xs-ref.c - up to date; source=2026-08-31T17:22:17.0728377Z, stored=08/31/2026 17:22:17
Skipping C:\GitHub\BlockyOS\src\kernel\libcrt\hardware\PCIe\PCIe.c - up to date; source=2026-08-31T23:54:42.2532022Z, stored=08/31/2026 23:54:42
Skipping C:\GitHub\BlockyOS\src\kernel\libcrt\hardware\SSE\UTILS.asm - up to date; source=2026-09-01T00:20:39.1738118Z, stored=09/01/2026 00:20:39
Skipping C:\GitHub\BlockyOS\src\kernel\libcrt\alibcrt.def - up to date; source=2026-09-01T20:03:41.5382359Z, stored=09/01/2026 20:03:41
gcc C:\GitHub\BlockyOS\compile\cache\asm.RNG.o C:\GitHub\BlockyOS\compile\cache\c.RNG.o C:\GitHub\BlockyOS\compile\cache\asm.GDT.o C:\GitHub\BlockyOS\compile\cache\c.GDT.o C:\GitHub\BlockyOS\compile\cache\asm.paging.o C:\GitHub\BlockyOS\compile\cache\c.paging.o C:\GitHub\BlockyOS\compile\cache\asm.SSE.o C:\GitHub\BlockyOS\compile\cache\c.SSE.o C:\GitHub\BlockyOS\compile\cache\c.memory.o C:\GitHub\BlockyOS\compile\cache\c.string.o C:\GitHub\BlockyOS\compile\cache\c.palloc.o C:\GitHub\BlockyOS\compile\cache\c.palloc(1).o C:\GitHub\BlockyOS\compile\cache\c.mmalloc.o C:\GitHub\BlockyOS\compile\cache\c.math.o C:\GitHub\BlockyOS\compile\cache\asm.IO.o C:\GitHub\BlockyOS\compile\cache\asm.IDT.o C:\GitHub\BlockyOS\compile\cache\asm.ISR.o C:\GitHub\BlockyOS\compile\cache\c.ISR.o C:\GitHub\BlockyOS\compile\cache\c.ACPI.o C:\GitHub\BlockyOS\compile\cache\c.APIC.o C:\GitHub\BlockyOS\compile\cache\c.IOAPIC.o C:\GitHub\BlockyOS\compile\cache\c.LocalAPIC.o C:\GitHub\BlockyOS\compile\cache\c.LocalAPICTimer.o C:\GitHub\BlockyOS\compile\cache\c.hardware.o C:\GitHub\BlockyOS\compile\cache\c.blake2b-ref.o C:\GitHub\BlockyOS\compile\cache\c.blake2bp-ref.o C:\GitHub\BlockyOS\compile\cache\c.blake2s-ref.o C:\GitHub\BlockyOS\compile\cache\c.blake2sp-ref.o C:\GitHub\BlockyOS\compile\cache\c.blake2xb-ref.o C:\GitHub\BlockyOS\compile\cache\c.blake2xs-ref.o C:\GitHub\BlockyOS\compile\cache\c.PCIe.o C:\GitHub\BlockyOS\compile\cache\asm.UTILS.o C:/GitHub/BlockyOS/src/kernel/libcrt/alibcrt.def -Wl,-flinker-output=dyn -Wl,-nostdlib -Wl,--emit-relocs -Wl,-shared -Wl,-Bsymbolic -Wl,-Map,C:\GitHub\BlockyOS\src\kernel\libcrt\alibcrt.map -fdiagnostics-color=always -fno-diagnostics-show-highlight-colors -nostartfiles -nodefaultlibs -o C:/GitHub/BlockyOS/Build/Build-nodate/root-part/libcrt.dll
Build finished successfully -> C:/GitHub/BlockyOS/Build/Build-nodate/root-part/libcrt.dll


[SHELL]	PE2EXEC.MAKE
C:\GitHub\BlockyOS\tools\executable-format\exechandler.exe C:/GitHub/BlockyOS/Build/Build-nodate/root-part/libcrt.dll C:/GitHub/BlockyOS/Build/Build-nodate/root-part/libcrt.service -od -L C:/GitHub/BlockyOS/src/kernel/libcrt/alibcrt.log

[(null):629342832:DumpBeHeader]	Writing 2001454760003 bytes to 4096
[(null):629342832:DumpBeHeader]	Writing 140716013518915 bytes to 140716013522944
[(null):629342832:DumpBeHeader]	Writing 140716013518915 bytes to 140716013522944
[(null):629342832:DumpBeHeader]	Writing 140716013518915 bytes to 140716013522944
[(null):629342832:DumpBeHeader]	Writing 140716013518915 bytes to 140716013522944
[C:\GitHub\BlockyOS\tools\executable-format\exec.c:679:CreateResourceSection]
[(null):629342832:DumpBeHeader]	Writing 140716013518915 bytes to 140716013522944
[C:\GitHub\BlockyOS\tools\executable-format\exec.c:723:CreateResourceSection]
[(null):629342832:DumpBeHeader]	Writing 140716013518915 bytes to 140716013522944
[C:\GitHub\BlockyOS\tools\executable-format\exec.c:746:CreateResourceSection]
[(null):629342832:DumpBeHeader]	Writing 140716013518915 bytes to 140716013522944
[(null):629342832:DumpBeHeader]	Writing 140716013518915 bytes to 140716013522944
[C:\GitHub\BlockyOS\Build\Build-nodate\root-part\libcrt.service]
Header: {
  .Magic	17730
  .SystemSection	.rsrc
  .NSections	9
  .RawHeaderSize	4096
  .SectionTabeOffset	52
    [0]: {
      .Magic	0
      .Name	
      .Flags	(null)
      .Alignment	0
      .VirtualAddress	0
      .VirtualSize	0
      .RawPointer	0
      .RawSize	0
      {
        
        
        
        
      }
    
    [1]: {
      .Magic	5457218
      .Name	.code
      .Flags	SFExecutable SFReadable 
      .Alignment	4
      .VirtualAddress	4096
      .VirtualSize	135952
      .RawPointer	4104
      .RawSize	136192
[C:\GitHub\BlockyOS\tools\executable-format\exec.c:145:ReadSection]	Reading 136192 from 4104
      {
        b8 00 00 c1 e3 00 00 f8 
        07 b9 00 eb 01 b9 00 72 
        00 00 0f 12 00 64 0f 07 
        00 00 a2 81 00 00 c7 e2 
      }
    
    [2]: {
      .Magic	5457218
      .Name	.data
      .Flags	SFInitData SFReadable SFWritable 
      .Alignment	4
      .VirtualAddress	143360
      .VirtualSize	2240
      .RawPointer	140296
      .RawSize	2560
[C:\GitHub\BlockyOS\tools\executable-format\exec.c:145:ReadSection]	Reading 2560 from 140296
      {
        53 53 00 33 53 53 2e 53 
        53 53 53 00 45 53 31 45 
        45 45 53 53 33 45 00 34 
        00 32 45 53 00 34 53 2e 
      }
    
    [3]: {
      .Magic	5457218
      .Name	.rodata
      .Flags	SFInitData SFReadable 
      .Alignment	4
      .VirtualAddress	147456
      .VirtualSize	5536
      .RawPointer	142856
      .RawSize	5632
[C:\GitHub\BlockyOS\tools\executable-format\exec.c:145:ReadSection]	Reading 5632 from 142856
      {
        10 01 2c 01 48 01 64 01 
        f0 00 f3 00 f6 00 f9 00 
        01 00 01 00 01 00 01 00 
        80 00 80 00 80 00 80 00 
      }
    
    [4]: {
      .Magic	5457218
      .Name	.RelS
      .Flags	SFInitData SFReadable 
      .Alignment	4
      .VirtualAddress	0
      .VirtualSize	2696
      .RawPointer	148488
      .RawSize	2696
[C:\GitHub\BlockyOS\tools\executable-format\exec.c:145:ReadSection]	Reading 2696 from 148488
      Header: {
        .DirectoryTable	148508
        .UnusedBytes	150672
        .NRelocationDirectories	2001454759941
        [0]: {
          .BaseAddress	12288
          .DirectorySize	76(16 Entries)
             [0]: {
            .Type	BRET64
            .Offset	1626(0x365A)
          } [1]: {
            .Type	BRET64
            .Offset	1650(0x3672)
          } [2]: {
            .Type	BRET64
            .Offset	1674(0x368A)
          } [3]: {
            .Type	BRET64
            .Offset	1698(0x36A2)
          } [4]: {
            .Type	BRET64
            .Offset	1722(0x36BA)
          } [5]: {
            .Type	BRET64
            .Offset	1746(0x36D2)
          } [6]: {
            .Type	BRET64
            .Offset	1770(0x36EA)
          } [7]: {
            .Type	BRET64
            .Offset	1794(0x3702)
          }
        }
        [1]: {
          .BaseAddress	143360
          .DirectorySize	1004(248 Entries)
             [0]: {
            .Type	BRET64
            .Offset	192(0x230C0)
          } [1]: {
            .Type	BRET64
            .Offset	200(0x230C8)
          } [2]: {
            .Type	BRET64
            .Offset	208(0x230D0)
          } [3]: {
            .Type	BRET64
            .Offset	216(0x230D8)
          } [4]: {
            .Type	BRET64
            .Offset	224(0x230E0)
          } [5]: {
            .Type	BRET64
            .Offset	232(0x230E8)
          } [6]: {
            .Type	BRET64
            .Offset	240(0x230F0)
          } [7]: {
            .Type	BRET64
            .Offset	248(0x230F8)
          }
        }
        [2]: {
          .BaseAddress	147456
          .DirectorySize	1044(258 Entries)
             [0]: {
            .Type	BRET64
            .Offset	0(0x24000)
          } [1]: {
            .Type	BRET64
            .Offset	8(0x24008)
          } [2]: {
            .Type	BRET64
            .Offset	16(0x24010)
          } [3]: {
            .Type	BRET64
            .Offset	24(0x24018)
          } [4]: {
            .Type	BRET64
            .Offset	32(0x24020)
          } [5]: {
            .Type	BRET64
            .Offset	40(0x24028)
          } [6]: {
            .Type	BRET64
            .Offset	48(0x24030)
          } [7]: {
            .Type	BRET64
            .Offset	56(0x24038)
          }
        }
        [3]: {
          .BaseAddress	151552
          .DirectorySize	28(4 Entries)
             [0]: {
            .Type	BRET64
            .Offset	160(0x250A0)
          } [1]: {
            .Type	BRET64
            .Offset	192(0x250C0)
          } [2]: {
            .Type	BRET64
            .Offset	208(0x250D0)
          } [3]: {
            .Type	BRET64
            .Offset	224(0x250E0)
          }
        }
        [4]: {
          .BaseAddress	0
          .DirectorySize	12(0 Entries)
            
        }
      }
    
    [5]: {
      .Magic	5457218
      .Name	.ImportIn
      .Flags	SFInitData SFReadable 
      .Alignment	4
      .VirtualAddress	0
      .VirtualSize	0
      .RawPointer	151184
      .RawSize	20
[C:\GitHub\BlockyOS\tools\executable-format\exec.c:145:ReadSection]	Reading 20 from 151184
      Header: {
        .NDlls	0
        .DllImportPathTableRVO	151204
        .DllImportTableRVO	151204
      }
    
    [6]: {
      .Magic	5457218
      .Name	.ExportOut
      .Flags	SFInitData SFReadable 
      .Alignment	4
      .VirtualAddress	0
      .VirtualSize	0
      .RawPointer	151204
      .RawSize	4172
[C:\GitHub\BlockyOS\tools\executable-format\exec.c:145:ReadSection]	Reading 4172 from 151204
      Header: {
        .NExported	92
        .ExportTableRVO	151228
        .ExportNameRVO	154172
        .NExportAddresses	92[C:\GitHub\BlockyOS\tools\executable-format\exechandler.exe|-1073741819]
 [C:\GitHub\BlockyOS\tools\executable-format\exec.c:177:WriteSection]	Writing 136192 to 4104 [C:\GitHub\BlockyOS\tools\executable-format\exec.c:177:WriteSection]	Writing 2560 to 140296 [C:\GitHub\BlockyOS\tools\executable-format\exec.c:177:WriteSection]	Writing 5632 to 142856 [C:\GitHub\BlockyOS\tools\executable-format\exec.c:177:WriteSection]	Writing 2696 to 148488 [C:\GitHub\BlockyOS\tools\executable-format\exec.c:177:WriteSection]	Writing 2696 to 148488 [C:\GitHub\BlockyOS\tools\executable-format\exec.c:681:CreateResourceSection] [C:\GitHub\BlockyOS\tools\executable-format\exec.c:177:WriteSection]	Writing 20 to 151184 [C:\GitHub\BlockyOS\tools\executable-format\exec.c:725:CreateResourceSection] [C:\GitHub\BlockyOS\tools\executable-format\exec.c:177:WriteSection]	Writing 20 to 151184 [C:\GitHub\BlockyOS\tools\executable-format\exec.c:177:WriteSection]	Writing 4172 to 151204 [C:\GitHub\BlockyOS\tools\executable-format\exec.c:177:WriteSection]	Writing 4172 to 151204 [C:\GitHub\BlockyOS\tools\executable-format\exec.c:748:CreateResourceSection] [C:\GitHub\BlockyOS\tools\executable-format\exec.c:177:WriteSection]	Writing 9536 to 155376 [C:\GitHub\BlockyOS\tools\executable-format\exec.c:177:WriteSection]	Writing 4096 to 164912 [C:\GitHub\BlockyOS\Build\Build-nodate\root-part\libcrt.service] Header: {   .Magic	17730   .SystemSection	.rsrc   .NSections	9   .RawHeaderSize	4096   .SectionTabeOffset	52     [0]: {       .Magic	0       .Name	       .Flags	(null)       .Alignment	0       .VirtualAddress	0       .VirtualSize	0       .RawPointer	0       .RawSize	0       {                                           }          [1]: {       .Magic	5457218       .Name	.code       .Flags	SFExecutable SFReadable        .Alignment	2001454759940       .VirtualAddress	4096       .VirtualSize	135952       .RawPointer	4104       .RawSize	136192 [C:\GitHub\BlockyOS\tools\executable-format\exec.c:147:ReadSection]	Reading 136192 from 4104       {         b8 00 00 c1 e3 00 00 f8          07 b9 00 eb 01 b9 00 72          00 00 0f 12 00 64 0f 07          00 00 a2 81 00 00 c7 e2        }          [2]: {       .Magic	5457218       .Name	.data       .Flags	SFInitData SFReadable SFWritable        .Alignment	2001454759940       .VirtualAddress	143360       .VirtualSize	2240       .RawPointer	140296       .RawSize	2560 [C:\GitHub\BlockyOS\tools\executable-format\exec.c:147:ReadSection]	Reading 2560 from 140296       {         53 53 00 33 53 53 2e 53          53 53 53 00 45 53 31 45          45 45 53 53 33 45 00 34          00 32 45 53 00 34 53 2e        }          [3]: {       .Magic	5457218       .Name	.rodata       .Flags	SFInitData SFReadable        .Alignment	2001454759940       .VirtualAddress	147456       .VirtualSize	5536       .RawPointer	142856       .RawSize	5632 [C:\GitHub\BlockyOS\tools\executable-format\exec.c:147:ReadSection]	Reading 5632 from 142856       {         10 01 2c 01 48 01 64 01          f0 00 f3 00 f6 00 f9 00          01 00 01 00 01 00 01 00          80 00 80 00 80 00 80 00        }          [4]: {       .Magic	5457218       .Name	.RelS       .Flags	SFInitData SFReadable        .Alignment	2001454759940       .VirtualAddress	0       .VirtualSize	2696       .RawPointer	148488       .RawSize	2696 [C:\GitHub\BlockyOS\tools\executable-format\exec.c:147:ReadSection]	Reading 2696 from 148488       Header: {         .DirectoryTable	148508         .UnusedBytes	150672         .NRelocationDirectories	5         [0]: {           .BaseAddress	12288           .DirectorySize	76(16 Entries)              [0]: {             .Type	BRET64             .Offset	1626(0x365A)           } [1]: {             .Type	BRET64             .Offset	1650(0x3672)           } [2]: {             .Type	BRET64             .Offset	1674(0x368A)           } [3]: {             .Type	BRET64             .Offset	1698(0x36A2)           } [4]: {             .Type	BRET64             .Offset	1722(0x36BA)           } [5]: {             .Type	BRET64             .Offset	1746(0x36D2)           } [6]: {             .Type	BRET64             .Offset	1770(0x36EA)           } [7]: {          
[SHELL]	FSFRAT.OPEN
[SHELL]	FSFRAT.MOUNT
[SHELL OUT]: FSFRAT DRIVER
[SHELL OUT]:     Version: [0:524288]
[SHELL OUT]:     Sig: 
[SHELL OUT]:     Configured Log Sectors: 2
[SHELL OUT]:     Configured Block Size: 0
[SHELL OUT]:     Configured Cluster-Map Size: 16711743
[SHELL OUT]: FS-Root Blob:
[SHELL OUT]:     Version: [1:0]
[SHELL OUT]:     Sig: FRAT_FILESYSTEM
[SHELL OUT]:     Configured Log Sectors: 5
[SHELL OUT]:     Configured Block Size: 512
[SHELL OUT]: >> 
[SHELL OUT]: >> 
[SHELL OUT]: >> 
[SHELL OUT]: FS-Root Blob:
Initializing CGCC.MAKE build process...
Skipping C:\GitHub\BlockyOS\src\kernel\libcrt\hardware\RNG\RNG.asm - up to date; source=2026-09-02T19:29:50.4588980Z, stored=09/02/2026 19:29:50
Skipping C:\GitHub\BlockyOS\src\kernel\libcrt\hardware\RNG\RNG.c - up to date; source=2026-09-01T19:51:35.2375749Z, stored=09/01/2026 19:51:35
Skipping C:\GitHub\BlockyOS\src\kernel\libcrt\hardware\GDT\GDT.asm - up to date; source=2026-09-02T19:29:50.4759038Z, stored=09/02/2026 19:29:50
Skipping C:\GitHub\BlockyOS\src\kernel\libcrt\hardware\GDT\GDT.c - up to date; source=2026-08-31T20:29:21.6186178Z, stored=08/31/2026 20:29:21
Skipping C:\GitHub\BlockyOS\src\kernel\libcrt\hardware\paging\paging.asm - up to date; source=2026-09-02T19:29:50.4619061Z, stored=09/02/2026 19:29:50
Skipping C:\GitHub\BlockyOS\src\kernel\libcrt\hardware\paging\paging.c - up to date; source=2026-09-01T20:10:14.1486119Z, stored=09/01/2026 20:10:14
Skipping C:\GitHub\BlockyOS\src\kernel\libcrt\hardware\SSE\SSE.asm - up to date; source=2026-09-02T19:29:50.4759038Z, stored=09/02/2026 19:29:50
Skipping C:\GitHub\BlockyOS\src\kernel\libcrt\hardware\SSE\SSE.c - up to date; source=2026-09-01T15:31:49.0191638Z, stored=09/01/2026 15:31:49
Skipping C:\GitHub\BlockyOS\src\kernel\libcrt\memory\memory.c - up to date; source=2026-09-01T14:27:41.5007315Z, stored=09/01/2026 14:27:41
Skipping C:\GitHub\BlockyOS\src\kernel\libcrt\memory\string.c - up to date; source=2026-08-31T17:22:17.0368394Z, stored=08/31/2026 17:22:17
Skipping C:\GitHub\BlockyOS\src\kernel\libcrt\hardware\paging\palloc.c - up to date; source=2026-09-01T20:10:14.1506184Z, stored=09/01/2026 20:10:14
Skipping C:\GitHub\BlockyOS\src\kernel\libcrt\memory\allocator\palloc.c - up to date; source=2026-09-02T18:08:03.4509785Z, stored=09/02/2026 18:08:03
Skipping C:\GitHub\BlockyOS\src\kernel\libcrt\memory\allocator\mmalloc.c - up to date; source=2026-09-01T00:47:09.6602809Z, stored=09/01/2026 00:47:09
Skipping C:\GitHub\BlockyOS\src\kernel\libcrt\math\math.c - up to date; source=2026-09-02T20:24:18.8720404Z, stored=09/02/2026 20:24:18
Skipping C:\GitHub\BlockyOS\src\kernel\libcrt\hardware\IO\IO.asm - up to date; source=2026-09-02T19:29:50.4759038Z, stored=09/02/2026 19:29:50
Skipping C:\GitHub\BlockyOS\src\kernel\libcrt\hardware\IDT\IDT.asm - up to date; source=2026-09-02T19:29:50.4759038Z, stored=09/02/2026 19:29:50
Skipping C:\GitHub\BlockyOS\src\kernel\libcrt\hardware\IDT\ISR.asm - up to date; source=2026-09-02T19:08:06.2288527Z, stored=09/02/2026 19:08:06
Skipping C:\GitHub\BlockyOS\src\kernel\libcrt\hardware\IDT\ISR.c - up to date; source=2026-09-02T18:48:44.0968136Z, stored=09/02/2026 18:48:44
Skipping C:\GitHub\BlockyOS\src\kernel\libcrt\hardware\ACPI\ACPI.c - up to date; source=2026-08-31T20:25:27.3210120Z, stored=08/31/2026 20:25:27
Skipping C:\GitHub\BlockyOS\src\kernel\libcrt\hardware\IDT\APIC\APIC.c - up to date; source=2026-08-31T17:22:17.1088393Z, stored=08/31/2026 17:22:17
Skipping C:\GitHub\BlockyOS\src\kernel\libcrt\hardware\IDT\APIC\IOAPIC.c - up to date; source=2026-08-31T23:06:36.2138524Z, stored=08/31/2026 23:06:36
Skipping C:\GitHub\BlockyOS\src\kernel\libcrt\hardware\IDT\APIC\LocalAPIC.c - up to date; source=2026-09-01T14:06:58.1209403Z, stored=09/01/2026 14:06:58
Skipping C:\GitHub\BlockyOS\src\kernel\libcrt\hardware\IDT\APIC\LocalAPICTimer.c - up to date; source=2026-09-01T19:52:35.3774846Z, stored=09/01/2026 19:52:35
Skipping C:\GitHub\BlockyOS\src\kernel\libcrt\hardware\hardware.c - up to date; source=2026-09-01T16:46:09.0571163Z, stored=09/01/2026 16:46:09
Skipping C:\GitHub\BlockyOS\src\kernel\libcrt\BLAKE2\blake2b-ref.c - up to date; source=2026-08-31T20:05:16.6578387Z, stored=08/31/2026 20:05:16
Skipping C:\GitHub\BlockyOS\src\kernel\libcrt\BLAKE2\blake2bp-ref.c - up to date; source=2026-08-31T20:05:20.6816175Z, stored=08/31/2026 20:05:20
Skipping C:\GitHub\BlockyOS\src\kernel\libcrt\BLAKE2\blake2s-ref.c - up to date; source=2026-08-31T20:05:24.7027041Z, stored=08/31/2026 20:05:24
Skipping C:\GitHub\BlockyOS\src\kernel\libcrt\BLAKE2\blake2sp-ref.c - up to date; source=2026-08-31T20:05:27.6610089Z, stored=08/31/2026 20:05:27
Skipping C:\GitHub\BlockyOS\src\kernel\libcrt\BLAKE2\blake2xb-ref.c - up to date; source=2026-09-01T14:03:25.3444410Z, stored=09/01/2026 14:03:25
Skipping C:\GitHub\BlockyOS\src\kernel\libcrt\BLAKE2\blake2xs-ref.c - up to date; source=2026-08-31T17:22:17.0728377Z, stored=08/31/2026 17:22:17
Skipping C:\GitHub\BlockyOS\src\kernel\libcrt\hardware\PCIe\PCIe.c - up to date; source=2026-08-31T23:54:42.2532022Z, stored=08/31/2026 23:54:42
Skipping C:\GitHub\BlockyOS\src\kernel\libcrt\hardware\SSE\UTILS.asm - up to date; source=2026-09-01T00:20:39.1738118Z, stored=09/01/2026 00:20:39
Skipping C:\GitHub\BlockyOS\src\kernel\libcrt\alibcrt.def - up to date; source=2026-09-01T20:03:41.5382359Z, stored=09/01/2026 20:03:41
gcc C:\GitHub\BlockyOS\compile\cache\asm.RNG.o C:\GitHub\BlockyOS\compile\cache\c.RNG.o C:\GitHub\BlockyOS\compile\cache\asm.GDT.o C:\GitHub\BlockyOS\compile\cache\c.GDT.o C:\GitHub\BlockyOS\compile\cache\asm.paging.o C:\GitHub\BlockyOS\compile\cache\c.paging.o C:\GitHub\BlockyOS\compile\cache\asm.SSE.o C:\GitHub\BlockyOS\compile\cache\c.SSE.o C:\GitHub\BlockyOS\compile\cache\c.memory.o C:\GitHub\BlockyOS\compile\cache\c.string.o C:\GitHub\BlockyOS\compile\cache\c.palloc.o C:\GitHub\BlockyOS\compile\cache\c.palloc(1).o C:\GitHub\BlockyOS\compile\cache\c.mmalloc.o C:\GitHub\BlockyOS\compile\cache\c.math.o C:\GitHub\BlockyOS\compile\cache\asm.IO.o C:\GitHub\BlockyOS\compile\cache\asm.IDT.o C:\GitHub\BlockyOS\compile\cache\asm.ISR.o C:\GitHub\BlockyOS\compile\cache\c.ISR.o C:\GitHub\BlockyOS\compile\cache\c.ACPI.o C:\GitHub\BlockyOS\compile\cache\c.APIC.o C:\GitHub\BlockyOS\compile\cache\c.IOAPIC.o C:\GitHub\BlockyOS\compile\cache\c.LocalAPIC.o C:\GitHub\BlockyOS\compile\cache\c.LocalAPICTimer.o C:\GitHub\BlockyOS\compile\cache\c.hardware.o C:\GitHub\BlockyOS\compile\cache\c.blake2b-ref.o C:\GitHub\BlockyOS\compile\cache\c.blake2bp-ref.o C:\GitHub\BlockyOS\compile\cache\c.blake2s-ref.o C:\GitHub\BlockyOS\compile\cache\c.blake2sp-ref.o C:\GitHub\BlockyOS\compile\cache\c.blake2xb-ref.o C:\GitHub\BlockyOS\compile\cache\c.blake2xs-ref.o C:\GitHub\BlockyOS\compile\cache\c.PCIe.o C:\GitHub\BlockyOS\compile\cache\asm.UTILS.o C:/GitHub/BlockyOS/src/kernel/libcrt/alibcrt.def -Wl,-flinker-output=dyn -Wl,-nostdlib -Wl,--emit-relocs -Wl,-shared -Wl,-Bsymbolic -Wl,-Map,C:\GitHub\BlockyOS\src\kernel\libcrt\alibcrt.map -fdiagnostics-color=always -fno-diagnostics-show-highlight-colors -nostartfiles -nodefaultlibs -o C:/GitHub/BlockyOS/Build/Build-nodate/root-part/libcrt.dll
Build finished successfully -> C:/GitHub/BlockyOS/Build/Build-nodate/root-part/libcrt.dll


[SHELL]	PE2EXEC.MAKE
C:\GitHub\BlockyOS\tools\executable-format\exechandler.exe C:/GitHub/BlockyOS/Build/Build-nodate/root-part/libcrt.dll C:/GitHub/BlockyOS/Build/Build-nodate/root-part/libcrt.service -od -L C:/GitHub/BlockyOS/src/kernel/libcrt/alibcrt.log

[(null):2522546800:DumpBeHeader]	Writing 1610612736067 bytes to 4096
[(null):2522546800:DumpBeHeader]	Writing 140716013518915 bytes to 140716013522944
[(null):2522546800:DumpBeHeader]	Writing 140716013518915 bytes to 140716013522944
[(null):2522546800:DumpBeHeader]	Writing 140716013518915 bytes to 140716013522944
[(null):2522546800:DumpBeHeader]	Writing 140716013518915 bytes to 140716013522944
[C:\GitHub\BlockyOS\tools\executable-format\exec.c:679:CreateResourceSection]
[(null):2522546800:DumpBeHeader]	Writing 140716013518915 bytes to 140716013522944
[C:\GitHub\BlockyOS\tools\executable-format\exec.c:723:CreateResourceSection]
[(null):2522546800:DumpBeHeader]	Writing 140716013518915 bytes to 140716013522944
[C:\GitHub\BlockyOS\tools\executable-format\exec.c:746:CreateResourceSection]
[(null):2522546800:DumpBeHeader]	Writing 140716013518915 bytes to 140716013522944
[(null):2522546800:DumpBeHeader]	Writing 140716013518915 bytes to 140716013522944
[C:\GitHub\BlockyOS\Build\Build-nodate\root-part\libcrt.service]
Header: {
  .Magic	17730
  .SystemSection	.rsrc
  .NSections	9
  .RawHeaderSize	4096
  .SectionTabeOffset	52
    [0]: {
      .Magic	0
      .Name	
      .Flags	(null)
      .Alignment	0
      .VirtualAddress	0
      .VirtualSize	0
      .RawPointer	0
      .RawSize	0
      {
        
        
        
        
      }
    
    [1]: {
      .Magic	5457218
      .Name	.code
      .Flags	SFExecutable SFReadable 
      .Alignment	4
      .VirtualAddress	4096
      .VirtualSize	135952
      .RawPointer	4104
      .RawSize	136192
[C:\GitHub\BlockyOS\tools\executable-format\exec.c:145:ReadSection]	Reading 136192 from 4104
      {
        b8 00 00 c1 e3 00 00 f8 
        07 b9 00 eb 01 b9 00 72 
        00 00 0f 12 00 64 0f 07 
        00 00 a2 81 00 00 c7 e2 
      }
    
    [2]: {
      .Magic	5457218
      .Name	.data
      .Flags	SFInitData SFReadable SFWritable 
      .Alignment	4
      .VirtualAddress	143360
      .VirtualSize	2240
      .RawPointer	140296
      .RawSize	2560
[C:\GitHub\BlockyOS\tools\executable-format\exec.c:145:ReadSection]	Reading 2560 from 140296
      {
        53 53 00 33 53 53 2e 53 
        53 53 53 00 45 53 31 45 
        45 45 53 53 33 45 00 34 
        00 32 45 53 00 34 53 2e 
      }
    
    [3]: {
      .Magic	5457218
      .Name	.rodata
      .Flags	SFInitData SFReadable 
      .Alignment	4
      .VirtualAddress	147456
      .VirtualSize	5536
      .RawPointer	142856
      .RawSize	5632
[C:\GitHub\BlockyOS\tools\executable-format\exec.c:145:ReadSection]	Reading 5632 from 142856
      {
        10 01 2c 01 48 01 64 01 
        f0 00 f3 00 f6 00 f9 00 
        01 00 01 00 01 00 01 00 
        80 00 80 00 80 00 80 00 
      }
    
    [4]: {
      .Magic	5457218
      .Name	.RelS
      .Flags	SFInitData SFReadable 
      .Alignment	4
      .VirtualAddress	0
      .VirtualSize	2696
      .RawPointer	148488
      .RawSize	2696
[C:\GitHub\BlockyOS\tools\executable-format\exec.c:145:ReadSection]	Reading 2696 from 148488
      Header: {
        .DirectoryTable	148508
        .UnusedBytes	150672
        .NRelocationDirectories	1610612736005
        [0]: {
          .BaseAddress	12288
          .DirectorySize	76(16 Entries)
             [0]: {
            .Type	BRET64
            .Offset	1626(0x365A)
          } [1]: {
            .Type	BRET64
            .Offset	1650(0x3672)
          } [2]: {
            .Type	BRET64
            .Offset	1674(0x368A)
          } [3]: {
            .Type	BRET64
            .Offset	1698(0x36A2)
          } [4]: {
            .Type	BRET64
            .Offset	1722(0x36BA)
          } [5]: {
            .Type	BRET64
            .Offset	1746(0x36D2)
          } [6]: {
            .Type	BRET64
            .Offset	1770(0x36EA)
          } [7]: {
            .Type	BRET64
            .Offset	1794(0x3702)
          }
        }
        [1]: {
          .BaseAddress	143360
          .DirectorySize	1004(248 Entries)
             [0]: {
            .Type	BRET64
            .Offset	192(0x230C0)
          } [1]: {
            .Type	BRET64
            .Offset	200(0x230C8)
          } [2]: {
            .Type	BRET64
            .Offset	208(0x230D0)
          } [3]: {
            .Type	BRET64
            .Offset	216(0x230D8)
          } [4]: {
            .Type	BRET64
            .Offset	224(0x230E0)
          } [5]: {
            .Type	BRET64
            .Offset	232(0x230E8)
          } [6]: {
            .Type	BRET64
            .Offset	240(0x230F0)
          } [7]: {
            .Type	BRET64
            .Offset	248(0x230F8)
          }
        }
        [2]: {
          .BaseAddress	147456
          .DirectorySize	1044(258 Entries)
             [0]: {
            .Type	BRET64
            .Offset	0(0x24000)
          } [1]: {
            .Type	BRET64
            .Offset	8(0x24008)
          } [2]: {
            .Type	BRET64
            .Offset	16(0x24010)
          } [3]: {
            .Type	BRET64
            .Offset	24(0x24018)
          } [4]: {
            .Type	BRET64
            .Offset	32(0x24020)
          } [5]: {
            .Type	BRET64
            .Offset	40(0x24028)
          } [6]: {
            .Type	BRET64
            .Offset	48(0x24030)
          } [7]: {
            .Type	BRET64
            .Offset	56(0x24038)
          }
        }
        [3]: {
          .BaseAddress	151552
          .DirectorySize	28(4 Entries)
             [0]: {
            .Type	BRET64
            .Offset	160(0x250A0)
          } [1]: {
            .Type	BRET64
            .Offset	192(0x250C0)
          } [2]: {
            .Type	BRET64
            .Offset	208(0x250D0)
          } [3]: {
            .Type	BRET64
            .Offset	224(0x250E0)
          }
        }
        [4]: {
          .BaseAddress	0
          .DirectorySize	12(0 Entries)
            
        }
      }
    
    [5]: {
      .Magic	5457218
      .Name	.ImportIn
      .Flags	SFInitData SFReadable 
      .Alignment	4
      .VirtualAddress	0
      .VirtualSize	0
      .RawPointer	151184
      .RawSize	20
[C:\GitHub\BlockyOS\tools\executable-format\exec.c:145:ReadSection]	Reading 20 from 151184
      Header: {
        .NDlls	0
        .DllImportPathTableRVO	151204
        .DllImportTableRVO	151204
      }
    
    [6]: {
      .Magic	5457218
      .Name	.ExportOut
      .Flags	SFInitData SFReadable 
      .Alignment	4
      .VirtualAddress	0
      .VirtualSize	0
      .RawPointer	151204
      .RawSize	4172
[C:\GitHub\BlockyOS\tools\executable-format\exec.c:145:ReadSection]	Reading 4172 from 151204
      Header: {
        .NExported	92
        .ExportTableRVO	151228
        .ExportNameRVO	154172
        .NExportAddresses	92[C:\GitHub\BlockyOS\tools\executable-format\exechandler.exe|-1073741819]

[C:\GitHub\BlockyOS\tools\executable-format\exec.c:177:WriteSection]	Writing 136192 to 4104
[C:\GitHub\BlockyOS\tools\executable-format\exec.c:177:WriteSection]	Writing 2560 to 140296
[C:\GitHub\BlockyOS\tools\executable-format\exec.c:177:WriteSection]	Writing 5632 to 142856
[C:\GitHub\BlockyOS\tools\executable-format\exec.c:177:WriteSection]	Writing 2696 to 148488
[C:\GitHub\BlockyOS\tools\executable-format\exec.c:177:WriteSection]	Writing 2696 to 148488
[C:\GitHub\BlockyOS\tools\executable-format\exec.c:681:CreateResourceSection]
[C:\GitHub\BlockyOS\tools\executable-format\exec.c:177:WriteSection]	Writing 20 to 151184
[C:\GitHub\BlockyOS\tools\executable-format\exec.c:725:CreateResourceSection]
[C:\GitHub\BlockyOS\tools\executable-format\exec.c:177:WriteSection]	Writing 20 to 151184
[C:\GitHub\BlockyOS\tools\executable-format\exec.c:177:WriteSection]	Writing 4172 to 151204
[C:\GitHub\BlockyOS\tools\executable-format\exec.c:177:WriteSection]	Writing 4172 to 151204
[C:\GitHub\BlockyOS\tools\executable-format\exec.c:748:CreateResourceSection]
[C:\GitHub\BlockyOS\tools\executable-format\exec.c:177:WriteSection]	Writing 9536 to 155376
[C:\GitHub\BlockyOS\tools\executable-format\exec.c:177:WriteSection]	Writing 4096 to 164912
[C:\GitHub\BlockyOS\Build\Build-nodate\root-part\libcrt.service]
Header: {
  .Magic	17730
  .SystemSection	.rsrc
  .NSections	9
  .RawHeaderSize	4096
  .SectionTabeOffset	52
    [0]: {
      .Magic	0
      .Name	
      .Flags	(null)
      .Alignment	0
      .VirtualAddress	0
      .VirtualSize	0
      .RawPointer	0
      .RawSize	0
      {
        
        
        
        
      }
    
    [1]: {
      .Magic	5457218
      .Name	.code
      .Flags	SFExecutable SFReadable 
      .Alignment	1610612736004
      .VirtualAddress	4096
      .VirtualSize	135952
      .RawPointer	4104
      .RawSize	136192
[C:\GitHub\BlockyOS\tools\executable-format\exec.c:147:ReadSection]	Reading 136192 from 4104
      {
        b8 00 00 c1 e3 00 00 f8 
        07 b9 00 eb 01 b9 00 72 
        00 00 0f 12 00 64 0f 07 
        00 00 a2 81 00 00 c7 e2 
      }
    
    [2]: {
      .Magic	5457218
      .Name	.data
      .Flags	SFInitData SFReadable SFWritable 
      .Alignment	1610612736004
      .VirtualAddress	143360
      .VirtualSize	2240
      .RawPointer	140296
      .RawSize	2560
[C:\GitHub\BlockyOS\tools\executable-format\exec.c:147:ReadSection]	Reading 2560 from 140296
      {
        53 53 00 33 53 53 2e 53 
        53 53 53 00 45 53 31 45 
        45 45 53 53 33 45 00 34 
        00 32 45 53 00 34 53 2e 
      }
    
    [3]: {
      .Magic	5457218
      .Name	.rodata
      .Flags	SFInitData SFReadable 
      .Alignment	1610612736004
      .VirtualAddress	147456
      .VirtualSize	5536
      .RawPointer	142856
      .RawSize	5632
[C:\GitHub\BlockyOS\tools\executable-format\exec.c:147:ReadSection]	Reading 5632 from 142856
      {
        10 01 2c 01 48 01 64 01 
        f0 00 f3 00 f6 00 f9 00 
        01 00 01 00 01 00 01 00 
        80 00 80 00 80 00 80 00 
      }
    
    [4]: {
      .Magic	5457218
      .Name	.RelS
      .Flags	SFInitData SFReadable 
      .Alignment	1610612736004
      .VirtualAddress	0
      .VirtualSize	2696
      .RawPointer	148488
      .RawSize	2696
[C:\GitHub\BlockyOS\tools\executable-format\exec.c:147:ReadSection]	Reading 2696 from 148488
      Header: {
        .DirectoryTable	148508
        .UnusedBytes	150672
        .NRelocationDirectories	5
        [0]: {
          .BaseAddress	12288
          .DirectorySize	76(16 Entries)
             [0]: {
            .Type	BRET64
            .Offset	1626(0x365A)
          } [1]: {
            .Type	BRET64
            .Offset	1650(0x3672)
          } [2]: {
            .Type	BRET64
            .Offset	1674(0x368A)
          } [3]: {
            .Type	BRET64
            .Offset	1698(0x36A2)
          } [4]: {
            .Type	BRET64
            .Offset	1722(0x36BA)
          } [5]: {
            .Type	BRET64
            .Offset	1746(0x36D2)
          } [6]: {
            .Type	BRET64
            .Offset	1770(0x36EA)
          } [7]: {
         
[SHELL]	FSFRAT.OPEN
[SHELL OUT]: FSFRAT DRIVER
[SHELL]	FSFRAT.MOUNT
[SHELL OUT]: >> 
[SHELL OUT]: FS-Root Blob:
[SHELL OUT]:     Version: [0:524288]
[SHELL OUT]:     Sig: 
[SHELL OUT]:     Configured Log Sectors: 2
[SHELL OUT]:     Configured Block Size: 0
[SHELL OUT]:     Configured Cluster-Map Size: 16711743
[SHELL OUT]: FS-Root Blob:
[SHELL OUT]:     Version: [1:0]
[SHELL OUT]:     Sig: FRAT_FILESYSTEM
[SHELL OUT]:     Configured Log Sectors: 5
[SHELL OUT]:     Configured Block Size: 512
[SHELL OUT]: >> 
[SHELL OUT]: >> 
Initializing CGCC.MAKE build process...
Skipping C:\GitHub\BlockyOS\src\kernel\libcrt\hardware\RNG\RNG.asm - up to date; source=2026-09-02T19:29:50.4588980Z, stored=09/02/2026 19:29:50
Skipping C:\GitHub\BlockyOS\src\kernel\libcrt\hardware\RNG\RNG.c - up to date; source=2026-09-01T19:51:35.2375749Z, stored=09/01/2026 19:51:35
Skipping C:\GitHub\BlockyOS\src\kernel\libcrt\hardware\GDT\GDT.asm - up to date; source=2026-09-02T19:29:50.4759038Z, stored=09/02/2026 19:29:50
Skipping C:\GitHub\BlockyOS\src\kernel\libcrt\hardware\GDT\GDT.c - up to date; source=2026-08-31T20:29:21.6186178Z, stored=08/31/2026 20:29:21
Skipping C:\GitHub\BlockyOS\src\kernel\libcrt\hardware\paging\paging.asm - up to date; source=2026-09-02T19:29:50.4619061Z, stored=09/02/2026 19:29:50
Skipping C:\GitHub\BlockyOS\src\kernel\libcrt\hardware\paging\paging.c - up to date; source=2026-09-01T20:10:14.1486119Z, stored=09/01/2026 20:10:14
Skipping C:\GitHub\BlockyOS\src\kernel\libcrt\hardware\SSE\SSE.asm - up to date; source=2026-09-02T19:29:50.4759038Z, stored=09/02/2026 19:29:50
Skipping C:\GitHub\BlockyOS\src\kernel\libcrt\hardware\SSE\SSE.c - up to date; source=2026-09-01T15:31:49.0191638Z, stored=09/01/2026 15:31:49
Skipping C:\GitHub\BlockyOS\src\kernel\libcrt\memory\memory.c - up to date; source=2026-09-01T14:27:41.5007315Z, stored=09/01/2026 14:27:41
Skipping C:\GitHub\BlockyOS\src\kernel\libcrt\memory\string.c - up to date; source=2026-08-31T17:22:17.0368394Z, stored=08/31/2026 17:22:17
Skipping C:\GitHub\BlockyOS\src\kernel\libcrt\hardware\paging\palloc.c - up to date; source=2026-09-01T20:10:14.1506184Z, stored=09/01/2026 20:10:14
Skipping C:\GitHub\BlockyOS\src\kernel\libcrt\memory\allocator\palloc.c - up to date; source=2026-09-02T18:08:03.4509785Z, stored=09/02/2026 18:08:03
Skipping C:\GitHub\BlockyOS\src\kernel\libcrt\memory\allocator\mmalloc.c - up to date; source=2026-09-01T00:47:09.6602809Z, stored=09/01/2026 00:47:09
Skipping C:\GitHub\BlockyOS\src\kernel\libcrt\math\math.c - up to date; source=2026-09-02T20:24:18.8720404Z, stored=09/02/2026 20:24:18
Skipping C:\GitHub\BlockyOS\src\kernel\libcrt\hardware\IO\IO.asm - up to date; source=2026-09-02T19:29:50.4759038Z, stored=09/02/2026 19:29:50
Skipping C:\GitHub\BlockyOS\src\kernel\libcrt\hardware\IDT\IDT.asm - up to date; source=2026-09-02T19:29:50.4759038Z, stored=09/02/2026 19:29:50
Skipping C:\GitHub\BlockyOS\src\kernel\libcrt\hardware\IDT\ISR.asm - up to date; source=2026-09-02T19:08:06.2288527Z, stored=09/02/2026 19:08:06
Skipping C:\GitHub\BlockyOS\src\kernel\libcrt\hardware\IDT\ISR.c - up to date; source=2026-09-02T18:48:44.0968136Z, stored=09/02/2026 18:48:44
Skipping C:\GitHub\BlockyOS\src\kernel\libcrt\hardware\ACPI\ACPI.c - up to date; source=2026-08-31T20:25:27.3210120Z, stored=08/31/2026 20:25:27
Skipping C:\GitHub\BlockyOS\src\kernel\libcrt\hardware\IDT\APIC\APIC.c - up to date; source=2026-08-31T17:22:17.1088393Z, stored=08/31/2026 17:22:17
Skipping C:\GitHub\BlockyOS\src\kernel\libcrt\hardware\IDT\APIC\IOAPIC.c - up to date; source=2026-08-31T23:06:36.2138524Z, stored=08/31/2026 23:06:36
Skipping C:\GitHub\BlockyOS\src\kernel\libcrt\hardware\IDT\APIC\LocalAPIC.c - up to date; source=2026-09-01T14:06:58.1209403Z, stored=09/01/2026 14:06:58
Skipping C:\GitHub\BlockyOS\src\kernel\libcrt\hardware\IDT\APIC\LocalAPICTimer.c - up to date; source=2026-09-01T19:52:35.3774846Z, stored=09/01/2026 19:52:35
Skipping C:\GitHub\BlockyOS\src\kernel\libcrt\hardware\hardware.c - up to date; source=2026-09-01T16:46:09.0571163Z, stored=09/01/2026 16:46:09
Skipping C:\GitHub\BlockyOS\src\kernel\libcrt\BLAKE2\blake2b-ref.c - up to date; source=2026-08-31T20:05:16.6578387Z, stored=08/31/2026 20:05:16
Skipping C:\GitHub\BlockyOS\src\kernel\libcrt\BLAKE2\blake2bp-ref.c - up to date; source=2026-08-31T20:05:20.6816175Z, stored=08/31/2026 20:05:20
Skipping C:\GitHub\BlockyOS\src\kernel\libcrt\BLAKE2\blake2s-ref.c - up to date; source=2026-08-31T20:05:24.7027041Z, stored=08/31/2026 20:05:24
Skipping C:\GitHub\BlockyOS\src\kernel\libcrt\BLAKE2\blake2sp-ref.c - up to date; source=2026-08-31T20:05:27.6610089Z, stored=08/31/2026 20:05:27
Skipping C:\GitHub\BlockyOS\src\kernel\libcrt\BLAKE2\blake2xb-ref.c - up to date; source=2026-09-01T14:03:25.3444410Z, stored=09/01/2026 14:03:25
Skipping C:\GitHub\BlockyOS\src\kernel\libcrt\BLAKE2\blake2xs-ref.c - up to date; source=2026-08-31T17:22:17.0728377Z, stored=08/31/2026 17:22:17
Skipping C:\GitHub\BlockyOS\src\kernel\libcrt\hardware\PCIe\PCIe.c - up to date; source=2026-08-31T23:54:42.2532022Z, stored=08/31/2026 23:54:42
Skipping C:\GitHub\BlockyOS\src\kernel\libcrt\hardware\SSE\UTILS.asm - up to date; source=2026-09-01T00:20:39.1738118Z, stored=09/01/2026 00:20:39
Skipping C:\GitHub\BlockyOS\src\kernel\libcrt\alibcrt.def - up to date; source=2026-09-01T20:03:41.5382359Z, stored=09/01/2026 20:03:41
gcc C:\GitHub\BlockyOS\compile\cache\asm.RNG.o C:\GitHub\BlockyOS\compile\cache\c.RNG.o C:\GitHub\BlockyOS\compile\cache\asm.GDT.o C:\GitHub\BlockyOS\compile\cache\c.GDT.o C:\GitHub\BlockyOS\compile\cache\asm.paging.o C:\GitHub\BlockyOS\compile\cache\c.paging.o C:\GitHub\BlockyOS\compile\cache\asm.SSE.o C:\GitHub\BlockyOS\compile\cache\c.SSE.o C:\GitHub\BlockyOS\compile\cache\c.memory.o C:\GitHub\BlockyOS\compile\cache\c.string.o C:\GitHub\BlockyOS\compile\cache\c.palloc.o C:\GitHub\BlockyOS\compile\cache\c.palloc(1).o C:\GitHub\BlockyOS\compile\cache\c.mmalloc.o C:\GitHub\BlockyOS\compile\cache\c.math.o C:\GitHub\BlockyOS\compile\cache\asm.IO.o C:\GitHub\BlockyOS\compile\cache\asm.IDT.o C:\GitHub\BlockyOS\compile\cache\asm.ISR.o C:\GitHub\BlockyOS\compile\cache\c.ISR.o C:\GitHub\BlockyOS\compile\cache\c.ACPI.o C:\GitHub\BlockyOS\compile\cache\c.APIC.o C:\GitHub\BlockyOS\compile\cache\c.IOAPIC.o C:\GitHub\BlockyOS\compile\cache\c.LocalAPIC.o C:\GitHub\BlockyOS\compile\cache\c.LocalAPICTimer.o C:\GitHub\BlockyOS\compile\cache\c.hardware.o C:\GitHub\BlockyOS\compile\cache\c.blake2b-ref.o C:\GitHub\BlockyOS\compile\cache\c.blake2bp-ref.o C:\GitHub\BlockyOS\compile\cache\c.blake2s-ref.o C:\GitHub\BlockyOS\compile\cache\c.blake2sp-ref.o C:\GitHub\BlockyOS\compile\cache\c.blake2xb-ref.o C:\GitHub\BlockyOS\compile\cache\c.blake2xs-ref.o C:\GitHub\BlockyOS\compile\cache\c.PCIe.o C:\GitHub\BlockyOS\compile\cache\asm.UTILS.o C:/GitHub/BlockyOS/src/kernel/libcrt/alibcrt.def -Wl,-flinker-output=dyn -Wl,-nostdlib -Wl,--emit-relocs -Wl,-shared -Wl,-Bsymbolic -Wl,-Map,C:\GitHub\BlockyOS\src\kernel\libcrt\alibcrt.map -fdiagnostics-color=always -fno-diagnostics-show-highlight-colors -nostartfiles -nodefaultlibs -o C:/GitHub/BlockyOS/Build/Build-nodate/root-part/libcrt.dll
Build finished successfully -> C:/GitHub/BlockyOS/Build/Build-nodate/root-part/libcrt.dll


[SHELL]	PE2EXEC.MAKE
C:\GitHub\BlockyOS\tools\executable-format\exechandler.exe C:/GitHub/BlockyOS/Build/Build-nodate/root-part/libcrt.dll C:/GitHub/BlockyOS/Build/Build-nodate/root-part/libcrt.service -od -L C:/GitHub/BlockyOS/src/kernel/libcrt/alibcrt.log

[(null):2422342256:DumpBeHeader]	Writing 1967095021635 bytes to 4096
[(null):2422342256:DumpBeHeader]	Writing 140716013518915 bytes to 140716013522944
[(null):2422342256:DumpBeHeader]	Writing 140716013518915 bytes to 140716013522944
[(null):2422342256:DumpBeHeader]	Writing 140716013518915 bytes to 140716013522944
[(null):2422342256:DumpBeHeader]	Writing 140716013518915 bytes to 140716013522944
[C:\GitHub\BlockyOS\tools\executable-format\exec.c:679:CreateResourceSection]
[(null):2422342256:DumpBeHeader]	Writing 140716013518915 bytes to 140716013522944
[C:\GitHub\BlockyOS\tools\executable-format\exec.c:723:CreateResourceSection]
[(null):2422342256:DumpBeHeader]	Writing 140716013518915 bytes to 140716013522944
[C:\GitHub\BlockyOS\tools\executable-format\exec.c:746:CreateResourceSection]
[(null):2422342256:DumpBeHeader]	Writing 140716013518915 bytes to 140716013522944
[(null):2422342256:DumpBeHeader]	Writing 140716013518915 bytes to 140716013522944
[C:\GitHub\BlockyOS\Build\Build-nodate\root-part\libcrt.service]
Header: {
  .Magic	17730
  .SystemSection	.rsrc
  .NSections	9
  .RawHeaderSize	4096
  .SectionTabeOffset	52
    [0]: {
      .Magic	0
      .Name	
      .Flags	(null)
      .Alignment	0
      .VirtualAddress	0
      .VirtualSize	0
      .RawPointer	0
      .RawSize	0
      {
        
        
        
        
      }
    
    [1]: {
      .Magic	5457218
      .Name	.code
      .Flags	SFExecutable SFReadable 
      .Alignment	4
      .VirtualAddress	4096
      .VirtualSize	135952
      .RawPointer	4104
      .RawSize	136192
[C:\GitHub\BlockyOS\tools\executable-format\exec.c:145:ReadSection]	Reading 136192 from 4104
      {
        b8 00 00 c1 e3 00 00 f8 
        07 b9 00 eb 01 b9 00 72 
        00 00 0f 12 00 64 0f 07 
        00 00 a2 81 00 00 c7 e2 
      }
    
    [2]: {
      .Magic	5457218
      .Name	.data
      .Flags	SFInitData SFReadable SFWritable 
      .Alignment	4
      .VirtualAddress	143360
      .VirtualSize	2240
      .RawPointer	140296
      .RawSize	2560
[C:\GitHub\BlockyOS\tools\executable-format\exec.c:145:ReadSection]	Reading 2560 from 140296
      {
        53 53 00 33 53 53 2e 53 
        53 53 53 00 45 53 31 45 
        45 45 53 53 33 45 00 34 
        00 32 45 53 00 34 53 2e 
      }
    
    [3]: {
      .Magic	5457218
      .Name	.rodata
      .Flags	SFInitData SFReadable 
      .Alignment	4
      .VirtualAddress	147456
      .VirtualSize	5536
      .RawPointer	142856
      .RawSize	5632
[C:\GitHub\BlockyOS\tools\executable-format\exec.c:145:ReadSection]	Reading 5632 from 142856
      {
        10 01 2c 01 48 01 64 01 
        f0 00 f3 00 f6 00 f9 00 
        01 00 01 00 01 00 01 00 
        80 00 80 00 80 00 80 00 
      }
    
    [4]: {
      .Magic	5457218
      .Name	.RelS
      .Flags	SFInitData SFReadable 
      .Alignment	4
      .VirtualAddress	0
      .VirtualSize	2696
      .RawPointer	148488
      .RawSize	2696
[C:\GitHub\BlockyOS\tools\executable-format\exec.c:145:ReadSection]	Reading 2696 from 148488
      Header: {
        .DirectoryTable	148508
        .UnusedBytes	150672
        .NRelocationDirectories	1967095021573
        [0]: {
          .BaseAddress	12288
          .DirectorySize	76(16 Entries)
             [0]: {
            .Type	BRET64
            .Offset	1626(0x365A)
          } [1]: {
            .Type	BRET64
            .Offset	1650(0x3672)
          } [2]: {
            .Type	BRET64
            .Offset	1674(0x368A)
          } [3]: {
            .Type	BRET64
            .Offset	1698(0x36A2)
          } [4]: {
            .Type	BRET64
            .Offset	1722(0x36BA)
          } [5]: {
            .Type	BRET64
            .Offset	1746(0x36D2)
          } [6]: {
            .Type	BRET64
            .Offset	1770(0x36EA)
          } [7]: {
            .Type	BRET64
            .Offset	1794(0x3702)
          }
        }
        [1]: {
          .BaseAddress	143360
          .DirectorySize	1004(248 Entries)
             [0]: {
            .Type	BRET64
            .Offset	192(0x230C0)
          } [1]: {
            .Type	BRET64
            .Offset	200(0x230C8)
          } [2]: {
            .Type	BRET64
            .Offset	208(0x230D0)
          } [3]: {
            .Type	BRET64
            .Offset	216(0x230D8)
          } [4]: {
            .Type	BRET64
            .Offset	224(0x230E0)
          } [5]: {
            .Type	BRET64
            .Offset	232(0x230E8)
          } [6]: {
            .Type	BRET64
            .Offset	240(0x230F0)
          } [7]: {
            .Type	BRET64
            .Offset	248(0x230F8)
          }
        }
        [2]: {
          .BaseAddress	147456
          .DirectorySize	1044(258 Entries)
             [0]: {
            .Type	BRET64
            .Offset	0(0x24000)
          } [1]: {
            .Type	BRET64
            .Offset	8(0x24008)
          } [2]: {
            .Type	BRET64
            .Offset	16(0x24010)
          } [3]: {
            .Type	BRET64
            .Offset	24(0x24018)
          } [4]: {
            .Type	BRET64
            .Offset	32(0x24020)
          } [5]: {
            .Type	BRET64
            .Offset	40(0x24028)
          } [6]: {
            .Type	BRET64
            .Offset	48(0x24030)
          } [7]: {
            .Type	BRET64
            .Offset	56(0x24038)
          }
        }
        [3]: {
          .BaseAddress	151552
          .DirectorySize	28(4 Entries)
             [0]: {
            .Type	BRET64
            .Offset	160(0x250A0)
          } [1]: {
            .Type	BRET64
            .Offset	192(0x250C0)
          } [2]: {
            .Type	BRET64
            .Offset	208(0x250D0)
          } [3]: {
            .Type	BRET64
            .Offset	224(0x250E0)
          }
        }
        [4]: {
          .BaseAddress	0
          .DirectorySize	12(0 Entries)
            
        }
      }
    
    [5]: {
      .Magic	5457218
      .Name	.ImportIn
      .Flags	SFInitData SFReadable 
      .Alignment	4
      .VirtualAddress	0
      .VirtualSize	0
      .RawPointer	151184
      .RawSize	20
[C:\GitHub\BlockyOS\tools\executable-format\exec.c:145:ReadSection]	Reading 20 from 151184
      Header: {
        .NDlls	0
        .DllImportPathTableRVO	151204
        .DllImportTableRVO	151204
      }
    
    [6]: {
      .Magic	5457218
      .Name	.ExportOut
      .Flags	SFInitData SFReadable 
      .Alignment	4
      .VirtualAddress	0
      .VirtualSize	0
      .RawPointer	151204
      .RawSize	4172
[C:\GitHub\BlockyOS\tools\executable-format\exec.c:145:ReadSection]	Reading 4172 from 151204
      Header: {
        .NExported	92
        .ExportTableRVO	151228
        .ExportNameRVO	154172
        .NExportAddresses	92[C:\GitHub\BlockyOS\tools\executable-format\exechandler.exe|-1073741819]

[C:\GitHub\BlockyOS\tools\executable-format\exec.c:177:WriteSection]	Writing 136192 to 4104
[C:\GitHub\BlockyOS\tools\executable-format\exec.c:177:WriteSection]	Writing 2560 to 140296
[C:\GitHub\BlockyOS\tools\executable-format\exec.c:177:WriteSection]	Writing 5632 to 142856
[C:\GitHub\BlockyOS\tools\executable-format\exec.c:177:WriteSection]	Writing 2696 to 148488
[C:\GitHub\BlockyOS\tools\executable-format\exec.c:177:WriteSection]	Writing 2696 to 148488
[C:\GitHub\BlockyOS\tools\executable-format\exec.c:681:CreateResourceSection]
[C:\GitHub\BlockyOS\tools\executable-format\exec.c:177:WriteSection]	Writing 20 to 151184
[C:\GitHub\BlockyOS\tools\executable-format\exec.c:725:CreateResourceSection]
[C:\GitHub\BlockyOS\tools\executable-format\exec.c:177:WriteSection]	Writing 20 to 151184
[C:\GitHub\BlockyOS\tools\executable-format\exec.c:177:WriteSection]	Writing 4172 to 151204
[C:\GitHub\BlockyOS\tools\executable-format\exec.c:177:WriteSection]	Writing 4172 to 151204
[C:\GitHub\BlockyOS\tools\executable-format\exec.c:748:CreateResourceSection]
[C:\GitHub\BlockyOS\tools\executable-format\exec.c:177:WriteSection]	Writing 9536 to 155376
[C:\GitHub\BlockyOS\tools\executable-format\exec.c:177:WriteSection]	Writing 4096 to 164912
[C:\GitHub\BlockyOS\Build\Build-nodate\root-part\libcrt.service]
Header: {
  .Magic	17730
  .SystemSection	.rsrc
  .NSections	9
  .RawHeaderSize	4096
  .SectionTabeOffset	52
    [0]: {
      .Magic	0
      .Name	
      .Flags	(null)
      .Alignment	0
      .VirtualAddress	0
      .VirtualSize	0
      .RawPointer	0
      .RawSize	0
      {
        
        
        
        
      }
    
    [1]: {
      .Magic	5457218
      .Name	.code
      .Flags	SFExecutable SFReadable 
      .Alignment	1967095021572
      .VirtualAddress	4096
      .VirtualSize	135952
      .RawPointer	4104
      .RawSize	136192
[C:\GitHub\BlockyOS\tools\executable-format\exec.c:147:ReadSection]	Reading 136192 from 4104
      {
        b8 00 00 c1 e3 00 00 f8 
        07 b9 00 eb 01 b9 00 72 
        00 00 0f 12 00 64 0f 07 
        00 00 a2 81 00 00 c7 e2 
      }
    
    [2]: {
      .Magic	5457218
      .Name	.data
      .Flags	SFInitData SFReadable SFWritable 
      .Alignment	1967095021572
      .VirtualAddress	143360
      .VirtualSize	2240
      .RawPointer	140296
      .RawSize	2560
[C:\GitHub\BlockyOS\tools\executable-format\exec.c:147:ReadSection]	Reading 2560 from 140296
      {
        53 53 00 33 53 53 2e 53 
        53 53 53 00 45 53 31 45 
        45 45 53 53 33 45 00 34 
        00 32 45 53 00 34 53 2e 
      }
    
    [3]: {
      .Magic	5457218
      .Name	.rodata
      .Flags	SFInitData SFReadable 
      .Alignment	1967095021572
      .VirtualAddress	147456
      .VirtualSize	5536
      .RawPointer	142856
      .RawSize	5632
[C:\GitHub\BlockyOS\tools\executable-format\exec.c:147:ReadSection]	Reading 5632 from 142856
      {
        10 01 2c 01 48 01 64 01 
        f0 00 f3 00 f6 00 f9 00 
        01 00 01 00 01 00 01 00 
        80 00 80 00 80 00 80 00 
      }
    
    [4]: {
      .Magic	5457218
      .Name	.RelS
      .Flags	SFInitData SFReadable 
      .Alignment	1967095021572
      .VirtualAddress	0
      .VirtualSize	2696
      .RawPointer	148488
      .RawSize	2696
[C:\GitHub\BlockyOS\tools\executable-format\exec.c:147:ReadSection]	Reading 2696 from 148488
      Header: {
        .DirectoryTable	148508
        .UnusedBytes	150672
        .NRelocationDirectories	5
        [0]: {
          .BaseAddress	12288
          .DirectorySize	76(16 Entries)
             [0]: {
            .Type	BRET64
            .Offset	1626(0x365A)
          } [1]: {
            .Type	BRET64
            .Offset	1650(0x3672)
          } [2]: {
            .Type	BRET64
            .Offset	1674(0x368A)
          } [3]: {
            .Type	BRET64
            .Offset	1698(0x36A2)
          } [4]: {
            .Type	BRET64
            .Offset	1722(0x36BA)
          } [5]: {
            .Type	BRET64
            .Offset	1746(0x36D2)
          } [6]: {
            .Type	BRET64
            .Offset	1770(0x36EA)
          } [7]: {
         
[SHELL]	FSFRAT.OPEN
[SHELL]	FSFRAT.MOUNT
[SHELL]	FSFRAT.WRITE
[SHELL OUT]: FSFRAT DRIVER
[SHELL OUT]: >> 
[SHELL OUT]: FS-Root Blob:
[SHELL OUT]:     Version: [0:524288]
[SHELL OUT]:     Sig: 
[SHELL OUT]:     Configured Log Sectors: 2
[SHELL OUT]:     Configured Block Size: 0
[SHELL OUT]:     Configured Cluster-Map Size: 16711743
[SHELL OUT]: FS-Root Blob:
[SHELL OUT]:     Version: [1:0]
[SHELL OUT]:     Sig: FRAT_FILESYSTEM
[SHELL OUT]:     Configured Log Sectors: 5
[SHELL OUT]:     Configured Block Size: 512
[SHELL OUT]: >> 
[SHELL OUT]: >> 
Initializing CGCC.MAKE build process...
Skipping C:\GitHub\BlockyOS\src\kernel\libcrt\hardware\RNG\RNG.asm - up to date; source=2026-09-02T19:29:50.4588980Z, stored=09/02/2026 19:29:50
Skipping C:\GitHub\BlockyOS\src\kernel\libcrt\hardware\RNG\RNG.c - up to date; source=2026-09-01T19:51:35.2375749Z, stored=09/01/2026 19:51:35
Skipping C:\GitHub\BlockyOS\src\kernel\libcrt\hardware\GDT\GDT.asm - up to date; source=2026-09-02T19:29:50.4759038Z, stored=09/02/2026 19:29:50
Skipping C:\GitHub\BlockyOS\src\kernel\libcrt\hardware\GDT\GDT.c - up to date; source=2026-08-31T20:29:21.6186178Z, stored=08/31/2026 20:29:21
Skipping C:\GitHub\BlockyOS\src\kernel\libcrt\hardware\paging\paging.asm - up to date; source=2026-09-02T19:29:50.4619061Z, stored=09/02/2026 19:29:50
Skipping C:\GitHub\BlockyOS\src\kernel\libcrt\hardware\paging\paging.c - up to date; source=2026-09-01T20:10:14.1486119Z, stored=09/01/2026 20:10:14
Skipping C:\GitHub\BlockyOS\src\kernel\libcrt\hardware\SSE\SSE.asm - up to date; source=2026-09-02T19:29:50.4759038Z, stored=09/02/2026 19:29:50
Skipping C:\GitHub\BlockyOS\src\kernel\libcrt\hardware\SSE\SSE.c - up to date; source=2026-09-01T15:31:49.0191638Z, stored=09/01/2026 15:31:49
Skipping C:\GitHub\BlockyOS\src\kernel\libcrt\memory\memory.c - up to date; source=2026-09-01T14:27:41.5007315Z, stored=09/01/2026 14:27:41
Skipping C:\GitHub\BlockyOS\src\kernel\libcrt\memory\string.c - up to date; source=2026-08-31T17:22:17.0368394Z, stored=08/31/2026 17:22:17
Skipping C:\GitHub\BlockyOS\src\kernel\libcrt\hardware\paging\palloc.c - up to date; source=2026-09-01T20:10:14.1506184Z, stored=09/01/2026 20:10:14
Skipping C:\GitHub\BlockyOS\src\kernel\libcrt\memory\allocator\palloc.c - up to date; source=2026-09-02T18:08:03.4509785Z, stored=09/02/2026 18:08:03
Skipping C:\GitHub\BlockyOS\src\kernel\libcrt\memory\allocator\mmalloc.c - up to date; source=2026-09-01T00:47:09.6602809Z, stored=09/01/2026 00:47:09
Skipping C:\GitHub\BlockyOS\src\kernel\libcrt\math\math.c - up to date; source=2026-09-02T20:24:18.8720404Z, stored=09/02/2026 20:24:18
Skipping C:\GitHub\BlockyOS\src\kernel\libcrt\hardware\IO\IO.asm - up to date; source=2026-09-02T19:29:50.4759038Z, stored=09/02/2026 19:29:50
Skipping C:\GitHub\BlockyOS\src\kernel\libcrt\hardware\IDT\IDT.asm - up to date; source=2026-09-02T19:29:50.4759038Z, stored=09/02/2026 19:29:50
Skipping C:\GitHub\BlockyOS\src\kernel\libcrt\hardware\IDT\ISR.asm - up to date; source=2026-09-02T19:08:06.2288527Z, stored=09/02/2026 19:08:06
Skipping C:\GitHub\BlockyOS\src\kernel\libcrt\hardware\IDT\ISR.c - up to date; source=2026-09-02T18:48:44.0968136Z, stored=09/02/2026 18:48:44
Skipping C:\GitHub\BlockyOS\src\kernel\libcrt\hardware\ACPI\ACPI.c - up to date; source=2026-08-31T20:25:27.3210120Z, stored=08/31/2026 20:25:27
Skipping C:\GitHub\BlockyOS\src\kernel\libcrt\hardware\IDT\APIC\APIC.c - up to date; source=2026-08-31T17:22:17.1088393Z, stored=08/31/2026 17:22:17
Skipping C:\GitHub\BlockyOS\src\kernel\libcrt\hardware\IDT\APIC\IOAPIC.c - up to date; source=2026-08-31T23:06:36.2138524Z, stored=08/31/2026 23:06:36
Skipping C:\GitHub\BlockyOS\src\kernel\libcrt\hardware\IDT\APIC\LocalAPIC.c - up to date; source=2026-09-01T14:06:58.1209403Z, stored=09/01/2026 14:06:58
Skipping C:\GitHub\BlockyOS\src\kernel\libcrt\hardware\IDT\APIC\LocalAPICTimer.c - up to date; source=2026-09-01T19:52:35.3774846Z, stored=09/01/2026 19:52:35
Skipping C:\GitHub\BlockyOS\src\kernel\libcrt\hardware\hardware.c - up to date; source=2026-09-01T16:46:09.0571163Z, stored=09/01/2026 16:46:09
Skipping C:\GitHub\BlockyOS\src\kernel\libcrt\BLAKE2\blake2b-ref.c - up to date; source=2026-08-31T20:05:16.6578387Z, stored=08/31/2026 20:05:16
Skipping C:\GitHub\BlockyOS\src\kernel\libcrt\BLAKE2\blake2bp-ref.c - up to date; source=2026-08-31T20:05:20.6816175Z, stored=08/31/2026 20:05:20
Skipping C:\GitHub\BlockyOS\src\kernel\libcrt\BLAKE2\blake2s-ref.c - up to date; source=2026-08-31T20:05:24.7027041Z, stored=08/31/2026 20:05:24
Skipping C:\GitHub\BlockyOS\src\kernel\libcrt\BLAKE2\blake2sp-ref.c - up to date; source=2026-08-31T20:05:27.6610089Z, stored=08/31/2026 20:05:27
Skipping C:\GitHub\BlockyOS\src\kernel\libcrt\BLAKE2\blake2xb-ref.c - up to date; source=2026-09-01T14:03:25.3444410Z, stored=09/01/2026 14:03:25
Skipping C:\GitHub\BlockyOS\src\kernel\libcrt\BLAKE2\blake2xs-ref.c - up to date; source=2026-08-31T17:22:17.0728377Z, stored=08/31/2026 17:22:17
Skipping C:\GitHub\BlockyOS\src\kernel\libcrt\hardware\PCIe\PCIe.c - up to date; source=2026-08-31T23:54:42.2532022Z, stored=08/31/2026 23:54:42
Skipping C:\GitHub\BlockyOS\src\kernel\libcrt\hardware\SSE\UTILS.asm - up to date; source=2026-09-01T00:20:39.1738118Z, stored=09/01/2026 00:20:39
Skipping C:\GitHub\BlockyOS\src\kernel\libcrt\alibcrt.def - up to date; source=2026-09-01T20:03:41.5382359Z, stored=09/01/2026 20:03:41
gcc C:\GitHub\BlockyOS\compile\cache\asm.RNG.o C:\GitHub\BlockyOS\compile\cache\c.RNG.o C:\GitHub\BlockyOS\compile\cache\asm.GDT.o C:\GitHub\BlockyOS\compile\cache\c.GDT.o C:\GitHub\BlockyOS\compile\cache\asm.paging.o C:\GitHub\BlockyOS\compile\cache\c.paging.o C:\GitHub\BlockyOS\compile\cache\asm.SSE.o C:\GitHub\BlockyOS\compile\cache\c.SSE.o C:\GitHub\BlockyOS\compile\cache\c.memory.o C:\GitHub\BlockyOS\compile\cache\c.string.o C:\GitHub\BlockyOS\compile\cache\c.palloc.o C:\GitHub\BlockyOS\compile\cache\c.palloc(1).o C:\GitHub\BlockyOS\compile\cache\c.mmalloc.o C:\GitHub\BlockyOS\compile\cache\c.math.o C:\GitHub\BlockyOS\compile\cache\asm.IO.o C:\GitHub\BlockyOS\compile\cache\asm.IDT.o C:\GitHub\BlockyOS\compile\cache\asm.ISR.o C:\GitHub\BlockyOS\compile\cache\c.ISR.o C:\GitHub\BlockyOS\compile\cache\c.ACPI.o C:\GitHub\BlockyOS\compile\cache\c.APIC.o C:\GitHub\BlockyOS\compile\cache\c.IOAPIC.o C:\GitHub\BlockyOS\compile\cache\c.LocalAPIC.o C:\GitHub\BlockyOS\compile\cache\c.LocalAPICTimer.o C:\GitHub\BlockyOS\compile\cache\c.hardware.o C:\GitHub\BlockyOS\compile\cache\c.blake2b-ref.o C:\GitHub\BlockyOS\compile\cache\c.blake2bp-ref.o C:\GitHub\BlockyOS\compile\cache\c.blake2s-ref.o C:\GitHub\BlockyOS\compile\cache\c.blake2sp-ref.o C:\GitHub\BlockyOS\compile\cache\c.blake2xb-ref.o C:\GitHub\BlockyOS\compile\cache\c.blake2xs-ref.o C:\GitHub\BlockyOS\compile\cache\c.PCIe.o C:\GitHub\BlockyOS\compile\cache\asm.UTILS.o C:/GitHub/BlockyOS/src/kernel/libcrt/alibcrt.def -Wl,-flinker-output=dyn -Wl,-nostdlib -Wl,--emit-relocs -Wl,-shared -Wl,-Bsymbolic -Wl,-Map,C:\GitHub\BlockyOS\src\kernel\libcrt\alibcrt.map -fdiagnostics-color=always -fno-diagnostics-show-highlight-colors -nostartfiles -nodefaultlibs -o C:/GitHub/BlockyOS/Build/Build-nodate/root-part/libcrt.dll
Build finished successfully -> C:/GitHub/BlockyOS/Build/Build-nodate/root-part/libcrt.dll


[SHELL]	PE2EXEC.MAKE
C:\GitHub\BlockyOS\tools\executable-format\exechandler.exe C:/GitHub/BlockyOS/Build/Build-nodate/root-part/libcrt.dll C:/GitHub/BlockyOS/Build/Build-nodate/root-part/libcrt.service -od -L C:/GitHub/BlockyOS/src/kernel/libcrt/alibcrt.log

[(null):2881356400:DumpBeHeader]	Writing 2031519531075 bytes to 4096
[(null):2881356400:DumpBeHeader]	Writing 140716013518915 bytes to 140716013522944
[(null):2881356400:DumpBeHeader]	Writing 140716013518915 bytes to 140716013522944
[(null):2881356400:DumpBeHeader]	Writing 140716013518915 bytes to 140716013522944
[(null):2881356400:DumpBeHeader]	Writing 140716013518915 bytes to 140716013522944
[C:\GitHub\BlockyOS\tools\executable-format\exec.c:679:CreateResourceSection]
[(null):2881356400:DumpBeHeader]	Writing 140716013518915 bytes to 140716013522944
[C:\GitHub\BlockyOS\tools\executable-format\exec.c:723:CreateResourceSection]
[(null):2881356400:DumpBeHeader]	Writing 140716013518915 bytes to 140716013522944
[C:\GitHub\BlockyOS\tools\executable-format\exec.c:746:CreateResourceSection]
[(null):2881356400:DumpBeHeader]	Writing 140716013518915 bytes to 140716013522944
[(null):2881356400:DumpBeHeader]	Writing 140716013518915 bytes to 140716013522944
[C:\GitHub\BlockyOS\Build\Build-nodate\root-part\libcrt.service]
Header: {
  .Magic	17730
  .SystemSection	.rsrc
  .NSections	9
  .RawHeaderSize	4096
  .SectionTabeOffset	52
    [0]: {
      .Magic	0
      .Name	
      .Flags	(null)
      .Alignment	0
      .VirtualAddress	0
      .VirtualSize	0
      .RawPointer	0
      .RawSize	0
      {
        
        
        
        
      }
    
    [1]: {
      .Magic	5457218
      .Name	.code
      .Flags	SFExecutable SFReadable 
      .Alignment	4
      .VirtualAddress	4096
      .VirtualSize	135952
      .RawPointer	4104
      .RawSize	136192
[C:\GitHub\BlockyOS\tools\executable-format\exec.c:145:ReadSection]	Reading 136192 from 4104
      {
        b8 00 00 c1 e3 00 00 f8 
        07 b9 00 eb 01 b9 00 72 
        00 00 0f 12 00 64 0f 07 
        00 00 a2 81 00 00 c7 e2 
      }
    
    [2]: {
      .Magic	5457218
      .Name	.data
      .Flags	SFInitData SFReadable SFWritable 
      .Alignment	4
      .VirtualAddress	143360
      .VirtualSize	2240
      .RawPointer	140296
      .RawSize	2560
[C:\GitHub\BlockyOS\tools\executable-format\exec.c:145:ReadSection]	Reading 2560 from 140296
      {
        53 53 00 33 53 53 2e 53 
        53 53 53 00 45 53 31 45 
        45 45 53 53 33 45 00 34 
        00 32 45 53 00 34 53 2e 
      }
    
    [3]: {
      .Magic	5457218
      .Name	.rodata
      .Flags	SFInitData SFReadable 
      .Alignment	4
      .VirtualAddress	147456
      .VirtualSize	5536
      .RawPointer	142856
      .RawSize	5632
[C:\GitHub\BlockyOS\tools\executable-format\exec.c:145:ReadSection]	Reading 5632 from 142856
      {
        10 01 2c 01 48 01 64 01 
        f0 00 f3 00 f6 00 f9 00 
        01 00 01 00 01 00 01 00 
        80 00 80 00 80 00 80 00 
      }
    
    [4]: {
      .Magic	5457218
      .Name	.RelS
      .Flags	SFInitData SFReadable 
      .Alignment	4
      .VirtualAddress	0
      .VirtualSize	2696
      .RawPointer	148488
      .RawSize	2696
[C:\GitHub\BlockyOS\tools\executable-format\exec.c:145:ReadSection]	Reading 2696 from 148488
      Header: {
        .DirectoryTable	148508
        .UnusedBytes	150672
        .NRelocationDirectories	2031519531013
        [0]: {
          .BaseAddress	12288
          .DirectorySize	76(16 Entries)
             [0]: {
            .Type	BRET64
            .Offset	1626(0x365A)
          } [1]: {
            .Type	BRET64
            .Offset	1650(0x3672)
          } [2]: {
            .Type	BRET64
            .Offset	1674(0x368A)
          } [3]: {
            .Type	BRET64
            .Offset	1698(0x36A2)
          } [4]: {
            .Type	BRET64
            .Offset	1722(0x36BA)
          } [5]: {
            .Type	BRET64
            .Offset	1746(0x36D2)
          } [6]: {
            .Type	BRET64
            .Offset	1770(0x36EA)
          } [7]: {
            .Type	BRET64
            .Offset	1794(0x3702)
          }
        }
        [1]: {
          .BaseAddress	143360
          .DirectorySize	1004(248 Entries)
             [0]: {
            .Type	BRET64
            .Offset	192(0x230C0)
          } [1]: {
            .Type	BRET64
            .Offset	200(0x230C8)
          } [2]: {
            .Type	BRET64
            .Offset	208(0x230D0)
          } [3]: {
            .Type	BRET64
            .Offset	216(0x230D8)
          } [4]: {
            .Type	BRET64
            .Offset	224(0x230E0)
          } [5]: {
            .Type	BRET64
            .Offset	232(0x230E8)
          } [6]: {
            .Type	BRET64
            .Offset	240(0x230F0)
          } [7]: {
            .Type	BRET64
            .Offset	248(0x230F8)
          }
        }
        [2]: {
          .BaseAddress	147456
          .DirectorySize	1044(258 Entries)
             [0]: {
            .Type	BRET64
            .Offset	0(0x24000)
          } [1]: {
            .Type	BRET64
            .Offset	8(0x24008)
          } [2]: {
            .Type	BRET64
            .Offset	16(0x24010)
          } [3]: {
            .Type	BRET64
            .Offset	24(0x24018)
          } [4]: {
            .Type	BRET64
            .Offset	32(0x24020)
          } [5]: {
            .Type	BRET64
            .Offset	40(0x24028)
          } [6]: {
            .Type	BRET64
            .Offset	48(0x24030)
          } [7]: {
            .Type	BRET64
            .Offset	56(0x24038)
          }
        }
        [3]: {
          .BaseAddress	151552
          .DirectorySize	28(4 Entries)
             [0]: {
            .Type	BRET64
            .Offset	160(0x250A0)
          } [1]: {
            .Type	BRET64
            .Offset	192(0x250C0)
          } [2]: {
            .Type	BRET64
            .Offset	208(0x250D0)
          } [3]: {
            .Type	BRET64
            .Offset	224(0x250E0)
          }
        }
        [4]: {
          .BaseAddress	0
          .DirectorySize	12(0 Entries)
            
        }
      }
    
    [5]: {
      .Magic	5457218
      .Name	.ImportIn
      .Flags	SFInitData SFReadable 
      .Alignment	4
      .VirtualAddress	0
      .VirtualSize	0
      .RawPointer	151184
      .RawSize	20
[C:\GitHub\BlockyOS\tools\executable-format\exec.c:145:ReadSection]	Reading 20 from 151184
      Header: {
        .NDlls	0
        .DllImportPathTableRVO	151204
        .DllImportTableRVO	151204
      }
    
    [6]: {
      .Magic	5457218
      .Name	.ExportOut
      .Flags	SFInitData SFReadable 
      .Alignment	4
      .VirtualAddress	0
      .VirtualSize	0
      .RawPointer	151204
      .RawSize	4172
[C:\GitHub\BlockyOS\tools\executable-format\exec.c:145:ReadSection]	Reading 4172 from 151204
      Header: {
        .NExported	92
        .ExportTableRVO	151228
        .ExportNameRVO	154172
        .NExportAddresses	92[C:\GitHub\BlockyOS\tools\executable-format\exechandler.exe|-1073741819]

[C:\GitHub\BlockyOS\tools\executable-format\exec.c:177:WriteSection]	Writing 136192 to 4104
[C:\GitHub\BlockyOS\tools\executable-format\exec.c:177:WriteSection]	Writing 2560 to 140296
[C:\GitHub\BlockyOS\tools\executable-format\exec.c:177:WriteSection]	Writing 5632 to 142856
[C:\GitHub\BlockyOS\tools\executable-format\exec.c:177:WriteSection]	Writing 2696 to 148488
[C:\GitHub\BlockyOS\tools\executable-format\exec.c:177:WriteSection]	Writing 2696 to 148488
[C:\GitHub\BlockyOS\tools\executable-format\exec.c:681:CreateResourceSection]
[C:\GitHub\BlockyOS\tools\executable-format\exec.c:177:WriteSection]	Writing 20 to 151184
[C:\GitHub\BlockyOS\tools\executable-format\exec.c:725:CreateResourceSection]
[C:\GitHub\BlockyOS\tools\executable-format\exec.c:177:WriteSection]	Writing 20 to 151184
[C:\GitHub\BlockyOS\tools\executable-format\exec.c:177:WriteSection]	Writing 4172 to 151204
[C:\GitHub\BlockyOS\tools\executable-format\exec.c:177:WriteSection]	Writing 4172 to 151204
[C:\GitHub\BlockyOS\tools\executable-format\exec.c:748:CreateResourceSection]
[C:\GitHub\BlockyOS\tools\executable-format\exec.c:177:WriteSection]	Writing 9536 to 155376
[C:\GitHub\BlockyOS\tools\executable-format\exec.c:177:WriteSection]	Writing 4096 to 164912
[C:\GitHub\BlockyOS\Build\Build-nodate\root-part\libcrt.service]
Header: {
  .Magic	17730
  .SystemSection	.rsrc
  .NSections	9
  .RawHeaderSize	4096
  .SectionTabeOffset	52
    [0]: {
      .Magic	0
      .Name	
      .Flags	(null)
      .Alignment	0
      .VirtualAddress	0
      .VirtualSize	0
      .RawPointer	0
      .RawSize	0
      {
        
        
        
        
      }
    
    [1]: {
      .Magic	5457218
      .Name	.code
      .Flags	SFExecutable SFReadable 
      .Alignment	2031519531012
      .VirtualAddress	4096
      .VirtualSize	135952
      .RawPointer	4104
      .RawSize	136192
[C:\GitHub\BlockyOS\tools\executable-format\exec.c:147:ReadSection]	Reading 136192 from 4104
      {
        b8 00 00 c1 e3 00 00 f8 
        07 b9 00 eb 01 b9 00 72 
        00 00 0f 12 00 64 0f 07 
        00 00 a2 81 00 00 c7 e2 
      }
    
    [2]: {
      .Magic	5457218
      .Name	.data
      .Flags	SFInitData SFReadable SFWritable 
      .Alignment	2031519531012
      .VirtualAddress	143360
      .VirtualSize	2240
      .RawPointer	140296
      .RawSize	2560
[C:\GitHub\BlockyOS\tools\executable-format\exec.c:147:ReadSection]	Reading 2560 from 140296
      {
        53 53 00 33 53 53 2e 53 
        53 53 53 00 45 53 31 45 
        45 45 53 53 33 45 00 34 
        00 32 45 53 00 34 53 2e 
      }
    
    [3]: {
      .Magic	5457218
      .Name	.rodata
      .Flags	SFInitData SFReadable 
      .Alignment	2031519531012
      .VirtualAddress	147456
      .VirtualSize	5536
      .RawPointer	142856
      .RawSize	5632
[C:\GitHub\BlockyOS\tools\executable-format\exec.c:147:ReadSection]	Reading 5632 from 142856
      {
        10 01 2c 01 48 01 64 01 
        f0 00 f3 00 f6 00 f9 00 
        01 00 01 00 01 00 01 00 
        80 00 80 00 80 00 80 00 
      }
    
    [4]: {
      .Magic	5457218
      .Name	.RelS
      .Flags	SFInitData SFReadable 
      .Alignment	2031519531012
      .VirtualAddress	0
      .VirtualSize	2696
      .RawPointer	148488
      .RawSize	2696
[C:\GitHub\BlockyOS\tools\executable-format\exec.c:147:ReadSection]	Reading 2696 from 148488
      Header: {
        .DirectoryTable	148508
        .UnusedBytes	150672
        .NRelocationDirectories	5
        [0]: {
          .BaseAddress	12288
          .DirectorySize	76(16 Entries)
             [0]: {
            .Type	BRET64
            .Offset	1626(0x365A)
          } [1]: {
            .Type	BRET64
            .Offset	1650(0x3672)
          } [2]: {
            .Type	BRET64
            .Offset	1674(0x368A)
          } [3]: {
            .Type	BRET64
            .Offset	1698(0x36A2)
          } [4]: {
            .Type	BRET64
            .Offset	1722(0x36BA)
          } [5]: {
            .Type	BRET64
            .Offset	1746(0x36D2)
          } [6]: {
            .Type	BRET64
            .Offset	1770(0x36EA)
          } [7]: {
         
[SHELL]	FSFRAT.OPEN
[SHELL OUT]: FSFRAT DRIVER
[SHELL]	FSFRAT.MOUNT
[SHELL OUT]: >> 
[SHELL OUT]: FS-Root Blob:
[SHELL OUT]:     Version: [0:524288]
[SHELL OUT]:     Sig: 
[SHELL OUT]:     Configured Log Sectors: 2
[SHELL OUT]:     Configured Block Size: 0
[SHELL OUT]:     Configured Cluster-Map Size: 16711743
[SHELL OUT]: FS-Root Blob:
[SHELL OUT]:     Version: [1:0]
[SHELL OUT]:     Sig: FRAT_FILESYSTEM
[SHELL OUT]:     Configured Log Sectors: 5
[SHELL OUT]:     Configured Block Size: 512
Initializing CGCC.MAKE build process...
Skipping C:\GitHub\BlockyOS\src\kernel\libcrt\hardware\RNG\RNG.asm - up to date; source=2026-09-02T19:29:50.4588980Z, stored=09/02/2026 19:29:50
Skipping C:\GitHub\BlockyOS\src\kernel\libcrt\hardware\RNG\RNG.c - up to date; source=2026-09-01T19:51:35.2375749Z, stored=09/01/2026 19:51:35
Skipping C:\GitHub\BlockyOS\src\kernel\libcrt\hardware\GDT\GDT.asm - up to date; source=2026-09-02T19:29:50.4759038Z, stored=09/02/2026 19:29:50
Skipping C:\GitHub\BlockyOS\src\kernel\libcrt\hardware\GDT\GDT.c - up to date; source=2026-08-31T20:29:21.6186178Z, stored=08/31/2026 20:29:21
Skipping C:\GitHub\BlockyOS\src\kernel\libcrt\hardware\paging\paging.asm - up to date; source=2026-09-02T19:29:50.4619061Z, stored=09/02/2026 19:29:50
Skipping C:\GitHub\BlockyOS\src\kernel\libcrt\hardware\paging\paging.c - up to date; source=2026-09-01T20:10:14.1486119Z, stored=09/01/2026 20:10:14
Skipping C:\GitHub\BlockyOS\src\kernel\libcrt\hardware\SSE\SSE.asm - up to date; source=2026-09-02T19:29:50.4759038Z, stored=09/02/2026 19:29:50
Skipping C:\GitHub\BlockyOS\src\kernel\libcrt\hardware\SSE\SSE.c - up to date; source=2026-09-01T15:31:49.0191638Z, stored=09/01/2026 15:31:49
Skipping C:\GitHub\BlockyOS\src\kernel\libcrt\memory\memory.c - up to date; source=2026-09-01T14:27:41.5007315Z, stored=09/01/2026 14:27:41
Skipping C:\GitHub\BlockyOS\src\kernel\libcrt\memory\string.c - up to date; source=2026-08-31T17:22:17.0368394Z, stored=08/31/2026 17:22:17
Skipping C:\GitHub\BlockyOS\src\kernel\libcrt\hardware\paging\palloc.c - up to date; source=2026-09-01T20:10:14.1506184Z, stored=09/01/2026 20:10:14
Skipping C:\GitHub\BlockyOS\src\kernel\libcrt\memory\allocator\palloc.c - up to date; source=2026-09-02T18:08:03.4509785Z, stored=09/02/2026 18:08:03
Skipping C:\GitHub\BlockyOS\src\kernel\libcrt\memory\allocator\mmalloc.c - up to date; source=2026-09-01T00:47:09.6602809Z, stored=09/01/2026 00:47:09
Skipping C:\GitHub\BlockyOS\src\kernel\libcrt\math\math.c - up to date; source=2026-09-02T20:24:18.8720404Z, stored=09/02/2026 20:24:18
Skipping C:\GitHub\BlockyOS\src\kernel\libcrt\hardware\IO\IO.asm - up to date; source=2026-09-02T19:29:50.4759038Z, stored=09/02/2026 19:29:50
Skipping C:\GitHub\BlockyOS\src\kernel\libcrt\hardware\IDT\IDT.asm - up to date; source=2026-09-02T19:29:50.4759038Z, stored=09/02/2026 19:29:50
Skipping C:\GitHub\BlockyOS\src\kernel\libcrt\hardware\IDT\ISR.asm - up to date; source=2026-09-02T19:08:06.2288527Z, stored=09/02/2026 19:08:06
Skipping C:\GitHub\BlockyOS\src\kernel\libcrt\hardware\IDT\ISR.c - up to date; source=2026-09-02T18:48:44.0968136Z, stored=09/02/2026 18:48:44
Skipping C:\GitHub\BlockyOS\src\kernel\libcrt\hardware\ACPI\ACPI.c - up to date; source=2026-08-31T20:25:27.3210120Z, stored=08/31/2026 20:25:27
Skipping C:\GitHub\BlockyOS\src\kernel\libcrt\hardware\IDT\APIC\APIC.c - up to date; source=2026-08-31T17:22:17.1088393Z, stored=08/31/2026 17:22:17
Skipping C:\GitHub\BlockyOS\src\kernel\libcrt\hardware\IDT\APIC\IOAPIC.c - up to date; source=2026-08-31T23:06:36.2138524Z, stored=08/31/2026 23:06:36
Skipping C:\GitHub\BlockyOS\src\kernel\libcrt\hardware\IDT\APIC\LocalAPIC.c - up to date; source=2026-09-01T14:06:58.1209403Z, stored=09/01/2026 14:06:58
Skipping C:\GitHub\BlockyOS\src\kernel\libcrt\hardware\IDT\APIC\LocalAPICTimer.c - up to date; source=2026-09-01T19:52:35.3774846Z, stored=09/01/2026 19:52:35
Skipping C:\GitHub\BlockyOS\src\kernel\libcrt\hardware\hardware.c - up to date; source=2026-09-01T16:46:09.0571163Z, stored=09/01/2026 16:46:09
Skipping C:\GitHub\BlockyOS\src\kernel\libcrt\BLAKE2\blake2b-ref.c - up to date; source=2026-08-31T20:05:16.6578387Z, stored=08/31/2026 20:05:16
Skipping C:\GitHub\BlockyOS\src\kernel\libcrt\BLAKE2\blake2bp-ref.c - up to date; source=2026-08-31T20:05:20.6816175Z, stored=08/31/2026 20:05:20
Skipping C:\GitHub\BlockyOS\src\kernel\libcrt\BLAKE2\blake2s-ref.c - up to date; source=2026-08-31T20:05:24.7027041Z, stored=08/31/2026 20:05:24
Skipping C:\GitHub\BlockyOS\src\kernel\libcrt\BLAKE2\blake2sp-ref.c - up to date; source=2026-08-31T20:05:27.6610089Z, stored=08/31/2026 20:05:27
Skipping C:\GitHub\BlockyOS\src\kernel\libcrt\BLAKE2\blake2xb-ref.c - up to date; source=2026-09-01T14:03:25.3444410Z, stored=09/01/2026 14:03:25
Skipping C:\GitHub\BlockyOS\src\kernel\libcrt\BLAKE2\blake2xs-ref.c - up to date; source=2026-08-31T17:22:17.0728377Z, stored=08/31/2026 17:22:17
Skipping C:\GitHub\BlockyOS\src\kernel\libcrt\hardware\PCIe\PCIe.c - up to date; source=2026-08-31T23:54:42.2532022Z, stored=08/31/2026 23:54:42
Skipping C:\GitHub\BlockyOS\src\kernel\libcrt\hardware\SSE\UTILS.asm - up to date; source=2026-09-01T00:20:39.1738118Z, stored=09/01/2026 00:20:39
Skipping C:\GitHub\BlockyOS\src\kernel\libcrt\alibcrt.def - up to date; source=2026-09-01T20:03:41.5382359Z, stored=09/01/2026 20:03:41
gcc C:\GitHub\BlockyOS\compile\cache\asm.RNG.o C:\GitHub\BlockyOS\compile\cache\c.RNG.o C:\GitHub\BlockyOS\compile\cache\asm.GDT.o C:\GitHub\BlockyOS\compile\cache\c.GDT.o C:\GitHub\BlockyOS\compile\cache\asm.paging.o C:\GitHub\BlockyOS\compile\cache\c.paging.o C:\GitHub\BlockyOS\compile\cache\asm.SSE.o C:\GitHub\BlockyOS\compile\cache\c.SSE.o C:\GitHub\BlockyOS\compile\cache\c.memory.o C:\GitHub\BlockyOS\compile\cache\c.string.o C:\GitHub\BlockyOS\compile\cache\c.palloc.o C:\GitHub\BlockyOS\compile\cache\c.palloc(1).o C:\GitHub\BlockyOS\compile\cache\c.mmalloc.o C:\GitHub\BlockyOS\compile\cache\c.math.o C:\GitHub\BlockyOS\compile\cache\asm.IO.o C:\GitHub\BlockyOS\compile\cache\asm.IDT.o C:\GitHub\BlockyOS\compile\cache\asm.ISR.o C:\GitHub\BlockyOS\compile\cache\c.ISR.o C:\GitHub\BlockyOS\compile\cache\c.ACPI.o C:\GitHub\BlockyOS\compile\cache\c.APIC.o C:\GitHub\BlockyOS\compile\cache\c.IOAPIC.o C:\GitHub\BlockyOS\compile\cache\c.LocalAPIC.o C:\GitHub\BlockyOS\compile\cache\c.LocalAPICTimer.o C:\GitHub\BlockyOS\compile\cache\c.hardware.o C:\GitHub\BlockyOS\compile\cache\c.blake2b-ref.o C:\GitHub\BlockyOS\compile\cache\c.blake2bp-ref.o C:\GitHub\BlockyOS\compile\cache\c.blake2s-ref.o C:\GitHub\BlockyOS\compile\cache\c.blake2sp-ref.o C:\GitHub\BlockyOS\compile\cache\c.blake2xb-ref.o C:\GitHub\BlockyOS\compile\cache\c.blake2xs-ref.o C:\GitHub\BlockyOS\compile\cache\c.PCIe.o C:\GitHub\BlockyOS\compile\cache\asm.UTILS.o C:/GitHub/BlockyOS/src/kernel/libcrt/alibcrt.def -Wl,-flinker-output=dyn -Wl,-nostdlib -Wl,--emit-relocs -Wl,-shared -Wl,-Bsymbolic -Wl,-Map,C:\GitHub\BlockyOS\src\kernel\libcrt\alibcrt.map -fdiagnostics-color=always -fno-diagnostics-show-highlight-colors -nostartfiles -nodefaultlibs -o C:/GitHub/BlockyOS/Build/Build-nodate/root-part/libcrt.dll
Build finished successfully -> C:/GitHub/BlockyOS/Build/Build-nodate/root-part/libcrt.dll


[SHELL]	PE2EXEC.MAKE
C:\GitHub\BlockyOS\tools\executable-format\exechandler.exe C:/GitHub/BlockyOS/Build/Build-nodate/root-part/libcrt.dll C:/GitHub/BlockyOS/Build/Build-nodate/root-part/libcrt.service -od -L C:/GitHub/BlockyOS/src/kernel/libcrt/alibcrt.log

[(null):1975714416:DumpBeHeader]	Writing 1859720839235 bytes to 4096
[(null):1975714416:DumpBeHeader]	Writing 140716013518915 bytes to 140716013522944
[(null):1975714416:DumpBeHeader]	Writing 140716013518915 bytes to 140716013522944
[(null):1975714416:DumpBeHeader]	Writing 140716013518915 bytes to 140716013522944
[(null):1975714416:DumpBeHeader]	Writing 140716013518915 bytes to 140716013522944
[C:\GitHub\BlockyOS\tools\executable-format\exec.c:679:CreateResourceSection]
[(null):1975714416:DumpBeHeader]	Writing 140716013518915 bytes to 140716013522944
[C:\GitHub\BlockyOS\tools\executable-format\exec.c:723:CreateResourceSection]
[(null):1975714416:DumpBeHeader]	Writing 140716013518915 bytes to 140716013522944
[C:\GitHub\BlockyOS\tools\executable-format\exec.c:746:CreateResourceSection]
[(null):1975714416:DumpBeHeader]	Writing 140716013518915 bytes to 140716013522944
[(null):1975714416:DumpBeHeader]	Writing 140716013518915 bytes to 140716013522944
[C:\GitHub\BlockyOS\Build\Build-nodate\root-part\libcrt.service]
Header: {
  .Magic	17730
  .SystemSection	.rsrc
  .NSections	9
  .RawHeaderSize	4096
  .SectionTabeOffset	52
    [0]: {
      .Magic	0
      .Name	
      .Flags	(null)
      .Alignment	0
      .VirtualAddress	0
      .VirtualSize	0
      .RawPointer	0
      .RawSize	0
      {
        
        
        
        
      }
    
    [1]: {
      .Magic	5457218
      .Name	.code
      .Flags	SFExecutable SFReadable 
      .Alignment	4
      .VirtualAddress	4096
      .VirtualSize	135952
      .RawPointer	4104
      .RawSize	136192
[C:\GitHub\BlockyOS\tools\executable-format\exec.c:145:ReadSection]	Reading 136192 from 4104
      {
        b8 00 00 c1 e3 00 00 f8 
        07 b9 00 eb 01 b9 00 72 
        00 00 0f 12 00 64 0f 07 
        00 00 a2 81 00 00 c7 e2 
      }
    
    [2]: {
      .Magic	5457218
      .Name	.data
      .Flags	SFInitData SFReadable SFWritable 
      .Alignment	4
      .VirtualAddress	143360
      .VirtualSize	2240
      .RawPointer	140296
      .RawSize	2560
[C:\GitHub\BlockyOS\tools\executable-format\exec.c:145:ReadSection]	Reading 2560 from 140296
      {
        53 53 00 33 53 53 2e 53 
        53 53 53 00 45 53 31 45 
        45 45 53 53 33 45 00 34 
        00 32 45 53 00 34 53 2e 
      }
    
    [3]: {
      .Magic	5457218
      .Name	.rodata
      .Flags	SFInitData SFReadable 
      .Alignment	4
      .VirtualAddress	147456
      .VirtualSize	5536
      .RawPointer	142856
      .RawSize	5632
[C:\GitHub\BlockyOS\tools\executable-format\exec.c:145:ReadSection]	Reading 5632 from 142856
      {
        10 01 2c 01 48 01 64 01 
        f0 00 f3 00 f6 00 f9 00 
        01 00 01 00 01 00 01 00 
        80 00 80 00 80 00 80 00 
      }
    
    [4]: {
      .Magic	5457218
      .Name	.RelS
      .Flags	SFInitData SFReadable 
      .Alignment	4
      .VirtualAddress	0
      .VirtualSize	2696
      .RawPointer	148488
      .RawSize	2696
[C:\GitHub\BlockyOS\tools\executable-format\exec.c:145:ReadSection]	Reading 2696 from 148488
      Header: {
        .DirectoryTable	148508
        .UnusedBytes	150672
        .NRelocationDirectories	1859720839173
        [0]: {
          .BaseAddress	12288
          .DirectorySize	76(16 Entries)
             [0]: {
            .Type	BRET64
            .Offset	1626(0x365A)
          } [1]: {
            .Type	BRET64
            .Offset	1650(0x3672)
          } [2]: {
            .Type	BRET64
            .Offset	1674(0x368A)
          } [3]: {
            .Type	BRET64
            .Offset	1698(0x36A2)
          } [4]: {
            .Type	BRET64
            .Offset	1722(0x36BA)
          } [5]: {
            .Type	BRET64
            .Offset	1746(0x36D2)
          } [6]: {
            .Type	BRET64
            .Offset	1770(0x36EA)
          } [7]: {
            .Type	BRET64
            .Offset	1794(0x3702)
          }
        }
        [1]: {
          .BaseAddress	143360
          .DirectorySize	1004(248 Entries)
             [0]: {
            .Type	BRET64
            .Offset	192(0x230C0)
          } [1]: {
            .Type	BRET64
            .Offset	200(0x230C8)
          } [2]: {
            .Type	BRET64
            .Offset	208(0x230D0)
          } [3]: {
            .Type	BRET64
            .Offset	216(0x230D8)
          } [4]: {
            .Type	BRET64
            .Offset	224(0x230E0)
          } [5]: {
            .Type	BRET64
            .Offset	232(0x230E8)
          } [6]: {
            .Type	BRET64
            .Offset	240(0x230F0)
          } [7]: {
            .Type	BRET64
            .Offset	248(0x230F8)
          }
        }
        [2]: {
          .BaseAddress	147456
          .DirectorySize	1044(258 Entries)
             [0]: {
            .Type	BRET64
            .Offset	0(0x24000)
          } [1]: {
            .Type	BRET64
            .Offset	8(0x24008)
          } [2]: {
            .Type	BRET64
            .Offset	16(0x24010)
          } [3]: {
            .Type	BRET64
            .Offset	24(0x24018)
          } [4]: {
            .Type	BRET64
            .Offset	32(0x24020)
          } [5]: {
            .Type	BRET64
            .Offset	40(0x24028)
          } [6]: {
            .Type	BRET64
            .Offset	48(0x24030)
          } [7]: {
            .Type	BRET64
            .Offset	56(0x24038)
          }
        }
        [3]: {
          .BaseAddress	151552
          .DirectorySize	28(4 Entries)
             [0]: {
            .Type	BRET64
            .Offset	160(0x250A0)
          } [1]: {
            .Type	BRET64
            .Offset	192(0x250C0)
          } [2]: {
            .Type	BRET64
            .Offset	208(0x250D0)
          } [3]: {
            .Type	BRET64
            .Offset	224(0x250E0)
          }
        }
        [4]: {
          .BaseAddress	0
          .DirectorySize	12(0 Entries)
            
        }
      }
    
    [5]: {
      .Magic	5457218
      .Name	.ImportIn
      .Flags	SFInitData SFReadable 
      .Alignment	4
      .VirtualAddress	0
      .VirtualSize	0
      .RawPointer	151184
      .RawSize	20
[C:\GitHub\BlockyOS\tools\executable-format\exec.c:145:ReadSection]	Reading 20 from 151184
      Header: {
        .NDlls	0
        .DllImportPathTableRVO	151204
        .DllImportTableRVO	151204
      }
    
    [6]: {
      .Magic	5457218
      .Name	.ExportOut
      .Flags	SFInitData SFReadable 
      .Alignment	4
      .VirtualAddress	0
      .VirtualSize	0
      .RawPointer	151204
      .RawSize	4172
[C:\GitHub\BlockyOS\tools\executable-format\exec.c:145:ReadSection]	Reading 4172 from 151204
      Header: {
        .NExported	92
        .ExportTableRVO	151228
        .ExportNameRVO	154172
        .NExportAddresses	92[C:\GitHub\BlockyOS\tools\executable-format\exechandler.exe|-1073741819]

[C:\GitHub\BlockyOS\tools\executable-format\exec.c:177:WriteSection]	Writing 136192 to 4104
[C:\GitHub\BlockyOS\tools\executable-format\exec.c:177:WriteSection]	Writing 2560 to 140296
[C:\GitHub\BlockyOS\tools\executable-format\exec.c:177:WriteSection]	Writing 5632 to 142856
[C:\GitHub\BlockyOS\tools\executable-format\exec.c:177:WriteSection]	Writing 2696 to 148488
[C:\GitHub\BlockyOS\tools\executable-format\exec.c:177:WriteSection]	Writing 2696 to 148488
[C:\GitHub\BlockyOS\tools\executable-format\exec.c:681:CreateResourceSection]
[C:\GitHub\BlockyOS\tools\executable-format\exec.c:177:WriteSection]	Writing 20 to 151184
[C:\GitHub\BlockyOS\tools\executable-format\exec.c:725:CreateResourceSection]
[C:\GitHub\BlockyOS\tools\executable-format\exec.c:177:WriteSection]	Writing 20 to 151184
[C:\GitHub\BlockyOS\tools\executable-format\exec.c:177:WriteSection]	Writing 4172 to 151204
[C:\GitHub\BlockyOS\tools\executable-format\exec.c:177:WriteSection]	Writing 4172 to 151204
[C:\GitHub\BlockyOS\tools\executable-format\exec.c:748:CreateResourceSection]
[C:\GitHub\BlockyOS\tools\executable-format\exec.c:177:WriteSection]	Writing 9536 to 155376
[C:\GitHub\BlockyOS\tools\executable-format\exec.c:177:WriteSection]	Writing 4096 to 164912
[C:\GitHub\BlockyOS\Build\Build-nodate\root-part\libcrt.service]
Header: {
  .Magic	17730
  .SystemSection	.rsrc
  .NSections	9
  .RawHeaderSize	4096
  .SectionTabeOffset	52
    [0]: {
      .Magic	0
      .Name	
      .Flags	(null)
      .Alignment	0
      .VirtualAddress	0
      .VirtualSize	0
      .RawPointer	0
      .RawSize	0
      {
        
        
        
        
      }
    
    [1]: {
      .Magic	5457218
      .Name	.code
      .Flags	SFExecutable SFReadable 
      .Alignment	1859720839172
      .VirtualAddress	4096
      .VirtualSize	135952
      .RawPointer	4104
      .RawSize	136192
[C:\GitHub\BlockyOS\tools\executable-format\exec.c:147:ReadSection]	Reading 136192 from 4104
      {
        b8 00 00 c1 e3 00 00 f8 
        07 b9 00 eb 01 b9 00 72 
        00 00 0f 12 00 64 0f 07 
        00 00 a2 81 00 00 c7 e2 
      }
    
    [2]: {
      .Magic	5457218
      .Name	.data
      .Flags	SFInitData SFReadable SFWritable 
      .Alignment	1859720839172
      .VirtualAddress	143360
      .VirtualSize	2240
      .RawPointer	140296
      .RawSize	2560
[C:\GitHub\BlockyOS\tools\executable-format\exec.c:147:ReadSection]	Reading 2560 from 140296
      {
        53 53 00 33 53 53 2e 53 
        53 53 53 00 45 53 31 45 
        45 45 53 53 33 45 00 34 
        00 32 45 53 00 34 53 2e 
      }
    
    [3]: {
      .Magic	5457218
      .Name	.rodata
      .Flags	SFInitData SFReadable 
      .Alignment	1859720839172
      .VirtualAddress	147456
      .VirtualSize	5536
      .RawPointer	142856
      .RawSize	5632
[C:\GitHub\BlockyOS\tools\executable-format\exec.c:147:ReadSection]	Reading 5632 from 142856
      {
        10 01 2c 01 48 01 64 01 
        f0 00 f3 00 f6 00 f9 00 
        01 00 01 00 01 00 01 00 
        80 00 80 00 80 00 80 00 
      }
    
    [4]: {
      .Magic	5457218
      .Name	.RelS
      .Flags	SFInitData SFReadable 
      .Alignment	1859720839172
      .VirtualAddress	0
      .VirtualSize	2696
      .RawPointer	148488
      .RawSize	2696
[C:\GitHub\BlockyOS\tools\executable-format\exec.c:147:ReadSection]	Reading 2696 from 148488
      Header: {
        .DirectoryTable	148508
        .UnusedBytes	150672
        .NRelocationDirectories	5
        [0]: {
          .BaseAddress	12288
          .DirectorySize	76(16 Entries)
             [0]: {
            .Type	BRET64
            .Offset	1626(0x365A)
          } [1]: {
            .Type	BRET64
            .Offset	1650(0x3672)
          } [2]: {
            .Type	BRET64
            .Offset	1674(0x368A)
          } [3]: {
            .Type	BRET64
            .Offset	1698(0x36A2)
          } [4]: {
            .Type	BRET64
            .Offset	1722(0x36BA)
          } [5]: {
            .Type	BRET64
            .Offset	1746(0x36D2)
          } [6]: {
            .Type	BRET64
            .Offset	1770(0x36EA)
          } [7]: {
         
[SHELL]	FSFRAT.OPEN
[SHELL]	FSFRAT.MOUNT
[SHELL OUT]: FSFRAT DRIVERHiHiSTDOUT
[SHELL OUT]: >> 
[SHELL OUT]: FS-Root Blob:
[SHELL OUT]:     Version: [0:524288]
[SHELL OUT]:     Sig: 
[SHELL OUT]:     Configured Log Sectors: 2
[SHELL OUT]:     Configured Block Size: 0
[SHELL OUT]:     Configured Cluster-Map Size: 16711743
[SHELL OUT]: FS-Root Blob:
[SHELL OUT]:     Version: [1:0]
[SHELL OUT]:     Configured Log Sectors: 5
[SHELL OUT]:     Configured Block Size: 512
[SHELL OUT]:     Sig: FRAT_FILESYSTEM
Initializing CGCC.MAKE build process...
Skipping C:\GitHub\BlockyOS\src\kernel\libcrt\hardware\RNG\RNG.asm - up to date; source=2026-09-02T19:29:50.4588980Z, stored=09/02/2026 19:29:50
Skipping C:\GitHub\BlockyOS\src\kernel\libcrt\hardware\RNG\RNG.c - up to date; source=2026-09-01T19:51:35.2375749Z, stored=09/01/2026 19:51:35
Skipping C:\GitHub\BlockyOS\src\kernel\libcrt\hardware\GDT\GDT.asm - up to date; source=2026-09-02T19:29:50.4759038Z, stored=09/02/2026 19:29:50
Skipping C:\GitHub\BlockyOS\src\kernel\libcrt\hardware\GDT\GDT.c - up to date; source=2026-08-31T20:29:21.6186178Z, stored=08/31/2026 20:29:21
Skipping C:\GitHub\BlockyOS\src\kernel\libcrt\hardware\paging\paging.asm - up to date; source=2026-09-02T19:29:50.4619061Z, stored=09/02/2026 19:29:50
Skipping C:\GitHub\BlockyOS\src\kernel\libcrt\hardware\paging\paging.c - up to date; source=2026-09-01T20:10:14.1486119Z, stored=09/01/2026 20:10:14
Skipping C:\GitHub\BlockyOS\src\kernel\libcrt\hardware\SSE\SSE.asm - up to date; source=2026-09-02T19:29:50.4759038Z, stored=09/02/2026 19:29:50
Skipping C:\GitHub\BlockyOS\src\kernel\libcrt\hardware\SSE\SSE.c - up to date; source=2026-09-01T15:31:49.0191638Z, stored=09/01/2026 15:31:49
Skipping C:\GitHub\BlockyOS\src\kernel\libcrt\memory\memory.c - up to date; source=2026-09-01T14:27:41.5007315Z, stored=09/01/2026 14:27:41
Skipping C:\GitHub\BlockyOS\src\kernel\libcrt\memory\string.c - up to date; source=2026-08-31T17:22:17.0368394Z, stored=08/31/2026 17:22:17
Skipping C:\GitHub\BlockyOS\src\kernel\libcrt\hardware\paging\palloc.c - up to date; source=2026-09-01T20:10:14.1506184Z, stored=09/01/2026 20:10:14
Skipping C:\GitHub\BlockyOS\src\kernel\libcrt\memory\allocator\palloc.c - up to date; source=2026-09-02T18:08:03.4509785Z, stored=09/02/2026 18:08:03
Skipping C:\GitHub\BlockyOS\src\kernel\libcrt\memory\allocator\mmalloc.c - up to date; source=2026-09-01T00:47:09.6602809Z, stored=09/01/2026 00:47:09
Skipping C:\GitHub\BlockyOS\src\kernel\libcrt\math\math.c - up to date; source=2026-09-02T20:24:18.8720404Z, stored=09/02/2026 20:24:18
Skipping C:\GitHub\BlockyOS\src\kernel\libcrt\hardware\IO\IO.asm - up to date; source=2026-09-02T19:29:50.4759038Z, stored=09/02/2026 19:29:50
Skipping C:\GitHub\BlockyOS\src\kernel\libcrt\hardware\IDT\IDT.asm - up to date; source=2026-09-02T19:29:50.4759038Z, stored=09/02/2026 19:29:50
Skipping C:\GitHub\BlockyOS\src\kernel\libcrt\hardware\IDT\ISR.asm - up to date; source=2026-09-02T19:08:06.2288527Z, stored=09/02/2026 19:08:06
Skipping C:\GitHub\BlockyOS\src\kernel\libcrt\hardware\IDT\ISR.c - up to date; source=2026-09-02T18:48:44.0968136Z, stored=09/02/2026 18:48:44
Skipping C:\GitHub\BlockyOS\src\kernel\libcrt\hardware\ACPI\ACPI.c - up to date; source=2026-08-31T20:25:27.3210120Z, stored=08/31/2026 20:25:27
Skipping C:\GitHub\BlockyOS\src\kernel\libcrt\hardware\IDT\APIC\APIC.c - up to date; source=2026-08-31T17:22:17.1088393Z, stored=08/31/2026 17:22:17
Skipping C:\GitHub\BlockyOS\src\kernel\libcrt\hardware\IDT\APIC\IOAPIC.c - up to date; source=2026-08-31T23:06:36.2138524Z, stored=08/31/2026 23:06:36
Skipping C:\GitHub\BlockyOS\src\kernel\libcrt\hardware\IDT\APIC\LocalAPIC.c - up to date; source=2026-09-01T14:06:58.1209403Z, stored=09/01/2026 14:06:58
Skipping C:\GitHub\BlockyOS\src\kernel\libcrt\hardware\IDT\APIC\LocalAPICTimer.c - up to date; source=2026-09-01T19:52:35.3774846Z, stored=09/01/2026 19:52:35
Skipping C:\GitHub\BlockyOS\src\kernel\libcrt\hardware\hardware.c - up to date; source=2026-09-01T16:46:09.0571163Z, stored=09/01/2026 16:46:09
Skipping C:\GitHub\BlockyOS\src\kernel\libcrt\BLAKE2\blake2b-ref.c - up to date; source=2026-08-31T20:05:16.6578387Z, stored=08/31/2026 20:05:16
Skipping C:\GitHub\BlockyOS\src\kernel\libcrt\BLAKE2\blake2bp-ref.c - up to date; source=2026-08-31T20:05:20.6816175Z, stored=08/31/2026 20:05:20
Skipping C:\GitHub\BlockyOS\src\kernel\libcrt\BLAKE2\blake2s-ref.c - up to date; source=2026-08-31T20:05:24.7027041Z, stored=08/31/2026 20:05:24
Skipping C:\GitHub\BlockyOS\src\kernel\libcrt\BLAKE2\blake2sp-ref.c - up to date; source=2026-08-31T20:05:27.6610089Z, stored=08/31/2026 20:05:27
Skipping C:\GitHub\BlockyOS\src\kernel\libcrt\BLAKE2\blake2xb-ref.c - up to date; source=2026-09-01T14:03:25.3444410Z, stored=09/01/2026 14:03:25
Skipping C:\GitHub\BlockyOS\src\kernel\libcrt\BLAKE2\blake2xs-ref.c - up to date; source=2026-08-31T17:22:17.0728377Z, stored=08/31/2026 17:22:17
Skipping C:\GitHub\BlockyOS\src\kernel\libcrt\hardware\PCIe\PCIe.c - up to date; source=2026-08-31T23:54:42.2532022Z, stored=08/31/2026 23:54:42
Skipping C:\GitHub\BlockyOS\src\kernel\libcrt\hardware\SSE\UTILS.asm - up to date; source=2026-09-01T00:20:39.1738118Z, stored=09/01/2026 00:20:39
Skipping C:\GitHub\BlockyOS\src\kernel\libcrt\alibcrt.def - up to date; source=2026-09-01T20:03:41.5382359Z, stored=09/01/2026 20:03:41
gcc C:\GitHub\BlockyOS\compile\cache\asm.RNG.o C:\GitHub\BlockyOS\compile\cache\c.RNG.o C:\GitHub\BlockyOS\compile\cache\asm.GDT.o C:\GitHub\BlockyOS\compile\cache\c.GDT.o C:\GitHub\BlockyOS\compile\cache\asm.paging.o C:\GitHub\BlockyOS\compile\cache\c.paging.o C:\GitHub\BlockyOS\compile\cache\asm.SSE.o C:\GitHub\BlockyOS\compile\cache\c.SSE.o C:\GitHub\BlockyOS\compile\cache\c.memory.o C:\GitHub\BlockyOS\compile\cache\c.string.o C:\GitHub\BlockyOS\compile\cache\c.palloc.o C:\GitHub\BlockyOS\compile\cache\c.palloc(1).o C:\GitHub\BlockyOS\compile\cache\c.mmalloc.o C:\GitHub\BlockyOS\compile\cache\c.math.o C:\GitHub\BlockyOS\compile\cache\asm.IO.o C:\GitHub\BlockyOS\compile\cache\asm.IDT.o C:\GitHub\BlockyOS\compile\cache\asm.ISR.o C:\GitHub\BlockyOS\compile\cache\c.ISR.o C:\GitHub\BlockyOS\compile\cache\c.ACPI.o C:\GitHub\BlockyOS\compile\cache\c.APIC.o C:\GitHub\BlockyOS\compile\cache\c.IOAPIC.o C:\GitHub\BlockyOS\compile\cache\c.LocalAPIC.o C:\GitHub\BlockyOS\compile\cache\c.LocalAPICTimer.o C:\GitHub\BlockyOS\compile\cache\c.hardware.o C:\GitHub\BlockyOS\compile\cache\c.blake2b-ref.o C:\GitHub\BlockyOS\compile\cache\c.blake2bp-ref.o C:\GitHub\BlockyOS\compile\cache\c.blake2s-ref.o C:\GitHub\BlockyOS\compile\cache\c.blake2sp-ref.o C:\GitHub\BlockyOS\compile\cache\c.blake2xb-ref.o C:\GitHub\BlockyOS\compile\cache\c.blake2xs-ref.o C:\GitHub\BlockyOS\compile\cache\c.PCIe.o C:\GitHub\BlockyOS\compile\cache\asm.UTILS.o C:/GitHub/BlockyOS/src/kernel/libcrt/alibcrt.def -Wl,-flinker-output=dyn -Wl,-nostdlib -Wl,--emit-relocs -Wl,-shared -Wl,-Bsymbolic -Wl,-Map,C:\GitHub\BlockyOS\src\kernel\libcrt\alibcrt.map -fdiagnostics-color=always -fno-diagnostics-show-highlight-colors -nostartfiles -nodefaultlibs -o C:/GitHub/BlockyOS/Build/Build-nodate/root-part/libcrt.dll
Build finished successfully -> C:/GitHub/BlockyOS/Build/Build-nodate/root-part/libcrt.dll


[SHELL]	PE2EXEC.MAKE
C:\GitHub\BlockyOS\tools\executable-format\exechandler.exe C:/GitHub/BlockyOS/Build/Build-nodate/root-part/libcrt.dll C:/GitHub/BlockyOS/Build/Build-nodate/root-part/libcrt.service -od -L C:/GitHub/BlockyOS/src/kernel/libcrt/alibcrt.log

[(null):779158128:DumpBeHeader]	Writing 2551210573891 bytes to 4096
[(null):779158128:DumpBeHeader]	Writing 140716013518915 bytes to 140716013522944
[(null):779158128:DumpBeHeader]	Writing 140716013518915 bytes to 140716013522944
[(null):779158128:DumpBeHeader]	Writing 140716013518915 bytes to 140716013522944
[(null):779158128:DumpBeHeader]	Writing 140716013518915 bytes to 140716013522944
[C:\GitHub\BlockyOS\tools\executable-format\exec.c:679:CreateResourceSection]
[(null):779158128:DumpBeHeader]	Writing 140716013518915 bytes to 140716013522944
[C:\GitHub\BlockyOS\tools\executable-format\exec.c:723:CreateResourceSection]
[(null):779158128:DumpBeHeader]	Writing 140716013518915 bytes to 140716013522944
[C:\GitHub\BlockyOS\tools\executable-format\exec.c:746:CreateResourceSection]
[(null):779158128:DumpBeHeader]	Writing 140716013518915 bytes to 140716013522944
[(null):779158128:DumpBeHeader]	Writing 140716013518915 bytes to 140716013522944
[C:\GitHub\BlockyOS\Build\Build-nodate\root-part\libcrt.service]
Header: {
  .Magic	17730
  .SystemSection	.rsrc
  .NSections	9
  .RawHeaderSize	4096
  .SectionTabeOffset	52
    [0]: {
      .Magic	0
      .Name	
      .Flags	(null)
      .Alignment	0
      .VirtualAddress	0
      .VirtualSize	0
      .RawPointer	0
      .RawSize	0
      {
        
        
        
        
      }
    
    [1]: {
      .Magic	5457218
      .Name	.code
      .Flags	SFExecutable SFReadable 
      .Alignment	4
      .VirtualAddress	4096
      .VirtualSize	135952
      .RawPointer	4104
      .RawSize	136192
[C:\GitHub\BlockyOS\tools\executable-format\exec.c:145:ReadSection]	Reading 136192 from 4104
      {
        b8 00 00 c1 e3 00 00 f8 
        07 b9 00 eb 01 b9 00 72 
        00 00 0f 12 00 64 0f 07 
        00 00 a2 81 00 00 c7 e2 
      }
    
    [2]: {
      .Magic	5457218
      .Name	.data
      .Flags	SFInitData SFReadable SFWritable 
      .Alignment	4
      .VirtualAddress	143360
      .VirtualSize	2240
      .RawPointer	140296
      .RawSize	2560
[C:\GitHub\BlockyOS\tools\executable-format\exec.c:145:ReadSection]	Reading 2560 from 140296
      {
        53 53 00 33 53 53 2e 53 
        53 53 53 00 45 53 31 45 
        45 45 53 53 33 45 00 34 
        00 32 45 53 00 34 53 2e 
      }
    
    [3]: {
      .Magic	5457218
      .Name	.rodata
      .Flags	SFInitData SFReadable 
      .Alignment	4
      .VirtualAddress	147456
      .VirtualSize	5536
      .RawPointer	142856
      .RawSize	5632
[C:\GitHub\BlockyOS\tools\executable-format\exec.c:145:ReadSection]	Reading 5632 from 142856
      {
        10 01 2c 01 48 01 64 01 
        f0 00 f3 00 f6 00 f9 00 
        01 00 01 00 01 00 01 00 
        80 00 80 00 80 00 80 00 
      }
    
    [4]: {
      .Magic	5457218
      .Name	.RelS
      .Flags	SFInitData SFReadable 
      .Alignment	4
      .VirtualAddress	0
      .VirtualSize	2696
      .RawPointer	148488
      .RawSize	2696
[C:\GitHub\BlockyOS\tools\executable-format\exec.c:145:ReadSection]	Reading 2696 from 148488
      Header: {
        .DirectoryTable	148508
        .UnusedBytes	150672
        .NRelocationDirectories	2551210573829
        [0]: {
          .BaseAddress	12288
          .DirectorySize	76(16 Entries)
             [0]: {
            .Type	BRET64
            .Offset	1626(0x365A)
          } [1]: {
            .Type	BRET64
            .Offset	1650(0x3672)
          } [2]: {
            .Type	BRET64
            .Offset	1674(0x368A)
          } [3]: {
            .Type	BRET64
            .Offset	1698(0x36A2)
          } [4]: {
            .Type	BRET64
            .Offset	1722(0x36BA)
          } [5]: {
            .Type	BRET64
            .Offset	1746(0x36D2)
          } [6]: {
            .Type	BRET64
            .Offset	1770(0x36EA)
          } [7]: {
            .Type	BRET64
            .Offset	1794(0x3702)
          }
        }
        [1]: {
          .BaseAddress	143360
          .DirectorySize	1004(248 Entries)
             [0]: {
            .Type	BRET64
            .Offset	192(0x230C0)
          } [1]: {
            .Type	BRET64
            .Offset	200(0x230C8)
          } [2]: {
            .Type	BRET64
            .Offset	208(0x230D0)
          } [3]: {
            .Type	BRET64
            .Offset	216(0x230D8)
          } [4]: {
            .Type	BRET64
            .Offset	224(0x230E0)
          } [5]: {
            .Type	BRET64
            .Offset	232(0x230E8)
          } [6]: {
            .Type	BRET64
            .Offset	240(0x230F0)
          } [7]: {
            .Type	BRET64
            .Offset	248(0x230F8)
          }
        }
        [2]: {
          .BaseAddress	147456
          .DirectorySize	1044(258 Entries)
             [0]: {
            .Type	BRET64
            .Offset	0(0x24000)
          } [1]: {
            .Type	BRET64
            .Offset	8(0x24008)
          } [2]: {
            .Type	BRET64
            .Offset	16(0x24010)
          } [3]: {
            .Type	BRET64
            .Offset	24(0x24018)
          } [4]: {
            .Type	BRET64
            .Offset	32(0x24020)
          } [5]: {
            .Type	BRET64
            .Offset	40(0x24028)
          } [6]: {
            .Type	BRET64
            .Offset	48(0x24030)
          } [7]: {
            .Type	BRET64
            .Offset	56(0x24038)
          }
        }
        [3]: {
          .BaseAddress	151552
          .DirectorySize	28(4 Entries)
             [0]: {
            .Type	BRET64
            .Offset	160(0x250A0)
          } [1]: {
            .Type	BRET64
            .Offset	192(0x250C0)
          } [2]: {
            .Type	BRET64
            .Offset	208(0x250D0)
          } [3]: {
            .Type	BRET64
            .Offset	224(0x250E0)
          }
        }
        [4]: {
          .BaseAddress	0
          .DirectorySize	12(0 Entries)
            
        }
      }
    
    [5]: {
      .Magic	5457218
      .Name	.ImportIn
      .Flags	SFInitData SFReadable 
      .Alignment	4
      .VirtualAddress	0
      .VirtualSize	0
      .RawPointer	151184
      .RawSize	20
[C:\GitHub\BlockyOS\tools\executable-format\exec.c:145:ReadSection]	Reading 20 from 151184
      Header: {
        .NDlls	0
        .DllImportPathTableRVO	151204
        .DllImportTableRVO	151204
      }
    
    [6]: {
      .Magic	5457218
      .Name	.ExportOut
      .Flags	SFInitData SFReadable 
      .Alignment	4
      .VirtualAddress	0
      .VirtualSize	0
      .RawPointer	151204
      .RawSize	4172
[C:\GitHub\BlockyOS\tools\executable-format\exec.c:145:ReadSection]	Reading 4172 from 151204
      Header: {
        .NExported	92
        .ExportTableRVO	151228
        .ExportNameRVO	154172
        .NExportAddresses	92[C:\GitHub\BlockyOS\tools\executable-format\exechandler.exe|-1073741819]

[C:\GitHub\BlockyOS\tools\executable-format\exec.c:177:WriteSection]	Writing 136192 to 4104
[C:\GitHub\BlockyOS\tools\executable-format\exec.c:177:WriteSection]	Writing 2560 to 140296
[C:\GitHub\BlockyOS\tools\executable-format\exec.c:177:WriteSection]	Writing 5632 to 142856
[C:\GitHub\BlockyOS\tools\executable-format\exec.c:177:WriteSection]	Writing 2696 to 148488
[C:\GitHub\BlockyOS\tools\executable-format\exec.c:177:WriteSection]	Writing 2696 to 148488
[C:\GitHub\BlockyOS\tools\executable-format\exec.c:681:CreateResourceSection]
[C:\GitHub\BlockyOS\tools\executable-format\exec.c:177:WriteSection]	Writing 20 to 151184
[C:\GitHub\BlockyOS\tools\executable-format\exec.c:725:CreateResourceSection]
[C:\GitHub\BlockyOS\tools\executable-format\exec.c:177:WriteSection]	Writing 20 to 151184
[C:\GitHub\BlockyOS\tools\executable-format\exec.c:177:WriteSection]	Writing 4172 to 151204
[C:\GitHub\BlockyOS\tools\executable-format\exec.c:177:WriteSection]	Writing 4172 to 151204
[C:\GitHub\BlockyOS\tools\executable-format\exec.c:748:CreateResourceSection]
[C:\GitHub\BlockyOS\tools\executable-format\exec.c:177:WriteSection]	Writing 9536 to 155376
[C:\GitHub\BlockyOS\tools\executable-format\exec.c:177:WriteSection]	Writing 4096 to 164912
[C:\GitHub\BlockyOS\Build\Build-nodate\root-part\libcrt.service]
Header: {
  .Magic	17730
  .SystemSection	.rsrc
  .NSections	9
  .RawHeaderSize	4096
  .SectionTabeOffset	52
    [0]: {
      .Magic	0
      .Name	
      .Flags	(null)
      .Alignment	0
      .VirtualAddress	0
      .VirtualSize	0
      .RawPointer	0
      .RawSize	0
      {
        
        
        
        
      }
    
    [1]: {
      .Magic	5457218
      .Name	.code
      .Flags	SFExecutable SFReadable 
      .Alignment	2551210573828
      .VirtualAddress	4096
      .VirtualSize	135952
      .RawPointer	4104
      .RawSize	136192
[C:\GitHub\BlockyOS\tools\executable-format\exec.c:147:ReadSection]	Reading 136192 from 4104
      {
        b8 00 00 c1 e3 00 00 f8 
        07 b9 00 eb 01 b9 00 72 
        00 00 0f 12 00 64 0f 07 
        00 00 a2 81 00 00 c7 e2 
      }
    
    [2]: {
      .Magic	5457218
      .Name	.data
      .Flags	SFInitData SFReadable SFWritable 
      .Alignment	2551210573828
      .VirtualAddress	143360
      .VirtualSize	2240
      .RawPointer	140296
      .RawSize	2560
[C:\GitHub\BlockyOS\tools\executable-format\exec.c:147:ReadSection]	Reading 2560 from 140296
      {
        53 53 00 33 53 53 2e 53 
        53 53 53 00 45 53 31 45 
        45 45 53 53 33 45 00 34 
        00 32 45 53 00 34 53 2e 
      }
    
    [3]: {
      .Magic	5457218
      .Name	.rodata
      .Flags	SFInitData SFReadable 
      .Alignment	2551210573828
      .VirtualAddress	147456
      .VirtualSize	5536
      .RawPointer	142856
      .RawSize	5632
[C:\GitHub\BlockyOS\tools\executable-format\exec.c:147:ReadSection]	Reading 5632 from 142856
      {
        10 01 2c 01 48 01 64 01 
        f0 00 f3 00 f6 00 f9 00 
        01 00 01 00 01 00 01 00 
        80 00 80 00 80 00 80 00 
      }
    
    [4]: {
      .Magic	5457218
      .Name	.RelS
      .Flags	SFInitData SFReadable 
      .Alignment	2551210573828
      .VirtualAddress	0
      .VirtualSize	2696
      .RawPointer	148488
      .RawSize	2696
[C:\GitHub\BlockyOS\tools\executable-format\exec.c:147:ReadSection]	Reading 2696 from 148488
      Header: {
        .DirectoryTable	148508
        .UnusedBytes	150672
        .NRelocationDirectories	5
        [0]: {
          .BaseAddress	12288
          .DirectorySize	76(16 Entries)
             [0]: {
            .Type	BRET64
            .Offset	1626(0x365A)
          } [1]: {
            .Type	BRET64
            .Offset	1650(0x3672)
          } [2]: {
            .Type	BRET64
            .Offset	1674(0x368A)
          } [3]: {
            .Type	BRET64
            .Offset	1698(0x36A2)
          } [4]: {
            .Type	BRET64
            .Offset	1722(0x36BA)
          } [5]: {
            .Type	BRET64
            .Offset	1746(0x36D2)
          } [6]: {
            .Type	BRET64
            .Offset	1770(0x36EA)
          } [7]: {
         
[SHELL]	FSFRAT.OPEN
[SHELL]	FSFRAT.MOUNT
[SHELL OUT]: FSFRAT DRIVER
[SHELL OUT]: >> 
[SHELL OUT]: [C:\GitHub\BlockyOS\tools\filesystem\frat.c:193]  >>  Mounting FS Root: [C:/GitHub/BlockyOS/Build/Build-nodate/disk.img]
[SHELL OUT]: Verifying Disk GPT
[SHELL OUT]: [Parent:00007ff6798ed8f9] >>  C:/GitHub/BlockyOS/Build/Build-nodate/disk.img  ConfBlockSize: 512    Starting Disk Env ID: 
[SHELL OUT]: Reading Bytes
[SHELL OUT]: [Parent:00007ff6798ed914] >> Reading [92 bytes(s)->1 block(s)] to LBA[1(512)-2(1024)]
[SHELL OUT]: GPT Dump:
[SHELL OUT]:     Sig: "EFI PART"
[SHELL OUT]:     Rev: 65536
[SHELL OUT]:     Header-Size: 92
[SHELL OUT]:     Header Checksum: 358691599
[SHELL OUT]:     localLBA: 1
[SHELL OUT]:     altLBA: 2623490
[SHELL OUT]:     firstUsable: 2048
[SHELL OUT]:     lastUsable: 2623488
[SHELL OUT]:     Disk-GUID: 
[SHELL OUT]:     Partition-Table: 2
[SHELL OUT]:     # of Partition-Entries: 3
[SHELL OUT]:     Partition-Entry Size: 128
[SHELL OUT]:     Partition-Table Checksum: 801556421
[SHELL OUT]: Closing Disk Interface >> {C:/GitHub/BlockyOS/Build/Build-nodate/disk.img}
[SHELL OUT]: GPT Exists? true
[SHELL OUT]: [Parent:00007ff6798eee8f] >>  C:/GitHub/BlockyOS/Build/Build-nodate/disk.img  ConfBlockSize: 512    Starting Disk Env ID: 
[SHELL OUT]: Reading Bytes
[SHELL OUT]: [Parent:00007ff6798eeeb0] >> Reading [92 bytes(s)->1 block(s)] to LBA[1(512)-2(1024)]
[SHELL OUT]: [C:\GitHub\BlockyOS\tools\filesystem\frat.c:134]  >>  Querying Part Table
[SHELL OUT]: Reading Bytes
[SHELL OUT]: [Parent:00007ff6798ee700] >> Reading [384 bytes(s)->1 block(s)] to LBA[2(1024)-3(1536)]
[SHELL OUT]: [C:\GitHub\BlockyOS\tools\filesystem\frat.c:142]  >>  GPT-Entry: BOOT{2048:526335 -> 524287}
[SHELL OUT]: [C:\GitHub\BlockyOS\tools\filesystem\frat.c:156]  >>  Querying FS at 2048
[SHELL OUT]: Reading Bytes
[SHELL OUT]: [Parent:00007ff6798eeba4] >> Reading [36 bytes(s)->1 block(s)] to LBA[2048(1048576)-2049(1049088)]
[SHELL OUT]: FS-Root Blob:
[SHELL OUT]:     Version: [0:524288]
[SHELL OUT]:     Sig: 
[SHELL OUT]:     Configured Log Sectors: 2
[SHELL OUT]:     Configured Block Size: 0
[SHELL OUT]:     Configured Cluster-Map Size: 16711743
[SHELL OUT]: [C:\GitHub\BlockyOS\tools\filesystem\frat.c:142]  >>  GPT-Entry: ROOT{526336:2623487 -> 2097151}
[SHELL OUT]: [C:\GitHub\BlockyOS\tools\filesystem\frat.c:156]  >>  Querying FS at 526336
[SHELL OUT]: Reading Bytes
[SHELL OUT]: [Parent:00007ff6798eeba4] >> Reading [36 bytes(s)->1 block(s)] to LBA[526336(269484032)-526337(269484544)]
[SHELL OUT]: FS-Root Blob:
[SHELL OUT]:     Version: [1:0]
[SHELL OUT]:     Sig: FRAT_FILESYSTEM
[SHELL OUT]:     Configured Log Sectors: 5
[SHELL OUT]:     Configured Block Size: 512
[SHELL OUT]:     Configured Cluster-Map Size: 81920
[SHELL OUT]: [C:\GitHub\BlockyOS\tools\filesystem\frat.c:181]  >>  FS Found at [526336]:
[SHELL OUT]: 	Version-Code: [1:0]
[SHELL OUT]: 	Configured Block-Size: 512
[SHELL OUT]: 	Configured Cluster-Size: 81920
[SHELL OUT]: 	Configured # of Log-Sectors: 5
[SHELL OUT]: 	Configured Log-Size: 90
[SHELL OUT]: [C:\GitHub\BlockyOS\tools\filesystem\frat.c:205]  >>  Found Formatted Partition: 526336:2623487 -> 2097151
[SHELL OUT]: Reading Bytes
[SHELL OUT]: [Parent:00007ff6798eefe1] >> Reading [36 bytes(s)->1 block(s)] to LBA[526336(269484032)-526337(269484544)]
[SHELL OUT]: [C:\GitHub\BlockyOS\tools\filesystem\frat.c:218]  >>  Root: 526336:2623487 -> 2097151 LBAs
[SHELL OUT]: 	Version-Code: [1:0]
[SHELL OUT]: 	Configured Block-Size: 512
[SHELL OUT]: 	Configured Cluster-Size: 81920
[SHELL OUT]: 	Configured # of Log-Sectors: 81920
[SHELL OUT]: 	Configured Log-Size: 5
[SHELL OUT]: Reading Bytes
[SHELL OUT]: [Parent:00007ff6798ef31e] >> Reading [2560 bytes(s)->5 block(s)] to LBA[526337(269484544)-526342(269487104)]
[SHELL OUT]: Reading Bytes
[SHELL OUT]: [Parent:00007ff6798ef39a] >> Reading [81920 bytes(s)->160 block(s)] to LBA[526343(269487616)-526503(269569536)]
[SHELL OUT]:     Verifying FS Root Items #items: 4096
[SHELL OUT]: >> 
[SHELL OUT]: Mounting File [SYSD/LIBCRT.app] with "f"
[SHELL]	FSFRAT.WRITE
[SHELL OUT]: >> 
[SHELL OUT]: [Parent:00007ff6798f1405] >>  C:/GitHub/BlockyOS/Build/Build-nodate/disk.img  ConfBlockSize: 512    Starting Disk Env ID: 
[SHELL OUT]: Writing Bytes
[SHELL OUT]: [Parent:00007ff6798f142e] >> Writing [36 bytes(s)->1 block(s)] to LBA[0(0)-1(512)]
[SHELL OUT]: Writing Bytes
[SHELL OUT]: [Parent:00007ff6798f1465] >> Writing [81920 bytes(s)->160 block(s)] to LBA[7(3584)-167(85504)]
[SHELL OUT]: Closing Disk Interface >> {C:/GitHub/BlockyOS/Build/Build-nodate/disk.img}
Initializing CGCC.MAKE build process...
Skipping C:\GitHub\BlockyOS\src\kernel\libcrt\hardware\RNG\RNG.asm - up to date; source=2026-09-02T19:29:50.4588980Z, stored=09/02/2026 19:29:50
Skipping C:\GitHub\BlockyOS\src\kernel\libcrt\hardware\RNG\RNG.c - up to date; source=2026-09-01T19:51:35.2375749Z, stored=09/01/2026 19:51:35
Skipping C:\GitHub\BlockyOS\src\kernel\libcrt\hardware\GDT\GDT.asm - up to date; source=2026-09-02T19:29:50.4759038Z, stored=09/02/2026 19:29:50
Skipping C:\GitHub\BlockyOS\src\kernel\libcrt\hardware\GDT\GDT.c - up to date; source=2026-08-31T20:29:21.6186178Z, stored=08/31/2026 20:29:21
Skipping C:\GitHub\BlockyOS\src\kernel\libcrt\hardware\paging\paging.asm - up to date; source=2026-09-02T19:29:50.4619061Z, stored=09/02/2026 19:29:50
Skipping C:\GitHub\BlockyOS\src\kernel\libcrt\hardware\paging\paging.c - up to date; source=2026-09-01T20:10:14.1486119Z, stored=09/01/2026 20:10:14
Skipping C:\GitHub\BlockyOS\src\kernel\libcrt\hardware\SSE\SSE.asm - up to date; source=2026-09-02T19:29:50.4759038Z, stored=09/02/2026 19:29:50
Skipping C:\GitHub\BlockyOS\src\kernel\libcrt\hardware\SSE\SSE.c - up to date; source=2026-09-01T15:31:49.0191638Z, stored=09/01/2026 15:31:49
Skipping C:\GitHub\BlockyOS\src\kernel\libcrt\memory\memory.c - up to date; source=2026-09-01T14:27:41.5007315Z, stored=09/01/2026 14:27:41
Skipping C:\GitHub\BlockyOS\src\kernel\libcrt\memory\string.c - up to date; source=2026-08-31T17:22:17.0368394Z, stored=08/31/2026 17:22:17
Skipping C:\GitHub\BlockyOS\src\kernel\libcrt\hardware\paging\palloc.c - up to date; source=2026-09-01T20:10:14.1506184Z, stored=09/01/2026 20:10:14
Skipping C:\GitHub\BlockyOS\src\kernel\libcrt\memory\allocator\palloc.c - up to date; source=2026-09-02T18:08:03.4509785Z, stored=09/02/2026 18:08:03
Skipping C:\GitHub\BlockyOS\src\kernel\libcrt\memory\allocator\mmalloc.c - up to date; source=2026-09-01T00:47:09.6602809Z, stored=09/01/2026 00:47:09
Skipping C:\GitHub\BlockyOS\src\kernel\libcrt\math\math.c - up to date; source=2026-09-02T20:24:18.8720404Z, stored=09/02/2026 20:24:18
Skipping C:\GitHub\BlockyOS\src\kernel\libcrt\hardware\IO\IO.asm - up to date; source=2026-09-02T19:29:50.4759038Z, stored=09/02/2026 19:29:50
Skipping C:\GitHub\BlockyOS\src\kernel\libcrt\hardware\IDT\IDT.asm - up to date; source=2026-09-02T19:29:50.4759038Z, stored=09/02/2026 19:29:50
Skipping C:\GitHub\BlockyOS\src\kernel\libcrt\hardware\IDT\ISR.asm - up to date; source=2026-09-02T19:08:06.2288527Z, stored=09/02/2026 19:08:06
Skipping C:\GitHub\BlockyOS\src\kernel\libcrt\hardware\IDT\ISR.c - up to date; source=2026-09-02T18:48:44.0968136Z, stored=09/02/2026 18:48:44
Skipping C:\GitHub\BlockyOS\src\kernel\libcrt\hardware\ACPI\ACPI.c - up to date; source=2026-08-31T20:25:27.3210120Z, stored=08/31/2026 20:25:27
Skipping C:\GitHub\BlockyOS\src\kernel\libcrt\hardware\IDT\APIC\APIC.c - up to date; source=2026-08-31T17:22:17.1088393Z, stored=08/31/2026 17:22:17
Skipping C:\GitHub\BlockyOS\src\kernel\libcrt\hardware\IDT\APIC\IOAPIC.c - up to date; source=2026-08-31T23:06:36.2138524Z, stored=08/31/2026 23:06:36
Skipping C:\GitHub\BlockyOS\src\kernel\libcrt\hardware\IDT\APIC\LocalAPIC.c - up to date; source=2026-09-01T14:06:58.1209403Z, stored=09/01/2026 14:06:58
Skipping C:\GitHub\BlockyOS\src\kernel\libcrt\hardware\IDT\APIC\LocalAPICTimer.c - up to date; source=2026-09-01T19:52:35.3774846Z, stored=09/01/2026 19:52:35
Skipping C:\GitHub\BlockyOS\src\kernel\libcrt\hardware\hardware.c - up to date; source=2026-09-01T16:46:09.0571163Z, stored=09/01/2026 16:46:09
Skipping C:\GitHub\BlockyOS\src\kernel\libcrt\BLAKE2\blake2b-ref.c - up to date; source=2026-08-31T20:05:16.6578387Z, stored=08/31/2026 20:05:16
Skipping C:\GitHub\BlockyOS\src\kernel\libcrt\BLAKE2\blake2bp-ref.c - up to date; source=2026-08-31T20:05:20.6816175Z, stored=08/31/2026 20:05:20
Skipping C:\GitHub\BlockyOS\src\kernel\libcrt\BLAKE2\blake2s-ref.c - up to date; source=2026-08-31T20:05:24.7027041Z, stored=08/31/2026 20:05:24
Skipping C:\GitHub\BlockyOS\src\kernel\libcrt\BLAKE2\blake2sp-ref.c - up to date; source=2026-08-31T20:05:27.6610089Z, stored=08/31/2026 20:05:27
Skipping C:\GitHub\BlockyOS\src\kernel\libcrt\BLAKE2\blake2xb-ref.c - up to date; source=2026-09-01T14:03:25.3444410Z, stored=09/01/2026 14:03:25
Skipping C:\GitHub\BlockyOS\src\kernel\libcrt\BLAKE2\blake2xs-ref.c - up to date; source=2026-08-31T17:22:17.0728377Z, stored=08/31/2026 17:22:17
Skipping C:\GitHub\BlockyOS\src\kernel\libcrt\hardware\PCIe\PCIe.c - up to date; source=2026-08-31T23:54:42.2532022Z, stored=08/31/2026 23:54:42
Skipping C:\GitHub\BlockyOS\src\kernel\libcrt\hardware\SSE\UTILS.asm - up to date; source=2026-09-01T00:20:39.1738118Z, stored=09/01/2026 00:20:39
Skipping C:\GitHub\BlockyOS\src\kernel\libcrt\alibcrt.def - up to date; source=2026-09-01T20:03:41.5382359Z, stored=09/01/2026 20:03:41
gcc C:\GitHub\BlockyOS\compile\cache\asm.RNG.o C:\GitHub\BlockyOS\compile\cache\c.RNG.o C:\GitHub\BlockyOS\compile\cache\asm.GDT.o C:\GitHub\BlockyOS\compile\cache\c.GDT.o C:\GitHub\BlockyOS\compile\cache\asm.paging.o C:\GitHub\BlockyOS\compile\cache\c.paging.o C:\GitHub\BlockyOS\compile\cache\asm.SSE.o C:\GitHub\BlockyOS\compile\cache\c.SSE.o C:\GitHub\BlockyOS\compile\cache\c.memory.o C:\GitHub\BlockyOS\compile\cache\c.string.o C:\GitHub\BlockyOS\compile\cache\c.palloc.o C:\GitHub\BlockyOS\compile\cache\c.palloc(1).o C:\GitHub\BlockyOS\compile\cache\c.mmalloc.o C:\GitHub\BlockyOS\compile\cache\c.math.o C:\GitHub\BlockyOS\compile\cache\asm.IO.o C:\GitHub\BlockyOS\compile\cache\asm.IDT.o C:\GitHub\BlockyOS\compile\cache\asm.ISR.o C:\GitHub\BlockyOS\compile\cache\c.ISR.o C:\GitHub\BlockyOS\compile\cache\c.ACPI.o C:\GitHub\BlockyOS\compile\cache\c.APIC.o C:\GitHub\BlockyOS\compile\cache\c.IOAPIC.o C:\GitHub\BlockyOS\compile\cache\c.LocalAPIC.o C:\GitHub\BlockyOS\compile\cache\c.LocalAPICTimer.o C:\GitHub\BlockyOS\compile\cache\c.hardware.o C:\GitHub\BlockyOS\compile\cache\c.blake2b-ref.o C:\GitHub\BlockyOS\compile\cache\c.blake2bp-ref.o C:\GitHub\BlockyOS\compile\cache\c.blake2s-ref.o C:\GitHub\BlockyOS\compile\cache\c.blake2sp-ref.o C:\GitHub\BlockyOS\compile\cache\c.blake2xb-ref.o C:\GitHub\BlockyOS\compile\cache\c.blake2xs-ref.o C:\GitHub\BlockyOS\compile\cache\c.PCIe.o C:\GitHub\BlockyOS\compile\cache\asm.UTILS.o C:/GitHub/BlockyOS/src/kernel/libcrt/alibcrt.def -Wl,-flinker-output=dyn -Wl,-nostdlib -Wl,--emit-relocs -Wl,-shared -Wl,-Bsymbolic -Wl,-Map,C:\GitHub\BlockyOS\src\kernel\libcrt\alibcrt.map -fdiagnostics-color=always -fno-diagnostics-show-highlight-colors -nostartfiles -nodefaultlibs -o C:/GitHub/BlockyOS/Build/Build-nodate/root-part/libcrt.dll
Build finished successfully -> C:/GitHub/BlockyOS/Build/Build-nodate/root-part/libcrt.dll


[SHELL]	PE2EXEC.MAKE
C:\GitHub\BlockyOS\tools\executable-format\exechandler.exe C:/GitHub/BlockyOS/Build/Build-nodate/root-part/libcrt.dll C:/GitHub/BlockyOS/Build/Build-nodate/root-part/libcrt.service -od -L C:/GitHub/BlockyOS/src/kernel/libcrt/alibcrt.log

[(null):2609185392:DumpBeHeader]	Writing 1906965479491 bytes to 4096
[(null):2609185392:DumpBeHeader]	Writing 140716013518915 bytes to 140716013522944
[(null):2609185392:DumpBeHeader]	Writing 140716013518915 bytes to 140716013522944
[(null):2609185392:DumpBeHeader]	Writing 140716013518915 bytes to 140716013522944
[(null):2609185392:DumpBeHeader]	Writing 140716013518915 bytes to 140716013522944
[C:\GitHub\BlockyOS\tools\executable-format\exec.c:679:CreateResourceSection]
[(null):2609185392:DumpBeHeader]	Writing 140716013518915 bytes to 140716013522944
[C:\GitHub\BlockyOS\tools\executable-format\exec.c:723:CreateResourceSection]
[(null):2609185392:DumpBeHeader]	Writing 140716013518915 bytes to 140716013522944
[C:\GitHub\BlockyOS\tools\executable-format\exec.c:746:CreateResourceSection]
[(null):2609185392:DumpBeHeader]	Writing 140716013518915 bytes to 140716013522944
[(null):2609185392:DumpBeHeader]	Writing 140716013518915 bytes to 140716013522944
[C:\GitHub\BlockyOS\Build\Build-nodate\root-part\libcrt.service]
Header: {
  .Magic	17730
  .SystemSection	.rsrc
  .NSections	9
  .RawHeaderSize	4096
  .SectionTabeOffset	52
    [0]: {
      .Magic	0
      .Name	
      .Flags	(null)
      .Alignment	0
      .VirtualAddress	0
      .VirtualSize	0
      .RawPointer	0
      .RawSize	0
      {
        
        
        
        
      }
    
    [1]: {
      .Magic	5457218
      .Name	.code
      .Flags	SFExecutable SFReadable 
      .Alignment	4
      .VirtualAddress	4096
      .VirtualSize	135952
      .RawPointer	4104
      .RawSize	136192
[C:\GitHub\BlockyOS\tools\executable-format\exec.c:145:ReadSection]	Reading 136192 from 4104
      {
        b8 00 00 c1 e3 00 00 f8 
        07 b9 00 eb 01 b9 00 72 
        00 00 0f 12 00 64 0f 07 
        00 00 a2 81 00 00 c7 e2 
      }
    
    [2]: {
      .Magic	5457218
      .Name	.data
      .Flags	SFInitData SFReadable SFWritable 
      .Alignment	4
      .VirtualAddress	143360
      .VirtualSize	2240
      .RawPointer	140296
      .RawSize	2560
[C:\GitHub\BlockyOS\tools\executable-format\exec.c:145:ReadSection]	Reading 2560 from 140296
      {
        53 53 00 33 53 53 2e 53 
        53 53 53 00 45 53 31 45 
        45 45 53 53 33 45 00 34 
        00 32 45 53 00 34 53 2e 
      }
    
    [3]: {
      .Magic	5457218
      .Name	.rodata
      .Flags	SFInitData SFReadable 
      .Alignment	4
      .VirtualAddress	147456
      .VirtualSize	5536
      .RawPointer	142856
      .RawSize	5632
[C:\GitHub\BlockyOS\tools\executable-format\exec.c:145:ReadSection]	Reading 5632 from 142856
      {
        10 01 2c 01 48 01 64 01 
        f0 00 f3 00 f6 00 f9 00 
        01 00 01 00 01 00 01 00 
        80 00 80 00 80 00 80 00 
      }
    
    [4]: {
      .Magic	5457218
      .Name	.RelS
      .Flags	SFInitData SFReadable 
      .Alignment	4
      .VirtualAddress	0
      .VirtualSize	2696
      .RawPointer	148488
      .RawSize	2696
[C:\GitHub\BlockyOS\tools\executable-format\exec.c:145:ReadSection]	Reading 2696 from 148488
      Header: {
        .DirectoryTable	148508
        .UnusedBytes	150672
        .NRelocationDirectories	1906965479429
        [0]: {
          .BaseAddress	12288
          .DirectorySize	76(16 Entries)
             [0]: {
            .Type	BRET64
            .Offset	1626(0x365A)
          } [1]: {
            .Type	BRET64
            .Offset	1650(0x3672)
          } [2]: {
            .Type	BRET64
            .Offset	1674(0x368A)
          } [3]: {
            .Type	BRET64
            .Offset	1698(0x36A2)
          } [4]: {
            .Type	BRET64
            .Offset	1722(0x36BA)
          } [5]: {
            .Type	BRET64
            .Offset	1746(0x36D2)
          } [6]: {
            .Type	BRET64
            .Offset	1770(0x36EA)
          } [7]: {
            .Type	BRET64
            .Offset	1794(0x3702)
          }
        }
        [1]: {
          .BaseAddress	143360
          .DirectorySize	1004(248 Entries)
             [0]: {
            .Type	BRET64
            .Offset	192(0x230C0)
          } [1]: {
            .Type	BRET64
            .Offset	200(0x230C8)
          } [2]: {
            .Type	BRET64
            .Offset	208(0x230D0)
          } [3]: {
            .Type	BRET64
            .Offset	216(0x230D8)
          } [4]: {
            .Type	BRET64
            .Offset	224(0x230E0)
          } [5]: {
            .Type	BRET64
            .Offset	232(0x230E8)
          } [6]: {
            .Type	BRET64
            .Offset	240(0x230F0)
          } [7]: {
            .Type	BRET64
            .Offset	248(0x230F8)
          }
        }
        [2]: {
          .BaseAddress	147456
          .DirectorySize	1044(258 Entries)
             [0]: {
            .Type	BRET64
            .Offset	0(0x24000)
          } [1]: {
            .Type	BRET64
            .Offset	8(0x24008)
          } [2]: {
            .Type	BRET64
            .Offset	16(0x24010)
          } [3]: {
            .Type	BRET64
            .Offset	24(0x24018)
          } [4]: {
            .Type	BRET64
            .Offset	32(0x24020)
          } [5]: {
            .Type	BRET64
            .Offset	40(0x24028)
          } [6]: {
            .Type	BRET64
            .Offset	48(0x24030)
          } [7]: {
            .Type	BRET64
            .Offset	56(0x24038)
          }
        }
        [3]: {
          .BaseAddress	151552
          .DirectorySize	28(4 Entries)
             [0]: {
            .Type	BRET64
            .Offset	160(0x250A0)
          } [1]: {
            .Type	BRET64
            .Offset	192(0x250C0)
          } [2]: {
            .Type	BRET64
            .Offset	208(0x250D0)
          } [3]: {
            .Type	BRET64
            .Offset	224(0x250E0)
          }
        }
        [4]: {
          .BaseAddress	0
          .DirectorySize	12(0 Entries)
            
        }
      }
    
    [5]: {
      .Magic	5457218
      .Name	.ImportIn
      .Flags	SFInitData SFReadable 
      .Alignment	4
      .VirtualAddress	0
      .VirtualSize	0
      .RawPointer	151184
      .RawSize	20
[C:\GitHub\BlockyOS\tools\executable-format\exec.c:145:ReadSection]	Reading 20 from 151184
      Header: {
        .NDlls	0
        .DllImportPathTableRVO	151204
        .DllImportTableRVO	151204
      }
    
    [6]: {
      .Magic	5457218
      .Name	.ExportOut
      .Flags	SFInitData SFReadable 
      .Alignment	4
      .VirtualAddress	0
      .VirtualSize	0
      .RawPointer	151204
      .RawSize	4172
[C:\GitHub\BlockyOS\tools\executable-format\exec.c:145:ReadSection]	Reading 4172 from 151204
      Header: {
        .NExported	92
        .ExportTableRVO	151228
        .ExportNameRVO	154172
        .NExportAddresses	92[C:\GitHub\BlockyOS\tools\executable-format\exechandler.exe|-1073741819]

[C:\GitHub\BlockyOS\tools\executable-format\exec.c:177:WriteSection]	Writing 136192 to 4104
[C:\GitHub\BlockyOS\tools\executable-format\exec.c:177:WriteSection]	Writing 2560 to 140296
[C:\GitHub\BlockyOS\tools\executable-format\exec.c:177:WriteSection]	Writing 5632 to 142856
[C:\GitHub\BlockyOS\tools\executable-format\exec.c:177:WriteSection]	Writing 2696 to 148488
[C:\GitHub\BlockyOS\tools\executable-format\exec.c:177:WriteSection]	Writing 2696 to 148488
[C:\GitHub\BlockyOS\tools\executable-format\exec.c:681:CreateResourceSection]
[C:\GitHub\BlockyOS\tools\executable-format\exec.c:177:WriteSection]	Writing 20 to 151184
[C:\GitHub\BlockyOS\tools\executable-format\exec.c:725:CreateResourceSection]
[C:\GitHub\BlockyOS\tools\executable-format\exec.c:177:WriteSection]	Writing 20 to 151184
[C:\GitHub\BlockyOS\tools\executable-format\exec.c:177:WriteSection]	Writing 4172 to 151204
[C:\GitHub\BlockyOS\tools\executable-format\exec.c:177:WriteSection]	Writing 4172 to 151204
[C:\GitHub\BlockyOS\tools\executable-format\exec.c:748:CreateResourceSection]
[C:\GitHub\BlockyOS\tools\executable-format\exec.c:177:WriteSection]	Writing 9536 to 155376
[C:\GitHub\BlockyOS\tools\executable-format\exec.c:177:WriteSection]	Writing 4096 to 164912
[C:\GitHub\BlockyOS\Build\Build-nodate\root-part\libcrt.service]
Header: {
  .Magic	17730
  .SystemSection	.rsrc
  .NSections	9
  .RawHeaderSize	4096
  .SectionTabeOffset	52
    [0]: {
      .Magic	0
      .Name	
      .Flags	(null)
      .Alignment	0
      .VirtualAddress	0
      .VirtualSize	0
      .RawPointer	0
      .RawSize	0
      {
        
        
        
        
      }
    
    [1]: {
      .Magic	5457218
      .Name	.code
      .Flags	SFExecutable SFReadable 
      .Alignment	1906965479428
      .VirtualAddress	4096
      .VirtualSize	135952
      .RawPointer	4104
      .RawSize	136192
[C:\GitHub\BlockyOS\tools\executable-format\exec.c:147:ReadSection]	Reading 136192 from 4104
      {
        b8 00 00 c1 e3 00 00 f8 
        07 b9 00 eb 01 b9 00 72 
        00 00 0f 12 00 64 0f 07 
        00 00 a2 81 00 00 c7 e2 
      }
    
    [2]: {
      .Magic	5457218
      .Name	.data
      .Flags	SFInitData SFReadable SFWritable 
      .Alignment	1906965479428
      .VirtualAddress	143360
      .VirtualSize	2240
      .RawPointer	140296
      .RawSize	2560
[C:\GitHub\BlockyOS\tools\executable-format\exec.c:147:ReadSection]	Reading 2560 from 140296
      {
        53 53 00 33 53 53 2e 53 
        53 53 53 00 45 53 31 45 
        45 45 53 53 33 45 00 34 
        00 32 45 53 00 34 53 2e 
      }
    
    [3]: {
      .Magic	5457218
      .Name	.rodata
      .Flags	SFInitData SFReadable 
      .Alignment	1906965479428
      .VirtualAddress	147456
      .VirtualSize	5536
      .RawPointer	142856
      .RawSize	5632
[C:\GitHub\BlockyOS\tools\executable-format\exec.c:147:ReadSection]	Reading 5632 from 142856
      {
        10 01 2c 01 48 01 64 01 
        f0 00 f3 00 f6 00 f9 00 
        01 00 01 00 01 00 01 00 
        80 00 80 00 80 00 80 00 
      }
    
    [4]: {
      .Magic	5457218
      .Name	.RelS
      .Flags	SFInitData SFReadable 
      .Alignment	1906965479428
      .VirtualAddress	0
      .VirtualSize	2696
      .RawPointer	148488
      .RawSize	2696
[C:\GitHub\BlockyOS\tools\executable-format\exec.c:147:ReadSection]	Reading 2696 from 148488
      Header: {
        .DirectoryTable	148508
        .UnusedBytes	150672
        .NRelocationDirectories	5
        [0]: {
          .BaseAddress	12288
          .DirectorySize	76(16 Entries)
             [0]: {
            .Type	BRET64
            .Offset	1626(0x365A)
          } [1]: {
            .Type	BRET64
            .Offset	1650(0x3672)
          } [2]: {
            .Type	BRET64
            .Offset	1674(0x368A)
          } [3]: {
            .Type	BRET64
            .Offset	1698(0x36A2)
          } [4]: {
            .Type	BRET64
            .Offset	1722(0x36BA)
          } [5]: {
            .Type	BRET64
            .Offset	1746(0x36D2)
          } [6]: {
            .Type	BRET64
            .Offset	1770(0x36EA)
          } [7]: {
         
[SHELL]	FSFRAT.OPEN
[SHELL]	FSFRAT.MOUNT
[SHELL]	FSFRAT.WRITE
[SHELL OUT]: FSFRAT DRIVER
[SHELL OUT]: >> 
[SHELL OUT]: [C:\GitHub\BlockyOS\tools\filesystem\frat.c:193]  >>  Mounting FS Root: [C:/GitHub/BlockyOS/Build/Build-nodate/disk.img]
[SHELL OUT]: Verifying Disk GPT
[SHELL OUT]: [Parent:00007ff7e24dd8f9] >>  C:/GitHub/BlockyOS/Build/Build-nodate/disk.img  ConfBlockSize: 512    Starting Disk Env ID: 
[SHELL OUT]: Reading Bytes
[SHELL OUT]: [Parent:00007ff7e24dd914] >> Reading [92 bytes(s)->1 block(s)] to LBA[1(512)-2(1024)]
[SHELL OUT]: GPT Dump:
[SHELL OUT]:     Sig: "EFI PART"
[SHELL OUT]:     Rev: 65536
[SHELL OUT]:     Header-Size: 92
[SHELL OUT]:     Header Checksum: 4269452616
[SHELL OUT]:     localLBA: 1
[SHELL OUT]:     altLBA: 2623490
[SHELL OUT]:     firstUsable: 2048
[SHELL OUT]:     lastUsable: 2623488
[SHELL OUT]:     Disk-GUID: 
[SHELL OUT]:     Partition-Table: 2
[SHELL OUT]:     # of Partition-Entries: 3
[SHELL OUT]:     Partition-Entry Size: 128
[SHELL OUT]:     Partition-Table Checksum: 801556421
[SHELL OUT]: Closing Disk Interface >> {C:/GitHub/BlockyOS/Build/Build-nodate/disk.img}
[SHELL OUT]: GPT Exists? true
[SHELL OUT]: [Parent:00007ff7e24dee8f] >>  C:/GitHub/BlockyOS/Build/Build-nodate/disk.img  ConfBlockSize: 512    Starting Disk Env ID: 
[SHELL OUT]: Reading Bytes
[SHELL OUT]: [Parent:00007ff7e24deeb0] >> Reading [92 bytes(s)->1 block(s)] to LBA[1(512)-2(1024)]
[SHELL OUT]: [C:\GitHub\BlockyOS\tools\filesystem\frat.c:134]  >>  Querying Part Table
[SHELL OUT]: Reading Bytes
[SHELL OUT]: [Parent:00007ff7e24de700] >> Reading [384 bytes(s)->1 block(s)] to LBA[2(1024)-3(1536)]
[SHELL OUT]: [C:\GitHub\BlockyOS\tools\filesystem\frat.c:142]  >>  GPT-Entry: BOOT{2048:526335 -> 524287}
[SHELL OUT]: [C:\GitHub\BlockyOS\tools\filesystem\frat.c:156]  >>  Querying FS at 2048
[SHELL OUT]: Reading Bytes
[SHELL OUT]: [Parent:00007ff7e24deba4] >> Reading [36 bytes(s)->1 block(s)] to LBA[2048(1048576)-2049(1049088)]
[SHELL OUT]: FS-Root Blob:
[SHELL OUT]:     Version: [0:524288]
[SHELL OUT]:     Sig: 
[SHELL OUT]:     Configured Log Sectors: 2
[SHELL OUT]:     Configured Block Size: 0
[SHELL OUT]:     Configured Cluster-Map Size: 16711743
[SHELL OUT]: [C:\GitHub\BlockyOS\tools\filesystem\frat.c:142]  >>  GPT-Entry: ROOT{526336:2623487 -> 2097151}
[SHELL OUT]: [C:\GitHub\BlockyOS\tools\filesystem\frat.c:156]  >>  Querying FS at 526336
[SHELL OUT]: Reading Bytes
[SHELL OUT]: [Parent:00007ff7e24deba4] >> Reading [36 bytes(s)->1 block(s)] to LBA[526336(269484032)-526337(269484544)]
[SHELL OUT]: FS-Root Blob:
[SHELL OUT]:     Version: [1:0]
[SHELL OUT]:     Sig: FRAT_FILESYSTEM
[SHELL OUT]:     Configured Log Sectors: 5
[SHELL OUT]:     Configured Block Size: 512
[SHELL OUT]:     Configured Cluster-Map Size: 81920
[SHELL OUT]: [C:\GitHub\BlockyOS\tools\filesystem\frat.c:181]  >>  FS Found at [526336]:
[SHELL OUT]: 	Version-Code: [1:0]
[SHELL OUT]: 	Configured Block-Size: 512
[SHELL OUT]: 	Configured Cluster-Size: 81920
[SHELL OUT]: 	Configured # of Log-Sectors: 5
[SHELL OUT]: 	Configured Log-Size: 90
[SHELL OUT]: [C:\GitHub\BlockyOS\tools\filesystem\frat.c:205]  >>  Found Formatted Partition: 526336:2623487 -> 2097151
[SHELL OUT]: Reading Bytes
[SHELL OUT]: [Parent:00007ff7e24defe1] >> Reading [36 bytes(s)->1 block(s)] to LBA[526336(269484032)-526337(269484544)]
[SHELL OUT]: [C:\GitHub\BlockyOS\tools\filesystem\frat.c:218]  >>  Root: 526336:2623487 -> 2097151 LBAs
[SHELL OUT]: 	Version-Code: [1:0]
[SHELL OUT]: 	Configured Block-Size: 512
[SHELL OUT]: 	Configured Cluster-Size: 81920
[SHELL OUT]: 	Configured # of Log-Sectors: 81920
[SHELL OUT]: 	Configured Log-Size: 5
[SHELL OUT]: Reading Bytes
[SHELL OUT]: [Parent:00007ff7e24df31e] >> Reading [2560 bytes(s)->5 block(s)] to LBA[526337(269484544)-526342(269487104)]
[SHELL OUT]: Reading Bytes
[SHELL OUT]: [Parent:00007ff7e24df39a] >> Reading [81920 bytes(s)->160 block(s)] to LBA[526343(269487616)-526503(269569536)]
[SHELL OUT]:     Verifying FS Root Items #items: 4096
[SHELL OUT]: >> 
[SHELL OUT]: Mounting File [SYSD/LIBCRT.app] with "f"
Initializing CGCC.MAKE build process...
Skipping C:\GitHub\BlockyOS\src\kernel\libcrt\hardware\RNG\RNG.asm - up to date; source=2026-09-02T19:29:50.4588980Z, stored=09/02/2026 19:29:50
Skipping C:\GitHub\BlockyOS\src\kernel\libcrt\hardware\RNG\RNG.c - up to date; source=2026-09-01T19:51:35.2375749Z, stored=09/01/2026 19:51:35
Skipping C:\GitHub\BlockyOS\src\kernel\libcrt\hardware\GDT\GDT.asm - up to date; source=2026-09-02T19:29:50.4759038Z, stored=09/02/2026 19:29:50
Skipping C:\GitHub\BlockyOS\src\kernel\libcrt\hardware\GDT\GDT.c - up to date; source=2026-08-31T20:29:21.6186178Z, stored=08/31/2026 20:29:21
Skipping C:\GitHub\BlockyOS\src\kernel\libcrt\hardware\paging\paging.asm - up to date; source=2026-09-02T19:29:50.4619061Z, stored=09/02/2026 19:29:50
Skipping C:\GitHub\BlockyOS\src\kernel\libcrt\hardware\paging\paging.c - up to date; source=2026-09-01T20:10:14.1486119Z, stored=09/01/2026 20:10:14
Skipping C:\GitHub\BlockyOS\src\kernel\libcrt\hardware\SSE\SSE.asm - up to date; source=2026-09-02T19:29:50.4759038Z, stored=09/02/2026 19:29:50
Skipping C:\GitHub\BlockyOS\src\kernel\libcrt\hardware\SSE\SSE.c - up to date; source=2026-09-01T15:31:49.0191638Z, stored=09/01/2026 15:31:49
Skipping C:\GitHub\BlockyOS\src\kernel\libcrt\memory\memory.c - up to date; source=2026-09-01T14:27:41.5007315Z, stored=09/01/2026 14:27:41
Skipping C:\GitHub\BlockyOS\src\kernel\libcrt\memory\string.c - up to date; source=2026-08-31T17:22:17.0368394Z, stored=08/31/2026 17:22:17
Skipping C:\GitHub\BlockyOS\src\kernel\libcrt\hardware\paging\palloc.c - up to date; source=2026-09-01T20:10:14.1506184Z, stored=09/01/2026 20:10:14
Skipping C:\GitHub\BlockyOS\src\kernel\libcrt\memory\allocator\palloc.c - up to date; source=2026-09-02T18:08:03.4509785Z, stored=09/02/2026 18:08:03
Skipping C:\GitHub\BlockyOS\src\kernel\libcrt\memory\allocator\mmalloc.c - up to date; source=2026-09-01T00:47:09.6602809Z, stored=09/01/2026 00:47:09
Skipping C:\GitHub\BlockyOS\src\kernel\libcrt\math\math.c - up to date; source=2026-09-02T20:24:18.8720404Z, stored=09/02/2026 20:24:18
Skipping C:\GitHub\BlockyOS\src\kernel\libcrt\hardware\IO\IO.asm - up to date; source=2026-09-02T19:29:50.4759038Z, stored=09/02/2026 19:29:50
Skipping C:\GitHub\BlockyOS\src\kernel\libcrt\hardware\IDT\IDT.asm - up to date; source=2026-09-02T19:29:50.4759038Z, stored=09/02/2026 19:29:50
Skipping C:\GitHub\BlockyOS\src\kernel\libcrt\hardware\IDT\ISR.asm - up to date; source=2026-09-02T19:08:06.2288527Z, stored=09/02/2026 19:08:06
Skipping C:\GitHub\BlockyOS\src\kernel\libcrt\hardware\IDT\ISR.c - up to date; source=2026-09-02T18:48:44.0968136Z, stored=09/02/2026 18:48:44
Skipping C:\GitHub\BlockyOS\src\kernel\libcrt\hardware\ACPI\ACPI.c - up to date; source=2026-08-31T20:25:27.3210120Z, stored=08/31/2026 20:25:27
Skipping C:\GitHub\BlockyOS\src\kernel\libcrt\hardware\IDT\APIC\APIC.c - up to date; source=2026-08-31T17:22:17.1088393Z, stored=08/31/2026 17:22:17
Skipping C:\GitHub\BlockyOS\src\kernel\libcrt\hardware\IDT\APIC\IOAPIC.c - up to date; source=2026-08-31T23:06:36.2138524Z, stored=08/31/2026 23:06:36
Skipping C:\GitHub\BlockyOS\src\kernel\libcrt\hardware\IDT\APIC\LocalAPIC.c - up to date; source=2026-09-01T14:06:58.1209403Z, stored=09/01/2026 14:06:58
Skipping C:\GitHub\BlockyOS\src\kernel\libcrt\hardware\IDT\APIC\LocalAPICTimer.c - up to date; source=2026-09-01T19:52:35.3774846Z, stored=09/01/2026 19:52:35
Skipping C:\GitHub\BlockyOS\src\kernel\libcrt\hardware\hardware.c - up to date; source=2026-09-01T16:46:09.0571163Z, stored=09/01/2026 16:46:09
Skipping C:\GitHub\BlockyOS\src\kernel\libcrt\BLAKE2\blake2b-ref.c - up to date; source=2026-08-31T20:05:16.6578387Z, stored=08/31/2026 20:05:16
Skipping C:\GitHub\BlockyOS\src\kernel\libcrt\BLAKE2\blake2bp-ref.c - up to date; source=2026-08-31T20:05:20.6816175Z, stored=08/31/2026 20:05:20
Skipping C:\GitHub\BlockyOS\src\kernel\libcrt\BLAKE2\blake2s-ref.c - up to date; source=2026-08-31T20:05:24.7027041Z, stored=08/31/2026 20:05:24
Skipping C:\GitHub\BlockyOS\src\kernel\libcrt\BLAKE2\blake2sp-ref.c - up to date; source=2026-08-31T20:05:27.6610089Z, stored=08/31/2026 20:05:27
Skipping C:\GitHub\BlockyOS\src\kernel\libcrt\BLAKE2\blake2xb-ref.c - up to date; source=2026-09-01T14:03:25.3444410Z, stored=09/01/2026 14:03:25
Skipping C:\GitHub\BlockyOS\src\kernel\libcrt\BLAKE2\blake2xs-ref.c - up to date; source=2026-08-31T17:22:17.0728377Z, stored=08/31/2026 17:22:17
Skipping C:\GitHub\BlockyOS\src\kernel\libcrt\hardware\PCIe\PCIe.c - up to date; source=2026-08-31T23:54:42.2532022Z, stored=08/31/2026 23:54:42
Skipping C:\GitHub\BlockyOS\src\kernel\libcrt\hardware\SSE\UTILS.asm - up to date; source=2026-09-01T00:20:39.1738118Z, stored=09/01/2026 00:20:39
Skipping C:\GitHub\BlockyOS\src\kernel\libcrt\alibcrt.def - up to date; source=2026-09-01T20:03:41.5382359Z, stored=09/01/2026 20:03:41
gcc C:\GitHub\BlockyOS\compile\cache\asm.RNG.o C:\GitHub\BlockyOS\compile\cache\c.RNG.o C:\GitHub\BlockyOS\compile\cache\asm.GDT.o C:\GitHub\BlockyOS\compile\cache\c.GDT.o C:\GitHub\BlockyOS\compile\cache\asm.paging.o C:\GitHub\BlockyOS\compile\cache\c.paging.o C:\GitHub\BlockyOS\compile\cache\asm.SSE.o C:\GitHub\BlockyOS\compile\cache\c.SSE.o C:\GitHub\BlockyOS\compile\cache\c.memory.o C:\GitHub\BlockyOS\compile\cache\c.string.o C:\GitHub\BlockyOS\compile\cache\c.palloc.o C:\GitHub\BlockyOS\compile\cache\c.palloc(1).o C:\GitHub\BlockyOS\compile\cache\c.mmalloc.o C:\GitHub\BlockyOS\compile\cache\c.math.o C:\GitHub\BlockyOS\compile\cache\asm.IO.o C:\GitHub\BlockyOS\compile\cache\asm.IDT.o C:\GitHub\BlockyOS\compile\cache\asm.ISR.o C:\GitHub\BlockyOS\compile\cache\c.ISR.o C:\GitHub\BlockyOS\compile\cache\c.ACPI.o C:\GitHub\BlockyOS\compile\cache\c.APIC.o C:\GitHub\BlockyOS\compile\cache\c.IOAPIC.o C:\GitHub\BlockyOS\compile\cache\c.LocalAPIC.o C:\GitHub\BlockyOS\compile\cache\c.LocalAPICTimer.o C:\GitHub\BlockyOS\compile\cache\c.hardware.o C:\GitHub\BlockyOS\compile\cache\c.blake2b-ref.o C:\GitHub\BlockyOS\compile\cache\c.blake2bp-ref.o C:\GitHub\BlockyOS\compile\cache\c.blake2s-ref.o C:\GitHub\BlockyOS\compile\cache\c.blake2sp-ref.o C:\GitHub\BlockyOS\compile\cache\c.blake2xb-ref.o C:\GitHub\BlockyOS\compile\cache\c.blake2xs-ref.o C:\GitHub\BlockyOS\compile\cache\c.PCIe.o C:\GitHub\BlockyOS\compile\cache\asm.UTILS.o C:/GitHub/BlockyOS/src/kernel/libcrt/alibcrt.def -Wl,-flinker-output=dyn -Wl,-nostdlib -Wl,--emit-relocs -Wl,-shared -Wl,-Bsymbolic -Wl,-Map,C:\GitHub\BlockyOS\src\kernel\libcrt\alibcrt.map -fdiagnostics-color=always -fno-diagnostics-show-highlight-colors -nostartfiles -nodefaultlibs -o C:/GitHub/BlockyOS/Build/Build-nodate/root-part/libcrt.dll
Build finished successfully -> C:/GitHub/BlockyOS/Build/Build-nodate/root-part/libcrt.dll


[SHELL]	PE2EXEC.MAKE
C:\GitHub\BlockyOS\tools\executable-format\exechandler.exe C:/GitHub/BlockyOS/Build/Build-nodate/root-part/libcrt.dll C:/GitHub/BlockyOS/Build/Build-nodate/root-part/libcrt.service -od -L C:/GitHub/BlockyOS/src/kernel/libcrt/alibcrt.log

[(null):2609185392:DumpBeHeader]	Writing 1765231558723 bytes to 4096
[(null):2609185392:DumpBeHeader]	Writing 140716013518915 bytes to 140716013522944
[(null):2609185392:DumpBeHeader]	Writing 140716013518915 bytes to 140716013522944
[(null):2609185392:DumpBeHeader]	Writing 140716013518915 bytes to 140716013522944
[(null):2609185392:DumpBeHeader]	Writing 140716013518915 bytes to 140716013522944
[C:\GitHub\BlockyOS\tools\executable-format\exec.c:679:CreateResourceSection]
[(null):2609185392:DumpBeHeader]	Writing 140716013518915 bytes to 140716013522944
[C:\GitHub\BlockyOS\tools\executable-format\exec.c:723:CreateResourceSection]
[(null):2609185392:DumpBeHeader]	Writing 140716013518915 bytes to 140716013522944
[C:\GitHub\BlockyOS\tools\executable-format\exec.c:746:CreateResourceSection]
[(null):2609185392:DumpBeHeader]	Writing 140716013518915 bytes to 140716013522944
[(null):2609185392:DumpBeHeader]	Writing 140716013518915 bytes to 140716013522944
[C:\GitHub\BlockyOS\Build\Build-nodate\root-part\libcrt.service]
Header: {
  .Magic	17730
  .SystemSection	.rsrc
  .NSections	9
  .RawHeaderSize	4096
  .SectionTabeOffset	52
    [0]: {
      .Magic	0
      .Name	
      .Flags	(null)
      .Alignment	0
      .VirtualAddress	0
      .VirtualSize	0
      .RawPointer	0
      .RawSize	0
      {
        
        
        
        
      }
    
    [1]: {
      .Magic	5457218
      .Name	.code
      .Flags	SFExecutable SFReadable 
      .Alignment	4
      .VirtualAddress	4096
      .VirtualSize	135952
      .RawPointer	4104
      .RawSize	136192
[C:\GitHub\BlockyOS\tools\executable-format\exec.c:145:ReadSection]	Reading 136192 from 4104
      {
        b8 00 00 c1 e3 00 00 f8 
        07 b9 00 eb 01 b9 00 72 
        00 00 0f 12 00 64 0f 07 
        00 00 a2 81 00 00 c7 e2 
      }
    
    [2]: {
      .Magic	5457218
      .Name	.data
      .Flags	SFInitData SFReadable SFWritable 
      .Alignment	4
      .VirtualAddress	143360
      .VirtualSize	2240
      .RawPointer	140296
      .RawSize	2560
[C:\GitHub\BlockyOS\tools\executable-format\exec.c:145:ReadSection]	Reading 2560 from 140296
      {
        53 53 00 33 53 53 2e 53 
        53 53 53 00 45 53 31 45 
        45 45 53 53 33 45 00 34 
        00 32 45 53 00 34 53 2e 
      }
    
    [3]: {
      .Magic	5457218
      .Name	.rodata
      .Flags	SFInitData SFReadable 
      .Alignment	4
      .VirtualAddress	147456
      .VirtualSize	5536
      .RawPointer	142856
      .RawSize	5632
[C:\GitHub\BlockyOS\tools\executable-format\exec.c:145:ReadSection]	Reading 5632 from 142856
      {
        10 01 2c 01 48 01 64 01 
        f0 00 f3 00 f6 00 f9 00 
        01 00 01 00 01 00 01 00 
        80 00 80 00 80 00 80 00 
      }
    
    [4]: {
      .Magic	5457218
      .Name	.RelS
      .Flags	SFInitData SFReadable 
      .Alignment	4
      .VirtualAddress	0
      .VirtualSize	2696
      .RawPointer	148488
      .RawSize	2696
[C:\GitHub\BlockyOS\tools\executable-format\exec.c:145:ReadSection]	Reading 2696 from 148488
      Header: {
        .DirectoryTable	148508
        .UnusedBytes	150672
        .NRelocationDirectories	1765231558661
        [0]: {
          .BaseAddress	12288
          .DirectorySize	76(16 Entries)
             [0]: {
            .Type	BRET64
            .Offset	1626(0x365A)
          } [1]: {
            .Type	BRET64
            .Offset	1650(0x3672)
          } [2]: {
            .Type	BRET64
            .Offset	1674(0x368A)
          } [3]: {
            .Type	BRET64
            .Offset	1698(0x36A2)
          } [4]: {
            .Type	BRET64
            .Offset	1722(0x36BA)
          } [5]: {
            .Type	BRET64
            .Offset	1746(0x36D2)
          } [6]: {
            .Type	BRET64
            .Offset	1770(0x36EA)
          } [7]: {
            .Type	BRET64
            .Offset	1794(0x3702)
          }
        }
        [1]: {
          .BaseAddress	143360
          .DirectorySize	1004(248 Entries)
             [0]: {
            .Type	BRET64
            .Offset	192(0x230C0)
          } [1]: {
            .Type	BRET64
            .Offset	200(0x230C8)
          } [2]: {
            .Type	BRET64
            .Offset	208(0x230D0)
          } [3]: {
            .Type	BRET64
            .Offset	216(0x230D8)
          } [4]: {
            .Type	BRET64
            .Offset	224(0x230E0)
          } [5]: {
            .Type	BRET64
            .Offset	232(0x230E8)
          } [6]: {
            .Type	BRET64
            .Offset	240(0x230F0)
          } [7]: {
            .Type	BRET64
            .Offset	248(0x230F8)
          }
        }
        [2]: {
          .BaseAddress	147456
          .DirectorySize	1044(258 Entries)
             [0]: {
            .Type	BRET64
            .Offset	0(0x24000)
          } [1]: {
            .Type	BRET64
            .Offset	8(0x24008)
          } [2]: {
            .Type	BRET64
            .Offset	16(0x24010)
          } [3]: {
            .Type	BRET64
            .Offset	24(0x24018)
          } [4]: {
            .Type	BRET64
            .Offset	32(0x24020)
          } [5]: {
            .Type	BRET64
            .Offset	40(0x24028)
          } [6]: {
            .Type	BRET64
            .Offset	48(0x24030)
          } [7]: {
            .Type	BRET64
            .Offset	56(0x24038)
          }
        }
        [3]: {
          .BaseAddress	151552
          .DirectorySize	28(4 Entries)
             [0]: {
            .Type	BRET64
            .Offset	160(0x250A0)
          } [1]: {
            .Type	BRET64
            .Offset	192(0x250C0)
          } [2]: {
            .Type	BRET64
            .Offset	208(0x250D0)
          } [3]: {
            .Type	BRET64
            .Offset	224(0x250E0)
          }
        }
        [4]: {
          .BaseAddress	0
          .DirectorySize	12(0 Entries)
            
        }
      }
    
    [5]: {
      .Magic	5457218
      .Name	.ImportIn
      .Flags	SFInitData SFReadable 
      .Alignment	4
      .VirtualAddress	0
      .VirtualSize	0
      .RawPointer	151184
      .RawSize	20
[C:\GitHub\BlockyOS\tools\executable-format\exec.c:145:ReadSection]	Reading 20 from 151184
      Header: {
        .NDlls	0
        .DllImportPathTableRVO	151204
        .DllImportTableRVO	151204
      }
    
    [6]: {
      .Magic	5457218
      .Name	.ExportOut
      .Flags	SFInitData SFReadable 
      .Alignment	4
      .VirtualAddress	0
      .VirtualSize	0
      .RawPointer	151204
      .RawSize	4172
[C:\GitHub\BlockyOS\tools\executable-format\exec.c:145:ReadSection]	Reading 4172 from 151204
      Header: {
        .NExported	92
        .ExportTableRVO	151228
        .ExportNameRVO	154172
        .NExportAddresses	92[SHELL OUT]: >> 
[C:\GitHub\BlockyOS\tools\executable-format\exechandler.exe|-1073741819]

[C:\GitHub\BlockyOS\tools\executable-format\exec.c:177:WriteSection]	Writing 136192 to 4104
[C:\GitHub\BlockyOS\tools\executable-format\exec.c:177:WriteSection]	Writing 2560 to 140296
[C:\GitHub\BlockyOS\tools\executable-format\exec.c:177:WriteSection]	Writing 5632 to 142856
[C:\GitHub\BlockyOS\tools\executable-format\exec.c:177:WriteSection]	Writing 2696 to 148488
[C:\GitHub\BlockyOS\tools\executable-format\exec.c:177:WriteSection]	Writing 2696 to 148488
[C:\GitHub\BlockyOS\tools\executable-format\exec.c:681:CreateResourceSection]
[C:\GitHub\BlockyOS\tools\executable-format\exec.c:177:WriteSection]	Writing 20 to 151184
[C:\GitHub\BlockyOS\tools\executable-format\exec.c:725:CreateResourceSection]
[C:\GitHub\BlockyOS\tools\executable-format\exec.c:177:WriteSection]	Writing 20 to 151184
[C:\GitHub\BlockyOS\tools\executable-format\exec.c:177:WriteSection]	Writing 4172 to 151204
[C:\GitHub\BlockyOS\tools\executable-format\exec.c:177:WriteSection]	Writing 4172 to 151204
[C:\GitHub\BlockyOS\tools\executable-format\exec.c:748:CreateResourceSection]
[C:\GitHub\BlockyOS\tools\executable-format\exec.c:177:WriteSection]	Writing 9536 to 155376
[C:\GitHub\BlockyOS\tools\executable-format\exec.c:177:WriteSection]	Writing 4096 to 164912
[C:\GitHub\BlockyOS\Build\Build-nodate\root-part\libcrt.service]
Header: {
  .Magic	17730
  .SystemSection	.rsrc
  .NSections	9
  .RawHeaderSize	4096
  .SectionTabeOffset	52
    [0]: {
      .Magic	0
      .Name	
      .Flags	(null)
      .Alignment	0
      .VirtualAddress	0
      .VirtualSize	0
      .RawPointer	0
      .RawSize	0
      {
        
        
        
        
      }
    
    [1]: {
      .Magic	5457218
      .Name	.code
      .Flags	SFExecutable SFReadable 
      .Alignment	1765231558660
      .VirtualAddress	4096
      .VirtualSize	135952
      .RawPointer	4104
      .RawSize	136192
[C:\GitHub\BlockyOS\tools\executable-format\exec.c:147:ReadSection]	Reading 136192 from 4104
      {
        b8 00 00 c1 e3 00 00 f8 
        07 b9 00 eb 01 b9 00 72 
        00 00 0f 12 00 64 0f 07 
        00 00 a2 81 00 00 c7 e2 
      }
    
    [2]: {
      .Magic	5457218
      .Name	.data
      .Flags	SFInitData SFReadable SFWritable 
      .Alignment	1765231558660
      .VirtualAddress	143360
      .VirtualSize	2240
      .RawPointer	140296
      .RawSize	2560
[C:\GitHub\BlockyOS\tools\executable-format\exec.c:147:ReadSection]	Reading 2560 from 140296
      {
        53 53 00 33 53 53 2e 53 
        53 53 53 00 45 53 31 45 
        45 45 53 53 33 45 00 34 
        00 32 45 53 00 34 53 2e 
      }
    
    [3]: {
      .Magic	5457218
      .Name	.rodata
      .Flags	SFInitData SFReadable 
      .Alignment	1765231558660
      .VirtualAddress	147456
      .VirtualSize	5536
      .RawPointer	142856
      .RawSize	5632
[C:\GitHub\BlockyOS\tools\executable-format\exec.c:147:ReadSection]	Reading 5632 from 142856
      {
        10 01 2c 01 48 01 64 01 
        f0 00 f3 00 f6 00 f9 00 
        01 00 01 00 01 00 01 00 
        80 00 80 00 80 00 80 00 
      }
    
    [4]: {
      .Magic	5457218
      .Name	.RelS
      .Flags	SFInitData SFReadable 
      .Alignment	1765231558660
      .VirtualAddress	0
      .VirtualSize	2696
      .RawPointer	148488
      .RawSize	2696
[C:\GitHub\BlockyOS\tools\executable-format\exec.c:147:ReadSection]	Reading 2696 from 148488
      Header: {
        .DirectoryTable	148508
        .UnusedBytes	150672
        .NRelocationDirectories	5
        [0]: {
          .BaseAddress	12288
          .DirectorySize	76(16 Entries)
             [0]: {
            .Type	BRET64
            .Offset	1626(0x365A)
          } [1]: {
            .Type	BRET64
            .Offset	1650(0x3672)
          } [2]: {
            .Type	BRET64
            .Offset	1674(0x368A)
          } [3]: {
            .Type	BRET64
            .Offset	1698(0x36A2)
          } [4]: {
            .Type	BRET64
            .Offset	1722(0x36BA)
          } [5]: {
            .Type	BRET64
            .Offset	1746(0x36D2)
          } [6]: {
            .Type	BRET64
            .Offset	1770(0x36EA)
          } [7]: {
         
[SHELL]	FSFRAT.OPEN
[SHELL]	FSFRAT.MOUNT
[SHELL]	FSFRAT.WRITE
[SHELL OUT]: FSFRAT DRIVER
[SHELL OUT]: >> 
[SHELL OUT]: [C:\GitHub\BlockyOS\tools\filesystem\frat.c:193]  >>  Mounting FS Root: [C:/GitHub/BlockyOS/Build/Build-nodate/disk.img]
[SHELL OUT]: Verifying Disk GPT
[SHELL OUT]: [Parent:00007ff7e24dd8f9] >>  C:/GitHub/BlockyOS/Build/Build-nodate/disk.img  ConfBlockSize: 512    Starting Disk Env ID: 
[SHELL OUT]: Reading Bytes
[SHELL OUT]: [Parent:00007ff7e24dd914] >> Reading [92 bytes(s)->1 block(s)] to LBA[1(512)-2(1024)]
[SHELL OUT]: GPT Dump:
[SHELL OUT]:     Sig: "EFI PART"
[SHELL OUT]:     Rev: 65536
[SHELL OUT]:     Header-Size: 92
[SHELL OUT]:     Header Checksum: 4269452616
[SHELL OUT]:     localLBA: 1
[SHELL OUT]:     altLBA: 2623490
[SHELL OUT]:     firstUsable: 2048
[SHELL OUT]:     lastUsable: 2623488
[SHELL OUT]:     Disk-GUID: 
[SHELL OUT]:     Partition-Table: 2
[SHELL OUT]:     # of Partition-Entries: 3
[SHELL OUT]:     Partition-Entry Size: 128
[SHELL OUT]:     Partition-Table Checksum: 801556421
[SHELL OUT]: Closing Disk Interface >> {C:/GitHub/BlockyOS/Build/Build-nodate/disk.img}
[SHELL OUT]: GPT Exists? true
[SHELL OUT]: [Parent:00007ff7e24dee8f] >>  C:/GitHub/BlockyOS/Build/Build-nodate/disk.img  ConfBlockSize: 512    Starting Disk Env ID: 
[SHELL OUT]: Reading Bytes
[SHELL OUT]: [Parent:00007ff7e24deeb0] >> Reading [92 bytes(s)->1 block(s)] to LBA[1(512)-2(1024)]
[SHELL OUT]: [C:\GitHub\BlockyOS\tools\filesystem\frat.c:134]  >>  Querying Part Table
[SHELL OUT]: Reading Bytes
[SHELL OUT]: [Parent:00007ff7e24de700] >> Reading [384 bytes(s)->1 block(s)] to LBA[2(1024)-3(1536)]
[SHELL OUT]: [C:\GitHub\BlockyOS\tools\filesystem\frat.c:142]  >>  GPT-Entry: BOOT{2048:526335 -> 524287}
[SHELL OUT]: [C:\GitHub\BlockyOS\tools\filesystem\frat.c:156]  >>  Querying FS at 2048
[SHELL OUT]: Reading Bytes
[SHELL OUT]: [Parent:00007ff7e24deba4] >> Reading [36 bytes(s)->1 block(s)] to LBA[2048(1048576)-2049(1049088)]
[SHELL OUT]: FS-Root Blob:
[SHELL OUT]:     Version: [0:524288]
[SHELL OUT]:     Sig: 
[SHELL OUT]:     Configured Log Sectors: 2
[SHELL OUT]:     Configured Block Size: 0
[SHELL OUT]:     Configured Cluster-Map Size: 16711743
[SHELL OUT]: [C:\GitHub\BlockyOS\tools\filesystem\frat.c:142]  >>  GPT-Entry: ROOT{526336:2623487 -> 2097151}
[SHELL OUT]: [C:\GitHub\BlockyOS\tools\filesystem\frat.c:156]  >>  Querying FS at 526336
[SHELL OUT]: Reading Bytes
[SHELL OUT]: [Parent:00007ff7e24deba4] >> Reading [36 bytes(s)->1 block(s)] to LBA[526336(269484032)-526337(269484544)]
[SHELL OUT]: FS-Root Blob:
[SHELL OUT]:     Version: [1:0]
[SHELL OUT]:     Sig: FRAT_FILESYSTEM
[SHELL OUT]:     Configured Log Sectors: 5
[SHELL OUT]:     Configured Block Size: 512
[SHELL OUT]:     Configured Cluster-Map Size: 81920
[SHELL OUT]: [C:\GitHub\BlockyOS\tools\filesystem\frat.c:181]  >>  FS Found at [526336]:
[SHELL OUT]: 	Version-Code: [1:0]
[SHELL OUT]: 	Configured Block-Size: 512
[SHELL OUT]: 	Configured Cluster-Size: 81920
[SHELL OUT]: 	Configured # of Log-Sectors: 5
[SHELL OUT]: 	Configured Log-Size: 90
[SHELL OUT]: [C:\GitHub\BlockyOS\tools\filesystem\frat.c:205]  >>  Found Formatted Partition: 526336:2623487 -> 2097151
[SHELL OUT]: Reading Bytes
[SHELL OUT]: [Parent:00007ff7e24defe1] >> Reading [36 bytes(s)->1 block(s)] to LBA[526336(269484032)-526337(269484544)]
[SHELL OUT]: [C:\GitHub\BlockyOS\tools\filesystem\frat.c:218]  >>  Root: 526336:2623487 -> 2097151 LBAs
[SHELL OUT]: 	Version-Code: [1:0]
[SHELL OUT]: 	Configured Block-Size: 512
[SHELL OUT]: 	Configured Cluster-Size: 81920
[SHELL OUT]: 	Configured # of Log-Sectors: 81920
[SHELL OUT]: 	Configured Log-Size: 5
[SHELL OUT]: Reading Bytes
[SHELL OUT]: [Parent:00007ff7e24df31e] >> Reading [2560 bytes(s)->5 block(s)] to LBA[526337(269484544)-526342(269487104)]
[SHELL OUT]: Reading Bytes
[SHELL OUT]: [Parent:00007ff7e24df39a] >> Reading [81920 bytes(s)->160 block(s)] to LBA[526343(269487616)-526503(269569536)]
[SHELL OUT]:     Verifying FS Root Items #items: 4096
[SHELL OUT]: >> 
[SHELL OUT]: Mounting File [SYSD/LIBCRT.app] with "f"
Initializing CGCC.MAKE build process...
Skipping C:\GitHub\BlockyOS\src\kernel\libcrt\hardware\RNG\RNG.asm - up to date; source=2026-09-02T19:29:50.4588980Z, stored=09/02/2026 19:29:50
Skipping C:\GitHub\BlockyOS\src\kernel\libcrt\hardware\RNG\RNG.c - up to date; source=2026-09-01T19:51:35.2375749Z, stored=09/01/2026 19:51:35
Skipping C:\GitHub\BlockyOS\src\kernel\libcrt\hardware\GDT\GDT.asm - up to date; source=2026-09-02T19:29:50.4759038Z, stored=09/02/2026 19:29:50
Skipping C:\GitHub\BlockyOS\src\kernel\libcrt\hardware\GDT\GDT.c - up to date; source=2026-08-31T20:29:21.6186178Z, stored=08/31/2026 20:29:21
Skipping C:\GitHub\BlockyOS\src\kernel\libcrt\hardware\paging\paging.asm - up to date; source=2026-09-02T19:29:50.4619061Z, stored=09/02/2026 19:29:50
Skipping C:\GitHub\BlockyOS\src\kernel\libcrt\hardware\paging\paging.c - up to date; source=2026-09-01T20:10:14.1486119Z, stored=09/01/2026 20:10:14
Skipping C:\GitHub\BlockyOS\src\kernel\libcrt\hardware\SSE\SSE.asm - up to date; source=2026-09-02T19:29:50.4759038Z, stored=09/02/2026 19:29:50
Skipping C:\GitHub\BlockyOS\src\kernel\libcrt\hardware\SSE\SSE.c - up to date; source=2026-09-01T15:31:49.0191638Z, stored=09/01/2026 15:31:49
Skipping C:\GitHub\BlockyOS\src\kernel\libcrt\memory\memory.c - up to date; source=2026-09-01T14:27:41.5007315Z, stored=09/01/2026 14:27:41
Skipping C:\GitHub\BlockyOS\src\kernel\libcrt\memory\string.c - up to date; source=2026-08-31T17:22:17.0368394Z, stored=08/31/2026 17:22:17
Skipping C:\GitHub\BlockyOS\src\kernel\libcrt\hardware\paging\palloc.c - up to date; source=2026-09-01T20:10:14.1506184Z, stored=09/01/2026 20:10:14
Skipping C:\GitHub\BlockyOS\src\kernel\libcrt\memory\allocator\palloc.c - up to date; source=2026-09-02T18:08:03.4509785Z, stored=09/02/2026 18:08:03
Skipping C:\GitHub\BlockyOS\src\kernel\libcrt\memory\allocator\mmalloc.c - up to date; source=2026-09-01T00:47:09.6602809Z, stored=09/01/2026 00:47:09
Skipping C:\GitHub\BlockyOS\src\kernel\libcrt\math\math.c - up to date; source=2026-09-02T20:24:18.8720404Z, stored=09/02/2026 20:24:18
Skipping C:\GitHub\BlockyOS\src\kernel\libcrt\hardware\IO\IO.asm - up to date; source=2026-09-02T19:29:50.4759038Z, stored=09/02/2026 19:29:50
Skipping C:\GitHub\BlockyOS\src\kernel\libcrt\hardware\IDT\IDT.asm - up to date; source=2026-09-02T19:29:50.4759038Z, stored=09/02/2026 19:29:50
Skipping C:\GitHub\BlockyOS\src\kernel\libcrt\hardware\IDT\ISR.asm - up to date; source=2026-09-02T19:08:06.2288527Z, stored=09/02/2026 19:08:06
Skipping C:\GitHub\BlockyOS\src\kernel\libcrt\hardware\IDT\ISR.c - up to date; source=2026-09-02T18:48:44.0968136Z, stored=09/02/2026 18:48:44
Skipping C:\GitHub\BlockyOS\src\kernel\libcrt\hardware\ACPI\ACPI.c - up to date; source=2026-08-31T20:25:27.3210120Z, stored=08/31/2026 20:25:27
Skipping C:\GitHub\BlockyOS\src\kernel\libcrt\hardware\IDT\APIC\APIC.c - up to date; source=2026-08-31T17:22:17.1088393Z, stored=08/31/2026 17:22:17
Skipping C:\GitHub\BlockyOS\src\kernel\libcrt\hardware\IDT\APIC\IOAPIC.c - up to date; source=2026-08-31T23:06:36.2138524Z, stored=08/31/2026 23:06:36
Skipping C:\GitHub\BlockyOS\src\kernel\libcrt\hardware\IDT\APIC\LocalAPIC.c - up to date; source=2026-09-01T14:06:58.1209403Z, stored=09/01/2026 14:06:58
Skipping C:\GitHub\BlockyOS\src\kernel\libcrt\hardware\IDT\APIC\LocalAPICTimer.c - up to date; source=2026-09-01T19:52:35.3774846Z, stored=09/01/2026 19:52:35
Skipping C:\GitHub\BlockyOS\src\kernel\libcrt\hardware\hardware.c - up to date; source=2026-09-01T16:46:09.0571163Z, stored=09/01/2026 16:46:09
Skipping C:\GitHub\BlockyOS\src\kernel\libcrt\BLAKE2\blake2b-ref.c - up to date; source=2026-08-31T20:05:16.6578387Z, stored=08/31/2026 20:05:16
Skipping C:\GitHub\BlockyOS\src\kernel\libcrt\BLAKE2\blake2bp-ref.c - up to date; source=2026-08-31T20:05:20.6816175Z, stored=08/31/2026 20:05:20
Skipping C:\GitHub\BlockyOS\src\kernel\libcrt\BLAKE2\blake2s-ref.c - up to date; source=2026-08-31T20:05:24.7027041Z, stored=08/31/2026 20:05:24
Skipping C:\GitHub\BlockyOS\src\kernel\libcrt\BLAKE2\blake2sp-ref.c - up to date; source=2026-08-31T20:05:27.6610089Z, stored=08/31/2026 20:05:27
Skipping C:\GitHub\BlockyOS\src\kernel\libcrt\BLAKE2\blake2xb-ref.c - up to date; source=2026-09-01T14:03:25.3444410Z, stored=09/01/2026 14:03:25
Skipping C:\GitHub\BlockyOS\src\kernel\libcrt\BLAKE2\blake2xs-ref.c - up to date; source=2026-08-31T17:22:17.0728377Z, stored=08/31/2026 17:22:17
Skipping C:\GitHub\BlockyOS\src\kernel\libcrt\hardware\PCIe\PCIe.c - up to date; source=2026-08-31T23:54:42.2532022Z, stored=08/31/2026 23:54:42
Skipping C:\GitHub\BlockyOS\src\kernel\libcrt\hardware\SSE\UTILS.asm - up to date; source=2026-09-01T00:20:39.1738118Z, stored=09/01/2026 00:20:39
Skipping C:\GitHub\BlockyOS\src\kernel\libcrt\alibcrt.def - up to date; source=2026-09-01T20:03:41.5382359Z, stored=09/01/2026 20:03:41
gcc C:\GitHub\BlockyOS\compile\cache\asm.RNG.o C:\GitHub\BlockyOS\compile\cache\c.RNG.o C:\GitHub\BlockyOS\compile\cache\asm.GDT.o C:\GitHub\BlockyOS\compile\cache\c.GDT.o C:\GitHub\BlockyOS\compile\cache\asm.paging.o C:\GitHub\BlockyOS\compile\cache\c.paging.o C:\GitHub\BlockyOS\compile\cache\asm.SSE.o C:\GitHub\BlockyOS\compile\cache\c.SSE.o C:\GitHub\BlockyOS\compile\cache\c.memory.o C:\GitHub\BlockyOS\compile\cache\c.string.o C:\GitHub\BlockyOS\compile\cache\c.palloc.o C:\GitHub\BlockyOS\compile\cache\c.palloc(1).o C:\GitHub\BlockyOS\compile\cache\c.mmalloc.o C:\GitHub\BlockyOS\compile\cache\c.math.o C:\GitHub\BlockyOS\compile\cache\asm.IO.o C:\GitHub\BlockyOS\compile\cache\asm.IDT.o C:\GitHub\BlockyOS\compile\cache\asm.ISR.o C:\GitHub\BlockyOS\compile\cache\c.ISR.o C:\GitHub\BlockyOS\compile\cache\c.ACPI.o C:\GitHub\BlockyOS\compile\cache\c.APIC.o C:\GitHub\BlockyOS\compile\cache\c.IOAPIC.o C:\GitHub\BlockyOS\compile\cache\c.LocalAPIC.o C:\GitHub\BlockyOS\compile\cache\c.LocalAPICTimer.o C:\GitHub\BlockyOS\compile\cache\c.hardware.o C:\GitHub\BlockyOS\compile\cache\c.blake2b-ref.o C:\GitHub\BlockyOS\compile\cache\c.blake2bp-ref.o C:\GitHub\BlockyOS\compile\cache\c.blake2s-ref.o C:\GitHub\BlockyOS\compile\cache\c.blake2sp-ref.o C:\GitHub\BlockyOS\compile\cache\c.blake2xb-ref.o C:\GitHub\BlockyOS\compile\cache\c.blake2xs-ref.o C:\GitHub\BlockyOS\compile\cache\c.PCIe.o C:\GitHub\BlockyOS\compile\cache\asm.UTILS.o C:/GitHub/BlockyOS/src/kernel/libcrt/alibcrt.def -Wl,-flinker-output=dyn -Wl,-nostdlib -Wl,--emit-relocs -Wl,-shared -Wl,-Bsymbolic -Wl,-Map,C:\GitHub\BlockyOS\src\kernel\libcrt\alibcrt.map -fdiagnostics-color=always -fno-diagnostics-show-highlight-colors -nostartfiles -nodefaultlibs -o C:/GitHub/BlockyOS/Build/Build-nodate/root-part/libcrt.dll
Build finished successfully -> C:/GitHub/BlockyOS/Build/Build-nodate/root-part/libcrt.dll


[SHELL]	PE2EXEC.MAKE
C:\GitHub\BlockyOS\tools\executable-format\exechandler.exe C:/GitHub/BlockyOS/Build/Build-nodate/root-part/libcrt.dll C:/GitHub/BlockyOS/Build/Build-nodate/root-part/libcrt.service -od -L C:/GitHub/BlockyOS/src/kernel/libcrt/alibcrt.log

[(null):2609185392:DumpBeHeader]	Writing 2267742732355 bytes to 4096
[(null):2609185392:DumpBeHeader]	Writing 140716013518915 bytes to 140716013522944
[(null):2609185392:DumpBeHeader]	Writing 140716013518915 bytes to 140716013522944
[(null):2609185392:DumpBeHeader]	Writing 140716013518915 bytes to 140716013522944
[(null):2609185392:DumpBeHeader]	Writing 140716013518915 bytes to 140716013522944
[C:\GitHub\BlockyOS\tools\executable-format\exec.c:679:CreateResourceSection]
[(null):2609185392:DumpBeHeader]	Writing 140716013518915 bytes to 140716013522944
[C:\GitHub\BlockyOS\tools\executable-format\exec.c:723:CreateResourceSection]
[(null):2609185392:DumpBeHeader]	Writing 140716013518915 bytes to 140716013522944
[C:\GitHub\BlockyOS\tools\executable-format\exec.c:746:CreateResourceSection]
[(null):2609185392:DumpBeHeader]	Writing 140716013518915 bytes to 140716013522944
[(null):2609185392:DumpBeHeader]	Writing 140716013518915 bytes to 140716013522944
[C:\GitHub\BlockyOS\Build\Build-nodate\root-part\libcrt.service]
Header: {
  .Magic	17730
  .SystemSection	.rsrc
  .NSections	9
  .RawHeaderSize	4096
  .SectionTabeOffset	52
    [0]: {
      .Magic	0
      .Name	
      .Flags	(null)
      .Alignment	0
      .VirtualAddress	0
      .VirtualSize	0
      .RawPointer	0
      .RawSize	0
      {
        
        
        
        
      }
    
    [1]: {
      .Magic	5457218
      .Name	.code
      .Flags	SFExecutable SFReadable 
      .Alignment	4
      .VirtualAddress	4096
      .VirtualSize	135952
      .RawPointer	4104
      .RawSize	136192
[C:\GitHub\BlockyOS\tools\executable-format\exec.c:145:ReadSection]	Reading 136192 from 4104
      {
        b8 00 00 c1 e3 00 00 f8 
        07 b9 00 eb 01 b9 00 72 
        00 00 0f 12 00 64 0f 07 
        00 00 a2 81 00 00 c7 e2 
      }
    
    [2]: {
      .Magic	5457218
      .Name	.data
      .Flags	SFInitData SFReadable SFWritable 
      .Alignment	4
      .VirtualAddress	143360
      .VirtualSize	2240
      .RawPointer	140296
      .RawSize	2560
[C:\GitHub\BlockyOS\tools\executable-format\exec.c:145:ReadSection]	Reading 2560 from 140296
      {
        53 53 00 33 53 53 2e 53 
        53 53 53 00 45 53 31 45 
        45 45 53 53 33 45 00 34 
        00 32 45 53 00 34 53 2e 
      }
    
    [3]: {
      .Magic	5457218
      .Name	.rodata
      .Flags	SFInitData SFReadable 
      .Alignment	4
      .VirtualAddress	147456
      .VirtualSize	5536
      .RawPointer	142856
      .RawSize	5632
[C:\GitHub\BlockyOS\tools\executable-format\exec.c:145:ReadSection]	Reading 5632 from 142856
      {
        10 01 2c 01 48 01 64 01 
        f0 00 f3 00 f6 00 f9 00 
        01 00 01 00 01 00 01 00 
        80 00 80 00 80 00 80 00 
      }
    
    [4]: {
      .Magic	5457218
      .Name	.RelS
      .Flags	SFInitData SFReadable 
      .Alignment	4
      .VirtualAddress	0
      .VirtualSize	2696
      .RawPointer	148488
      .RawSize	2696
[C:\GitHub\BlockyOS\tools\executable-format\exec.c:145:ReadSection]	Reading 2696 from 148488
      Header: {
        .DirectoryTable	148508
        .UnusedBytes	150672
        .NRelocationDirectories	2267742732293
        [0]: {
          .BaseAddress	12288
          .DirectorySize	76(16 Entries)
             [0]: {
            .Type	BRET64
            .Offset	1626(0x365A)
          } [1]: {
            .Type	BRET64
            .Offset	1650(0x3672)
          } [2]: {
            .Type	BRET64
            .Offset	1674(0x368A)
          } [3]: {
            .Type	BRET64
            .Offset	1698(0x36A2)
          } [4]: {
            .Type	BRET64
            .Offset	1722(0x36BA)
          } [5]: {
            .Type	BRET64
            .Offset	1746(0x36D2)
          } [6]: {
            .Type	BRET64
            .Offset	1770(0x36EA)
          } [7]: {
            .Type	BRET64
            .Offset	1794(0x3702)
          }
        }
        [1]: {
          .BaseAddress	143360
          .DirectorySize	1004(248 Entries)
             [0]: {
            .Type	BRET64
            .Offset	192(0x230C0)
          } [1]: {
            .Type	BRET64
            .Offset	200(0x230C8)
          } [2]: {
            .Type	BRET64
            .Offset	208(0x230D0)
          } [3]: {
            .Type	BRET64
            .Offset	216(0x230D8)
          } [4]: {
            .Type	BRET64
            .Offset	224(0x230E0)
          } [5]: {
            .Type	BRET64
            .Offset	232(0x230E8)
          } [6]: {
            .Type	BRET64
            .Offset	240(0x230F0)
          } [7]: {
            .Type	BRET64
            .Offset	248(0x230F8)
          }
        }
        [2]: {
          .BaseAddress	147456
          .DirectorySize	1044(258 Entries)
             [0]: {
            .Type	BRET64
            .Offset	0(0x24000)
          } [1]: {
            .Type	BRET64
            .Offset	8(0x24008)
          } [2]: {
            .Type	BRET64
            .Offset	16(0x24010)
          } [3]: {
            .Type	BRET64
            .Offset	24(0x24018)
          } [4]: {
            .Type	BRET64
            .Offset	32(0x24020)
          } [5]: {
            .Type	BRET64
            .Offset	40(0x24028)
          } [6]: {
            .Type	BRET64
            .Offset	48(0x24030)
          } [7]: {
            .Type	BRET64
            .Offset	56(0x24038)
          }
        }
        [3]: {
          .BaseAddress	151552
          .DirectorySize	28(4 Entries)
             [0]: {
            .Type	BRET64
            .Offset	160(0x250A0)
          } [1]: {
            .Type	BRET64
            .Offset	192(0x250C0)
          } [2]: {
            .Type	BRET64
            .Offset	208(0x250D0)
          } [3]: {
            .Type	BRET64
            .Offset	224(0x250E0)
          }
        }
        [4]: {
          .BaseAddress	0
          .DirectorySize	12(0 Entries)
            
        }
      }
    
    [5]: {
      .Magic	5457218
      .Name	.ImportIn
      .Flags	SFInitData SFReadable 
      .Alignment	4
      .VirtualAddress	0
      .VirtualSize	0
      .RawPointer	151184
      .RawSize	20
[C:\GitHub\BlockyOS\tools\executable-format\exec.c:145:ReadSection]	Reading 20 from 151184
      Header: {
        .NDlls	0
        .DllImportPathTableRVO	151204
        .DllImportTableRVO	151204
      }
    
    [6]: {
      .Magic	5457218
      .Name	.ExportOut
      .Flags	SFInitData SFReadable 
      .Alignment	4
      .VirtualAddress	0
      .VirtualSize	0
      .RawPointer	151204
      .RawSize	4172
[C:\GitHub\BlockyOS\tools\executable-format\exec.c:145:ReadSection]	Reading 4172 from 151204
      Header: {
        .NExported	92
        .ExportTableRVO	151228
        .ExportNameRVO	154172
        .NExportAddresses	92[C:\GitHub\BlockyOS\tools\executable-format\exechandler.exe|-1073741819]

[C:\GitHub\BlockyOS\tools\executable-format\exec.c:177:WriteSection]	Writing 136192 to 4104
[C:\GitHub\BlockyOS\tools\executable-format\exec.c:177:WriteSection]	Writing 2560 to 140296
[C:\GitHub\BlockyOS\tools\executable-format\exec.c:177:WriteSection]	Writing 5632 to 142856
[C:\GitHub\BlockyOS\tools\executable-format\exec.c:177:WriteSection]	Writing 2696 to 148488
[C:\GitHub\BlockyOS\tools\executable-format\exec.c:177:WriteSection]	Writing 2696 to 148488
[C:\GitHub\BlockyOS\tools\executable-format\exec.c:681:CreateResourceSection]
[C:\GitHub\BlockyOS\tools\executable-format\exec.c:177:WriteSection]	Writing 20 to 151184
[C:\GitHub\BlockyOS\tools\executable-format\exec.c:725:CreateResourceSection]
[C:\GitHub\BlockyOS\tools\executable-format\exec.c:177:WriteSection]	Writing 20 to 151184
[C:\GitHub\BlockyOS\tools\executable-format\exec.c:177:WriteSection]	Writing 4172 to 151204
[C:\GitHub\BlockyOS\tools\executable-format\exec.c:177:WriteSection]	Writing 4172 to 151204
[C:\GitHub\BlockyOS\tools\executable-format\exec.c:748:CreateResourceSection]
[C:\GitHub\BlockyOS\tools\executable-format\exec.c:177:WriteSection]	Writing 9536 to 155376
[C:\GitHub\BlockyOS\tools\executable-format\exec.c:177:WriteSection]	Writing 4096 to 164912
[C:\GitHub\BlockyOS\Build\Build-nodate\root-part\libcrt.service]
Header: {
  .Magic	17730
  .SystemSection	.rsrc
  .NSections	9
  .RawHeaderSize	4096
  .SectionTabeOffset	52
    [0]: {
      .Magic	0
      .Name	
      .Flags	(null)
      .Alignment	0
      .VirtualAddress	0
      .VirtualSize	0
      .RawPointer	0
      .RawSize	0
      {
        
        
        
        
      }
    
    [1]: {
      .Magic	5457218
      .Name	.code
      .Flags	SFExecutable SFReadable 
      .Alignment	2267742732292
      .VirtualAddress	4096
      .VirtualSize	135952
      .RawPointer	4104
      .RawSize	136192
[C:\GitHub\BlockyOS\tools\executable-format\exec.c:147:ReadSection]	Reading 136192 from 4104
      {
        b8 00 00 c1 e3 00 00 f8 
        07 b9 00 eb 01 b9 00 72 
        00 00 0f 12 00 64 0f 07 
        00 00 a2 81 00 00 c7 e2 
      }
    
    [2]: {
      .Magic	5457218
      .Name	.data
      .Flags	SFInitData SFReadable SFWritable 
      .Alignment	2267742732292
      .VirtualAddress	143360
      .VirtualSize	2240
      .RawPointer	140296
      .RawSize	2560
[C:\GitHub\BlockyOS\tools\executable-format\exec.c:147:ReadSection]	Reading 2560 from 140296
      {
        53 53 00 33 53 53 2e 53 
        53 53 53 00 45 53 31 45 
        45 45 53 53 33 45 00 34 
        00 32 45 53 00 34 53 2e 
      }
    
    [3]: {
      .Magic	5457218
      .Name	.rodata
      .Flags	SFInitData SFReadable 
      .Alignment	2267742732292
      .VirtualAddress	147456
      .VirtualSize	5536
      .RawPointer	142856
      .RawSize	5632
[C:\GitHub\BlockyOS\tools\executable-format\exec.c:147:ReadSection]	Reading 5632 from 142856
      {
        10 01 2c 01 48 01 64 01 
        f0 00 f3 00 f6 00 f9 00 
        01 00 01 00 01 00 01 00 
        80 00 80 00 80 00 80 00 
      }
    
    [4]: {
      .Magic	5457218
      .Name	.RelS
      .Flags	SFInitData SFReadable 
      .Alignment	2267742732292
      .VirtualAddress	0
      .VirtualSize	2696
      .RawPointer	148488
      .RawSize	2696
[C:\GitHub\BlockyOS\tools\executable-format\exec.c:147:ReadSection]	Reading 2696 from 148488
      Header: {
        .DirectoryTable	148508
        .UnusedBytes	150672
        .NRelocationDirectories	5
        [0]: {
          .BaseAddress	12288
          .DirectorySize	76(16 Entries)
             [0]: {
            .Type	BRET64
            .Offset	1626(0x365A)
          } [1]: {
            .Type	BRET64
            .Offset	1650(0x3672)
          } [2]: {
            .Type	BRET64
            .Offset	1674(0x368A)
          } [3]: {
            .Type	BRET64
            .Offset	1698(0x36A2)
          } [4]: {
            .Type	BRET64
            .Offset	1722(0x36BA)
          } [5]: {
            .Type	BRET64
            .Offset	1746(0x36D2)
          } [6]: {
            .Type	BRET64
            .Offset	1770(0x36EA)
          } [7]: {
         
[SHELL]	FSFRAT.OPEN
[SHELL]	FSFRAT.MOUNT
[SHELL]	FSFRAT.WRITE
[SHELL OUT]: FSFRAT DRIVER
[SHELL OUT]: >> 
[SHELL OUT]: [C:\GitHub\BlockyOS\tools\filesystem\frat.c:193]  >>  Mounting FS Root: [C:/GitHub/BlockyOS/Build/Build-nodate/disk.img]
[SHELL OUT]: Verifying Disk GPT
[SHELL OUT]: [Parent:00007ff7e24dd8f9] >>  C:/GitHub/BlockyOS/Build/Build-nodate/disk.img  ConfBlockSize: 512    Starting Disk Env ID: 
[SHELL OUT]: Reading Bytes
[SHELL OUT]: [Parent:00007ff7e24dd914] >> Reading [92 bytes(s)->1 block(s)] to LBA[1(512)-2(1024)]
[SHELL OUT]: GPT Dump:
[SHELL OUT]:     Sig: "EFI PART"
[SHELL OUT]:     Rev: 65536
[SHELL OUT]:     Header-Size: 92
[SHELL OUT]:     Header Checksum: 4269452616
[SHELL OUT]:     localLBA: 1
[SHELL OUT]:     altLBA: 2623490
[SHELL OUT]:     firstUsable: 2048
[SHELL OUT]:     lastUsable: 2623488
[SHELL OUT]:     Disk-GUID: 
[SHELL OUT]:     Partition-Table: 2
[SHELL OUT]:     # of Partition-Entries: 3
[SHELL OUT]:     Partition-Entry Size: 128
[SHELL OUT]:     Partition-Table Checksum: 801556421
[SHELL OUT]: Closing Disk Interface >> {C:/GitHub/BlockyOS/Build/Build-nodate/disk.img}
[SHELL OUT]: GPT Exists? true
[SHELL OUT]: [Parent:00007ff7e24dee8f] >>  C:/GitHub/BlockyOS/Build/Build-nodate/disk.img  ConfBlockSize: 512    Starting Disk Env ID: 
[SHELL OUT]: Reading Bytes
[SHELL OUT]: [Parent:00007ff7e24deeb0] >> Reading [92 bytes(s)->1 block(s)] to LBA[1(512)-2(1024)]
[SHELL OUT]: [C:\GitHub\BlockyOS\tools\filesystem\frat.c:134]  >>  Querying Part Table
[SHELL OUT]: Reading Bytes
[SHELL OUT]: [Parent:00007ff7e24de700] >> Reading [384 bytes(s)->1 block(s)] to LBA[2(1024)-3(1536)]
[SHELL OUT]: [C:\GitHub\BlockyOS\tools\filesystem\frat.c:142]  >>  GPT-Entry: BOOT{2048:526335 -> 524287}
[SHELL OUT]: [C:\GitHub\BlockyOS\tools\filesystem\frat.c:156]  >>  Querying FS at 2048
[SHELL OUT]: Reading Bytes
[SHELL OUT]: [Parent:00007ff7e24deba4] >> Reading [36 bytes(s)->1 block(s)] to LBA[2048(1048576)-2049(1049088)]
[SHELL OUT]: FS-Root Blob:
[SHELL OUT]:     Version: [0:524288]
[SHELL OUT]:     Sig: 
[SHELL OUT]:     Configured Log Sectors: 2
[SHELL OUT]:     Configured Block Size: 0
[SHELL OUT]:     Configured Cluster-Map Size: 16711743
[SHELL OUT]: [C:\GitHub\BlockyOS\tools\filesystem\frat.c:142]  >>  GPT-Entry: ROOT{526336:2623487 -> 2097151}
[SHELL OUT]: [C:\GitHub\BlockyOS\tools\filesystem\frat.c:156]  >>  Querying FS at 526336
[SHELL OUT]: Reading Bytes
[SHELL OUT]: [Parent:00007ff7e24deba4] >> Reading [36 bytes(s)->1 block(s)] to LBA[526336(269484032)-526337(269484544)]
[SHELL OUT]: FS-Root Blob:
[SHELL OUT]:     Version: [1:0]
[SHELL OUT]:     Sig: FRAT_FILESYSTEM
[SHELL OUT]:     Configured Log Sectors: 5
[SHELL OUT]:     Configured Block Size: 512
[SHELL OUT]:     Configured Cluster-Map Size: 81920
[SHELL OUT]: [C:\GitHub\BlockyOS\tools\filesystem\frat.c:181]  >>  FS Found at [526336]:
[SHELL OUT]: 	Version-Code: [1:0]
[SHELL OUT]: 	Configured Block-Size: 512
[SHELL OUT]: 	Configured Cluster-Size: 81920
[SHELL OUT]: 	Configured # of Log-Sectors: 5
[SHELL OUT]: 	Configured Log-Size: 90
[SHELL OUT]: [C:\GitHub\BlockyOS\tools\filesystem\frat.c:205]  >>  Found Formatted Partition: 526336:2623487 -> 2097151
[SHELL OUT]: Reading Bytes
[SHELL OUT]: [Parent:00007ff7e24defe1] >> Reading [36 bytes(s)->1 block(s)] to LBA[526336(269484032)-526337(269484544)]
[SHELL OUT]: [C:\GitHub\BlockyOS\tools\filesystem\frat.c:218]  >>  Root: 526336:2623487 -> 2097151 LBAs
[SHELL OUT]: 	Version-Code: [1:0]
[SHELL OUT]: 	Configured Block-Size: 512
[SHELL OUT]: 	Configured Cluster-Size: 81920
[SHELL OUT]: 	Configured # of Log-Sectors: 81920
[SHELL OUT]: 	Configured Log-Size: 5
[SHELL OUT]: Reading Bytes
[SHELL OUT]: [Parent:00007ff7e24df31e] >> Reading [2560 bytes(s)->5 block(s)] to LBA[526337(269484544)-526342(269487104)]
[SHELL OUT]: Reading Bytes
[SHELL OUT]: [Parent:00007ff7e24df39a] >> Reading [81920 bytes(s)->160 block(s)] to LBA[526343(269487616)-526503(269569536)]
[SHELL OUT]:     Verifying FS Root Items #items: 4096
[SHELL OUT]: >> 
[SHELL OUT]: Mounting File [SYSD/LIBCRT.app] with "f"
[SHELL OUT]: >> 
[SHELL OUT]: >> 
[SHELL OUT]: [Parent:00007ff7e24e1405] >>  C:/GitHub/BlockyOS/Build/Build-nodate/disk.img  ConfBlockSize: 512    Starting Disk Env ID: 
[SHELL OUT]: Writing Bytes
[SHELL OUT]: [Parent:00007ff7e24e142e] >> Writing [36 bytes(s)->1 block(s)] to LBA[0(0)-1(512)]
[SHELL OUT]: Writing Bytes
[SHELL OUT]: [Parent:00007ff7e24e1465] >> Writing [81920 bytes(s)->160 block(s)] to LBA[7(3584)-167(85504)]
[SHELL OUT]: Closing Disk Interface >> {C:/GitHub/BlockyOS/Build/Build-nodate/disk.img}
Initializing CGCC.MAKE build process...
Skipping C:\GitHub\BlockyOS\src\kernel\libcrt\hardware\RNG\RNG.asm - up to date; source=2026-09-02T19:29:50.4588980Z, stored=09/02/2026 19:29:50
Skipping C:\GitHub\BlockyOS\src\kernel\libcrt\hardware\RNG\RNG.c - up to date; source=2026-09-01T19:51:35.2375749Z, stored=09/01/2026 19:51:35
Skipping C:\GitHub\BlockyOS\src\kernel\libcrt\hardware\GDT\GDT.asm - up to date; source=2026-09-02T19:29:50.4759038Z, stored=09/02/2026 19:29:50
Skipping C:\GitHub\BlockyOS\src\kernel\libcrt\hardware\GDT\GDT.c - up to date; source=2026-08-31T20:29:21.6186178Z, stored=08/31/2026 20:29:21
Skipping C:\GitHub\BlockyOS\src\kernel\libcrt\hardware\paging\paging.asm - up to date; source=2026-09-02T19:29:50.4619061Z, stored=09/02/2026 19:29:50
Skipping C:\GitHub\BlockyOS\src\kernel\libcrt\hardware\paging\paging.c - up to date; source=2026-09-01T20:10:14.1486119Z, stored=09/01/2026 20:10:14
Skipping C:\GitHub\BlockyOS\src\kernel\libcrt\hardware\SSE\SSE.asm - up to date; source=2026-09-02T19:29:50.4759038Z, stored=09/02/2026 19:29:50
Skipping C:\GitHub\BlockyOS\src\kernel\libcrt\hardware\SSE\SSE.c - up to date; source=2026-09-01T15:31:49.0191638Z, stored=09/01/2026 15:31:49
Skipping C:\GitHub\BlockyOS\src\kernel\libcrt\memory\memory.c - up to date; source=2026-09-01T14:27:41.5007315Z, stored=09/01/2026 14:27:41
Skipping C:\GitHub\BlockyOS\src\kernel\libcrt\memory\string.c - up to date; source=2026-08-31T17:22:17.0368394Z, stored=08/31/2026 17:22:17
Skipping C:\GitHub\BlockyOS\src\kernel\libcrt\hardware\paging\palloc.c - up to date; source=2026-09-01T20:10:14.1506184Z, stored=09/01/2026 20:10:14
Skipping C:\GitHub\BlockyOS\src\kernel\libcrt\memory\allocator\palloc.c - up to date; source=2026-09-02T18:08:03.4509785Z, stored=09/02/2026 18:08:03
Skipping C:\GitHub\BlockyOS\src\kernel\libcrt\memory\allocator\mmalloc.c - up to date; source=2026-09-01T00:47:09.6602809Z, stored=09/01/2026 00:47:09
Skipping C:\GitHub\BlockyOS\src\kernel\libcrt\math\math.c - up to date; source=2026-09-02T20:24:18.8720404Z, stored=09/02/2026 20:24:18
Skipping C:\GitHub\BlockyOS\src\kernel\libcrt\hardware\IO\IO.asm - up to date; source=2026-09-02T19:29:50.4759038Z, stored=09/02/2026 19:29:50
Skipping C:\GitHub\BlockyOS\src\kernel\libcrt\hardware\IDT\IDT.asm - up to date; source=2026-09-02T19:29:50.4759038Z, stored=09/02/2026 19:29:50
Skipping C:\GitHub\BlockyOS\src\kernel\libcrt\hardware\IDT\ISR.asm - up to date; source=2026-09-02T19:08:06.2288527Z, stored=09/02/2026 19:08:06
Skipping C:\GitHub\BlockyOS\src\kernel\libcrt\hardware\IDT\ISR.c - up to date; source=2026-09-02T18:48:44.0968136Z, stored=09/02/2026 18:48:44
Skipping C:\GitHub\BlockyOS\src\kernel\libcrt\hardware\ACPI\ACPI.c - up to date; source=2026-08-31T20:25:27.3210120Z, stored=08/31/2026 20:25:27
Skipping C:\GitHub\BlockyOS\src\kernel\libcrt\hardware\IDT\APIC\APIC.c - up to date; source=2026-08-31T17:22:17.1088393Z, stored=08/31/2026 17:22:17
Skipping C:\GitHub\BlockyOS\src\kernel\libcrt\hardware\IDT\APIC\IOAPIC.c - up to date; source=2026-08-31T23:06:36.2138524Z, stored=08/31/2026 23:06:36
Skipping C:\GitHub\BlockyOS\src\kernel\libcrt\hardware\IDT\APIC\LocalAPIC.c - up to date; source=2026-09-01T14:06:58.1209403Z, stored=09/01/2026 14:06:58
Skipping C:\GitHub\BlockyOS\src\kernel\libcrt\hardware\IDT\APIC\LocalAPICTimer.c - up to date; source=2026-09-01T19:52:35.3774846Z, stored=09/01/2026 19:52:35
Skipping C:\GitHub\BlockyOS\src\kernel\libcrt\hardware\hardware.c - up to date; source=2026-09-01T16:46:09.0571163Z, stored=09/01/2026 16:46:09
Skipping C:\GitHub\BlockyOS\src\kernel\libcrt\BLAKE2\blake2b-ref.c - up to date; source=2026-08-31T20:05:16.6578387Z, stored=08/31/2026 20:05:16
Skipping C:\GitHub\BlockyOS\src\kernel\libcrt\BLAKE2\blake2bp-ref.c - up to date; source=2026-08-31T20:05:20.6816175Z, stored=08/31/2026 20:05:20
Skipping C:\GitHub\BlockyOS\src\kernel\libcrt\BLAKE2\blake2s-ref.c - up to date; source=2026-08-31T20:05:24.7027041Z, stored=08/31/2026 20:05:24
Skipping C:\GitHub\BlockyOS\src\kernel\libcrt\BLAKE2\blake2sp-ref.c - up to date; source=2026-08-31T20:05:27.6610089Z, stored=08/31/2026 20:05:27
Skipping C:\GitHub\BlockyOS\src\kernel\libcrt\BLAKE2\blake2xb-ref.c - up to date; source=2026-09-01T14:03:25.3444410Z, stored=09/01/2026 14:03:25
Skipping C:\GitHub\BlockyOS\src\kernel\libcrt\BLAKE2\blake2xs-ref.c - up to date; source=2026-08-31T17:22:17.0728377Z, stored=08/31/2026 17:22:17
Skipping C:\GitHub\BlockyOS\src\kernel\libcrt\hardware\PCIe\PCIe.c - up to date; source=2026-08-31T23:54:42.2532022Z, stored=08/31/2026 23:54:42
Skipping C:\GitHub\BlockyOS\src\kernel\libcrt\hardware\SSE\UTILS.asm - up to date; source=2026-09-01T00:20:39.1738118Z, stored=09/01/2026 00:20:39
Skipping C:\GitHub\BlockyOS\src\kernel\libcrt\alibcrt.def - up to date; source=2026-09-01T20:03:41.5382359Z, stored=09/01/2026 20:03:41
gcc C:\GitHub\BlockyOS\compile\cache\asm.RNG.o C:\GitHub\BlockyOS\compile\cache\c.RNG.o C:\GitHub\BlockyOS\compile\cache\asm.GDT.o C:\GitHub\BlockyOS\compile\cache\c.GDT.o C:\GitHub\BlockyOS\compile\cache\asm.paging.o C:\GitHub\BlockyOS\compile\cache\c.paging.o C:\GitHub\BlockyOS\compile\cache\asm.SSE.o C:\GitHub\BlockyOS\compile\cache\c.SSE.o C:\GitHub\BlockyOS\compile\cache\c.memory.o C:\GitHub\BlockyOS\compile\cache\c.string.o C:\GitHub\BlockyOS\compile\cache\c.palloc.o C:\GitHub\BlockyOS\compile\cache\c.palloc(1).o C:\GitHub\BlockyOS\compile\cache\c.mmalloc.o C:\GitHub\BlockyOS\compile\cache\c.math.o C:\GitHub\BlockyOS\compile\cache\asm.IO.o C:\GitHub\BlockyOS\compile\cache\asm.IDT.o C:\GitHub\BlockyOS\compile\cache\asm.ISR.o C:\GitHub\BlockyOS\compile\cache\c.ISR.o C:\GitHub\BlockyOS\compile\cache\c.ACPI.o C:\GitHub\BlockyOS\compile\cache\c.APIC.o C:\GitHub\BlockyOS\compile\cache\c.IOAPIC.o C:\GitHub\BlockyOS\compile\cache\c.LocalAPIC.o C:\GitHub\BlockyOS\compile\cache\c.LocalAPICTimer.o C:\GitHub\BlockyOS\compile\cache\c.hardware.o C:\GitHub\BlockyOS\compile\cache\c.blake2b-ref.o C:\GitHub\BlockyOS\compile\cache\c.blake2bp-ref.o C:\GitHub\BlockyOS\compile\cache\c.blake2s-ref.o C:\GitHub\BlockyOS\compile\cache\c.blake2sp-ref.o C:\GitHub\BlockyOS\compile\cache\c.blake2xb-ref.o C:\GitHub\BlockyOS\compile\cache\c.blake2xs-ref.o C:\GitHub\BlockyOS\compile\cache\c.PCIe.o C:\GitHub\BlockyOS\compile\cache\asm.UTILS.o C:/GitHub/BlockyOS/src/kernel/libcrt/alibcrt.def -Wl,-flinker-output=dyn -Wl,-nostdlib -Wl,--emit-relocs -Wl,-shared -Wl,-Bsymbolic -Wl,-Map,C:\GitHub\BlockyOS\src\kernel\libcrt\alibcrt.map -fdiagnostics-color=always -fno-diagnostics-show-highlight-colors -nostartfiles -nodefaultlibs -o C:/GitHub/BlockyOS/Build/Build-nodate/root-part/libcrt.dll
Build finished successfully -> C:/GitHub/BlockyOS/Build/Build-nodate/root-part/libcrt.dll


[SHELL]	PE2EXEC.MAKE
C:\GitHub\BlockyOS\tools\executable-format\exechandler.exe C:/GitHub/BlockyOS/Build/Build-nodate/root-part/libcrt.dll C:/GitHub/BlockyOS/Build/Build-nodate/root-part/libcrt.service -od -L C:/GitHub/BlockyOS/src/kernel/libcrt/alibcrt.log

[(null):44761712:DumpBeHeader]	Writing 2684354560067 bytes to 4096
[(null):44761712:DumpBeHeader]	Writing 140716013518915 bytes to 140716013522944
[(null):44761712:DumpBeHeader]	Writing 140716013518915 bytes to 140716013522944
[(null):44761712:DumpBeHeader]	Writing 140716013518915 bytes to 140716013522944
[(null):44761712:DumpBeHeader]	Writing 140716013518915 bytes to 140716013522944
[C:\GitHub\BlockyOS\tools\executable-format\exec.c:679:CreateResourceSection]
[(null):44761712:DumpBeHeader]	Writing 140716013518915 bytes to 140716013522944
[C:\GitHub\BlockyOS\tools\executable-format\exec.c:723:CreateResourceSection]
[(null):44761712:DumpBeHeader]	Writing 140716013518915 bytes to 140716013522944
[C:\GitHub\BlockyOS\tools\executable-format\exec.c:746:CreateResourceSection]
[(null):44761712:DumpBeHeader]	Writing 140716013518915 bytes to 140716013522944
[(null):44761712:DumpBeHeader]	Writing 140716013518915 bytes to 140716013522944
[C:\GitHub\BlockyOS\Build\Build-nodate\root-part\libcrt.service]
Header: {
  .Magic	17730
  .SystemSection	.rsrc
  .NSections	9
  .RawHeaderSize	4096
  .SectionTabeOffset	52
    [0]: {
      .Magic	0
      .Name	
      .Flags	(null)
      .Alignment	0
      .VirtualAddress	0
      .VirtualSize	0
      .RawPointer	0
      .RawSize	0
      {
        
        
        
        
      }
    
    [1]: {
      .Magic	5457218
      .Name	.code
      .Flags	SFExecutable SFReadable 
      .Alignment	4
      .VirtualAddress	4096
      .VirtualSize	135952
      .RawPointer	4104
      .RawSize	136192
[C:\GitHub\BlockyOS\tools\executable-format\exec.c:145:ReadSection]	Reading 136192 from 4104
      {
        b8 00 00 c1 e3 00 00 f8 
        07 b9 00 eb 01 b9 00 72 
        00 00 0f 12 00 64 0f 07 
        00 00 a2 81 00 00 c7 e2 
      }
    
    [2]: {
      .Magic	5457218
      .Name	.data
      .Flags	SFInitData SFReadable SFWritable 
      .Alignment	4
      .VirtualAddress	143360
      .VirtualSize	2240
      .RawPointer	140296
      .RawSize	2560
[C:\GitHub\BlockyOS\tools\executable-format\exec.c:145:ReadSection]	Reading 2560 from 140296
      {
        53 53 00 33 53 53 2e 53 
        53 53 53 00 45 53 31 45 
        45 45 53 53 33 45 00 34 
        00 32 45 53 00 34 53 2e 
      }
    
    [3]: {
      .Magic	5457218
      .Name	.rodata
      .Flags	SFInitData SFReadable 
      .Alignment	4
      .VirtualAddress	147456
      .VirtualSize	5536
      .RawPointer	142856
      .RawSize	5632
[C:\GitHub\BlockyOS\tools\executable-format\exec.c:145:ReadSection]	Reading 5632 from 142856
      {
        10 01 2c 01 48 01 64 01 
        f0 00 f3 00 f6 00 f9 00 
        01 00 01 00 01 00 01 00 
        80 00 80 00 80 00 80 00 
      }
    
    [4]: {
      .Magic	5457218
      .Name	.RelS
      .Flags	SFInitData SFReadable 
      .Alignment	4
      .VirtualAddress	0
      .VirtualSize	2696
      .RawPointer	148488
      .RawSize	2696
[C:\GitHub\BlockyOS\tools\executable-format\exec.c:145:ReadSection]	Reading 2696 from 148488
      Header: {
        .DirectoryTable	148508
        .UnusedBytes	150672
        .NRelocationDirectories	2684354560005
        [0]: {
          .BaseAddress	12288
          .DirectorySize	76(16 Entries)
             [0]: {
            .Type	BRET64
            .Offset	1626(0x365A)
          } [1]: {
            .Type	BRET64
            .Offset	1650(0x3672)
          } [2]: {
            .Type	BRET64
            .Offset	1674(0x368A)
          } [3]: {
            .Type	BRET64
            .Offset	1698(0x36A2)
          } [4]: {
            .Type	BRET64
            .Offset	1722(0x36BA)
          } [5]: {
            .Type	BRET64
            .Offset	1746(0x36D2)
          } [6]: {
            .Type	BRET64
            .Offset	1770(0x36EA)
          } [7]: {
            .Type	BRET64
            .Offset	1794(0x3702)
          }
        }
        [1]: {
          .BaseAddress	143360
          .DirectorySize	1004(248 Entries)
             [0]: {
            .Type	BRET64
            .Offset	192(0x230C0)
          } [1]: {
            .Type	BRET64
            .Offset	200(0x230C8)
          } [2]: {
            .Type	BRET64
            .Offset	208(0x230D0)
          } [3]: {
            .Type	BRET64
            .Offset	216(0x230D8)
          } [4]: {
            .Type	BRET64
            .Offset	224(0x230E0)
          } [5]: {
            .Type	BRET64
            .Offset	232(0x230E8)
          } [6]: {
            .Type	BRET64
            .Offset	240(0x230F0)
          } [7]: {
            .Type	BRET64
            .Offset	248(0x230F8)
          }
        }
        [2]: {
          .BaseAddress	147456
          .DirectorySize	1044(258 Entries)
             [0]: {
            .Type	BRET64
            .Offset	0(0x24000)
          } [1]: {
            .Type	BRET64
            .Offset	8(0x24008)
          } [2]: {
            .Type	BRET64
            .Offset	16(0x24010)
          } [3]: {
            .Type	BRET64
            .Offset	24(0x24018)
          } [4]: {
            .Type	BRET64
            .Offset	32(0x24020)
          } [5]: {
            .Type	BRET64
            .Offset	40(0x24028)
          } [6]: {
            .Type	BRET64
            .Offset	48(0x24030)
          } [7]: {
            .Type	BRET64
            .Offset	56(0x24038)
          }
        }
        [3]: {
          .BaseAddress	151552
          .DirectorySize	28(4 Entries)
             [0]: {
            .Type	BRET64
            .Offset	160(0x250A0)
          } [1]: {
            .Type	BRET64
            .Offset	192(0x250C0)
          } [2]: {
            .Type	BRET64
            .Offset	208(0x250D0)
          } [3]: {
            .Type	BRET64
            .Offset	224(0x250E0)
          }
        }
        [4]: {
          .BaseAddress	0
          .DirectorySize	12(0 Entries)
            
        }
      }
    
    [5]: {
      .Magic	5457218
      .Name	.ImportIn
      .Flags	SFInitData SFReadable 
      .Alignment	4
      .VirtualAddress	0
      .VirtualSize	0
      .RawPointer	151184
      .RawSize	20
[C:\GitHub\BlockyOS\tools\executable-format\exec.c:145:ReadSection]	Reading 20 from 151184
      Header: {
        .NDlls	0
        .DllImportPathTableRVO	151204
        .DllImportTableRVO	151204
      }
    
    [6]: {
      .Magic	5457218
      .Name	.ExportOut
      .Flags	SFInitData SFReadable 
      .Alignment	4
      .VirtualAddress	0
      .VirtualSize	0
      .RawPointer	151204
      .RawSize	4172
[C:\GitHub\BlockyOS\tools\executable-format\exec.c:145:ReadSection]	Reading 4172 from 151204
      Header: {
        .NExported	92
        .ExportTableRVO	151228
        .ExportNameRVO	154172
        .NExportAddresses	92[C:\GitHub\BlockyOS\tools\executable-format\exechandler.exe|-1073741819]

[C:\GitHub\BlockyOS\tools\executable-format\exec.c:177:WriteSection]	Writing 136192 to 4104
[C:\GitHub\BlockyOS\tools\executable-format\exec.c:177:WriteSection]	Writing 2560 to 140296
[C:\GitHub\BlockyOS\tools\executable-format\exec.c:177:WriteSection]	Writing 5632 to 142856
[C:\GitHub\BlockyOS\tools\executable-format\exec.c:177:WriteSection]	Writing 2696 to 148488
[C:\GitHub\BlockyOS\tools\executable-format\exec.c:177:WriteSection]	Writing 2696 to 148488
[C:\GitHub\BlockyOS\tools\executable-format\exec.c:681:CreateResourceSection]
[C:\GitHub\BlockyOS\tools\executable-format\exec.c:177:WriteSection]	Writing 20 to 151184
[C:\GitHub\BlockyOS\tools\executable-format\exec.c:725:CreateResourceSection]
[C:\GitHub\BlockyOS\tools\executable-format\exec.c:177:WriteSection]	Writing 20 to 151184
[C:\GitHub\BlockyOS\tools\executable-format\exec.c:177:WriteSection]	Writing 4172 to 151204
[C:\GitHub\BlockyOS\tools\executable-format\exec.c:177:WriteSection]	Writing 4172 to 151204
[C:\GitHub\BlockyOS\tools\executable-format\exec.c:748:CreateResourceSection]
[C:\GitHub\BlockyOS\tools\executable-format\exec.c:177:WriteSection]	Writing 9536 to 155376
[C:\GitHub\BlockyOS\tools\executable-format\exec.c:177:WriteSection]	Writing 4096 to 164912
[C:\GitHub\BlockyOS\Build\Build-nodate\root-part\libcrt.service]
Header: {
  .Magic	17730
  .SystemSection	.rsrc
  .NSections	9
  .RawHeaderSize	4096
  .SectionTabeOffset	52
    [0]: {
      .Magic	0
      .Name	
      .Flags	(null)
      .Alignment	0
      .VirtualAddress	0
      .VirtualSize	0
      .RawPointer	0
      .RawSize	0
      {
        
        
        
        
      }
    
    [1]: {
      .Magic	5457218
      .Name	.code
      .Flags	SFExecutable SFReadable 
      .Alignment	2684354560004
      .VirtualAddress	4096
      .VirtualSize	135952
      .RawPointer	4104
      .RawSize	136192
[C:\GitHub\BlockyOS\tools\executable-format\exec.c:147:ReadSection]	Reading 136192 from 4104
      {
        b8 00 00 c1 e3 00 00 f8 
        07 b9 00 eb 01 b9 00 72 
        00 00 0f 12 00 64 0f 07 
        00 00 a2 81 00 00 c7 e2 
      }
    
    [2]: {
      .Magic	5457218
      .Name	.data
      .Flags	SFInitData SFReadable SFWritable 
      .Alignment	2684354560004
      .VirtualAddress	143360
      .VirtualSize	2240
      .RawPointer	140296
      .RawSize	2560
[C:\GitHub\BlockyOS\tools\executable-format\exec.c:147:ReadSection]	Reading 2560 from 140296
      {
        53 53 00 33 53 53 2e 53 
        53 53 53 00 45 53 31 45 
        45 45 53 53 33 45 00 34 
        00 32 45 53 00 34 53 2e 
      }
    
    [3]: {
      .Magic	5457218
      .Name	.rodata
      .Flags	SFInitData SFReadable 
      .Alignment	2684354560004
      .VirtualAddress	147456
      .VirtualSize	5536
      .RawPointer	142856
      .RawSize	5632
[C:\GitHub\BlockyOS\tools\executable-format\exec.c:147:ReadSection]	Reading 5632 from 142856
      {
        10 01 2c 01 48 01 64 01 
        f0 00 f3 00 f6 00 f9 00 
        01 00 01 00 01 00 01 00 
        80 00 80 00 80 00 80 00 
      }
    
    [4]: {
      .Magic	5457218
      .Name	.RelS
      .Flags	SFInitData SFReadable 
      .Alignment	2684354560004
      .VirtualAddress	0
      .VirtualSize	2696
      .RawPointer	148488
      .RawSize	2696
[C:\GitHub\BlockyOS\tools\executable-format\exec.c:147:ReadSection]	Reading 2696 from 148488
      Header: {
        .DirectoryTable	148508
        .UnusedBytes	150672
        .NRelocationDirectories	5
        [0]: {
          .BaseAddress	12288
          .DirectorySize	76(16 Entries)
             [0]: {
            .Type	BRET64
            .Offset	1626(0x365A)
          } [1]: {
            .Type	BRET64
            .Offset	1650(0x3672)
          } [2]: {
            .Type	BRET64
            .Offset	1674(0x368A)
          } [3]: {
            .Type	BRET64
            .Offset	1698(0x36A2)
          } [4]: {
            .Type	BRET64
            .Offset	1722(0x36BA)
          } [5]: {
            .Type	BRET64
            .Offset	1746(0x36D2)
          } [6]: {
            .Type	BRET64
            .Offset	1770(0x36EA)
          } [7]: {
         
[SHELL]	FSFRAT.OPEN
[SHELL]	FSFRAT.MOUNT
[SHELL]	FSFRAT.WRITE
[SHELL OUT]: FSFRAT DRIVER
[SHELL OUT]: >> 
[SHELL OUT]: [C:\GitHub\BlockyOS\tools\filesystem\frat.c:193]  >>  Mounting FS Root: [C:/GitHub/BlockyOS/Build/Build-nodate/disk.img]
[SHELL OUT]: Verifying Disk GPT
[SHELL OUT]: [Parent:00007ff7e24dd8f9] >>  C:/GitHub/BlockyOS/Build/Build-nodate/disk.img  ConfBlockSize: 512    Starting Disk Env ID: 
[SHELL OUT]: Reading Bytes
[SHELL OUT]: [Parent:00007ff7e24dd914] >> Reading [92 bytes(s)->1 block(s)] to LBA[1(512)-2(1024)]
[SHELL OUT]: GPT Dump:
[SHELL OUT]:     Sig: "EFI PART"
[SHELL OUT]:     Rev: 65536
[SHELL OUT]:     Header-Size: 92
[SHELL OUT]:     Header Checksum: 3990767790
[SHELL OUT]:     localLBA: 1
[SHELL OUT]:     altLBA: 2623490
[SHELL OUT]:     firstUsable: 2048
[SHELL OUT]:     lastUsable: 2623488
[SHELL OUT]:     Disk-GUID: 
[SHELL OUT]:     Partition-Table: 2
[SHELL OUT]:     # of Partition-Entries: 3
[SHELL OUT]:     Partition-Entry Size: 128
[SHELL OUT]:     Partition-Table Checksum: 801556421
[SHELL OUT]: Closing Disk Interface >> {C:/GitHub/BlockyOS/Build/Build-nodate/disk.img}
[SHELL OUT]: GPT Exists? true
[SHELL OUT]: [Parent:00007ff7e24dee8f] >>  C:/GitHub/BlockyOS/Build/Build-nodate/disk.img  ConfBlockSize: 512    Starting Disk Env ID: 
[SHELL OUT]: Reading Bytes
[SHELL OUT]: [Parent:00007ff7e24deeb0] >> Reading [92 bytes(s)->1 block(s)] to LBA[1(512)-2(1024)]
[SHELL OUT]: Reading Bytes
[SHELL OUT]: [Parent:00007ff7e24de700] >> Reading [384 bytes(s)->1 block(s)] to LBA[2(1024)-3(1536)]
[SHELL OUT]: [C:\GitHub\BlockyOS\tools\filesystem\frat.c:142]  >>  GPT-Entry: BOOT{2048:526335 -> 524287}
[SHELL OUT]: [C:\GitHub\BlockyOS\tools\filesystem\frat.c:156]  >>  Querying FS at 2048
[SHELL OUT]: Reading Bytes
[SHELL OUT]: [Parent:00007ff7e24deba4] >> Reading [36 bytes(s)->1 block(s)] to LBA[2048(1048576)-2049(1049088)]
[SHELL OUT]: FS-Root Blob:
[SHELL OUT]:     Version: [0:524288]
[SHELL OUT]:     Sig: 
[SHELL OUT]:     Configured Log Sectors: 2
[SHELL OUT]:     Configured Block Size: 0
[SHELL OUT]:     Configured Cluster-Map Size: 16711743
[SHELL OUT]: [C:\GitHub\BlockyOS\tools\filesystem\frat.c:142]  >>  GPT-Entry: ROOT{526336:2623487 -> 2097151}
[SHELL OUT]: [C:\GitHub\BlockyOS\tools\filesystem\frat.c:156]  >>  Querying FS at 526336
[SHELL OUT]: Reading Bytes
[SHELL OUT]: [Parent:00007ff7e24deba4] >> Reading [36 bytes(s)->1 block(s)] to LBA[526336(269484032)-526337(269484544)]
[SHELL OUT]: FS-Root Blob:
[SHELL OUT]:     Version: [1:0]
[SHELL OUT]:     Sig: FRAT_FILESYSTEM
[SHELL OUT]:     Configured Log Sectors: 5
[SHELL OUT]:     Configured Block Size: 512
[SHELL OUT]:     Configured Cluster-Map Size: 81920
[SHELL OUT]: [C:\GitHub\BlockyOS\tools\filesystem\frat.c:181]  >>  FS Found at [526336]:
[SHELL OUT]: 	Version-Code: [1:0]
[SHELL OUT]: 	Configured Block-Size: 512
[SHELL OUT]: 	Configured Cluster-Size: 81920
[SHELL OUT]: 	Configured # of Log-Sectors: 5
[SHELL OUT]: 	Configured Log-Size: 90
[SHELL OUT]: [C:\GitHub\BlockyOS\tools\filesystem\frat.c:205]  >>  Found Formatted Partition: 526336:2623487 -> 2097151
[SHELL OUT]: Reading Bytes
[SHELL OUT]: [Parent:00007ff7e24defe1] >> Reading [36 bytes(s)->1 block(s)] to LBA[526336(269484032)-526337(269484544)]
[SHELL OUT]: [C:\GitHub\BlockyOS\tools\filesystem\frat.c:218]  >>  Root: 526336:2623487 -> 2097151 LBAs
[SHELL OUT]: 	Version-Code: [1:0]
[SHELL OUT]: 	Configured Block-Size: 512
[SHELL OUT]: 	Configured Cluster-Size: 81920
[SHELL OUT]: 	Configured # of Log-Sectors: 81920
[SHELL OUT]: 	Configured Log-Size: 5
[SHELL OUT]: Reading Bytes
[SHELL OUT]: [Parent:00007ff7e24df31e] >> Reading [2560 bytes(s)->5 block(s)] to LBA[526337(269484544)-526342(269487104)]
[SHELL OUT]: Reading Bytes
[SHELL OUT]: [Parent:00007ff7e24df39a] >> Reading [81920 bytes(s)->160 block(s)] to LBA[526343(269487616)-526503(269569536)]
[SHELL OUT]:     Verifying FS Root Items #items: 4096
[SHELL OUT]: [C:\GitHub\BlockyOS\tools\filesystem\frat.c:134]  >>  Querying Part Table
[SHELL OUT]: >> 
[SHELL OUT]: Mounting File [SYSD/LIBCRT.app] with "f"
Initializing CGCC.MAKE build process...
Skipping C:\GitHub\BlockyOS\src\kernel\libcrt\hardware\RNG\RNG.asm - up to date; source=2026-09-02T19:29:50.4588980Z, stored=09/02/2026 19:29:50
Skipping C:\GitHub\BlockyOS\src\kernel\libcrt\hardware\RNG\RNG.c - up to date; source=2026-09-01T19:51:35.2375749Z, stored=09/01/2026 19:51:35
Skipping C:\GitHub\BlockyOS\src\kernel\libcrt\hardware\GDT\GDT.asm - up to date; source=2026-09-02T19:29:50.4759038Z, stored=09/02/2026 19:29:50
Skipping C:\GitHub\BlockyOS\src\kernel\libcrt\hardware\GDT\GDT.c - up to date; source=2026-08-31T20:29:21.6186178Z, stored=08/31/2026 20:29:21
Skipping C:\GitHub\BlockyOS\src\kernel\libcrt\hardware\paging\paging.asm - up to date; source=2026-09-02T19:29:50.4619061Z, stored=09/02/2026 19:29:50
Skipping C:\GitHub\BlockyOS\src\kernel\libcrt\hardware\paging\paging.c - up to date; source=2026-09-01T20:10:14.1486119Z, stored=09/01/2026 20:10:14
Skipping C:\GitHub\BlockyOS\src\kernel\libcrt\hardware\SSE\SSE.asm - up to date; source=2026-09-02T19:29:50.4759038Z, stored=09/02/2026 19:29:50
Skipping C:\GitHub\BlockyOS\src\kernel\libcrt\hardware\SSE\SSE.c - up to date; source=2026-09-01T15:31:49.0191638Z, stored=09/01/2026 15:31:49
Skipping C:\GitHub\BlockyOS\src\kernel\libcrt\memory\memory.c - up to date; source=2026-09-01T14:27:41.5007315Z, stored=09/01/2026 14:27:41
Skipping C:\GitHub\BlockyOS\src\kernel\libcrt\memory\string.c - up to date; source=2026-08-31T17:22:17.0368394Z, stored=08/31/2026 17:22:17
Skipping C:\GitHub\BlockyOS\src\kernel\libcrt\hardware\paging\palloc.c - up to date; source=2026-09-01T20:10:14.1506184Z, stored=09/01/2026 20:10:14
Skipping C:\GitHub\BlockyOS\src\kernel\libcrt\memory\allocator\palloc.c - up to date; source=2026-09-02T18:08:03.4509785Z, stored=09/02/2026 18:08:03
Skipping C:\GitHub\BlockyOS\src\kernel\libcrt\memory\allocator\mmalloc.c - up to date; source=2026-09-01T00:47:09.6602809Z, stored=09/01/2026 00:47:09
Skipping C:\GitHub\BlockyOS\src\kernel\libcrt\math\math.c - up to date; source=2026-09-02T20:24:18.8720404Z, stored=09/02/2026 20:24:18
Skipping C:\GitHub\BlockyOS\src\kernel\libcrt\hardware\IO\IO.asm - up to date; source=2026-09-02T19:29:50.4759038Z, stored=09/02/2026 19:29:50
Skipping C:\GitHub\BlockyOS\src\kernel\libcrt\hardware\IDT\IDT.asm - up to date; source=2026-09-02T19:29:50.4759038Z, stored=09/02/2026 19:29:50
Skipping C:\GitHub\BlockyOS\src\kernel\libcrt\hardware\IDT\ISR.asm - up to date; source=2026-09-02T19:08:06.2288527Z, stored=09/02/2026 19:08:06
Skipping C:\GitHub\BlockyOS\src\kernel\libcrt\hardware\IDT\ISR.c - up to date; source=2026-09-02T18:48:44.0968136Z, stored=09/02/2026 18:48:44
Skipping C:\GitHub\BlockyOS\src\kernel\libcrt\hardware\ACPI\ACPI.c - up to date; source=2026-08-31T20:25:27.3210120Z, stored=08/31/2026 20:25:27
Skipping C:\GitHub\BlockyOS\src\kernel\libcrt\hardware\IDT\APIC\APIC.c - up to date; source=2026-08-31T17:22:17.1088393Z, stored=08/31/2026 17:22:17
Skipping C:\GitHub\BlockyOS\src\kernel\libcrt\hardware\IDT\APIC\IOAPIC.c - up to date; source=2026-08-31T23:06:36.2138524Z, stored=08/31/2026 23:06:36
Skipping C:\GitHub\BlockyOS\src\kernel\libcrt\hardware\IDT\APIC\LocalAPIC.c - up to date; source=2026-09-01T14:06:58.1209403Z, stored=09/01/2026 14:06:58
Skipping C:\GitHub\BlockyOS\src\kernel\libcrt\hardware\IDT\APIC\LocalAPICTimer.c - up to date; source=2026-09-01T19:52:35.3774846Z, stored=09/01/2026 19:52:35
Skipping C:\GitHub\BlockyOS\src\kernel\libcrt\hardware\hardware.c - up to date; source=2026-09-01T16:46:09.0571163Z, stored=09/01/2026 16:46:09
Skipping C:\GitHub\BlockyOS\src\kernel\libcrt\BLAKE2\blake2b-ref.c - up to date; source=2026-08-31T20:05:16.6578387Z, stored=08/31/2026 20:05:16
Skipping C:\GitHub\BlockyOS\src\kernel\libcrt\BLAKE2\blake2bp-ref.c - up to date; source=2026-08-31T20:05:20.6816175Z, stored=08/31/2026 20:05:20
Skipping C:\GitHub\BlockyOS\src\kernel\libcrt\BLAKE2\blake2s-ref.c - up to date; source=2026-08-31T20:05:24.7027041Z, stored=08/31/2026 20:05:24
Skipping C:\GitHub\BlockyOS\src\kernel\libcrt\BLAKE2\blake2sp-ref.c - up to date; source=2026-08-31T20:05:27.6610089Z, stored=08/31/2026 20:05:27
Skipping C:\GitHub\BlockyOS\src\kernel\libcrt\BLAKE2\blake2xb-ref.c - up to date; source=2026-09-01T14:03:25.3444410Z, stored=09/01/2026 14:03:25
Skipping C:\GitHub\BlockyOS\src\kernel\libcrt\BLAKE2\blake2xs-ref.c - up to date; source=2026-08-31T17:22:17.0728377Z, stored=08/31/2026 17:22:17
Skipping C:\GitHub\BlockyOS\src\kernel\libcrt\hardware\PCIe\PCIe.c - up to date; source=2026-08-31T23:54:42.2532022Z, stored=08/31/2026 23:54:42
Skipping C:\GitHub\BlockyOS\src\kernel\libcrt\hardware\SSE\UTILS.asm - up to date; source=2026-09-01T00:20:39.1738118Z, stored=09/01/2026 00:20:39
Skipping C:\GitHub\BlockyOS\src\kernel\libcrt\alibcrt.def - up to date; source=2026-09-01T20:03:41.5382359Z, stored=09/01/2026 20:03:41
gcc C:\GitHub\BlockyOS\compile\cache\asm.RNG.o C:\GitHub\BlockyOS\compile\cache\c.RNG.o C:\GitHub\BlockyOS\compile\cache\asm.GDT.o C:\GitHub\BlockyOS\compile\cache\c.GDT.o C:\GitHub\BlockyOS\compile\cache\asm.paging.o C:\GitHub\BlockyOS\compile\cache\c.paging.o C:\GitHub\BlockyOS\compile\cache\asm.SSE.o C:\GitHub\BlockyOS\compile\cache\c.SSE.o C:\GitHub\BlockyOS\compile\cache\c.memory.o C:\GitHub\BlockyOS\compile\cache\c.string.o C:\GitHub\BlockyOS\compile\cache\c.palloc.o C:\GitHub\BlockyOS\compile\cache\c.palloc(1).o C:\GitHub\BlockyOS\compile\cache\c.mmalloc.o C:\GitHub\BlockyOS\compile\cache\c.math.o C:\GitHub\BlockyOS\compile\cache\asm.IO.o C:\GitHub\BlockyOS\compile\cache\asm.IDT.o C:\GitHub\BlockyOS\compile\cache\asm.ISR.o C:\GitHub\BlockyOS\compile\cache\c.ISR.o C:\GitHub\BlockyOS\compile\cache\c.ACPI.o C:\GitHub\BlockyOS\compile\cache\c.APIC.o C:\GitHub\BlockyOS\compile\cache\c.IOAPIC.o C:\GitHub\BlockyOS\compile\cache\c.LocalAPIC.o C:\GitHub\BlockyOS\compile\cache\c.LocalAPICTimer.o C:\GitHub\BlockyOS\compile\cache\c.hardware.o C:\GitHub\BlockyOS\compile\cache\c.blake2b-ref.o C:\GitHub\BlockyOS\compile\cache\c.blake2bp-ref.o C:\GitHub\BlockyOS\compile\cache\c.blake2s-ref.o C:\GitHub\BlockyOS\compile\cache\c.blake2sp-ref.o C:\GitHub\BlockyOS\compile\cache\c.blake2xb-ref.o C:\GitHub\BlockyOS\compile\cache\c.blake2xs-ref.o C:\GitHub\BlockyOS\compile\cache\c.PCIe.o C:\GitHub\BlockyOS\compile\cache\asm.UTILS.o C:/GitHub/BlockyOS/src/kernel/libcrt/alibcrt.def -Wl,-flinker-output=dyn -Wl,-nostdlib -Wl,--emit-relocs -Wl,-shared -Wl,-Bsymbolic -Wl,-Map,C:\GitHub\BlockyOS\src\kernel\libcrt\alibcrt.map -fdiagnostics-color=always -fno-diagnostics-show-highlight-colors -nostartfiles -nodefaultlibs -o C:/GitHub/BlockyOS/Build/Build-nodate/root-part/libcrt.dll
Build finished successfully -> C:/GitHub/BlockyOS/Build/Build-nodate/root-part/libcrt.dll


[SHELL]	PE2EXEC.MAKE
C:\GitHub\BlockyOS\tools\executable-format\exechandler.exe C:/GitHub/BlockyOS/Build/Build-nodate/root-part/libcrt.dll C:/GitHub/BlockyOS/Build/Build-nodate/root-part/libcrt.service -od -L C:/GitHub/BlockyOS/src/kernel/libcrt/alibcrt.log

[(null):44761712:DumpBeHeader]	Writing 1705102016579 bytes to 4096
[(null):44761712:DumpBeHeader]	Writing 140716013518915 bytes to 140716013522944
[(null):44761712:DumpBeHeader]	Writing 140716013518915 bytes to 140716013522944
[(null):44761712:DumpBeHeader]	Writing 140716013518915 bytes to 140716013522944
[(null):44761712:DumpBeHeader]	Writing 140716013518915 bytes to 140716013522944
[C:\GitHub\BlockyOS\tools\executable-format\exec.c:679:CreateResourceSection]
[(null):44761712:DumpBeHeader]	Writing 140716013518915 bytes to 140716013522944
[C:\GitHub\BlockyOS\tools\executable-format\exec.c:723:CreateResourceSection]
[(null):44761712:DumpBeHeader]	Writing 140716013518915 bytes to 140716013522944
[C:\GitHub\BlockyOS\tools\executable-format\exec.c:746:CreateResourceSection]
[(null):44761712:DumpBeHeader]	Writing 140716013518915 bytes to 140716013522944
[(null):44761712:DumpBeHeader]	Writing 140716013518915 bytes to 140716013522944
[C:\GitHub\BlockyOS\Build\Build-nodate\root-part\libcrt.service]
Header: {
  .Magic	17730
  .SystemSection	.rsrc
  .NSections	9
  .RawHeaderSize	4096
  .SectionTabeOffset	52
    [0]: {
      .Magic	0
      .Name	
      .Flags	(null)
      .Alignment	0
      .VirtualAddress	0
      .VirtualSize	0
      .RawPointer	0
      .RawSize	0
      {
        
        
        
        
      }
    
    [1]: {
      .Magic	5457218
      .Name	.code
      .Flags	SFExecutable SFReadable 
      .Alignment	4
      .VirtualAddress	4096
      .VirtualSize	135952
      .RawPointer	4104
      .RawSize	136192
[C:\GitHub\BlockyOS\tools\executable-format\exec.c:145:ReadSection]	Reading 136192 from 4104
      {
        b8 00 00 c1 e3 00 00 f8 
        07 b9 00 eb 01 b9 00 72 
        00 00 0f 12 00 64 0f 07 
        00 00 a2 81 00 00 c7 e2 
      }
    
    [2]: {
      .Magic	5457218
      .Name	.data
      .Flags	SFInitData SFReadable SFWritable 
      .Alignment	4
      .VirtualAddress	143360
      .VirtualSize	2240
      .RawPointer	140296
      .RawSize	2560
[C:\GitHub\BlockyOS\tools\executable-format\exec.c:145:ReadSection]	Reading 2560 from 140296
      {
        53 53 00 33 53 53 2e 53 
        53 53 53 00 45 53 31 45 
        45 45 53 53 33 45 00 34 
        00 32 45 53 00 34 53 2e 
      }
    
    [3]: {
      .Magic	5457218
      .Name	.rodata
      .Flags	SFInitData SFReadable 
      .Alignment	4
      .VirtualAddress	147456
      .VirtualSize	5536
      .RawPointer	142856
      .RawSize	5632
[C:\GitHub\BlockyOS\tools\executable-format\exec.c:145:ReadSection]	Reading 5632 from 142856
      {
        10 01 2c 01 48 01 64 01 
        f0 00 f3 00 f6 00 f9 00 
        01 00 01 00 01 00 01 00 
        80 00 80 00 80 00 80 00 
      }
    
    [4]: {
      .Magic	5457218
      .Name	.RelS
      .Flags	SFInitData SFReadable 
      .Alignment	4
      .VirtualAddress	0
      .VirtualSize	2696
      .RawPointer	148488
      .RawSize	2696
[C:\GitHub\BlockyOS\tools\executable-format\exec.c:145:ReadSection]	Reading 2696 from 148488
      Header: {
        .DirectoryTable	148508
        .UnusedBytes	150672
        .NRelocationDirectories	1705102016517
        [0]: {
          .BaseAddress	12288
          .DirectorySize	76(16 Entries)
             [0]: {
            .Type	BRET64
            .Offset	1626(0x365A)
          } [1]: {
            .Type	BRET64
            .Offset	1650(0x3672)
          } [2]: {
            .Type	BRET64
            .Offset	1674(0x368A)
          } [3]: {
            .Type	BRET64
            .Offset	1698(0x36A2)
          } [4]: {
            .Type	BRET64
            .Offset	1722(0x36BA)
          } [5]: {
            .Type	BRET64
            .Offset	1746(0x36D2)
          } [6]: {
            .Type	BRET64
            .Offset	1770(0x36EA)
          } [7]: {
            .Type	BRET64
            .Offset	1794(0x3702)
          }
        }
        [1]: {
          .BaseAddress	143360
          .DirectorySize	1004(248 Entries)
             [0]: {
            .Type	BRET64
            .Offset	192(0x230C0)
          } [1]: {
            .Type	BRET64
            .Offset	200(0x230C8)
          } [2]: {
            .Type	BRET64
            .Offset	208(0x230D0)
          } [3]: {
            .Type	BRET64
            .Offset	216(0x230D8)
          } [4]: {
            .Type	BRET64
            .Offset	224(0x230E0)
          } [5]: {
            .Type	BRET64
            .Offset	232(0x230E8)
          } [6]: {
            .Type	BRET64
            .Offset	240(0x230F0)
          } [7]: {
            .Type	BRET64
            .Offset	248(0x230F8)
          }
        }
        [2]: {
          .BaseAddress	147456
          .DirectorySize	1044(258 Entries)
             [0]: {
            .Type	BRET64
            .Offset	0(0x24000)
          } [1]: {
            .Type	BRET64
            .Offset	8(0x24008)
          } [2]: {
            .Type	BRET64
            .Offset	16(0x24010)
          } [3]: {
            .Type	BRET64
            .Offset	24(0x24018)
          } [4]: {
            .Type	BRET64
            .Offset	32(0x24020)
          } [5]: {
            .Type	BRET64
            .Offset	40(0x24028)
          } [6]: {
            .Type	BRET64
            .Offset	48(0x24030)
          } [7]: {
            .Type	BRET64
            .Offset	56(0x24038)
          }
        }
        [3]: {
          .BaseAddress	151552
          .DirectorySize	28(4 Entries)
             [0]: {
            .Type	BRET64
            .Offset	160(0x250A0)
          } [1]: {
            .Type	BRET64
            .Offset	192(0x250C0)
          } [2]: {
            .Type	BRET64
            .Offset	208(0x250D0)
          } [3]: {
            .Type	BRET64
            .Offset	224(0x250E0)
          }
        }
        [4]: {
          .BaseAddress	0
          .DirectorySize	12(0 Entries)
            
        }
      }
    
    [5]: {
      .Magic	5457218
      .Name	.ImportIn
      .Flags	SFInitData SFReadable 
      .Alignment	4
      .VirtualAddress	0
      .VirtualSize	0
      .RawPointer	151184
      .RawSize	20
[C:\GitHub\BlockyOS\tools\executable-format\exec.c:145:ReadSection]	Reading 20 from 151184
      Header: {
        .NDlls	0
        .DllImportPathTableRVO	151204
        .DllImportTableRVO	151204
      }
    
    [6]: {
      .Magic	5457218
      .Name	.ExportOut
      .Flags	SFInitData SFReadable 
      .Alignment	4
      .VirtualAddress	0
      .VirtualSize	0
      .RawPointer	151204
      .RawSize	4172
[C:\GitHub\BlockyOS\tools\executable-format\exec.c:145:ReadSection]	Reading 4172 from 151204
      Header: {
        .NExported	92
        .ExportTableRVO	151228
        .ExportNameRVO	154172
        .NExportAddresses	92[C:\GitHub\BlockyOS\tools\executable-format\exechandler.exe|-1073741819]

[C:\GitHub\BlockyOS\tools\executable-format\exec.c:177:WriteSection]	Writing 136192 to 4104
[C:\GitHub\BlockyOS\tools\executable-format\exec.c:177:WriteSection]	Writing 2560 to 140296
[C:\GitHub\BlockyOS\tools\executable-format\exec.c:177:WriteSection]	Writing 5632 to 142856
[C:\GitHub\BlockyOS\tools\executable-format\exec.c:177:WriteSection]	Writing 2696 to 148488
[C:\GitHub\BlockyOS\tools\executable-format\exec.c:177:WriteSection]	Writing 2696 to 148488
[C:\GitHub\BlockyOS\tools\executable-format\exec.c:681:CreateResourceSection]
[C:\GitHub\BlockyOS\tools\executable-format\exec.c:177:WriteSection]	Writing 20 to 151184
[C:\GitHub\BlockyOS\tools\executable-format\exec.c:725:CreateResourceSection]
[C:\GitHub\BlockyOS\tools\executable-format\exec.c:177:WriteSection]	Writing 20 to 151184
[C:\GitHub\BlockyOS\tools\executable-format\exec.c:177:WriteSection]	Writing 4172 to 151204
[C:\GitHub\BlockyOS\tools\executable-format\exec.c:177:WriteSection]	Writing 4172 to 151204
[C:\GitHub\BlockyOS\tools\executable-format\exec.c:748:CreateResourceSection]
[C:\GitHub\BlockyOS\tools\executable-format\exec.c:177:WriteSection]	Writing 9536 to 155376
[C:\GitHub\BlockyOS\tools\executable-format\exec.c:177:WriteSection]	Writing 4096 to 164912
[C:\GitHub\BlockyOS\Build\Build-nodate\root-part\libcrt.service]
Header: {
  .Magic	17730
  .SystemSection	.rsrc
  .NSections	9
  .RawHeaderSize	4096
  .SectionTabeOffset	52
    [0]: {
      .Magic	0
      .Name	
      .Flags	(null)
      .Alignment	0
      .VirtualAddress	0
      .VirtualSize	0
      .RawPointer	0
      .RawSize	0
      {
        
        
        
        
      }
    
    [1]: {
      .Magic	5457218
      .Name	.code
      .Flags	SFExecutable SFReadable 
      .Alignment	1705102016516
      .VirtualAddress	4096
      .VirtualSize	135952
      .RawPointer	4104
      .RawSize	136192
[C:\GitHub\BlockyOS\tools\executable-format\exec.c:147:ReadSection]	Reading 136192 from 4104
      {
        b8 00 00 c1 e3 00 00 f8 
        07 b9 00 eb 01 b9 00 72 
        00 00 0f 12 00 64 0f 07 
        00 00 a2 81 00 00 c7 e2 
      }
    
    [2]: {
      .Magic	5457218
      .Name	.data
      .Flags	SFInitData SFReadable SFWritable 
      .Alignment	1705102016516
      .VirtualAddress	143360
      .VirtualSize	2240
      .RawPointer	140296
      .RawSize	2560
[C:\GitHub\BlockyOS\tools\executable-format\exec.c:147:ReadSection]	Reading 2560 from 140296
      {
        53 53 00 33 53 53 2e 53 
        53 53 53 00 45 53 31 45 
        45 45 53 53 33 45 00 34 
        00 32 45 53 00 34 53 2e 
      }
    
    [3]: {
      .Magic	5457218
      .Name	.rodata
      .Flags	SFInitData SFReadable 
      .Alignment	1705102016516
      .VirtualAddress	147456
      .VirtualSize	5536
      .RawPointer	142856
      .RawSize	5632
[C:\GitHub\BlockyOS\tools\executable-format\exec.c:147:ReadSection]	Reading 5632 from 142856
      {
        10 01 2c 01 48 01 64 01 
        f0 00 f3 00 f6 00 f9 00 
        01 00 01 00 01 00 01 00 
        80 00 80 00 80 00 80 00 
      }
    
    [4]: {
      .Magic	5457218
      .Name	.RelS
      .Flags	SFInitData SFReadable 
      .Alignment	1705102016516
      .VirtualAddress	0
      .VirtualSize	2696
      .RawPointer	148488
      .RawSize	2696
[C:\GitHub\BlockyOS\tools\executable-format\exec.c:147:ReadSection]	Reading 2696 from 148488
      Header: {
        .DirectoryTable	148508
        .UnusedBytes	150672
        .NRelocationDirectories	5
        [0]: {
          .BaseAddress	12288
          .DirectorySize	76(16 Entries)
             [0]: {
            .Type	BRET64
            .Offset	1626(0x365A)
          } [1]: {
            .Type	BRET64
            .Offset	1650(0x3672)
          } [2]: {
            .Type	BRET64
            .Offset	1674(0x368A)
          } [3]: {
            .Type	BRET64
            .Offset	1698(0x36A2)
          } [4]: {
            .Type	BRET64
            .Offset	1722(0x36BA)
          } [5]: {
            .Type	BRET64
            .Offset	1746(0x36D2)
          } [6]: {
            .Type	BRET64
            .Offset	1770(0x36EA)
          } [7]: {
         
[SHELL]	FSFRAT.OPEN
[SHELL]	FSFRAT.MOUNT
[SHELL OUT]: FSFRAT DRIVER
[SHELL OUT]: >> 
[SHELL OUT]: [C:\GitHub\BlockyOS\tools\filesystem\frat.c:193]  >>  Mounting FS Root: [C:/GitHub/BlockyOS/Build/Build-nodate/disk.img]
[SHELL OUT]: Verifying Disk GPT
[SHELL OUT]: [Parent:00007ff7e24dd8f9] >>  C:/GitHub/BlockyOS/Build/Build-nodate/disk.img  ConfBlockSize: 512    Starting Disk Env ID: 
[SHELL OUT]: Reading Bytes
[SHELL OUT]: [Parent:00007ff7e24dd914] >> Reading [92 bytes(s)->1 block(s)] to LBA[1(512)-2(1024)]
[SHELL OUT]: GPT Dump:
[SHELL OUT]:     Sig: "EFI PART"
[SHELL OUT]:     Rev: 65536
[SHELL OUT]:     Header-Size: 92
[SHELL OUT]:     Header Checksum: 2585551610
[SHELL OUT]:     localLBA: 1
[SHELL OUT]:     altLBA: 2623490
[SHELL OUT]:     firstUsable: 2048
[SHELL OUT]:     Disk-GUID: 
[SHELL OUT]:     Partition-Table: 2
[SHELL OUT]:     # of Partition-Entries: 3
[SHELL OUT]:     Partition-Entry Size: 128
[SHELL OUT]:     Partition-Table Checksum: 801556421
[SHELL OUT]:     lastUsable: 2623488
[SHELL OUT]: Closing Disk Interface >> {C:/GitHub/BlockyOS/Build/Build-nodate/disk.img}
[SHELL OUT]: GPT Exists? true
[SHELL OUT]: [Parent:00007ff7e24dee8f] >>  C:/GitHub/BlockyOS/Build/Build-nodate/disk.img  ConfBlockSize: 512    Starting Disk Env ID: 
[SHELL OUT]: Reading Bytes
[SHELL OUT]: [Parent:00007ff7e24deeb0] >> Reading [92 bytes(s)->1 block(s)] to LBA[1(512)-2(1024)]
[SHELL OUT]: [C:\GitHub\BlockyOS\tools\filesystem\frat.c:134]  >>  Querying Part Table
[SHELL OUT]: Reading Bytes
[SHELL OUT]: [C:\GitHub\BlockyOS\tools\filesystem\frat.c:142]  >>  GPT-Entry: BOOT{2048:526335 -> 524287}
[SHELL OUT]: [C:\GitHub\BlockyOS\tools\filesystem\frat.c:156]  >>  Querying FS at 2048
[SHELL OUT]: Reading Bytes
[SHELL OUT]: [Parent:00007ff7e24deba4] >> Reading [36 bytes(s)->1 block(s)] to LBA[2048(1048576)-2049(1049088)]
[SHELL OUT]: FS-Root Blob:
[SHELL OUT]:     Version: [0:524288]
[SHELL OUT]:     Sig: 
[SHELL OUT]:     Configured Log Sectors: 2
[SHELL OUT]:     Configured Block Size: 0
[SHELL OUT]:     Configured Cluster-Map Size: 16711743
[SHELL OUT]: [C:\GitHub\BlockyOS\tools\filesystem\frat.c:142]  >>  GPT-Entry: ROOT{526336:2623487 -> 2097151}
[SHELL OUT]: [C:\GitHub\BlockyOS\tools\filesystem\frat.c:156]  >>  Querying FS at 526336
[SHELL OUT]: Reading Bytes
[SHELL OUT]: [Parent:00007ff7e24de700] >> Reading [384 bytes(s)->1 block(s)] to LBA[2(1024)-3(1536)]
[SHELL OUT]: FS-Root Blob:
[SHELL OUT]:     Version: [1:0]
[SHELL OUT]:     Sig: FRAT_FILESYSTEM
[SHELL OUT]: [Parent:00007ff7e24deba4] >> Reading [36 bytes(s)->1 block(s)] to LBA[526336(269484032)-526337(269484544)]
[SHELL OUT]:     Configured Block Size: 512
[SHELL OUT]:     Configured Cluster-Map Size: 81920
[SHELL OUT]: [C:\GitHub\BlockyOS\tools\filesystem\frat.c:181]  >>  FS Found at [526336]:
[SHELL OUT]: 	Version-Code: [1:0]
[SHELL OUT]:     Configured Log Sectors: 5
[SHELL OUT]: 	Configured Block-Size: 512
[SHELL OUT]: 	Configured Cluster-Size: 81920
[SHELL OUT]: 	Configured # of Log-Sectors: 5
[SHELL OUT]: 	Configured Log-Size: 90
[SHELL OUT]: [C:\GitHub\BlockyOS\tools\filesystem\frat.c:205]  >>  Found Formatted Partition: 526336:2623487 -> 2097151
[SHELL OUT]: Reading Bytes
[SHELL OUT]: [Parent:00007ff7e24defe1] >> Reading [36 bytes(s)->1 block(s)] to LBA[526336(269484032)-526337(269484544)]
[SHELL OUT]: [C:\GitHub\BlockyOS\tools\filesystem\frat.c:218]  >>  Root: 526336:2623487 -> 2097151 LBAs
[SHELL OUT]: 	Version-Code: [1:0]
[SHELL OUT]: 	Configured Block-Size: 512
[SHELL OUT]: 	Configured Cluster-Size: 81920
[SHELL OUT]: 	Configured # of Log-Sectors: 81920
[SHELL OUT]: 	Configured Log-Size: 5
[SHELL OUT]: Reading Bytes
[SHELL OUT]: [Parent:00007ff7e24df31e] >> Reading [2560 bytes(s)->5 block(s)] to LBA[526337(269484544)-526342(269487104)]
[SHELL OUT]: Reading Bytes
[SHELL OUT]: [Parent:00007ff7e24df39a] >> Reading [81920 bytes(s)->160 block(s)] to LBA[526343(269487616)-526503(269569536)]
[SHELL OUT]:     Verifying FS Root Items #items: 4096
[SHELL OUT]: >> 
[SHELL OUT]: Mounting File [SYSD/LIBCRT.app] with "f"
[SHELL]	FSFRAT.WRITE
[SHELL OUT]: >> 
Initializing CGCC.MAKE build process...
Skipping C:\GitHub\BlockyOS\src\kernel\libcrt\hardware\RNG\RNG.asm - up to date; source=2026-09-02T19:29:50.4588980Z, stored=09/02/2026 19:29:50
Skipping C:\GitHub\BlockyOS\src\kernel\libcrt\hardware\RNG\RNG.c - up to date; source=2026-09-01T19:51:35.2375749Z, stored=09/01/2026 19:51:35
Skipping C:\GitHub\BlockyOS\src\kernel\libcrt\hardware\GDT\GDT.asm - up to date; source=2026-09-02T19:29:50.4759038Z, stored=09/02/2026 19:29:50
Skipping C:\GitHub\BlockyOS\src\kernel\libcrt\hardware\GDT\GDT.c - up to date; source=2026-08-31T20:29:21.6186178Z, stored=08/31/2026 20:29:21
Skipping C:\GitHub\BlockyOS\src\kernel\libcrt\hardware\paging\paging.asm - up to date; source=2026-09-02T19:29:50.4619061Z, stored=09/02/2026 19:29:50
Skipping C:\GitHub\BlockyOS\src\kernel\libcrt\hardware\paging\paging.c - up to date; source=2026-09-01T20:10:14.1486119Z, stored=09/01/2026 20:10:14
Skipping C:\GitHub\BlockyOS\src\kernel\libcrt\hardware\SSE\SSE.asm - up to date; source=2026-09-02T19:29:50.4759038Z, stored=09/02/2026 19:29:50
Skipping C:\GitHub\BlockyOS\src\kernel\libcrt\hardware\SSE\SSE.c - up to date; source=2026-09-01T15:31:49.0191638Z, stored=09/01/2026 15:31:49
Skipping C:\GitHub\BlockyOS\src\kernel\libcrt\memory\memory.c - up to date; source=2026-09-01T14:27:41.5007315Z, stored=09/01/2026 14:27:41
Skipping C:\GitHub\BlockyOS\src\kernel\libcrt\memory\string.c - up to date; source=2026-08-31T17:22:17.0368394Z, stored=08/31/2026 17:22:17
Skipping C:\GitHub\BlockyOS\src\kernel\libcrt\hardware\paging\palloc.c - up to date; source=2026-09-01T20:10:14.1506184Z, stored=09/01/2026 20:10:14
Skipping C:\GitHub\BlockyOS\src\kernel\libcrt\memory\allocator\palloc.c - up to date; source=2026-09-02T18:08:03.4509785Z, stored=09/02/2026 18:08:03
Skipping C:\GitHub\BlockyOS\src\kernel\libcrt\memory\allocator\mmalloc.c - up to date; source=2026-09-01T00:47:09.6602809Z, stored=09/01/2026 00:47:09
Skipping C:\GitHub\BlockyOS\src\kernel\libcrt\math\math.c - up to date; source=2026-09-02T20:24:18.8720404Z, stored=09/02/2026 20:24:18
Skipping C:\GitHub\BlockyOS\src\kernel\libcrt\hardware\IO\IO.asm - up to date; source=2026-09-02T19:29:50.4759038Z, stored=09/02/2026 19:29:50
Skipping C:\GitHub\BlockyOS\src\kernel\libcrt\hardware\IDT\IDT.asm - up to date; source=2026-09-02T19:29:50.4759038Z, stored=09/02/2026 19:29:50
Skipping C:\GitHub\BlockyOS\src\kernel\libcrt\hardware\IDT\ISR.asm - up to date; source=2026-09-02T19:08:06.2288527Z, stored=09/02/2026 19:08:06
Skipping C:\GitHub\BlockyOS\src\kernel\libcrt\hardware\IDT\ISR.c - up to date; source=2026-09-02T18:48:44.0968136Z, stored=09/02/2026 18:48:44
Skipping C:\GitHub\BlockyOS\src\kernel\libcrt\hardware\ACPI\ACPI.c - up to date; source=2026-08-31T20:25:27.3210120Z, stored=08/31/2026 20:25:27
Skipping C:\GitHub\BlockyOS\src\kernel\libcrt\hardware\IDT\APIC\APIC.c - up to date; source=2026-08-31T17:22:17.1088393Z, stored=08/31/2026 17:22:17
Skipping C:\GitHub\BlockyOS\src\kernel\libcrt\hardware\IDT\APIC\IOAPIC.c - up to date; source=2026-08-31T23:06:36.2138524Z, stored=08/31/2026 23:06:36
Skipping C:\GitHub\BlockyOS\src\kernel\libcrt\hardware\IDT\APIC\LocalAPIC.c - up to date; source=2026-09-01T14:06:58.1209403Z, stored=09/01/2026 14:06:58
Skipping C:\GitHub\BlockyOS\src\kernel\libcrt\hardware\IDT\APIC\LocalAPICTimer.c - up to date; source=2026-09-01T19:52:35.3774846Z, stored=09/01/2026 19:52:35
Skipping C:\GitHub\BlockyOS\src\kernel\libcrt\hardware\hardware.c - up to date; source=2026-09-01T16:46:09.0571163Z, stored=09/01/2026 16:46:09
Skipping C:\GitHub\BlockyOS\src\kernel\libcrt\BLAKE2\blake2b-ref.c - up to date; source=2026-08-31T20:05:16.6578387Z, stored=08/31/2026 20:05:16
Skipping C:\GitHub\BlockyOS\src\kernel\libcrt\BLAKE2\blake2bp-ref.c - up to date; source=2026-08-31T20:05:20.6816175Z, stored=08/31/2026 20:05:20
Skipping C:\GitHub\BlockyOS\src\kernel\libcrt\BLAKE2\blake2s-ref.c - up to date; source=2026-08-31T20:05:24.7027041Z, stored=08/31/2026 20:05:24
Skipping C:\GitHub\BlockyOS\src\kernel\libcrt\BLAKE2\blake2sp-ref.c - up to date; source=2026-08-31T20:05:27.6610089Z, stored=08/31/2026 20:05:27
Skipping C:\GitHub\BlockyOS\src\kernel\libcrt\BLAKE2\blake2xb-ref.c - up to date; source=2026-09-01T14:03:25.3444410Z, stored=09/01/2026 14:03:25
Skipping C:\GitHub\BlockyOS\src\kernel\libcrt\BLAKE2\blake2xs-ref.c - up to date; source=2026-08-31T17:22:17.0728377Z, stored=08/31/2026 17:22:17
Skipping C:\GitHub\BlockyOS\src\kernel\libcrt\hardware\PCIe\PCIe.c - up to date; source=2026-08-31T23:54:42.2532022Z, stored=08/31/2026 23:54:42
Skipping C:\GitHub\BlockyOS\src\kernel\libcrt\hardware\SSE\UTILS.asm - up to date; source=2026-09-01T00:20:39.1738118Z, stored=09/01/2026 00:20:39
Skipping C:\GitHub\BlockyOS\src\kernel\libcrt\alibcrt.def - up to date; source=2026-09-01T20:03:41.5382359Z, stored=09/01/2026 20:03:41
gcc C:\GitHub\BlockyOS\compile\cache\asm.RNG.o C:\GitHub\BlockyOS\compile\cache\c.RNG.o C:\GitHub\BlockyOS\compile\cache\asm.GDT.o C:\GitHub\BlockyOS\compile\cache\c.GDT.o C:\GitHub\BlockyOS\compile\cache\asm.paging.o C:\GitHub\BlockyOS\compile\cache\c.paging.o C:\GitHub\BlockyOS\compile\cache\asm.SSE.o C:\GitHub\BlockyOS\compile\cache\c.SSE.o C:\GitHub\BlockyOS\compile\cache\c.memory.o C:\GitHub\BlockyOS\compile\cache\c.string.o C:\GitHub\BlockyOS\compile\cache\c.palloc.o C:\GitHub\BlockyOS\compile\cache\c.palloc(1).o C:\GitHub\BlockyOS\compile\cache\c.mmalloc.o C:\GitHub\BlockyOS\compile\cache\c.math.o C:\GitHub\BlockyOS\compile\cache\asm.IO.o C:\GitHub\BlockyOS\compile\cache\asm.IDT.o C:\GitHub\BlockyOS\compile\cache\asm.ISR.o C:\GitHub\BlockyOS\compile\cache\c.ISR.o C:\GitHub\BlockyOS\compile\cache\c.ACPI.o C:\GitHub\BlockyOS\compile\cache\c.APIC.o C:\GitHub\BlockyOS\compile\cache\c.IOAPIC.o C:\GitHub\BlockyOS\compile\cache\c.LocalAPIC.o C:\GitHub\BlockyOS\compile\cache\c.LocalAPICTimer.o C:\GitHub\BlockyOS\compile\cache\c.hardware.o C:\GitHub\BlockyOS\compile\cache\c.blake2b-ref.o C:\GitHub\BlockyOS\compile\cache\c.blake2bp-ref.o C:\GitHub\BlockyOS\compile\cache\c.blake2s-ref.o C:\GitHub\BlockyOS\compile\cache\c.blake2sp-ref.o C:\GitHub\BlockyOS\compile\cache\c.blake2xb-ref.o C:\GitHub\BlockyOS\compile\cache\c.blake2xs-ref.o C:\GitHub\BlockyOS\compile\cache\c.PCIe.o C:\GitHub\BlockyOS\compile\cache\asm.UTILS.o C:/GitHub/BlockyOS/src/kernel/libcrt/alibcrt.def -Wl,-flinker-output=dyn -Wl,-nostdlib -Wl,--emit-relocs -Wl,-shared -Wl,-Bsymbolic -Wl,-Map,C:\GitHub\BlockyOS\src\kernel\libcrt\alibcrt.map -fdiagnostics-color=always -fno-diagnostics-show-highlight-colors -nostartfiles -nodefaultlibs -o C:/GitHub/BlockyOS/Build/Build-nodate/root-part/libcrt.dll
Build finished successfully -> C:/GitHub/BlockyOS/Build/Build-nodate/root-part/libcrt.dll


[SHELL]	PE2EXEC.MAKE
C:\GitHub\BlockyOS\tools\executable-format\exechandler.exe C:/GitHub/BlockyOS/Build/Build-nodate/root-part/libcrt.dll C:/GitHub/BlockyOS/Build/Build-nodate/root-part/libcrt.service -od -L C:/GitHub/BlockyOS/src/kernel/libcrt/alibcrt.log

[(null):3270640240:DumpBeHeader]	Writing 1421634175043 bytes to 4096
[(null):3270640240:DumpBeHeader]	Writing 140716013518915 bytes to 140716013522944
[(null):3270640240:DumpBeHeader]	Writing 140716013518915 bytes to 140716013522944
[(null):3270640240:DumpBeHeader]	Writing 140716013518915 bytes to 140716013522944
[(null):3270640240:DumpBeHeader]	Writing 140716013518915 bytes to 140716013522944
[C:\GitHub\BlockyOS\tools\executable-format\exec.c:679:CreateResourceSection]
[(null):3270640240:DumpBeHeader]	Writing 140716013518915 bytes to 140716013522944
[C:\GitHub\BlockyOS\tools\executable-format\exec.c:723:CreateResourceSection]
[(null):3270640240:DumpBeHeader]	Writing 140716013518915 bytes to 140716013522944
[C:\GitHub\BlockyOS\tools\executable-format\exec.c:746:CreateResourceSection]
[(null):3270640240:DumpBeHeader]	Writing 140716013518915 bytes to 140716013522944
[(null):3270640240:DumpBeHeader]	Writing 140716013518915 bytes to 140716013522944
[C:\GitHub\BlockyOS\Build\Build-nodate\root-part\libcrt.service]
Header: {
  .Magic	17730
  .SystemSection	.rsrc
  .NSections	9
  .RawHeaderSize	4096
  .SectionTabeOffset	52
    [0]: {
      .Magic	0
      .Name	
      .Flags	(null)
      .Alignment	0
      .VirtualAddress	0
      .VirtualSize	0
      .RawPointer	0
      .RawSize	0
      {
        
        
        
        
      }
    
    [1]: {
      .Magic	5457218
      .Name	.code
      .Flags	SFExecutable SFReadable 
      .Alignment	4
      .VirtualAddress	4096
      .VirtualSize	135952
      .RawPointer	4104
      .RawSize	136192
[C:\GitHub\BlockyOS\tools\executable-format\exec.c:145:ReadSection]	Reading 136192 from 4104
      {
        b8 00 00 c1 e3 00 00 f8 
        07 b9 00 eb 01 b9 00 72 
        00 00 0f 12 00 64 0f 07 
        00 00 a2 81 00 00 c7 e2 
      }
    
    [2]: {
      .Magic	5457218
      .Name	.data
      .Flags	SFInitData SFReadable SFWritable 
      .Alignment	4
      .VirtualAddress	143360
      .VirtualSize	2240
      .RawPointer	140296
      .RawSize	2560
[C:\GitHub\BlockyOS\tools\executable-format\exec.c:145:ReadSection]	Reading 2560 from 140296
      {
        53 53 00 33 53 53 2e 53 
        53 53 53 00 45 53 31 45 
        45 45 53 53 33 45 00 34 
        00 32 45 53 00 34 53 2e 
      }
    
    [3]: {
      .Magic	5457218
      .Name	.rodata
      .Flags	SFInitData SFReadable 
      .Alignment	4
      .VirtualAddress	147456
      .VirtualSize	5536
      .RawPointer	142856
      .RawSize	5632
[C:\GitHub\BlockyOS\tools\executable-format\exec.c:145:ReadSection]	Reading 5632 from 142856
      {
        10 01 2c 01 48 01 64 01 
        f0 00 f3 00 f6 00 f9 00 
        01 00 01 00 01 00 01 00 
        80 00 80 00 80 00 80 00 
      }
    
    [4]: {
      .Magic	5457218
      .Name	.RelS
      .Flags	SFInitData SFReadable 
      .Alignment	4
      .VirtualAddress	0
      .VirtualSize	2696
      .RawPointer	148488
      .RawSize	2696
[C:\GitHub\BlockyOS\tools\executable-format\exec.c:145:ReadSection]	Reading 2696 from 148488
      Header: {
        .DirectoryTable	148508
        .UnusedBytes	150672
        .NRelocationDirectories	1421634174981
        [0]: {
          .BaseAddress	12288
          .DirectorySize	76(16 Entries)
             [0]: {
            .Type	BRET64
            .Offset	1626(0x365A)
          } [1]: {
            .Type	BRET64
            .Offset	1650(0x3672)
          } [2]: {
            .Type	BRET64
            .Offset	1674(0x368A)
          } [3]: {
            .Type	BRET64
            .Offset	1698(0x36A2)
          } [4]: {
            .Type	BRET64
            .Offset	1722(0x36BA)
          } [5]: {
            .Type	BRET64
            .Offset	1746(0x36D2)
          } [6]: {
            .Type	BRET64
            .Offset	1770(0x36EA)
          } [7]: {
            .Type	BRET64
            .Offset	1794(0x3702)
          }
        }
        [1]: {
          .BaseAddress	143360
          .DirectorySize	1004(248 Entries)
             [0]: {
            .Type	BRET64
            .Offset	192(0x230C0)
          } [1]: {
            .Type	BRET64
            .Offset	200(0x230C8)
          } [2]: {
            .Type	BRET64
            .Offset	208(0x230D0)
          } [3]: {
            .Type	BRET64
            .Offset	216(0x230D8)
          } [4]: {
            .Type	BRET64
            .Offset	224(0x230E0)
          } [5]: {
            .Type	BRET64
            .Offset	232(0x230E8)
          } [6]: {
            .Type	BRET64
            .Offset	240(0x230F0)
          } [7]: {
            .Type	BRET64
            .Offset	248(0x230F8)
          }
        }
        [2]: {
          .BaseAddress	147456
          .DirectorySize	1044(258 Entries)
             [0]: {
            .Type	BRET64
            .Offset	0(0x24000)
          } [1]: {
            .Type	BRET64
            .Offset	8(0x24008)
          } [2]: {
            .Type	BRET64
            .Offset	16(0x24010)
          } [3]: {
            .Type	BRET64
            .Offset	24(0x24018)
          } [4]: {
            .Type	BRET64
            .Offset	32(0x24020)
          } [5]: {
            .Type	BRET64
            .Offset	40(0x24028)
          } [6]: {
            .Type	BRET64
            .Offset	48(0x24030)
          } [7]: {
            .Type	BRET64
            .Offset	56(0x24038)
          }
        }
        [3]: {
          .BaseAddress	151552
          .DirectorySize	28(4 Entries)
             [0]: {
            .Type	BRET64
            .Offset	160(0x250A0)
          } [1]: {
            .Type	BRET64
            .Offset	192(0x250C0)
          } [2]: {
            .Type	BRET64
            .Offset	208(0x250D0)
          } [3]: {
            .Type	BRET64
            .Offset	224(0x250E0)
          }
        }
        [4]: {
          .BaseAddress	0
          .DirectorySize	12(0 Entries)
            
        }
      }
    
    [5]: {
      .Magic	5457218
      .Name	.ImportIn
      .Flags	SFInitData SFReadable 
      .Alignment	4
      .VirtualAddress	0
      .VirtualSize	0
      .RawPointer	151184
      .RawSize	20
[C:\GitHub\BlockyOS\tools\executable-format\exec.c:145:ReadSection]	Reading 20 from 151184
      Header: {
        .NDlls	0
        .DllImportPathTableRVO	151204
        .DllImportTableRVO	151204
      }
    
    [6]: {
      .Magic	5457218
      .Name	.ExportOut
      .Flags	SFInitData SFReadable 
      .Alignment	4
      .VirtualAddress	0
      .VirtualSize	0
      .RawPointer	151204
      .RawSize	4172
[C:\GitHub\BlockyOS\tools\executable-format\exec.c:145:ReadSection]	Reading 4172 from 151204
      Header: {
        .NExported	92
        .ExportTableRVO	151228
        .ExportNameRVO	154172
        .NExportAddresses	92[C:\GitHub\BlockyOS\tools\executable-format\exechandler.exe|-1073741819]

[C:\GitHub\BlockyOS\tools\executable-format\exec.c:177:WriteSection]	Writing 136192 to 4104
[C:\GitHub\BlockyOS\tools\executable-format\exec.c:177:WriteSection]	Writing 2560 to 140296
[C:\GitHub\BlockyOS\tools\executable-format\exec.c:177:WriteSection]	Writing 5632 to 142856
[C:\GitHub\BlockyOS\tools\executable-format\exec.c:177:WriteSection]	Writing 2696 to 148488
[C:\GitHub\BlockyOS\tools\executable-format\exec.c:177:WriteSection]	Writing 2696 to 148488
[C:\GitHub\BlockyOS\tools\executable-format\exec.c:681:CreateResourceSection]
[C:\GitHub\BlockyOS\tools\executable-format\exec.c:177:WriteSection]	Writing 20 to 151184
[C:\GitHub\BlockyOS\tools\executable-format\exec.c:725:CreateResourceSection]
[C:\GitHub\BlockyOS\tools\executable-format\exec.c:177:WriteSection]	Writing 20 to 151184
[C:\GitHub\BlockyOS\tools\executable-format\exec.c:177:WriteSection]	Writing 4172 to 151204
[C:\GitHub\BlockyOS\tools\executable-format\exec.c:177:WriteSection]	Writing 4172 to 151204
[C:\GitHub\BlockyOS\tools\executable-format\exec.c:748:CreateResourceSection]
[C:\GitHub\BlockyOS\tools\executable-format\exec.c:177:WriteSection]	Writing 9536 to 155376
[C:\GitHub\BlockyOS\tools\executable-format\exec.c:177:WriteSection]	Writing 4096 to 164912
[C:\GitHub\BlockyOS\Build\Build-nodate\root-part\libcrt.service]
Header: {
  .Magic	17730
  .SystemSection	.rsrc
  .NSections	9
  .RawHeaderSize	4096
  .SectionTabeOffset	52
    [0]: {
      .Magic	0
      .Name	
      .Flags	(null)
      .Alignment	0
      .VirtualAddress	0
      .VirtualSize	0
      .RawPointer	0
      .RawSize	0
      {
        
        
        
        
      }
    
    [1]: {
      .Magic	5457218
      .Name	.code
      .Flags	SFExecutable SFReadable 
      .Alignment	1421634174980
      .VirtualAddress	4096
      .VirtualSize	135952
      .RawPointer	4104
      .RawSize	136192
[C:\GitHub\BlockyOS\tools\executable-format\exec.c:147:ReadSection]	Reading 136192 from 4104
      {
        b8 00 00 c1 e3 00 00 f8 
        07 b9 00 eb 01 b9 00 72 
        00 00 0f 12 00 64 0f 07 
        00 00 a2 81 00 00 c7 e2 
      }
    
    [2]: {
      .Magic	5457218
      .Name	.data
      .Flags	SFInitData SFReadable SFWritable 
      .Alignment	1421634174980
      .VirtualAddress	143360
      .VirtualSize	2240
      .RawPointer	140296
      .RawSize	2560
[C:\GitHub\BlockyOS\tools\executable-format\exec.c:147:ReadSection]	Reading 2560 from 140296
      {
        53 53 00 33 53 53 2e 53 
        53 53 53 00 45 53 31 45 
        45 45 53 53 33 45 00 34 
        00 32 45 53 00 34 53 2e 
      }
    
    [3]: {
      .Magic	5457218
      .Name	.rodata
      .Flags	SFInitData SFReadable 
      .Alignment	1421634174980
      .VirtualAddress	147456
      .VirtualSize	5536
      .RawPointer	142856
      .RawSize	5632
[C:\GitHub\BlockyOS\tools\executable-format\exec.c:147:ReadSection]	Reading 5632 from 142856
      {
        10 01 2c 01 48 01 64 01 
        f0 00 f3 00 f6 00 f9 00 
        01 00 01 00 01 00 01 00 
        80 00 80 00 80 00 80 00 
      }
    
    [4]: {
      .Magic	5457218
      .Name	.RelS
      .Flags	SFInitData SFReadable 
      .Alignment	1421634174980
      .VirtualAddress	0
      .VirtualSize	2696
      .RawPointer	148488
      .RawSize	2696
[C:\GitHub\BlockyOS\tools\executable-format\exec.c:147:ReadSection]	Reading 2696 from 148488
      Header: {
        .DirectoryTable	148508
        .UnusedBytes	150672
        .NRelocationDirectories	5
        [0]: {
          .BaseAddress	12288
          .DirectorySize	76(16 Entries)
             [0]: {
            .Type	BRET64
            .Offset	1626(0x365A)
          } [1]: {
            .Type	BRET64
            .Offset	1650(0x3672)
          } [2]: {
            .Type	BRET64
            .Offset	1674(0x368A)
          } [3]: {
            .Type	BRET64
            .Offset	1698(0x36A2)
          } [4]: {
            .Type	BRET64
            .Offset	1722(0x36BA)
          } [5]: {
            .Type	BRET64
            .Offset	1746(0x36D2)
          } [6]: {
            .Type	BRET64
            .Offset	1770(0x36EA)
          } [7]: {
         
[SHELL]	FSFRAT.OPEN
Initializing CGCC.MAKE build process...
Skipping C:\GitHub\BlockyOS\src\kernel\libcrt\hardware\RNG\RNG.asm - up to date; source=2026-09-02T19:29:50.4588980Z, stored=09/02/2026 19:29:50
Skipping C:\GitHub\BlockyOS\src\kernel\libcrt\hardware\RNG\RNG.c - up to date; source=2026-09-01T19:51:35.2375749Z, stored=09/01/2026 19:51:35
Skipping C:\GitHub\BlockyOS\src\kernel\libcrt\hardware\GDT\GDT.asm - up to date; source=2026-09-02T19:29:50.4759038Z, stored=09/02/2026 19:29:50
Skipping C:\GitHub\BlockyOS\src\kernel\libcrt\hardware\GDT\GDT.c - up to date; source=2026-08-31T20:29:21.6186178Z, stored=08/31/2026 20:29:21
Skipping C:\GitHub\BlockyOS\src\kernel\libcrt\hardware\paging\paging.asm - up to date; source=2026-09-02T19:29:50.4619061Z, stored=09/02/2026 19:29:50
Skipping C:\GitHub\BlockyOS\src\kernel\libcrt\hardware\paging\paging.c - up to date; source=2026-09-01T20:10:14.1486119Z, stored=09/01/2026 20:10:14
Skipping C:\GitHub\BlockyOS\src\kernel\libcrt\hardware\SSE\SSE.asm - up to date; source=2026-09-02T19:29:50.4759038Z, stored=09/02/2026 19:29:50
Skipping C:\GitHub\BlockyOS\src\kernel\libcrt\hardware\SSE\SSE.c - up to date; source=2026-09-01T15:31:49.0191638Z, stored=09/01/2026 15:31:49
Skipping C:\GitHub\BlockyOS\src\kernel\libcrt\memory\memory.c - up to date; source=2026-09-01T14:27:41.5007315Z, stored=09/01/2026 14:27:41
Skipping C:\GitHub\BlockyOS\src\kernel\libcrt\memory\string.c - up to date; source=2026-08-31T17:22:17.0368394Z, stored=08/31/2026 17:22:17
Skipping C:\GitHub\BlockyOS\src\kernel\libcrt\hardware\paging\palloc.c - up to date; source=2026-09-01T20:10:14.1506184Z, stored=09/01/2026 20:10:14
Skipping C:\GitHub\BlockyOS\src\kernel\libcrt\memory\allocator\palloc.c - up to date; source=2026-09-02T18:08:03.4509785Z, stored=09/02/2026 18:08:03
Skipping C:\GitHub\BlockyOS\src\kernel\libcrt\memory\allocator\mmalloc.c - up to date; source=2026-09-01T00:47:09.6602809Z, stored=09/01/2026 00:47:09
Skipping C:\GitHub\BlockyOS\src\kernel\libcrt\math\math.c - up to date; source=2026-09-02T20:24:18.8720404Z, stored=09/02/2026 20:24:18
Skipping C:\GitHub\BlockyOS\src\kernel\libcrt\hardware\IO\IO.asm - up to date; source=2026-09-02T19:29:50.4759038Z, stored=09/02/2026 19:29:50
Skipping C:\GitHub\BlockyOS\src\kernel\libcrt\hardware\IDT\IDT.asm - up to date; source=2026-09-02T19:29:50.4759038Z, stored=09/02/2026 19:29:50
Skipping C:\GitHub\BlockyOS\src\kernel\libcrt\hardware\IDT\ISR.asm - up to date; source=2026-09-02T19:08:06.2288527Z, stored=09/02/2026 19:08:06
Skipping C:\GitHub\BlockyOS\src\kernel\libcrt\hardware\IDT\ISR.c - up to date; source=2026-09-02T18:48:44.0968136Z, stored=09/02/2026 18:48:44
Skipping C:\GitHub\BlockyOS\src\kernel\libcrt\hardware\ACPI\ACPI.c - up to date; source=2026-08-31T20:25:27.3210120Z, stored=08/31/2026 20:25:27
Skipping C:\GitHub\BlockyOS\src\kernel\libcrt\hardware\IDT\APIC\APIC.c - up to date; source=2026-08-31T17:22:17.1088393Z, stored=08/31/2026 17:22:17
Skipping C:\GitHub\BlockyOS\src\kernel\libcrt\hardware\IDT\APIC\IOAPIC.c - up to date; source=2026-08-31T23:06:36.2138524Z, stored=08/31/2026 23:06:36
Skipping C:\GitHub\BlockyOS\src\kernel\libcrt\hardware\IDT\APIC\LocalAPIC.c - up to date; source=2026-09-01T14:06:58.1209403Z, stored=09/01/2026 14:06:58
Skipping C:\GitHub\BlockyOS\src\kernel\libcrt\hardware\IDT\APIC\LocalAPICTimer.c - up to date; source=2026-09-01T19:52:35.3774846Z, stored=09/01/2026 19:52:35
Skipping C:\GitHub\BlockyOS\src\kernel\libcrt\hardware\hardware.c - up to date; source=2026-09-01T16:46:09.0571163Z, stored=09/01/2026 16:46:09
Skipping C:\GitHub\BlockyOS\src\kernel\libcrt\BLAKE2\blake2b-ref.c - up to date; source=2026-08-31T20:05:16.6578387Z, stored=08/31/2026 20:05:16
Skipping C:\GitHub\BlockyOS\src\kernel\libcrt\BLAKE2\blake2bp-ref.c - up to date; source=2026-08-31T20:05:20.6816175Z, stored=08/31/2026 20:05:20
Skipping C:\GitHub\BlockyOS\src\kernel\libcrt\BLAKE2\blake2s-ref.c - up to date; source=2026-08-31T20:05:24.7027041Z, stored=08/31/2026 20:05:24
Skipping C:\GitHub\BlockyOS\src\kernel\libcrt\BLAKE2\blake2sp-ref.c - up to date; source=2026-08-31T20:05:27.6610089Z, stored=08/31/2026 20:05:27
Skipping C:\GitHub\BlockyOS\src\kernel\libcrt\BLAKE2\blake2xb-ref.c - up to date; source=2026-09-01T14:03:25.3444410Z, stored=09/01/2026 14:03:25
Skipping C:\GitHub\BlockyOS\src\kernel\libcrt\BLAKE2\blake2xs-ref.c - up to date; source=2026-08-31T17:22:17.0728377Z, stored=08/31/2026 17:22:17
Skipping C:\GitHub\BlockyOS\src\kernel\libcrt\hardware\PCIe\PCIe.c - up to date; source=2026-08-31T23:54:42.2532022Z, stored=08/31/2026 23:54:42
Skipping C:\GitHub\BlockyOS\src\kernel\libcrt\hardware\SSE\UTILS.asm - up to date; source=2026-09-01T00:20:39.1738118Z, stored=09/01/2026 00:20:39
Skipping C:\GitHub\BlockyOS\src\kernel\libcrt\alibcrt.def - up to date; source=2026-09-01T20:03:41.5382359Z, stored=09/01/2026 20:03:41
gcc C:\GitHub\BlockyOS\compile\cache\asm.RNG.o C:\GitHub\BlockyOS\compile\cache\c.RNG.o C:\GitHub\BlockyOS\compile\cache\asm.GDT.o C:\GitHub\BlockyOS\compile\cache\c.GDT.o C:\GitHub\BlockyOS\compile\cache\asm.paging.o C:\GitHub\BlockyOS\compile\cache\c.paging.o C:\GitHub\BlockyOS\compile\cache\asm.SSE.o C:\GitHub\BlockyOS\compile\cache\c.SSE.o C:\GitHub\BlockyOS\compile\cache\c.memory.o C:\GitHub\BlockyOS\compile\cache\c.string.o C:\GitHub\BlockyOS\compile\cache\c.palloc.o C:\GitHub\BlockyOS\compile\cache\c.palloc(1).o C:\GitHub\BlockyOS\compile\cache\c.mmalloc.o C:\GitHub\BlockyOS\compile\cache\c.math.o C:\GitHub\BlockyOS\compile\cache\asm.IO.o C:\GitHub\BlockyOS\compile\cache\asm.IDT.o C:\GitHub\BlockyOS\compile\cache\asm.ISR.o C:\GitHub\BlockyOS\compile\cache\c.ISR.o C:\GitHub\BlockyOS\compile\cache\c.ACPI.o C:\GitHub\BlockyOS\compile\cache\c.APIC.o C:\GitHub\BlockyOS\compile\cache\c.IOAPIC.o C:\GitHub\BlockyOS\compile\cache\c.LocalAPIC.o C:\GitHub\BlockyOS\compile\cache\c.LocalAPICTimer.o C:\GitHub\BlockyOS\compile\cache\c.hardware.o C:\GitHub\BlockyOS\compile\cache\c.blake2b-ref.o C:\GitHub\BlockyOS\compile\cache\c.blake2bp-ref.o C:\GitHub\BlockyOS\compile\cache\c.blake2s-ref.o C:\GitHub\BlockyOS\compile\cache\c.blake2sp-ref.o C:\GitHub\BlockyOS\compile\cache\c.blake2xb-ref.o C:\GitHub\BlockyOS\compile\cache\c.blake2xs-ref.o C:\GitHub\BlockyOS\compile\cache\c.PCIe.o C:\GitHub\BlockyOS\compile\cache\asm.UTILS.o C:/GitHub/BlockyOS/src/kernel/libcrt/alibcrt.def -Wl,-flinker-output=dyn -Wl,-nostdlib -Wl,--emit-relocs -Wl,-shared -Wl,-Bsymbolic -Wl,-Map,C:\GitHub\BlockyOS\src\kernel\libcrt\alibcrt.map -fdiagnostics-color=always -fno-diagnostics-show-highlight-colors -nostartfiles -nodefaultlibs -o C:/GitHub/BlockyOS/Build/Build-nodate/root-part/libcrt.dll
Build finished successfully -> C:/GitHub/BlockyOS/Build/Build-nodate/root-part/libcrt.dll


[SHELL]	PE2EXEC.MAKE
C:\GitHub\BlockyOS\tools\executable-format\exechandler.exe C:/GitHub/BlockyOS/Build/Build-nodate/root-part/libcrt.dll C:/GitHub/BlockyOS/Build/Build-nodate/root-part/libcrt.service -od -L C:/GitHub/BlockyOS/src/kernel/libcrt/alibcrt.log

[(null):3270640240:DumpBeHeader]	Writing 2508260900931 bytes to 4096
[(null):3270640240:DumpBeHeader]	Writing 140716013518915 bytes to 140716013522944
[(null):3270640240:DumpBeHeader]	Writing 140716013518915 bytes to 140716013522944
[(null):3270640240:DumpBeHeader]	Writing 140716013518915 bytes to 140716013522944
[(null):3270640240:DumpBeHeader]	Writing 140716013518915 bytes to 140716013522944
[C:\GitHub\BlockyOS\tools\executable-format\exec.c:679:CreateResourceSection]
[(null):3270640240:DumpBeHeader]	Writing 140716013518915 bytes to 140716013522944
[C:\GitHub\BlockyOS\tools\executable-format\exec.c:723:CreateResourceSection]
[(null):3270640240:DumpBeHeader]	Writing 140716013518915 bytes to 140716013522944
[C:\GitHub\BlockyOS\tools\executable-format\exec.c:746:CreateResourceSection]
[(null):3270640240:DumpBeHeader]	Writing 140716013518915 bytes to 140716013522944
[(null):3270640240:DumpBeHeader]	Writing 140716013518915 bytes to 140716013522944
[C:\GitHub\BlockyOS\Build\Build-nodate\root-part\libcrt.service]
Header: {
  .Magic	17730
  .SystemSection	.rsrc
  .NSections	9
  .RawHeaderSize	4096
  .SectionTabeOffset	52
    [0]: {
      .Magic	0
      .Name	
      .Flags	(null)
      .Alignment	0
      .VirtualAddress	0
      .VirtualSize	0
      .RawPointer	0
      .RawSize	0
      {
        
        
        
        
      }
    
    [1]: {
      .Magic	5457218
      .Name	.code
      .Flags	SFExecutable SFReadable 
      .Alignment	4
      .VirtualAddress	4096
      .VirtualSize	135952
      .RawPointer	4104
      .RawSize	136192
[C:\GitHub\BlockyOS\tools\executable-format\exec.c:145:ReadSection]	Reading 136192 from 4104
      {
        b8 00 00 c1 e3 00 00 f8 
        07 b9 00 eb 01 b9 00 72 
        00 00 0f 12 00 64 0f 07 
        00 00 a2 81 00 00 c7 e2 
      }
    
    [2]: {
      .Magic	5457218
      .Name	.data
      .Flags	SFInitData SFReadable SFWritable 
      .Alignment	4
      .VirtualAddress	143360
      .VirtualSize	2240
      .RawPointer	140296
      .RawSize	2560
[C:\GitHub\BlockyOS\tools\executable-format\exec.c:145:ReadSection]	Reading 2560 from 140296
      {
        53 53 00 33 53 53 2e 53 
        53 53 53 00 45 53 31 45 
        45 45 53 53 33 45 00 34 
        00 32 45 53 00 34 53 2e 
      }
    
    [3]: {
      .Magic	5457218
      .Name	.rodata
      .Flags	SFInitData SFReadable 
      .Alignment	4
      .VirtualAddress	147456
      .VirtualSize	5536
      .RawPointer	142856
      .RawSize	5632
[C:\GitHub\BlockyOS\tools\executable-format\exec.c:145:ReadSection]	Reading 5632 from 142856
      {
        10 01 2c 01 48 01 64 01 
        f0 00 f3 00 f6 00 f9 00 
        01 00 01 00 01 00 01 00 
        80 00 80 00 80 00 80 00 
      }
    
    [4]: {
      .Magic	5457218
      .Name	.RelS
      .Flags	SFInitData SFReadable 
      .Alignment	4
      .VirtualAddress	0
      .VirtualSize	2696
      .RawPointer	148488
      .RawSize	2696
[C:\GitHub\BlockyOS\tools\executable-format\exec.c:145:ReadSection]	Reading 2696 from 148488
      Header: {
        .DirectoryTable	148508
        .UnusedBytes	150672
        .NRelocationDirectories	2508260900869
        [0]: {
          .BaseAddress	12288
          .DirectorySize	76(16 Entries)
             [0]: {
            .Type	BRET64
            .Offset	1626(0x365A)
          } [1]: {
            .Type	BRET64
            .Offset	1650(0x3672)
          } [2]: {
            .Type	BRET64
            .Offset	1674(0x368A)
          } [3]: {
            .Type	BRET64
            .Offset	1698(0x36A2)
          } [4]: {
            .Type	BRET64
            .Offset	1722(0x36BA)
          } [5]: {
            .Type	BRET64
            .Offset	1746(0x36D2)
          } [6]: {
            .Type	BRET64
            .Offset	1770(0x36EA)
          } [7]: {
            .Type	BRET64
            .Offset	1794(0x3702)
          }
        }
        [1]: {
          .BaseAddress	143360
          .DirectorySize	1004(248 Entries)
             [0]: {
            .Type	BRET64
            .Offset	192(0x230C0)
          } [1]: {
            .Type	BRET64
            .Offset	200(0x230C8)
          } [2]: {
            .Type	BRET64
            .Offset	208(0x230D0)
          } [3]: {
            .Type	BRET64
            .Offset	216(0x230D8)
          } [4]: {
            .Type	BRET64
            .Offset	224(0x230E0)
          } [5]: {
            .Type	BRET64
            .Offset	232(0x230E8)
          } [6]: {
            .Type	BRET64
            .Offset	240(0x230F0)
          } [7]: {
            .Type	BRET64
            .Offset	248(0x230F8)
          }
        }
        [2]: {
          .BaseAddress	147456
          .DirectorySize	1044(258 Entries)
             [0]: {
            .Type	BRET64
            .Offset	0(0x24000)
          } [1]: {
            .Type	BRET64
            .Offset	8(0x24008)
          } [2]: {
            .Type	BRET64
            .Offset	16(0x24010)
          } [3]: {
            .Type	BRET64
            .Offset	24(0x24018)
          } [4]: {
            .Type	BRET64
            .Offset	32(0x24020)
          } [5]: {
            .Type	BRET64
            .Offset	40(0x24028)
          } [6]: {
            .Type	BRET64
            .Offset	48(0x24030)
          } [7]: {
            .Type	BRET64
            .Offset	56(0x24038)
          }
        }
        [3]: {
          .BaseAddress	151552
          .DirectorySize	28(4 Entries)
             [0]: {
            .Type	BRET64
            .Offset	160(0x250A0)
          } [1]: {
            .Type	BRET64
            .Offset	192(0x250C0)
          } [2]: {
            .Type	BRET64
            .Offset	208(0x250D0)
          } [3]: {
            .Type	BRET64
            .Offset	224(0x250E0)
          }
        }
        [4]: {
          .BaseAddress	0
          .DirectorySize	12(0 Entries)
            
        }
      }
    
    [5]: {
      .Magic	5457218
      .Name	.ImportIn
      .Flags	SFInitData SFReadable 
      .Alignment	4
      .VirtualAddress	0
      .VirtualSize	0
      .RawPointer	151184
      .RawSize	20
[C:\GitHub\BlockyOS\tools\executable-format\exec.c:145:ReadSection]	Reading 20 from 151184
      Header: {
        .NDlls	0
        .DllImportPathTableRVO	151204
        .DllImportTableRVO	151204
      }
    
    [6]: {
      .Magic	5457218
      .Name	.ExportOut
      .Flags	SFInitData SFReadable 
      .Alignment	4
      .VirtualAddress	0
      .VirtualSize	0
      .RawPointer	151204
      .RawSize	4172
[C:\GitHub\BlockyOS\tools\executable-format\exec.c:145:ReadSection]	Reading 4172 from 151204
      Header: {
        .NExported	92
        .ExportTableRVO	151228
        .ExportNameRVO	154172
        .NExportAddresses	92[C:\GitHub\BlockyOS\tools\executable-format\exechandler.exe|-1073741819]

[C:\GitHub\BlockyOS\tools\executable-format\exec.c:177:WriteSection]	Writing 136192 to 4104
[C:\GitHub\BlockyOS\tools\executable-format\exec.c:177:WriteSection]	Writing 2560 to 140296
[C:\GitHub\BlockyOS\tools\executable-format\exec.c:177:WriteSection]	Writing 5632 to 142856
[C:\GitHub\BlockyOS\tools\executable-format\exec.c:177:WriteSection]	Writing 2696 to 148488
[C:\GitHub\BlockyOS\tools\executable-format\exec.c:177:WriteSection]	Writing 2696 to 148488
[C:\GitHub\BlockyOS\tools\executable-format\exec.c:681:CreateResourceSection]
[C:\GitHub\BlockyOS\tools\executable-format\exec.c:177:WriteSection]	Writing 20 to 151184
[C:\GitHub\BlockyOS\tools\executable-format\exec.c:725:CreateResourceSection]
[C:\GitHub\BlockyOS\tools\executable-format\exec.c:177:WriteSection]	Writing 20 to 151184
[C:\GitHub\BlockyOS\tools\executable-format\exec.c:177:WriteSection]	Writing 4172 to 151204
[C:\GitHub\BlockyOS\tools\executable-format\exec.c:177:WriteSection]	Writing 4172 to 151204
[C:\GitHub\BlockyOS\tools\executable-format\exec.c:748:CreateResourceSection]
[C:\GitHub\BlockyOS\tools\executable-format\exec.c:177:WriteSection]	Writing 9536 to 155376
[C:\GitHub\BlockyOS\tools\executable-format\exec.c:177:WriteSection]	Writing 4096 to 164912
[C:\GitHub\BlockyOS\Build\Build-nodate\root-part\libcrt.service]
Header: {
  .Magic	17730
  .SystemSection	.rsrc
  .NSections	9
  .RawHeaderSize	4096
  .SectionTabeOffset	52
    [0]: {
      .Magic	0
      .Name	
      .Flags	(null)
      .Alignment	0
      .VirtualAddress	0
      .VirtualSize	0
      .RawPointer	0
      .RawSize	0
      {
        
        
        
        
      }
    
    [1]: {
      .Magic	5457218
      .Name	.code
      .Flags	SFExecutable SFReadable 
      .Alignment	2508260900868
      .VirtualAddress	4096
      .VirtualSize	135952
      .RawPointer	4104
      .RawSize	136192
[C:\GitHub\BlockyOS\tools\executable-format\exec.c:147:ReadSection]	Reading 136192 from 4104
      {
        b8 00 00 c1 e3 00 00 f8 
        07 b9 00 eb 01 b9 00 72 
        00 00 0f 12 00 64 0f 07 
        00 00 a2 81 00 00 c7 e2 
      }
    
    [2]: {
      .Magic	5457218
      .Name	.data
      .Flags	SFInitData SFReadable SFWritable 
      .Alignment	2508260900868
      .VirtualAddress	143360
      .VirtualSize	2240
      .RawPointer	140296
      .RawSize	2560
[C:\GitHub\BlockyOS\tools\executable-format\exec.c:147:ReadSection]	Reading 2560 from 140296
      {
        53 53 00 33 53 53 2e 53 
        53 53 53 00 45 53 31 45 
        45 45 53 53 33 45 00 34 
        00 32 45 53 00 34 53 2e 
      }
    
    [3]: {
      .Magic	5457218
      .Name	.rodata
      .Flags	SFInitData SFReadable 
      .Alignment	2508260900868
      .VirtualAddress	147456
      .VirtualSize	5536
      .RawPointer	142856
      .RawSize	5632
[C:\GitHub\BlockyOS\tools\executable-format\exec.c:147:ReadSection]	Reading 5632 from 142856
      {
        10 01 2c 01 48 01 64 01 
        f0 00 f3 00 f6 00 f9 00 
        01 00 01 00 01 00 01 00 
        80 00 80 00 80 00 80 00 
      }
    
    [4]: {
      .Magic	5457218
      .Name	.RelS
      .Flags	SFInitData SFReadable 
      .Alignment	2508260900868
      .VirtualAddress	0
      .VirtualSize	2696
      .RawPointer	148488
      .RawSize	2696
[C:\GitHub\BlockyOS\tools\executable-format\exec.c:147:ReadSection]	Reading 2696 from 148488
      Header: {
        .DirectoryTable	148508
        .UnusedBytes	150672
        .NRelocationDirectories	5
        [0]: {
          .BaseAddress	12288
          .DirectorySize	76(16 Entries)
             [0]: {
            .Type	BRET64
            .Offset	1626(0x365A)
          } [1]: {
            .Type	BRET64
            .Offset	1650(0x3672)
          } [2]: {
            .Type	BRET64
            .Offset	1674(0x368A)
          } [3]: {
            .Type	BRET64
            .Offset	1698(0x36A2)
          } [4]: {
            .Type	BRET64
            .Offset	1722(0x36BA)
          } [5]: {
            .Type	BRET64
            .Offset	1746(0x36D2)
          } [6]: {
            .Type	BRET64
            .Offset	1770(0x36EA)
          } [7]: {
         
[SHELL]	FSFRAT.OPEN
Initializing CGCC.MAKE build process...
Skipping C:\GitHub\BlockyOS\src\kernel\libcrt\hardware\RNG\RNG.asm - up to date; source=2026-09-02T19:29:50.4588980Z, stored=09/02/2026 19:29:50
Skipping C:\GitHub\BlockyOS\src\kernel\libcrt\hardware\RNG\RNG.c - up to date; source=2026-09-01T19:51:35.2375749Z, stored=09/01/2026 19:51:35
Skipping C:\GitHub\BlockyOS\src\kernel\libcrt\hardware\GDT\GDT.asm - up to date; source=2026-09-02T19:29:50.4759038Z, stored=09/02/2026 19:29:50
Skipping C:\GitHub\BlockyOS\src\kernel\libcrt\hardware\GDT\GDT.c - up to date; source=2026-08-31T20:29:21.6186178Z, stored=08/31/2026 20:29:21
Skipping C:\GitHub\BlockyOS\src\kernel\libcrt\hardware\paging\paging.asm - up to date; source=2026-09-02T19:29:50.4619061Z, stored=09/02/2026 19:29:50
Skipping C:\GitHub\BlockyOS\src\kernel\libcrt\hardware\paging\paging.c - up to date; source=2026-09-01T20:10:14.1486119Z, stored=09/01/2026 20:10:14
Skipping C:\GitHub\BlockyOS\src\kernel\libcrt\hardware\SSE\SSE.asm - up to date; source=2026-09-02T19:29:50.4759038Z, stored=09/02/2026 19:29:50
Skipping C:\GitHub\BlockyOS\src\kernel\libcrt\hardware\SSE\SSE.c - up to date; source=2026-09-01T15:31:49.0191638Z, stored=09/01/2026 15:31:49
Skipping C:\GitHub\BlockyOS\src\kernel\libcrt\memory\memory.c - up to date; source=2026-09-01T14:27:41.5007315Z, stored=09/01/2026 14:27:41
Skipping C:\GitHub\BlockyOS\src\kernel\libcrt\memory\string.c - up to date; source=2026-08-31T17:22:17.0368394Z, stored=08/31/2026 17:22:17
Skipping C:\GitHub\BlockyOS\src\kernel\libcrt\hardware\paging\palloc.c - up to date; source=2026-09-01T20:10:14.1506184Z, stored=09/01/2026 20:10:14
Skipping C:\GitHub\BlockyOS\src\kernel\libcrt\memory\allocator\palloc.c - up to date; source=2026-09-02T18:08:03.4509785Z, stored=09/02/2026 18:08:03
Skipping C:\GitHub\BlockyOS\src\kernel\libcrt\memory\allocator\mmalloc.c - up to date; source=2026-09-01T00:47:09.6602809Z, stored=09/01/2026 00:47:09
Skipping C:\GitHub\BlockyOS\src\kernel\libcrt\math\math.c - up to date; source=2026-09-02T20:24:18.8720404Z, stored=09/02/2026 20:24:18
Skipping C:\GitHub\BlockyOS\src\kernel\libcrt\hardware\IO\IO.asm - up to date; source=2026-09-02T19:29:50.4759038Z, stored=09/02/2026 19:29:50
Skipping C:\GitHub\BlockyOS\src\kernel\libcrt\hardware\IDT\IDT.asm - up to date; source=2026-09-02T19:29:50.4759038Z, stored=09/02/2026 19:29:50
Skipping C:\GitHub\BlockyOS\src\kernel\libcrt\hardware\IDT\ISR.asm - up to date; source=2026-09-02T19:08:06.2288527Z, stored=09/02/2026 19:08:06
Skipping C:\GitHub\BlockyOS\src\kernel\libcrt\hardware\IDT\ISR.c - up to date; source=2026-09-02T18:48:44.0968136Z, stored=09/02/2026 18:48:44
Skipping C:\GitHub\BlockyOS\src\kernel\libcrt\hardware\ACPI\ACPI.c - up to date; source=2026-08-31T20:25:27.3210120Z, stored=08/31/2026 20:25:27
Skipping C:\GitHub\BlockyOS\src\kernel\libcrt\hardware\IDT\APIC\APIC.c - up to date; source=2026-08-31T17:22:17.1088393Z, stored=08/31/2026 17:22:17
Skipping C:\GitHub\BlockyOS\src\kernel\libcrt\hardware\IDT\APIC\IOAPIC.c - up to date; source=2026-08-31T23:06:36.2138524Z, stored=08/31/2026 23:06:36
Skipping C:\GitHub\BlockyOS\src\kernel\libcrt\hardware\IDT\APIC\LocalAPIC.c - up to date; source=2026-09-01T14:06:58.1209403Z, stored=09/01/2026 14:06:58
Skipping C:\GitHub\BlockyOS\src\kernel\libcrt\hardware\IDT\APIC\LocalAPICTimer.c - up to date; source=2026-09-01T19:52:35.3774846Z, stored=09/01/2026 19:52:35
Skipping C:\GitHub\BlockyOS\src\kernel\libcrt\hardware\hardware.c - up to date; source=2026-09-01T16:46:09.0571163Z, stored=09/01/2026 16:46:09
Skipping C:\GitHub\BlockyOS\src\kernel\libcrt\BLAKE2\blake2b-ref.c - up to date; source=2026-08-31T20:05:16.6578387Z, stored=08/31/2026 20:05:16
Skipping C:\GitHub\BlockyOS\src\kernel\libcrt\BLAKE2\blake2bp-ref.c - up to date; source=2026-08-31T20:05:20.6816175Z, stored=08/31/2026 20:05:20
Skipping C:\GitHub\BlockyOS\src\kernel\libcrt\BLAKE2\blake2s-ref.c - up to date; source=2026-08-31T20:05:24.7027041Z, stored=08/31/2026 20:05:24
Skipping C:\GitHub\BlockyOS\src\kernel\libcrt\BLAKE2\blake2sp-ref.c - up to date; source=2026-08-31T20:05:27.6610089Z, stored=08/31/2026 20:05:27
Skipping C:\GitHub\BlockyOS\src\kernel\libcrt\BLAKE2\blake2xb-ref.c - up to date; source=2026-09-01T14:03:25.3444410Z, stored=09/01/2026 14:03:25
Skipping C:\GitHub\BlockyOS\src\kernel\libcrt\BLAKE2\blake2xs-ref.c - up to date; source=2026-08-31T17:22:17.0728377Z, stored=08/31/2026 17:22:17
Skipping C:\GitHub\BlockyOS\src\kernel\libcrt\hardware\PCIe\PCIe.c - up to date; source=2026-08-31T23:54:42.2532022Z, stored=08/31/2026 23:54:42
Skipping C:\GitHub\BlockyOS\src\kernel\libcrt\hardware\SSE\UTILS.asm - up to date; source=2026-09-01T00:20:39.1738118Z, stored=09/01/2026 00:20:39
Skipping C:\GitHub\BlockyOS\src\kernel\libcrt\alibcrt.def - up to date; source=2026-09-01T20:03:41.5382359Z, stored=09/01/2026 20:03:41
gcc C:\GitHub\BlockyOS\compile\cache\asm.RNG.o C:\GitHub\BlockyOS\compile\cache\c.RNG.o C:\GitHub\BlockyOS\compile\cache\asm.GDT.o C:\GitHub\BlockyOS\compile\cache\c.GDT.o C:\GitHub\BlockyOS\compile\cache\asm.paging.o C:\GitHub\BlockyOS\compile\cache\c.paging.o C:\GitHub\BlockyOS\compile\cache\asm.SSE.o C:\GitHub\BlockyOS\compile\cache\c.SSE.o C:\GitHub\BlockyOS\compile\cache\c.memory.o C:\GitHub\BlockyOS\compile\cache\c.string.o C:\GitHub\BlockyOS\compile\cache\c.palloc.o C:\GitHub\BlockyOS\compile\cache\c.palloc(1).o C:\GitHub\BlockyOS\compile\cache\c.mmalloc.o C:\GitHub\BlockyOS\compile\cache\c.math.o C:\GitHub\BlockyOS\compile\cache\asm.IO.o C:\GitHub\BlockyOS\compile\cache\asm.IDT.o C:\GitHub\BlockyOS\compile\cache\asm.ISR.o C:\GitHub\BlockyOS\compile\cache\c.ISR.o C:\GitHub\BlockyOS\compile\cache\c.ACPI.o C:\GitHub\BlockyOS\compile\cache\c.APIC.o C:\GitHub\BlockyOS\compile\cache\c.IOAPIC.o C:\GitHub\BlockyOS\compile\cache\c.LocalAPIC.o C:\GitHub\BlockyOS\compile\cache\c.LocalAPICTimer.o C:\GitHub\BlockyOS\compile\cache\c.hardware.o C:\GitHub\BlockyOS\compile\cache\c.blake2b-ref.o C:\GitHub\BlockyOS\compile\cache\c.blake2bp-ref.o C:\GitHub\BlockyOS\compile\cache\c.blake2s-ref.o C:\GitHub\BlockyOS\compile\cache\c.blake2sp-ref.o C:\GitHub\BlockyOS\compile\cache\c.blake2xb-ref.o C:\GitHub\BlockyOS\compile\cache\c.blake2xs-ref.o C:\GitHub\BlockyOS\compile\cache\c.PCIe.o C:\GitHub\BlockyOS\compile\cache\asm.UTILS.o C:/GitHub/BlockyOS/src/kernel/libcrt/alibcrt.def -Wl,-flinker-output=dyn -Wl,-nostdlib -Wl,--emit-relocs -Wl,-shared -Wl,-Bsymbolic -Wl,-Map,C:\GitHub\BlockyOS\src\kernel\libcrt\alibcrt.map -fdiagnostics-color=always -fno-diagnostics-show-highlight-colors -nostartfiles -nodefaultlibs -o C:/GitHub/BlockyOS/Build/Build-nodate/root-part/libcrt.dll
Build finished successfully -> C:/GitHub/BlockyOS/Build/Build-nodate/root-part/libcrt.dll


[SHELL]	PE2EXEC.MAKE
C:\GitHub\BlockyOS\tools\executable-format\exechandler.exe C:/GitHub/BlockyOS/Build/Build-nodate/root-part/libcrt.dll C:/GitHub/BlockyOS/Build/Build-nodate/root-part/libcrt.service -od -L C:/GitHub/BlockyOS/src/kernel/libcrt/alibcrt.log

[(null):886571632:DumpBeHeader]	Writing 1889785610307 bytes to 4096
[(null):886571632:DumpBeHeader]	Writing 140716013518915 bytes to 140716013522944
[(null):886571632:DumpBeHeader]	Writing 140716013518915 bytes to 140716013522944
[(null):886571632:DumpBeHeader]	Writing 140716013518915 bytes to 140716013522944
[(null):886571632:DumpBeHeader]	Writing 140716013518915 bytes to 140716013522944
[C:\GitHub\BlockyOS\tools\executable-format\exec.c:679:CreateResourceSection]
[(null):886571632:DumpBeHeader]	Writing 140716013518915 bytes to 140716013522944
[C:\GitHub\BlockyOS\tools\executable-format\exec.c:723:CreateResourceSection]
[(null):886571632:DumpBeHeader]	Writing 140716013518915 bytes to 140716013522944
[C:\GitHub\BlockyOS\tools\executable-format\exec.c:746:CreateResourceSection]
[(null):886571632:DumpBeHeader]	Writing 140716013518915 bytes to 140716013522944
[(null):886571632:DumpBeHeader]	Writing 140716013518915 bytes to 140716013522944
[C:\GitHub\BlockyOS\Build\Build-nodate\root-part\libcrt.service]
Header: {
  .Magic	17730
  .SystemSection	.rsrc
  .NSections	9
  .RawHeaderSize	4096
  .SectionTabeOffset	52
    [0]: {
      .Magic	0
      .Name	
      .Flags	(null)
      .Alignment	0
      .VirtualAddress	0
      .VirtualSize	0
      .RawPointer	0
      .RawSize	0
      {
        
        
        
        
      }
    
    [1]: {
      .Magic	5457218
      .Name	.code
      .Flags	SFExecutable SFReadable 
      .Alignment	4
      .VirtualAddress	4096
      .VirtualSize	135952
      .RawPointer	4104
      .RawSize	136192
[C:\GitHub\BlockyOS\tools\executable-format\exec.c:145:ReadSection]	Reading 136192 from 4104
      {
        b8 00 00 c1 e3 00 00 f8 
        07 b9 00 eb 01 b9 00 72 
        00 00 0f 12 00 64 0f 07 
        00 00 a2 81 00 00 c7 e2 
      }
    
    [2]: {
      .Magic	5457218
      .Name	.data
      .Flags	SFInitData SFReadable SFWritable 
      .Alignment	4
      .VirtualAddress	143360
      .VirtualSize	2240
      .RawPointer	140296
      .RawSize	2560
[C:\GitHub\BlockyOS\tools\executable-format\exec.c:145:ReadSection]	Reading 2560 from 140296
      {
        53 53 00 33 53 53 2e 53 
        53 53 53 00 45 53 31 45 
        45 45 53 53 33 45 00 34 
        00 32 45 53 00 34 53 2e 
      }
    
    [3]: {
      .Magic	5457218
      .Name	.rodata
      .Flags	SFInitData SFReadable 
      .Alignment	4
      .VirtualAddress	147456
      .VirtualSize	5536
      .RawPointer	142856
      .RawSize	5632
[C:\GitHub\BlockyOS\tools\executable-format\exec.c:145:ReadSection]	Reading 5632 from 142856
      {
        10 01 2c 01 48 01 64 01 
        f0 00 f3 00 f6 00 f9 00 
        01 00 01 00 01 00 01 00 
        80 00 80 00 80 00 80 00 
      }
    
    [4]: {
      .Magic	5457218
      .Name	.RelS
      .Flags	SFInitData SFReadable 
      .Alignment	4
      .VirtualAddress	0
      .VirtualSize	2696
      .RawPointer	148488
      .RawSize	2696
[C:\GitHub\BlockyOS\tools\executable-format\exec.c:145:ReadSection]	Reading 2696 from 148488
      Header: {
        .DirectoryTable	148508
        .UnusedBytes	150672
        .NRelocationDirectories	1889785610245
        [0]: {
          .BaseAddress	12288
          .DirectorySize	76(16 Entries)
             [0]: {
            .Type	BRET64
            .Offset	1626(0x365A)
          } [1]: {
            .Type	BRET64
            .Offset	1650(0x3672)
          } [2]: {
            .Type	BRET64
            .Offset	1674(0x368A)
          } [3]: {
            .Type	BRET64
            .Offset	1698(0x36A2)
          } [4]: {
            .Type	BRET64
            .Offset	1722(0x36BA)
          } [5]: {
            .Type	BRET64
            .Offset	1746(0x36D2)
          } [6]: {
            .Type	BRET64
            .Offset	1770(0x36EA)
          } [7]: {
            .Type	BRET64
            .Offset	1794(0x3702)
          }
        }
        [1]: {
          .BaseAddress	143360
          .DirectorySize	1004(248 Entries)
             [0]: {
            .Type	BRET64
            .Offset	192(0x230C0)
          } [1]: {
            .Type	BRET64
            .Offset	200(0x230C8)
          } [2]: {
            .Type	BRET64
            .Offset	208(0x230D0)
          } [3]: {
            .Type	BRET64
            .Offset	216(0x230D8)
          } [4]: {
            .Type	BRET64
            .Offset	224(0x230E0)
          } [5]: {
            .Type	BRET64
            .Offset	232(0x230E8)
          } [6]: {
            .Type	BRET64
            .Offset	240(0x230F0)
          } [7]: {
            .Type	BRET64
            .Offset	248(0x230F8)
          }
        }
        [2]: {
          .BaseAddress	147456
          .DirectorySize	1044(258 Entries)
             [0]: {
            .Type	BRET64
            .Offset	0(0x24000)
          } [1]: {
            .Type	BRET64
            .Offset	8(0x24008)
          } [2]: {
            .Type	BRET64
            .Offset	16(0x24010)
          } [3]: {
            .Type	BRET64
            .Offset	24(0x24018)
          } [4]: {
            .Type	BRET64
            .Offset	32(0x24020)
          } [5]: {
            .Type	BRET64
            .Offset	40(0x24028)
          } [6]: {
            .Type	BRET64
            .Offset	48(0x24030)
          } [7]: {
            .Type	BRET64
            .Offset	56(0x24038)
          }
        }
        [3]: {
          .BaseAddress	151552
          .DirectorySize	28(4 Entries)
             [0]: {
            .Type	BRET64
            .Offset	160(0x250A0)
          } [1]: {
            .Type	BRET64
            .Offset	192(0x250C0)
          } [2]: {
            .Type	BRET64
            .Offset	208(0x250D0)
          } [3]: {
            .Type	BRET64
            .Offset	224(0x250E0)
          }
        }
        [4]: {
          .BaseAddress	0
          .DirectorySize	12(0 Entries)
            
        }
      }
    
    [5]: {
      .Magic	5457218
      .Name	.ImportIn
      .Flags	SFInitData SFReadable 
      .Alignment	4
      .VirtualAddress	0
      .VirtualSize	0
      .RawPointer	151184
      .RawSize	20
[C:\GitHub\BlockyOS\tools\executable-format\exec.c:145:ReadSection]	Reading 20 from 151184
      Header: {
        .NDlls	0
        .DllImportPathTableRVO	151204
        .DllImportTableRVO	151204
      }
    
    [6]: {
      .Magic	5457218
      .Name	.ExportOut
      .Flags	SFInitData SFReadable 
      .Alignment	4
      .VirtualAddress	0
      .VirtualSize	0
      .RawPointer	151204
      .RawSize	4172
[C:\GitHub\BlockyOS\tools\executable-format\exec.c:145:ReadSection]	Reading 4172 from 151204
      Header: {
        .NExported	92
        .ExportTableRVO	151228
        .ExportNameRVO	154172
        .NExportAddresses	92[C:\GitHub\BlockyOS\tools\executable-format\exechandler.exe|-1073741819]

[C:\GitHub\BlockyOS\tools\executable-format\exec.c:177:WriteSection]	Writing 136192 to 4104
[C:\GitHub\BlockyOS\tools\executable-format\exec.c:177:WriteSection]	Writing 2560 to 140296
[C:\GitHub\BlockyOS\tools\executable-format\exec.c:177:WriteSection]	Writing 5632 to 142856
[C:\GitHub\BlockyOS\tools\executable-format\exec.c:177:WriteSection]	Writing 2696 to 148488
[C:\GitHub\BlockyOS\tools\executable-format\exec.c:177:WriteSection]	Writing 2696 to 148488
[C:\GitHub\BlockyOS\tools\executable-format\exec.c:681:CreateResourceSection]
[C:\GitHub\BlockyOS\tools\executable-format\exec.c:177:WriteSection]	Writing 20 to 151184
[C:\GitHub\BlockyOS\tools\executable-format\exec.c:725:CreateResourceSection]
[C:\GitHub\BlockyOS\tools\executable-format\exec.c:177:WriteSection]	Writing 20 to 151184
[C:\GitHub\BlockyOS\tools\executable-format\exec.c:177:WriteSection]	Writing 4172 to 151204
[C:\GitHub\BlockyOS\tools\executable-format\exec.c:177:WriteSection]	Writing 4172 to 151204
[C:\GitHub\BlockyOS\tools\executable-format\exec.c:748:CreateResourceSection]
[C:\GitHub\BlockyOS\tools\executable-format\exec.c:177:WriteSection]	Writing 9536 to 155376
[C:\GitHub\BlockyOS\tools\executable-format\exec.c:177:WriteSection]	Writing 4096 to 164912
[C:\GitHub\BlockyOS\Build\Build-nodate\root-part\libcrt.service]
Header: {
  .Magic	17730
  .SystemSection	.rsrc
  .NSections	9
  .RawHeaderSize	4096
  .SectionTabeOffset	52
    [0]: {
      .Magic	0
      .Name	
      .Flags	(null)
      .Alignment	0
      .VirtualAddress	0
      .VirtualSize	0
      .RawPointer	0
      .RawSize	0
      {
        
        
        
        
      }
    
    [1]: {
      .Magic	5457218
      .Name	.code
      .Flags	SFExecutable SFReadable 
      .Alignment	1889785610244
      .VirtualAddress	4096
      .VirtualSize	135952
      .RawPointer	4104
      .RawSize	136192
[C:\GitHub\BlockyOS\tools\executable-format\exec.c:147:ReadSection]	Reading 136192 from 4104
      {
        b8 00 00 c1 e3 00 00 f8 
        07 b9 00 eb 01 b9 00 72 
        00 00 0f 12 00 64 0f 07 
        00 00 a2 81 00 00 c7 e2 
      }
    
    [2]: {
      .Magic	5457218
      .Name	.data
      .Flags	SFInitData SFReadable SFWritable 
      .Alignment	1889785610244
      .VirtualAddress	143360
      .VirtualSize	2240
      .RawPointer	140296
      .RawSize	2560
[C:\GitHub\BlockyOS\tools\executable-format\exec.c:147:ReadSection]	Reading 2560 from 140296
      {
        53 53 00 33 53 53 2e 53 
        53 53 53 00 45 53 31 45 
        45 45 53 53 33 45 00 34 
        00 32 45 53 00 34 53 2e 
      }
    
    [3]: {
      .Magic	5457218
      .Name	.rodata
      .Flags	SFInitData SFReadable 
      .Alignment	1889785610244
      .VirtualAddress	147456
      .VirtualSize	5536
      .RawPointer	142856
      .RawSize	5632
[C:\GitHub\BlockyOS\tools\executable-format\exec.c:147:ReadSection]	Reading 5632 from 142856
      {
        10 01 2c 01 48 01 64 01 
        f0 00 f3 00 f6 00 f9 00 
        01 00 01 00 01 00 01 00 
        80 00 80 00 80 00 80 00 
      }
    
    [4]: {
      .Magic	5457218
      .Name	.RelS
      .Flags	SFInitData SFReadable 
      .Alignment	1889785610244
      .VirtualAddress	0
      .VirtualSize	2696
      .RawPointer	148488
      .RawSize	2696
[C:\GitHub\BlockyOS\tools\executable-format\exec.c:147:ReadSection]	Reading 2696 from 148488
      Header: {
        .DirectoryTable	148508
        .UnusedBytes	150672
        .NRelocationDirectories	5
        [0]: {
          .BaseAddress	12288
          .DirectorySize	76(16 Entries)
             [0]: {
            .Type	BRET64
            .Offset	1626(0x365A)
          } [1]: {
            .Type	BRET64
            .Offset	1650(0x3672)
          } [2]: {
            .Type	BRET64
            .Offset	1674(0x368A)
          } [3]: {
            .Type	BRET64
            .Offset	1698(0x36A2)
          } [4]: {
            .Type	BRET64
            .Offset	1722(0x36BA)
          } [5]: {
            .Type	BRET64
            .Offset	1746(0x36D2)
          } [6]: {
            .Type	BRET64
            .Offset	1770(0x36EA)
          } [7]: {
         
[SHELL]	FSFRAT.OPEN
[SHELL]	FSFRAT.MOUNT
[SHELL]	FSFRAT.WRITE
[SHELL OUT]: FSFRAT DRIVER
[SHELL OUT]: >> 
[SHELL OUT]: [C:\GitHub\BlockyOS\tools\filesystem\frat.c:193]  >>  Mounting FS Root: [C:/GitHub/BlockyOS/Build/Build-nodate/disk.img]
[SHELL OUT]: Verifying Disk GPT
[SHELL OUT]: Reading Bytes
[SHELL OUT]: [Parent:00007ff6f935d914] >> Reading [92 bytes(s)->1 block(s)] to LBA[1(512)-2(1024)]
[SHELL OUT]: GPT Dump:
[SHELL OUT]:     Sig: "EFI PART"
[SHELL OUT]:     Rev: 65536
[SHELL OUT]:     Header-Size: 92
[SHELL OUT]:     Header Checksum: 2585551610
[SHELL OUT]:     localLBA: 1
[SHELL OUT]:     altLBA: 2623490
[SHELL OUT]:     firstUsable: 2048
[SHELL OUT]:     lastUsable: 2623488
[SHELL OUT]:     Disk-GUID: 
[SHELL OUT]:     Partition-Table: 2
[SHELL OUT]:     # of Partition-Entries: 3
[SHELL OUT]:     Partition-Entry Size: 128
[SHELL OUT]:     Partition-Table Checksum: 801556421
[SHELL OUT]: Closing Disk Interface >> {C:/GitHub/BlockyOS/Build/Build-nodate/disk.img}
[SHELL OUT]: GPT Exists? true
[SHELL OUT]: [Parent:00007ff6f935ee8f] >>  C:/GitHub/BlockyOS/Build/Build-nodate/disk.img  ConfBlockSize: 512    Starting Disk Env ID: 
[SHELL OUT]: Reading Bytes
[SHELL OUT]: [Parent:00007ff6f935eeb0] >> Reading [92 bytes(s)->1 block(s)] to LBA[1(512)-2(1024)]
[SHELL OUT]: [C:\GitHub\BlockyOS\tools\filesystem\frat.c:134]  >>  Querying Part Table
[SHELL OUT]: Reading Bytes
[SHELL OUT]: [Parent:00007ff6f935e700] >> Reading [384 bytes(s)->1 block(s)] to LBA[2(1024)-3(1536)]
[SHELL OUT]: [C:\GitHub\BlockyOS\tools\filesystem\frat.c:142]  >>  GPT-Entry: BOOT{2048:526335 -> 524287}
[SHELL OUT]: [C:\GitHub\BlockyOS\tools\filesystem\frat.c:156]  >>  Querying FS at 2048
[SHELL OUT]: Reading Bytes
[SHELL OUT]: [Parent:00007ff6f935eba4] >> Reading [36 bytes(s)->1 block(s)] to LBA[2048(1048576)-2049(1049088)]
[SHELL OUT]: FS-Root Blob:
[SHELL OUT]:     Version: [0:524288]
[SHELL OUT]:     Sig: 
[SHELL OUT]:     Configured Log Sectors: 2
[SHELL OUT]: [Parent:00007ff6f935d8f9] >>  C:/GitHub/BlockyOS/Build/Build-nodate/disk.img  ConfBlockSize: 512    Starting Disk Env ID: 
[SHELL OUT]:     Configured Block Size: 0
[SHELL OUT]:     Configured Cluster-Map Size: 16711743
[SHELL OUT]: [C:\GitHub\BlockyOS\tools\filesystem\frat.c:156]  >>  Querying FS at 526336
[SHELL OUT]: [C:\GitHub\BlockyOS\tools\filesystem\frat.c:142]  >>  GPT-Entry: ROOT{526336:2623487 -> 2097151}
[SHELL OUT]: Reading Bytes
[SHELL OUT]: [Parent:00007ff6f935eba4] >> Reading [36 bytes(s)->1 block(s)] to LBA[526336(269484032)-526337(269484544)]
[SHELL OUT]: FS-Root Blob:
[SHELL OUT]:     Version: [1:0]
[SHELL OUT]:     Sig: FRAT_FILESYSTEM
[SHELL OUT]:     Configured Log Sectors: 5
[SHELL OUT]:     Configured Block Size: 512
[SHELL OUT]:     Configured Cluster-Map Size: 81920
[SHELL OUT]: [C:\GitHub\BlockyOS\tools\filesystem\frat.c:181]  >>  FS Found at [526336]:
[SHELL OUT]: 	Version-Code: [1:0]
[SHELL OUT]: 	Configured Block-Size: 512
[SHELL OUT]: 	Configured Cluster-Size: 81920
[SHELL OUT]: 	Configured # of Log-Sectors: 5
[SHELL OUT]: 	Configured Log-Size: 90
[SHELL OUT]: [C:\GitHub\BlockyOS\tools\filesystem\frat.c:205]  >>  Found Formatted Partition: 526336:2623487 -> 2097151
[SHELL OUT]: Reading Bytes
[SHELL OUT]: [Parent:00007ff6f935efe1] >> Reading [36 bytes(s)->1 block(s)] to LBA[526336(269484032)-526337(269484544)]
[SHELL OUT]: [C:\GitHub\BlockyOS\tools\filesystem\frat.c:218]  >>  Root: 526336:2623487 -> 2097151 LBAs
[SHELL OUT]: 	Version-Code: [1:0]
[SHELL OUT]: 	Configured Block-Size: 512
[SHELL OUT]: 	Configured Cluster-Size: 81920
[SHELL OUT]: 	Configured # of Log-Sectors: 81920
[SHELL OUT]: 	Configured Log-Size: 5
[SHELL OUT]: Reading Bytes
[SHELL OUT]: [Parent:00007ff6f935f31e] >> Reading [2560 bytes(s)->5 block(s)] to LBA[526337(269484544)-526342(269487104)]
[SHELL OUT]: Reading Bytes
[SHELL OUT]: [Parent:00007ff6f935f39a] >> Reading [81920 bytes(s)->160 block(s)] to LBA[526343(269487616)-526503(269569536)]
[SHELL OUT]:     Verifying FS Root Items #items: 4096
[SHELL OUT]: >> 
[SHELL OUT]: >> 
[SHELL OUT]: >> 
[SHELL OUT]: Mounting File [SYSD/LIBCRT.app] with "f"
[SHELL OUT]: >> 
[SHELL OUT]: >> 
[SHELL OUT]: >> 
[SHELL OUT]: >> 
[SHELL OUT]: >> 
Initializing CGCC.MAKE build process...
Skipping C:\GitHub\BlockyOS\src\kernel\libcrt\hardware\RNG\RNG.asm - up to date; source=2026-09-02T19:29:50.4588980Z, stored=09/02/2026 19:29:50
Skipping C:\GitHub\BlockyOS\src\kernel\libcrt\hardware\RNG\RNG.c - up to date; source=2026-09-01T19:51:35.2375749Z, stored=09/01/2026 19:51:35
Skipping C:\GitHub\BlockyOS\src\kernel\libcrt\hardware\GDT\GDT.asm - up to date; source=2026-09-02T19:29:50.4759038Z, stored=09/02/2026 19:29:50
Skipping C:\GitHub\BlockyOS\src\kernel\libcrt\hardware\GDT\GDT.c - up to date; source=2026-08-31T20:29:21.6186178Z, stored=08/31/2026 20:29:21
Skipping C:\GitHub\BlockyOS\src\kernel\libcrt\hardware\paging\paging.asm - up to date; source=2026-09-02T19:29:50.4619061Z, stored=09/02/2026 19:29:50
Skipping C:\GitHub\BlockyOS\src\kernel\libcrt\hardware\paging\paging.c - up to date; source=2026-09-01T20:10:14.1486119Z, stored=09/01/2026 20:10:14
Skipping C:\GitHub\BlockyOS\src\kernel\libcrt\hardware\SSE\SSE.asm - up to date; source=2026-09-02T19:29:50.4759038Z, stored=09/02/2026 19:29:50
Skipping C:\GitHub\BlockyOS\src\kernel\libcrt\hardware\SSE\SSE.c - up to date; source=2026-09-01T15:31:49.0191638Z, stored=09/01/2026 15:31:49
Skipping C:\GitHub\BlockyOS\src\kernel\libcrt\memory\memory.c - up to date; source=2026-09-01T14:27:41.5007315Z, stored=09/01/2026 14:27:41
Skipping C:\GitHub\BlockyOS\src\kernel\libcrt\memory\string.c - up to date; source=2026-08-31T17:22:17.0368394Z, stored=08/31/2026 17:22:17
Skipping C:\GitHub\BlockyOS\src\kernel\libcrt\hardware\paging\palloc.c - up to date; source=2026-09-01T20:10:14.1506184Z, stored=09/01/2026 20:10:14
Skipping C:\GitHub\BlockyOS\src\kernel\libcrt\memory\allocator\palloc.c - up to date; source=2026-09-02T18:08:03.4509785Z, stored=09/02/2026 18:08:03
Skipping C:\GitHub\BlockyOS\src\kernel\libcrt\memory\allocator\mmalloc.c - up to date; source=2026-09-01T00:47:09.6602809Z, stored=09/01/2026 00:47:09
Skipping C:\GitHub\BlockyOS\src\kernel\libcrt\math\math.c - up to date; source=2026-09-02T20:24:18.8720404Z, stored=09/02/2026 20:24:18
Skipping C:\GitHub\BlockyOS\src\kernel\libcrt\hardware\IO\IO.asm - up to date; source=2026-09-02T19:29:50.4759038Z, stored=09/02/2026 19:29:50
Skipping C:\GitHub\BlockyOS\src\kernel\libcrt\hardware\IDT\IDT.asm - up to date; source=2026-09-02T19:29:50.4759038Z, stored=09/02/2026 19:29:50
Skipping C:\GitHub\BlockyOS\src\kernel\libcrt\hardware\IDT\ISR.asm - up to date; source=2026-09-02T19:08:06.2288527Z, stored=09/02/2026 19:08:06
Skipping C:\GitHub\BlockyOS\src\kernel\libcrt\hardware\IDT\ISR.c - up to date; source=2026-09-02T18:48:44.0968136Z, stored=09/02/2026 18:48:44
Skipping C:\GitHub\BlockyOS\src\kernel\libcrt\hardware\ACPI\ACPI.c - up to date; source=2026-08-31T20:25:27.3210120Z, stored=08/31/2026 20:25:27
Skipping C:\GitHub\BlockyOS\src\kernel\libcrt\hardware\IDT\APIC\APIC.c - up to date; source=2026-08-31T17:22:17.1088393Z, stored=08/31/2026 17:22:17
Skipping C:\GitHub\BlockyOS\src\kernel\libcrt\hardware\IDT\APIC\IOAPIC.c - up to date; source=2026-08-31T23:06:36.2138524Z, stored=08/31/2026 23:06:36
Skipping C:\GitHub\BlockyOS\src\kernel\libcrt\hardware\IDT\APIC\LocalAPIC.c - up to date; source=2026-09-01T14:06:58.1209403Z, stored=09/01/2026 14:06:58
Skipping C:\GitHub\BlockyOS\src\kernel\libcrt\hardware\IDT\APIC\LocalAPICTimer.c - up to date; source=2026-09-01T19:52:35.3774846Z, stored=09/01/2026 19:52:35
Skipping C:\GitHub\BlockyOS\src\kernel\libcrt\hardware\hardware.c - up to date; source=2026-09-01T16:46:09.0571163Z, stored=09/01/2026 16:46:09
Skipping C:\GitHub\BlockyOS\src\kernel\libcrt\BLAKE2\blake2b-ref.c - up to date; source=2026-08-31T20:05:16.6578387Z, stored=08/31/2026 20:05:16
Skipping C:\GitHub\BlockyOS\src\kernel\libcrt\BLAKE2\blake2bp-ref.c - up to date; source=2026-08-31T20:05:20.6816175Z, stored=08/31/2026 20:05:20
Skipping C:\GitHub\BlockyOS\src\kernel\libcrt\BLAKE2\blake2s-ref.c - up to date; source=2026-08-31T20:05:24.7027041Z, stored=08/31/2026 20:05:24
Skipping C:\GitHub\BlockyOS\src\kernel\libcrt\BLAKE2\blake2sp-ref.c - up to date; source=2026-08-31T20:05:27.6610089Z, stored=08/31/2026 20:05:27
Skipping C:\GitHub\BlockyOS\src\kernel\libcrt\BLAKE2\blake2xb-ref.c - up to date; source=2026-09-01T14:03:25.3444410Z, stored=09/01/2026 14:03:25
Skipping C:\GitHub\BlockyOS\src\kernel\libcrt\BLAKE2\blake2xs-ref.c - up to date; source=2026-08-31T17:22:17.0728377Z, stored=08/31/2026 17:22:17
Skipping C:\GitHub\BlockyOS\src\kernel\libcrt\hardware\PCIe\PCIe.c - up to date; source=2026-08-31T23:54:42.2532022Z, stored=08/31/2026 23:54:42
Skipping C:\GitHub\BlockyOS\src\kernel\libcrt\hardware\SSE\UTILS.asm - up to date; source=2026-09-01T00:20:39.1738118Z, stored=09/01/2026 00:20:39
Skipping C:\GitHub\BlockyOS\src\kernel\libcrt\alibcrt.def - up to date; source=2026-09-01T20:03:41.5382359Z, stored=09/01/2026 20:03:41
gcc C:\GitHub\BlockyOS\compile\cache\asm.RNG.o C:\GitHub\BlockyOS\compile\cache\c.RNG.o C:\GitHub\BlockyOS\compile\cache\asm.GDT.o C:\GitHub\BlockyOS\compile\cache\c.GDT.o C:\GitHub\BlockyOS\compile\cache\asm.paging.o C:\GitHub\BlockyOS\compile\cache\c.paging.o C:\GitHub\BlockyOS\compile\cache\asm.SSE.o C:\GitHub\BlockyOS\compile\cache\c.SSE.o C:\GitHub\BlockyOS\compile\cache\c.memory.o C:\GitHub\BlockyOS\compile\cache\c.string.o C:\GitHub\BlockyOS\compile\cache\c.palloc.o C:\GitHub\BlockyOS\compile\cache\c.palloc(1).o C:\GitHub\BlockyOS\compile\cache\c.mmalloc.o C:\GitHub\BlockyOS\compile\cache\c.math.o C:\GitHub\BlockyOS\compile\cache\asm.IO.o C:\GitHub\BlockyOS\compile\cache\asm.IDT.o C:\GitHub\BlockyOS\compile\cache\asm.ISR.o C:\GitHub\BlockyOS\compile\cache\c.ISR.o C:\GitHub\BlockyOS\compile\cache\c.ACPI.o C:\GitHub\BlockyOS\compile\cache\c.APIC.o C:\GitHub\BlockyOS\compile\cache\c.IOAPIC.o C:\GitHub\BlockyOS\compile\cache\c.LocalAPIC.o C:\GitHub\BlockyOS\compile\cache\c.LocalAPICTimer.o C:\GitHub\BlockyOS\compile\cache\c.hardware.o C:\GitHub\BlockyOS\compile\cache\c.blake2b-ref.o C:\GitHub\BlockyOS\compile\cache\c.blake2bp-ref.o C:\GitHub\BlockyOS\compile\cache\c.blake2s-ref.o C:\GitHub\BlockyOS\compile\cache\c.blake2sp-ref.o C:\GitHub\BlockyOS\compile\cache\c.blake2xb-ref.o C:\GitHub\BlockyOS\compile\cache\c.blake2xs-ref.o C:\GitHub\BlockyOS\compile\cache\c.PCIe.o C:\GitHub\BlockyOS\compile\cache\asm.UTILS.o C:/GitHub/BlockyOS/src/kernel/libcrt/alibcrt.def -Wl,-flinker-output=dyn -Wl,-nostdlib -Wl,--emit-relocs -Wl,-shared -Wl,-Bsymbolic -Wl,-Map,C:\GitHub\BlockyOS\src\kernel\libcrt\alibcrt.map -fdiagnostics-color=always -fno-diagnostics-show-highlight-colors -nostartfiles -nodefaultlibs -o C:/GitHub/BlockyOS/Build/Build-nodate/root-part/libcrt.dll
Build finished successfully -> C:/GitHub/BlockyOS/Build/Build-nodate/root-part/libcrt.dll


[SHELL]	PE2EXEC.MAKE
C:\GitHub\BlockyOS\tools\executable-format\exechandler.exe C:/GitHub/BlockyOS/Build/Build-nodate/root-part/libcrt.dll C:/GitHub/BlockyOS/Build/Build-nodate/root-part/libcrt.service -od -L C:/GitHub/BlockyOS/src/kernel/libcrt/alibcrt.log

[(null):881787504:DumpBeHeader]	Writing 2345052143683 bytes to 4096
[(null):881787504:DumpBeHeader]	Writing 140716013518915 bytes to 140716013522944
[(null):881787504:DumpBeHeader]	Writing 140716013518915 bytes to 140716013522944
[(null):881787504:DumpBeHeader]	Writing 140716013518915 bytes to 140716013522944
[(null):881787504:DumpBeHeader]	Writing 140716013518915 bytes to 140716013522944
[C:\GitHub\BlockyOS\tools\executable-format\exec.c:679:CreateResourceSection]
[(null):881787504:DumpBeHeader]	Writing 140716013518915 bytes to 140716013522944
[C:\GitHub\BlockyOS\tools\executable-format\exec.c:723:CreateResourceSection]
[(null):881787504:DumpBeHeader]	Writing 140716013518915 bytes to 140716013522944
[C:\GitHub\BlockyOS\tools\executable-format\exec.c:746:CreateResourceSection]
[(null):881787504:DumpBeHeader]	Writing 140716013518915 bytes to 140716013522944
[(null):881787504:DumpBeHeader]	Writing 140716013518915 bytes to 140716013522944
[C:\GitHub\BlockyOS\Build\Build-nodate\root-part\libcrt.service]
Header: {
  .Magic	17730
  .SystemSection	.rsrc
  .NSections	9
  .RawHeaderSize	4096
  .SectionTabeOffset	52
    [0]: {
      .Magic	0
      .Name	
      .Flags	(null)
      .Alignment	0
      .VirtualAddress	0
      .VirtualSize	0
      .RawPointer	0
      .RawSize	0
      {
        
        
        
        
      }
    
    [1]: {
      .Magic	5457218
      .Name	.code
      .Flags	SFExecutable SFReadable 
      .Alignment	4
      .VirtualAddress	4096
      .VirtualSize	135952
      .RawPointer	4104
      .RawSize	136192
[C:\GitHub\BlockyOS\tools\executable-format\exec.c:145:ReadSection]	Reading 136192 from 4104
      {
        b8 00 00 c1 e3 00 00 f8 
        07 b9 00 eb 01 b9 00 72 
        00 00 0f 12 00 64 0f 07 
        00 00 a2 81 00 00 c7 e2 
      }
    
    [2]: {
      .Magic	5457218
      .Name	.data
      .Flags	SFInitData SFReadable SFWritable 
      .Alignment	4
      .VirtualAddress	143360
      .VirtualSize	2240
      .RawPointer	140296
      .RawSize	2560
[C:\GitHub\BlockyOS\tools\executable-format\exec.c:145:ReadSection]	Reading 2560 from 140296
      {
        53 53 00 33 53 53 2e 53 
        53 53 53 00 45 53 31 45 
        45 45 53 53 33 45 00 34 
        00 32 45 53 00 34 53 2e 
      }
    
    [3]: {
      .Magic	5457218
      .Name	.rodata
      .Flags	SFInitData SFReadable 
      .Alignment	4
      .VirtualAddress	147456
      .VirtualSize	5536
      .RawPointer	142856
      .RawSize	5632
[C:\GitHub\BlockyOS\tools\executable-format\exec.c:145:ReadSection]	Reading 5632 from 142856
      {
        10 01 2c 01 48 01 64 01 
        f0 00 f3 00 f6 00 f9 00 
        01 00 01 00 01 00 01 00 
        80 00 80 00 80 00 80 00 
      }
    
    [4]: {
      .Magic	5457218
      .Name	.RelS
      .Flags	SFInitData SFReadable 
      .Alignment	4
      .VirtualAddress	0
      .VirtualSize	2696
      .RawPointer	148488
      .RawSize	2696
[C:\GitHub\BlockyOS\tools\executable-format\exec.c:145:ReadSection]	Reading 2696 from 148488
      Header: {
        .DirectoryTable	148508
        .UnusedBytes	150672
        .NRelocationDirectories	2345052143621
        [0]: {
          .BaseAddress	12288
          .DirectorySize	76(16 Entries)
             [0]: {
            .Type	BRET64
            .Offset	1626(0x365A)
          } [1]: {
            .Type	BRET64
            .Offset	1650(0x3672)
          } [2]: {
            .Type	BRET64
            .Offset	1674(0x368A)
          } [3]: {
            .Type	BRET64
            .Offset	1698(0x36A2)
          } [4]: {
            .Type	BRET64
            .Offset	1722(0x36BA)
          } [5]: {
            .Type	BRET64
            .Offset	1746(0x36D2)
          } [6]: {
            .Type	BRET64
            .Offset	1770(0x36EA)
          } [7]: {
            .Type	BRET64
            .Offset	1794(0x3702)
          }
        }
        [1]: {
          .BaseAddress	143360
          .DirectorySize	1004(248 Entries)
             [0]: {
            .Type	BRET64
            .Offset	192(0x230C0)
          } [1]: {
            .Type	BRET64
            .Offset	200(0x230C8)
          } [2]: {
            .Type	BRET64
            .Offset	208(0x230D0)
          } [3]: {
            .Type	BRET64
            .Offset	216(0x230D8)
          } [4]: {
            .Type	BRET64
            .Offset	224(0x230E0)
          } [5]: {
            .Type	BRET64
            .Offset	232(0x230E8)
          } [6]: {
            .Type	BRET64
            .Offset	240(0x230F0)
          } [7]: {
            .Type	BRET64
            .Offset	248(0x230F8)
          }
        }
        [2]: {
          .BaseAddress	147456
          .DirectorySize	1044(258 Entries)
             [0]: {
            .Type	BRET64
            .Offset	0(0x24000)
          } [1]: {
            .Type	BRET64
            .Offset	8(0x24008)
          } [2]: {
            .Type	BRET64
            .Offset	16(0x24010)
          } [3]: {
            .Type	BRET64
            .Offset	24(0x24018)
          } [4]: {
            .Type	BRET64
            .Offset	32(0x24020)
          } [5]: {
            .Type	BRET64
            .Offset	40(0x24028)
          } [6]: {
            .Type	BRET64
            .Offset	48(0x24030)
          } [7]: {
            .Type	BRET64
            .Offset	56(0x24038)
          }
        }
        [3]: {
          .BaseAddress	151552
          .DirectorySize	28(4 Entries)
             [0]: {
            .Type	BRET64
            .Offset	160(0x250A0)
          } [1]: {
            .Type	BRET64
            .Offset	192(0x250C0)
          } [2]: {
            .Type	BRET64
            .Offset	208(0x250D0)
          } [3]: {
            .Type	BRET64
            .Offset	224(0x250E0)
          }
        }
        [4]: {
          .BaseAddress	0
          .DirectorySize	12(0 Entries)
            
        }
      }
    
    [5]: {
      .Magic	5457218
      .Name	.ImportIn
      .Flags	SFInitData SFReadable 
      .Alignment	4
      .VirtualAddress	0
      .VirtualSize	0
      .RawPointer	151184
      .RawSize	20
[C:\GitHub\BlockyOS\tools\executable-format\exec.c:145:ReadSection]	Reading 20 from 151184
      Header: {
        .NDlls	0
        .DllImportPathTableRVO	151204
        .DllImportTableRVO	151204
      }
    
    [6]: {
      .Magic	5457218
      .Name	.ExportOut
      .Flags	SFInitData SFReadable 
      .Alignment	4
      .VirtualAddress	0
      .VirtualSize	0
      .RawPointer	151204
      .RawSize	4172
[C:\GitHub\BlockyOS\tools\executable-format\exec.c:145:ReadSection]	Reading 4172 from 151204
      Header: {
        .NExported	92
        .ExportTableRVO	151228
        .ExportNameRVO	154172
        .NExportAddresses	92[C:\GitHub\BlockyOS\tools\executable-format\exechandler.exe|-1073741819]

[C:\GitHub\BlockyOS\tools\executable-format\exec.c:177:WriteSection]	Writing 136192 to 4104
[C:\GitHub\BlockyOS\tools\executable-format\exec.c:177:WriteSection]	Writing 2560 to 140296
[C:\GitHub\BlockyOS\tools\executable-format\exec.c:177:WriteSection]	Writing 5632 to 142856
[C:\GitHub\BlockyOS\tools\executable-format\exec.c:177:WriteSection]	Writing 2696 to 148488
[C:\GitHub\BlockyOS\tools\executable-format\exec.c:177:WriteSection]	Writing 2696 to 148488
[C:\GitHub\BlockyOS\tools\executable-format\exec.c:681:CreateResourceSection]
[C:\GitHub\BlockyOS\tools\executable-format\exec.c:177:WriteSection]	Writing 20 to 151184
[C:\GitHub\BlockyOS\tools\executable-format\exec.c:725:CreateResourceSection]
[C:\GitHub\BlockyOS\tools\executable-format\exec.c:177:WriteSection]	Writing 20 to 151184
[C:\GitHub\BlockyOS\tools\executable-format\exec.c:177:WriteSection]	Writing 4172 to 151204
[C:\GitHub\BlockyOS\tools\executable-format\exec.c:177:WriteSection]	Writing 4172 to 151204
[C:\GitHub\BlockyOS\tools\executable-format\exec.c:748:CreateResourceSection]
[C:\GitHub\BlockyOS\tools\executable-format\exec.c:177:WriteSection]	Writing 9536 to 155376
[C:\GitHub\BlockyOS\tools\executable-format\exec.c:177:WriteSection]	Writing 4096 to 164912
[C:\GitHub\BlockyOS\Build\Build-nodate\root-part\libcrt.service]
Header: {
  .Magic	17730
  .SystemSection	.rsrc
  .NSections	9
  .RawHeaderSize	4096
  .SectionTabeOffset	52
    [0]: {
      .Magic	0
      .Name	
      .Flags	(null)
      .Alignment	0
      .VirtualAddress	0
      .VirtualSize	0
      .RawPointer	0
      .RawSize	0
      {
        
        
        
        
      }
    
    [1]: {
      .Magic	5457218
      .Name	.code
      .Flags	SFExecutable SFReadable 
      .Alignment	2345052143620
      .VirtualAddress	4096
      .VirtualSize	135952
      .RawPointer	4104
      .RawSize	136192
[C:\GitHub\BlockyOS\tools\executable-format\exec.c:147:ReadSection]	Reading 136192 from 4104
      {
        b8 00 00 c1 e3 00 00 f8 
        07 b9 00 eb 01 b9 00 72 
        00 00 0f 12 00 64 0f 07 
        00 00 a2 81 00 00 c7 e2 
      }
    
    [2]: {
      .Magic	5457218
      .Name	.data
      .Flags	SFInitData SFReadable SFWritable 
      .Alignment	2345052143620
      .VirtualAddress	143360
      .VirtualSize	2240
      .RawPointer	140296
      .RawSize	2560
[C:\GitHub\BlockyOS\tools\executable-format\exec.c:147:ReadSection]	Reading 2560 from 140296
      {
        53 53 00 33 53 53 2e 53 
        53 53 53 00 45 53 31 45 
        45 45 53 53 33 45 00 34 
        00 32 45 53 00 34 53 2e 
      }
    
    [3]: {
      .Magic	5457218
      .Name	.rodata
      .Flags	SFInitData SFReadable 
      .Alignment	2345052143620
      .VirtualAddress	147456
      .VirtualSize	5536
      .RawPointer	142856
      .RawSize	5632
[C:\GitHub\BlockyOS\tools\executable-format\exec.c:147:ReadSection]	Reading 5632 from 142856
      {
        10 01 2c 01 48 01 64 01 
        f0 00 f3 00 f6 00 f9 00 
        01 00 01 00 01 00 01 00 
        80 00 80 00 80 00 80 00 
      }
    
    [4]: {
      .Magic	5457218
      .Name	.RelS
      .Flags	SFInitData SFReadable 
      .Alignment	2345052143620
      .VirtualAddress	0
      .VirtualSize	2696
      .RawPointer	148488
      .RawSize	2696
[C:\GitHub\BlockyOS\tools\executable-format\exec.c:147:ReadSection]	Reading 2696 from 148488
      Header: {
        .DirectoryTable	148508
        .UnusedBytes	150672
        .NRelocationDirectories	5
        [0]: {
          .BaseAddress	12288
          .DirectorySize	76(16 Entries)
             [0]: {
            .Type	BRET64
            .Offset	1626(0x365A)
          } [1]: {
            .Type	BRET64
            .Offset	1650(0x3672)
          } [2]: {
            .Type	BRET64
            .Offset	1674(0x368A)
          } [3]: {
            .Type	BRET64
            .Offset	1698(0x36A2)
          } [4]: {
            .Type	BRET64
            .Offset	1722(0x36BA)
          } [5]: {
            .Type	BRET64
            .Offset	1746(0x36D2)
          } [6]: {
            .Type	BRET64
            .Offset	1770(0x36EA)
          } [7]: {
         
[SHELL]	FSFRAT.OPEN
[SHELL]	FSFRAT.MOUNT
[SHELL]	FSFRAT.WRITE
[SHELL OUT]: FSFRAT DRIVER
[SHELL OUT]: >> 
[SHELL OUT]: [C:\GitHub\BlockyOS\tools\filesystem\frat.c:193]  >>  Mounting FS Root: [C:/GitHub/BlockyOS/Build/Build-nodate/disk.img]
[SHELL OUT]: Verifying Disk GPT
[SHELL OUT]: [Parent:00007ff7b8c4d8f9] >>  C:/GitHub/BlockyOS/Build/Build-nodate/disk.img  ConfBlockSize: 512    Starting Disk Env ID: 
[SHELL OUT]: Reading Bytes
[SHELL OUT]: [Parent:00007ff7b8c4d914] >> Reading [92 bytes(s)->1 block(s)] to LBA[1(512)-2(1024)]
[SHELL OUT]: GPT Dump:
[SHELL OUT]:     Sig: "EFI PART"
[SHELL OUT]:     Rev: 65536
[SHELL OUT]:     Header-Size: 92
[SHELL OUT]:     Header Checksum: 2962519775
[SHELL OUT]:     localLBA: 1
[SHELL OUT]:     altLBA: 2623490
[SHELL OUT]:     firstUsable: 2048
[SHELL OUT]:     lastUsable: 2623488
[SHELL OUT]:     Disk-GUID: 
[SHELL OUT]:     Partition-Table: 2
[SHELL OUT]:     # of Partition-Entries: 3
[SHELL OUT]:     Partition-Entry Size: 128
[SHELL OUT]:     Partition-Table Checksum: 801556421
[SHELL OUT]: Closing Disk Interface >> {C:/GitHub/BlockyOS/Build/Build-nodate/disk.img}
[SHELL OUT]: GPT Exists? true
[SHELL OUT]: [Parent:00007ff7b8c4ee8f] >>  C:/GitHub/BlockyOS/Build/Build-nodate/disk.img  ConfBlockSize: 512    Starting Disk Env ID: 
[SHELL OUT]: Reading Bytes
[SHELL OUT]: [Parent:00007ff7b8c4eeb0] >> Reading [92 bytes(s)->1 block(s)] to LBA[1(512)-2(1024)]
[SHELL OUT]: [C:\GitHub\BlockyOS\tools\filesystem\frat.c:134]  >>  Querying Part Table
[SHELL OUT]: Reading Bytes
[SHELL OUT]: [Parent:00007ff7b8c4e700] >> Reading [384 bytes(s)->1 block(s)] to LBA[2(1024)-3(1536)]
[SHELL OUT]: [C:\GitHub\BlockyOS\tools\filesystem\frat.c:142]  >>  GPT-Entry: BOOT{2048:526335 -> 524287}
[SHELL OUT]: [C:\GitHub\BlockyOS\tools\filesystem\frat.c:156]  >>  Querying FS at 2048
[SHELL OUT]: Reading Bytes
[SHELL OUT]: [Parent:00007ff7b8c4eba4] >> Reading [36 bytes(s)->1 block(s)] to LBA[2048(1048576)-2049(1049088)]
[SHELL OUT]: FS-Root Blob:
[SHELL OUT]:     Version: [0:524288]
[SHELL OUT]:     Sig: 
[SHELL OUT]:     Configured Log Sectors: 2
[SHELL OUT]:     Configured Block Size: 0
[SHELL OUT]:     Configured Cluster-Map Size: 16711743
[SHELL OUT]: [C:\GitHub\BlockyOS\tools\filesystem\frat.c:142]  >>  GPT-Entry: ROOT{526336:2623487 -> 2097151}
[SHELL OUT]: [C:\GitHub\BlockyOS\tools\filesystem\frat.c:156]  >>  Querying FS at 526336
[SHELL OUT]: Reading Bytes
[SHELL OUT]: [Parent:00007ff7b8c4eba4] >> Reading [36 bytes(s)->1 block(s)] to LBA[526336(269484032)-526337(269484544)]
[SHELL OUT]: FS-Root Blob:
[SHELL OUT]:     Version: [1:0]
[SHELL OUT]:     Sig: FRAT_FILESYSTEM
[SHELL OUT]:     Configured Log Sectors: 5
[SHELL OUT]:     Configured Block Size: 512
[SHELL OUT]:     Configured Cluster-Map Size: 81920
[SHELL OUT]: [C:\GitHub\BlockyOS\tools\filesystem\frat.c:181]  >>  FS Found at [526336]:
[SHELL OUT]: 	Version-Code: [1:0]
[SHELL OUT]: 	Configured Block-Size: 512
[SHELL OUT]: 	Configured Cluster-Size: 81920
[SHELL OUT]: 	Configured # of Log-Sectors: 5
[SHELL OUT]: 	Configured Log-Size: 90
[SHELL OUT]: [C:\GitHub\BlockyOS\tools\filesystem\frat.c:205]  >>  Found Formatted Partition: 526336:2623487 -> 2097151
[SHELL OUT]: Reading Bytes
[SHELL OUT]: [Parent:00007ff7b8c4efe1] >> Reading [36 bytes(s)->1 block(s)] to LBA[526336(269484032)-526337(269484544)]
[SHELL OUT]: [C:\GitHub\BlockyOS\tools\filesystem\frat.c:218]  >>  Root: 526336:2623487 -> 2097151 LBAs
[SHELL OUT]: 	Version-Code: [1:0]
[SHELL OUT]: 	Configured Block-Size: 512
[SHELL OUT]: 	Configured Cluster-Size: 81920
[SHELL OUT]: 	Configured # of Log-Sectors: 81920
[SHELL OUT]: 	Configured Log-Size: 5
[SHELL OUT]: Reading Bytes
[SHELL OUT]: [Parent:00007ff7b8c4f31e] >> Reading [2560 bytes(s)->5 block(s)] to LBA[526337(269484544)-526342(269487104)]
[SHELL OUT]: Reading Bytes
[SHELL OUT]: [Parent:00007ff7b8c4f39a] >> Reading [81920 bytes(s)->160 block(s)] to LBA[526343(269487616)-526503(269569536)]
[SHELL OUT]:     Verifying FS Root Items #items: 4096
[SHELL OUT]: >> 
[SHELL OUT]: >> 
[SHELL OUT]: >> 
[SHELL OUT]: Mounting File [SYSD/LIBCRT.app] with "f"
[SHELL OUT]: >> 
[SHELL OUT]: >> 
[SHELL OUT]: >> 
Initializing CGCC.MAKE build process...
Skipping C:\GitHub\BlockyOS\src\kernel\libcrt\hardware\RNG\RNG.asm - up to date; source=2026-09-02T19:29:50.4588980Z, stored=09/02/2026 19:29:50
Skipping C:\GitHub\BlockyOS\src\kernel\libcrt\hardware\RNG\RNG.c - up to date; source=2026-09-01T19:51:35.2375749Z, stored=09/01/2026 19:51:35
Skipping C:\GitHub\BlockyOS\src\kernel\libcrt\hardware\GDT\GDT.asm - up to date; source=2026-09-02T19:29:50.4759038Z, stored=09/02/2026 19:29:50
Skipping C:\GitHub\BlockyOS\src\kernel\libcrt\hardware\GDT\GDT.c - up to date; source=2026-08-31T20:29:21.6186178Z, stored=08/31/2026 20:29:21
Skipping C:\GitHub\BlockyOS\src\kernel\libcrt\hardware\paging\paging.asm - up to date; source=2026-09-02T19:29:50.4619061Z, stored=09/02/2026 19:29:50
Skipping C:\GitHub\BlockyOS\src\kernel\libcrt\hardware\paging\paging.c - up to date; source=2026-09-01T20:10:14.1486119Z, stored=09/01/2026 20:10:14
Skipping C:\GitHub\BlockyOS\src\kernel\libcrt\hardware\SSE\SSE.asm - up to date; source=2026-09-02T19:29:50.4759038Z, stored=09/02/2026 19:29:50
Skipping C:\GitHub\BlockyOS\src\kernel\libcrt\hardware\SSE\SSE.c - up to date; source=2026-09-01T15:31:49.0191638Z, stored=09/01/2026 15:31:49
Skipping C:\GitHub\BlockyOS\src\kernel\libcrt\memory\memory.c - up to date; source=2026-09-01T14:27:41.5007315Z, stored=09/01/2026 14:27:41
Skipping C:\GitHub\BlockyOS\src\kernel\libcrt\memory\string.c - up to date; source=2026-08-31T17:22:17.0368394Z, stored=08/31/2026 17:22:17
Skipping C:\GitHub\BlockyOS\src\kernel\libcrt\hardware\paging\palloc.c - up to date; source=2026-09-01T20:10:14.1506184Z, stored=09/01/2026 20:10:14
Skipping C:\GitHub\BlockyOS\src\kernel\libcrt\memory\allocator\palloc.c - up to date; source=2026-09-02T18:08:03.4509785Z, stored=09/02/2026 18:08:03
Skipping C:\GitHub\BlockyOS\src\kernel\libcrt\memory\allocator\mmalloc.c - up to date; source=2026-09-01T00:47:09.6602809Z, stored=09/01/2026 00:47:09
Skipping C:\GitHub\BlockyOS\src\kernel\libcrt\math\math.c - up to date; source=2026-09-02T20:24:18.8720404Z, stored=09/02/2026 20:24:18
Skipping C:\GitHub\BlockyOS\src\kernel\libcrt\hardware\IO\IO.asm - up to date; source=2026-09-02T19:29:50.4759038Z, stored=09/02/2026 19:29:50
Skipping C:\GitHub\BlockyOS\src\kernel\libcrt\hardware\IDT\IDT.asm - up to date; source=2026-09-02T19:29:50.4759038Z, stored=09/02/2026 19:29:50
Skipping C:\GitHub\BlockyOS\src\kernel\libcrt\hardware\IDT\ISR.asm - up to date; source=2026-09-02T19:08:06.2288527Z, stored=09/02/2026 19:08:06
Skipping C:\GitHub\BlockyOS\src\kernel\libcrt\hardware\IDT\ISR.c - up to date; source=2026-09-02T18:48:44.0968136Z, stored=09/02/2026 18:48:44
Skipping C:\GitHub\BlockyOS\src\kernel\libcrt\hardware\ACPI\ACPI.c - up to date; source=2026-08-31T20:25:27.3210120Z, stored=08/31/2026 20:25:27
Skipping C:\GitHub\BlockyOS\src\kernel\libcrt\hardware\IDT\APIC\APIC.c - up to date; source=2026-08-31T17:22:17.1088393Z, stored=08/31/2026 17:22:17
Skipping C:\GitHub\BlockyOS\src\kernel\libcrt\hardware\IDT\APIC\IOAPIC.c - up to date; source=2026-08-31T23:06:36.2138524Z, stored=08/31/2026 23:06:36
Skipping C:\GitHub\BlockyOS\src\kernel\libcrt\hardware\IDT\APIC\LocalAPIC.c - up to date; source=2026-09-01T14:06:58.1209403Z, stored=09/01/2026 14:06:58
Skipping C:\GitHub\BlockyOS\src\kernel\libcrt\hardware\IDT\APIC\LocalAPICTimer.c - up to date; source=2026-09-01T19:52:35.3774846Z, stored=09/01/2026 19:52:35
Skipping C:\GitHub\BlockyOS\src\kernel\libcrt\hardware\hardware.c - up to date; source=2026-09-01T16:46:09.0571163Z, stored=09/01/2026 16:46:09
Skipping C:\GitHub\BlockyOS\src\kernel\libcrt\BLAKE2\blake2b-ref.c - up to date; source=2026-08-31T20:05:16.6578387Z, stored=08/31/2026 20:05:16
Skipping C:\GitHub\BlockyOS\src\kernel\libcrt\BLAKE2\blake2bp-ref.c - up to date; source=2026-08-31T20:05:20.6816175Z, stored=08/31/2026 20:05:20
Skipping C:\GitHub\BlockyOS\src\kernel\libcrt\BLAKE2\blake2s-ref.c - up to date; source=2026-08-31T20:05:24.7027041Z, stored=08/31/2026 20:05:24
Skipping C:\GitHub\BlockyOS\src\kernel\libcrt\BLAKE2\blake2sp-ref.c - up to date; source=2026-08-31T20:05:27.6610089Z, stored=08/31/2026 20:05:27
Skipping C:\GitHub\BlockyOS\src\kernel\libcrt\BLAKE2\blake2xb-ref.c - up to date; source=2026-09-01T14:03:25.3444410Z, stored=09/01/2026 14:03:25
Skipping C:\GitHub\BlockyOS\src\kernel\libcrt\BLAKE2\blake2xs-ref.c - up to date; source=2026-08-31T17:22:17.0728377Z, stored=08/31/2026 17:22:17
Skipping C:\GitHub\BlockyOS\src\kernel\libcrt\hardware\PCIe\PCIe.c - up to date; source=2026-08-31T23:54:42.2532022Z, stored=08/31/2026 23:54:42
Skipping C:\GitHub\BlockyOS\src\kernel\libcrt\hardware\SSE\UTILS.asm - up to date; source=2026-09-01T00:20:39.1738118Z, stored=09/01/2026 00:20:39
Skipping C:\GitHub\BlockyOS\src\kernel\libcrt\alibcrt.def - up to date; source=2026-09-01T20:03:41.5382359Z, stored=09/01/2026 20:03:41
gcc C:\GitHub\BlockyOS\compile\cache\asm.RNG.o C:\GitHub\BlockyOS\compile\cache\c.RNG.o C:\GitHub\BlockyOS\compile\cache\asm.GDT.o C:\GitHub\BlockyOS\compile\cache\c.GDT.o C:\GitHub\BlockyOS\compile\cache\asm.paging.o C:\GitHub\BlockyOS\compile\cache\c.paging.o C:\GitHub\BlockyOS\compile\cache\asm.SSE.o C:\GitHub\BlockyOS\compile\cache\c.SSE.o C:\GitHub\BlockyOS\compile\cache\c.memory.o C:\GitHub\BlockyOS\compile\cache\c.string.o C:\GitHub\BlockyOS\compile\cache\c.palloc.o C:\GitHub\BlockyOS\compile\cache\c.palloc(1).o C:\GitHub\BlockyOS\compile\cache\c.mmalloc.o C:\GitHub\BlockyOS\compile\cache\c.math.o C:\GitHub\BlockyOS\compile\cache\asm.IO.o C:\GitHub\BlockyOS\compile\cache\asm.IDT.o C:\GitHub\BlockyOS\compile\cache\asm.ISR.o C:\GitHub\BlockyOS\compile\cache\c.ISR.o C:\GitHub\BlockyOS\compile\cache\c.ACPI.o C:\GitHub\BlockyOS\compile\cache\c.APIC.o C:\GitHub\BlockyOS\compile\cache\c.IOAPIC.o C:\GitHub\BlockyOS\compile\cache\c.LocalAPIC.o C:\GitHub\BlockyOS\compile\cache\c.LocalAPICTimer.o C:\GitHub\BlockyOS\compile\cache\c.hardware.o C:\GitHub\BlockyOS\compile\cache\c.blake2b-ref.o C:\GitHub\BlockyOS\compile\cache\c.blake2bp-ref.o C:\GitHub\BlockyOS\compile\cache\c.blake2s-ref.o C:\GitHub\BlockyOS\compile\cache\c.blake2sp-ref.o C:\GitHub\BlockyOS\compile\cache\c.blake2xb-ref.o C:\GitHub\BlockyOS\compile\cache\c.blake2xs-ref.o C:\GitHub\BlockyOS\compile\cache\c.PCIe.o C:\GitHub\BlockyOS\compile\cache\asm.UTILS.o C:/GitHub/BlockyOS/src/kernel/libcrt/alibcrt.def -Wl,-flinker-output=dyn -Wl,-nostdlib -Wl,--emit-relocs -Wl,-shared -Wl,-Bsymbolic -Wl,-Map,C:\GitHub\BlockyOS\src\kernel\libcrt\alibcrt.map -fdiagnostics-color=always -fno-diagnostics-show-highlight-colors -nostartfiles -nodefaultlibs -o C:/GitHub/BlockyOS/Build/Build-nodate/root-part/libcrt.dll
Build finished successfully -> C:/GitHub/BlockyOS/Build/Build-nodate/root-part/libcrt.dll


[SHELL]	PE2EXEC.MAKE
C:\GitHub\BlockyOS\tools\executable-format\exechandler.exe C:/GitHub/BlockyOS/Build/Build-nodate/root-part/libcrt.dll C:/GitHub/BlockyOS/Build/Build-nodate/root-part/libcrt.service -od -L C:/GitHub/BlockyOS/src/kernel/libcrt/alibcrt.log

[(null):3283747440:DumpBeHeader]	Writing 1490353651779 bytes to 4096
[(null):3283747440:DumpBeHeader]	Writing 140716013518915 bytes to 140716013522944
[(null):3283747440:DumpBeHeader]	Writing 140716013518915 bytes to 140716013522944
[(null):3283747440:DumpBeHeader]	Writing 140716013518915 bytes to 140716013522944
[(null):3283747440:DumpBeHeader]	Writing 140716013518915 bytes to 140716013522944
[C:\GitHub\BlockyOS\tools\executable-format\exec.c:679:CreateResourceSection]
[(null):3283747440:DumpBeHeader]	Writing 140716013518915 bytes to 140716013522944
[C:\GitHub\BlockyOS\tools\executable-format\exec.c:723:CreateResourceSection]
[(null):3283747440:DumpBeHeader]	Writing 140716013518915 bytes to 140716013522944
[C:\GitHub\BlockyOS\tools\executable-format\exec.c:746:CreateResourceSection]
[(null):3283747440:DumpBeHeader]	Writing 140716013518915 bytes to 140716013522944
[(null):3283747440:DumpBeHeader]	Writing 140716013518915 bytes to 140716013522944
[C:\GitHub\BlockyOS\Build\Build-nodate\root-part\libcrt.service]
Header: {
  .Magic	17730
  .SystemSection	.rsrc
  .NSections	9
  .RawHeaderSize	4096
  .SectionTabeOffset	52
    [0]: {
      .Magic	0
      .Name	
      .Flags	(null)
      .Alignment	0
      .VirtualAddress	0
      .VirtualSize	0
      .RawPointer	0
      .RawSize	0
      {
        
        
        
        
      }
    
    [1]: {
      .Magic	5457218
      .Name	.code
      .Flags	SFExecutable SFReadable 
      .Alignment	4
      .VirtualAddress	4096
      .VirtualSize	135952
      .RawPointer	4104
      .RawSize	136192
[C:\GitHub\BlockyOS\tools\executable-format\exec.c:145:ReadSection]	Reading 136192 from 4104
      {
        b8 00 00 c1 e3 00 00 f8 
        07 b9 00 eb 01 b9 00 72 
        00 00 0f 12 00 64 0f 07 
        00 00 a2 81 00 00 c7 e2 
      }
    
    [2]: {
      .Magic	5457218
      .Name	.data
      .Flags	SFInitData SFReadable SFWritable 
      .Alignment	4
      .VirtualAddress	143360
      .VirtualSize	2240
      .RawPointer	140296
      .RawSize	2560
[C:\GitHub\BlockyOS\tools\executable-format\exec.c:145:ReadSection]	Reading 2560 from 140296
      {
        53 53 00 33 53 53 2e 53 
        53 53 53 00 45 53 31 45 
        45 45 53 53 33 45 00 34 
        00 32 45 53 00 34 53 2e 
      }
    
    [3]: {
      .Magic	5457218
      .Name	.rodata
      .Flags	SFInitData SFReadable 
      .Alignment	4
      .VirtualAddress	147456
      .VirtualSize	5536
      .RawPointer	142856
      .RawSize	5632
[C:\GitHub\BlockyOS\tools\executable-format\exec.c:145:ReadSection]	Reading 5632 from 142856
      {
        10 01 2c 01 48 01 64 01 
        f0 00 f3 00 f6 00 f9 00 
        01 00 01 00 01 00 01 00 
        80 00 80 00 80 00 80 00 
      }
    
    [4]: {
      .Magic	5457218
      .Name	.RelS
      .Flags	SFInitData SFReadable 
      .Alignment	4
      .VirtualAddress	0
      .VirtualSize	2696
      .RawPointer	148488
      .RawSize	2696
[C:\GitHub\BlockyOS\tools\executable-format\exec.c:145:ReadSection]	Reading 2696 from 148488
      Header: {
        .DirectoryTable	148508
        .UnusedBytes	150672
        .NRelocationDirectories	1490353651717
        [0]: {
          .BaseAddress	12288
          .DirectorySize	76(16 Entries)
             [0]: {
            .Type	BRET64
            .Offset	1626(0x365A)
          } [1]: {
            .Type	BRET64
            .Offset	1650(0x3672)
          } [2]: {
            .Type	BRET64
            .Offset	1674(0x368A)
          } [3]: {
            .Type	BRET64
            .Offset	1698(0x36A2)
          } [4]: {
            .Type	BRET64
            .Offset	1722(0x36BA)
          } [5]: {
            .Type	BRET64
            .Offset	1746(0x36D2)
          } [6]: {
            .Type	BRET64
            .Offset	1770(0x36EA)
          } [7]: {
            .Type	BRET64
            .Offset	1794(0x3702)
          }
        }
        [1]: {
          .BaseAddress	143360
          .DirectorySize	1004(248 Entries)
             [0]: {
            .Type	BRET64
            .Offset	192(0x230C0)
          } [1]: {
            .Type	BRET64
            .Offset	200(0x230C8)
          } [2]: {
            .Type	BRET64
            .Offset	208(0x230D0)
          } [3]: {
            .Type	BRET64
            .Offset	216(0x230D8)
          } [4]: {
            .Type	BRET64
            .Offset	224(0x230E0)
          } [5]: {
            .Type	BRET64
            .Offset	232(0x230E8)
          } [6]: {
            .Type	BRET64
            .Offset	240(0x230F0)
          } [7]: {
            .Type	BRET64
            .Offset	248(0x230F8)
          }
        }
        [2]: {
          .BaseAddress	147456
          .DirectorySize	1044(258 Entries)
             [0]: {
            .Type	BRET64
            .Offset	0(0x24000)
          } [1]: {
            .Type	BRET64
            .Offset	8(0x24008)
          } [2]: {
            .Type	BRET64
            .Offset	16(0x24010)
          } [3]: {
            .Type	BRET64
            .Offset	24(0x24018)
          } [4]: {
            .Type	BRET64
            .Offset	32(0x24020)
          } [5]: {
            .Type	BRET64
            .Offset	40(0x24028)
          } [6]: {
            .Type	BRET64
            .Offset	48(0x24030)
          } [7]: {
            .Type	BRET64
            .Offset	56(0x24038)
          }
        }
        [3]: {
          .BaseAddress	151552
          .DirectorySize	28(4 Entries)
             [0]: {
            .Type	BRET64
            .Offset	160(0x250A0)
          } [1]: {
            .Type	BRET64
            .Offset	192(0x250C0)
          } [2]: {
            .Type	BRET64
            .Offset	208(0x250D0)
          } [3]: {
            .Type	BRET64
            .Offset	224(0x250E0)
          }
        }
        [4]: {
          .BaseAddress	0
          .DirectorySize	12(0 Entries)
            
        }
      }
    
    [5]: {
      .Magic	5457218
      .Name	.ImportIn
      .Flags	SFInitData SFReadable 
      .Alignment	4
      .VirtualAddress	0
      .VirtualSize	0
      .RawPointer	151184
      .RawSize	20
[C:\GitHub\BlockyOS\tools\executable-format\exec.c:145:ReadSection]	Reading 20 from 151184
      Header: {
        .NDlls	0
        .DllImportPathTableRVO	151204
        .DllImportTableRVO	151204
      }
    
    [6]: {
      .Magic	5457218
      .Name	.ExportOut
      .Flags	SFInitData SFReadable 
      .Alignment	4
      .VirtualAddress	0
      .VirtualSize	0
      .RawPointer	151204
      .RawSize	4172
[C:\GitHub\BlockyOS\tools\executable-format\exec.c:145:ReadSection]	Reading 4172 from 151204
      Header: {
        .NExported	92
        .ExportTableRVO	151228
        .ExportNameRVO	154172
        .NExportAddresses	92[C:\GitHub\BlockyOS\tools\executable-format\exechandler.exe|-1073741819]

[C:\GitHub\BlockyOS\tools\executable-format\exec.c:177:WriteSection]	Writing 136192 to 4104
[C:\GitHub\BlockyOS\tools\executable-format\exec.c:177:WriteSection]	Writing 2560 to 140296
[C:\GitHub\BlockyOS\tools\executable-format\exec.c:177:WriteSection]	Writing 5632 to 142856
[C:\GitHub\BlockyOS\tools\executable-format\exec.c:177:WriteSection]	Writing 2696 to 148488
[C:\GitHub\BlockyOS\tools\executable-format\exec.c:177:WriteSection]	Writing 2696 to 148488
[C:\GitHub\BlockyOS\tools\executable-format\exec.c:681:CreateResourceSection]
[C:\GitHub\BlockyOS\tools\executable-format\exec.c:177:WriteSection]	Writing 20 to 151184
[C:\GitHub\BlockyOS\tools\executable-format\exec.c:725:CreateResourceSection]
[C:\GitHub\BlockyOS\tools\executable-format\exec.c:177:WriteSection]	Writing 20 to 151184
[C:\GitHub\BlockyOS\tools\executable-format\exec.c:177:WriteSection]	Writing 4172 to 151204
[C:\GitHub\BlockyOS\tools\executable-format\exec.c:177:WriteSection]	Writing 4172 to 151204
[C:\GitHub\BlockyOS\tools\executable-format\exec.c:748:CreateResourceSection]
[C:\GitHub\BlockyOS\tools\executable-format\exec.c:177:WriteSection]	Writing 9536 to 155376
[C:\GitHub\BlockyOS\tools\executable-format\exec.c:177:WriteSection]	Writing 4096 to 164912
[C:\GitHub\BlockyOS\Build\Build-nodate\root-part\libcrt.service]
Header: {
  .Magic	17730
  .SystemSection	.rsrc
  .NSections	9
  .RawHeaderSize	4096
  .SectionTabeOffset	52
    [0]: {
      .Magic	0
      .Name	
      .Flags	(null)
      .Alignment	0
      .VirtualAddress	0
      .VirtualSize	0
      .RawPointer	0
      .RawSize	0
      {
        
        
        
        
      }
    
    [1]: {
      .Magic	5457218
      .Name	.code
      .Flags	SFExecutable SFReadable 
      .Alignment	1490353651716
      .VirtualAddress	4096
      .VirtualSize	135952
      .RawPointer	4104
      .RawSize	136192
[C:\GitHub\BlockyOS\tools\executable-format\exec.c:147:ReadSection]	Reading 136192 from 4104
      {
        b8 00 00 c1 e3 00 00 f8 
        07 b9 00 eb 01 b9 00 72 
        00 00 0f 12 00 64 0f 07 
        00 00 a2 81 00 00 c7 e2 
      }
    
    [2]: {
      .Magic	5457218
      .Name	.data
      .Flags	SFInitData SFReadable SFWritable 
      .Alignment	1490353651716
      .VirtualAddress	143360
      .VirtualSize	2240
      .RawPointer	140296
      .RawSize	2560
[C:\GitHub\BlockyOS\tools\executable-format\exec.c:147:ReadSection]	Reading 2560 from 140296
      {
        53 53 00 33 53 53 2e 53 
        53 53 53 00 45 53 31 45 
        45 45 53 53 33 45 00 34 
        00 32 45 53 00 34 53 2e 
      }
    
    [3]: {
      .Magic	5457218
      .Name	.rodata
      .Flags	SFInitData SFReadable 
      .Alignment	1490353651716
      .VirtualAddress	147456
      .VirtualSize	5536
      .RawPointer	142856
      .RawSize	5632
[C:\GitHub\BlockyOS\tools\executable-format\exec.c:147:ReadSection]	Reading 5632 from 142856
      {
        10 01 2c 01 48 01 64 01 
        f0 00 f3 00 f6 00 f9 00 
        01 00 01 00 01 00 01 00 
        80 00 80 00 80 00 80 00 
      }
    
    [4]: {
      .Magic	5457218
      .Name	.RelS
      .Flags	SFInitData SFReadable 
      .Alignment	1490353651716
      .VirtualAddress	0
      .VirtualSize	2696
      .RawPointer	148488
      .RawSize	2696
[C:\GitHub\BlockyOS\tools\executable-format\exec.c:147:ReadSection]	Reading 2696 from 148488
      Header: {
        .DirectoryTable	148508
        .UnusedBytes	150672
        .NRelocationDirectories	5
        [0]: {
          .BaseAddress	12288
          .DirectorySize	76(16 Entries)
             [0]: {
            .Type	BRET64
            .Offset	1626(0x365A)
          } [1]: {
            .Type	BRET64
            .Offset	1650(0x3672)
          } [2]: {
            .Type	BRET64
            .Offset	1674(0x368A)
          } [3]: {
            .Type	BRET64
            .Offset	1698(0x36A2)
          } [4]: {
            .Type	BRET64
            .Offset	1722(0x36BA)
          } [5]: {
            .Type	BRET64
            .Offset	1746(0x36D2)
          } [6]: {
            .Type	BRET64
            .Offset	1770(0x36EA)
          } [7]: {
         
[SHELL]	FSFRAT.OPEN
[SHELL]	FSFRAT.MOUNT
[SHELL]	FSFRAT.WRITE
Initializing CGCC.MAKE build process...
Skipping C:\GitHub\BlockyOS\src\kernel\libcrt\hardware\RNG\RNG.asm - up to date; source=2026-09-02T19:29:50.4588980Z, stored=09/02/2026 19:29:50
Skipping C:\GitHub\BlockyOS\src\kernel\libcrt\hardware\RNG\RNG.c - up to date; source=2026-09-01T19:51:35.2375749Z, stored=09/01/2026 19:51:35
Skipping C:\GitHub\BlockyOS\src\kernel\libcrt\hardware\GDT\GDT.asm - up to date; source=2026-09-02T19:29:50.4759038Z, stored=09/02/2026 19:29:50
Skipping C:\GitHub\BlockyOS\src\kernel\libcrt\hardware\GDT\GDT.c - up to date; source=2026-08-31T20:29:21.6186178Z, stored=08/31/2026 20:29:21
Skipping C:\GitHub\BlockyOS\src\kernel\libcrt\hardware\paging\paging.asm - up to date; source=2026-09-02T19:29:50.4619061Z, stored=09/02/2026 19:29:50
Skipping C:\GitHub\BlockyOS\src\kernel\libcrt\hardware\paging\paging.c - up to date; source=2026-09-01T20:10:14.1486119Z, stored=09/01/2026 20:10:14
Skipping C:\GitHub\BlockyOS\src\kernel\libcrt\hardware\SSE\SSE.asm - up to date; source=2026-09-02T19:29:50.4759038Z, stored=09/02/2026 19:29:50
Skipping C:\GitHub\BlockyOS\src\kernel\libcrt\hardware\SSE\SSE.c - up to date; source=2026-09-01T15:31:49.0191638Z, stored=09/01/2026 15:31:49
Skipping C:\GitHub\BlockyOS\src\kernel\libcrt\memory\memory.c - up to date; source=2026-09-01T14:27:41.5007315Z, stored=09/01/2026 14:27:41
Skipping C:\GitHub\BlockyOS\src\kernel\libcrt\memory\string.c - up to date; source=2026-08-31T17:22:17.0368394Z, stored=08/31/2026 17:22:17
Skipping C:\GitHub\BlockyOS\src\kernel\libcrt\hardware\paging\palloc.c - up to date; source=2026-09-01T20:10:14.1506184Z, stored=09/01/2026 20:10:14
Skipping C:\GitHub\BlockyOS\src\kernel\libcrt\memory\allocator\palloc.c - up to date; source=2026-09-02T18:08:03.4509785Z, stored=09/02/2026 18:08:03
Skipping C:\GitHub\BlockyOS\src\kernel\libcrt\memory\allocator\mmalloc.c - up to date; source=2026-09-01T00:47:09.6602809Z, stored=09/01/2026 00:47:09
Skipping C:\GitHub\BlockyOS\src\kernel\libcrt\math\math.c - up to date; source=2026-09-02T20:24:18.8720404Z, stored=09/02/2026 20:24:18
Skipping C:\GitHub\BlockyOS\src\kernel\libcrt\hardware\IO\IO.asm - up to date; source=2026-09-02T19:29:50.4759038Z, stored=09/02/2026 19:29:50
Skipping C:\GitHub\BlockyOS\src\kernel\libcrt\hardware\IDT\IDT.asm - up to date; source=2026-09-02T19:29:50.4759038Z, stored=09/02/2026 19:29:50
Skipping C:\GitHub\BlockyOS\src\kernel\libcrt\hardware\IDT\ISR.asm - up to date; source=2026-09-02T19:08:06.2288527Z, stored=09/02/2026 19:08:06
Skipping C:\GitHub\BlockyOS\src\kernel\libcrt\hardware\IDT\ISR.c - up to date; source=2026-09-02T18:48:44.0968136Z, stored=09/02/2026 18:48:44
Skipping C:\GitHub\BlockyOS\src\kernel\libcrt\hardware\ACPI\ACPI.c - up to date; source=2026-08-31T20:25:27.3210120Z, stored=08/31/2026 20:25:27
Skipping C:\GitHub\BlockyOS\src\kernel\libcrt\hardware\IDT\APIC\APIC.c - up to date; source=2026-08-31T17:22:17.1088393Z, stored=08/31/2026 17:22:17
Skipping C:\GitHub\BlockyOS\src\kernel\libcrt\hardware\IDT\APIC\IOAPIC.c - up to date; source=2026-08-31T23:06:36.2138524Z, stored=08/31/2026 23:06:36
Skipping C:\GitHub\BlockyOS\src\kernel\libcrt\hardware\IDT\APIC\LocalAPIC.c - up to date; source=2026-09-01T14:06:58.1209403Z, stored=09/01/2026 14:06:58
Skipping C:\GitHub\BlockyOS\src\kernel\libcrt\hardware\IDT\APIC\LocalAPICTimer.c - up to date; source=2026-09-01T19:52:35.3774846Z, stored=09/01/2026 19:52:35
Skipping C:\GitHub\BlockyOS\src\kernel\libcrt\hardware\hardware.c - up to date; source=2026-09-01T16:46:09.0571163Z, stored=09/01/2026 16:46:09
Skipping C:\GitHub\BlockyOS\src\kernel\libcrt\BLAKE2\blake2b-ref.c - up to date; source=2026-08-31T20:05:16.6578387Z, stored=08/31/2026 20:05:16
Skipping C:\GitHub\BlockyOS\src\kernel\libcrt\BLAKE2\blake2bp-ref.c - up to date; source=2026-08-31T20:05:20.6816175Z, stored=08/31/2026 20:05:20
Skipping C:\GitHub\BlockyOS\src\kernel\libcrt\BLAKE2\blake2s-ref.c - up to date; source=2026-08-31T20:05:24.7027041Z, stored=08/31/2026 20:05:24
Skipping C:\GitHub\BlockyOS\src\kernel\libcrt\BLAKE2\blake2sp-ref.c - up to date; source=2026-08-31T20:05:27.6610089Z, stored=08/31/2026 20:05:27
Skipping C:\GitHub\BlockyOS\src\kernel\libcrt\BLAKE2\blake2xb-ref.c - up to date; source=2026-09-01T14:03:25.3444410Z, stored=09/01/2026 14:03:25
Skipping C:\GitHub\BlockyOS\src\kernel\libcrt\BLAKE2\blake2xs-ref.c - up to date; source=2026-08-31T17:22:17.0728377Z, stored=08/31/2026 17:22:17
Skipping C:\GitHub\BlockyOS\src\kernel\libcrt\hardware\PCIe\PCIe.c - up to date; source=2026-08-31T23:54:42.2532022Z, stored=08/31/2026 23:54:42
Skipping C:\GitHub\BlockyOS\src\kernel\libcrt\hardware\SSE\UTILS.asm - up to date; source=2026-09-01T00:20:39.1738118Z, stored=09/01/2026 00:20:39
Skipping C:\GitHub\BlockyOS\src\kernel\libcrt\alibcrt.def - up to date; source=2026-09-01T20:03:41.5382359Z, stored=09/01/2026 20:03:41
gcc C:\GitHub\BlockyOS\compile\cache\asm.RNG.o C:\GitHub\BlockyOS\compile\cache\c.RNG.o C:\GitHub\BlockyOS\compile\cache\asm.GDT.o C:\GitHub\BlockyOS\compile\cache\c.GDT.o C:\GitHub\BlockyOS\compile\cache\asm.paging.o C:\GitHub\BlockyOS\compile\cache\c.paging.o C:\GitHub\BlockyOS\compile\cache\asm.SSE.o C:\GitHub\BlockyOS\compile\cache\c.SSE.o C:\GitHub\BlockyOS\compile\cache\c.memory.o C:\GitHub\BlockyOS\compile\cache\c.string.o C:\GitHub\BlockyOS\compile\cache\c.palloc.o C:\GitHub\BlockyOS\compile\cache\c.palloc(1).o C:\GitHub\BlockyOS\compile\cache\c.mmalloc.o C:\GitHub\BlockyOS\compile\cache\c.math.o C:\GitHub\BlockyOS\compile\cache\asm.IO.o C:\GitHub\BlockyOS\compile\cache\asm.IDT.o C:\GitHub\BlockyOS\compile\cache\asm.ISR.o C:\GitHub\BlockyOS\compile\cache\c.ISR.o C:\GitHub\BlockyOS\compile\cache\c.ACPI.o C:\GitHub\BlockyOS\compile\cache\c.APIC.o C:\GitHub\BlockyOS\compile\cache\c.IOAPIC.o C:\GitHub\BlockyOS\compile\cache\c.LocalAPIC.o C:\GitHub\BlockyOS\compile\cache\c.LocalAPICTimer.o C:\GitHub\BlockyOS\compile\cache\c.hardware.o C:\GitHub\BlockyOS\compile\cache\c.blake2b-ref.o C:\GitHub\BlockyOS\compile\cache\c.blake2bp-ref.o C:\GitHub\BlockyOS\compile\cache\c.blake2s-ref.o C:\GitHub\BlockyOS\compile\cache\c.blake2sp-ref.o C:\GitHub\BlockyOS\compile\cache\c.blake2xb-ref.o C:\GitHub\BlockyOS\compile\cache\c.blake2xs-ref.o C:\GitHub\BlockyOS\compile\cache\c.PCIe.o C:\GitHub\BlockyOS\compile\cache\asm.UTILS.o C:/GitHub/BlockyOS/src/kernel/libcrt/alibcrt.def -Wl,-flinker-output=dyn -Wl,-nostdlib -Wl,--emit-relocs -Wl,-shared -Wl,-Bsymbolic -Wl,-Map,C:\GitHub\BlockyOS\src\kernel\libcrt\alibcrt.map -fdiagnostics-color=always -fno-diagnostics-show-highlight-colors -nostartfiles -nodefaultlibs -o C:/GitHub/BlockyOS/Build/Build-nodate/root-part/libcrt.dll
Build finished successfully -> C:/GitHub/BlockyOS/Build/Build-nodate/root-part/libcrt.dll


[SHELL]	PE2EXEC.MAKE
C:\GitHub\BlockyOS\tools\executable-format\exechandler.exe C:/GitHub/BlockyOS/Build/Build-nodate/root-part/libcrt.dll C:/GitHub/BlockyOS/Build/Build-nodate/root-part/libcrt.service -od -L C:/GitHub/BlockyOS/src/kernel/libcrt/alibcrt.log

[(null):3283747440:DumpBeHeader]	Writing 2138893713475 bytes to 4096
[(null):3283747440:DumpBeHeader]	Writing 140716013518915 bytes to 140716013522944
[(null):3283747440:DumpBeHeader]	Writing 140716013518915 bytes to 140716013522944
[(null):3283747440:DumpBeHeader]	Writing 140716013518915 bytes to 140716013522944
[(null):3283747440:DumpBeHeader]	Writing 140716013518915 bytes to 140716013522944
[C:\GitHub\BlockyOS\tools\executable-format\exec.c:679:CreateResourceSection]
[(null):3283747440:DumpBeHeader]	Writing 140716013518915 bytes to 140716013522944
[C:\GitHub\BlockyOS\tools\executable-format\exec.c:723:CreateResourceSection]
[(null):3283747440:DumpBeHeader]	Writing 140716013518915 bytes to 140716013522944
[C:\GitHub\BlockyOS\tools\executable-format\exec.c:746:CreateResourceSection]
[(null):3283747440:DumpBeHeader]	Writing 140716013518915 bytes to 140716013522944
[(null):3283747440:DumpBeHeader]	Writing 140716013518915 bytes to 140716013522944
[C:\GitHub\BlockyOS\Build\Build-nodate\root-part\libcrt.service]
Header: {
  .Magic	17730
  .SystemSection	.rsrc
  .NSections	9
  .RawHeaderSize	4096
  .SectionTabeOffset	52
    [0]: {
      .Magic	0
      .Name	
      .Flags	(null)
      .Alignment	0
      .VirtualAddress	0
      .VirtualSize	0
      .RawPointer	0
      .RawSize	0
      {
        
        
        
        
      }
    
    [1]: {
      .Magic	5457218
      .Name	.code
      .Flags	SFExecutable SFReadable 
      .Alignment	4
      .VirtualAddress	4096
      .VirtualSize	135952
      .RawPointer	4104
      .RawSize	136192
[C:\GitHub\BlockyOS\tools\executable-format\exec.c:145:ReadSection]	Reading 136192 from 4104
      {
        b8 00 00 c1 e3 00 00 f8 
        07 b9 00 eb 01 b9 00 72 
        00 00 0f 12 00 64 0f 07 
        00 00 a2 81 00 00 c7 e2 
      }
    
    [2]: {
      .Magic	5457218
      .Name	.data
      .Flags	SFInitData SFReadable SFWritable 
      .Alignment	4
      .VirtualAddress	143360
      .VirtualSize	2240
      .RawPointer	140296
      .RawSize	2560
[C:\GitHub\BlockyOS\tools\executable-format\exec.c:145:ReadSection]	Reading 2560 from 140296
      {
        53 53 00 33 53 53 2e 53 
        53 53 53 00 45 53 31 45 
        45 45 53 53 33 45 00 34 
        00 32 45 53 00 34 53 2e 
      }
    
    [3]: {
      .Magic	5457218
      .Name	.rodata
      .Flags	SFInitData SFReadable 
      .Alignment	4
      .VirtualAddress	147456
      .VirtualSize	5536
      .RawPointer	142856
      .RawSize	5632
[C:\GitHub\BlockyOS\tools\executable-format\exec.c:145:ReadSection]	Reading 5632 from 142856
      {
        10 01 2c 01 48 01 64 01 
        f0 00 f3 00 f6 00 f9 00 
        01 00 01 00 01 00 01 00 
        80 00 80 00 80 00 80 00 
      }
    
    [4]: {
      .Magic	5457218
      .Name	.RelS
      .Flags	SFInitData SFReadable 
      .Alignment	4
      .VirtualAddress	0
      .VirtualSize	2696
      .RawPointer	148488
      .RawSize	2696
[C:\GitHub\BlockyOS\tools\executable-format\exec.c:145:ReadSection]	Reading 2696 from 148488
      Header: {
        .DirectoryTable	148508
        .UnusedBytes	150672
        .NRelocationDirectories	2138893713413
        [0]: {
          .BaseAddress	12288
          .DirectorySize	76(16 Entries)
             [0]: {
            .Type	BRET64
            .Offset	1626(0x365A)
          } [1]: {
            .Type	BRET64
            .Offset	1650(0x3672)
          } [2]: {
            .Type	BRET64
            .Offset	1674(0x368A)
          } [3]: {
            .Type	BRET64
            .Offset	1698(0x36A2)
          } [4]: {
            .Type	BRET64
            .Offset	1722(0x36BA)
          } [5]: {
            .Type	BRET64
            .Offset	1746(0x36D2)
          } [6]: {
            .Type	BRET64
            .Offset	1770(0x36EA)
          } [7]: {
            .Type	BRET64
            .Offset	1794(0x3702)
          }
        }
        [1]: {
          .BaseAddress	143360
          .DirectorySize	1004(248 Entries)
             [0]: {
            .Type	BRET64
            .Offset	192(0x230C0)
          } [1]: {
            .Type	BRET64
            .Offset	200(0x230C8)
          } [2]: {
            .Type	BRET64
            .Offset	208(0x230D0)
          } [3]: {
            .Type	BRET64
            .Offset	216(0x230D8)
          } [4]: {
            .Type	BRET64
            .Offset	224(0x230E0)
          } [5]: {
            .Type	BRET64
            .Offset	232(0x230E8)
          } [6]: {
            .Type	BRET64
            .Offset	240(0x230F0)
          } [7]: {
            .Type	BRET64
            .Offset	248(0x230F8)
          }
        }
        [2]: {
          .BaseAddress	147456
          .DirectorySize	1044(258 Entries)
             [0]: {
            .Type	BRET64
            .Offset	0(0x24000)
          } [1]: {
            .Type	BRET64
            .Offset	8(0x24008)
          } [2]: {
            .Type	BRET64
            .Offset	16(0x24010)
          } [3]: {
            .Type	BRET64
            .Offset	24(0x24018)
          } [4]: {
            .Type	BRET64
            .Offset	32(0x24020)
          } [5]: {
            .Type	BRET64
            .Offset	40(0x24028)
          } [6]: {
            .Type	BRET64
            .Offset	48(0x24030)
          } [7]: {
            .Type	BRET64
            .Offset	56(0x24038)
          }
        }
        [3]: {
          .BaseAddress	151552
          .DirectorySize	28(4 Entries)
             [0]: {
            .Type	BRET64
            .Offset	160(0x250A0)
          } [1]: {
            .Type	BRET64
            .Offset	192(0x250C0)
          } [2]: {
            .Type	BRET64
            .Offset	208(0x250D0)
          } [3]: {
            .Type	BRET64
            .Offset	224(0x250E0)
          }
        }
        [4]: {
          .BaseAddress	0
          .DirectorySize	12(0 Entries)
            
        }
      }
    
    [5]: {
      .Magic	5457218
      .Name	.ImportIn
      .Flags	SFInitData SFReadable 
      .Alignment	4
      .VirtualAddress	0
      .VirtualSize	0
      .RawPointer	151184
      .RawSize	20
[C:\GitHub\BlockyOS\tools\executable-format\exec.c:145:ReadSection]	Reading 20 from 151184
      Header: {
        .NDlls	0
        .DllImportPathTableRVO	151204
        .DllImportTableRVO	151204
      }
    
    [6]: {
      .Magic	5457218
      .Name	.ExportOut
      .Flags	SFInitData SFReadable 
      .Alignment	4
      .VirtualAddress	0
      .VirtualSize	0
      .RawPointer	151204
      .RawSize	4172
[C:\GitHub\BlockyOS\tools\executable-format\exec.c:145:ReadSection]	Reading 4172 from 151204
      Header: {
        .NExported	92
        .ExportTableRVO	151228
        .ExportNameRVO	154172
        .NExportAddresses	92[C:\GitHub\BlockyOS\tools\executable-format\exechandler.exe|-1073741819]

[C:\GitHub\BlockyOS\tools\executable-format\exec.c:177:WriteSection]	Writing 136192 to 4104
[C:\GitHub\BlockyOS\tools\executable-format\exec.c:177:WriteSection]	Writing 2560 to 140296
[C:\GitHub\BlockyOS\tools\executable-format\exec.c:177:WriteSection]	Writing 5632 to 142856
[C:\GitHub\BlockyOS\tools\executable-format\exec.c:177:WriteSection]	Writing 2696 to 148488
[C:\GitHub\BlockyOS\tools\executable-format\exec.c:177:WriteSection]	Writing 2696 to 148488
[C:\GitHub\BlockyOS\tools\executable-format\exec.c:681:CreateResourceSection]
[C:\GitHub\BlockyOS\tools\executable-format\exec.c:177:WriteSection]	Writing 20 to 151184
[C:\GitHub\BlockyOS\tools\executable-format\exec.c:725:CreateResourceSection]
[C:\GitHub\BlockyOS\tools\executable-format\exec.c:177:WriteSection]	Writing 20 to 151184
[C:\GitHub\BlockyOS\tools\executable-format\exec.c:177:WriteSection]	Writing 4172 to 151204
[C:\GitHub\BlockyOS\tools\executable-format\exec.c:177:WriteSection]	Writing 4172 to 151204
[C:\GitHub\BlockyOS\tools\executable-format\exec.c:748:CreateResourceSection]
[C:\GitHub\BlockyOS\tools\executable-format\exec.c:177:WriteSection]	Writing 9536 to 155376
[C:\GitHub\BlockyOS\tools\executable-format\exec.c:177:WriteSection]	Writing 4096 to 164912
[C:\GitHub\BlockyOS\Build\Build-nodate\root-part\libcrt.service]
Header: {
  .Magic	17730
  .SystemSection	.rsrc
  .NSections	9
  .RawHeaderSize	4096
  .SectionTabeOffset	52
    [0]: {
      .Magic	0
      .Name	
      .Flags	(null)
      .Alignment	0
      .VirtualAddress	0
      .VirtualSize	0
      .RawPointer	0
      .RawSize	0
      {
        
        
        
        
      }
    
    [1]: {
      .Magic	5457218
      .Name	.code
      .Flags	SFExecutable SFReadable 
      .Alignment	2138893713412
      .VirtualAddress	4096
      .VirtualSize	135952
      .RawPointer	4104
      .RawSize	136192
[C:\GitHub\BlockyOS\tools\executable-format\exec.c:147:ReadSection]	Reading 136192 from 4104
      {
        b8 00 00 c1 e3 00 00 f8 
        07 b9 00 eb 01 b9 00 72 
        00 00 0f 12 00 64 0f 07 
        00 00 a2 81 00 00 c7 e2 
      }
    
    [2]: {
      .Magic	5457218
      .Name	.data
      .Flags	SFInitData SFReadable SFWritable 
      .Alignment	2138893713412
      .VirtualAddress	143360
      .VirtualSize	2240
      .RawPointer	140296
      .RawSize	2560
[C:\GitHub\BlockyOS\tools\executable-format\exec.c:147:ReadSection]	Reading 2560 from 140296
      {
        53 53 00 33 53 53 2e 53 
        53 53 53 00 45 53 31 45 
        45 45 53 53 33 45 00 34 
        00 32 45 53 00 34 53 2e 
      }
    
    [3]: {
      .Magic	5457218
      .Name	.rodata
      .Flags	SFInitData SFReadable 
      .Alignment	2138893713412
      .VirtualAddress	147456
      .VirtualSize	5536
      .RawPointer	142856
      .RawSize	5632
[C:\GitHub\BlockyOS\tools\executable-format\exec.c:147:ReadSection]	Reading 5632 from 142856
      {
        10 01 2c 01 48 01 64 01 
        f0 00 f3 00 f6 00 f9 00 
        01 00 01 00 01 00 01 00 
        80 00 80 00 80 00 80 00 
      }
    
    [4]: {
      .Magic	5457218
      .Name	.RelS
      .Flags	SFInitData SFReadable 
      .Alignment	2138893713412
      .VirtualAddress	0
      .VirtualSize	2696
      .RawPointer	148488
      .RawSize	2696
[C:\GitHub\BlockyOS\tools\executable-format\exec.c:147:ReadSection]	Reading 2696 from 148488
      Header: {
        .DirectoryTable	148508
        .UnusedBytes	150672
        .NRelocationDirectories	5
        [0]: {
          .BaseAddress	12288
          .DirectorySize	76(16 Entries)
             [0]: {
            .Type	BRET64
            .Offset	1626(0x365A)
          } [1]: {
            .Type	BRET64
            .Offset	1650(0x3672)
          } [2]: {
            .Type	BRET64
            .Offset	1674(0x368A)
          } [3]: {
            .Type	BRET64
            .Offset	1698(0x36A2)
          } [4]: {
            .Type	BRET64
            .Offset	1722(0x36BA)
          } [5]: {
            .Type	BRET64
            .Offset	1746(0x36D2)
          } [6]: {
            .Type	BRET64
            .Offset	1770(0x36EA)
          } [7]: {
         
[SHELL]	FSFRAT.OPEN
[SHELL]	FSFRAT.MOUNT
[SHELL]	FSFRAT.WRITE
Initializing CGCC.MAKE build process...
Skipping C:\GitHub\BlockyOS\src\kernel\libcrt\hardware\RNG\RNG.asm - up to date; source=2026-09-02T19:29:50.4588980Z, stored=09/02/2026 19:29:50
Skipping C:\GitHub\BlockyOS\src\kernel\libcrt\hardware\RNG\RNG.c - up to date; source=2026-09-01T19:51:35.2375749Z, stored=09/01/2026 19:51:35
Skipping C:\GitHub\BlockyOS\src\kernel\libcrt\hardware\GDT\GDT.asm - up to date; source=2026-09-02T19:29:50.4759038Z, stored=09/02/2026 19:29:50
Skipping C:\GitHub\BlockyOS\src\kernel\libcrt\hardware\GDT\GDT.c - up to date; source=2026-08-31T20:29:21.6186178Z, stored=08/31/2026 20:29:21
Skipping C:\GitHub\BlockyOS\src\kernel\libcrt\hardware\paging\paging.asm - up to date; source=2026-09-02T19:29:50.4619061Z, stored=09/02/2026 19:29:50
Skipping C:\GitHub\BlockyOS\src\kernel\libcrt\hardware\paging\paging.c - up to date; source=2026-09-01T20:10:14.1486119Z, stored=09/01/2026 20:10:14
Skipping C:\GitHub\BlockyOS\src\kernel\libcrt\hardware\SSE\SSE.asm - up to date; source=2026-09-02T19:29:50.4759038Z, stored=09/02/2026 19:29:50
Skipping C:\GitHub\BlockyOS\src\kernel\libcrt\hardware\SSE\SSE.c - up to date; source=2026-09-01T15:31:49.0191638Z, stored=09/01/2026 15:31:49
Skipping C:\GitHub\BlockyOS\src\kernel\libcrt\memory\memory.c - up to date; source=2026-09-01T14:27:41.5007315Z, stored=09/01/2026 14:27:41
Skipping C:\GitHub\BlockyOS\src\kernel\libcrt\memory\string.c - up to date; source=2026-08-31T17:22:17.0368394Z, stored=08/31/2026 17:22:17
Skipping C:\GitHub\BlockyOS\src\kernel\libcrt\hardware\paging\palloc.c - up to date; source=2026-09-01T20:10:14.1506184Z, stored=09/01/2026 20:10:14
Skipping C:\GitHub\BlockyOS\src\kernel\libcrt\memory\allocator\palloc.c - up to date; source=2026-09-02T18:08:03.4509785Z, stored=09/02/2026 18:08:03
Skipping C:\GitHub\BlockyOS\src\kernel\libcrt\memory\allocator\mmalloc.c - up to date; source=2026-09-01T00:47:09.6602809Z, stored=09/01/2026 00:47:09
Skipping C:\GitHub\BlockyOS\src\kernel\libcrt\math\math.c - up to date; source=2026-09-02T20:24:18.8720404Z, stored=09/02/2026 20:24:18
Skipping C:\GitHub\BlockyOS\src\kernel\libcrt\hardware\IO\IO.asm - up to date; source=2026-09-02T19:29:50.4759038Z, stored=09/02/2026 19:29:50
Skipping C:\GitHub\BlockyOS\src\kernel\libcrt\hardware\IDT\IDT.asm - up to date; source=2026-09-02T19:29:50.4759038Z, stored=09/02/2026 19:29:50
Skipping C:\GitHub\BlockyOS\src\kernel\libcrt\hardware\IDT\ISR.asm - up to date; source=2026-09-02T19:08:06.2288527Z, stored=09/02/2026 19:08:06
Skipping C:\GitHub\BlockyOS\src\kernel\libcrt\hardware\IDT\ISR.c - up to date; source=2026-09-02T18:48:44.0968136Z, stored=09/02/2026 18:48:44
Skipping C:\GitHub\BlockyOS\src\kernel\libcrt\hardware\ACPI\ACPI.c - up to date; source=2026-08-31T20:25:27.3210120Z, stored=08/31/2026 20:25:27
Skipping C:\GitHub\BlockyOS\src\kernel\libcrt\hardware\IDT\APIC\APIC.c - up to date; source=2026-08-31T17:22:17.1088393Z, stored=08/31/2026 17:22:17
Skipping C:\GitHub\BlockyOS\src\kernel\libcrt\hardware\IDT\APIC\IOAPIC.c - up to date; source=2026-08-31T23:06:36.2138524Z, stored=08/31/2026 23:06:36
Skipping C:\GitHub\BlockyOS\src\kernel\libcrt\hardware\IDT\APIC\LocalAPIC.c - up to date; source=2026-09-01T14:06:58.1209403Z, stored=09/01/2026 14:06:58
Skipping C:\GitHub\BlockyOS\src\kernel\libcrt\hardware\IDT\APIC\LocalAPICTimer.c - up to date; source=2026-09-01T19:52:35.3774846Z, stored=09/01/2026 19:52:35
Skipping C:\GitHub\BlockyOS\src\kernel\libcrt\hardware\hardware.c - up to date; source=2026-09-01T16:46:09.0571163Z, stored=09/01/2026 16:46:09
Skipping C:\GitHub\BlockyOS\src\kernel\libcrt\BLAKE2\blake2b-ref.c - up to date; source=2026-08-31T20:05:16.6578387Z, stored=08/31/2026 20:05:16
Skipping C:\GitHub\BlockyOS\src\kernel\libcrt\BLAKE2\blake2bp-ref.c - up to date; source=2026-08-31T20:05:20.6816175Z, stored=08/31/2026 20:05:20
Skipping C:\GitHub\BlockyOS\src\kernel\libcrt\BLAKE2\blake2s-ref.c - up to date; source=2026-08-31T20:05:24.7027041Z, stored=08/31/2026 20:05:24
Skipping C:\GitHub\BlockyOS\src\kernel\libcrt\BLAKE2\blake2sp-ref.c - up to date; source=2026-08-31T20:05:27.6610089Z, stored=08/31/2026 20:05:27
Skipping C:\GitHub\BlockyOS\src\kernel\libcrt\BLAKE2\blake2xb-ref.c - up to date; source=2026-09-01T14:03:25.3444410Z, stored=09/01/2026 14:03:25
Skipping C:\GitHub\BlockyOS\src\kernel\libcrt\BLAKE2\blake2xs-ref.c - up to date; source=2026-08-31T17:22:17.0728377Z, stored=08/31/2026 17:22:17
Skipping C:\GitHub\BlockyOS\src\kernel\libcrt\hardware\PCIe\PCIe.c - up to date; source=2026-08-31T23:54:42.2532022Z, stored=08/31/2026 23:54:42
Skipping C:\GitHub\BlockyOS\src\kernel\libcrt\hardware\SSE\UTILS.asm - up to date; source=2026-09-01T00:20:39.1738118Z, stored=09/01/2026 00:20:39
Skipping C:\GitHub\BlockyOS\src\kernel\libcrt\alibcrt.def - up to date; source=2026-09-01T20:03:41.5382359Z, stored=09/01/2026 20:03:41
gcc C:\GitHub\BlockyOS\compile\cache\asm.RNG.o C:\GitHub\BlockyOS\compile\cache\c.RNG.o C:\GitHub\BlockyOS\compile\cache\asm.GDT.o C:\GitHub\BlockyOS\compile\cache\c.GDT.o C:\GitHub\BlockyOS\compile\cache\asm.paging.o C:\GitHub\BlockyOS\compile\cache\c.paging.o C:\GitHub\BlockyOS\compile\cache\asm.SSE.o C:\GitHub\BlockyOS\compile\cache\c.SSE.o C:\GitHub\BlockyOS\compile\cache\c.memory.o C:\GitHub\BlockyOS\compile\cache\c.string.o C:\GitHub\BlockyOS\compile\cache\c.palloc.o C:\GitHub\BlockyOS\compile\cache\c.palloc(1).o C:\GitHub\BlockyOS\compile\cache\c.mmalloc.o C:\GitHub\BlockyOS\compile\cache\c.math.o C:\GitHub\BlockyOS\compile\cache\asm.IO.o C:\GitHub\BlockyOS\compile\cache\asm.IDT.o C:\GitHub\BlockyOS\compile\cache\asm.ISR.o C:\GitHub\BlockyOS\compile\cache\c.ISR.o C:\GitHub\BlockyOS\compile\cache\c.ACPI.o C:\GitHub\BlockyOS\compile\cache\c.APIC.o C:\GitHub\BlockyOS\compile\cache\c.IOAPIC.o C:\GitHub\BlockyOS\compile\cache\c.LocalAPIC.o C:\GitHub\BlockyOS\compile\cache\c.LocalAPICTimer.o C:\GitHub\BlockyOS\compile\cache\c.hardware.o C:\GitHub\BlockyOS\compile\cache\c.blake2b-ref.o C:\GitHub\BlockyOS\compile\cache\c.blake2bp-ref.o C:\GitHub\BlockyOS\compile\cache\c.blake2s-ref.o C:\GitHub\BlockyOS\compile\cache\c.blake2sp-ref.o C:\GitHub\BlockyOS\compile\cache\c.blake2xb-ref.o C:\GitHub\BlockyOS\compile\cache\c.blake2xs-ref.o C:\GitHub\BlockyOS\compile\cache\c.PCIe.o C:\GitHub\BlockyOS\compile\cache\asm.UTILS.o C:/GitHub/BlockyOS/src/kernel/libcrt/alibcrt.def -Wl,-flinker-output=dyn -Wl,-nostdlib -Wl,--emit-relocs -Wl,-shared -Wl,-Bsymbolic -Wl,-Map,C:\GitHub\BlockyOS\src\kernel\libcrt\alibcrt.map -fdiagnostics-color=always -fno-diagnostics-show-highlight-colors -nostartfiles -nodefaultlibs -o C:/GitHub/BlockyOS/Build/Build-nodate/root-part/libcrt.dll
Build finished successfully -> C:/GitHub/BlockyOS/Build/Build-nodate/root-part/libcrt.dll


[SHELL]	PE2EXEC.MAKE
C:\GitHub\BlockyOS\tools\executable-format\exechandler.exe C:/GitHub/BlockyOS/Build/Build-nodate/root-part/libcrt.dll C:/GitHub/BlockyOS/Build/Build-nodate/root-part/libcrt.service -od -L C:/GitHub/BlockyOS/src/kernel/libcrt/alibcrt.log

[(null):1018430064:DumpBeHeader]	Writing 1344324763715 bytes to 4096
[(null):1018430064:DumpBeHeader]	Writing 140716013518915 bytes to 140716013522944
[(null):1018430064:DumpBeHeader]	Writing 140716013518915 bytes to 140716013522944
[(null):1018430064:DumpBeHeader]	Writing 140716013518915 bytes to 140716013522944
[(null):1018430064:DumpBeHeader]	Writing 140716013518915 bytes to 140716013522944
[C:\GitHub\BlockyOS\tools\executable-format\exec.c:679:CreateResourceSection]
[(null):1018430064:DumpBeHeader]	Writing 140716013518915 bytes to 140716013522944
[C:\GitHub\BlockyOS\tools\executable-format\exec.c:723:CreateResourceSection]
[(null):1018430064:DumpBeHeader]	Writing 140716013518915 bytes to 140716013522944
[C:\GitHub\BlockyOS\tools\executable-format\exec.c:746:CreateResourceSection]
[(null):1018430064:DumpBeHeader]	Writing 140716013518915 bytes to 140716013522944
[(null):1018430064:DumpBeHeader]	Writing 140716013518915 bytes to 140716013522944
[C:\GitHub\BlockyOS\Build\Build-nodate\root-part\libcrt.service]
Header: {
  .Magic	17730
  .SystemSection	.rsrc
  .NSections	9
  .RawHeaderSize	4096
  .SectionTabeOffset	52
    [0]: {
      .Magic	0
      .Name	
      .Flags	(null)
      .Alignment	0
      .VirtualAddress	0
      .VirtualSize	0
      .RawPointer	0
      .RawSize	0
      {
        
        
        
        
      }
    
    [1]: {
      .Magic	5457218
      .Name	.code
      .Flags	SFExecutable SFReadable 
      .Alignment	4
      .VirtualAddress	4096
      .VirtualSize	135952
      .RawPointer	4104
      .RawSize	136192
[C:\GitHub\BlockyOS\tools\executable-format\exec.c:145:ReadSection]	Reading 136192 from 4104
      {
        b8 00 00 c1 e3 00 00 f8 
        07 b9 00 eb 01 b9 00 72 
        00 00 0f 12 00 64 0f 07 
        00 00 a2 81 00 00 c7 e2 
      }
    
    [2]: {
      .Magic	5457218
      .Name	.data
      .Flags	SFInitData SFReadable SFWritable 
      .Alignment	4
      .VirtualAddress	143360
      .VirtualSize	2240
      .RawPointer	140296
      .RawSize	2560
[C:\GitHub\BlockyOS\tools\executable-format\exec.c:145:ReadSection]	Reading 2560 from 140296
      {
        53 53 00 33 53 53 2e 53 
        53 53 53 00 45 53 31 45 
        45 45 53 53 33 45 00 34 
        00 32 45 53 00 34 53 2e 
      }
    
    [3]: {
      .Magic	5457218
      .Name	.rodata
      .Flags	SFInitData SFReadable 
      .Alignment	4
      .VirtualAddress	147456
      .VirtualSize	5536
      .RawPointer	142856
      .RawSize	5632
[C:\GitHub\BlockyOS\tools\executable-format\exec.c:145:ReadSection]	Reading 5632 from 142856
      {
        10 01 2c 01 48 01 64 01 
        f0 00 f3 00 f6 00 f9 00 
        01 00 01 00 01 00 01 00 
        80 00 80 00 80 00 80 00 
      }
    
    [4]: {
      .Magic	5457218
      .Name	.RelS
      .Flags	SFInitData SFReadable 
      .Alignment	4
      .VirtualAddress	0
      .VirtualSize	2696
      .RawPointer	148488
      .RawSize	2696
[C:\GitHub\BlockyOS\tools\executable-format\exec.c:145:ReadSection]	Reading 2696 from 148488
      Header: {
        .DirectoryTable	148508
        .UnusedBytes	150672
        .NRelocationDirectories	1344324763653
        [0]: {
          .BaseAddress	12288
          .DirectorySize	76(16 Entries)
             [0]: {
            .Type	BRET64
            .Offset	1626(0x365A)
          } [1]: {
            .Type	BRET64
            .Offset	1650(0x3672)
          } [2]: {
            .Type	BRET64
            .Offset	1674(0x368A)
          } [3]: {
            .Type	BRET64
            .Offset	1698(0x36A2)
          } [4]: {
            .Type	BRET64
            .Offset	1722(0x36BA)
          } [5]: {
            .Type	BRET64
            .Offset	1746(0x36D2)
          } [6]: {
            .Type	BRET64
            .Offset	1770(0x36EA)
          } [7]: {
            .Type	BRET64
            .Offset	1794(0x3702)
          }
        }
        [1]: {
          .BaseAddress	143360
          .DirectorySize	1004(248 Entries)
             [0]: {
            .Type	BRET64
            .Offset	192(0x230C0)
          } [1]: {
            .Type	BRET64
            .Offset	200(0x230C8)
          } [2]: {
            .Type	BRET64
            .Offset	208(0x230D0)
          } [3]: {
            .Type	BRET64
            .Offset	216(0x230D8)
          } [4]: {
            .Type	BRET64
            .Offset	224(0x230E0)
          } [5]: {
            .Type	BRET64
            .Offset	232(0x230E8)
          } [6]: {
            .Type	BRET64
            .Offset	240(0x230F0)
          } [7]: {
            .Type	BRET64
            .Offset	248(0x230F8)
          }
        }
        [2]: {
          .BaseAddress	147456
          .DirectorySize	1044(258 Entries)
             [0]: {
            .Type	BRET64
            .Offset	0(0x24000)
          } [1]: {
            .Type	BRET64
            .Offset	8(0x24008)
          } [2]: {
            .Type	BRET64
            .Offset	16(0x24010)
          } [3]: {
            .Type	BRET64
            .Offset	24(0x24018)
          } [4]: {
            .Type	BRET64
            .Offset	32(0x24020)
          } [5]: {
            .Type	BRET64
            .Offset	40(0x24028)
          } [6]: {
            .Type	BRET64
            .Offset	48(0x24030)
          } [7]: {
            .Type	BRET64
            .Offset	56(0x24038)
          }
        }
        [3]: {
          .BaseAddress	151552
          .DirectorySize	28(4 Entries)
             [0]: {
            .Type	BRET64
            .Offset	160(0x250A0)
          } [1]: {
            .Type	BRET64
            .Offset	192(0x250C0)
          } [2]: {
            .Type	BRET64
            .Offset	208(0x250D0)
          } [3]: {
            .Type	BRET64
            .Offset	224(0x250E0)
          }
        }
        [4]: {
          .BaseAddress	0
          .DirectorySize	12(0 Entries)
            
        }
      }
    
    [5]: {
      .Magic	5457218
      .Name	.ImportIn
      .Flags	SFInitData SFReadable 
      .Alignment	4
      .VirtualAddress	0
      .VirtualSize	0
      .RawPointer	151184
      .RawSize	20
[C:\GitHub\BlockyOS\tools\executable-format\exec.c:145:ReadSection]	Reading 20 from 151184
      Header: {
        .NDlls	0
        .DllImportPathTableRVO	151204
        .DllImportTableRVO	151204
      }
    
    [6]: {
      .Magic	5457218
      .Name	.ExportOut
      .Flags	SFInitData SFReadable 
      .Alignment	4
      .VirtualAddress	0
      .VirtualSize	0
      .RawPointer	151204
      .RawSize	4172
[C:\GitHub\BlockyOS\tools\executable-format\exec.c:145:ReadSection]	Reading 4172 from 151204
      Header: {
        .NExported	92
        .ExportTableRVO	151228
        .ExportNameRVO	154172
        .NExportAddresses	92[C:\GitHub\BlockyOS\tools\executable-format\exechandler.exe|-1073741819]

[C:\GitHub\BlockyOS\tools\executable-format\exec.c:177:WriteSection]	Writing 136192 to 4104
[C:\GitHub\BlockyOS\tools\executable-format\exec.c:177:WriteSection]	Writing 2560 to 140296
[C:\GitHub\BlockyOS\tools\executable-format\exec.c:177:WriteSection]	Writing 5632 to 142856
[C:\GitHub\BlockyOS\tools\executable-format\exec.c:177:WriteSection]	Writing 2696 to 148488
[C:\GitHub\BlockyOS\tools\executable-format\exec.c:177:WriteSection]	Writing 2696 to 148488
[C:\GitHub\BlockyOS\tools\executable-format\exec.c:681:CreateResourceSection]
[C:\GitHub\BlockyOS\tools\executable-format\exec.c:177:WriteSection]	Writing 20 to 151184
[C:\GitHub\BlockyOS\tools\executable-format\exec.c:725:CreateResourceSection]
[C:\GitHub\BlockyOS\tools\executable-format\exec.c:177:WriteSection]	Writing 20 to 151184
[C:\GitHub\BlockyOS\tools\executable-format\exec.c:177:WriteSection]	Writing 4172 to 151204
[C:\GitHub\BlockyOS\tools\executable-format\exec.c:177:WriteSection]	Writing 4172 to 151204
[C:\GitHub\BlockyOS\tools\executable-format\exec.c:748:CreateResourceSection]
[C:\GitHub\BlockyOS\tools\executable-format\exec.c:177:WriteSection]	Writing 9536 to 155376
[C:\GitHub\BlockyOS\tools\executable-format\exec.c:177:WriteSection]	Writing 4096 to 164912
[C:\GitHub\BlockyOS\Build\Build-nodate\root-part\libcrt.service]
Header: {
  .Magic	17730
  .SystemSection	.rsrc
  .NSections	9
  .RawHeaderSize	4096
  .SectionTabeOffset	52
    [0]: {
      .Magic	0
      .Name	
      .Flags	(null)
      .Alignment	0
      .VirtualAddress	0
      .VirtualSize	0
      .RawPointer	0
      .RawSize	0
      {
        
        
        
        
      }
    
    [1]: {
      .Magic	5457218
      .Name	.code
      .Flags	SFExecutable SFReadable 
      .Alignment	1344324763652
      .VirtualAddress	4096
      .VirtualSize	135952
      .RawPointer	4104
      .RawSize	136192
[C:\GitHub\BlockyOS\tools\executable-format\exec.c:147:ReadSection]	Reading 136192 from 4104
      {
        b8 00 00 c1 e3 00 00 f8 
        07 b9 00 eb 01 b9 00 72 
        00 00 0f 12 00 64 0f 07 
        00 00 a2 81 00 00 c7 e2 
      }
    
    [2]: {
      .Magic	5457218
      .Name	.data
      .Flags	SFInitData SFReadable SFWritable 
      .Alignment	1344324763652
      .VirtualAddress	143360
      .VirtualSize	2240
      .RawPointer	140296
      .RawSize	2560
[C:\GitHub\BlockyOS\tools\executable-format\exec.c:147:ReadSection]	Reading 2560 from 140296
      {
        53 53 00 33 53 53 2e 53 
        53 53 53 00 45 53 31 45 
        45 45 53 53 33 45 00 34 
        00 32 45 53 00 34 53 2e 
      }
    
    [3]: {
      .Magic	5457218
      .Name	.rodata
      .Flags	SFInitData SFReadable 
      .Alignment	1344324763652
      .VirtualAddress	147456
      .VirtualSize	5536
      .RawPointer	142856
      .RawSize	5632
[C:\GitHub\BlockyOS\tools\executable-format\exec.c:147:ReadSection]	Reading 5632 from 142856
      {
        10 01 2c 01 48 01 64 01 
        f0 00 f3 00 f6 00 f9 00 
        01 00 01 00 01 00 01 00 
        80 00 80 00 80 00 80 00 
      }
    
    [4]: {
      .Magic	5457218
      .Name	.RelS
      .Flags	SFInitData SFReadable 
      .Alignment	1344324763652
      .VirtualAddress	0
      .VirtualSize	2696
      .RawPointer	148488
      .RawSize	2696
[C:\GitHub\BlockyOS\tools\executable-format\exec.c:147:ReadSection]	Reading 2696 from 148488
      Header: {
        .DirectoryTable	148508
        .UnusedBytes	150672
        .NRelocationDirectories	5
        [0]: {
          .BaseAddress	12288
          .DirectorySize	76(16 Entries)
             [0]: {
            .Type	BRET64
            .Offset	1626(0x365A)
          } [1]: {
            .Type	BRET64
            .Offset	1650(0x3672)
          } [2]: {
            .Type	BRET64
            .Offset	1674(0x368A)
          } [3]: {
            .Type	BRET64
            .Offset	1698(0x36A2)
          } [4]: {
            .Type	BRET64
            .Offset	1722(0x36BA)
          } [5]: {
            .Type	BRET64
            .Offset	1746(0x36D2)
          } [6]: {
            .Type	BRET64
            .Offset	1770(0x36EA)
          } [7]: {
         
[SHELL]	FSFRAT.OPEN
[SHELL]	FSFRAT.MOUNT
[SHELL]	FSFRAT.WRITE
[SHELL OUT]: FSFRAT DRIVER
[SHELL OUT]: >> 
[SHELL OUT]: [C:\GitHub\BlockyOS\tools\filesystem\frat.c:193]  >>  Mounting FS Root: [C:/GitHub/BlockyOS/Build/Build-nodate/disk.img]
[SHELL OUT]: Verifying Disk GPT
[SHELL OUT]: [Parent:00007ff63f2cd8f9] >>  C:/GitHub/BlockyOS/Build/Build-nodate/disk.img  ConfBlockSize: 512    Starting Disk Env ID: 
[SHELL OUT]: Reading Bytes
[SHELL OUT]: [Parent:00007ff63f2cd914] >> Reading [92 bytes(s)->1 block(s)] to LBA[1(512)-2(1024)]
[SHELL OUT]: GPT Dump:
[SHELL OUT]:     Sig: "EFI PART"
[SHELL OUT]:     Rev: 65536
[SHELL OUT]:     Header-Size: 92
[SHELL OUT]:     Header Checksum: 2304508507
[SHELL OUT]:     localLBA: 1
[SHELL OUT]:     altLBA: 2623490
[SHELL OUT]:     firstUsable: 2048
[SHELL OUT]:     lastUsable: 2623488
[SHELL OUT]:     Disk-GUID: 
[SHELL OUT]:     Partition-Table: 2
[SHELL OUT]:     # of Partition-Entries: 3
[SHELL OUT]:     Partition-Entry Size: 128
[SHELL OUT]:     Partition-Table Checksum: 801556421
[SHELL OUT]: Closing Disk Interface >> {C:/GitHub/BlockyOS/Build/Build-nodate/disk.img}
[SHELL OUT]: GPT Exists? true
[SHELL OUT]: [Parent:00007ff63f2cee8f] >>  C:/GitHub/BlockyOS/Build/Build-nodate/disk.img  ConfBlockSize: 512    Starting Disk Env ID: 
[SHELL OUT]: Reading Bytes
[SHELL OUT]: [Parent:00007ff63f2ceeb0] >> Reading [92 bytes(s)->1 block(s)] to LBA[1(512)-2(1024)]
[SHELL OUT]: [C:\GitHub\BlockyOS\tools\filesystem\frat.c:134]  >>  Querying Part Table
[SHELL OUT]: Reading Bytes
[SHELL OUT]: [Parent:00007ff63f2ce700] >> Reading [384 bytes(s)->1 block(s)] to LBA[2(1024)-3(1536)]
[SHELL OUT]: [C:\GitHub\BlockyOS\tools\filesystem\frat.c:142]  >>  GPT-Entry: BOOT{2048:526335 -> 524287}
[SHELL OUT]: [C:\GitHub\BlockyOS\tools\filesystem\frat.c:156]  >>  Querying FS at 2048
[SHELL OUT]: Reading Bytes
[SHELL OUT]: [Parent:00007ff63f2ceba4] >> Reading [36 bytes(s)->1 block(s)] to LBA[2048(1048576)-2049(1049088)]
[SHELL OUT]: FS-Root Blob:
[SHELL OUT]:     Version: [0:524288]
[SHELL OUT]:     Sig: 
[SHELL OUT]:     Configured Log Sectors: 2
[SHELL OUT]:     Configured Block Size: 0
[SHELL OUT]:     Configured Cluster-Map Size: 16711743
[SHELL OUT]: [C:\GitHub\BlockyOS\tools\filesystem\frat.c:142]  >>  GPT-Entry: ROOT{526336:2623487 -> 2097151}
[SHELL OUT]: [C:\GitHub\BlockyOS\tools\filesystem\frat.c:156]  >>  Querying FS at 526336
[SHELL OUT]: Reading Bytes
[SHELL OUT]: [Parent:00007ff63f2ceba4] >> Reading [36 bytes(s)->1 block(s)] to LBA[526336(269484032)-526337(269484544)]
[SHELL OUT]: FS-Root Blob:
[SHELL OUT]:     Version: [1:0]
[SHELL OUT]:     Sig: FRAT_FILESYSTEM
[SHELL OUT]:     Configured Log Sectors: 5
[SHELL OUT]:     Configured Block Size: 512
[SHELL OUT]:     Configured Cluster-Map Size: 81920
[SHELL OUT]: [C:\GitHub\BlockyOS\tools\filesystem\frat.c:181]  >>  FS Found at [526336]:
[SHELL OUT]: 	Version-Code: [1:0]
[SHELL OUT]: 	Configured Block-Size: 512
[SHELL OUT]: 	Configured Cluster-Size: 81920
[SHELL OUT]: 	Configured # of Log-Sectors: 5
[SHELL OUT]: 	Configured Log-Size: 90
[SHELL OUT]: [C:\GitHub\BlockyOS\tools\filesystem\frat.c:205]  >>  Found Formatted Partition: 526336:2623487 -> 2097151
[SHELL OUT]: Reading Bytes
[SHELL OUT]: [Parent:00007ff63f2cefe1] >> Reading [36 bytes(s)->1 block(s)] to LBA[526336(269484032)-526337(269484544)]
[SHELL OUT]: [C:\GitHub\BlockyOS\tools\filesystem\frat.c:218]  >>  Root: 526336:2623487 -> 2097151 LBAs
[SHELL OUT]: 	Version-Code: [1:0]
[SHELL OUT]: 	Configured Block-Size: 512
[SHELL OUT]: 	Configured Cluster-Size: 81920
[SHELL OUT]: 	Configured # of Log-Sectors: 81920
[SHELL OUT]: 	Configured Log-Size: 5
[SHELL OUT]: Reading Bytes
[SHELL OUT]: [Parent:00007ff63f2cf325] >> Reading [2560 bytes(s)->5 block(s)] to LBA[526337(269484544)-526342(269487104)]
[SHELL OUT]: Reading Bytes
[SHELL OUT]: [Parent:00007ff63f2cf3a6] >> Reading [81920 bytes(s)->160 block(s)] to LBA[526343(269487616)-526503(269569536)]
[SHELL OUT]:     Verifying FS Root Items #items: 4096
[SHELL OUT]: >> 
[SHELL OUT]: >> 
[SHELL OUT]: >> 
[SHELL OUT]: Mounting File [SYSD/LIBCRT.app] with "f"
[SHELL OUT]: >> 
[SHELL OUT]: >> 
Initializing CGCC.MAKE build process...
Skipping C:\GitHub\BlockyOS\src\kernel\libcrt\hardware\RNG\RNG.asm - up to date; source=2026-09-02T19:29:50.4588980Z, stored=09/02/2026 19:29:50
Skipping C:\GitHub\BlockyOS\src\kernel\libcrt\hardware\RNG\RNG.c - up to date; source=2026-09-01T19:51:35.2375749Z, stored=09/01/2026 19:51:35
Skipping C:\GitHub\BlockyOS\src\kernel\libcrt\hardware\GDT\GDT.asm - up to date; source=2026-09-02T19:29:50.4759038Z, stored=09/02/2026 19:29:50
Skipping C:\GitHub\BlockyOS\src\kernel\libcrt\hardware\GDT\GDT.c - up to date; source=2026-08-31T20:29:21.6186178Z, stored=08/31/2026 20:29:21
Skipping C:\GitHub\BlockyOS\src\kernel\libcrt\hardware\paging\paging.asm - up to date; source=2026-09-02T19:29:50.4619061Z, stored=09/02/2026 19:29:50
Skipping C:\GitHub\BlockyOS\src\kernel\libcrt\hardware\paging\paging.c - up to date; source=2026-09-01T20:10:14.1486119Z, stored=09/01/2026 20:10:14
Skipping C:\GitHub\BlockyOS\src\kernel\libcrt\hardware\SSE\SSE.asm - up to date; source=2026-09-02T19:29:50.4759038Z, stored=09/02/2026 19:29:50
Skipping C:\GitHub\BlockyOS\src\kernel\libcrt\hardware\SSE\SSE.c - up to date; source=2026-09-01T15:31:49.0191638Z, stored=09/01/2026 15:31:49
Skipping C:\GitHub\BlockyOS\src\kernel\libcrt\memory\memory.c - up to date; source=2026-09-01T14:27:41.5007315Z, stored=09/01/2026 14:27:41
Skipping C:\GitHub\BlockyOS\src\kernel\libcrt\memory\string.c - up to date; source=2026-08-31T17:22:17.0368394Z, stored=08/31/2026 17:22:17
Skipping C:\GitHub\BlockyOS\src\kernel\libcrt\hardware\paging\palloc.c - up to date; source=2026-09-01T20:10:14.1506184Z, stored=09/01/2026 20:10:14
Skipping C:\GitHub\BlockyOS\src\kernel\libcrt\memory\allocator\palloc.c - up to date; source=2026-09-02T18:08:03.4509785Z, stored=09/02/2026 18:08:03
Skipping C:\GitHub\BlockyOS\src\kernel\libcrt\memory\allocator\mmalloc.c - up to date; source=2026-09-01T00:47:09.6602809Z, stored=09/01/2026 00:47:09
Skipping C:\GitHub\BlockyOS\src\kernel\libcrt\math\math.c - up to date; source=2026-09-02T20:24:18.8720404Z, stored=09/02/2026 20:24:18
Skipping C:\GitHub\BlockyOS\src\kernel\libcrt\hardware\IO\IO.asm - up to date; source=2026-09-02T19:29:50.4759038Z, stored=09/02/2026 19:29:50
Skipping C:\GitHub\BlockyOS\src\kernel\libcrt\hardware\IDT\IDT.asm - up to date; source=2026-09-02T19:29:50.4759038Z, stored=09/02/2026 19:29:50
Skipping C:\GitHub\BlockyOS\src\kernel\libcrt\hardware\IDT\ISR.asm - up to date; source=2026-09-02T19:08:06.2288527Z, stored=09/02/2026 19:08:06
Skipping C:\GitHub\BlockyOS\src\kernel\libcrt\hardware\IDT\ISR.c - up to date; source=2026-09-02T18:48:44.0968136Z, stored=09/02/2026 18:48:44
Skipping C:\GitHub\BlockyOS\src\kernel\libcrt\hardware\ACPI\ACPI.c - up to date; source=2026-08-31T20:25:27.3210120Z, stored=08/31/2026 20:25:27
Skipping C:\GitHub\BlockyOS\src\kernel\libcrt\hardware\IDT\APIC\APIC.c - up to date; source=2026-08-31T17:22:17.1088393Z, stored=08/31/2026 17:22:17
Skipping C:\GitHub\BlockyOS\src\kernel\libcrt\hardware\IDT\APIC\IOAPIC.c - up to date; source=2026-08-31T23:06:36.2138524Z, stored=08/31/2026 23:06:36
Skipping C:\GitHub\BlockyOS\src\kernel\libcrt\hardware\IDT\APIC\LocalAPIC.c - up to date; source=2026-09-01T14:06:58.1209403Z, stored=09/01/2026 14:06:58
Skipping C:\GitHub\BlockyOS\src\kernel\libcrt\hardware\IDT\APIC\LocalAPICTimer.c - up to date; source=2026-09-01T19:52:35.3774846Z, stored=09/01/2026 19:52:35
Skipping C:\GitHub\BlockyOS\src\kernel\libcrt\hardware\hardware.c - up to date; source=2026-09-01T16:46:09.0571163Z, stored=09/01/2026 16:46:09
Skipping C:\GitHub\BlockyOS\src\kernel\libcrt\BLAKE2\blake2b-ref.c - up to date; source=2026-08-31T20:05:16.6578387Z, stored=08/31/2026 20:05:16
Skipping C:\GitHub\BlockyOS\src\kernel\libcrt\BLAKE2\blake2bp-ref.c - up to date; source=2026-08-31T20:05:20.6816175Z, stored=08/31/2026 20:05:20
Skipping C:\GitHub\BlockyOS\src\kernel\libcrt\BLAKE2\blake2s-ref.c - up to date; source=2026-08-31T20:05:24.7027041Z, stored=08/31/2026 20:05:24
Skipping C:\GitHub\BlockyOS\src\kernel\libcrt\BLAKE2\blake2sp-ref.c - up to date; source=2026-08-31T20:05:27.6610089Z, stored=08/31/2026 20:05:27
Skipping C:\GitHub\BlockyOS\src\kernel\libcrt\BLAKE2\blake2xb-ref.c - up to date; source=2026-09-01T14:03:25.3444410Z, stored=09/01/2026 14:03:25
Skipping C:\GitHub\BlockyOS\src\kernel\libcrt\BLAKE2\blake2xs-ref.c - up to date; source=2026-08-31T17:22:17.0728377Z, stored=08/31/2026 17:22:17
Skipping C:\GitHub\BlockyOS\src\kernel\libcrt\hardware\PCIe\PCIe.c - up to date; source=2026-08-31T23:54:42.2532022Z, stored=08/31/2026 23:54:42
Skipping C:\GitHub\BlockyOS\src\kernel\libcrt\hardware\SSE\UTILS.asm - up to date; source=2026-09-01T00:20:39.1738118Z, stored=09/01/2026 00:20:39
Skipping C:\GitHub\BlockyOS\src\kernel\libcrt\alibcrt.def - up to date; source=2026-09-01T20:03:41.5382359Z, stored=09/01/2026 20:03:41
gcc C:\GitHub\BlockyOS\compile\cache\asm.RNG.o C:\GitHub\BlockyOS\compile\cache\c.RNG.o C:\GitHub\BlockyOS\compile\cache\asm.GDT.o C:\GitHub\BlockyOS\compile\cache\c.GDT.o C:\GitHub\BlockyOS\compile\cache\asm.paging.o C:\GitHub\BlockyOS\compile\cache\c.paging.o C:\GitHub\BlockyOS\compile\cache\asm.SSE.o C:\GitHub\BlockyOS\compile\cache\c.SSE.o C:\GitHub\BlockyOS\compile\cache\c.memory.o C:\GitHub\BlockyOS\compile\cache\c.string.o C:\GitHub\BlockyOS\compile\cache\c.palloc.o C:\GitHub\BlockyOS\compile\cache\c.palloc(1).o C:\GitHub\BlockyOS\compile\cache\c.mmalloc.o C:\GitHub\BlockyOS\compile\cache\c.math.o C:\GitHub\BlockyOS\compile\cache\asm.IO.o C:\GitHub\BlockyOS\compile\cache\asm.IDT.o C:\GitHub\BlockyOS\compile\cache\asm.ISR.o C:\GitHub\BlockyOS\compile\cache\c.ISR.o C:\GitHub\BlockyOS\compile\cache\c.ACPI.o C:\GitHub\BlockyOS\compile\cache\c.APIC.o C:\GitHub\BlockyOS\compile\cache\c.IOAPIC.o C:\GitHub\BlockyOS\compile\cache\c.LocalAPIC.o C:\GitHub\BlockyOS\compile\cache\c.LocalAPICTimer.o C:\GitHub\BlockyOS\compile\cache\c.hardware.o C:\GitHub\BlockyOS\compile\cache\c.blake2b-ref.o C:\GitHub\BlockyOS\compile\cache\c.blake2bp-ref.o C:\GitHub\BlockyOS\compile\cache\c.blake2s-ref.o C:\GitHub\BlockyOS\compile\cache\c.blake2sp-ref.o C:\GitHub\BlockyOS\compile\cache\c.blake2xb-ref.o C:\GitHub\BlockyOS\compile\cache\c.blake2xs-ref.o C:\GitHub\BlockyOS\compile\cache\c.PCIe.o C:\GitHub\BlockyOS\compile\cache\asm.UTILS.o C:/GitHub/BlockyOS/src/kernel/libcrt/alibcrt.def -Wl,-flinker-output=dyn -Wl,-nostdlib -Wl,--emit-relocs -Wl,-shared -Wl,-Bsymbolic -Wl,-Map,C:\GitHub\BlockyOS\src\kernel\libcrt\alibcrt.map -fdiagnostics-color=always -fno-diagnostics-show-highlight-colors -nostartfiles -nodefaultlibs -o C:/GitHub/BlockyOS/Build/Build-nodate/root-part/libcrt.dll
Build finished successfully -> C:/GitHub/BlockyOS/Build/Build-nodate/root-part/libcrt.dll


[SHELL]	PE2EXEC.MAKE
C:\GitHub\BlockyOS\tools\executable-format\exechandler.exe C:/GitHub/BlockyOS/Build/Build-nodate/root-part/libcrt.dll C:/GitHub/BlockyOS/Build/Build-nodate/root-part/libcrt.service -od -L C:/GitHub/BlockyOS/src/kernel/libcrt/alibcrt.log

[(null):1820852848:DumpBeHeader]	Writing 1919850381379 bytes to 4096
[(null):1820852848:DumpBeHeader]	Writing 140716013518915 bytes to 140716013522944
[(null):1820852848:DumpBeHeader]	Writing 140716013518915 bytes to 140716013522944
[(null):1820852848:DumpBeHeader]	Writing 140716013518915 bytes to 140716013522944
[(null):1820852848:DumpBeHeader]	Writing 140716013518915 bytes to 140716013522944
[C:\GitHub\BlockyOS\tools\executable-format\exec.c:679:CreateResourceSection]
[(null):1820852848:DumpBeHeader]	Writing 140716013518915 bytes to 140716013522944
[C:\GitHub\BlockyOS\tools\executable-format\exec.c:723:CreateResourceSection]
[(null):1820852848:DumpBeHeader]	Writing 140716013518915 bytes to 140716013522944
[C:\GitHub\BlockyOS\tools\executable-format\exec.c:746:CreateResourceSection]
[(null):1820852848:DumpBeHeader]	Writing 140716013518915 bytes to 140716013522944
[(null):1820852848:DumpBeHeader]	Writing 140716013518915 bytes to 140716013522944
[C:\GitHub\BlockyOS\Build\Build-nodate\root-part\libcrt.service]
Header: {
  .Magic	17730
  .SystemSection	.rsrc
  .NSections	9
  .RawHeaderSize	4096
  .SectionTabeOffset	52
    [0]: {
      .Magic	0
      .Name	
      .Flags	(null)
      .Alignment	0
      .VirtualAddress	0
      .VirtualSize	0
      .RawPointer	0
      .RawSize	0
      {
        
        
        
        
      }
    
    [1]: {
      .Magic	5457218
      .Name	.code
      .Flags	SFExecutable SFReadable 
      .Alignment	4
      .VirtualAddress	4096
      .VirtualSize	135952
      .RawPointer	4104
      .RawSize	136192
[C:\GitHub\BlockyOS\tools\executable-format\exec.c:145:ReadSection]	Reading 136192 from 4104
      {
        b8 00 00 c1 e3 00 00 f8 
        07 b9 00 eb 01 b9 00 72 
        00 00 0f 12 00 64 0f 07 
        00 00 a2 81 00 00 c7 e2 
      }
    
    [2]: {
      .Magic	5457218
      .Name	.data
      .Flags	SFInitData SFReadable SFWritable 
      .Alignment	4
      .VirtualAddress	143360
      .VirtualSize	2240
      .RawPointer	140296
      .RawSize	2560
[C:\GitHub\BlockyOS\tools\executable-format\exec.c:145:ReadSection]	Reading 2560 from 140296
      {
        53 53 00 33 53 53 2e 53 
        53 53 53 00 45 53 31 45 
        45 45 53 53 33 45 00 34 
        00 32 45 53 00 34 53 2e 
      }
    
    [3]: {
      .Magic	5457218
      .Name	.rodata
      .Flags	SFInitData SFReadable 
      .Alignment	4
      .VirtualAddress	147456
      .VirtualSize	5536
      .RawPointer	142856
      .RawSize	5632
[C:\GitHub\BlockyOS\tools\executable-format\exec.c:145:ReadSection]	Reading 5632 from 142856
      {
        10 01 2c 01 48 01 64 01 
        f0 00 f3 00 f6 00 f9 00 
        01 00 01 00 01 00 01 00 
        80 00 80 00 80 00 80 00 
      }
    
    [4]: {
      .Magic	5457218
      .Name	.RelS
      .Flags	SFInitData SFReadable 
      .Alignment	4
      .VirtualAddress	0
      .VirtualSize	2696
      .RawPointer	148488
      .RawSize	2696
[C:\GitHub\BlockyOS\tools\executable-format\exec.c:145:ReadSection]	Reading 2696 from 148488
      Header: {
        .DirectoryTable	148508
        .UnusedBytes	150672
        .NRelocationDirectories	1919850381317
        [0]: {
          .BaseAddress	12288
          .DirectorySize	76(16 Entries)
             [0]: {
            .Type	BRET64
            .Offset	1626(0x365A)
          } [1]: {
            .Type	BRET64
            .Offset	1650(0x3672)
          } [2]: {
            .Type	BRET64
            .Offset	1674(0x368A)
          } [3]: {
            .Type	BRET64
            .Offset	1698(0x36A2)
          } [4]: {
            .Type	BRET64
            .Offset	1722(0x36BA)
          } [5]: {
            .Type	BRET64
            .Offset	1746(0x36D2)
          } [6]: {
            .Type	BRET64
            .Offset	1770(0x36EA)
          } [7]: {
            .Type	BRET64
            .Offset	1794(0x3702)
          }
        }
        [1]: {
          .BaseAddress	143360
          .DirectorySize	1004(248 Entries)
             [0]: {
            .Type	BRET64
            .Offset	192(0x230C0)
          } [1]: {
            .Type	BRET64
            .Offset	200(0x230C8)
          } [2]: {
            .Type	BRET64
            .Offset	208(0x230D0)
          } [3]: {
            .Type	BRET64
            .Offset	216(0x230D8)
          } [4]: {
            .Type	BRET64
            .Offset	224(0x230E0)
          } [5]: {
            .Type	BRET64
            .Offset	232(0x230E8)
          } [6]: {
            .Type	BRET64
            .Offset	240(0x230F0)
          } [7]: {
            .Type	BRET64
            .Offset	248(0x230F8)
          }
        }
        [2]: {
          .BaseAddress	147456
          .DirectorySize	1044(258 Entries)
             [0]: {
            .Type	BRET64
            .Offset	0(0x24000)
          } [1]: {
            .Type	BRET64
            .Offset	8(0x24008)
          } [2]: {
            .Type	BRET64
            .Offset	16(0x24010)
          } [3]: {
            .Type	BRET64
            .Offset	24(0x24018)
          } [4]: {
            .Type	BRET64
            .Offset	32(0x24020)
          } [5]: {
            .Type	BRET64
            .Offset	40(0x24028)
          } [6]: {
            .Type	BRET64
            .Offset	48(0x24030)
          } [7]: {
            .Type	BRET64
            .Offset	56(0x24038)
          }
        }
        [3]: {
          .BaseAddress	151552
          .DirectorySize	28(4 Entries)
             [0]: {
            .Type	BRET64
            .Offset	160(0x250A0)
          } [1]: {
            .Type	BRET64
            .Offset	192(0x250C0)
          } [2]: {
            .Type	BRET64
            .Offset	208(0x250D0)
          } [3]: {
            .Type	BRET64
            .Offset	224(0x250E0)
          }
        }
        [4]: {
          .BaseAddress	0
          .DirectorySize	12(0 Entries)
            
        }
      }
    
    [5]: {
      .Magic	5457218
      .Name	.ImportIn
      .Flags	SFInitData SFReadable 
      .Alignment	4
      .VirtualAddress	0
      .VirtualSize	0
      .RawPointer	151184
      .RawSize	20
[C:\GitHub\BlockyOS\tools\executable-format\exec.c:145:ReadSection]	Reading 20 from 151184
      Header: {
        .NDlls	0
        .DllImportPathTableRVO	151204
        .DllImportTableRVO	151204
      }
    
    [6]: {
      .Magic	5457218
      .Name	.ExportOut
      .Flags	SFInitData SFReadable 
      .Alignment	4
      .VirtualAddress	0
      .VirtualSize	0
      .RawPointer	151204
      .RawSize	4172
[C:\GitHub\BlockyOS\tools\executable-format\exec.c:145:ReadSection]	Reading 4172 from 151204
      Header: {
        .NExported	92
        .ExportTableRVO	151228
        .ExportNameRVO	154172
        .NExportAddresses	92[C:\GitHub\BlockyOS\tools\executable-format\exechandler.exe|-1073741819]

[C:\GitHub\BlockyOS\tools\executable-format\exec.c:177:WriteSection]	Writing 136192 to 4104
[C:\GitHub\BlockyOS\tools\executable-format\exec.c:177:WriteSection]	Writing 2560 to 140296
[C:\GitHub\BlockyOS\tools\executable-format\exec.c:177:WriteSection]	Writing 5632 to 142856
[C:\GitHub\BlockyOS\tools\executable-format\exec.c:177:WriteSection]	Writing 2696 to 148488
[C:\GitHub\BlockyOS\tools\executable-format\exec.c:177:WriteSection]	Writing 2696 to 148488
[C:\GitHub\BlockyOS\tools\executable-format\exec.c:681:CreateResourceSection]
[C:\GitHub\BlockyOS\tools\executable-format\exec.c:177:WriteSection]	Writing 20 to 151184
[C:\GitHub\BlockyOS\tools\executable-format\exec.c:725:CreateResourceSection]
[C:\GitHub\BlockyOS\tools\executable-format\exec.c:177:WriteSection]	Writing 20 to 151184
[C:\GitHub\BlockyOS\tools\executable-format\exec.c:177:WriteSection]	Writing 4172 to 151204
[C:\GitHub\BlockyOS\tools\executable-format\exec.c:177:WriteSection]	Writing 4172 to 151204
[C:\GitHub\BlockyOS\tools\executable-format\exec.c:748:CreateResourceSection]
[C:\GitHub\BlockyOS\tools\executable-format\exec.c:177:WriteSection]	Writing 9536 to 155376
[C:\GitHub\BlockyOS\tools\executable-format\exec.c:177:WriteSection]	Writing 4096 to 164912
[C:\GitHub\BlockyOS\Build\Build-nodate\root-part\libcrt.service]
Header: {
  .Magic	17730
  .SystemSection	.rsrc
  .NSections	9
  .RawHeaderSize	4096
  .SectionTabeOffset	52
    [0]: {
      .Magic	0
      .Name	
      .Flags	(null)
      .Alignment	0
      .VirtualAddress	0
      .VirtualSize	0
      .RawPointer	0
      .RawSize	0
      {
        
        
        
        
      }
    
    [1]: {
      .Magic	5457218
      .Name	.code
      .Flags	SFExecutable SFReadable 
      .Alignment	1919850381316
      .VirtualAddress	4096
      .VirtualSize	135952
      .RawPointer	4104
      .RawSize	136192
[C:\GitHub\BlockyOS\tools\executable-format\exec.c:147:ReadSection]	Reading 136192 from 4104
      {
        b8 00 00 c1 e3 00 00 f8 
        07 b9 00 eb 01 b9 00 72 
        00 00 0f 12 00 64 0f 07 
        00 00 a2 81 00 00 c7 e2 
      }
    
    [2]: {
      .Magic	5457218
      .Name	.data
      .Flags	SFInitData SFReadable SFWritable 
      .Alignment	1919850381316
      .VirtualAddress	143360
      .VirtualSize	2240
      .RawPointer	140296
      .RawSize	2560
[C:\GitHub\BlockyOS\tools\executable-format\exec.c:147:ReadSection]	Reading 2560 from 140296
      {
        53 53 00 33 53 53 2e 53 
        53 53 53 00 45 53 31 45 
        45 45 53 53 33 45 00 34 
        00 32 45 53 00 34 53 2e 
      }
    
    [3]: {
      .Magic	5457218
      .Name	.rodata
      .Flags	SFInitData SFReadable 
      .Alignment	1919850381316
      .VirtualAddress	147456
      .VirtualSize	5536
      .RawPointer	142856
      .RawSize	5632
[C:\GitHub\BlockyOS\tools\executable-format\exec.c:147:ReadSection]	Reading 5632 from 142856
      {
        10 01 2c 01 48 01 64 01 
        f0 00 f3 00 f6 00 f9 00 
        01 00 01 00 01 00 01 00 
        80 00 80 00 80 00 80 00 
      }
    
    [4]: {
      .Magic	5457218
      .Name	.RelS
      .Flags	SFInitData SFReadable 
      .Alignment	1919850381316
      .VirtualAddress	0
      .VirtualSize	2696
      .RawPointer	148488
      .RawSize	2696
[C:\GitHub\BlockyOS\tools\executable-format\exec.c:147:ReadSection]	Reading 2696 from 148488
      Header: {
        .DirectoryTable	148508
        .UnusedBytes	150672
        .NRelocationDirectories	5
        [0]: {
          .BaseAddress	12288
          .DirectorySize	76(16 Entries)
             [0]: {
            .Type	BRET64
            .Offset	1626(0x365A)
          } [1]: {
            .Type	BRET64
            .Offset	1650(0x3672)
          } [2]: {
            .Type	BRET64
            .Offset	1674(0x368A)
          } [3]: {
            .Type	BRET64
            .Offset	1698(0x36A2)
          } [4]: {
            .Type	BRET64
            .Offset	1722(0x36BA)
          } [5]: {
            .Type	BRET64
            .Offset	1746(0x36D2)
          } [6]: {
            .Type	BRET64
            .Offset	1770(0x36EA)
          } [7]: {
         
[SHELL]	FSFRAT.OPEN
[SHELL]	FSFRAT.MOUNT
[SHELL]	FSFRAT.WRITE
[SHELL OUT]: FSFRAT DRIVER
[SHELL OUT]: >> 
[SHELL OUT]: [C:\GitHub\BlockyOS\tools\filesystem\frat.c:193]  >>  Mounting FS Root: [C:/GitHub/BlockyOS/Build/Build-nodate/disk.img]
[SHELL OUT]: Verifying Disk GPT
[SHELL OUT]: [Parent:00007ff6adafd8f9] >>  C:/GitHub/BlockyOS/Build/Build-nodate/disk.img  ConfBlockSize: 512    Starting Disk Env ID: 
[SHELL OUT]: Reading Bytes
[SHELL OUT]: [Parent:00007ff6adafd914] >> Reading [92 bytes(s)->1 block(s)] to LBA[1(512)-2(1024)]
[SHELL OUT]: GPT Dump:
[SHELL OUT]:     Sig: "EFI PART"
[SHELL OUT]:     Rev: 65536
[SHELL OUT]:     Header-Size: 92
[SHELL OUT]:     Header Checksum: 2304508507
[SHELL OUT]:     localLBA: 1
[SHELL OUT]:     altLBA: 2623490
[SHELL OUT]:     firstUsable: 2048
[SHELL OUT]:     lastUsable: 2623488
[SHELL OUT]:     Disk-GUID: 
[SHELL OUT]:     Partition-Table: 2
[SHELL OUT]:     # of Partition-Entries: 3
[SHELL OUT]:     Partition-Entry Size: 128
[SHELL OUT]:     Partition-Table Checksum: 801556421
[SHELL OUT]: Closing Disk Interface >> {C:/GitHub/BlockyOS/Build/Build-nodate/disk.img}
[SHELL OUT]: GPT Exists? true
[SHELL OUT]: [Parent:00007ff6adafee8f] >>  C:/GitHub/BlockyOS/Build/Build-nodate/disk.img  ConfBlockSize: 512    Starting Disk Env ID: 
[SHELL OUT]: Reading Bytes
[SHELL OUT]: [Parent:00007ff6adafeeb0] >> Reading [92 bytes(s)->1 block(s)] to LBA[1(512)-2(1024)]
[SHELL OUT]: [C:\GitHub\BlockyOS\tools\filesystem\frat.c:134]  >>  Querying Part Table
[SHELL OUT]: Reading Bytes
[SHELL OUT]: [Parent:00007ff6adafe700] >> Reading [384 bytes(s)->1 block(s)] to LBA[2(1024)-3(1536)]
[SHELL OUT]: [C:\GitHub\BlockyOS\tools\filesystem\frat.c:142]  >>  GPT-Entry: BOOT{2048:526335 -> 524287}
[SHELL OUT]: [C:\GitHub\BlockyOS\tools\filesystem\frat.c:156]  >>  Querying FS at 2048
[SHELL OUT]: Reading Bytes
[SHELL OUT]: [Parent:00007ff6adafeba4] >> Reading [36 bytes(s)->1 block(s)] to LBA[2048(1048576)-2049(1049088)]
[SHELL OUT]: FS-Root Blob:
[SHELL OUT]:     Version: [0:524288]
[SHELL OUT]:     Sig: 
[SHELL OUT]:     Configured Log Sectors: 2
[SHELL OUT]:     Configured Block Size: 0
[SHELL OUT]:     Configured Cluster-Map Size: 16711743
[SHELL OUT]: [C:\GitHub\BlockyOS\tools\filesystem\frat.c:142]  >>  GPT-Entry: ROOT{526336:2623487 -> 2097151}
[SHELL OUT]: [C:\GitHub\BlockyOS\tools\filesystem\frat.c:156]  >>  Querying FS at 526336
[SHELL OUT]: Reading Bytes
[SHELL OUT]: [Parent:00007ff6adafeba4] >> Reading [36 bytes(s)->1 block(s)] to LBA[526336(269484032)-526337(269484544)]
[SHELL OUT]: FS-Root Blob:
[SHELL OUT]:     Version: [1:0]
[SHELL OUT]:     Sig: FRAT_FILESYSTEM
[SHELL OUT]:     Configured Log Sectors: 5
[SHELL OUT]:     Configured Block Size: 512
[SHELL OUT]:     Configured Cluster-Map Size: 81920
[SHELL OUT]: [C:\GitHub\BlockyOS\tools\filesystem\frat.c:181]  >>  FS Found at [526336]:
[SHELL OUT]: 	Version-Code: [1:0]
[SHELL OUT]: 	Configured Block-Size: 512
[SHELL OUT]: 	Configured Cluster-Size: 81920
[SHELL OUT]: 	Configured # of Log-Sectors: 5
[SHELL OUT]: 	Configured Log-Size: 90
[SHELL OUT]: [C:\GitHub\BlockyOS\tools\filesystem\frat.c:205]  >>  Found Formatted Partition: 526336:2623487 -> 2097151
[SHELL OUT]: Reading Bytes
[SHELL OUT]: [Parent:00007ff6adafefe1] >> Reading [36 bytes(s)->1 block(s)] to LBA[526336(269484032)-526337(269484544)]
[SHELL OUT]: [C:\GitHub\BlockyOS\tools\filesystem\frat.c:218]  >>  Root: 526336:2623487 -> 2097151 LBAs
[SHELL OUT]: 	Version-Code: [1:0]
[SHELL OUT]: 	Configured Block-Size: 512
[SHELL OUT]: 	Configured Cluster-Size: 81920
[SHELL OUT]: 	Configured # of Log-Sectors: 81920
[SHELL OUT]: 	Configured Log-Size: 5
[SHELL OUT]: Reading Bytes
[SHELL OUT]: [Parent:00007ff6adaff325] >> Reading [2560 bytes(s)->5 block(s)] to LBA[526337(269484544)-526342(269487104)]
[SHELL OUT]: Reading Bytes
[SHELL OUT]: [Parent:00007ff6adaff3a6] >> Reading [81920 bytes(s)->160 block(s)] to LBA[526343(269487616)-526503(269569536)]
[SHELL OUT]:     Verifying FS Root Items #items: 4096
[SHELL OUT]: Closing Disk Interface >> {C:/GitHub/BlockyOS/Build/Build-nodate/disk.img}FRATSYNC
[SHELL OUT]: >> 
[SHELL OUT]: >> 
[SHELL OUT]: >> 
[SHELL OUT]: Mounting File [SYSD/LIBCRT.app] with "f"
[SHELL OUT]: Root is 000001de3bd2a2d0FRATSYNC
[SHELL OUT]: >> 
[SHELL OUT]: >> 
[SHELL OUT]: >> 
[SHELL OUT]: [2]: "Non-optional arg(s) not set"FRATSYNC
Initializing CGCC.MAKE build process...
Skipping C:\GitHub\BlockyOS\src\kernel\libcrt\hardware\RNG\RNG.asm - up to date; source=2026-09-02T19:29:50.4588980Z, stored=09/02/2026 19:29:50
Skipping C:\GitHub\BlockyOS\src\kernel\libcrt\hardware\RNG\RNG.c - up to date; source=2026-09-01T19:51:35.2375749Z, stored=09/01/2026 19:51:35
Skipping C:\GitHub\BlockyOS\src\kernel\libcrt\hardware\GDT\GDT.asm - up to date; source=2026-09-02T19:29:50.4759038Z, stored=09/02/2026 19:29:50
Skipping C:\GitHub\BlockyOS\src\kernel\libcrt\hardware\GDT\GDT.c - up to date; source=2026-08-31T20:29:21.6186178Z, stored=08/31/2026 20:29:21
Skipping C:\GitHub\BlockyOS\src\kernel\libcrt\hardware\paging\paging.asm - up to date; source=2026-09-02T19:29:50.4619061Z, stored=09/02/2026 19:29:50
Skipping C:\GitHub\BlockyOS\src\kernel\libcrt\hardware\paging\paging.c - up to date; source=2026-09-01T20:10:14.1486119Z, stored=09/01/2026 20:10:14
Skipping C:\GitHub\BlockyOS\src\kernel\libcrt\hardware\SSE\SSE.asm - up to date; source=2026-09-02T19:29:50.4759038Z, stored=09/02/2026 19:29:50
Skipping C:\GitHub\BlockyOS\src\kernel\libcrt\hardware\SSE\SSE.c - up to date; source=2026-09-01T15:31:49.0191638Z, stored=09/01/2026 15:31:49
Skipping C:\GitHub\BlockyOS\src\kernel\libcrt\memory\memory.c - up to date; source=2026-09-01T14:27:41.5007315Z, stored=09/01/2026 14:27:41
Skipping C:\GitHub\BlockyOS\src\kernel\libcrt\memory\string.c - up to date; source=2026-08-31T17:22:17.0368394Z, stored=08/31/2026 17:22:17
Skipping C:\GitHub\BlockyOS\src\kernel\libcrt\hardware\paging\palloc.c - up to date; source=2026-09-01T20:10:14.1506184Z, stored=09/01/2026 20:10:14
Skipping C:\GitHub\BlockyOS\src\kernel\libcrt\memory\allocator\palloc.c - up to date; source=2026-09-02T18:08:03.4509785Z, stored=09/02/2026 18:08:03
Skipping C:\GitHub\BlockyOS\src\kernel\libcrt\memory\allocator\mmalloc.c - up to date; source=2026-09-01T00:47:09.6602809Z, stored=09/01/2026 00:47:09
Skipping C:\GitHub\BlockyOS\src\kernel\libcrt\math\math.c - up to date; source=2026-09-02T20:24:18.8720404Z, stored=09/02/2026 20:24:18
Skipping C:\GitHub\BlockyOS\src\kernel\libcrt\hardware\IO\IO.asm - up to date; source=2026-09-02T19:29:50.4759038Z, stored=09/02/2026 19:29:50
Skipping C:\GitHub\BlockyOS\src\kernel\libcrt\hardware\IDT\IDT.asm - up to date; source=2026-09-02T19:29:50.4759038Z, stored=09/02/2026 19:29:50
Skipping C:\GitHub\BlockyOS\src\kernel\libcrt\hardware\IDT\ISR.asm - up to date; source=2026-09-02T19:08:06.2288527Z, stored=09/02/2026 19:08:06
Skipping C:\GitHub\BlockyOS\src\kernel\libcrt\hardware\IDT\ISR.c - up to date; source=2026-09-02T18:48:44.0968136Z, stored=09/02/2026 18:48:44
Skipping C:\GitHub\BlockyOS\src\kernel\libcrt\hardware\ACPI\ACPI.c - up to date; source=2026-08-31T20:25:27.3210120Z, stored=08/31/2026 20:25:27
Skipping C:\GitHub\BlockyOS\src\kernel\libcrt\hardware\IDT\APIC\APIC.c - up to date; source=2026-08-31T17:22:17.1088393Z, stored=08/31/2026 17:22:17
Skipping C:\GitHub\BlockyOS\src\kernel\libcrt\hardware\IDT\APIC\IOAPIC.c - up to date; source=2026-08-31T23:06:36.2138524Z, stored=08/31/2026 23:06:36
Skipping C:\GitHub\BlockyOS\src\kernel\libcrt\hardware\IDT\APIC\LocalAPIC.c - up to date; source=2026-09-01T14:06:58.1209403Z, stored=09/01/2026 14:06:58
Skipping C:\GitHub\BlockyOS\src\kernel\libcrt\hardware\IDT\APIC\LocalAPICTimer.c - up to date; source=2026-09-01T19:52:35.3774846Z, stored=09/01/2026 19:52:35
Skipping C:\GitHub\BlockyOS\src\kernel\libcrt\hardware\hardware.c - up to date; source=2026-09-01T16:46:09.0571163Z, stored=09/01/2026 16:46:09
Skipping C:\GitHub\BlockyOS\src\kernel\libcrt\BLAKE2\blake2b-ref.c - up to date; source=2026-08-31T20:05:16.6578387Z, stored=08/31/2026 20:05:16
Skipping C:\GitHub\BlockyOS\src\kernel\libcrt\BLAKE2\blake2bp-ref.c - up to date; source=2026-08-31T20:05:20.6816175Z, stored=08/31/2026 20:05:20
Skipping C:\GitHub\BlockyOS\src\kernel\libcrt\BLAKE2\blake2s-ref.c - up to date; source=2026-08-31T20:05:24.7027041Z, stored=08/31/2026 20:05:24
Skipping C:\GitHub\BlockyOS\src\kernel\libcrt\BLAKE2\blake2sp-ref.c - up to date; source=2026-08-31T20:05:27.6610089Z, stored=08/31/2026 20:05:27
Skipping C:\GitHub\BlockyOS\src\kernel\libcrt\BLAKE2\blake2xb-ref.c - up to date; source=2026-09-01T14:03:25.3444410Z, stored=09/01/2026 14:03:25
Skipping C:\GitHub\BlockyOS\src\kernel\libcrt\BLAKE2\blake2xs-ref.c - up to date; source=2026-08-31T17:22:17.0728377Z, stored=08/31/2026 17:22:17
Skipping C:\GitHub\BlockyOS\src\kernel\libcrt\hardware\PCIe\PCIe.c - up to date; source=2026-08-31T23:54:42.2532022Z, stored=08/31/2026 23:54:42
Skipping C:\GitHub\BlockyOS\src\kernel\libcrt\hardware\SSE\UTILS.asm - up to date; source=2026-09-01T00:20:39.1738118Z, stored=09/01/2026 00:20:39
Skipping C:\GitHub\BlockyOS\src\kernel\libcrt\alibcrt.def - up to date; source=2026-09-01T20:03:41.5382359Z, stored=09/01/2026 20:03:41
gcc C:\GitHub\BlockyOS\compile\cache\asm.RNG.o C:\GitHub\BlockyOS\compile\cache\c.RNG.o C:\GitHub\BlockyOS\compile\cache\asm.GDT.o C:\GitHub\BlockyOS\compile\cache\c.GDT.o C:\GitHub\BlockyOS\compile\cache\asm.paging.o C:\GitHub\BlockyOS\compile\cache\c.paging.o C:\GitHub\BlockyOS\compile\cache\asm.SSE.o C:\GitHub\BlockyOS\compile\cache\c.SSE.o C:\GitHub\BlockyOS\compile\cache\c.memory.o C:\GitHub\BlockyOS\compile\cache\c.string.o C:\GitHub\BlockyOS\compile\cache\c.palloc.o C:\GitHub\BlockyOS\compile\cache\c.palloc(1).o C:\GitHub\BlockyOS\compile\cache\c.mmalloc.o C:\GitHub\BlockyOS\compile\cache\c.math.o C:\GitHub\BlockyOS\compile\cache\asm.IO.o C:\GitHub\BlockyOS\compile\cache\asm.IDT.o C:\GitHub\BlockyOS\compile\cache\asm.ISR.o C:\GitHub\BlockyOS\compile\cache\c.ISR.o C:\GitHub\BlockyOS\compile\cache\c.ACPI.o C:\GitHub\BlockyOS\compile\cache\c.APIC.o C:\GitHub\BlockyOS\compile\cache\c.IOAPIC.o C:\GitHub\BlockyOS\compile\cache\c.LocalAPIC.o C:\GitHub\BlockyOS\compile\cache\c.LocalAPICTimer.o C:\GitHub\BlockyOS\compile\cache\c.hardware.o C:\GitHub\BlockyOS\compile\cache\c.blake2b-ref.o C:\GitHub\BlockyOS\compile\cache\c.blake2bp-ref.o C:\GitHub\BlockyOS\compile\cache\c.blake2s-ref.o C:\GitHub\BlockyOS\compile\cache\c.blake2sp-ref.o C:\GitHub\BlockyOS\compile\cache\c.blake2xb-ref.o C:\GitHub\BlockyOS\compile\cache\c.blake2xs-ref.o C:\GitHub\BlockyOS\compile\cache\c.PCIe.o C:\GitHub\BlockyOS\compile\cache\asm.UTILS.o C:/GitHub/BlockyOS/src/kernel/libcrt/alibcrt.def -Wl,-flinker-output=dyn -Wl,-nostdlib -Wl,--emit-relocs -Wl,-shared -Wl,-Bsymbolic -Wl,-Map,C:\GitHub\BlockyOS\src\kernel\libcrt\alibcrt.map -fdiagnostics-color=always -fno-diagnostics-show-highlight-colors -nostartfiles -nodefaultlibs -o C:/GitHub/BlockyOS/Build/Build-nodate/root-part/libcrt.dll
Build finished successfully -> C:/GitHub/BlockyOS/Build/Build-nodate/root-part/libcrt.dll


[SHELL]	PE2EXEC.MAKE
C:\GitHub\BlockyOS\tools\executable-format\exechandler.exe C:/GitHub/BlockyOS/Build/Build-nodate/root-part/libcrt.dll C:/GitHub/BlockyOS/Build/Build-nodate/root-part/libcrt.service -od -L C:/GitHub/BlockyOS/src/kernel/libcrt/alibcrt.log

[(null):403636848:DumpBeHeader]	Writing 2190433321027 bytes to 4096
[(null):403636848:DumpBeHeader]	Writing 140716013518915 bytes to 140716013522944
[(null):403636848:DumpBeHeader]	Writing 140716013518915 bytes to 140716013522944
[(null):403636848:DumpBeHeader]	Writing 140716013518915 bytes to 140716013522944
[(null):403636848:DumpBeHeader]	Writing 140716013518915 bytes to 140716013522944
[C:\GitHub\BlockyOS\tools\executable-format\exec.c:679:CreateResourceSection]
[(null):403636848:DumpBeHeader]	Writing 140716013518915 bytes to 140716013522944
[C:\GitHub\BlockyOS\tools\executable-format\exec.c:723:CreateResourceSection]
[(null):403636848:DumpBeHeader]	Writing 140716013518915 bytes to 140716013522944
[C:\GitHub\BlockyOS\tools\executable-format\exec.c:746:CreateResourceSection]
[(null):403636848:DumpBeHeader]	Writing 140716013518915 bytes to 140716013522944
[(null):403636848:DumpBeHeader]	Writing 140716013518915 bytes to 140716013522944
[C:\GitHub\BlockyOS\Build\Build-nodate\root-part\libcrt.service]
Header: {
  .Magic	17730
  .SystemSection	.rsrc
  .NSections	9
  .RawHeaderSize	4096
  .SectionTabeOffset	52
    [0]: {
      .Magic	0
      .Name	
      .Flags	(null)
      .Alignment	0
      .VirtualAddress	0
      .VirtualSize	0
      .RawPointer	0
      .RawSize	0
      {
        
        
        
        
      }
    
    [1]: {
      .Magic	5457218
      .Name	.code
      .Flags	SFExecutable SFReadable 
      .Alignment	4
      .VirtualAddress	4096
      .VirtualSize	135952
      .RawPointer	4104
      .RawSize	136192
[C:\GitHub\BlockyOS\tools\executable-format\exec.c:145:ReadSection]	Reading 136192 from 4104
      {
        b8 00 00 c1 e3 00 00 f8 
        07 b9 00 eb 01 b9 00 72 
        00 00 0f 12 00 64 0f 07 
        00 00 a2 81 00 00 c7 e2 
      }
    
    [2]: {
      .Magic	5457218
      .Name	.data
      .Flags	SFInitData SFReadable SFWritable 
      .Alignment	4
      .VirtualAddress	143360
      .VirtualSize	2240
      .RawPointer	140296
      .RawSize	2560
[C:\GitHub\BlockyOS\tools\executable-format\exec.c:145:ReadSection]	Reading 2560 from 140296
      {
        53 53 00 33 53 53 2e 53 
        53 53 53 00 45 53 31 45 
        45 45 53 53 33 45 00 34 
        00 32 45 53 00 34 53 2e 
      }
    
    [3]: {
      .Magic	5457218
      .Name	.rodata
      .Flags	SFInitData SFReadable 
      .Alignment	4
      .VirtualAddress	147456
      .VirtualSize	5536
      .RawPointer	142856
      .RawSize	5632
[C:\GitHub\BlockyOS\tools\executable-format\exec.c:145:ReadSection]	Reading 5632 from 142856
      {
        10 01 2c 01 48 01 64 01 
        f0 00 f3 00 f6 00 f9 00 
        01 00 01 00 01 00 01 00 
        80 00 80 00 80 00 80 00 
      }
    
    [4]: {
      .Magic	5457218
      .Name	.RelS
      .Flags	SFInitData SFReadable 
      .Alignment	4
      .VirtualAddress	0
      .VirtualSize	2696
      .RawPointer	148488
      .RawSize	2696
[C:\GitHub\BlockyOS\tools\executable-format\exec.c:145:ReadSection]	Reading 2696 from 148488
      Header: {
        .DirectoryTable	148508
        .UnusedBytes	150672
        .NRelocationDirectories	2190433320965
        [0]: {
          .BaseAddress	12288
          .DirectorySize	76(16 Entries)
             [0]: {
            .Type	BRET64
            .Offset	1626(0x365A)
          } [1]: {
            .Type	BRET64
            .Offset	1650(0x3672)
          } [2]: {
            .Type	BRET64
            .Offset	1674(0x368A)
          } [3]: {
            .Type	BRET64
            .Offset	1698(0x36A2)
          } [4]: {
            .Type	BRET64
            .Offset	1722(0x36BA)
          } [5]: {
            .Type	BRET64
            .Offset	1746(0x36D2)
          } [6]: {
            .Type	BRET64
            .Offset	1770(0x36EA)
          } [7]: {
            .Type	BRET64
            .Offset	1794(0x3702)
          }
        }
        [1]: {
          .BaseAddress	143360
          .DirectorySize	1004(248 Entries)
             [0]: {
            .Type	BRET64
            .Offset	192(0x230C0)
          } [1]: {
            .Type	BRET64
            .Offset	200(0x230C8)
          } [2]: {
            .Type	BRET64
            .Offset	208(0x230D0)
          } [3]: {
            .Type	BRET64
            .Offset	216(0x230D8)
          } [4]: {
            .Type	BRET64
            .Offset	224(0x230E0)
          } [5]: {
            .Type	BRET64
            .Offset	232(0x230E8)
          } [6]: {
            .Type	BRET64
            .Offset	240(0x230F0)
          } [7]: {
            .Type	BRET64
            .Offset	248(0x230F8)
          }
        }
        [2]: {
          .BaseAddress	147456
          .DirectorySize	1044(258 Entries)
             [0]: {
            .Type	BRET64
            .Offset	0(0x24000)
          } [1]: {
            .Type	BRET64
            .Offset	8(0x24008)
          } [2]: {
            .Type	BRET64
            .Offset	16(0x24010)
          } [3]: {
            .Type	BRET64
            .Offset	24(0x24018)
          } [4]: {
            .Type	BRET64
            .Offset	32(0x24020)
          } [5]: {
            .Type	BRET64
            .Offset	40(0x24028)
          } [6]: {
            .Type	BRET64
            .Offset	48(0x24030)
          } [7]: {
            .Type	BRET64
            .Offset	56(0x24038)
          }
        }
        [3]: {
          .BaseAddress	151552
          .DirectorySize	28(4 Entries)
             [0]: {
            .Type	BRET64
            .Offset	160(0x250A0)
          } [1]: {
            .Type	BRET64
            .Offset	192(0x250C0)
          } [2]: {
            .Type	BRET64
            .Offset	208(0x250D0)
          } [3]: {
            .Type	BRET64
            .Offset	224(0x250E0)
          }
        }
        [4]: {
          .BaseAddress	0
          .DirectorySize	12(0 Entries)
            
        }
      }
    
    [5]: {
      .Magic	5457218
      .Name	.ImportIn
      .Flags	SFInitData SFReadable 
      .Alignment	4
      .VirtualAddress	0
      .VirtualSize	0
      .RawPointer	151184
      .RawSize	20
[C:\GitHub\BlockyOS\tools\executable-format\exec.c:145:ReadSection]	Reading 20 from 151184
      Header: {
        .NDlls	0
        .DllImportPathTableRVO	151204
        .DllImportTableRVO	151204
      }
    
    [6]: {
      .Magic	5457218
      .Name	.ExportOut
      .Flags	SFInitData SFReadable 
      .Alignment	4
      .VirtualAddress	0
      .VirtualSize	0
      .RawPointer	151204
      .RawSize	4172
[C:\GitHub\BlockyOS\tools\executable-format\exec.c:145:ReadSection]	Reading 4172 from 151204
      Header: {
        .NExported	92
        .ExportTableRVO	151228
        .ExportNameRVO	154172
        .NExportAddresses	92[C:\GitHub\BlockyOS\tools\executable-format\exechandler.exe|-1073741819]

[C:\GitHub\BlockyOS\tools\executable-format\exec.c:177:WriteSection]	Writing 136192 to 4104
[C:\GitHub\BlockyOS\tools\executable-format\exec.c:177:WriteSection]	Writing 2560 to 140296
[C:\GitHub\BlockyOS\tools\executable-format\exec.c:177:WriteSection]	Writing 5632 to 142856
[C:\GitHub\BlockyOS\tools\executable-format\exec.c:177:WriteSection]	Writing 2696 to 148488
[C:\GitHub\BlockyOS\tools\executable-format\exec.c:177:WriteSection]	Writing 2696 to 148488
[C:\GitHub\BlockyOS\tools\executable-format\exec.c:681:CreateResourceSection]
[C:\GitHub\BlockyOS\tools\executable-format\exec.c:177:WriteSection]	Writing 20 to 151184
[C:\GitHub\BlockyOS\tools\executable-format\exec.c:725:CreateResourceSection]
[C:\GitHub\BlockyOS\tools\executable-format\exec.c:177:WriteSection]	Writing 20 to 151184
[C:\GitHub\BlockyOS\tools\executable-format\exec.c:177:WriteSection]	Writing 4172 to 151204
[C:\GitHub\BlockyOS\tools\executable-format\exec.c:177:WriteSection]	Writing 4172 to 151204
[C:\GitHub\BlockyOS\tools\executable-format\exec.c:748:CreateResourceSection]
[C:\GitHub\BlockyOS\tools\executable-format\exec.c:177:WriteSection]	Writing 9536 to 155376
[C:\GitHub\BlockyOS\tools\executable-format\exec.c:177:WriteSection]	Writing 4096 to 164912
[C:\GitHub\BlockyOS\Build\Build-nodate\root-part\libcrt.service]
Header: {
  .Magic	17730
  .SystemSection	.rsrc
  .NSections	9
  .RawHeaderSize	4096
  .SectionTabeOffset	52
    [0]: {
      .Magic	0
      .Name	
      .Flags	(null)
      .Alignment	0
      .VirtualAddress	0
      .VirtualSize	0
      .RawPointer	0
      .RawSize	0
      {
        
        
        
        
      }
    
    [1]: {
      .Magic	5457218
      .Name	.code
      .Flags	SFExecutable SFReadable 
      .Alignment	2190433320964
      .VirtualAddress	4096
      .VirtualSize	135952
      .RawPointer	4104
      .RawSize	136192
[C:\GitHub\BlockyOS\tools\executable-format\exec.c:147:ReadSection]	Reading 136192 from 4104
      {
        b8 00 00 c1 e3 00 00 f8 
        07 b9 00 eb 01 b9 00 72 
        00 00 0f 12 00 64 0f 07 
        00 00 a2 81 00 00 c7 e2 
      }
    
    [2]: {
      .Magic	5457218
      .Name	.data
      .Flags	SFInitData SFReadable SFWritable 
      .Alignment	2190433320964
      .VirtualAddress	143360
      .VirtualSize	2240
      .RawPointer	140296
      .RawSize	2560
[C:\GitHub\BlockyOS\tools\executable-format\exec.c:147:ReadSection]	Reading 2560 from 140296
      {
        53 53 00 33 53 53 2e 53 
        53 53 53 00 45 53 31 45 
        45 45 53 53 33 45 00 34 
        00 32 45 53 00 34 53 2e 
      }
    
    [3]: {
      .Magic	5457218
      .Name	.rodata
      .Flags	SFInitData SFReadable 
      .Alignment	2190433320964
      .VirtualAddress	147456
      .VirtualSize	5536
      .RawPointer	142856
      .RawSize	5632
[C:\GitHub\BlockyOS\tools\executable-format\exec.c:147:ReadSection]	Reading 5632 from 142856
      {
        10 01 2c 01 48 01 64 01 
        f0 00 f3 00 f6 00 f9 00 
        01 00 01 00 01 00 01 00 
        80 00 80 00 80 00 80 00 
      }
    
    [4]: {
      .Magic	5457218
      .Name	.RelS
      .Flags	SFInitData SFReadable 
      .Alignment	2190433320964
      .VirtualAddress	0
      .VirtualSize	2696
      .RawPointer	148488
      .RawSize	2696
[C:\GitHub\BlockyOS\tools\executable-format\exec.c:147:ReadSection]	Reading 2696 from 148488
      Header: {
        .DirectoryTable	148508
        .UnusedBytes	150672
        .NRelocationDirectories	5
        [0]: {
          .BaseAddress	12288
          .DirectorySize	76(16 Entries)
             [0]: {
            .Type	BRET64
            .Offset	1626(0x365A)
          } [1]: {
            .Type	BRET64
            .Offset	1650(0x3672)
          } [2]: {
            .Type	BRET64
            .Offset	1674(0x368A)
          } [3]: {
            .Type	BRET64
            .Offset	1698(0x36A2)
          } [4]: {
            .Type	BRET64
            .Offset	1722(0x36BA)
          } [5]: {
            .Type	BRET64
            .Offset	1746(0x36D2)
          } [6]: {
            .Type	BRET64
            .Offset	1770(0x36EA)
          } [7]: {
         
[SHELL]	FSFRAT.OPEN
[SHELL]	FSFRAT.MOUNT
[SHELL]	FSFRAT.WRITE
[SHELL OUT]: FSFRAT DRIVER
[SHELL OUT]: >> 
[SHELL OUT]: [C:\GitHub\BlockyOS\tools\filesystem\frat.c:193]  >>  Mounting FS Root: [C:/GitHub/BlockyOS/Build/Build-nodate/disk.img]
[SHELL OUT]: Verifying Disk GPT
[SHELL OUT]: [Parent:00007ff684f9d8f9] >>  C:/GitHub/BlockyOS/Build/Build-nodate/disk.img  ConfBlockSize: 512    Starting Disk Env ID: 
[SHELL OUT]: Reading Bytes
[SHELL OUT]: [Parent:00007ff684f9d914] >> Reading [92 bytes(s)->1 block(s)] to LBA[1(512)-2(1024)]
[SHELL OUT]: GPT Dump:
[SHELL OUT]:     Sig: "EFI PART"
[SHELL OUT]:     Rev: 65536
[SHELL OUT]:     Header-Size: 92
[SHELL OUT]:     Header Checksum: 2304508507
[SHELL OUT]:     localLBA: 1
[SHELL OUT]:     altLBA: 2623490
[SHELL OUT]:     firstUsable: 2048
[SHELL OUT]:     lastUsable: 2623488
[SHELL OUT]:     Disk-GUID: 
[SHELL OUT]:     Partition-Table: 2
[SHELL OUT]:     # of Partition-Entries: 3
[SHELL OUT]:     Partition-Entry Size: 128
[SHELL OUT]:     Partition-Table Checksum: 801556421
[SHELL OUT]: Closing Disk Interface >> {C:/GitHub/BlockyOS/Build/Build-nodate/disk.img}
[SHELL OUT]: GPT Exists? true
[SHELL OUT]: [Parent:00007ff684f9ee8f] >>  C:/GitHub/BlockyOS/Build/Build-nodate/disk.img  ConfBlockSize: 512    Starting Disk Env ID: 
[SHELL OUT]: Reading Bytes
[SHELL OUT]: [Parent:00007ff684f9eeb0] >> Reading [92 bytes(s)->1 block(s)] to LBA[1(512)-2(1024)]
[SHELL OUT]: [C:\GitHub\BlockyOS\tools\filesystem\frat.c:134]  >>  Querying Part Table
[SHELL OUT]: Reading Bytes
[SHELL OUT]: [Parent:00007ff684f9e700] >> Reading [384 bytes(s)->1 block(s)] to LBA[2(1024)-3(1536)]
[SHELL OUT]: [C:\GitHub\BlockyOS\tools\filesystem\frat.c:142]  >>  GPT-Entry: BOOT{2048:526335 -> 524287}
[SHELL OUT]: [C:\GitHub\BlockyOS\tools\filesystem\frat.c:156]  >>  Querying FS at 2048
[SHELL OUT]: Reading Bytes
[SHELL OUT]: [Parent:00007ff684f9eba4] >> Reading [36 bytes(s)->1 block(s)] to LBA[2048(1048576)-2049(1049088)]
[SHELL OUT]: FS-Root Blob:
[SHELL OUT]:     Version: [0:524288]
[SHELL OUT]:     Sig: 
[SHELL OUT]:     Configured Log Sectors: 2
[SHELL OUT]:     Configured Block Size: 0
[SHELL OUT]:     Configured Cluster-Map Size: 16711743
[SHELL OUT]: [C:\GitHub\BlockyOS\tools\filesystem\frat.c:142]  >>  GPT-Entry: ROOT{526336:2623487 -> 2097151}
[SHELL OUT]: [C:\GitHub\BlockyOS\tools\filesystem\frat.c:156]  >>  Querying FS at 526336
[SHELL OUT]: Reading Bytes
[SHELL OUT]: [Parent:00007ff684f9eba4] >> Reading [36 bytes(s)->1 block(s)] to LBA[526336(269484032)-526337(269484544)]
[SHELL OUT]: FS-Root Blob:
[SHELL OUT]:     Version: [1:0]
[SHELL OUT]:     Sig: FRAT_FILESYSTEM
[SHELL OUT]:     Configured Log Sectors: 5
[SHELL OUT]:     Configured Block Size: 512
[SHELL OUT]:     Configured Cluster-Map Size: 81920
[SHELL OUT]: [C:\GitHub\BlockyOS\tools\filesystem\frat.c:181]  >>  FS Found at [526336]:
[SHELL OUT]: 	Version-Code: [1:0]
[SHELL OUT]: 	Configured Block-Size: 512
[SHELL OUT]: 	Configured Cluster-Size: 81920
[SHELL OUT]: 	Configured # of Log-Sectors: 5
[SHELL OUT]: 	Configured Log-Size: 90
[SHELL OUT]: [C:\GitHub\BlockyOS\tools\filesystem\frat.c:205]  >>  Found Formatted Partition: 526336:2623487 -> 2097151
[SHELL OUT]: Reading Bytes
[SHELL OUT]: [Parent:00007ff684f9efe1] >> Reading [36 bytes(s)->1 block(s)] to LBA[526336(269484032)-526337(269484544)]
[SHELL OUT]: [C:\GitHub\BlockyOS\tools\filesystem\frat.c:218]  >>  Root: 526336:2623487 -> 2097151 LBAs
[SHELL OUT]: 	Version-Code: [1:0]
[SHELL OUT]: 	Configured Block-Size: 512
[SHELL OUT]: 	Configured Cluster-Size: 81920
[SHELL OUT]: 	Configured # of Log-Sectors: 81920
[SHELL OUT]: 	Configured Log-Size: 5
[SHELL OUT]: Reading Bytes
[SHELL OUT]: [Parent:00007ff684f9f325] >> Reading [2560 bytes(s)->5 block(s)] to LBA[526337(269484544)-526342(269487104)]
[SHELL OUT]: Reading Bytes
[SHELL OUT]: [Parent:00007ff684f9f3a6] >> Reading [81920 bytes(s)->160 block(s)] to LBA[526343(269487616)-526503(269569536)]
[SHELL OUT]:     Verifying FS Root Items #items: 4096
[SHELL OUT]: Closing Disk Interface >> {C:/GitHub/BlockyOS/Build/Build-nodate/disk.img}
[SHELL OUT]: FRATSYNC
[SHELL OUT]: >> 
[SHELL OUT]: >> 
[SHELL OUT]: >> 
[SHELL OUT]: Mounting File [SYSD/LIBCRT.app] with "f"
[SHELL OUT]: Root is 000002114c92a2d0
[SHELL OUT]: FRATSYNC
[SHELL OUT]: >> 
[SHELL OUT]: >> 
Initializing CGCC.MAKE build process...
Skipping C:\GitHub\BlockyOS\src\kernel\libcrt\hardware\RNG\RNG.asm - up to date; source=2026-09-02T19:29:50.4588980Z, stored=09/02/2026 19:29:50
Skipping C:\GitHub\BlockyOS\src\kernel\libcrt\hardware\RNG\RNG.c - up to date; source=2026-09-01T19:51:35.2375749Z, stored=09/01/2026 19:51:35
Skipping C:\GitHub\BlockyOS\src\kernel\libcrt\hardware\GDT\GDT.asm - up to date; source=2026-09-02T19:29:50.4759038Z, stored=09/02/2026 19:29:50
Skipping C:\GitHub\BlockyOS\src\kernel\libcrt\hardware\GDT\GDT.c - up to date; source=2026-08-31T20:29:21.6186178Z, stored=08/31/2026 20:29:21
Skipping C:\GitHub\BlockyOS\src\kernel\libcrt\hardware\paging\paging.asm - up to date; source=2026-09-02T19:29:50.4619061Z, stored=09/02/2026 19:29:50
Skipping C:\GitHub\BlockyOS\src\kernel\libcrt\hardware\paging\paging.c - up to date; source=2026-09-01T20:10:14.1486119Z, stored=09/01/2026 20:10:14
Skipping C:\GitHub\BlockyOS\src\kernel\libcrt\hardware\SSE\SSE.asm - up to date; source=2026-09-02T19:29:50.4759038Z, stored=09/02/2026 19:29:50
Skipping C:\GitHub\BlockyOS\src\kernel\libcrt\hardware\SSE\SSE.c - up to date; source=2026-09-01T15:31:49.0191638Z, stored=09/01/2026 15:31:49
Skipping C:\GitHub\BlockyOS\src\kernel\libcrt\memory\memory.c - up to date; source=2026-09-01T14:27:41.5007315Z, stored=09/01/2026 14:27:41
Skipping C:\GitHub\BlockyOS\src\kernel\libcrt\memory\string.c - up to date; source=2026-08-31T17:22:17.0368394Z, stored=08/31/2026 17:22:17
Skipping C:\GitHub\BlockyOS\src\kernel\libcrt\hardware\paging\palloc.c - up to date; source=2026-09-01T20:10:14.1506184Z, stored=09/01/2026 20:10:14
Skipping C:\GitHub\BlockyOS\src\kernel\libcrt\memory\allocator\palloc.c - up to date; source=2026-09-02T18:08:03.4509785Z, stored=09/02/2026 18:08:03
Skipping C:\GitHub\BlockyOS\src\kernel\libcrt\memory\allocator\mmalloc.c - up to date; source=2026-09-01T00:47:09.6602809Z, stored=09/01/2026 00:47:09
Skipping C:\GitHub\BlockyOS\src\kernel\libcrt\math\math.c - up to date; source=2026-09-02T20:24:18.8720404Z, stored=09/02/2026 20:24:18
Skipping C:\GitHub\BlockyOS\src\kernel\libcrt\hardware\IO\IO.asm - up to date; source=2026-09-02T19:29:50.4759038Z, stored=09/02/2026 19:29:50
Skipping C:\GitHub\BlockyOS\src\kernel\libcrt\hardware\IDT\IDT.asm - up to date; source=2026-09-02T19:29:50.4759038Z, stored=09/02/2026 19:29:50
Skipping C:\GitHub\BlockyOS\src\kernel\libcrt\hardware\IDT\ISR.asm - up to date; source=2026-09-02T19:08:06.2288527Z, stored=09/02/2026 19:08:06
Skipping C:\GitHub\BlockyOS\src\kernel\libcrt\hardware\IDT\ISR.c - up to date; source=2026-09-02T18:48:44.0968136Z, stored=09/02/2026 18:48:44
Skipping C:\GitHub\BlockyOS\src\kernel\libcrt\hardware\ACPI\ACPI.c - up to date; source=2026-08-31T20:25:27.3210120Z, stored=08/31/2026 20:25:27
Skipping C:\GitHub\BlockyOS\src\kernel\libcrt\hardware\IDT\APIC\APIC.c - up to date; source=2026-08-31T17:22:17.1088393Z, stored=08/31/2026 17:22:17
Skipping C:\GitHub\BlockyOS\src\kernel\libcrt\hardware\IDT\APIC\IOAPIC.c - up to date; source=2026-08-31T23:06:36.2138524Z, stored=08/31/2026 23:06:36
Skipping C:\GitHub\BlockyOS\src\kernel\libcrt\hardware\IDT\APIC\LocalAPIC.c - up to date; source=2026-09-01T14:06:58.1209403Z, stored=09/01/2026 14:06:58
Skipping C:\GitHub\BlockyOS\src\kernel\libcrt\hardware\IDT\APIC\LocalAPICTimer.c - up to date; source=2026-09-01T19:52:35.3774846Z, stored=09/01/2026 19:52:35
Skipping C:\GitHub\BlockyOS\src\kernel\libcrt\hardware\hardware.c - up to date; source=2026-09-01T16:46:09.0571163Z, stored=09/01/2026 16:46:09
Skipping C:\GitHub\BlockyOS\src\kernel\libcrt\BLAKE2\blake2b-ref.c - up to date; source=2026-08-31T20:05:16.6578387Z, stored=08/31/2026 20:05:16
Skipping C:\GitHub\BlockyOS\src\kernel\libcrt\BLAKE2\blake2bp-ref.c - up to date; source=2026-08-31T20:05:20.6816175Z, stored=08/31/2026 20:05:20
Skipping C:\GitHub\BlockyOS\src\kernel\libcrt\BLAKE2\blake2s-ref.c - up to date; source=2026-08-31T20:05:24.7027041Z, stored=08/31/2026 20:05:24
Skipping C:\GitHub\BlockyOS\src\kernel\libcrt\BLAKE2\blake2sp-ref.c - up to date; source=2026-08-31T20:05:27.6610089Z, stored=08/31/2026 20:05:27
Skipping C:\GitHub\BlockyOS\src\kernel\libcrt\BLAKE2\blake2xb-ref.c - up to date; source=2026-09-01T14:03:25.3444410Z, stored=09/01/2026 14:03:25
Skipping C:\GitHub\BlockyOS\src\kernel\libcrt\BLAKE2\blake2xs-ref.c - up to date; source=2026-08-31T17:22:17.0728377Z, stored=08/31/2026 17:22:17
Skipping C:\GitHub\BlockyOS\src\kernel\libcrt\hardware\PCIe\PCIe.c - up to date; source=2026-08-31T23:54:42.2532022Z, stored=08/31/2026 23:54:42
Skipping C:\GitHub\BlockyOS\src\kernel\libcrt\hardware\SSE\UTILS.asm - up to date; source=2026-09-01T00:20:39.1738118Z, stored=09/01/2026 00:20:39
Skipping C:\GitHub\BlockyOS\src\kernel\libcrt\alibcrt.def - up to date; source=2026-09-01T20:03:41.5382359Z, stored=09/01/2026 20:03:41
gcc C:\GitHub\BlockyOS\compile\cache\asm.RNG.o C:\GitHub\BlockyOS\compile\cache\c.RNG.o C:\GitHub\BlockyOS\compile\cache\asm.GDT.o C:\GitHub\BlockyOS\compile\cache\c.GDT.o C:\GitHub\BlockyOS\compile\cache\asm.paging.o C:\GitHub\BlockyOS\compile\cache\c.paging.o C:\GitHub\BlockyOS\compile\cache\asm.SSE.o C:\GitHub\BlockyOS\compile\cache\c.SSE.o C:\GitHub\BlockyOS\compile\cache\c.memory.o C:\GitHub\BlockyOS\compile\cache\c.string.o C:\GitHub\BlockyOS\compile\cache\c.palloc.o C:\GitHub\BlockyOS\compile\cache\c.palloc(1).o C:\GitHub\BlockyOS\compile\cache\c.mmalloc.o C:\GitHub\BlockyOS\compile\cache\c.math.o C:\GitHub\BlockyOS\compile\cache\asm.IO.o C:\GitHub\BlockyOS\compile\cache\asm.IDT.o C:\GitHub\BlockyOS\compile\cache\asm.ISR.o C:\GitHub\BlockyOS\compile\cache\c.ISR.o C:\GitHub\BlockyOS\compile\cache\c.ACPI.o C:\GitHub\BlockyOS\compile\cache\c.APIC.o C:\GitHub\BlockyOS\compile\cache\c.IOAPIC.o C:\GitHub\BlockyOS\compile\cache\c.LocalAPIC.o C:\GitHub\BlockyOS\compile\cache\c.LocalAPICTimer.o C:\GitHub\BlockyOS\compile\cache\c.hardware.o C:\GitHub\BlockyOS\compile\cache\c.blake2b-ref.o C:\GitHub\BlockyOS\compile\cache\c.blake2bp-ref.o C:\GitHub\BlockyOS\compile\cache\c.blake2s-ref.o C:\GitHub\BlockyOS\compile\cache\c.blake2sp-ref.o C:\GitHub\BlockyOS\compile\cache\c.blake2xb-ref.o C:\GitHub\BlockyOS\compile\cache\c.blake2xs-ref.o C:\GitHub\BlockyOS\compile\cache\c.PCIe.o C:\GitHub\BlockyOS\compile\cache\asm.UTILS.o C:/GitHub/BlockyOS/src/kernel/libcrt/alibcrt.def -Wl,-flinker-output=dyn -Wl,-nostdlib -Wl,--emit-relocs -Wl,-shared -Wl,-Bsymbolic -Wl,-Map,C:\GitHub\BlockyOS\src\kernel\libcrt\alibcrt.map -fdiagnostics-color=always -fno-diagnostics-show-highlight-colors -nostartfiles -nodefaultlibs -o C:/GitHub/BlockyOS/Build/Build-nodate/root-part/libcrt.dll
Build finished successfully -> C:/GitHub/BlockyOS/Build/Build-nodate/root-part/libcrt.dll


[SHELL]	PE2EXEC.MAKE
C:\GitHub\BlockyOS\tools\executable-format\exechandler.exe C:/GitHub/BlockyOS/Build/Build-nodate/root-part/libcrt.dll C:/GitHub/BlockyOS/Build/Build-nodate/root-part/libcrt.service -od -L C:/GitHub/BlockyOS/src/kernel/libcrt/alibcrt.log

[(null):2265514608:DumpBeHeader]	Writing 2177548419139 bytes to 4096
[(null):2265514608:DumpBeHeader]	Writing 140716013518915 bytes to 140716013522944
[(null):2265514608:DumpBeHeader]	Writing 140716013518915 bytes to 140716013522944
[(null):2265514608:DumpBeHeader]	Writing 140716013518915 bytes to 140716013522944
[(null):2265514608:DumpBeHeader]	Writing 140716013518915 bytes to 140716013522944
[C:\GitHub\BlockyOS\tools\executable-format\exec.c:679:CreateResourceSection]
[(null):2265514608:DumpBeHeader]	Writing 140716013518915 bytes to 140716013522944
[C:\GitHub\BlockyOS\tools\executable-format\exec.c:723:CreateResourceSection]
[(null):2265514608:DumpBeHeader]	Writing 140716013518915 bytes to 140716013522944
[C:\GitHub\BlockyOS\tools\executable-format\exec.c:746:CreateResourceSection]
[(null):2265514608:DumpBeHeader]	Writing 140716013518915 bytes to 140716013522944
[(null):2265514608:DumpBeHeader]	Writing 140716013518915 bytes to 140716013522944
[C:\GitHub\BlockyOS\Build\Build-nodate\root-part\libcrt.service]
Header: {
  .Magic	17730
  .SystemSection	.rsrc
  .NSections	9
  .RawHeaderSize	4096
  .SectionTabeOffset	52
    [0]: {
      .Magic	0
      .Name	
      .Flags	(null)
      .Alignment	0
      .VirtualAddress	0
      .VirtualSize	0
      .RawPointer	0
      .RawSize	0
      {
        
        
        
        
      }
    
    [1]: {
      .Magic	5457218
      .Name	.code
      .Flags	SFExecutable SFReadable 
      .Alignment	4
      .VirtualAddress	4096
      .VirtualSize	135952
      .RawPointer	4104
      .RawSize	136192
[C:\GitHub\BlockyOS\tools\executable-format\exec.c:145:ReadSection]	Reading 136192 from 4104
      {
        b8 00 00 c1 e3 00 00 f8 
        07 b9 00 eb 01 b9 00 72 
        00 00 0f 12 00 64 0f 07 
        00 00 a2 81 00 00 c7 e2 
      }
    
    [2]: {
      .Magic	5457218
      .Name	.data
      .Flags	SFInitData SFReadable SFWritable 
      .Alignment	4
      .VirtualAddress	143360
      .VirtualSize	2240
      .RawPointer	140296
      .RawSize	2560
[C:\GitHub\BlockyOS\tools\executable-format\exec.c:145:ReadSection]	Reading 2560 from 140296
      {
        53 53 00 33 53 53 2e 53 
        53 53 53 00 45 53 31 45 
        45 45 53 53 33 45 00 34 
        00 32 45 53 00 34 53 2e 
      }
    
    [3]: {
      .Magic	5457218
      .Name	.rodata
      .Flags	SFInitData SFReadable 
      .Alignment	4
      .VirtualAddress	147456
      .VirtualSize	5536
      .RawPointer	142856
      .RawSize	5632
[C:\GitHub\BlockyOS\tools\executable-format\exec.c:145:ReadSection]	Reading 5632 from 142856
      {
        10 01 2c 01 48 01 64 01 
        f0 00 f3 00 f6 00 f9 00 
        01 00 01 00 01 00 01 00 
        80 00 80 00 80 00 80 00 
      }
    
    [4]: {
      .Magic	5457218
      .Name	.RelS
      .Flags	SFInitData SFReadable 
      .Alignment	4
      .VirtualAddress	0
      .VirtualSize	2696
      .RawPointer	148488
      .RawSize	2696
[C:\GitHub\BlockyOS\tools\executable-format\exec.c:145:ReadSection]	Reading 2696 from 148488
      Header: {
        .DirectoryTable	148508
        .UnusedBytes	150672
        .NRelocationDirectories	2177548419077
        [0]: {
          .BaseAddress	12288
          .DirectorySize	76(16 Entries)
             [0]: {
            .Type	BRET64
            .Offset	1626(0x365A)
          } [1]: {
            .Type	BRET64
            .Offset	1650(0x3672)
          } [2]: {
            .Type	BRET64
            .Offset	1674(0x368A)
          } [3]: {
            .Type	BRET64
            .Offset	1698(0x36A2)
          } [4]: {
            .Type	BRET64
            .Offset	1722(0x36BA)
          } [5]: {
            .Type	BRET64
            .Offset	1746(0x36D2)
          } [6]: {
            .Type	BRET64
            .Offset	1770(0x36EA)
          } [7]: {
            .Type	BRET64
            .Offset	1794(0x3702)
          }
        }
        [1]: {
          .BaseAddress	143360
          .DirectorySize	1004(248 Entries)
             [0]: {
            .Type	BRET64
            .Offset	192(0x230C0)
          } [1]: {
            .Type	BRET64
            .Offset	200(0x230C8)
          } [2]: {
            .Type	BRET64
            .Offset	208(0x230D0)
          } [3]: {
            .Type	BRET64
            .Offset	216(0x230D8)
          } [4]: {
            .Type	BRET64
            .Offset	224(0x230E0)
          } [5]: {
            .Type	BRET64
            .Offset	232(0x230E8)
          } [6]: {
            .Type	BRET64
            .Offset	240(0x230F0)
          } [7]: {
            .Type	BRET64
            .Offset	248(0x230F8)
          }
        }
        [2]: {
          .BaseAddress	147456
          .DirectorySize	1044(258 Entries)
             [0]: {
            .Type	BRET64
            .Offset	0(0x24000)
          } [1]: {
            .Type	BRET64
            .Offset	8(0x24008)
          } [2]: {
            .Type	BRET64
            .Offset	16(0x24010)
          } [3]: {
            .Type	BRET64
            .Offset	24(0x24018)
          } [4]: {
            .Type	BRET64
            .Offset	32(0x24020)
          } [5]: {
            .Type	BRET64
            .Offset	40(0x24028)
          } [6]: {
            .Type	BRET64
            .Offset	48(0x24030)
          } [7]: {
            .Type	BRET64
            .Offset	56(0x24038)
          }
        }
        [3]: {
          .BaseAddress	151552
          .DirectorySize	28(4 Entries)
             [0]: {
            .Type	BRET64
            .Offset	160(0x250A0)
          } [1]: {
            .Type	BRET64
            .Offset	192(0x250C0)
          } [2]: {
            .Type	BRET64
            .Offset	208(0x250D0)
          } [3]: {
            .Type	BRET64
            .Offset	224(0x250E0)
          }
        }
        [4]: {
          .BaseAddress	0
          .DirectorySize	12(0 Entries)
            
        }
      }
    
    [5]: {
      .Magic	5457218
      .Name	.ImportIn
      .Flags	SFInitData SFReadable 
      .Alignment	4
      .VirtualAddress	0
      .VirtualSize	0
      .RawPointer	151184
      .RawSize	20
[C:\GitHub\BlockyOS\tools\executable-format\exec.c:145:ReadSection]	Reading 20 from 151184
      Header: {
        .NDlls	0
        .DllImportPathTableRVO	151204
        .DllImportTableRVO	151204
      }
    
    [6]: {
      .Magic	5457218
      .Name	.ExportOut
      .Flags	SFInitData SFReadable 
      .Alignment	4
      .VirtualAddress	0
      .VirtualSize	0
      .RawPointer	151204
      .RawSize	4172
[C:\GitHub\BlockyOS\tools\executable-format\exec.c:145:ReadSection]	Reading 4172 from 151204
      Header: {
        .NExported	92
        .ExportTableRVO	151228
        .ExportNameRVO	154172
        .NExportAddresses	92[C:\GitHub\BlockyOS\tools\executable-format\exechandler.exe|-1073741819]

[C:\GitHub\BlockyOS\tools\executable-format\exec.c:177:WriteSection]	Writing 136192 to 4104
[C:\GitHub\BlockyOS\tools\executable-format\exec.c:177:WriteSection]	Writing 2560 to 140296
[C:\GitHub\BlockyOS\tools\executable-format\exec.c:177:WriteSection]	Writing 5632 to 142856
[C:\GitHub\BlockyOS\tools\executable-format\exec.c:177:WriteSection]	Writing 2696 to 148488
[C:\GitHub\BlockyOS\tools\executable-format\exec.c:177:WriteSection]	Writing 2696 to 148488
[C:\GitHub\BlockyOS\tools\executable-format\exec.c:681:CreateResourceSection]
[C:\GitHub\BlockyOS\tools\executable-format\exec.c:177:WriteSection]	Writing 20 to 151184
[C:\GitHub\BlockyOS\tools\executable-format\exec.c:725:CreateResourceSection]
[C:\GitHub\BlockyOS\tools\executable-format\exec.c:177:WriteSection]	Writing 20 to 151184
[C:\GitHub\BlockyOS\tools\executable-format\exec.c:177:WriteSection]	Writing 4172 to 151204
[C:\GitHub\BlockyOS\tools\executable-format\exec.c:177:WriteSection]	Writing 4172 to 151204
[C:\GitHub\BlockyOS\tools\executable-format\exec.c:748:CreateResourceSection]
[C:\GitHub\BlockyOS\tools\executable-format\exec.c:177:WriteSection]	Writing 9536 to 155376
[C:\GitHub\BlockyOS\tools\executable-format\exec.c:177:WriteSection]	Writing 4096 to 164912
[C:\GitHub\BlockyOS\Build\Build-nodate\root-part\libcrt.service]
Header: {
  .Magic	17730
  .SystemSection	.rsrc
  .NSections	9
  .RawHeaderSize	4096
  .SectionTabeOffset	52
    [0]: {
      .Magic	0
      .Name	
      .Flags	(null)
      .Alignment	0
      .VirtualAddress	0
      .VirtualSize	0
      .RawPointer	0
      .RawSize	0
      {
        
        
        
        
      }
    
    [1]: {
      .Magic	5457218
      .Name	.code
      .Flags	SFExecutable SFReadable 
      .Alignment	2177548419076
      .VirtualAddress	4096
      .VirtualSize	135952
      .RawPointer	4104
      .RawSize	136192
[C:\GitHub\BlockyOS\tools\executable-format\exec.c:147:ReadSection]	Reading 136192 from 4104
      {
        b8 00 00 c1 e3 00 00 f8 
        07 b9 00 eb 01 b9 00 72 
        00 00 0f 12 00 64 0f 07 
        00 00 a2 81 00 00 c7 e2 
      }
    
    [2]: {
      .Magic	5457218
      .Name	.data
      .Flags	SFInitData SFReadable SFWritable 
      .Alignment	2177548419076
      .VirtualAddress	143360
      .VirtualSize	2240
      .RawPointer	140296
      .RawSize	2560
[C:\GitHub\BlockyOS\tools\executable-format\exec.c:147:ReadSection]	Reading 2560 from 140296
      {
        53 53 00 33 53 53 2e 53 
        53 53 53 00 45 53 31 45 
        45 45 53 53 33 45 00 34 
        00 32 45 53 00 34 53 2e 
      }
    
    [3]: {
      .Magic	5457218
      .Name	.rodata
      .Flags	SFInitData SFReadable 
      .Alignment	2177548419076
      .VirtualAddress	147456
      .VirtualSize	5536
      .RawPointer	142856
      .RawSize	5632
[C:\GitHub\BlockyOS\tools\executable-format\exec.c:147:ReadSection]	Reading 5632 from 142856
      {
        10 01 2c 01 48 01 64 01 
        f0 00 f3 00 f6 00 f9 00 
        01 00 01 00 01 00 01 00 
        80 00 80 00 80 00 80 00 
      }
    
    [4]: {
      .Magic	5457218
      .Name	.RelS
      .Flags	SFInitData SFReadable 
      .Alignment	2177548419076
      .VirtualAddress	0
      .VirtualSize	2696
      .RawPointer	148488
      .RawSize	2696
[C:\GitHub\BlockyOS\tools\executable-format\exec.c:147:ReadSection]	Reading 2696 from 148488
      Header: {
        .DirectoryTable	148508
        .UnusedBytes	150672
        .NRelocationDirectories	5
        [0]: {
          .BaseAddress	12288
          .DirectorySize	76(16 Entries)
             [0]: {
            .Type	BRET64
            .Offset	1626(0x365A)
          } [1]: {
            .Type	BRET64
            .Offset	1650(0x3672)
          } [2]: {
            .Type	BRET64
            .Offset	1674(0x368A)
          } [3]: {
            .Type	BRET64
            .Offset	1698(0x36A2)
          } [4]: {
            .Type	BRET64
            .Offset	1722(0x36BA)
          } [5]: {
            .Type	BRET64
            .Offset	1746(0x36D2)
          } [6]: {
            .Type	BRET64
            .Offset	1770(0x36EA)
          } [7]: {
         
[SHELL]	FSFRAT.OPEN
[SHELL]	FSFRAT.MOUNT
[SHELL OUT]: FSFRAT DRIVER
[SHELL OUT]: >> 
[SHELL OUT]: [C:\GitHub\BlockyOS\tools\filesystem\frat.c:193]  >>  Mounting FS Root: [C:/GitHub/BlockyOS/Build/Build-nodate/disk.img]
[SHELL OUT]: Verifying Disk GPT
[SHELL OUT]: [Parent:00007ff7bf6fd8f9] >>  C:/GitHub/BlockyOS/Build/Build-nodate/disk.img  ConfBlockSize: 512    Starting Disk Env ID: 
[SHELL OUT]: Reading Bytes
[SHELL OUT]: [Parent:00007ff7bf6fd914] >> Reading [92 bytes(s)->1 block(s)] to LBA[1(512)-2(1024)]
[SHELL OUT]: GPT Dump:
[SHELL OUT]:     Sig: "EFI PART"
[SHELL OUT]:     Rev: 65536
[SHELL OUT]:     Header-Size: 92
[SHELL OUT]:     Header Checksum: 2304508507
[SHELL OUT]:     localLBA: 1
[SHELL OUT]:     altLBA: 2623490
[SHELL OUT]:     firstUsable: 2048
[SHELL OUT]:     lastUsable: 2623488
[SHELL OUT]:     Disk-GUID: 
[SHELL OUT]:     Partition-Table: 2
[SHELL OUT]:     # of Partition-Entries: 3
[SHELL OUT]:     Partition-Entry Size: 128
[SHELL OUT]:     Partition-Table Checksum: 801556421
[SHELL OUT]: Closing Disk Interface >> {C:/GitHub/BlockyOS/Build/Build-nodate/disk.img}
[SHELL OUT]: GPT Exists? true
[SHELL OUT]: [Parent:00007ff7bf6fee8f] >>  C:/GitHub/BlockyOS/Build/Build-nodate/disk.img  ConfBlockSize: 512    Starting Disk Env ID: 
[SHELL OUT]: Reading Bytes
[SHELL OUT]: [Parent:00007ff7bf6feeb0] >> Reading [92 bytes(s)->1 block(s)] to LBA[1(512)-2(1024)]
[SHELL OUT]: [C:\GitHub\BlockyOS\tools\filesystem\frat.c:134]  >>  Querying Part Table
[SHELL OUT]: Reading Bytes
[SHELL OUT]: [Parent:00007ff7bf6fe700] >> Reading [384 bytes(s)->1 block(s)] to LBA[2(1024)-3(1536)]
[SHELL OUT]: [C:\GitHub\BlockyOS\tools\filesystem\frat.c:142]  >>  GPT-Entry: BOOT{2048:526335 -> 524287}
[SHELL OUT]: [C:\GitHub\BlockyOS\tools\filesystem\frat.c:156]  >>  Querying FS at 2048
[SHELL OUT]: Reading Bytes
[SHELL OUT]: [Parent:00007ff7bf6feba4] >> Reading [36 bytes(s)->1 block(s)] to LBA[2048(1048576)-2049(1049088)]
[SHELL OUT]: FS-Root Blob:
[SHELL OUT]:     Version: [0:524288]
[SHELL OUT]:     Sig: 
[SHELL OUT]:     Configured Log Sectors: 2
[SHELL OUT]:     Configured Block Size: 0
[SHELL OUT]:     Configured Cluster-Map Size: 16711743
[SHELL OUT]: [C:\GitHub\BlockyOS\tools\filesystem\frat.c:142]  >>  GPT-Entry: ROOT{526336:2623487 -> 2097151}
[SHELL OUT]: [C:\GitHub\BlockyOS\tools\filesystem\frat.c:156]  >>  Querying FS at 526336
[SHELL OUT]: Reading Bytes
[SHELL OUT]: [Parent:00007ff7bf6feba4] >> Reading [36 bytes(s)->1 block(s)] to LBA[526336(269484032)-526337(269484544)]
[SHELL OUT]: FS-Root Blob:
[SHELL OUT]:     Version: [1:0]
[SHELL OUT]:     Sig: FRAT_FILESYSTEM
[SHELL OUT]:     Configured Log Sectors: 5
[SHELL OUT]:     Configured Block Size: 512
[SHELL OUT]:     Configured Cluster-Map Size: 81920
[SHELL OUT]: [C:\GitHub\BlockyOS\tools\filesystem\frat.c:181]  >>  FS Found at [526336]:
[SHELL OUT]: 	Version-Code: [1:0]
[SHELL OUT]: 	Configured Block-Size: 512
[SHELL OUT]: 	Configured Cluster-Size: 81920
[SHELL OUT]: 	Configured # of Log-Sectors: 5
[SHELL OUT]: 	Configured Log-Size: 90
[SHELL OUT]: [C:\GitHub\BlockyOS\tools\filesystem\frat.c:205]  >>  Found Formatted Partition: 526336:2623487 -> 2097151
[SHELL OUT]: Reading Bytes
[SHELL OUT]: [Parent:00007ff7bf6fefe1] >> Reading [36 bytes(s)->1 block(s)] to LBA[526336(269484032)-526337(269484544)]
[SHELL OUT]: [C:\GitHub\BlockyOS\tools\filesystem\frat.c:218]  >>  Root: 526336:2623487 -> 2097151 LBAs
[SHELL OUT]: 	Version-Code: [1:0]
[SHELL OUT]: 	Configured Block-Size: 512
[SHELL OUT]: 	Configured # of Log-Sectors: 81920
[SHELL OUT]: 	Configured Log-Size: 5
[SHELL OUT]: Reading Bytes
[SHELL OUT]: [Parent:00007ff7bf6ff325] >> Reading [2560 bytes(s)->5 block(s)] to LBA[526337(269484544)-526342(269487104)]
[SHELL OUT]: Reading Bytes
[SHELL OUT]: [Parent:00007ff7bf6ff3a6] >> Reading [81920 bytes(s)->160 block(s)] to LBA[526343(269487616)-526503(269569536)]
[SHELL OUT]:     Verifying FS Root Items #items: 4096
[SHELL OUT]: Closing Disk Interface >> {C:/GitHub/BlockyOS/Build/Build-nodate/disk.img}
[SHELL OUT]: FRATSYNC
[SHELL OUT]: 	Configured Cluster-Size: 81920
Initializing CGCC.MAKE build process...
Skipping C:\GitHub\BlockyOS\src\kernel\libcrt\hardware\RNG\RNG.asm - up to date; source=2026-09-02T19:29:50.4588980Z, stored=09/02/2026 19:29:50
Skipping C:\GitHub\BlockyOS\src\kernel\libcrt\hardware\RNG\RNG.c - up to date; source=2026-09-01T19:51:35.2375749Z, stored=09/01/2026 19:51:35
Skipping C:\GitHub\BlockyOS\src\kernel\libcrt\hardware\GDT\GDT.asm - up to date; source=2026-09-02T19:29:50.4759038Z, stored=09/02/2026 19:29:50
Skipping C:\GitHub\BlockyOS\src\kernel\libcrt\hardware\GDT\GDT.c - up to date; source=2026-08-31T20:29:21.6186178Z, stored=08/31/2026 20:29:21
Skipping C:\GitHub\BlockyOS\src\kernel\libcrt\hardware\paging\paging.asm - up to date; source=2026-09-02T19:29:50.4619061Z, stored=09/02/2026 19:29:50
Skipping C:\GitHub\BlockyOS\src\kernel\libcrt\hardware\paging\paging.c - up to date; source=2026-09-01T20:10:14.1486119Z, stored=09/01/2026 20:10:14
Skipping C:\GitHub\BlockyOS\src\kernel\libcrt\hardware\SSE\SSE.asm - up to date; source=2026-09-02T19:29:50.4759038Z, stored=09/02/2026 19:29:50
Skipping C:\GitHub\BlockyOS\src\kernel\libcrt\hardware\SSE\SSE.c - up to date; source=2026-09-01T15:31:49.0191638Z, stored=09/01/2026 15:31:49
Skipping C:\GitHub\BlockyOS\src\kernel\libcrt\memory\memory.c - up to date; source=2026-09-01T14:27:41.5007315Z, stored=09/01/2026 14:27:41
Skipping C:\GitHub\BlockyOS\src\kernel\libcrt\memory\string.c - up to date; source=2026-08-31T17:22:17.0368394Z, stored=08/31/2026 17:22:17
Skipping C:\GitHub\BlockyOS\src\kernel\libcrt\hardware\paging\palloc.c - up to date; source=2026-09-01T20:10:14.1506184Z, stored=09/01/2026 20:10:14
Skipping C:\GitHub\BlockyOS\src\kernel\libcrt\memory\allocator\palloc.c - up to date; source=2026-09-02T18:08:03.4509785Z, stored=09/02/2026 18:08:03
Skipping C:\GitHub\BlockyOS\src\kernel\libcrt\memory\allocator\mmalloc.c - up to date; source=2026-09-01T00:47:09.6602809Z, stored=09/01/2026 00:47:09
Skipping C:\GitHub\BlockyOS\src\kernel\libcrt\math\math.c - up to date; source=2026-09-02T20:24:18.8720404Z, stored=09/02/2026 20:24:18
Skipping C:\GitHub\BlockyOS\src\kernel\libcrt\hardware\IO\IO.asm - up to date; source=2026-09-02T19:29:50.4759038Z, stored=09/02/2026 19:29:50
Skipping C:\GitHub\BlockyOS\src\kernel\libcrt\hardware\IDT\IDT.asm - up to date; source=2026-09-02T19:29:50.4759038Z, stored=09/02/2026 19:29:50
Skipping C:\GitHub\BlockyOS\src\kernel\libcrt\hardware\IDT\ISR.asm - up to date; source=2026-09-02T19:08:06.2288527Z, stored=09/02/2026 19:08:06
Skipping C:\GitHub\BlockyOS\src\kernel\libcrt\hardware\IDT\ISR.c - up to date; source=2026-09-02T18:48:44.0968136Z, stored=09/02/2026 18:48:44
Skipping C:\GitHub\BlockyOS\src\kernel\libcrt\hardware\ACPI\ACPI.c - up to date; source=2026-08-31T20:25:27.3210120Z, stored=08/31/2026 20:25:27
Skipping C:\GitHub\BlockyOS\src\kernel\libcrt\hardware\IDT\APIC\APIC.c - up to date; source=2026-08-31T17:22:17.1088393Z, stored=08/31/2026 17:22:17
Skipping C:\GitHub\BlockyOS\src\kernel\libcrt\hardware\IDT\APIC\IOAPIC.c - up to date; source=2026-08-31T23:06:36.2138524Z, stored=08/31/2026 23:06:36
Skipping C:\GitHub\BlockyOS\src\kernel\libcrt\hardware\IDT\APIC\LocalAPIC.c - up to date; source=2026-09-01T14:06:58.1209403Z, stored=09/01/2026 14:06:58
Skipping C:\GitHub\BlockyOS\src\kernel\libcrt\hardware\IDT\APIC\LocalAPICTimer.c - up to date; source=2026-09-01T19:52:35.3774846Z, stored=09/01/2026 19:52:35
Skipping C:\GitHub\BlockyOS\src\kernel\libcrt\hardware\hardware.c - up to date; source=2026-09-01T16:46:09.0571163Z, stored=09/01/2026 16:46:09
Skipping C:\GitHub\BlockyOS\src\kernel\libcrt\BLAKE2\blake2b-ref.c - up to date; source=2026-08-31T20:05:16.6578387Z, stored=08/31/2026 20:05:16
Skipping C:\GitHub\BlockyOS\src\kernel\libcrt\BLAKE2\blake2bp-ref.c - up to date; source=2026-08-31T20:05:20.6816175Z, stored=08/31/2026 20:05:20
Skipping C:\GitHub\BlockyOS\src\kernel\libcrt\BLAKE2\blake2s-ref.c - up to date; source=2026-08-31T20:05:24.7027041Z, stored=08/31/2026 20:05:24
Skipping C:\GitHub\BlockyOS\src\kernel\libcrt\BLAKE2\blake2sp-ref.c - up to date; source=2026-08-31T20:05:27.6610089Z, stored=08/31/2026 20:05:27
Skipping C:\GitHub\BlockyOS\src\kernel\libcrt\BLAKE2\blake2xb-ref.c - up to date; source=2026-09-01T14:03:25.3444410Z, stored=09/01/2026 14:03:25
Skipping C:\GitHub\BlockyOS\src\kernel\libcrt\BLAKE2\blake2xs-ref.c - up to date; source=2026-08-31T17:22:17.0728377Z, stored=08/31/2026 17:22:17
Skipping C:\GitHub\BlockyOS\src\kernel\libcrt\hardware\PCIe\PCIe.c - up to date; source=2026-08-31T23:54:42.2532022Z, stored=08/31/2026 23:54:42
Skipping C:\GitHub\BlockyOS\src\kernel\libcrt\hardware\SSE\UTILS.asm - up to date; source=2026-09-01T00:20:39.1738118Z, stored=09/01/2026 00:20:39
Skipping C:\GitHub\BlockyOS\src\kernel\libcrt\alibcrt.def - up to date; source=2026-09-01T20:03:41.5382359Z, stored=09/01/2026 20:03:41
gcc C:\GitHub\BlockyOS\compile\cache\asm.RNG.o C:\GitHub\BlockyOS\compile\cache\c.RNG.o C:\GitHub\BlockyOS\compile\cache\asm.GDT.o C:\GitHub\BlockyOS\compile\cache\c.GDT.o C:\GitHub\BlockyOS\compile\cache\asm.paging.o C:\GitHub\BlockyOS\compile\cache\c.paging.o C:\GitHub\BlockyOS\compile\cache\asm.SSE.o C:\GitHub\BlockyOS\compile\cache\c.SSE.o C:\GitHub\BlockyOS\compile\cache\c.memory.o C:\GitHub\BlockyOS\compile\cache\c.string.o C:\GitHub\BlockyOS\compile\cache\c.palloc.o C:\GitHub\BlockyOS\compile\cache\c.palloc(1).o C:\GitHub\BlockyOS\compile\cache\c.mmalloc.o C:\GitHub\BlockyOS\compile\cache\c.math.o C:\GitHub\BlockyOS\compile\cache\asm.IO.o C:\GitHub\BlockyOS\compile\cache\asm.IDT.o C:\GitHub\BlockyOS\compile\cache\asm.ISR.o C:\GitHub\BlockyOS\compile\cache\c.ISR.o C:\GitHub\BlockyOS\compile\cache\c.ACPI.o C:\GitHub\BlockyOS\compile\cache\c.APIC.o C:\GitHub\BlockyOS\compile\cache\c.IOAPIC.o C:\GitHub\BlockyOS\compile\cache\c.LocalAPIC.o C:\GitHub\BlockyOS\compile\cache\c.LocalAPICTimer.o C:\GitHub\BlockyOS\compile\cache\c.hardware.o C:\GitHub\BlockyOS\compile\cache\c.blake2b-ref.o C:\GitHub\BlockyOS\compile\cache\c.blake2bp-ref.o C:\GitHub\BlockyOS\compile\cache\c.blake2s-ref.o C:\GitHub\BlockyOS\compile\cache\c.blake2sp-ref.o C:\GitHub\BlockyOS\compile\cache\c.blake2xb-ref.o C:\GitHub\BlockyOS\compile\cache\c.blake2xs-ref.o C:\GitHub\BlockyOS\compile\cache\c.PCIe.o C:\GitHub\BlockyOS\compile\cache\asm.UTILS.o C:/GitHub/BlockyOS/src/kernel/libcrt/alibcrt.def -Wl,-flinker-output=dyn -Wl,-nostdlib -Wl,--emit-relocs -Wl,-shared -Wl,-Bsymbolic -Wl,-Map,C:\GitHub\BlockyOS\src\kernel\libcrt\alibcrt.map -fdiagnostics-color=always -fno-diagnostics-show-highlight-colors -nostartfiles -nodefaultlibs -o C:/GitHub/BlockyOS/Build/Build-nodate/root-part/libcrt.dll
Build finished successfully -> C:/GitHub/BlockyOS/Build/Build-nodate/root-part/libcrt.dll


[SHELL]	PE2EXEC.MAKE
C:\GitHub\BlockyOS\tools\executable-format\exechandler.exe C:/GitHub/BlockyOS/Build/Build-nodate/root-part/libcrt.dll C:/GitHub/BlockyOS/Build/Build-nodate/root-part/libcrt.service -od -L C:/GitHub/BlockyOS/src/kernel/libcrt/alibcrt.log

[(null):2951742064:DumpBeHeader]	Writing 2727304233027 bytes to 4096
[(null):2951742064:DumpBeHeader]	Writing 140716013518915 bytes to 140716013522944
[(null):2951742064:DumpBeHeader]	Writing 140716013518915 bytes to 140716013522944
[(null):2951742064:DumpBeHeader]	Writing 140716013518915 bytes to 140716013522944
[(null):2951742064:DumpBeHeader]	Writing 140716013518915 bytes to 140716013522944
[C:\GitHub\BlockyOS\tools\executable-format\exec.c:679:CreateResourceSection]
[(null):2951742064:DumpBeHeader]	Writing 140716013518915 bytes to 140716013522944
[C:\GitHub\BlockyOS\tools\executable-format\exec.c:723:CreateResourceSection]
[(null):2951742064:DumpBeHeader]	Writing 140716013518915 bytes to 140716013522944
[C:\GitHub\BlockyOS\tools\executable-format\exec.c:746:CreateResourceSection]
[(null):2951742064:DumpBeHeader]	Writing 140716013518915 bytes to 140716013522944
[(null):2951742064:DumpBeHeader]	Writing 140716013518915 bytes to 140716013522944
[C:\GitHub\BlockyOS\Build\Build-nodate\root-part\libcrt.service]
Header: {
  .Magic	17730
  .SystemSection	.rsrc
  .NSections	9
  .RawHeaderSize	4096
  .SectionTabeOffset	52
    [0]: {
      .Magic	0
      .Name	
      .Flags	(null)
      .Alignment	0
      .VirtualAddress	0
      .VirtualSize	0
      .RawPointer	0
      .RawSize	0
      {
        
        
        
        
      }
    
    [1]: {
      .Magic	5457218
      .Name	.code
      .Flags	SFExecutable SFReadable 
      .Alignment	4
      .VirtualAddress	4096
      .VirtualSize	135952
      .RawPointer	4104
      .RawSize	136192
[C:\GitHub\BlockyOS\tools\executable-format\exec.c:145:ReadSection]	Reading 136192 from 4104
      {
        b8 00 00 c1 e3 00 00 f8 
        07 b9 00 eb 01 b9 00 72 
        00 00 0f 12 00 64 0f 07 
        00 00 a2 81 00 00 c7 e2 
      }
    
    [2]: {
      .Magic	5457218
      .Name	.data
      .Flags	SFInitData SFReadable SFWritable 
      .Alignment	4
      .VirtualAddress	143360
      .VirtualSize	2240
      .RawPointer	140296
      .RawSize	2560
[C:\GitHub\BlockyOS\tools\executable-format\exec.c:145:ReadSection]	Reading 2560 from 140296
      {
        53 53 00 33 53 53 2e 53 
        53 53 53 00 45 53 31 45 
        45 45 53 53 33 45 00 34 
        00 32 45 53 00 34 53 2e 
      }
    
    [3]: {
      .Magic	5457218
      .Name	.rodata
      .Flags	SFInitData SFReadable 
      .Alignment	4
      .VirtualAddress	147456
      .VirtualSize	5536
      .RawPointer	142856
      .RawSize	5632
[C:\GitHub\BlockyOS\tools\executable-format\exec.c:145:ReadSection]	Reading 5632 from 142856
      {
        10 01 2c 01 48 01 64 01 
        f0 00 f3 00 f6 00 f9 00 
        01 00 01 00 01 00 01 00 
        80 00 80 00 80 00 80 00 
      }
    
    [4]: {
      .Magic	5457218
      .Name	.RelS
      .Flags	SFInitData SFReadable 
      .Alignment	4
      .VirtualAddress	0
      .VirtualSize	2696
      .RawPointer	148488
      .RawSize	2696
[C:\GitHub\BlockyOS\tools\executable-format\exec.c:145:ReadSection]	Reading 2696 from 148488
      Header: {
        .DirectoryTable	148508
        .UnusedBytes	150672
        .NRelocationDirectories	2727304232965
        [0]: {
          .BaseAddress	12288
          .DirectorySize	76(16 Entries)
             [0]: {
            .Type	BRET64
            .Offset	1626(0x365A)
          } [1]: {
            .Type	BRET64
            .Offset	1650(0x3672)
          } [2]: {
            .Type	BRET64
            .Offset	1674(0x368A)
          } [3]: {
            .Type	BRET64
            .Offset	1698(0x36A2)
          } [4]: {
            .Type	BRET64
            .Offset	1722(0x36BA)
          } [5]: {
            .Type	BRET64
            .Offset	1746(0x36D2)
          } [6]: {
            .Type	BRET64
            .Offset	1770(0x36EA)
          } [7]: {
            .Type	BRET64
            .Offset	1794(0x3702)
          }
        }
        [1]: {
          .BaseAddress	143360
          .DirectorySize	1004(248 Entries)
             [0]: {
            .Type	BRET64
            .Offset	192(0x230C0)
          } [1]: {
            .Type	BRET64
            .Offset	200(0x230C8)
          } [2]: {
            .Type	BRET64
            .Offset	208(0x230D0)
          } [3]: {
            .Type	BRET64
            .Offset	216(0x230D8)
          } [4]: {
            .Type	BRET64
            .Offset	224(0x230E0)
          } [5]: {
            .Type	BRET64
            .Offset	232(0x230E8)
          } [6]: {
            .Type	BRET64
            .Offset	240(0x230F0)
          } [7]: {
            .Type	BRET64
            .Offset	248(0x230F8)
          }
        }
        [2]: {
          .BaseAddress	147456
          .DirectorySize	1044(258 Entries)
             [0]: {
            .Type	BRET64
            .Offset	0(0x24000)
          } [1]: {
            .Type	BRET64
            .Offset	8(0x24008)
          } [2]: {
            .Type	BRET64
            .Offset	16(0x24010)
          } [3]: {
            .Type	BRET64
            .Offset	24(0x24018)
          } [4]: {
            .Type	BRET64
            .Offset	32(0x24020)
          } [5]: {
            .Type	BRET64
            .Offset	40(0x24028)
          } [6]: {
            .Type	BRET64
            .Offset	48(0x24030)
          } [7]: {
            .Type	BRET64
            .Offset	56(0x24038)
          }
        }
        [3]: {
          .BaseAddress	151552
          .DirectorySize	28(4 Entries)
             [0]: {
            .Type	BRET64
            .Offset	160(0x250A0)
          } [1]: {
            .Type	BRET64
            .Offset	192(0x250C0)
          } [2]: {
            .Type	BRET64
            .Offset	208(0x250D0)
          } [3]: {
            .Type	BRET64
            .Offset	224(0x250E0)
          }
        }
        [4]: {
          .BaseAddress	0
          .DirectorySize	12(0 Entries)
            
        }
      }
    
    [5]: {
      .Magic	5457218
      .Name	.ImportIn
      .Flags	SFInitData SFReadable 
      .Alignment	4
      .VirtualAddress	0
      .VirtualSize	0
      .RawPointer	151184
      .RawSize	20
[C:\GitHub\BlockyOS\tools\executable-format\exec.c:145:ReadSection]	Reading 20 from 151184
      Header: {
        .NDlls	0
        .DllImportPathTableRVO	151204
        .DllImportTableRVO	151204
      }
    
    [6]: {
      .Magic	5457218
      .Name	.ExportOut
      .Flags	SFInitData SFReadable 
      .Alignment	4
      .VirtualAddress	0
      .VirtualSize	0
      .RawPointer	151204
      .RawSize	4172
[C:\GitHub\BlockyOS\tools\executable-format\exec.c:145:ReadSection]	Reading 4172 from 151204
      Header: {
        .NExported	92
        .ExportTableRVO	151228
        .ExportNameRVO	154172
        .NExportAddresses	92[C:\GitHub\BlockyOS\tools\executable-format\exechandler.exe|-1073741819]

[C:\GitHub\BlockyOS\tools\executable-format\exec.c:177:WriteSection]	Writing 136192 to 4104
[C:\GitHub\BlockyOS\tools\executable-format\exec.c:177:WriteSection]	Writing 2560 to 140296
[C:\GitHub\BlockyOS\tools\executable-format\exec.c:177:WriteSection]	Writing 5632 to 142856
[C:\GitHub\BlockyOS\tools\executable-format\exec.c:177:WriteSection]	Writing 2696 to 148488
[C:\GitHub\BlockyOS\tools\executable-format\exec.c:177:WriteSection]	Writing 2696 to 148488
[C:\GitHub\BlockyOS\tools\executable-format\exec.c:681:CreateResourceSection]
[C:\GitHub\BlockyOS\tools\executable-format\exec.c:177:WriteSection]	Writing 20 to 151184
[C:\GitHub\BlockyOS\tools\executable-format\exec.c:725:CreateResourceSection]
[C:\GitHub\BlockyOS\tools\executable-format\exec.c:177:WriteSection]	Writing 20 to 151184
[C:\GitHub\BlockyOS\tools\executable-format\exec.c:177:WriteSection]	Writing 4172 to 151204
[C:\GitHub\BlockyOS\tools\executable-format\exec.c:177:WriteSection]	Writing 4172 to 151204
[C:\GitHub\BlockyOS\tools\executable-format\exec.c:748:CreateResourceSection]
[C:\GitHub\BlockyOS\tools\executable-format\exec.c:177:WriteSection]	Writing 9536 to 155376
[C:\GitHub\BlockyOS\tools\executable-format\exec.c:177:WriteSection]	Writing 4096 to 164912
[C:\GitHub\BlockyOS\Build\Build-nodate\root-part\libcrt.service]
Header: {
  .Magic	17730
  .SystemSection	.rsrc
  .NSections	9
  .RawHeaderSize	4096
  .SectionTabeOffset	52
    [0]: {
      .Magic	0
      .Name	
      .Flags	(null)
      .Alignment	0
      .VirtualAddress	0
      .VirtualSize	0
      .RawPointer	0
      .RawSize	0
      {
        
        
        
        
      }
    
    [1]: {
      .Magic	5457218
      .Name	.code
      .Flags	SFExecutable SFReadable 
      .Alignment	2727304232964
      .VirtualAddress	4096
      .VirtualSize	135952
      .RawPointer	4104
      .RawSize	136192
[C:\GitHub\BlockyOS\tools\executable-format\exec.c:147:ReadSection]	Reading 136192 from 4104
      {
        b8 00 00 c1 e3 00 00 f8 
        07 b9 00 eb 01 b9 00 72 
        00 00 0f 12 00 64 0f 07 
        00 00 a2 81 00 00 c7 e2 
      }
    
    [2]: {
      .Magic	5457218
      .Name	.data
      .Flags	SFInitData SFReadable SFWritable 
      .Alignment	2727304232964
      .VirtualAddress	143360
      .VirtualSize	2240
      .RawPointer	140296
      .RawSize	2560
[C:\GitHub\BlockyOS\tools\executable-format\exec.c:147:ReadSection]	Reading 2560 from 140296
      {
        53 53 00 33 53 53 2e 53 
        53 53 53 00 45 53 31 45 
        45 45 53 53 33 45 00 34 
        00 32 45 53 00 34 53 2e 
      }
    
    [3]: {
      .Magic	5457218
      .Name	.rodata
      .Flags	SFInitData SFReadable 
      .Alignment	2727304232964
      .VirtualAddress	147456
      .VirtualSize	5536
      .RawPointer	142856
      .RawSize	5632
[C:\GitHub\BlockyOS\tools\executable-format\exec.c:147:ReadSection]	Reading 5632 from 142856
      {
        10 01 2c 01 48 01 64 01 
        f0 00 f3 00 f6 00 f9 00 
        01 00 01 00 01 00 01 00 
        80 00 80 00 80 00 80 00 
      }
    
    [4]: {
      .Magic	5457218
      .Name	.RelS
      .Flags	SFInitData SFReadable 
      .Alignment	2727304232964
      .VirtualAddress	0
      .VirtualSize	2696
      .RawPointer	148488
      .RawSize	2696
[C:\GitHub\BlockyOS\tools\executable-format\exec.c:147:ReadSection]	Reading 2696 from 148488
      Header: {
        .DirectoryTable	148508
        .UnusedBytes	150672
        .NRelocationDirectories	5
        [0]: {
          .BaseAddress	12288
          .DirectorySize	76(16 Entries)
             [0]: {
            .Type	BRET64
            .Offset	1626(0x365A)
          } [1]: {
            .Type	BRET64
            .Offset	1650(0x3672)
          } [2]: {
            .Type	BRET64
            .Offset	1674(0x368A)
          } [3]: {
            .Type	BRET64
            .Offset	1698(0x36A2)
          } [4]: {
            .Type	BRET64
            .Offset	1722(0x36BA)
          } [5]: {
            .Type	BRET64
            .Offset	1746(0x36D2)
          } [6]: {
            .Type	BRET64
            .Offset	1770(0x36EA)
          } [7]: {
         
[SHELL]	FSFRAT.OPEN
[SHELL]	FSFRAT.MOUNT
[SHELL OUT]: FSFRAT DRIVER
[SHELL OUT]: >> 
[SHELL OUT]: [C:\GitHub\BlockyOS\tools\filesystem\frat.c:193]  >>  Mounting FS Root: [C:/GitHub/BlockyOS/Build/Build-nodate/disk.img]
[SHELL OUT]: [Parent:00007ff78ce6d8f9] >>  C:/GitHub/BlockyOS/Build/Build-nodate/disk.img  ConfBlockSize: 512    Starting Disk Env ID: 
[SHELL OUT]: Reading Bytes
[SHELL OUT]: [Parent:00007ff78ce6d914] >> Reading [92 bytes(s)->1 block(s)] to LBA[1(512)-2(1024)]
[SHELL OUT]: GPT Dump:
[SHELL OUT]:     Sig: "EFI PART"
[SHELL OUT]:     Rev: 65536
[SHELL OUT]:     Header-Size: 92
[SHELL OUT]:     Header Checksum: 2304508507
[SHELL OUT]:     localLBA: 1
[SHELL OUT]:     altLBA: 2623490
[SHELL OUT]:     firstUsable: 2048
[SHELL OUT]:     lastUsable: 2623488
[SHELL OUT]:     Disk-GUID: 
[SHELL OUT]:     Partition-Table: 2
[SHELL OUT]: Verifying Disk GPT
[SHELL OUT]:     # of Partition-Entries: 3
[SHELL OUT]:     Partition-Entry Size: 128
[SHELL OUT]:     Partition-Table Checksum: 801556421
[SHELL OUT]: Closing Disk Interface >> {C:/GitHub/BlockyOS/Build/Build-nodate/disk.img}
[SHELL OUT]: [Parent:00007ff78ce6ee8f] >>  C:/GitHub/BlockyOS/Build/Build-nodate/disk.img  ConfBlockSize: 512    Starting Disk Env ID: 
[SHELL OUT]: Reading Bytes
[SHELL OUT]: [Parent:00007ff78ce6eeb0] >> Reading [92 bytes(s)->1 block(s)] to LBA[1(512)-2(1024)]
[SHELL OUT]: GPT Exists? true
[SHELL OUT]: Reading Bytes
[SHELL OUT]: [C:\GitHub\BlockyOS\tools\filesystem\frat.c:134]  >>  Querying Part Table
[SHELL OUT]: [Parent:00007ff78ce6e700] >> Reading [384 bytes(s)->1 block(s)] to LBA[2(1024)-3(1536)]
[SHELL OUT]: [C:\GitHub\BlockyOS\tools\filesystem\frat.c:156]  >>  Querying FS at 2048
[SHELL OUT]: [C:\GitHub\BlockyOS\tools\filesystem\frat.c:142]  >>  GPT-Entry: BOOT{2048:526335 -> 524287}
[SHELL OUT]: Reading Bytes
[SHELL OUT]: FS-Root Blob:
[SHELL OUT]: [Parent:00007ff78ce6eba4] >> Reading [36 bytes(s)->1 block(s)] to LBA[2048(1048576)-2049(1049088)]
[SHELL OUT]:     Sig: 
[SHELL OUT]:     Configured Log Sectors: 2
[SHELL OUT]:     Configured Block Size: 0
[SHELL OUT]:     Configured Cluster-Map Size: 16711743
[SHELL OUT]: [C:\GitHub\BlockyOS\tools\filesystem\frat.c:142]  >>  GPT-Entry: ROOT{526336:2623487 -> 2097151}
[SHELL OUT]:     Version: [0:524288]
[SHELL OUT]: Reading Bytes
[SHELL OUT]: [Parent:00007ff78ce6eba4] >> Reading [36 bytes(s)->1 block(s)] to LBA[526336(269484032)-526337(269484544)]
[SHELL OUT]: [C:\GitHub\BlockyOS\tools\filesystem\frat.c:156]  >>  Querying FS at 526336
[SHELL OUT]:     Version: [1:0]
[SHELL OUT]:     Sig: FRAT_FILESYSTEM
[SHELL OUT]: FS-Root Blob:
[SHELL OUT]:     Configured Log Sectors: 5
[SHELL OUT]:     Configured Block Size: 512
[SHELL OUT]: [C:\GitHub\BlockyOS\tools\filesystem\frat.c:181]  >>  FS Found at [526336]:
[SHELL OUT]: 	Version-Code: [1:0]
[SHELL OUT]: 	Configured Block-Size: 512
[SHELL OUT]: 	Configured Cluster-Size: 81920
[SHELL OUT]:     Configured Cluster-Map Size: 81920
[SHELL OUT]: 	Configured # of Log-Sectors: 5
[SHELL OUT]: [C:\GitHub\BlockyOS\tools\filesystem\frat.c:205]  >>  Found Formatted Partition: 526336:2623487 -> 2097151
[SHELL OUT]: Reading Bytes
[SHELL OUT]: [Parent:00007ff78ce6efe1] >> Reading [36 bytes(s)->1 block(s)] to LBA[526336(269484032)-526337(269484544)]
[SHELL OUT]: [C:\GitHub\BlockyOS\tools\filesystem\frat.c:218]  >>  Root: 526336:2623487 -> 2097151 LBAs
[SHELL OUT]: 	Configured Log-Size: 90
[SHELL OUT]: 	Version-Code: [1:0]
[SHELL OUT]: 	Configured Block-Size: 512
[SHELL OUT]: 	Configured Cluster-Size: 81920
[SHELL OUT]: 	Configured # of Log-Sectors: 81920
[SHELL OUT]: 	Configured Log-Size: 5
[SHELL OUT]: Reading Bytes
[SHELL OUT]: [Parent:00007ff78ce6f325] >> Reading [2560 bytes(s)->5 block(s)] to LBA[526337(269484544)-526342(269487104)]
[SHELL OUT]: Reading Bytes
[SHELL OUT]: [Parent:00007ff78ce6f3a6] >> Reading [81920 bytes(s)->160 block(s)] to LBA[526343(269487616)-526503(269569536)]
[SHELL OUT]:     Verifying FS Root Items #items: 4096
[SHELL OUT]: Closing Disk Interface >> {C:/GitHub/BlockyOS/Build/Build-nodate/disk.img}
[SHELL OUT]: FRATSYNC
Initializing CGCC.MAKE build process...
Skipping C:\GitHub\BlockyOS\src\kernel\libcrt\hardware\RNG\RNG.asm - up to date; source=2026-09-02T19:29:50.4588980Z, stored=09/02/2026 19:29:50
Skipping C:\GitHub\BlockyOS\src\kernel\libcrt\hardware\RNG\RNG.c - up to date; source=2026-09-01T19:51:35.2375749Z, stored=09/01/2026 19:51:35
Skipping C:\GitHub\BlockyOS\src\kernel\libcrt\hardware\GDT\GDT.asm - up to date; source=2026-09-02T19:29:50.4759038Z, stored=09/02/2026 19:29:50
Skipping C:\GitHub\BlockyOS\src\kernel\libcrt\hardware\GDT\GDT.c - up to date; source=2026-08-31T20:29:21.6186178Z, stored=08/31/2026 20:29:21
Skipping C:\GitHub\BlockyOS\src\kernel\libcrt\hardware\paging\paging.asm - up to date; source=2026-09-02T19:29:50.4619061Z, stored=09/02/2026 19:29:50
Skipping C:\GitHub\BlockyOS\src\kernel\libcrt\hardware\paging\paging.c - up to date; source=2026-09-01T20:10:14.1486119Z, stored=09/01/2026 20:10:14
Skipping C:\GitHub\BlockyOS\src\kernel\libcrt\hardware\SSE\SSE.asm - up to date; source=2026-09-02T19:29:50.4759038Z, stored=09/02/2026 19:29:50
Skipping C:\GitHub\BlockyOS\src\kernel\libcrt\hardware\SSE\SSE.c - up to date; source=2026-09-01T15:31:49.0191638Z, stored=09/01/2026 15:31:49
Skipping C:\GitHub\BlockyOS\src\kernel\libcrt\memory\memory.c - up to date; source=2026-09-01T14:27:41.5007315Z, stored=09/01/2026 14:27:41
Skipping C:\GitHub\BlockyOS\src\kernel\libcrt\memory\string.c - up to date; source=2026-08-31T17:22:17.0368394Z, stored=08/31/2026 17:22:17
Skipping C:\GitHub\BlockyOS\src\kernel\libcrt\hardware\paging\palloc.c - up to date; source=2026-09-01T20:10:14.1506184Z, stored=09/01/2026 20:10:14
Skipping C:\GitHub\BlockyOS\src\kernel\libcrt\memory\allocator\palloc.c - up to date; source=2026-09-02T18:08:03.4509785Z, stored=09/02/2026 18:08:03
Skipping C:\GitHub\BlockyOS\src\kernel\libcrt\memory\allocator\mmalloc.c - up to date; source=2026-09-01T00:47:09.6602809Z, stored=09/01/2026 00:47:09
Skipping C:\GitHub\BlockyOS\src\kernel\libcrt\math\math.c - up to date; source=2026-09-02T20:24:18.8720404Z, stored=09/02/2026 20:24:18
Skipping C:\GitHub\BlockyOS\src\kernel\libcrt\hardware\IO\IO.asm - up to date; source=2026-09-02T19:29:50.4759038Z, stored=09/02/2026 19:29:50
Skipping C:\GitHub\BlockyOS\src\kernel\libcrt\hardware\IDT\IDT.asm - up to date; source=2026-09-02T19:29:50.4759038Z, stored=09/02/2026 19:29:50
Skipping C:\GitHub\BlockyOS\src\kernel\libcrt\hardware\IDT\ISR.asm - up to date; source=2026-09-02T19:08:06.2288527Z, stored=09/02/2026 19:08:06
Skipping C:\GitHub\BlockyOS\src\kernel\libcrt\hardware\IDT\ISR.c - up to date; source=2026-09-02T18:48:44.0968136Z, stored=09/02/2026 18:48:44
Skipping C:\GitHub\BlockyOS\src\kernel\libcrt\hardware\ACPI\ACPI.c - up to date; source=2026-08-31T20:25:27.3210120Z, stored=08/31/2026 20:25:27
Skipping C:\GitHub\BlockyOS\src\kernel\libcrt\hardware\IDT\APIC\APIC.c - up to date; source=2026-08-31T17:22:17.1088393Z, stored=08/31/2026 17:22:17
Skipping C:\GitHub\BlockyOS\src\kernel\libcrt\hardware\IDT\APIC\IOAPIC.c - up to date; source=2026-08-31T23:06:36.2138524Z, stored=08/31/2026 23:06:36
Skipping C:\GitHub\BlockyOS\src\kernel\libcrt\hardware\IDT\APIC\LocalAPIC.c - up to date; source=2026-09-01T14:06:58.1209403Z, stored=09/01/2026 14:06:58
Skipping C:\GitHub\BlockyOS\src\kernel\libcrt\hardware\IDT\APIC\LocalAPICTimer.c - up to date; source=2026-09-01T19:52:35.3774846Z, stored=09/01/2026 19:52:35
Skipping C:\GitHub\BlockyOS\src\kernel\libcrt\hardware\hardware.c - up to date; source=2026-09-01T16:46:09.0571163Z, stored=09/01/2026 16:46:09
Skipping C:\GitHub\BlockyOS\src\kernel\libcrt\BLAKE2\blake2b-ref.c - up to date; source=2026-08-31T20:05:16.6578387Z, stored=08/31/2026 20:05:16
Skipping C:\GitHub\BlockyOS\src\kernel\libcrt\BLAKE2\blake2bp-ref.c - up to date; source=2026-08-31T20:05:20.6816175Z, stored=08/31/2026 20:05:20
Skipping C:\GitHub\BlockyOS\src\kernel\libcrt\BLAKE2\blake2s-ref.c - up to date; source=2026-08-31T20:05:24.7027041Z, stored=08/31/2026 20:05:24
Skipping C:\GitHub\BlockyOS\src\kernel\libcrt\BLAKE2\blake2sp-ref.c - up to date; source=2026-08-31T20:05:27.6610089Z, stored=08/31/2026 20:05:27
Skipping C:\GitHub\BlockyOS\src\kernel\libcrt\BLAKE2\blake2xb-ref.c - up to date; source=2026-09-01T14:03:25.3444410Z, stored=09/01/2026 14:03:25
Skipping C:\GitHub\BlockyOS\src\kernel\libcrt\BLAKE2\blake2xs-ref.c - up to date; source=2026-08-31T17:22:17.0728377Z, stored=08/31/2026 17:22:17
Skipping C:\GitHub\BlockyOS\src\kernel\libcrt\hardware\PCIe\PCIe.c - up to date; source=2026-08-31T23:54:42.2532022Z, stored=08/31/2026 23:54:42
Skipping C:\GitHub\BlockyOS\src\kernel\libcrt\hardware\SSE\UTILS.asm - up to date; source=2026-09-01T00:20:39.1738118Z, stored=09/01/2026 00:20:39
Skipping C:\GitHub\BlockyOS\src\kernel\libcrt\alibcrt.def - up to date; source=2026-09-01T20:03:41.5382359Z, stored=09/01/2026 20:03:41
gcc C:\GitHub\BlockyOS\compile\cache\asm.RNG.o C:\GitHub\BlockyOS\compile\cache\c.RNG.o C:\GitHub\BlockyOS\compile\cache\asm.GDT.o C:\GitHub\BlockyOS\compile\cache\c.GDT.o C:\GitHub\BlockyOS\compile\cache\asm.paging.o C:\GitHub\BlockyOS\compile\cache\c.paging.o C:\GitHub\BlockyOS\compile\cache\asm.SSE.o C:\GitHub\BlockyOS\compile\cache\c.SSE.o C:\GitHub\BlockyOS\compile\cache\c.memory.o C:\GitHub\BlockyOS\compile\cache\c.string.o C:\GitHub\BlockyOS\compile\cache\c.palloc.o C:\GitHub\BlockyOS\compile\cache\c.palloc(1).o C:\GitHub\BlockyOS\compile\cache\c.mmalloc.o C:\GitHub\BlockyOS\compile\cache\c.math.o C:\GitHub\BlockyOS\compile\cache\asm.IO.o C:\GitHub\BlockyOS\compile\cache\asm.IDT.o C:\GitHub\BlockyOS\compile\cache\asm.ISR.o C:\GitHub\BlockyOS\compile\cache\c.ISR.o C:\GitHub\BlockyOS\compile\cache\c.ACPI.o C:\GitHub\BlockyOS\compile\cache\c.APIC.o C:\GitHub\BlockyOS\compile\cache\c.IOAPIC.o C:\GitHub\BlockyOS\compile\cache\c.LocalAPIC.o C:\GitHub\BlockyOS\compile\cache\c.LocalAPICTimer.o C:\GitHub\BlockyOS\compile\cache\c.hardware.o C:\GitHub\BlockyOS\compile\cache\c.blake2b-ref.o C:\GitHub\BlockyOS\compile\cache\c.blake2bp-ref.o C:\GitHub\BlockyOS\compile\cache\c.blake2s-ref.o C:\GitHub\BlockyOS\compile\cache\c.blake2sp-ref.o C:\GitHub\BlockyOS\compile\cache\c.blake2xb-ref.o C:\GitHub\BlockyOS\compile\cache\c.blake2xs-ref.o C:\GitHub\BlockyOS\compile\cache\c.PCIe.o C:\GitHub\BlockyOS\compile\cache\asm.UTILS.o C:/GitHub/BlockyOS/src/kernel/libcrt/alibcrt.def -Wl,-flinker-output=dyn -Wl,-nostdlib -Wl,--emit-relocs -Wl,-shared -Wl,-Bsymbolic -Wl,-Map,C:\GitHub\BlockyOS\src\kernel\libcrt\alibcrt.map -fdiagnostics-color=always -fno-diagnostics-show-highlight-colors -nostartfiles -nodefaultlibs -o C:/GitHub/BlockyOS/Build/Build-nodate/root-part/libcrt.dll
Build finished successfully -> C:/GitHub/BlockyOS/Build/Build-nodate/root-part/libcrt.dll


[SHELL]	PE2EXEC.MAKE
C:\GitHub\BlockyOS\tools\executable-format\exechandler.exe C:/GitHub/BlockyOS/Build/Build-nodate/root-part/libcrt.dll C:/GitHub/BlockyOS/Build/Build-nodate/root-part/libcrt.service -od -L C:/GitHub/BlockyOS/src/kernel/libcrt/alibcrt.log

[(null):331743856:DumpBeHeader]	Writing 2482491097155 bytes to 4096
[(null):331743856:DumpBeHeader]	Writing 140716013518915 bytes to 140716013522944
[(null):331743856:DumpBeHeader]	Writing 140716013518915 bytes to 140716013522944
[(null):331743856:DumpBeHeader]	Writing 140716013518915 bytes to 140716013522944
[(null):331743856:DumpBeHeader]	Writing 140716013518915 bytes to 140716013522944
[C:\GitHub\BlockyOS\tools\executable-format\exec.c:679:CreateResourceSection]
[(null):331743856:DumpBeHeader]	Writing 140716013518915 bytes to 140716013522944
[C:\GitHub\BlockyOS\tools\executable-format\exec.c:723:CreateResourceSection]
[(null):331743856:DumpBeHeader]	Writing 140716013518915 bytes to 140716013522944
[C:\GitHub\BlockyOS\tools\executable-format\exec.c:746:CreateResourceSection]
[(null):331743856:DumpBeHeader]	Writing 140716013518915 bytes to 140716013522944
[(null):331743856:DumpBeHeader]	Writing 140716013518915 bytes to 140716013522944
[C:\GitHub\BlockyOS\Build\Build-nodate\root-part\libcrt.service]
Header: {
  .Magic	17730
  .SystemSection	.rsrc
  .NSections	9
  .RawHeaderSize	4096
  .SectionTabeOffset	52
    [0]: {
      .Magic	0
      .Name	
      .Flags	(null)
      .Alignment	0
      .VirtualAddress	0
      .VirtualSize	0
      .RawPointer	0
      .RawSize	0
      {
        
        
        
        
      }
    
    [1]: {
      .Magic	5457218
      .Name	.code
      .Flags	SFExecutable SFReadable 
      .Alignment	4
      .VirtualAddress	4096
      .VirtualSize	135952
      .RawPointer	4104
      .RawSize	136192
[C:\GitHub\BlockyOS\tools\executable-format\exec.c:145:ReadSection]	Reading 136192 from 4104
      {
        b8 00 00 c1 e3 00 00 f8 
        07 b9 00 eb 01 b9 00 72 
        00 00 0f 12 00 64 0f 07 
        00 00 a2 81 00 00 c7 e2 
      }
    
    [2]: {
      .Magic	5457218
      .Name	.data
      .Flags	SFInitData SFReadable SFWritable 
      .Alignment	4
      .VirtualAddress	143360
      .VirtualSize	2240
      .RawPointer	140296
      .RawSize	2560
[C:\GitHub\BlockyOS\tools\executable-format\exec.c:145:ReadSection]	Reading 2560 from 140296
      {
        53 53 00 33 53 53 2e 53 
        53 53 53 00 45 53 31 45 
        45 45 53 53 33 45 00 34 
        00 32 45 53 00 34 53 2e 
      }
    
    [3]: {
      .Magic	5457218
      .Name	.rodata
      .Flags	SFInitData SFReadable 
      .Alignment	4
      .VirtualAddress	147456
      .VirtualSize	5536
      .RawPointer	142856
      .RawSize	5632
[C:\GitHub\BlockyOS\tools\executable-format\exec.c:145:ReadSection]	Reading 5632 from 142856
      {
        10 01 2c 01 48 01 64 01 
        f0 00 f3 00 f6 00 f9 00 
        01 00 01 00 01 00 01 00 
        80 00 80 00 80 00 80 00 
      }
    
    [4]: {
      .Magic	5457218
      .Name	.RelS
      .Flags	SFInitData SFReadable 
      .Alignment	4
      .VirtualAddress	0
      .VirtualSize	2696
      .RawPointer	148488
      .RawSize	2696
[C:\GitHub\BlockyOS\tools\executable-format\exec.c:145:ReadSection]	Reading 2696 from 148488
      Header: {
        .DirectoryTable	148508
        .UnusedBytes	150672
        .NRelocationDirectories	2482491097093
        [0]: {
          .BaseAddress	12288
          .DirectorySize	76(16 Entries)
             [0]: {
            .Type	BRET64
            .Offset	1626(0x365A)
          } [1]: {
            .Type	BRET64
            .Offset	1650(0x3672)
          } [2]: {
            .Type	BRET64
            .Offset	1674(0x368A)
          } [3]: {
            .Type	BRET64
            .Offset	1698(0x36A2)
          } [4]: {
            .Type	BRET64
            .Offset	1722(0x36BA)
          } [5]: {
            .Type	BRET64
            .Offset	1746(0x36D2)
          } [6]: {
            .Type	BRET64
            .Offset	1770(0x36EA)
          } [7]: {
            .Type	BRET64
            .Offset	1794(0x3702)
          }
        }
        [1]: {
          .BaseAddress	143360
          .DirectorySize	1004(248 Entries)
             [0]: {
            .Type	BRET64
            .Offset	192(0x230C0)
          } [1]: {
            .Type	BRET64
            .Offset	200(0x230C8)
          } [2]: {
            .Type	BRET64
            .Offset	208(0x230D0)
          } [3]: {
            .Type	BRET64
            .Offset	216(0x230D8)
          } [4]: {
            .Type	BRET64
            .Offset	224(0x230E0)
          } [5]: {
            .Type	BRET64
            .Offset	232(0x230E8)
          } [6]: {
            .Type	BRET64
            .Offset	240(0x230F0)
          } [7]: {
            .Type	BRET64
            .Offset	248(0x230F8)
          }
        }
        [2]: {
          .BaseAddress	147456
          .DirectorySize	1044(258 Entries)
             [0]: {
            .Type	BRET64
            .Offset	0(0x24000)
          } [1]: {
            .Type	BRET64
            .Offset	8(0x24008)
          } [2]: {
            .Type	BRET64
            .Offset	16(0x24010)
          } [3]: {
            .Type	BRET64
            .Offset	24(0x24018)
          } [4]: {
            .Type	BRET64
            .Offset	32(0x24020)
          } [5]: {
            .Type	BRET64
            .Offset	40(0x24028)
          } [6]: {
            .Type	BRET64
            .Offset	48(0x24030)
          } [7]: {
            .Type	BRET64
            .Offset	56(0x24038)
          }
        }
        [3]: {
          .BaseAddress	151552
          .DirectorySize	28(4 Entries)
             [0]: {
            .Type	BRET64
            .Offset	160(0x250A0)
          } [1]: {
            .Type	BRET64
            .Offset	192(0x250C0)
          } [2]: {
            .Type	BRET64
            .Offset	208(0x250D0)
          } [3]: {
            .Type	BRET64
            .Offset	224(0x250E0)
          }
        }
        [4]: {
          .BaseAddress	0
          .DirectorySize	12(0 Entries)
            
        }
      }
    
    [5]: {
      .Magic	5457218
      .Name	.ImportIn
      .Flags	SFInitData SFReadable 
      .Alignment	4
      .VirtualAddress	0
      .VirtualSize	0
      .RawPointer	151184
      .RawSize	20
[C:\GitHub\BlockyOS\tools\executable-format\exec.c:145:ReadSection]	Reading 20 from 151184
      Header: {
        .NDlls	0
        .DllImportPathTableRVO	151204
        .DllImportTableRVO	151204
      }
    
    [6]: {
      .Magic	5457218
      .Name	.ExportOut
      .Flags	SFInitData SFReadable 
      .Alignment	4
      .VirtualAddress	0
      .VirtualSize	0
      .RawPointer	151204
      .RawSize	4172
[C:\GitHub\BlockyOS\tools\executable-format\exec.c:145:ReadSection]	Reading 4172 from 151204
      Header: {
        .NExported	92
        .ExportTableRVO	151228
        .ExportNameRVO	154172
        .NExportAddresses	92[C:\GitHub\BlockyOS\tools\executable-format\exechandler.exe|-1073741819]

[C:\GitHub\BlockyOS\tools\executable-format\exec.c:177:WriteSection]	Writing 136192 to 4104
[C:\GitHub\BlockyOS\tools\executable-format\exec.c:177:WriteSection]	Writing 2560 to 140296
[C:\GitHub\BlockyOS\tools\executable-format\exec.c:177:WriteSection]	Writing 5632 to 142856
[C:\GitHub\BlockyOS\tools\executable-format\exec.c:177:WriteSection]	Writing 2696 to 148488
[C:\GitHub\BlockyOS\tools\executable-format\exec.c:177:WriteSection]	Writing 2696 to 148488
[C:\GitHub\BlockyOS\tools\executable-format\exec.c:681:CreateResourceSection]
[C:\GitHub\BlockyOS\tools\executable-format\exec.c:177:WriteSection]	Writing 20 to 151184
[C:\GitHub\BlockyOS\tools\executable-format\exec.c:725:CreateResourceSection]
[C:\GitHub\BlockyOS\tools\executable-format\exec.c:177:WriteSection]	Writing 20 to 151184
[C:\GitHub\BlockyOS\tools\executable-format\exec.c:177:WriteSection]	Writing 4172 to 151204
[C:\GitHub\BlockyOS\tools\executable-format\exec.c:177:WriteSection]	Writing 4172 to 151204
[C:\GitHub\BlockyOS\tools\executable-format\exec.c:748:CreateResourceSection]
[C:\GitHub\BlockyOS\tools\executable-format\exec.c:177:WriteSection]	Writing 9536 to 155376
[C:\GitHub\BlockyOS\tools\executable-format\exec.c:177:WriteSection]	Writing 4096 to 164912
[C:\GitHub\BlockyOS\Build\Build-nodate\root-part\libcrt.service]
Header: {
  .Magic	17730
  .SystemSection	.rsrc
  .NSections	9
  .RawHeaderSize	4096
  .SectionTabeOffset	52
    [0]: {
      .Magic	0
      .Name	
      .Flags	(null)
      .Alignment	0
      .VirtualAddress	0
      .VirtualSize	0
      .RawPointer	0
      .RawSize	0
      {
        
        
        
        
      }
    
    [1]: {
      .Magic	5457218
      .Name	.code
      .Flags	SFExecutable SFReadable 
      .Alignment	2482491097092
      .VirtualAddress	4096
      .VirtualSize	135952
      .RawPointer	4104
      .RawSize	136192
[C:\GitHub\BlockyOS\tools\executable-format\exec.c:147:ReadSection]	Reading 136192 from 4104
      {
        b8 00 00 c1 e3 00 00 f8 
        07 b9 00 eb 01 b9 00 72 
        00 00 0f 12 00 64 0f 07 
        00 00 a2 81 00 00 c7 e2 
      }
    
    [2]: {
      .Magic	5457218
      .Name	.data
      .Flags	SFInitData SFReadable SFWritable 
      .Alignment	2482491097092
      .VirtualAddress	143360
      .VirtualSize	2240
      .RawPointer	140296
      .RawSize	2560
[C:\GitHub\BlockyOS\tools\executable-format\exec.c:147:ReadSection]	Reading 2560 from 140296
      {
        53 53 00 33 53 53 2e 53 
        53 53 53 00 45 53 31 45 
        45 45 53 53 33 45 00 34 
        00 32 45 53 00 34 53 2e 
      }
    
    [3]: {
      .Magic	5457218
      .Name	.rodata
      .Flags	SFInitData SFReadable 
      .Alignment	2482491097092
      .VirtualAddress	147456
      .VirtualSize	5536
      .RawPointer	142856
      .RawSize	5632
[C:\GitHub\BlockyOS\tools\executable-format\exec.c:147:ReadSection]	Reading 5632 from 142856
      {
        10 01 2c 01 48 01 64 01 
        f0 00 f3 00 f6 00 f9 00 
        01 00 01 00 01 00 01 00 
        80 00 80 00 80 00 80 00 
      }
    
    [4]: {
      .Magic	5457218
      .Name	.RelS
      .Flags	SFInitData SFReadable 
      .Alignment	2482491097092
      .VirtualAddress	0
      .VirtualSize	2696
      .RawPointer	148488
      .RawSize	2696
[C:\GitHub\BlockyOS\tools\executable-format\exec.c:147:ReadSection]	Reading 2696 from 148488
      Header: {
        .DirectoryTable	148508
        .UnusedBytes	150672
        .NRelocationDirectories	5
        [0]: {
          .BaseAddress	12288
          .DirectorySize	76(16 Entries)
             [0]: {
            .Type	BRET64
            .Offset	1626(0x365A)
          } [1]: {
            .Type	BRET64
            .Offset	1650(0x3672)
          } [2]: {
            .Type	BRET64
            .Offset	1674(0x368A)
          } [3]: {
            .Type	BRET64
            .Offset	1698(0x36A2)
          } [4]: {
            .Type	BRET64
            .Offset	1722(0x36BA)
          } [5]: {
            .Type	BRET64
            .Offset	1746(0x36D2)
          } [6]: {
            .Type	BRET64
            .Offset	1770(0x36EA)
          } [7]: {
         
[SHELL]	FSFRAT.OPEN
[SHELL]	FSFRAT.MOUNT
[SHELL OUT]: FSFRAT DRIVER
[SHELL OUT]: >> 
[SHELL OUT]: [C:\GitHub\BlockyOS\tools\filesystem\frat.c:193]  >>  Mounting FS Root: [C:/GitHub/BlockyOS/Build/Build-nodate/disk.img]
[SHELL OUT]: Verifying Disk GPT
[SHELL OUT]: [Parent:00007ff67e7fd8f9] >>  C:/GitHub/BlockyOS/Build/Build-nodate/disk.img  ConfBlockSize: 512    Starting Disk Env ID: 
[SHELL OUT]: Reading Bytes
[SHELL OUT]: [Parent:00007ff67e7fd914] >> Reading [92 bytes(s)->1 block(s)] to LBA[1(512)-2(1024)]
[SHELL OUT]: GPT Dump:
[SHELL OUT]:     Sig: "EFI PART"
[SHELL OUT]:     Rev: 65536
[SHELL OUT]:     altLBA: 2623490
[SHELL OUT]:     firstUsable: 2048
[SHELL OUT]:     lastUsable: 2623488
[SHELL OUT]:     Disk-GUID: 
[SHELL OUT]:     Partition-Table: 2
[SHELL OUT]:     Header Checksum: 2304508507
[SHELL OUT]:     # of Partition-Entries: 3
[SHELL OUT]:     Header-Size: 92
[SHELL OUT]:     Partition-Entry Size: 128
[SHELL OUT]:     localLBA: 1
[SHELL OUT]:     Partition-Table Checksum: 801556421
[SHELL OUT]: Closing Disk Interface >> {C:/GitHub/BlockyOS/Build/Build-nodate/disk.img}
[SHELL OUT]: GPT Exists? true
[SHELL OUT]: [Parent:00007ff67e7fee8f] >>  C:/GitHub/BlockyOS/Build/Build-nodate/disk.img  ConfBlockSize: 512    Starting Disk Env ID: 
[SHELL OUT]: Reading Bytes
[SHELL OUT]: [Parent:00007ff67e7feeb0] >> Reading [92 bytes(s)->1 block(s)] to LBA[1(512)-2(1024)]
[SHELL OUT]: [C:\GitHub\BlockyOS\tools\filesystem\frat.c:134]  >>  Querying Part Table
[SHELL OUT]: Reading Bytes
[SHELL OUT]: [Parent:00007ff67e7fe700] >> Reading [384 bytes(s)->1 block(s)] to LBA[2(1024)-3(1536)]
[SHELL OUT]: [C:\GitHub\BlockyOS\tools\filesystem\frat.c:142]  >>  GPT-Entry: BOOT{2048:526335 -> 524287}
[SHELL OUT]: [C:\GitHub\BlockyOS\tools\filesystem\frat.c:156]  >>  Querying FS at 2048
[SHELL OUT]: Reading Bytes
[SHELL OUT]: [Parent:00007ff67e7feba4] >> Reading [36 bytes(s)->1 block(s)] to LBA[2048(1048576)-2049(1049088)]
[SHELL OUT]: FS-Root Blob:
[SHELL OUT]:     Version: [0:524288]
[SHELL OUT]:     Sig: 
[SHELL OUT]:     Configured Log Sectors: 2
[SHELL OUT]:     Configured Block Size: 0
[SHELL OUT]:     Configured Cluster-Map Size: 16711743
[SHELL OUT]: [C:\GitHub\BlockyOS\tools\filesystem\frat.c:142]  >>  GPT-Entry: ROOT{526336:2623487 -> 2097151}
[SHELL OUT]: [C:\GitHub\BlockyOS\tools\filesystem\frat.c:156]  >>  Querying FS at 526336
[SHELL OUT]: Reading Bytes
[SHELL OUT]: [Parent:00007ff67e7feba4] >> Reading [36 bytes(s)->1 block(s)] to LBA[526336(269484032)-526337(269484544)]
[SHELL OUT]: FS-Root Blob:
[SHELL OUT]:     Version: [1:0]
[SHELL OUT]:     Sig: FRAT_FILESYSTEM
[SHELL OUT]:     Configured Log Sectors: 5
[SHELL OUT]:     Configured Block Size: 512
[SHELL OUT]:     Configured Cluster-Map Size: 81920
[SHELL OUT]: [C:\GitHub\BlockyOS\tools\filesystem\frat.c:181]  >>  FS Found at [526336]:
[SHELL OUT]: 	Version-Code: [1:0]
[SHELL OUT]: 	Configured Block-Size: 512
[SHELL OUT]: 	Configured Cluster-Size: 81920
[SHELL OUT]: 	Configured # of Log-Sectors: 5
[SHELL OUT]: 	Configured Log-Size: 90
[SHELL OUT]: [C:\GitHub\BlockyOS\tools\filesystem\frat.c:205]  >>  Found Formatted Partition: 526336:2623487 -> 2097151
[SHELL OUT]: Reading Bytes
[SHELL OUT]: [Parent:00007ff67e7fefe1] >> Reading [36 bytes(s)->1 block(s)] to LBA[526336(269484032)-526337(269484544)]
[SHELL OUT]: [C:\GitHub\BlockyOS\tools\filesystem\frat.c:218]  >>  Root: 526336:2623487 -> 2097151 LBAs
[SHELL OUT]: 	Version-Code: [1:0]
[SHELL OUT]: 	Configured Block-Size: 512
[SHELL OUT]: 	Configured Cluster-Size: 81920
[SHELL OUT]: 	Configured # of Log-Sectors: 81920
[SHELL OUT]: 	Configured Log-Size: 5
[SHELL OUT]: Reading Bytes
[SHELL OUT]: [Parent:00007ff67e7ff325] >> Reading [2560 bytes(s)->5 block(s)] to LBA[526337(269484544)-526342(269487104)]
[SHELL OUT]: Reading Bytes
[SHELL OUT]: [Parent:00007ff67e7ff3a6] >> Reading [81920 bytes(s)->160 block(s)] to LBA[526343(269487616)-526503(269569536)]
[SHELL OUT]:     Verifying FS Root Items #items: 4096
[SHELL OUT]: Closing Disk Interface >> {C:/GitHub/BlockyOS/Build/Build-nodate/disk.img}
Initializing CGCC.MAKE build process...
Skipping C:\GitHub\BlockyOS\src\kernel\libcrt\hardware\RNG\RNG.asm - up to date; source=2026-09-02T19:29:50.4588980Z, stored=09/02/2026 19:29:50
Skipping C:\GitHub\BlockyOS\src\kernel\libcrt\hardware\RNG\RNG.c - up to date; source=2026-09-01T19:51:35.2375749Z, stored=09/01/2026 19:51:35
Skipping C:\GitHub\BlockyOS\src\kernel\libcrt\hardware\GDT\GDT.asm - up to date; source=2026-09-02T19:29:50.4759038Z, stored=09/02/2026 19:29:50
Skipping C:\GitHub\BlockyOS\src\kernel\libcrt\hardware\GDT\GDT.c - up to date; source=2026-08-31T20:29:21.6186178Z, stored=08/31/2026 20:29:21
Skipping C:\GitHub\BlockyOS\src\kernel\libcrt\hardware\paging\paging.asm - up to date; source=2026-09-02T19:29:50.4619061Z, stored=09/02/2026 19:29:50
Skipping C:\GitHub\BlockyOS\src\kernel\libcrt\hardware\paging\paging.c - up to date; source=2026-09-01T20:10:14.1486119Z, stored=09/01/2026 20:10:14
Skipping C:\GitHub\BlockyOS\src\kernel\libcrt\hardware\SSE\SSE.asm - up to date; source=2026-09-02T19:29:50.4759038Z, stored=09/02/2026 19:29:50
Skipping C:\GitHub\BlockyOS\src\kernel\libcrt\hardware\SSE\SSE.c - up to date; source=2026-09-01T15:31:49.0191638Z, stored=09/01/2026 15:31:49
Skipping C:\GitHub\BlockyOS\src\kernel\libcrt\memory\memory.c - up to date; source=2026-09-01T14:27:41.5007315Z, stored=09/01/2026 14:27:41
Skipping C:\GitHub\BlockyOS\src\kernel\libcrt\memory\string.c - up to date; source=2026-08-31T17:22:17.0368394Z, stored=08/31/2026 17:22:17
Skipping C:\GitHub\BlockyOS\src\kernel\libcrt\hardware\paging\palloc.c - up to date; source=2026-09-01T20:10:14.1506184Z, stored=09/01/2026 20:10:14
Skipping C:\GitHub\BlockyOS\src\kernel\libcrt\memory\allocator\palloc.c - up to date; source=2026-09-02T18:08:03.4509785Z, stored=09/02/2026 18:08:03
Skipping C:\GitHub\BlockyOS\src\kernel\libcrt\memory\allocator\mmalloc.c - up to date; source=2026-09-01T00:47:09.6602809Z, stored=09/01/2026 00:47:09
Skipping C:\GitHub\BlockyOS\src\kernel\libcrt\math\math.c - up to date; source=2026-09-02T20:24:18.8720404Z, stored=09/02/2026 20:24:18
Skipping C:\GitHub\BlockyOS\src\kernel\libcrt\hardware\IO\IO.asm - up to date; source=2026-09-02T19:29:50.4759038Z, stored=09/02/2026 19:29:50
Skipping C:\GitHub\BlockyOS\src\kernel\libcrt\hardware\IDT\IDT.asm - up to date; source=2026-09-02T19:29:50.4759038Z, stored=09/02/2026 19:29:50
Skipping C:\GitHub\BlockyOS\src\kernel\libcrt\hardware\IDT\ISR.asm - up to date; source=2026-09-02T19:08:06.2288527Z, stored=09/02/2026 19:08:06
Skipping C:\GitHub\BlockyOS\src\kernel\libcrt\hardware\IDT\ISR.c - up to date; source=2026-09-02T18:48:44.0968136Z, stored=09/02/2026 18:48:44
Skipping C:\GitHub\BlockyOS\src\kernel\libcrt\hardware\ACPI\ACPI.c - up to date; source=2026-08-31T20:25:27.3210120Z, stored=08/31/2026 20:25:27
Skipping C:\GitHub\BlockyOS\src\kernel\libcrt\hardware\IDT\APIC\APIC.c - up to date; source=2026-08-31T17:22:17.1088393Z, stored=08/31/2026 17:22:17
Skipping C:\GitHub\BlockyOS\src\kernel\libcrt\hardware\IDT\APIC\IOAPIC.c - up to date; source=2026-08-31T23:06:36.2138524Z, stored=08/31/2026 23:06:36
Skipping C:\GitHub\BlockyOS\src\kernel\libcrt\hardware\IDT\APIC\LocalAPIC.c - up to date; source=2026-09-01T14:06:58.1209403Z, stored=09/01/2026 14:06:58
Skipping C:\GitHub\BlockyOS\src\kernel\libcrt\hardware\IDT\APIC\LocalAPICTimer.c - up to date; source=2026-09-01T19:52:35.3774846Z, stored=09/01/2026 19:52:35
Skipping C:\GitHub\BlockyOS\src\kernel\libcrt\hardware\hardware.c - up to date; source=2026-09-01T16:46:09.0571163Z, stored=09/01/2026 16:46:09
Skipping C:\GitHub\BlockyOS\src\kernel\libcrt\BLAKE2\blake2b-ref.c - up to date; source=2026-08-31T20:05:16.6578387Z, stored=08/31/2026 20:05:16
Skipping C:\GitHub\BlockyOS\src\kernel\libcrt\BLAKE2\blake2bp-ref.c - up to date; source=2026-08-31T20:05:20.6816175Z, stored=08/31/2026 20:05:20
Skipping C:\GitHub\BlockyOS\src\kernel\libcrt\BLAKE2\blake2s-ref.c - up to date; source=2026-08-31T20:05:24.7027041Z, stored=08/31/2026 20:05:24
Skipping C:\GitHub\BlockyOS\src\kernel\libcrt\BLAKE2\blake2sp-ref.c - up to date; source=2026-08-31T20:05:27.6610089Z, stored=08/31/2026 20:05:27
Skipping C:\GitHub\BlockyOS\src\kernel\libcrt\BLAKE2\blake2xb-ref.c - up to date; source=2026-09-01T14:03:25.3444410Z, stored=09/01/2026 14:03:25
Skipping C:\GitHub\BlockyOS\src\kernel\libcrt\BLAKE2\blake2xs-ref.c - up to date; source=2026-08-31T17:22:17.0728377Z, stored=08/31/2026 17:22:17
Skipping C:\GitHub\BlockyOS\src\kernel\libcrt\hardware\PCIe\PCIe.c - up to date; source=2026-08-31T23:54:42.2532022Z, stored=08/31/2026 23:54:42
Skipping C:\GitHub\BlockyOS\src\kernel\libcrt\hardware\SSE\UTILS.asm - up to date; source=2026-09-01T00:20:39.1738118Z, stored=09/01/2026 00:20:39
Skipping C:\GitHub\BlockyOS\src\kernel\libcrt\alibcrt.def - up to date; source=2026-09-01T20:03:41.5382359Z, stored=09/01/2026 20:03:41
gcc C:\GitHub\BlockyOS\compile\cache\asm.RNG.o C:\GitHub\BlockyOS\compile\cache\c.RNG.o C:\GitHub\BlockyOS\compile\cache\asm.GDT.o C:\GitHub\BlockyOS\compile\cache\c.GDT.o C:\GitHub\BlockyOS\compile\cache\asm.paging.o C:\GitHub\BlockyOS\compile\cache\c.paging.o C:\GitHub\BlockyOS\compile\cache\asm.SSE.o C:\GitHub\BlockyOS\compile\cache\c.SSE.o C:\GitHub\BlockyOS\compile\cache\c.memory.o C:\GitHub\BlockyOS\compile\cache\c.string.o C:\GitHub\BlockyOS\compile\cache\c.palloc.o C:\GitHub\BlockyOS\compile\cache\c.palloc(1).o C:\GitHub\BlockyOS\compile\cache\c.mmalloc.o C:\GitHub\BlockyOS\compile\cache\c.math.o C:\GitHub\BlockyOS\compile\cache\asm.IO.o C:\GitHub\BlockyOS\compile\cache\asm.IDT.o C:\GitHub\BlockyOS\compile\cache\asm.ISR.o C:\GitHub\BlockyOS\compile\cache\c.ISR.o C:\GitHub\BlockyOS\compile\cache\c.ACPI.o C:\GitHub\BlockyOS\compile\cache\c.APIC.o C:\GitHub\BlockyOS\compile\cache\c.IOAPIC.o C:\GitHub\BlockyOS\compile\cache\c.LocalAPIC.o C:\GitHub\BlockyOS\compile\cache\c.LocalAPICTimer.o C:\GitHub\BlockyOS\compile\cache\c.hardware.o C:\GitHub\BlockyOS\compile\cache\c.blake2b-ref.o C:\GitHub\BlockyOS\compile\cache\c.blake2bp-ref.o C:\GitHub\BlockyOS\compile\cache\c.blake2s-ref.o C:\GitHub\BlockyOS\compile\cache\c.blake2sp-ref.o C:\GitHub\BlockyOS\compile\cache\c.blake2xb-ref.o C:\GitHub\BlockyOS\compile\cache\c.blake2xs-ref.o C:\GitHub\BlockyOS\compile\cache\c.PCIe.o C:\GitHub\BlockyOS\compile\cache\asm.UTILS.o C:/GitHub/BlockyOS/src/kernel/libcrt/alibcrt.def -Wl,-flinker-output=dyn -Wl,-nostdlib -Wl,--emit-relocs -Wl,-shared -Wl,-Bsymbolic -Wl,-Map,C:\GitHub\BlockyOS\src\kernel\libcrt\alibcrt.map -fdiagnostics-color=always -fno-diagnostics-show-highlight-colors -nostartfiles -nodefaultlibs -o C:/GitHub/BlockyOS/Build/Build-nodate/root-part/libcrt.dll
Build finished successfully -> C:/GitHub/BlockyOS/Build/Build-nodate/root-part/libcrt.dll


[SHELL]	PE2EXEC.MAKE
C:\GitHub\BlockyOS\tools\executable-format\exechandler.exe C:/GitHub/BlockyOS/Build/Build-nodate/root-part/libcrt.dll C:/GitHub/BlockyOS/Build/Build-nodate/root-part/libcrt.service -od -L C:/GitHub/BlockyOS/src/kernel/libcrt/alibcrt.log

[(null):325255792:DumpBeHeader]	Writing 2134598746179 bytes to 4096
[(null):325255792:DumpBeHeader]	Writing 140716013518915 bytes to 140716013522944
[(null):325255792:DumpBeHeader]	Writing 140716013518915 bytes to 140716013522944
[(null):325255792:DumpBeHeader]	Writing 140716013518915 bytes to 140716013522944
[(null):325255792:DumpBeHeader]	Writing 140716013518915 bytes to 140716013522944
[C:\GitHub\BlockyOS\tools\executable-format\exec.c:679:CreateResourceSection]
[(null):325255792:DumpBeHeader]	Writing 140716013518915 bytes to 140716013522944
[C:\GitHub\BlockyOS\tools\executable-format\exec.c:723:CreateResourceSection]
[(null):325255792:DumpBeHeader]	Writing 140716013518915 bytes to 140716013522944
[C:\GitHub\BlockyOS\tools\executable-format\exec.c:746:CreateResourceSection]
[(null):325255792:DumpBeHeader]	Writing 140716013518915 bytes to 140716013522944
[(null):325255792:DumpBeHeader]	Writing 140716013518915 bytes to 140716013522944
[C:\GitHub\BlockyOS\Build\Build-nodate\root-part\libcrt.service]
Header: {
  .Magic	17730
  .SystemSection	.rsrc
  .NSections	9
  .RawHeaderSize	4096
  .SectionTabeOffset	52
    [0]: {
      .Magic	0
      .Name	
      .Flags	(null)
      .Alignment	0
      .VirtualAddress	0
      .VirtualSize	0
      .RawPointer	0
      .RawSize	0
      {
        
        
        
        
      }
    
    [1]: {
      .Magic	5457218
      .Name	.code
      .Flags	SFExecutable SFReadable 
      .Alignment	4
      .VirtualAddress	4096
      .VirtualSize	135952
      .RawPointer	4104
      .RawSize	136192
[C:\GitHub\BlockyOS\tools\executable-format\exec.c:145:ReadSection]	Reading 136192 from 4104
      {
        b8 00 00 c1 e3 00 00 f8 
        07 b9 00 eb 01 b9 00 72 
        00 00 0f 12 00 64 0f 07 
        00 00 a2 81 00 00 c7 e2 
      }
    
    [2]: {
      .Magic	5457218
      .Name	.data
      .Flags	SFInitData SFReadable SFWritable 
      .Alignment	4
      .VirtualAddress	143360
      .VirtualSize	2240
      .RawPointer	140296
      .RawSize	2560
[C:\GitHub\BlockyOS\tools\executable-format\exec.c:145:ReadSection]	Reading 2560 from 140296
      {
        53 53 00 33 53 53 2e 53 
        53 53 53 00 45 53 31 45 
        45 45 53 53 33 45 00 34 
        00 32 45 53 00 34 53 2e 
      }
    
    [3]: {
      .Magic	5457218
      .Name	.rodata
      .Flags	SFInitData SFReadable 
      .Alignment	4
      .VirtualAddress	147456
      .VirtualSize	5536
      .RawPointer	142856
      .RawSize	5632
[C:\GitHub\BlockyOS\tools\executable-format\exec.c:145:ReadSection]	Reading 5632 from 142856
      {
        10 01 2c 01 48 01 64 01 
        f0 00 f3 00 f6 00 f9 00 
        01 00 01 00 01 00 01 00 
        80 00 80 00 80 00 80 00 
      }
    
    [4]: {
      .Magic	5457218
      .Name	.RelS
      .Flags	SFInitData SFReadable 
      .Alignment	4
      .VirtualAddress	0
      .VirtualSize	2696
      .RawPointer	148488
      .RawSize	2696
[C:\GitHub\BlockyOS\tools\executable-format\exec.c:145:ReadSection]	Reading 2696 from 148488
      Header: {
        .DirectoryTable	148508
        .UnusedBytes	150672
        .NRelocationDirectories	2134598746117
        [0]: {
          .BaseAddress	12288
          .DirectorySize	76(16 Entries)
             [0]: {
            .Type	BRET64
            .Offset	1626(0x365A)
          } [1]: {
            .Type	BRET64
            .Offset	1650(0x3672)
          } [2]: {
            .Type	BRET64
            .Offset	1674(0x368A)
          } [3]: {
            .Type	BRET64
            .Offset	1698(0x36A2)
          } [4]: {
            .Type	BRET64
            .Offset	1722(0x36BA)
          } [5]: {
            .Type	BRET64
            .Offset	1746(0x36D2)
          } [6]: {
            .Type	BRET64
            .Offset	1770(0x36EA)
          } [7]: {
            .Type	BRET64
            .Offset	1794(0x3702)
          }
        }
        [1]: {
          .BaseAddress	143360
          .DirectorySize	1004(248 Entries)
             [0]: {
            .Type	BRET64
            .Offset	192(0x230C0)
          } [1]: {
            .Type	BRET64
            .Offset	200(0x230C8)
          } [2]: {
            .Type	BRET64
            .Offset	208(0x230D0)
          } [3]: {
            .Type	BRET64
            .Offset	216(0x230D8)
          } [4]: {
            .Type	BRET64
            .Offset	224(0x230E0)
          } [5]: {
            .Type	BRET64
            .Offset	232(0x230E8)
          } [6]: {
            .Type	BRET64
            .Offset	240(0x230F0)
          } [7]: {
            .Type	BRET64
            .Offset	248(0x230F8)
          }
        }
        [2]: {
          .BaseAddress	147456
          .DirectorySize	1044(258 Entries)
             [0]: {
            .Type	BRET64
            .Offset	0(0x24000)
          } [1]: {
            .Type	BRET64
            .Offset	8(0x24008)
          } [2]: {
            .Type	BRET64
            .Offset	16(0x24010)
          } [3]: {
            .Type	BRET64
            .Offset	24(0x24018)
          } [4]: {
            .Type	BRET64
            .Offset	32(0x24020)
          } [5]: {
            .Type	BRET64
            .Offset	40(0x24028)
          } [6]: {
            .Type	BRET64
            .Offset	48(0x24030)
          } [7]: {
            .Type	BRET64
            .Offset	56(0x24038)
          }
        }
        [3]: {
          .BaseAddress	151552
          .DirectorySize	28(4 Entries)
             [0]: {
            .Type	BRET64
            .Offset	160(0x250A0)
          } [1]: {
            .Type	BRET64
            .Offset	192(0x250C0)
          } [2]: {
            .Type	BRET64
            .Offset	208(0x250D0)
          } [3]: {
            .Type	BRET64
            .Offset	224(0x250E0)
          }
        }
        [4]: {
          .BaseAddress	0
          .DirectorySize	12(0 Entries)
            
        }
      }
    
    [5]: {
      .Magic	5457218
      .Name	.ImportIn
      .Flags	SFInitData SFReadable 
      .Alignment	4
      .VirtualAddress	0
      .VirtualSize	0
      .RawPointer	151184
      .RawSize	20
[C:\GitHub\BlockyOS\tools\executable-format\exec.c:145:ReadSection]	Reading 20 from 151184
      Header: {
        .NDlls	0
        .DllImportPathTableRVO	151204
        .DllImportTableRVO	151204
      }
    
    [6]: {
      .Magic	5457218
      .Name	.ExportOut
      .Flags	SFInitData SFReadable 
      .Alignment	4
      .VirtualAddress	0
      .VirtualSize	0
      .RawPointer	151204
      .RawSize	4172
[C:\GitHub\BlockyOS\tools\executable-format\exec.c:145:ReadSection]	Reading 4172 from 151204
      Header: {
        .NExported	92
        .ExportTableRVO	151228
        .ExportNameRVO	154172
        .NExportAddresses	92[C:\GitHub\BlockyOS\tools\executable-format\exechandler.exe|-1073741819]

[C:\GitHub\BlockyOS\tools\executable-format\exec.c:177:WriteSection]	Writing 136192 to 4104
[C:\GitHub\BlockyOS\tools\executable-format\exec.c:177:WriteSection]	Writing 2560 to 140296
[C:\GitHub\BlockyOS\tools\executable-format\exec.c:177:WriteSection]	Writing 5632 to 142856
[C:\GitHub\BlockyOS\tools\executable-format\exec.c:177:WriteSection]	Writing 2696 to 148488
[C:\GitHub\BlockyOS\tools\executable-format\exec.c:177:WriteSection]	Writing 2696 to 148488
[C:\GitHub\BlockyOS\tools\executable-format\exec.c:681:CreateResourceSection]
[C:\GitHub\BlockyOS\tools\executable-format\exec.c:177:WriteSection]	Writing 20 to 151184
[C:\GitHub\BlockyOS\tools\executable-format\exec.c:725:CreateResourceSection]
[C:\GitHub\BlockyOS\tools\executable-format\exec.c:177:WriteSection]	Writing 20 to 151184
[C:\GitHub\BlockyOS\tools\executable-format\exec.c:177:WriteSection]	Writing 4172 to 151204
[C:\GitHub\BlockyOS\tools\executable-format\exec.c:177:WriteSection]	Writing 4172 to 151204
[C:\GitHub\BlockyOS\tools\executable-format\exec.c:748:CreateResourceSection]
[C:\GitHub\BlockyOS\tools\executable-format\exec.c:177:WriteSection]	Writing 9536 to 155376
[C:\GitHub\BlockyOS\tools\executable-format\exec.c:177:WriteSection]	Writing 4096 to 164912
[C:\GitHub\BlockyOS\Build\Build-nodate\root-part\libcrt.service]
Header: {
  .Magic	17730
  .SystemSection	.rsrc
  .NSections	9
  .RawHeaderSize	4096
  .SectionTabeOffset	52
    [0]: {
      .Magic	0
      .Name	
      .Flags	(null)
      .Alignment	0
      .VirtualAddress	0
      .VirtualSize	0
      .RawPointer	0
      .RawSize	0
      {
        
        
        
        
      }
    
    [1]: {
      .Magic	5457218
      .Name	.code
      .Flags	SFExecutable SFReadable 
      .Alignment	2134598746116
      .VirtualAddress	4096
      .VirtualSize	135952
      .RawPointer	4104
      .RawSize	136192
[C:\GitHub\BlockyOS\tools\executable-format\exec.c:147:ReadSection]	Reading 136192 from 4104
      {
        b8 00 00 c1 e3 00 00 f8 
        07 b9 00 eb 01 b9 00 72 
        00 00 0f 12 00 64 0f 07 
        00 00 a2 81 00 00 c7 e2 
      }
    
    [2]: {
      .Magic	5457218
      .Name	.data
      .Flags	SFInitData SFReadable SFWritable 
      .Alignment	2134598746116
      .VirtualAddress	143360
      .VirtualSize	2240
      .RawPointer	140296
      .RawSize	2560
[C:\GitHub\BlockyOS\tools\executable-format\exec.c:147:ReadSection]	Reading 2560 from 140296
      {
        53 53 00 33 53 53 2e 53 
        53 53 53 00 45 53 31 45 
        45 45 53 53 33 45 00 34 
        00 32 45 53 00 34 53 2e 
      }
    
    [3]: {
      .Magic	5457218
      .Name	.rodata
      .Flags	SFInitData SFReadable 
      .Alignment	2134598746116
      .VirtualAddress	147456
      .VirtualSize	5536
      .RawPointer	142856
      .RawSize	5632
[C:\GitHub\BlockyOS\tools\executable-format\exec.c:147:ReadSection]	Reading 5632 from 142856
      {
        10 01 2c 01 48 01 64 01 
        f0 00 f3 00 f6 00 f9 00 
        01 00 01 00 01 00 01 00 
        80 00 80 00 80 00 80 00 
      }
    
    [4]: {
      .Magic	5457218
      .Name	.RelS
      .Flags	SFInitData SFReadable 
      .Alignment	2134598746116
      .VirtualAddress	0
      .VirtualSize	2696
      .RawPointer	148488
      .RawSize	2696
[C:\GitHub\BlockyOS\tools\executable-format\exec.c:147:ReadSection]	Reading 2696 from 148488
      Header: {
        .DirectoryTable	148508
        .UnusedBytes	150672
        .NRelocationDirectories	5
        [0]: {
          .BaseAddress	12288
          .DirectorySize	76(16 Entries)
             [0]: {
            .Type	BRET64
            .Offset	1626(0x365A)
          } [1]: {
            .Type	BRET64
            .Offset	1650(0x3672)
          } [2]: {
            .Type	BRET64
            .Offset	1674(0x368A)
          } [3]: {
            .Type	BRET64
            .Offset	1698(0x36A2)
          } [4]: {
            .Type	BRET64
            .Offset	1722(0x36BA)
          } [5]: {
            .Type	BRET64
            .Offset	1746(0x36D2)
          } [6]: {
            .Type	BRET64
            .Offset	1770(0x36EA)
          } [7]: {
         
[SHELL]	FSFRAT.OPEN
[SHELL]	FSFRAT.MOUNT
[SHELL OUT]: >> 
[SHELL OUT]: FSFRAT DRIVER
[SHELL OUT]: [C:\GitHub\BlockyOS\tools\filesystem\frat.c:193]  >>  Mounting FS Root: [C:/GitHub/BlockyOS/Build/Build-nodate/disk.img]
[SHELL OUT]: Verifying Disk GPT
[SHELL OUT]: [Parent:00007ff7eb28d8f9] >>  C:/GitHub/BlockyOS/Build/Build-nodate/disk.img  ConfBlockSize: 512    Starting Disk Env ID: 
[SHELL OUT]: Reading Bytes
[SHELL OUT]: [Parent:00007ff7eb28d914] >> Reading [92 bytes(s)->1 block(s)] to LBA[1(512)-2(1024)]
[SHELL OUT]: GPT Dump:
[SHELL OUT]:     Sig: "EFI PART"
[SHELL OUT]:     Rev: 65536
[SHELL OUT]:     Header-Size: 92
[SHELL OUT]:     Header Checksum: 2304508507
[SHELL OUT]:     localLBA: 1
[SHELL OUT]:     altLBA: 2623490
[SHELL OUT]:     firstUsable: 2048
[SHELL OUT]:     lastUsable: 2623488
[SHELL OUT]:     Disk-GUID: 
[SHELL OUT]:     Partition-Table: 2
[SHELL OUT]:     # of Partition-Entries: 3
[SHELL OUT]:     Partition-Entry Size: 128
[SHELL OUT]:     Partition-Table Checksum: 801556421
[SHELL OUT]: Closing Disk Interface >> {C:/GitHub/BlockyOS/Build/Build-nodate/disk.img}
[SHELL OUT]: GPT Exists? true
[SHELL OUT]: [Parent:00007ff7eb28ee8f] >>  C:/GitHub/BlockyOS/Build/Build-nodate/disk.img  ConfBlockSize: 512    Starting Disk Env ID: 
[SHELL OUT]: Reading Bytes
[SHELL OUT]: [Parent:00007ff7eb28eeb0] >> Reading [92 bytes(s)->1 block(s)] to LBA[1(512)-2(1024)]
[SHELL OUT]: [C:\GitHub\BlockyOS\tools\filesystem\frat.c:134]  >>  Querying Part Table
[SHELL OUT]: Reading Bytes
[SHELL OUT]: [Parent:00007ff7eb28e700] >> Reading [384 bytes(s)->1 block(s)] to LBA[2(1024)-3(1536)]
[SHELL OUT]: [C:\GitHub\BlockyOS\tools\filesystem\frat.c:142]  >>  GPT-Entry: BOOT{2048:526335 -> 524287}
[SHELL OUT]: [C:\GitHub\BlockyOS\tools\filesystem\frat.c:156]  >>  Querying FS at 2048
[SHELL OUT]: Reading Bytes
[SHELL OUT]: [Parent:00007ff7eb28eba4] >> Reading [36 bytes(s)->1 block(s)] to LBA[2048(1048576)-2049(1049088)]
[SHELL OUT]: FS-Root Blob:
[SHELL OUT]:     Version: [0:524288]
[SHELL OUT]:     Sig: 
[SHELL OUT]:     Configured Log Sectors: 2
[SHELL OUT]:     Configured Block Size: 0
[SHELL OUT]:     Configured Cluster-Map Size: 16711743
[SHELL OUT]: [C:\GitHub\BlockyOS\tools\filesystem\frat.c:142]  >>  GPT-Entry: ROOT{526336:2623487 -> 2097151}
[SHELL OUT]: [C:\GitHub\BlockyOS\tools\filesystem\frat.c:156]  >>  Querying FS at 526336
[SHELL OUT]: Reading Bytes
[SHELL OUT]: [Parent:00007ff7eb28eba4] >> Reading [36 bytes(s)->1 block(s)] to LBA[526336(269484032)-526337(269484544)]
[SHELL OUT]: FS-Root Blob:
[SHELL OUT]:     Version: [1:0]
[SHELL OUT]:     Sig: FRAT_FILESYSTEM
[SHELL OUT]:     Configured Log Sectors: 5
[SHELL OUT]:     Configured Block Size: 512
[SHELL OUT]:     Configured Cluster-Map Size: 81920
[SHELL OUT]: [C:\GitHub\BlockyOS\tools\filesystem\frat.c:181]  >>  FS Found at [526336]:
[SHELL OUT]: 	Version-Code: [1:0]
[SHELL OUT]: 	Configured Block-Size: 512
[SHELL OUT]: 	Configured Cluster-Size: 81920
[SHELL OUT]: 	Configured # of Log-Sectors: 5
[SHELL OUT]: 	Configured Log-Size: 90
[SHELL OUT]: [C:\GitHub\BlockyOS\tools\filesystem\frat.c:205]  >>  Found Formatted Partition: 526336:2623487 -> 2097151
[SHELL OUT]: Reading Bytes
[SHELL OUT]: [Parent:00007ff7eb28efe1] >> Reading [36 bytes(s)->1 block(s)] to LBA[526336(269484032)-526337(269484544)]
[SHELL OUT]: [C:\GitHub\BlockyOS\tools\filesystem\frat.c:218]  >>  Root: 526336:2623487 -> 2097151 LBAs
[SHELL OUT]: 	Version-Code: [1:0]
[SHELL OUT]: 	Configured Block-Size: 512
[SHELL OUT]: 	Configured Cluster-Size: 81920
[SHELL OUT]: 	Configured # of Log-Sectors: 81920
[SHELL OUT]: 	Configured Log-Size: 5
[SHELL OUT]: Reading Bytes
[SHELL OUT]: [Parent:00007ff7eb28f325] >> Reading [2560 bytes(s)->5 block(s)] to LBA[526337(269484544)-526342(269487104)]
[SHELL OUT]: Reading Bytes
[SHELL OUT]: [Parent:00007ff7eb28f3a6] >> Reading [81920 bytes(s)->160 block(s)] to LBA[526343(269487616)-526503(269569536)]
[SHELL OUT]:     Verifying FS Root Items #items: 4096
[SHELL OUT]: Closing Disk Interface >> {C:/GitHub/BlockyOS/Build/Build-nodate/disk.img}
Initializing CGCC.MAKE build process...
Skipping C:\GitHub\BlockyOS\src\kernel\libcrt\hardware\RNG\RNG.asm - up to date; source=2026-09-02T19:29:50.4588980Z, stored=09/02/2026 19:29:50
Skipping C:\GitHub\BlockyOS\src\kernel\libcrt\hardware\RNG\RNG.c - up to date; source=2026-09-01T19:51:35.2375749Z, stored=09/01/2026 19:51:35
Skipping C:\GitHub\BlockyOS\src\kernel\libcrt\hardware\GDT\GDT.asm - up to date; source=2026-09-02T19:29:50.4759038Z, stored=09/02/2026 19:29:50
Skipping C:\GitHub\BlockyOS\src\kernel\libcrt\hardware\GDT\GDT.c - up to date; source=2026-08-31T20:29:21.6186178Z, stored=08/31/2026 20:29:21
Skipping C:\GitHub\BlockyOS\src\kernel\libcrt\hardware\paging\paging.asm - up to date; source=2026-09-02T19:29:50.4619061Z, stored=09/02/2026 19:29:50
Skipping C:\GitHub\BlockyOS\src\kernel\libcrt\hardware\paging\paging.c - up to date; source=2026-09-01T20:10:14.1486119Z, stored=09/01/2026 20:10:14
Skipping C:\GitHub\BlockyOS\src\kernel\libcrt\hardware\SSE\SSE.asm - up to date; source=2026-09-02T19:29:50.4759038Z, stored=09/02/2026 19:29:50
Skipping C:\GitHub\BlockyOS\src\kernel\libcrt\hardware\SSE\SSE.c - up to date; source=2026-09-01T15:31:49.0191638Z, stored=09/01/2026 15:31:49
Skipping C:\GitHub\BlockyOS\src\kernel\libcrt\memory\memory.c - up to date; source=2026-09-01T14:27:41.5007315Z, stored=09/01/2026 14:27:41
Skipping C:\GitHub\BlockyOS\src\kernel\libcrt\memory\string.c - up to date; source=2026-08-31T17:22:17.0368394Z, stored=08/31/2026 17:22:17
Skipping C:\GitHub\BlockyOS\src\kernel\libcrt\hardware\paging\palloc.c - up to date; source=2026-09-01T20:10:14.1506184Z, stored=09/01/2026 20:10:14
Skipping C:\GitHub\BlockyOS\src\kernel\libcrt\memory\allocator\palloc.c - up to date; source=2026-09-02T18:08:03.4509785Z, stored=09/02/2026 18:08:03
Skipping C:\GitHub\BlockyOS\src\kernel\libcrt\memory\allocator\mmalloc.c - up to date; source=2026-09-01T00:47:09.6602809Z, stored=09/01/2026 00:47:09
Skipping C:\GitHub\BlockyOS\src\kernel\libcrt\math\math.c - up to date; source=2026-09-02T20:24:18.8720404Z, stored=09/02/2026 20:24:18
Skipping C:\GitHub\BlockyOS\src\kernel\libcrt\hardware\IO\IO.asm - up to date; source=2026-09-02T19:29:50.4759038Z, stored=09/02/2026 19:29:50
Skipping C:\GitHub\BlockyOS\src\kernel\libcrt\hardware\IDT\IDT.asm - up to date; source=2026-09-02T19:29:50.4759038Z, stored=09/02/2026 19:29:50
Skipping C:\GitHub\BlockyOS\src\kernel\libcrt\hardware\IDT\ISR.asm - up to date; source=2026-09-02T19:08:06.2288527Z, stored=09/02/2026 19:08:06
Skipping C:\GitHub\BlockyOS\src\kernel\libcrt\hardware\IDT\ISR.c - up to date; source=2026-09-02T18:48:44.0968136Z, stored=09/02/2026 18:48:44
Skipping C:\GitHub\BlockyOS\src\kernel\libcrt\hardware\ACPI\ACPI.c - up to date; source=2026-08-31T20:25:27.3210120Z, stored=08/31/2026 20:25:27
Skipping C:\GitHub\BlockyOS\src\kernel\libcrt\hardware\IDT\APIC\APIC.c - up to date; source=2026-08-31T17:22:17.1088393Z, stored=08/31/2026 17:22:17
Skipping C:\GitHub\BlockyOS\src\kernel\libcrt\hardware\IDT\APIC\IOAPIC.c - up to date; source=2026-08-31T23:06:36.2138524Z, stored=08/31/2026 23:06:36
Skipping C:\GitHub\BlockyOS\src\kernel\libcrt\hardware\IDT\APIC\LocalAPIC.c - up to date; source=2026-09-01T14:06:58.1209403Z, stored=09/01/2026 14:06:58
Skipping C:\GitHub\BlockyOS\src\kernel\libcrt\hardware\IDT\APIC\LocalAPICTimer.c - up to date; source=2026-09-01T19:52:35.3774846Z, stored=09/01/2026 19:52:35
Skipping C:\GitHub\BlockyOS\src\kernel\libcrt\hardware\hardware.c - up to date; source=2026-09-01T16:46:09.0571163Z, stored=09/01/2026 16:46:09
Skipping C:\GitHub\BlockyOS\src\kernel\libcrt\BLAKE2\blake2b-ref.c - up to date; source=2026-08-31T20:05:16.6578387Z, stored=08/31/2026 20:05:16
Skipping C:\GitHub\BlockyOS\src\kernel\libcrt\BLAKE2\blake2bp-ref.c - up to date; source=2026-08-31T20:05:20.6816175Z, stored=08/31/2026 20:05:20
Skipping C:\GitHub\BlockyOS\src\kernel\libcrt\BLAKE2\blake2s-ref.c - up to date; source=2026-08-31T20:05:24.7027041Z, stored=08/31/2026 20:05:24
Skipping C:\GitHub\BlockyOS\src\kernel\libcrt\BLAKE2\blake2sp-ref.c - up to date; source=2026-08-31T20:05:27.6610089Z, stored=08/31/2026 20:05:27
Skipping C:\GitHub\BlockyOS\src\kernel\libcrt\BLAKE2\blake2xb-ref.c - up to date; source=2026-09-01T14:03:25.3444410Z, stored=09/01/2026 14:03:25
Skipping C:\GitHub\BlockyOS\src\kernel\libcrt\BLAKE2\blake2xs-ref.c - up to date; source=2026-08-31T17:22:17.0728377Z, stored=08/31/2026 17:22:17
Skipping C:\GitHub\BlockyOS\src\kernel\libcrt\hardware\PCIe\PCIe.c - up to date; source=2026-08-31T23:54:42.2532022Z, stored=08/31/2026 23:54:42
Skipping C:\GitHub\BlockyOS\src\kernel\libcrt\hardware\SSE\UTILS.asm - up to date; source=2026-09-01T00:20:39.1738118Z, stored=09/01/2026 00:20:39
Skipping C:\GitHub\BlockyOS\src\kernel\libcrt\alibcrt.def - up to date; source=2026-09-01T20:03:41.5382359Z, stored=09/01/2026 20:03:41
gcc C:\GitHub\BlockyOS\compile\cache\asm.RNG.o C:\GitHub\BlockyOS\compile\cache\c.RNG.o C:\GitHub\BlockyOS\compile\cache\asm.GDT.o C:\GitHub\BlockyOS\compile\cache\c.GDT.o C:\GitHub\BlockyOS\compile\cache\asm.paging.o C:\GitHub\BlockyOS\compile\cache\c.paging.o C:\GitHub\BlockyOS\compile\cache\asm.SSE.o C:\GitHub\BlockyOS\compile\cache\c.SSE.o C:\GitHub\BlockyOS\compile\cache\c.memory.o C:\GitHub\BlockyOS\compile\cache\c.string.o C:\GitHub\BlockyOS\compile\cache\c.palloc.o C:\GitHub\BlockyOS\compile\cache\c.palloc(1).o C:\GitHub\BlockyOS\compile\cache\c.mmalloc.o C:\GitHub\BlockyOS\compile\cache\c.math.o C:\GitHub\BlockyOS\compile\cache\asm.IO.o C:\GitHub\BlockyOS\compile\cache\asm.IDT.o C:\GitHub\BlockyOS\compile\cache\asm.ISR.o C:\GitHub\BlockyOS\compile\cache\c.ISR.o C:\GitHub\BlockyOS\compile\cache\c.ACPI.o C:\GitHub\BlockyOS\compile\cache\c.APIC.o C:\GitHub\BlockyOS\compile\cache\c.IOAPIC.o C:\GitHub\BlockyOS\compile\cache\c.LocalAPIC.o C:\GitHub\BlockyOS\compile\cache\c.LocalAPICTimer.o C:\GitHub\BlockyOS\compile\cache\c.hardware.o C:\GitHub\BlockyOS\compile\cache\c.blake2b-ref.o C:\GitHub\BlockyOS\compile\cache\c.blake2bp-ref.o C:\GitHub\BlockyOS\compile\cache\c.blake2s-ref.o C:\GitHub\BlockyOS\compile\cache\c.blake2sp-ref.o C:\GitHub\BlockyOS\compile\cache\c.blake2xb-ref.o C:\GitHub\BlockyOS\compile\cache\c.blake2xs-ref.o C:\GitHub\BlockyOS\compile\cache\c.PCIe.o C:\GitHub\BlockyOS\compile\cache\asm.UTILS.o C:/GitHub/BlockyOS/src/kernel/libcrt/alibcrt.def -Wl,-flinker-output=dyn -Wl,-nostdlib -Wl,--emit-relocs -Wl,-shared -Wl,-Bsymbolic -Wl,-Map,C:\GitHub\BlockyOS\src\kernel\libcrt\alibcrt.map -fdiagnostics-color=always -fno-diagnostics-show-highlight-colors -nostartfiles -nodefaultlibs -o C:/GitHub/BlockyOS/Build/Build-nodate/root-part/libcrt.dll
Build finished successfully -> C:/GitHub/BlockyOS/Build/Build-nodate/root-part/libcrt.dll


[SHELL]	PE2EXEC.MAKE
C:\GitHub\BlockyOS\tools\executable-format\exechandler.exe C:/GitHub/BlockyOS/Build/Build-nodate/root-part/libcrt.dll C:/GitHub/BlockyOS/Build/Build-nodate/root-part/libcrt.service -od -L C:/GitHub/BlockyOS/src/kernel/libcrt/alibcrt.log

[(null):325255792:DumpBeHeader]	Writing 2392296783939 bytes to 4096
[(null):325255792:DumpBeHeader]	Writing 140716013518915 bytes to 140716013522944
[(null):325255792:DumpBeHeader]	Writing 140716013518915 bytes to 140716013522944
[(null):325255792:DumpBeHeader]	Writing 140716013518915 bytes to 140716013522944
[(null):325255792:DumpBeHeader]	Writing 140716013518915 bytes to 140716013522944
[C:\GitHub\BlockyOS\tools\executable-format\exec.c:679:CreateResourceSection]
[(null):325255792:DumpBeHeader]	Writing 140716013518915 bytes to 140716013522944
[C:\GitHub\BlockyOS\tools\executable-format\exec.c:723:CreateResourceSection]
[(null):325255792:DumpBeHeader]	Writing 140716013518915 bytes to 140716013522944
[C:\GitHub\BlockyOS\tools\executable-format\exec.c:746:CreateResourceSection]
[(null):325255792:DumpBeHeader]	Writing 140716013518915 bytes to 140716013522944
[(null):325255792:DumpBeHeader]	Writing 140716013518915 bytes to 140716013522944
[C:\GitHub\BlockyOS\Build\Build-nodate\root-part\libcrt.service]
Header: {
  .Magic	17730
  .SystemSection	.rsrc
  .NSections	9
  .RawHeaderSize	4096
  .SectionTabeOffset	52
    [0]: {
      .Magic	0
      .Name	
      .Flags	(null)
      .Alignment	0
      .VirtualAddress	0
      .VirtualSize	0
      .RawPointer	0
      .RawSize	0
      {
        
        
        
        
      }
    
    [1]: {
      .Magic	5457218
      .Name	.code
      .Flags	SFExecutable SFReadable 
      .Alignment	4
      .VirtualAddress	4096
      .VirtualSize	135952
      .RawPointer	4104
      .RawSize	136192
[C:\GitHub\BlockyOS\tools\executable-format\exec.c:145:ReadSection]	Reading 136192 from 4104
      {
        b8 00 00 c1 e3 00 00 f8 
        07 b9 00 eb 01 b9 00 72 
        00 00 0f 12 00 64 0f 07 
        00 00 a2 81 00 00 c7 e2 
      }
    
    [2]: {
      .Magic	5457218
      .Name	.data
      .Flags	SFInitData SFReadable SFWritable 
      .Alignment	4
      .VirtualAddress	143360
      .VirtualSize	2240
      .RawPointer	140296
      .RawSize	2560
[C:\GitHub\BlockyOS\tools\executable-format\exec.c:145:ReadSection]	Reading 2560 from 140296
      {
        53 53 00 33 53 53 2e 53 
        53 53 53 00 45 53 31 45 
        45 45 53 53 33 45 00 34 
        00 32 45 53 00 34 53 2e 
      }
    
    [3]: {
      .Magic	5457218
      .Name	.rodata
      .Flags	SFInitData SFReadable 
      .Alignment	4
      .VirtualAddress	147456
      .VirtualSize	5536
      .RawPointer	142856
      .RawSize	5632
[C:\GitHub\BlockyOS\tools\executable-format\exec.c:145:ReadSection]	Reading 5632 from 142856
      {
        10 01 2c 01 48 01 64 01 
        f0 00 f3 00 f6 00 f9 00 
        01 00 01 00 01 00 01 00 
        80 00 80 00 80 00 80 00 
      }
    
    [4]: {
      .Magic	5457218
      .Name	.RelS
      .Flags	SFInitData SFReadable 
      .Alignment	4
      .VirtualAddress	0
      .VirtualSize	2696
      .RawPointer	148488
      .RawSize	2696
[C:\GitHub\BlockyOS\tools\executable-format\exec.c:145:ReadSection]	Reading 2696 from 148488
      Header: {
        .DirectoryTable	148508
        .UnusedBytes	150672
        .NRelocationDirectories	2392296783877
        [0]: {
          .BaseAddress	12288
          .DirectorySize	76(16 Entries)
             [0]: {
            .Type	BRET64
            .Offset	1626(0x365A)
          } [1]: {
            .Type	BRET64
            .Offset	1650(0x3672)
          } [2]: {
            .Type	BRET64
            .Offset	1674(0x368A)
          } [3]: {
            .Type	BRET64
            .Offset	1698(0x36A2)
          } [4]: {
            .Type	BRET64
            .Offset	1722(0x36BA)
          } [5]: {
            .Type	BRET64
            .Offset	1746(0x36D2)
          } [6]: {
            .Type	BRET64
            .Offset	1770(0x36EA)
          } [7]: {
            .Type	BRET64
            .Offset	1794(0x3702)
          }
        }
        [1]: {
          .BaseAddress	143360
          .DirectorySize	1004(248 Entries)
             [0]: {
            .Type	BRET64
            .Offset	192(0x230C0)
          } [1]: {
            .Type	BRET64
            .Offset	200(0x230C8)
          } [2]: {
            .Type	BRET64
            .Offset	208(0x230D0)
          } [3]: {
            .Type	BRET64
            .Offset	216(0x230D8)
          } [4]: {
            .Type	BRET64
            .Offset	224(0x230E0)
          } [5]: {
            .Type	BRET64
            .Offset	232(0x230E8)
          } [6]: {
            .Type	BRET64
            .Offset	240(0x230F0)
          } [7]: {
            .Type	BRET64
            .Offset	248(0x230F8)
          }
        }
        [2]: {
          .BaseAddress	147456
          .DirectorySize	1044(258 Entries)
             [0]: {
            .Type	BRET64
            .Offset	0(0x24000)
          } [1]: {
            .Type	BRET64
            .Offset	8(0x24008)
          } [2]: {
            .Type	BRET64
            .Offset	16(0x24010)
          } [3]: {
            .Type	BRET64
            .Offset	24(0x24018)
          } [4]: {
            .Type	BRET64
            .Offset	32(0x24020)
          } [5]: {
            .Type	BRET64
            .Offset	40(0x24028)
          } [6]: {
            .Type	BRET64
            .Offset	48(0x24030)
          } [7]: {
            .Type	BRET64
            .Offset	56(0x24038)
          }
        }
        [3]: {
          .BaseAddress	151552
          .DirectorySize	28(4 Entries)
             [0]: {
            .Type	BRET64
            .Offset	160(0x250A0)
          } [1]: {
            .Type	BRET64
            .Offset	192(0x250C0)
          } [2]: {
            .Type	BRET64
            .Offset	208(0x250D0)
          } [3]: {
            .Type	BRET64
            .Offset	224(0x250E0)
          }
        }
        [4]: {
          .BaseAddress	0
          .DirectorySize	12(0 Entries)
            
        }
      }
    
    [5]: {
      .Magic	5457218
      .Name	.ImportIn
      .Flags	SFInitData SFReadable 
      .Alignment	4
      .VirtualAddress	0
      .VirtualSize	0
      .RawPointer	151184
      .RawSize	20
[C:\GitHub\BlockyOS\tools\executable-format\exec.c:145:ReadSection]	Reading 20 from 151184
      Header: {
        .NDlls	0
        .DllImportPathTableRVO	151204
        .DllImportTableRVO	151204
      }
    
    [6]: {
      .Magic	5457218
      .Name	.ExportOut
      .Flags	SFInitData SFReadable 
      .Alignment	4
      .VirtualAddress	0
      .VirtualSize	0
      .RawPointer	151204
      .RawSize	4172
[C:\GitHub\BlockyOS\tools\executable-format\exec.c:145:ReadSection]	Reading 4172 from 151204
      Header: {
        .NExported	92
        .ExportTableRVO	151228
        .ExportNameRVO	154172
        .NExportAddresses	92[C:\GitHub\BlockyOS\tools\executable-format\exechandler.exe|-1073741819]

[C:\GitHub\BlockyOS\tools\executable-format\exec.c:177:WriteSection]	Writing 136192 to 4104
[C:\GitHub\BlockyOS\tools\executable-format\exec.c:177:WriteSection]	Writing 2560 to 140296
[C:\GitHub\BlockyOS\tools\executable-format\exec.c:177:WriteSection]	Writing 5632 to 142856
[C:\GitHub\BlockyOS\tools\executable-format\exec.c:177:WriteSection]	Writing 2696 to 148488
[C:\GitHub\BlockyOS\tools\executable-format\exec.c:177:WriteSection]	Writing 2696 to 148488
[C:\GitHub\BlockyOS\tools\executable-format\exec.c:681:CreateResourceSection]
[C:\GitHub\BlockyOS\tools\executable-format\exec.c:177:WriteSection]	Writing 20 to 151184
[C:\GitHub\BlockyOS\tools\executable-format\exec.c:725:CreateResourceSection]
[C:\GitHub\BlockyOS\tools\executable-format\exec.c:177:WriteSection]	Writing 20 to 151184
[C:\GitHub\BlockyOS\tools\executable-format\exec.c:177:WriteSection]	Writing 4172 to 151204
[C:\GitHub\BlockyOS\tools\executable-format\exec.c:177:WriteSection]	Writing 4172 to 151204
[C:\GitHub\BlockyOS\tools\executable-format\exec.c:748:CreateResourceSection]
[C:\GitHub\BlockyOS\tools\executable-format\exec.c:177:WriteSection]	Writing 9536 to 155376
[C:\GitHub\BlockyOS\tools\executable-format\exec.c:177:WriteSection]	Writing 4096 to 164912
[C:\GitHub\BlockyOS\Build\Build-nodate\root-part\libcrt.service]
Header: {
  .Magic	17730
  .SystemSection	.rsrc
  .NSections	9
  .RawHeaderSize	4096
  .SectionTabeOffset	52
    [0]: {
      .Magic	0
      .Name	
      .Flags	(null)
      .Alignment	0
      .VirtualAddress	0
      .VirtualSize	0
      .RawPointer	0
      .RawSize	0
      {
        
        
        
        
      }
    
    [1]: {
      .Magic	5457218
      .Name	.code
      .Flags	SFExecutable SFReadable 
      .Alignment	2392296783876
      .VirtualAddress	4096
      .VirtualSize	135952
      .RawPointer	4104
      .RawSize	136192
[C:\GitHub\BlockyOS\tools\executable-format\exec.c:147:ReadSection]	Reading 136192 from 4104
      {
        b8 00 00 c1 e3 00 00 f8 
        07 b9 00 eb 01 b9 00 72 
        00 00 0f 12 00 64 0f 07 
        00 00 a2 81 00 00 c7 e2 
      }
    
    [2]: {
      .Magic	5457218
      .Name	.data
      .Flags	SFInitData SFReadable SFWritable 
      .Alignment	2392296783876
      .VirtualAddress	143360
      .VirtualSize	2240
      .RawPointer	140296
      .RawSize	2560
[C:\GitHub\BlockyOS\tools\executable-format\exec.c:147:ReadSection]	Reading 2560 from 140296
      {
        53 53 00 33 53 53 2e 53 
        53 53 53 00 45 53 31 45 
        45 45 53 53 33 45 00 34 
        00 32 45 53 00 34 53 2e 
      }
    
    [3]: {
      .Magic	5457218
      .Name	.rodata
      .Flags	SFInitData SFReadable 
      .Alignment	2392296783876
      .VirtualAddress	147456
      .VirtualSize	5536
      .RawPointer	142856
      .RawSize	5632
[C:\GitHub\BlockyOS\tools\executable-format\exec.c:147:ReadSection]	Reading 5632 from 142856
      {
        10 01 2c 01 48 01 64 01 
        f0 00 f3 00 f6 00 f9 00 
        01 00 01 00 01 00 01 00 
        80 00 80 00 80 00 80 00 
      }
    
    [4]: {
      .Magic	5457218
      .Name	.RelS
      .Flags	SFInitData SFReadable 
      .Alignment	2392296783876
      .VirtualAddress	0
      .VirtualSize	2696
      .RawPointer	148488
      .RawSize	2696
[C:\GitHub\BlockyOS\tools\executable-format\exec.c:147:ReadSection]	Reading 2696 from 148488
      Header: {
        .DirectoryTable	148508
        .UnusedBytes	150672
        .NRelocationDirectories	5
        [0]: {
          .BaseAddress	12288
          .DirectorySize	76(16 Entries)
             [0]: {
            .Type	BRET64
            .Offset	1626(0x365A)
          } [1]: {
            .Type	BRET64
            .Offset	1650(0x3672)
          } [2]: {
            .Type	BRET64
            .Offset	1674(0x368A)
          } [3]: {
            .Type	BRET64
            .Offset	1698(0x36A2)
          } [4]: {
            .Type	BRET64
            .Offset	1722(0x36BA)
          } [5]: {
            .Type	BRET64
            .Offset	1746(0x36D2)
          } [6]: {
            .Type	BRET64
            .Offset	1770(0x36EA)
          } [7]: {
         
[SHELL]	FSFRAT.OPEN
[SHELL OUT]: >> 
[SHELL]	FSFRAT.MOUNT
[SHELL OUT]: >> 
[SHELL OUT]: FSFRAT DRIVER
[SHELL OUT]: [C:\GitHub\BlockyOS\tools\filesystem\frat.c:193]  >>  Mounting FS Root: [C:/GitHub/BlockyOS/Build/Build-nodate/disk.img]
[SHELL OUT]: Verifying Disk GPT
[SHELL OUT]: [Parent:00007ff7eb28d8f9] >>  C:/GitHub/BlockyOS/Build/Build-nodate/disk.img  ConfBlockSize: 512    Starting Disk Env ID: 
[SHELL OUT]: Reading Bytes
[SHELL OUT]: [Parent:00007ff7eb28d914] >> Reading [92 bytes(s)->1 block(s)] to LBA[1(512)-2(1024)]
[SHELL OUT]: GPT Dump:
[SHELL OUT]:     Sig: "EFI PART"
[SHELL OUT]:     Rev: 65536
[SHELL OUT]:     Header-Size: 92
[SHELL OUT]:     Header Checksum: 2304508507
[SHELL OUT]:     localLBA: 1
[SHELL OUT]:     altLBA: 2623490
[SHELL OUT]:     firstUsable: 2048
[SHELL OUT]:     lastUsable: 2623488
[SHELL OUT]:     Disk-GUID: 
[SHELL OUT]:     Partition-Table: 2
[SHELL OUT]:     # of Partition-Entries: 3
[SHELL OUT]:     Partition-Entry Size: 128
[SHELL OUT]:     Partition-Table Checksum: 801556421
[SHELL OUT]: Closing Disk Interface >> {C:/GitHub/BlockyOS/Build/Build-nodate/disk.img}
[SHELL OUT]: GPT Exists? true
[SHELL OUT]: [Parent:00007ff7eb28ee8f] >>  C:/GitHub/BlockyOS/Build/Build-nodate/disk.img  ConfBlockSize: 512    Starting Disk Env ID: 
[SHELL OUT]: Reading Bytes
[SHELL OUT]: [Parent:00007ff7eb28eeb0] >> Reading [92 bytes(s)->1 block(s)] to LBA[1(512)-2(1024)]
[SHELL OUT]: [C:\GitHub\BlockyOS\tools\filesystem\frat.c:134]  >>  Querying Part Table
[SHELL OUT]: Reading Bytes
[SHELL OUT]: [Parent:00007ff7eb28e700] >> Reading [384 bytes(s)->1 block(s)] to LBA[2(1024)-3(1536)]
[SHELL OUT]: [C:\GitHub\BlockyOS\tools\filesystem\frat.c:142]  >>  GPT-Entry: BOOT{2048:526335 -> 524287}
[SHELL OUT]: [C:\GitHub\BlockyOS\tools\filesystem\frat.c:156]  >>  Querying FS at 2048
[SHELL OUT]: Reading Bytes
[SHELL OUT]: [Parent:00007ff7eb28eba4] >> Reading [36 bytes(s)->1 block(s)] to LBA[2048(1048576)-2049(1049088)]
[SHELL OUT]: FS-Root Blob:
[SHELL OUT]:     Version: [0:524288]
[SHELL OUT]:     Sig: 
[SHELL OUT]:     Configured Log Sectors: 2
[SHELL OUT]:     Configured Block Size: 0
[SHELL OUT]:     Configured Cluster-Map Size: 16711743
[SHELL OUT]: [C:\GitHub\BlockyOS\tools\filesystem\frat.c:142]  >>  GPT-Entry: ROOT{526336:2623487 -> 2097151}
[SHELL OUT]: [C:\GitHub\BlockyOS\tools\filesystem\frat.c:156]  >>  Querying FS at 526336
[SHELL OUT]: Reading Bytes
[SHELL OUT]: [Parent:00007ff7eb28eba4] >> Reading [36 bytes(s)->1 block(s)] to LBA[526336(269484032)-526337(269484544)]
[SHELL OUT]: FS-Root Blob:
[SHELL OUT]:     Version: [1:0]
[SHELL OUT]:     Sig: FRAT_FILESYSTEM
[SHELL OUT]:     Configured Log Sectors: 5
[SHELL OUT]:     Configured Block Size: 512
[SHELL OUT]:     Configured Cluster-Map Size: 81920
[SHELL OUT]: [C:\GitHub\BlockyOS\tools\filesystem\frat.c:181]  >>  FS Found at [526336]:
[SHELL OUT]: 	Version-Code: [1:0]
[SHELL OUT]: 	Configured Block-Size: 512
[SHELL OUT]: 	Configured Cluster-Size: 81920
[SHELL OUT]: 	Configured # of Log-Sectors: 5
[SHELL OUT]: 	Configured Log-Size: 90
[SHELL OUT]: [C:\GitHub\BlockyOS\tools\filesystem\frat.c:205]  >>  Found Formatted Partition: 526336:2623487 -> 2097151
[SHELL OUT]: Reading Bytes
[SHELL OUT]: [Parent:00007ff7eb28efe1] >> Reading [36 bytes(s)->1 block(s)] to LBA[526336(269484032)-526337(269484544)]
[SHELL OUT]: [C:\GitHub\BlockyOS\tools\filesystem\frat.c:218]  >>  Root: 526336:2623487 -> 2097151 LBAs
[SHELL OUT]: 	Version-Code: [1:0]
[SHELL OUT]: 	Configured Block-Size: 512
[SHELL OUT]: 	Configured Cluster-Size: 81920
[SHELL OUT]: 	Configured # of Log-Sectors: 81920
[SHELL OUT]: 	Configured Log-Size: 5
[SHELL OUT]: Reading Bytes
[SHELL OUT]: [Parent:00007ff7eb28f325] >> Reading [2560 bytes(s)->5 block(s)] to LBA[526337(269484544)-526342(269487104)]
[SHELL OUT]: Reading Bytes
[SHELL OUT]: [Parent:00007ff7eb28f3a6] >> Reading [81920 bytes(s)->160 block(s)] to LBA[526343(269487616)-526503(269569536)]
[SHELL OUT]:     Verifying FS Root Items #items: 4096
[SHELL OUT]: Closing Disk Interface >> {C:/GitHub/BlockyOS/Build/Build-nodate/disk.img}
[SHELL OUT]: >> 
Initializing CGCC.MAKE build process...
Skipping C:\GitHub\BlockyOS\src\kernel\libcrt\hardware\RNG\RNG.asm - up to date; source=2026-09-02T19:29:50.4588980Z, stored=09/02/2026 19:29:50
Skipping C:\GitHub\BlockyOS\src\kernel\libcrt\hardware\RNG\RNG.c - up to date; source=2026-09-01T19:51:35.2375749Z, stored=09/01/2026 19:51:35
Skipping C:\GitHub\BlockyOS\src\kernel\libcrt\hardware\GDT\GDT.asm - up to date; source=2026-09-02T19:29:50.4759038Z, stored=09/02/2026 19:29:50
Skipping C:\GitHub\BlockyOS\src\kernel\libcrt\hardware\GDT\GDT.c - up to date; source=2026-08-31T20:29:21.6186178Z, stored=08/31/2026 20:29:21
Skipping C:\GitHub\BlockyOS\src\kernel\libcrt\hardware\paging\paging.asm - up to date; source=2026-09-02T19:29:50.4619061Z, stored=09/02/2026 19:29:50
Skipping C:\GitHub\BlockyOS\src\kernel\libcrt\hardware\paging\paging.c - up to date; source=2026-09-01T20:10:14.1486119Z, stored=09/01/2026 20:10:14
Skipping C:\GitHub\BlockyOS\src\kernel\libcrt\hardware\SSE\SSE.asm - up to date; source=2026-09-02T19:29:50.4759038Z, stored=09/02/2026 19:29:50
Skipping C:\GitHub\BlockyOS\src\kernel\libcrt\hardware\SSE\SSE.c - up to date; source=2026-09-01T15:31:49.0191638Z, stored=09/01/2026 15:31:49
Skipping C:\GitHub\BlockyOS\src\kernel\libcrt\memory\memory.c - up to date; source=2026-09-01T14:27:41.5007315Z, stored=09/01/2026 14:27:41
Skipping C:\GitHub\BlockyOS\src\kernel\libcrt\memory\string.c - up to date; source=2026-08-31T17:22:17.0368394Z, stored=08/31/2026 17:22:17
Skipping C:\GitHub\BlockyOS\src\kernel\libcrt\hardware\paging\palloc.c - up to date; source=2026-09-01T20:10:14.1506184Z, stored=09/01/2026 20:10:14
Skipping C:\GitHub\BlockyOS\src\kernel\libcrt\memory\allocator\palloc.c - up to date; source=2026-09-02T18:08:03.4509785Z, stored=09/02/2026 18:08:03
Skipping C:\GitHub\BlockyOS\src\kernel\libcrt\memory\allocator\mmalloc.c - up to date; source=2026-09-01T00:47:09.6602809Z, stored=09/01/2026 00:47:09
Skipping C:\GitHub\BlockyOS\src\kernel\libcrt\math\math.c - up to date; source=2026-09-02T20:24:18.8720404Z, stored=09/02/2026 20:24:18
Skipping C:\GitHub\BlockyOS\src\kernel\libcrt\hardware\IO\IO.asm - up to date; source=2026-09-02T19:29:50.4759038Z, stored=09/02/2026 19:29:50
Skipping C:\GitHub\BlockyOS\src\kernel\libcrt\hardware\IDT\IDT.asm - up to date; source=2026-09-02T19:29:50.4759038Z, stored=09/02/2026 19:29:50
Skipping C:\GitHub\BlockyOS\src\kernel\libcrt\hardware\IDT\ISR.asm - up to date; source=2026-09-02T19:08:06.2288527Z, stored=09/02/2026 19:08:06
Skipping C:\GitHub\BlockyOS\src\kernel\libcrt\hardware\IDT\ISR.c - up to date; source=2026-09-02T18:48:44.0968136Z, stored=09/02/2026 18:48:44
Skipping C:\GitHub\BlockyOS\src\kernel\libcrt\hardware\ACPI\ACPI.c - up to date; source=2026-08-31T20:25:27.3210120Z, stored=08/31/2026 20:25:27
Skipping C:\GitHub\BlockyOS\src\kernel\libcrt\hardware\IDT\APIC\APIC.c - up to date; source=2026-08-31T17:22:17.1088393Z, stored=08/31/2026 17:22:17
Skipping C:\GitHub\BlockyOS\src\kernel\libcrt\hardware\IDT\APIC\IOAPIC.c - up to date; source=2026-08-31T23:06:36.2138524Z, stored=08/31/2026 23:06:36
Skipping C:\GitHub\BlockyOS\src\kernel\libcrt\hardware\IDT\APIC\LocalAPIC.c - up to date; source=2026-09-01T14:06:58.1209403Z, stored=09/01/2026 14:06:58
Skipping C:\GitHub\BlockyOS\src\kernel\libcrt\hardware\IDT\APIC\LocalAPICTimer.c - up to date; source=2026-09-01T19:52:35.3774846Z, stored=09/01/2026 19:52:35
Skipping C:\GitHub\BlockyOS\src\kernel\libcrt\hardware\hardware.c - up to date; source=2026-09-01T16:46:09.0571163Z, stored=09/01/2026 16:46:09
Skipping C:\GitHub\BlockyOS\src\kernel\libcrt\BLAKE2\blake2b-ref.c - up to date; source=2026-08-31T20:05:16.6578387Z, stored=08/31/2026 20:05:16
Skipping C:\GitHub\BlockyOS\src\kernel\libcrt\BLAKE2\blake2bp-ref.c - up to date; source=2026-08-31T20:05:20.6816175Z, stored=08/31/2026 20:05:20
Skipping C:\GitHub\BlockyOS\src\kernel\libcrt\BLAKE2\blake2s-ref.c - up to date; source=2026-08-31T20:05:24.7027041Z, stored=08/31/2026 20:05:24
Skipping C:\GitHub\BlockyOS\src\kernel\libcrt\BLAKE2\blake2sp-ref.c - up to date; source=2026-08-31T20:05:27.6610089Z, stored=08/31/2026 20:05:27
Skipping C:\GitHub\BlockyOS\src\kernel\libcrt\BLAKE2\blake2xb-ref.c - up to date; source=2026-09-01T14:03:25.3444410Z, stored=09/01/2026 14:03:25
Skipping C:\GitHub\BlockyOS\src\kernel\libcrt\BLAKE2\blake2xs-ref.c - up to date; source=2026-08-31T17:22:17.0728377Z, stored=08/31/2026 17:22:17
Skipping C:\GitHub\BlockyOS\src\kernel\libcrt\hardware\PCIe\PCIe.c - up to date; source=2026-08-31T23:54:42.2532022Z, stored=08/31/2026 23:54:42
Skipping C:\GitHub\BlockyOS\src\kernel\libcrt\hardware\SSE\UTILS.asm - up to date; source=2026-09-01T00:20:39.1738118Z, stored=09/01/2026 00:20:39
Skipping C:\GitHub\BlockyOS\src\kernel\libcrt\alibcrt.def - up to date; source=2026-09-01T20:03:41.5382359Z, stored=09/01/2026 20:03:41
gcc C:\GitHub\BlockyOS\compile\cache\asm.RNG.o C:\GitHub\BlockyOS\compile\cache\c.RNG.o C:\GitHub\BlockyOS\compile\cache\asm.GDT.o C:\GitHub\BlockyOS\compile\cache\c.GDT.o C:\GitHub\BlockyOS\compile\cache\asm.paging.o C:\GitHub\BlockyOS\compile\cache\c.paging.o C:\GitHub\BlockyOS\compile\cache\asm.SSE.o C:\GitHub\BlockyOS\compile\cache\c.SSE.o C:\GitHub\BlockyOS\compile\cache\c.memory.o C:\GitHub\BlockyOS\compile\cache\c.string.o C:\GitHub\BlockyOS\compile\cache\c.palloc.o C:\GitHub\BlockyOS\compile\cache\c.palloc(1).o C:\GitHub\BlockyOS\compile\cache\c.mmalloc.o C:\GitHub\BlockyOS\compile\cache\c.math.o C:\GitHub\BlockyOS\compile\cache\asm.IO.o C:\GitHub\BlockyOS\compile\cache\asm.IDT.o C:\GitHub\BlockyOS\compile\cache\asm.ISR.o C:\GitHub\BlockyOS\compile\cache\c.ISR.o C:\GitHub\BlockyOS\compile\cache\c.ACPI.o C:\GitHub\BlockyOS\compile\cache\c.APIC.o C:\GitHub\BlockyOS\compile\cache\c.IOAPIC.o C:\GitHub\BlockyOS\compile\cache\c.LocalAPIC.o C:\GitHub\BlockyOS\compile\cache\c.LocalAPICTimer.o C:\GitHub\BlockyOS\compile\cache\c.hardware.o C:\GitHub\BlockyOS\compile\cache\c.blake2b-ref.o C:\GitHub\BlockyOS\compile\cache\c.blake2bp-ref.o C:\GitHub\BlockyOS\compile\cache\c.blake2s-ref.o C:\GitHub\BlockyOS\compile\cache\c.blake2sp-ref.o C:\GitHub\BlockyOS\compile\cache\c.blake2xb-ref.o C:\GitHub\BlockyOS\compile\cache\c.blake2xs-ref.o C:\GitHub\BlockyOS\compile\cache\c.PCIe.o C:\GitHub\BlockyOS\compile\cache\asm.UTILS.o C:/GitHub/BlockyOS/src/kernel/libcrt/alibcrt.def -Wl,-flinker-output=dyn -Wl,-nostdlib -Wl,--emit-relocs -Wl,-shared -Wl,-Bsymbolic -Wl,-Map,C:\GitHub\BlockyOS\src\kernel\libcrt\alibcrt.map -fdiagnostics-color=always -fno-diagnostics-show-highlight-colors -nostartfiles -nodefaultlibs -o C:/GitHub/BlockyOS/Build/Build-nodate/root-part/libcrt.dll
Build finished successfully -> C:/GitHub/BlockyOS/Build/Build-nodate/root-part/libcrt.dll


[SHELL]	PE2EXEC.MAKE
C:\GitHub\BlockyOS\tools\executable-format\exechandler.exe C:/GitHub/BlockyOS/Build/Build-nodate/root-part/libcrt.dll C:/GitHub/BlockyOS/Build/Build-nodate/root-part/libcrt.service -od -L C:/GitHub/BlockyOS/src/kernel/libcrt/alibcrt.log

[(null):2218984048:DumpBeHeader]	Writing 2847563317315 bytes to 4096
[(null):2218984048:DumpBeHeader]	Writing 140716013518915 bytes to 140716013522944
[(null):2218984048:DumpBeHeader]	Writing 140716013518915 bytes to 140716013522944
[(null):2218984048:DumpBeHeader]	Writing 140716013518915 bytes to 140716013522944
[(null):2218984048:DumpBeHeader]	Writing 140716013518915 bytes to 140716013522944
[C:\GitHub\BlockyOS\tools\executable-format\exec.c:679:CreateResourceSection]
[(null):2218984048:DumpBeHeader]	Writing 140716013518915 bytes to 140716013522944
[C:\GitHub\BlockyOS\tools\executable-format\exec.c:723:CreateResourceSection]
[(null):2218984048:DumpBeHeader]	Writing 140716013518915 bytes to 140716013522944
[C:\GitHub\BlockyOS\tools\executable-format\exec.c:746:CreateResourceSection]
[(null):2218984048:DumpBeHeader]	Writing 140716013518915 bytes to 140716013522944
[(null):2218984048:DumpBeHeader]	Writing 140716013518915 bytes to 140716013522944
[C:\GitHub\BlockyOS\Build\Build-nodate\root-part\libcrt.service]
Header: {
  .Magic	17730
  .SystemSection	.rsrc
  .NSections	9
  .RawHeaderSize	4096
  .SectionTabeOffset	52
    [0]: {
      .Magic	0
      .Name	
      .Flags	(null)
      .Alignment	0
      .VirtualAddress	0
      .VirtualSize	0
      .RawPointer	0
      .RawSize	0
      {
        
        
        
        
      }
    
    [1]: {
      .Magic	5457218
      .Name	.code
      .Flags	SFExecutable SFReadable 
      .Alignment	4
      .VirtualAddress	4096
      .VirtualSize	135952
      .RawPointer	4104
      .RawSize	136192
[C:\GitHub\BlockyOS\tools\executable-format\exec.c:145:ReadSection]	Reading 136192 from 4104
      {
        b8 00 00 c1 e3 00 00 f8 
        07 b9 00 eb 01 b9 00 72 
        00 00 0f 12 00 64 0f 07 
        00 00 a2 81 00 00 c7 e2 
      }
    
    [2]: {
      .Magic	5457218
      .Name	.data
      .Flags	SFInitData SFReadable SFWritable 
      .Alignment	4
      .VirtualAddress	143360
      .VirtualSize	2240
      .RawPointer	140296
      .RawSize	2560
[C:\GitHub\BlockyOS\tools\executable-format\exec.c:145:ReadSection]	Reading 2560 from 140296
      {
        53 53 00 33 53 53 2e 53 
        53 53 53 00 45 53 31 45 
        45 45 53 53 33 45 00 34 
        00 32 45 53 00 34 53 2e 
      }
    
    [3]: {
      .Magic	5457218
      .Name	.rodata
      .Flags	SFInitData SFReadable 
      .Alignment	4
      .VirtualAddress	147456
      .VirtualSize	5536
      .RawPointer	142856
      .RawSize	5632
[C:\GitHub\BlockyOS\tools\executable-format\exec.c:145:ReadSection]	Reading 5632 from 142856
      {
        10 01 2c 01 48 01 64 01 
        f0 00 f3 00 f6 00 f9 00 
        01 00 01 00 01 00 01 00 
        80 00 80 00 80 00 80 00 
      }
    
    [4]: {
      .Magic	5457218
      .Name	.RelS
      .Flags	SFInitData SFReadable 
      .Alignment	4
      .VirtualAddress	0
      .VirtualSize	2696
      .RawPointer	148488
      .RawSize	2696
[C:\GitHub\BlockyOS\tools\executable-format\exec.c:145:ReadSection]	Reading 2696 from 148488
      Header: {
        .DirectoryTable	148508
        .UnusedBytes	150672
        .NRelocationDirectories	2847563317253
        [0]: {
          .BaseAddress	12288
          .DirectorySize	76(16 Entries)
             [0]: {
            .Type	BRET64
            .Offset	1626(0x365A)
          } [1]: {
            .Type	BRET64
            .Offset	1650(0x3672)
          } [2]: {
            .Type	BRET64
            .Offset	1674(0x368A)
          } [3]: {
            .Type	BRET64
            .Offset	1698(0x36A2)
          } [4]: {
            .Type	BRET64
            .Offset	1722(0x36BA)
          } [5]: {
            .Type	BRET64
            .Offset	1746(0x36D2)
          } [6]: {
            .Type	BRET64
            .Offset	1770(0x36EA)
          } [7]: {
            .Type	BRET64
            .Offset	1794(0x3702)
          }
        }
        [1]: {
          .BaseAddress	143360
          .DirectorySize	1004(248 Entries)
             [0]: {
            .Type	BRET64
            .Offset	192(0x230C0)
          } [1]: {
            .Type	BRET64
            .Offset	200(0x230C8)
          } [2]: {
            .Type	BRET64
            .Offset	208(0x230D0)
          } [3]: {
            .Type	BRET64
            .Offset	216(0x230D8)
          } [4]: {
            .Type	BRET64
            .Offset	224(0x230E0)
          } [5]: {
            .Type	BRET64
            .Offset	232(0x230E8)
          } [6]: {
            .Type	BRET64
            .Offset	240(0x230F0)
          } [7]: {
            .Type	BRET64
            .Offset	248(0x230F8)
          }
        }
        [2]: {
          .BaseAddress	147456
          .DirectorySize	1044(258 Entries)
             [0]: {
            .Type	BRET64
            .Offset	0(0x24000)
          } [1]: {
            .Type	BRET64
            .Offset	8(0x24008)
          } [2]: {
            .Type	BRET64
            .Offset	16(0x24010)
          } [3]: {
            .Type	BRET64
            .Offset	24(0x24018)
          } [4]: {
            .Type	BRET64
            .Offset	32(0x24020)
          } [5]: {
            .Type	BRET64
            .Offset	40(0x24028)
          } [6]: {
            .Type	BRET64
            .Offset	48(0x24030)
          } [7]: {
            .Type	BRET64
            .Offset	56(0x24038)
          }
        }
        [3]: {
          .BaseAddress	151552
          .DirectorySize	28(4 Entries)
             [0]: {
            .Type	BRET64
            .Offset	160(0x250A0)
          } [1]: {
            .Type	BRET64
            .Offset	192(0x250C0)
          } [2]: {
            .Type	BRET64
            .Offset	208(0x250D0)
          } [3]: {
            .Type	BRET64
            .Offset	224(0x250E0)
          }
        }
        [4]: {
          .BaseAddress	0
          .DirectorySize	12(0 Entries)
            
        }
      }
    
    [5]: {
      .Magic	5457218
      .Name	.ImportIn
      .Flags	SFInitData SFReadable 
      .Alignment	4
      .VirtualAddress	0
      .VirtualSize	0
      .RawPointer	151184
      .RawSize	20
[C:\GitHub\BlockyOS\tools\executable-format\exec.c:145:ReadSection]	Reading 20 from 151184
      Header: {
        .NDlls	0
        .DllImportPathTableRVO	151204
        .DllImportTableRVO	151204
      }
    
    [6]: {
      .Magic	5457218
      .Name	.ExportOut
      .Flags	SFInitData SFReadable 
      .Alignment	4
      .VirtualAddress	0
      .VirtualSize	0
      .RawPointer	151204
      .RawSize	4172
[C:\GitHub\BlockyOS\tools\executable-format\exec.c:145:ReadSection]	Reading 4172 from 151204
      Header: {
        .NExported	92
        .ExportTableRVO	151228
        .ExportNameRVO	154172
        .NExportAddresses	92[C:\GitHub\BlockyOS\tools\executable-format\exechandler.exe|-1073741819]

[C:\GitHub\BlockyOS\tools\executable-format\exec.c:177:WriteSection]	Writing 136192 to 4104
[C:\GitHub\BlockyOS\tools\executable-format\exec.c:177:WriteSection]	Writing 2560 to 140296
[C:\GitHub\BlockyOS\tools\executable-format\exec.c:177:WriteSection]	Writing 5632 to 142856
[C:\GitHub\BlockyOS\tools\executable-format\exec.c:177:WriteSection]	Writing 2696 to 148488
[C:\GitHub\BlockyOS\tools\executable-format\exec.c:177:WriteSection]	Writing 2696 to 148488
[C:\GitHub\BlockyOS\tools\executable-format\exec.c:681:CreateResourceSection]
[C:\GitHub\BlockyOS\tools\executable-format\exec.c:177:WriteSection]	Writing 20 to 151184
[C:\GitHub\BlockyOS\tools\executable-format\exec.c:725:CreateResourceSection]
[C:\GitHub\BlockyOS\tools\executable-format\exec.c:177:WriteSection]	Writing 20 to 151184
[C:\GitHub\BlockyOS\tools\executable-format\exec.c:177:WriteSection]	Writing 4172 to 151204
[C:\GitHub\BlockyOS\tools\executable-format\exec.c:177:WriteSection]	Writing 4172 to 151204
[C:\GitHub\BlockyOS\tools\executable-format\exec.c:748:CreateResourceSection]
[C:\GitHub\BlockyOS\tools\executable-format\exec.c:177:WriteSection]	Writing 9536 to 155376
[C:\GitHub\BlockyOS\tools\executable-format\exec.c:177:WriteSection]	Writing 4096 to 164912
[C:\GitHub\BlockyOS\Build\Build-nodate\root-part\libcrt.service]
Header: {
  .Magic	17730
  .SystemSection	.rsrc
  .NSections	9
  .RawHeaderSize	4096
  .SectionTabeOffset	52
    [0]: {
      .Magic	0
      .Name	
      .Flags	(null)
      .Alignment	0
      .VirtualAddress	0
      .VirtualSize	0
      .RawPointer	0
      .RawSize	0
      {
        
        
        
        
      }
    
    [1]: {
      .Magic	5457218
      .Name	.code
      .Flags	SFExecutable SFReadable 
      .Alignment	2847563317252
      .VirtualAddress	4096
      .VirtualSize	135952
      .RawPointer	4104
      .RawSize	136192
[C:\GitHub\BlockyOS\tools\executable-format\exec.c:147:ReadSection]	Reading 136192 from 4104
      {
        b8 00 00 c1 e3 00 00 f8 
        07 b9 00 eb 01 b9 00 72 
        00 00 0f 12 00 64 0f 07 
        00 00 a2 81 00 00 c7 e2 
      }
    
    [2]: {
      .Magic	5457218
      .Name	.data
      .Flags	SFInitData SFReadable SFWritable 
      .Alignment	2847563317252
      .VirtualAddress	143360
      .VirtualSize	2240
      .RawPointer	140296
      .RawSize	2560
[C:\GitHub\BlockyOS\tools\executable-format\exec.c:147:ReadSection]	Reading 2560 from 140296
      {
        53 53 00 33 53 53 2e 53 
        53 53 53 00 45 53 31 45 
        45 45 53 53 33 45 00 34 
        00 32 45 53 00 34 53 2e 
      }
    
    [3]: {
      .Magic	5457218
      .Name	.rodata
      .Flags	SFInitData SFReadable 
      .Alignment	2847563317252
      .VirtualAddress	147456
      .VirtualSize	5536
      .RawPointer	142856
      .RawSize	5632
[C:\GitHub\BlockyOS\tools\executable-format\exec.c:147:ReadSection]	Reading 5632 from 142856
      {
        10 01 2c 01 48 01 64 01 
        f0 00 f3 00 f6 00 f9 00 
        01 00 01 00 01 00 01 00 
        80 00 80 00 80 00 80 00 
      }
    
    [4]: {
      .Magic	5457218
      .Name	.RelS
      .Flags	SFInitData SFReadable 
      .Alignment	2847563317252
      .VirtualAddress	0
      .VirtualSize	2696
      .RawPointer	148488
      .RawSize	2696
[C:\GitHub\BlockyOS\tools\executable-format\exec.c:147:ReadSection]	Reading 2696 from 148488
      Header: {
        .DirectoryTable	148508
        .UnusedBytes	150672
        .NRelocationDirectories	5
        [0]: {
          .BaseAddress	12288
          .DirectorySize	76(16 Entries)
             [0]: {
            .Type	BRET64
            .Offset	1626(0x365A)
          } [1]: {
            .Type	BRET64
            .Offset	1650(0x3672)
          } [2]: {
            .Type	BRET64
            .Offset	1674(0x368A)
          } [3]: {
            .Type	BRET64
            .Offset	1698(0x36A2)
          } [4]: {
            .Type	BRET64
            .Offset	1722(0x36BA)
          } [5]: {
            .Type	BRET64
            .Offset	1746(0x36D2)
          } [6]: {
            .Type	BRET64
            .Offset	1770(0x36EA)
          } [7]: {
         
[SHELL]	FSFRAT.OPEN
[SHELL]	FSFRAT.MOUNT
[SHELL OUT]: FSFRAT DRIVER
[SHELL OUT]: >> 
[SHELL OUT]: [C:\GitHub\BlockyOS\tools\filesystem\frat.c:193]  >>  Mounting FS Root: [C:/GitHub/BlockyOS/Build/Build-nodate/disk.img]
[SHELL OUT]: Verifying Disk GPT
[SHELL OUT]: [Parent:00007ff765a2d8f9] >>  C:/GitHub/BlockyOS/Build/Build-nodate/disk.img  ConfBlockSize: 512    Starting Disk Env ID: 
[SHELL OUT]: Reading Bytes
[SHELL OUT]: [Parent:00007ff765a2d914] >> Reading [92 bytes(s)->1 block(s)] to LBA[1(512)-2(1024)]
[SHELL OUT]: GPT Dump:
[SHELL OUT]:     Sig: "EFI PART"
[SHELL OUT]:     Rev: 65536
[SHELL OUT]:     Header-Size: 92
[SHELL OUT]:     Header Checksum: 2304508507
[SHELL OUT]:     localLBA: 1
[SHELL OUT]:     altLBA: 2623490
[SHELL OUT]:     firstUsable: 2048
[SHELL OUT]:     lastUsable: 2623488
[SHELL OUT]:     Disk-GUID: 
[SHELL OUT]:     Partition-Table: 2
[SHELL OUT]:     # of Partition-Entries: 3
[SHELL OUT]:     Partition-Entry Size: 128
[SHELL OUT]:     Partition-Table Checksum: 801556421
[SHELL OUT]: Closing Disk Interface >> {C:/GitHub/BlockyOS/Build/Build-nodate/disk.img}
[SHELL OUT]: GPT Exists? true
[SHELL OUT]: [Parent:00007ff765a2ee8f] >>  C:/GitHub/BlockyOS/Build/Build-nodate/disk.img  ConfBlockSize: 512    Starting Disk Env ID: 
[SHELL OUT]: Reading Bytes
[SHELL OUT]: [Parent:00007ff765a2eeb0] >> Reading [92 bytes(s)->1 block(s)] to LBA[1(512)-2(1024)]
[SHELL OUT]: [C:\GitHub\BlockyOS\tools\filesystem\frat.c:134]  >>  Querying Part Table
[SHELL OUT]: Reading Bytes
[SHELL OUT]: [Parent:00007ff765a2e700] >> Reading [384 bytes(s)->1 block(s)] to LBA[2(1024)-3(1536)]
[SHELL OUT]: [C:\GitHub\BlockyOS\tools\filesystem\frat.c:142]  >>  GPT-Entry: BOOT{2048:526335 -> 524287}
[SHELL OUT]: [C:\GitHub\BlockyOS\tools\filesystem\frat.c:156]  >>  Querying FS at 2048
[SHELL OUT]: Reading Bytes
[SHELL OUT]: [Parent:00007ff765a2eba4] >> Reading [36 bytes(s)->1 block(s)] to LBA[2048(1048576)-2049(1049088)]
[SHELL OUT]: FS-Root Blob:
[SHELL OUT]:     Version: [0:524288]
[SHELL OUT]:     Sig: 
[SHELL OUT]:     Configured Log Sectors: 2
[SHELL OUT]:     Configured Block Size: 0
[SHELL OUT]: [C:\GitHub\BlockyOS\tools\filesystem\frat.c:142]  >>  GPT-Entry: ROOT{526336:2623487 -> 2097151}
[SHELL OUT]: [C:\GitHub\BlockyOS\tools\filesystem\frat.c:156]  >>  Querying FS at 526336
[SHELL OUT]: Reading Bytes
[SHELL OUT]: [Parent:00007ff765a2eba4] >> Reading [36 bytes(s)->1 block(s)] to LBA[526336(269484032)-526337(269484544)]
[SHELL OUT]: FS-Root Blob:
[SHELL OUT]:     Configured Cluster-Map Size: 16711743
[SHELL OUT]:     Version: [1:0]
[SHELL OUT]:     Configured Log Sectors: 5
[SHELL OUT]:     Configured Block Size: 512
[SHELL OUT]:     Configured Cluster-Map Size: 81920
[SHELL OUT]: [C:\GitHub\BlockyOS\tools\filesystem\frat.c:181]  >>  FS Found at [526336]:
[SHELL OUT]: 	Version-Code: [1:0]
[SHELL OUT]: 	Configured Block-Size: 512
[SHELL OUT]:     Sig: FRAT_FILESYSTEM
[SHELL OUT]: 	Configured Cluster-Size: 81920
[SHELL OUT]: 	Configured Log-Size: 90
[SHELL OUT]: 	Configured # of Log-Sectors: 5
[SHELL OUT]: [C:\GitHub\BlockyOS\tools\filesystem\frat.c:205]  >>  Found Formatted Partition: 526336:2623487 -> 2097151
[SHELL OUT]: Reading Bytes
[SHELL OUT]: [Parent:00007ff765a2efe1] >> Reading [36 bytes(s)->1 block(s)] to LBA[526336(269484032)-526337(269484544)]
[SHELL OUT]: [C:\GitHub\BlockyOS\tools\filesystem\frat.c:218]  >>  Root: 526336:2623487 -> 2097151 LBAs
[SHELL OUT]: 	Version-Code: [1:0]
[SHELL OUT]: 	Configured Block-Size: 512
[SHELL OUT]: 	Configured Cluster-Size: 81920
[SHELL OUT]: 	Configured # of Log-Sectors: 81920
[SHELL OUT]: 	Configured Log-Size: 5
[SHELL OUT]: Reading Bytes
[SHELL OUT]: [Parent:00007ff765a2f325] >> Reading [2560 bytes(s)->5 block(s)] to LBA[526337(269484544)-526342(269487104)]
[SHELL OUT]: Reading Bytes
[SHELL OUT]: [Parent:00007ff765a2f3a6] >> Reading [81920 bytes(s)->160 block(s)] to LBA[526343(269487616)-526503(269569536)]
[SHELL OUT]:     Verifying FS Root Items #items: 4096
[SHELL OUT]: Closing Disk Interface >> {C:/GitHub/BlockyOS/Build/Build-nodate/disk.img}
[SHELL OUT]: >> 
Initializing CGCC.MAKE build process...
Skipping C:\GitHub\BlockyOS\src\kernel\libcrt\hardware\RNG\RNG.asm - up to date; source=2026-09-02T19:29:50.4588980Z, stored=09/02/2026 19:29:50
Skipping C:\GitHub\BlockyOS\src\kernel\libcrt\hardware\RNG\RNG.c - up to date; source=2026-09-01T19:51:35.2375749Z, stored=09/01/2026 19:51:35
Skipping C:\GitHub\BlockyOS\src\kernel\libcrt\hardware\GDT\GDT.asm - up to date; source=2026-09-02T19:29:50.4759038Z, stored=09/02/2026 19:29:50
Skipping C:\GitHub\BlockyOS\src\kernel\libcrt\hardware\GDT\GDT.c - up to date; source=2026-08-31T20:29:21.6186178Z, stored=08/31/2026 20:29:21
Skipping C:\GitHub\BlockyOS\src\kernel\libcrt\hardware\paging\paging.asm - up to date; source=2026-09-02T19:29:50.4619061Z, stored=09/02/2026 19:29:50
Skipping C:\GitHub\BlockyOS\src\kernel\libcrt\hardware\paging\paging.c - up to date; source=2026-09-01T20:10:14.1486119Z, stored=09/01/2026 20:10:14
Skipping C:\GitHub\BlockyOS\src\kernel\libcrt\hardware\SSE\SSE.asm - up to date; source=2026-09-02T19:29:50.4759038Z, stored=09/02/2026 19:29:50
Skipping C:\GitHub\BlockyOS\src\kernel\libcrt\hardware\SSE\SSE.c - up to date; source=2026-09-01T15:31:49.0191638Z, stored=09/01/2026 15:31:49
Skipping C:\GitHub\BlockyOS\src\kernel\libcrt\memory\memory.c - up to date; source=2026-09-01T14:27:41.5007315Z, stored=09/01/2026 14:27:41
Skipping C:\GitHub\BlockyOS\src\kernel\libcrt\memory\string.c - up to date; source=2026-08-31T17:22:17.0368394Z, stored=08/31/2026 17:22:17
Skipping C:\GitHub\BlockyOS\src\kernel\libcrt\hardware\paging\palloc.c - up to date; source=2026-09-01T20:10:14.1506184Z, stored=09/01/2026 20:10:14
Skipping C:\GitHub\BlockyOS\src\kernel\libcrt\memory\allocator\palloc.c - up to date; source=2026-09-02T18:08:03.4509785Z, stored=09/02/2026 18:08:03
Skipping C:\GitHub\BlockyOS\src\kernel\libcrt\memory\allocator\mmalloc.c - up to date; source=2026-09-01T00:47:09.6602809Z, stored=09/01/2026 00:47:09
Skipping C:\GitHub\BlockyOS\src\kernel\libcrt\math\math.c - up to date; source=2026-09-02T20:24:18.8720404Z, stored=09/02/2026 20:24:18
Skipping C:\GitHub\BlockyOS\src\kernel\libcrt\hardware\IO\IO.asm - up to date; source=2026-09-02T19:29:50.4759038Z, stored=09/02/2026 19:29:50
Skipping C:\GitHub\BlockyOS\src\kernel\libcrt\hardware\IDT\IDT.asm - up to date; source=2026-09-02T19:29:50.4759038Z, stored=09/02/2026 19:29:50
Skipping C:\GitHub\BlockyOS\src\kernel\libcrt\hardware\IDT\ISR.asm - up to date; source=2026-09-02T19:08:06.2288527Z, stored=09/02/2026 19:08:06
Skipping C:\GitHub\BlockyOS\src\kernel\libcrt\hardware\IDT\ISR.c - up to date; source=2026-09-02T18:48:44.0968136Z, stored=09/02/2026 18:48:44
Skipping C:\GitHub\BlockyOS\src\kernel\libcrt\hardware\ACPI\ACPI.c - up to date; source=2026-08-31T20:25:27.3210120Z, stored=08/31/2026 20:25:27
Skipping C:\GitHub\BlockyOS\src\kernel\libcrt\hardware\IDT\APIC\APIC.c - up to date; source=2026-08-31T17:22:17.1088393Z, stored=08/31/2026 17:22:17
Skipping C:\GitHub\BlockyOS\src\kernel\libcrt\hardware\IDT\APIC\IOAPIC.c - up to date; source=2026-08-31T23:06:36.2138524Z, stored=08/31/2026 23:06:36
Skipping C:\GitHub\BlockyOS\src\kernel\libcrt\hardware\IDT\APIC\LocalAPIC.c - up to date; source=2026-09-01T14:06:58.1209403Z, stored=09/01/2026 14:06:58
Skipping C:\GitHub\BlockyOS\src\kernel\libcrt\hardware\IDT\APIC\LocalAPICTimer.c - up to date; source=2026-09-01T19:52:35.3774846Z, stored=09/01/2026 19:52:35
Skipping C:\GitHub\BlockyOS\src\kernel\libcrt\hardware\hardware.c - up to date; source=2026-09-01T16:46:09.0571163Z, stored=09/01/2026 16:46:09
Skipping C:\GitHub\BlockyOS\src\kernel\libcrt\BLAKE2\blake2b-ref.c - up to date; source=2026-08-31T20:05:16.6578387Z, stored=08/31/2026 20:05:16
Skipping C:\GitHub\BlockyOS\src\kernel\libcrt\BLAKE2\blake2bp-ref.c - up to date; source=2026-08-31T20:05:20.6816175Z, stored=08/31/2026 20:05:20
Skipping C:\GitHub\BlockyOS\src\kernel\libcrt\BLAKE2\blake2s-ref.c - up to date; source=2026-08-31T20:05:24.7027041Z, stored=08/31/2026 20:05:24
Skipping C:\GitHub\BlockyOS\src\kernel\libcrt\BLAKE2\blake2sp-ref.c - up to date; source=2026-08-31T20:05:27.6610089Z, stored=08/31/2026 20:05:27
Skipping C:\GitHub\BlockyOS\src\kernel\libcrt\BLAKE2\blake2xb-ref.c - up to date; source=2026-09-01T14:03:25.3444410Z, stored=09/01/2026 14:03:25
Skipping C:\GitHub\BlockyOS\src\kernel\libcrt\BLAKE2\blake2xs-ref.c - up to date; source=2026-08-31T17:22:17.0728377Z, stored=08/31/2026 17:22:17
Skipping C:\GitHub\BlockyOS\src\kernel\libcrt\hardware\PCIe\PCIe.c - up to date; source=2026-08-31T23:54:42.2532022Z, stored=08/31/2026 23:54:42
Skipping C:\GitHub\BlockyOS\src\kernel\libcrt\hardware\SSE\UTILS.asm - up to date; source=2026-09-01T00:20:39.1738118Z, stored=09/01/2026 00:20:39
Skipping C:\GitHub\BlockyOS\src\kernel\libcrt\alibcrt.def - up to date; source=2026-09-01T20:03:41.5382359Z, stored=09/01/2026 20:03:41
gcc C:\GitHub\BlockyOS\compile\cache\asm.RNG.o C:\GitHub\BlockyOS\compile\cache\c.RNG.o C:\GitHub\BlockyOS\compile\cache\asm.GDT.o C:\GitHub\BlockyOS\compile\cache\c.GDT.o C:\GitHub\BlockyOS\compile\cache\asm.paging.o C:\GitHub\BlockyOS\compile\cache\c.paging.o C:\GitHub\BlockyOS\compile\cache\asm.SSE.o C:\GitHub\BlockyOS\compile\cache\c.SSE.o C:\GitHub\BlockyOS\compile\cache\c.memory.o C:\GitHub\BlockyOS\compile\cache\c.string.o C:\GitHub\BlockyOS\compile\cache\c.palloc.o C:\GitHub\BlockyOS\compile\cache\c.palloc(1).o C:\GitHub\BlockyOS\compile\cache\c.mmalloc.o C:\GitHub\BlockyOS\compile\cache\c.math.o C:\GitHub\BlockyOS\compile\cache\asm.IO.o C:\GitHub\BlockyOS\compile\cache\asm.IDT.o C:\GitHub\BlockyOS\compile\cache\asm.ISR.o C:\GitHub\BlockyOS\compile\cache\c.ISR.o C:\GitHub\BlockyOS\compile\cache\c.ACPI.o C:\GitHub\BlockyOS\compile\cache\c.APIC.o C:\GitHub\BlockyOS\compile\cache\c.IOAPIC.o C:\GitHub\BlockyOS\compile\cache\c.LocalAPIC.o C:\GitHub\BlockyOS\compile\cache\c.LocalAPICTimer.o C:\GitHub\BlockyOS\compile\cache\c.hardware.o C:\GitHub\BlockyOS\compile\cache\c.blake2b-ref.o C:\GitHub\BlockyOS\compile\cache\c.blake2bp-ref.o C:\GitHub\BlockyOS\compile\cache\c.blake2s-ref.o C:\GitHub\BlockyOS\compile\cache\c.blake2sp-ref.o C:\GitHub\BlockyOS\compile\cache\c.blake2xb-ref.o C:\GitHub\BlockyOS\compile\cache\c.blake2xs-ref.o C:\GitHub\BlockyOS\compile\cache\c.PCIe.o C:\GitHub\BlockyOS\compile\cache\asm.UTILS.o C:/GitHub/BlockyOS/src/kernel/libcrt/alibcrt.def -Wl,-flinker-output=dyn -Wl,-nostdlib -Wl,--emit-relocs -Wl,-shared -Wl,-Bsymbolic -Wl,-Map,C:\GitHub\BlockyOS\src\kernel\libcrt\alibcrt.map -fdiagnostics-color=always -fno-diagnostics-show-highlight-colors -nostartfiles -nodefaultlibs -o C:/GitHub/BlockyOS/Build/Build-nodate/root-part/libcrt.dll
Build finished successfully -> C:/GitHub/BlockyOS/Build/Build-nodate/root-part/libcrt.dll


[SHELL]	PE2EXEC.MAKE
C:\GitHub\BlockyOS\tools\executable-format\exechandler.exe C:/GitHub/BlockyOS/Build/Build-nodate/root-part/libcrt.dll C:/GitHub/BlockyOS/Build/Build-nodate/root-part/libcrt.service -od -L C:/GitHub/BlockyOS/src/kernel/libcrt/alibcrt.log

[(null):635634288:DumpBeHeader]	Writing 1627792605251 bytes to 4096
[(null):635634288:DumpBeHeader]	Writing 140716013518915 bytes to 140716013522944
[(null):635634288:DumpBeHeader]	Writing 140716013518915 bytes to 140716013522944
[(null):635634288:DumpBeHeader]	Writing 140716013518915 bytes to 140716013522944
[(null):635634288:DumpBeHeader]	Writing 140716013518915 bytes to 140716013522944
[C:\GitHub\BlockyOS\tools\executable-format\exec.c:679:CreateResourceSection]
[(null):635634288:DumpBeHeader]	Writing 140716013518915 bytes to 140716013522944
[C:\GitHub\BlockyOS\tools\executable-format\exec.c:723:CreateResourceSection]
[(null):635634288:DumpBeHeader]	Writing 140716013518915 bytes to 140716013522944
[C:\GitHub\BlockyOS\tools\executable-format\exec.c:746:CreateResourceSection]
[(null):635634288:DumpBeHeader]	Writing 140716013518915 bytes to 140716013522944
[(null):635634288:DumpBeHeader]	Writing 140716013518915 bytes to 140716013522944
[C:\GitHub\BlockyOS\Build\Build-nodate\root-part\libcrt.service]
Header: {
  .Magic	17730
  .SystemSection	.rsrc
  .NSections	9
  .RawHeaderSize	4096
  .SectionTabeOffset	52
    [0]: {
      .Magic	0
      .Name	
      .Flags	(null)
      .Alignment	0
      .VirtualAddress	0
      .VirtualSize	0
      .RawPointer	0
      .RawSize	0
      {
        
        
        
        
      }
    
    [1]: {
      .Magic	5457218
      .Name	.code
      .Flags	SFExecutable SFReadable 
      .Alignment	4
      .VirtualAddress	4096
      .VirtualSize	135952
      .RawPointer	4104
      .RawSize	136192
[C:\GitHub\BlockyOS\tools\executable-format\exec.c:145:ReadSection]	Reading 136192 from 4104
      {
        b8 00 00 c1 e3 00 00 f8 
        07 b9 00 eb 01 b9 00 72 
        00 00 0f 12 00 64 0f 07 
        00 00 a2 81 00 00 c7 e2 
      }
    
    [2]: {
      .Magic	5457218
      .Name	.data
      .Flags	SFInitData SFReadable SFWritable 
      .Alignment	4
      .VirtualAddress	143360
      .VirtualSize	2240
      .RawPointer	140296
      .RawSize	2560
[C:\GitHub\BlockyOS\tools\executable-format\exec.c:145:ReadSection]	Reading 2560 from 140296
      {
        53 53 00 33 53 53 2e 53 
        53 53 53 00 45 53 31 45 
        45 45 53 53 33 45 00 34 
        00 32 45 53 00 34 53 2e 
      }
    
    [3]: {
      .Magic	5457218
      .Name	.rodata
      .Flags	SFInitData SFReadable 
      .Alignment	4
      .VirtualAddress	147456
      .VirtualSize	5536
      .RawPointer	142856
      .RawSize	5632
[C:\GitHub\BlockyOS\tools\executable-format\exec.c:145:ReadSection]	Reading 5632 from 142856
      {
        10 01 2c 01 48 01 64 01 
        f0 00 f3 00 f6 00 f9 00 
        01 00 01 00 01 00 01 00 
        80 00 80 00 80 00 80 00 
      }
    
    [4]: {
      .Magic	5457218
      .Name	.RelS
      .Flags	SFInitData SFReadable 
      .Alignment	4
      .VirtualAddress	0
      .VirtualSize	2696
      .RawPointer	148488
      .RawSize	2696
[C:\GitHub\BlockyOS\tools\executable-format\exec.c:145:ReadSection]	Reading 2696 from 148488
      Header: {
        .DirectoryTable	148508
        .UnusedBytes	150672
        .NRelocationDirectories	1627792605189
        [0]: {
          .BaseAddress	12288
          .DirectorySize	76(16 Entries)
             [0]: {
            .Type	BRET64
            .Offset	1626(0x365A)
          } [1]: {
            .Type	BRET64
            .Offset	1650(0x3672)
          } [2]: {
            .Type	BRET64
            .Offset	1674(0x368A)
          } [3]: {
            .Type	BRET64
            .Offset	1698(0x36A2)
          } [4]: {
            .Type	BRET64
            .Offset	1722(0x36BA)
          } [5]: {
            .Type	BRET64
            .Offset	1746(0x36D2)
          } [6]: {
            .Type	BRET64
            .Offset	1770(0x36EA)
          } [7]: {
            .Type	BRET64
            .Offset	1794(0x3702)
          }
        }
        [1]: {
          .BaseAddress	143360
          .DirectorySize	1004(248 Entries)
             [0]: {
            .Type	BRET64
            .Offset	192(0x230C0)
          } [1]: {
            .Type	BRET64
            .Offset	200(0x230C8)
          } [2]: {
            .Type	BRET64
            .Offset	208(0x230D0)
          } [3]: {
            .Type	BRET64
            .Offset	216(0x230D8)
          } [4]: {
            .Type	BRET64
            .Offset	224(0x230E0)
          } [5]: {
            .Type	BRET64
            .Offset	232(0x230E8)
          } [6]: {
            .Type	BRET64
            .Offset	240(0x230F0)
          } [7]: {
            .Type	BRET64
            .Offset	248(0x230F8)
          }
        }
        [2]: {
          .BaseAddress	147456
          .DirectorySize	1044(258 Entries)
             [0]: {
            .Type	BRET64
            .Offset	0(0x24000)
          } [1]: {
            .Type	BRET64
            .Offset	8(0x24008)
          } [2]: {
            .Type	BRET64
            .Offset	16(0x24010)
          } [3]: {
            .Type	BRET64
            .Offset	24(0x24018)
          } [4]: {
            .Type	BRET64
            .Offset	32(0x24020)
          } [5]: {
            .Type	BRET64
            .Offset	40(0x24028)
          } [6]: {
            .Type	BRET64
            .Offset	48(0x24030)
          } [7]: {
            .Type	BRET64
            .Offset	56(0x24038)
          }
        }
        [3]: {
          .BaseAddress	151552
          .DirectorySize	28(4 Entries)
             [0]: {
            .Type	BRET64
            .Offset	160(0x250A0)
          } [1]: {
            .Type	BRET64
            .Offset	192(0x250C0)
          } [2]: {
            .Type	BRET64
            .Offset	208(0x250D0)
          } [3]: {
            .Type	BRET64
            .Offset	224(0x250E0)
          }
        }
        [4]: {
          .BaseAddress	0
          .DirectorySize	12(0 Entries)
            
        }
      }
    
    [5]: {
      .Magic	5457218
      .Name	.ImportIn
      .Flags	SFInitData SFReadable 
      .Alignment	4
      .VirtualAddress	0
      .VirtualSize	0
      .RawPointer	151184
      .RawSize	20
[C:\GitHub\BlockyOS\tools\executable-format\exec.c:145:ReadSection]	Reading 20 from 151184
      Header: {
        .NDlls	0
        .DllImportPathTableRVO	151204
        .DllImportTableRVO	151204
      }
    
    [6]: {
      .Magic	5457218
      .Name	.ExportOut
      .Flags	SFInitData SFReadable 
      .Alignment	4
      .VirtualAddress	0
      .VirtualSize	0
      .RawPointer	151204
      .RawSize	4172
[C:\GitHub\BlockyOS\tools\executable-format\exec.c:145:ReadSection]	Reading 4172 from 151204
      Header: {
        .NExported	92
        .ExportTableRVO	151228
        .ExportNameRVO	154172
        .NExportAddresses	92[C:\GitHub\BlockyOS\tools\executable-format\exechandler.exe|-1073741819]

[C:\GitHub\BlockyOS\tools\executable-format\exec.c:177:WriteSection]	Writing 136192 to 4104
[C:\GitHub\BlockyOS\tools\executable-format\exec.c:177:WriteSection]	Writing 2560 to 140296
[C:\GitHub\BlockyOS\tools\executable-format\exec.c:177:WriteSection]	Writing 5632 to 142856
[C:\GitHub\BlockyOS\tools\executable-format\exec.c:177:WriteSection]	Writing 2696 to 148488
[C:\GitHub\BlockyOS\tools\executable-format\exec.c:177:WriteSection]	Writing 2696 to 148488
[C:\GitHub\BlockyOS\tools\executable-format\exec.c:681:CreateResourceSection]
[C:\GitHub\BlockyOS\tools\executable-format\exec.c:177:WriteSection]	Writing 20 to 151184
[C:\GitHub\BlockyOS\tools\executable-format\exec.c:725:CreateResourceSection]
[C:\GitHub\BlockyOS\tools\executable-format\exec.c:177:WriteSection]	Writing 20 to 151184
[C:\GitHub\BlockyOS\tools\executable-format\exec.c:177:WriteSection]	Writing 4172 to 151204
[C:\GitHub\BlockyOS\tools\executable-format\exec.c:177:WriteSection]	Writing 4172 to 151204
[C:\GitHub\BlockyOS\tools\executable-format\exec.c:748:CreateResourceSection]
[C:\GitHub\BlockyOS\tools\executable-format\exec.c:177:WriteSection]	Writing 9536 to 155376
[C:\GitHub\BlockyOS\tools\executable-format\exec.c:177:WriteSection]	Writing 4096 to 164912
[C:\GitHub\BlockyOS\Build\Build-nodate\root-part\libcrt.service]
Header: {
  .Magic	17730
  .SystemSection	.rsrc
  .NSections	9
  .RawHeaderSize	4096
  .SectionTabeOffset	52
    [0]: {
      .Magic	0
      .Name	
      .Flags	(null)
      .Alignment	0
      .VirtualAddress	0
      .VirtualSize	0
      .RawPointer	0
      .RawSize	0
      {
        
        
        
        
      }
    
    [1]: {
      .Magic	5457218
      .Name	.code
      .Flags	SFExecutable SFReadable 
      .Alignment	1627792605188
      .VirtualAddress	4096
      .VirtualSize	135952
      .RawPointer	4104
      .RawSize	136192
[C:\GitHub\BlockyOS\tools\executable-format\exec.c:147:ReadSection]	Reading 136192 from 4104
      {
        b8 00 00 c1 e3 00 00 f8 
        07 b9 00 eb 01 b9 00 72 
        00 00 0f 12 00 64 0f 07 
        00 00 a2 81 00 00 c7 e2 
      }
    
    [2]: {
      .Magic	5457218
      .Name	.data
      .Flags	SFInitData SFReadable SFWritable 
      .Alignment	1627792605188
      .VirtualAddress	143360
      .VirtualSize	2240
      .RawPointer	140296
      .RawSize	2560
[C:\GitHub\BlockyOS\tools\executable-format\exec.c:147:ReadSection]	Reading 2560 from 140296
      {
        53 53 00 33 53 53 2e 53 
        53 53 53 00 45 53 31 45 
        45 45 53 53 33 45 00 34 
        00 32 45 53 00 34 53 2e 
      }
    
    [3]: {
      .Magic	5457218
      .Name	.rodata
      .Flags	SFInitData SFReadable 
      .Alignment	1627792605188
      .VirtualAddress	147456
      .VirtualSize	5536
      .RawPointer	142856
      .RawSize	5632
[C:\GitHub\BlockyOS\tools\executable-format\exec.c:147:ReadSection]	Reading 5632 from 142856
      {
        10 01 2c 01 48 01 64 01 
        f0 00 f3 00 f6 00 f9 00 
        01 00 01 00 01 00 01 00 
        80 00 80 00 80 00 80 00 
      }
    
    [4]: {
      .Magic	5457218
      .Name	.RelS
      .Flags	SFInitData SFReadable 
      .Alignment	1627792605188
      .VirtualAddress	0
      .VirtualSize	2696
      .RawPointer	148488
      .RawSize	2696
[C:\GitHub\BlockyOS\tools\executable-format\exec.c:147:ReadSection]	Reading 2696 from 148488
      Header: {
        .DirectoryTable	148508
        .UnusedBytes	150672
        .NRelocationDirectories	5
        [0]: {
          .BaseAddress	12288
          .DirectorySize	76(16 Entries)
             [0]: {
            .Type	BRET64
            .Offset	1626(0x365A)
          } [1]: {
            .Type	BRET64
            .Offset	1650(0x3672)
          } [2]: {
            .Type	BRET64
            .Offset	1674(0x368A)
          } [3]: {
            .Type	BRET64
            .Offset	1698(0x36A2)
          } [4]: {
            .Type	BRET64
            .Offset	1722(0x36BA)
          } [5]: {
            .Type	BRET64
            .Offset	1746(0x36D2)
          } [6]: {
            .Type	BRET64
            .Offset	1770(0x36EA)
          } [7]: {
         
[SHELL]	FSFRAT.OPEN
[SHELL]	FSFRAT.MOUNT
[SHELL]	FSFRAT.WRITE
[SHELL OUT]: FSFRAT DRIVER
[SHELL OUT]: >> 
[SHELL OUT]: [C:\GitHub\BlockyOS\tools\filesystem\frat.c:193]  >>  Mounting FS Root: [C:/GitHub/BlockyOS/Build/Build-nodate/disk.img]
[SHELL OUT]: Verifying Disk GPT
[SHELL OUT]: [Parent:00007ff7fca3d8f9] >>  C:/GitHub/BlockyOS/Build/Build-nodate/disk.img  ConfBlockSize: 512    Starting Disk Env ID: 
[SHELL OUT]: Reading Bytes
[SHELL OUT]: [Parent:00007ff7fca3d914] >> Reading [92 bytes(s)->1 block(s)] to LBA[1(512)-2(1024)]
[SHELL OUT]: GPT Dump:
[SHELL OUT]:     Sig: "EFI PART"
[SHELL OUT]:     Rev: 65536
[SHELL OUT]:     Header-Size: 92
[SHELL OUT]:     Header Checksum: 2304508507
[SHELL OUT]:     localLBA: 1
[SHELL OUT]:     altLBA: 2623490
[SHELL OUT]:     firstUsable: 2048
[SHELL OUT]:     lastUsable: 2623488
[SHELL OUT]:     Disk-GUID: 
[SHELL OUT]:     Partition-Table: 2
[SHELL OUT]:     # of Partition-Entries: 3
[SHELL OUT]:     Partition-Entry Size: 128
[SHELL OUT]:     Partition-Table Checksum: 801556421
[SHELL OUT]: Closing Disk Interface >> {C:/GitHub/BlockyOS/Build/Build-nodate/disk.img}
[SHELL OUT]: GPT Exists? true
[SHELL OUT]: [Parent:00007ff7fca3ee8f] >>  C:/GitHub/BlockyOS/Build/Build-nodate/disk.img  ConfBlockSize: 512    Starting Disk Env ID: 
[SHELL OUT]: Reading Bytes
[SHELL OUT]: [Parent:00007ff7fca3eeb0] >> Reading [92 bytes(s)->1 block(s)] to LBA[1(512)-2(1024)]
[SHELL OUT]: [C:\GitHub\BlockyOS\tools\filesystem\frat.c:134]  >>  Querying Part Table
[SHELL OUT]: Reading Bytes
[SHELL OUT]: [Parent:00007ff7fca3e700] >> Reading [384 bytes(s)->1 block(s)] to LBA[2(1024)-3(1536)]
[SHELL OUT]: [C:\GitHub\BlockyOS\tools\filesystem\frat.c:142]  >>  GPT-Entry: BOOT{2048:526335 -> 524287}
[SHELL OUT]: [C:\GitHub\BlockyOS\tools\filesystem\frat.c:156]  >>  Querying FS at 2048
[SHELL OUT]: Reading Bytes
[SHELL OUT]: [Parent:00007ff7fca3eba4] >> Reading [36 bytes(s)->1 block(s)] to LBA[2048(1048576)-2049(1049088)]
[SHELL OUT]: FS-Root Blob:
[SHELL OUT]:     Version: [0:524288]
[SHELL OUT]:     Sig: 
[SHELL OUT]:     Configured Log Sectors: 2
[SHELL OUT]:     Configured Block Size: 0
[SHELL OUT]:     Configured Cluster-Map Size: 16711743
[SHELL OUT]: [C:\GitHub\BlockyOS\tools\filesystem\frat.c:142]  >>  GPT-Entry: ROOT{526336:2623487 -> 2097151}
[SHELL OUT]: [C:\GitHub\BlockyOS\tools\filesystem\frat.c:156]  >>  Querying FS at 526336
[SHELL OUT]: Reading Bytes
[SHELL OUT]: [Parent:00007ff7fca3eba4] >> Reading [36 bytes(s)->1 block(s)] to LBA[526336(269484032)-526337(269484544)]
[SHELL OUT]: FS-Root Blob:
[SHELL OUT]:     Version: [1:0]
[SHELL OUT]:     Sig: FRAT_FILESYSTEM
[SHELL OUT]:     Configured Log Sectors: 5
[SHELL OUT]:     Configured Block Size: 512
[SHELL OUT]:     Configured Cluster-Map Size: 81920
[SHELL OUT]: [C:\GitHub\BlockyOS\tools\filesystem\frat.c:181]  >>  FS Found at [526336]:
[SHELL OUT]: 	Version-Code: [1:0]
[SHELL OUT]: 	Configured Block-Size: 512
[SHELL OUT]: 	Configured Cluster-Size: 81920
[SHELL OUT]: 	Configured # of Log-Sectors: 5
[SHELL OUT]: 	Configured Log-Size: 90
[SHELL OUT]: [C:\GitHub\BlockyOS\tools\filesystem\frat.c:205]  >>  Found Formatted Partition: 526336:2623487 -> 2097151
[SHELL OUT]: Reading Bytes
[SHELL OUT]: [Parent:00007ff7fca3efe1] >> Reading [36 bytes(s)->1 block(s)] to LBA[526336(269484032)-526337(269484544)]
[SHELL OUT]: [C:\GitHub\BlockyOS\tools\filesystem\frat.c:218]  >>  Root: 526336:2623487 -> 2097151 LBAs
[SHELL OUT]: 	Version-Code: [1:0]
[SHELL OUT]: 	Configured Block-Size: 512
[SHELL OUT]: 	Configured Cluster-Size: 81920
[SHELL OUT]: 	Configured # of Log-Sectors: 81920
[SHELL OUT]: 	Configured Log-Size: 5
[SHELL OUT]: Reading Bytes
[SHELL OUT]: [Parent:00007ff7fca3f325] >> Reading [2560 bytes(s)->5 block(s)] to LBA[526337(269484544)-526342(269487104)]
[SHELL OUT]: Reading Bytes
[SHELL OUT]: [Parent:00007ff7fca3f3a6] >> Reading [81920 bytes(s)->160 block(s)] to LBA[526343(269487616)-526503(269569536)]
[SHELL OUT]:     Verifying FS Root Items #items: 4096
[SHELL OUT]: Closing Disk Interface >> {C:/GitHub/BlockyOS/Build/Build-nodate/disk.img}
[SHELL OUT]: >> 
[SHELL OUT]: >> 
[SHELL OUT]: >> 
[SHELL OUT]: Mounting File [SYSD/LIBCRT.app] with "f"
[SHELL OUT]: Root is 0000021994bf6610
[SHELL OUT]: >> 
[SHELL OUT]: >> 
Initializing CGCC.MAKE build process...
Skipping C:\GitHub\BlockyOS\src\kernel\libcrt\hardware\RNG\RNG.asm - up to date; source=2026-09-02T19:29:50.4588980Z, stored=09/02/2026 19:29:50
Skipping C:\GitHub\BlockyOS\src\kernel\libcrt\hardware\RNG\RNG.c - up to date; source=2026-09-01T19:51:35.2375749Z, stored=09/01/2026 19:51:35
Skipping C:\GitHub\BlockyOS\src\kernel\libcrt\hardware\GDT\GDT.asm - up to date; source=2026-09-02T19:29:50.4759038Z, stored=09/02/2026 19:29:50
Skipping C:\GitHub\BlockyOS\src\kernel\libcrt\hardware\GDT\GDT.c - up to date; source=2026-08-31T20:29:21.6186178Z, stored=08/31/2026 20:29:21
Skipping C:\GitHub\BlockyOS\src\kernel\libcrt\hardware\paging\paging.asm - up to date; source=2026-09-02T19:29:50.4619061Z, stored=09/02/2026 19:29:50
Skipping C:\GitHub\BlockyOS\src\kernel\libcrt\hardware\paging\paging.c - up to date; source=2026-09-01T20:10:14.1486119Z, stored=09/01/2026 20:10:14
Skipping C:\GitHub\BlockyOS\src\kernel\libcrt\hardware\SSE\SSE.asm - up to date; source=2026-09-02T19:29:50.4759038Z, stored=09/02/2026 19:29:50
Skipping C:\GitHub\BlockyOS\src\kernel\libcrt\hardware\SSE\SSE.c - up to date; source=2026-09-01T15:31:49.0191638Z, stored=09/01/2026 15:31:49
Skipping C:\GitHub\BlockyOS\src\kernel\libcrt\memory\memory.c - up to date; source=2026-09-01T14:27:41.5007315Z, stored=09/01/2026 14:27:41
Skipping C:\GitHub\BlockyOS\src\kernel\libcrt\memory\string.c - up to date; source=2026-08-31T17:22:17.0368394Z, stored=08/31/2026 17:22:17
Skipping C:\GitHub\BlockyOS\src\kernel\libcrt\hardware\paging\palloc.c - up to date; source=2026-09-01T20:10:14.1506184Z, stored=09/01/2026 20:10:14
Skipping C:\GitHub\BlockyOS\src\kernel\libcrt\memory\allocator\palloc.c - up to date; source=2026-09-02T18:08:03.4509785Z, stored=09/02/2026 18:08:03
Skipping C:\GitHub\BlockyOS\src\kernel\libcrt\memory\allocator\mmalloc.c - up to date; source=2026-09-01T00:47:09.6602809Z, stored=09/01/2026 00:47:09
Skipping C:\GitHub\BlockyOS\src\kernel\libcrt\math\math.c - up to date; source=2026-09-02T20:24:18.8720404Z, stored=09/02/2026 20:24:18
Skipping C:\GitHub\BlockyOS\src\kernel\libcrt\hardware\IO\IO.asm - up to date; source=2026-09-02T19:29:50.4759038Z, stored=09/02/2026 19:29:50
Skipping C:\GitHub\BlockyOS\src\kernel\libcrt\hardware\IDT\IDT.asm - up to date; source=2026-09-02T19:29:50.4759038Z, stored=09/02/2026 19:29:50
Skipping C:\GitHub\BlockyOS\src\kernel\libcrt\hardware\IDT\ISR.asm - up to date; source=2026-09-02T19:08:06.2288527Z, stored=09/02/2026 19:08:06
Skipping C:\GitHub\BlockyOS\src\kernel\libcrt\hardware\IDT\ISR.c - up to date; source=2026-09-02T18:48:44.0968136Z, stored=09/02/2026 18:48:44
Skipping C:\GitHub\BlockyOS\src\kernel\libcrt\hardware\ACPI\ACPI.c - up to date; source=2026-08-31T20:25:27.3210120Z, stored=08/31/2026 20:25:27
Skipping C:\GitHub\BlockyOS\src\kernel\libcrt\hardware\IDT\APIC\APIC.c - up to date; source=2026-08-31T17:22:17.1088393Z, stored=08/31/2026 17:22:17
Skipping C:\GitHub\BlockyOS\src\kernel\libcrt\hardware\IDT\APIC\IOAPIC.c - up to date; source=2026-08-31T23:06:36.2138524Z, stored=08/31/2026 23:06:36
Skipping C:\GitHub\BlockyOS\src\kernel\libcrt\hardware\IDT\APIC\LocalAPIC.c - up to date; source=2026-09-01T14:06:58.1209403Z, stored=09/01/2026 14:06:58
Skipping C:\GitHub\BlockyOS\src\kernel\libcrt\hardware\IDT\APIC\LocalAPICTimer.c - up to date; source=2026-09-01T19:52:35.3774846Z, stored=09/01/2026 19:52:35
Skipping C:\GitHub\BlockyOS\src\kernel\libcrt\hardware\hardware.c - up to date; source=2026-09-01T16:46:09.0571163Z, stored=09/01/2026 16:46:09
Skipping C:\GitHub\BlockyOS\src\kernel\libcrt\BLAKE2\blake2b-ref.c - up to date; source=2026-08-31T20:05:16.6578387Z, stored=08/31/2026 20:05:16
Skipping C:\GitHub\BlockyOS\src\kernel\libcrt\BLAKE2\blake2bp-ref.c - up to date; source=2026-08-31T20:05:20.6816175Z, stored=08/31/2026 20:05:20
Skipping C:\GitHub\BlockyOS\src\kernel\libcrt\BLAKE2\blake2s-ref.c - up to date; source=2026-08-31T20:05:24.7027041Z, stored=08/31/2026 20:05:24
Skipping C:\GitHub\BlockyOS\src\kernel\libcrt\BLAKE2\blake2sp-ref.c - up to date; source=2026-08-31T20:05:27.6610089Z, stored=08/31/2026 20:05:27
Skipping C:\GitHub\BlockyOS\src\kernel\libcrt\BLAKE2\blake2xb-ref.c - up to date; source=2026-09-01T14:03:25.3444410Z, stored=09/01/2026 14:03:25
Skipping C:\GitHub\BlockyOS\src\kernel\libcrt\BLAKE2\blake2xs-ref.c - up to date; source=2026-08-31T17:22:17.0728377Z, stored=08/31/2026 17:22:17
Skipping C:\GitHub\BlockyOS\src\kernel\libcrt\hardware\PCIe\PCIe.c - up to date; source=2026-08-31T23:54:42.2532022Z, stored=08/31/2026 23:54:42
Skipping C:\GitHub\BlockyOS\src\kernel\libcrt\hardware\SSE\UTILS.asm - up to date; source=2026-09-01T00:20:39.1738118Z, stored=09/01/2026 00:20:39
Skipping C:\GitHub\BlockyOS\src\kernel\libcrt\alibcrt.def - up to date; source=2026-09-01T20:03:41.5382359Z, stored=09/01/2026 20:03:41
gcc C:\GitHub\BlockyOS\compile\cache\asm.RNG.o C:\GitHub\BlockyOS\compile\cache\c.RNG.o C:\GitHub\BlockyOS\compile\cache\asm.GDT.o C:\GitHub\BlockyOS\compile\cache\c.GDT.o C:\GitHub\BlockyOS\compile\cache\asm.paging.o C:\GitHub\BlockyOS\compile\cache\c.paging.o C:\GitHub\BlockyOS\compile\cache\asm.SSE.o C:\GitHub\BlockyOS\compile\cache\c.SSE.o C:\GitHub\BlockyOS\compile\cache\c.memory.o C:\GitHub\BlockyOS\compile\cache\c.string.o C:\GitHub\BlockyOS\compile\cache\c.palloc.o C:\GitHub\BlockyOS\compile\cache\c.palloc(1).o C:\GitHub\BlockyOS\compile\cache\c.mmalloc.o C:\GitHub\BlockyOS\compile\cache\c.math.o C:\GitHub\BlockyOS\compile\cache\asm.IO.o C:\GitHub\BlockyOS\compile\cache\asm.IDT.o C:\GitHub\BlockyOS\compile\cache\asm.ISR.o C:\GitHub\BlockyOS\compile\cache\c.ISR.o C:\GitHub\BlockyOS\compile\cache\c.ACPI.o C:\GitHub\BlockyOS\compile\cache\c.APIC.o C:\GitHub\BlockyOS\compile\cache\c.IOAPIC.o C:\GitHub\BlockyOS\compile\cache\c.LocalAPIC.o C:\GitHub\BlockyOS\compile\cache\c.LocalAPICTimer.o C:\GitHub\BlockyOS\compile\cache\c.hardware.o C:\GitHub\BlockyOS\compile\cache\c.blake2b-ref.o C:\GitHub\BlockyOS\compile\cache\c.blake2bp-ref.o C:\GitHub\BlockyOS\compile\cache\c.blake2s-ref.o C:\GitHub\BlockyOS\compile\cache\c.blake2sp-ref.o C:\GitHub\BlockyOS\compile\cache\c.blake2xb-ref.o C:\GitHub\BlockyOS\compile\cache\c.blake2xs-ref.o C:\GitHub\BlockyOS\compile\cache\c.PCIe.o C:\GitHub\BlockyOS\compile\cache\asm.UTILS.o C:/GitHub/BlockyOS/src/kernel/libcrt/alibcrt.def -Wl,-flinker-output=dyn -Wl,-nostdlib -Wl,--emit-relocs -Wl,-shared -Wl,-Bsymbolic -Wl,-Map,C:\GitHub\BlockyOS\src\kernel\libcrt\alibcrt.map -fdiagnostics-color=always -fno-diagnostics-show-highlight-colors -nostartfiles -nodefaultlibs -o C:/GitHub/BlockyOS/Build/Build-nodate/root-part/libcrt.dll
Build finished successfully -> C:/GitHub/BlockyOS/Build/Build-nodate/root-part/libcrt.dll


[SHELL]	PE2EXEC.MAKE
C:\GitHub\BlockyOS\tools\executable-format\exechandler.exe C:/GitHub/BlockyOS/Build/Build-nodate/root-part/libcrt.dll C:/GitHub/BlockyOS/Build/Build-nodate/root-part/libcrt.service -od -L C:/GitHub/BlockyOS/src/kernel/libcrt/alibcrt.log

[(null):1522074224:DumpBeHeader]	Writing 1417339207747 bytes to 4096
[(null):1522074224:DumpBeHeader]	Writing 140716013518915 bytes to 140716013522944
[(null):1522074224:DumpBeHeader]	Writing 140716013518915 bytes to 140716013522944
[(null):1522074224:DumpBeHeader]	Writing 140716013518915 bytes to 140716013522944
[(null):1522074224:DumpBeHeader]	Writing 140716013518915 bytes to 140716013522944
[C:\GitHub\BlockyOS\tools\executable-format\exec.c:679:CreateResourceSection]
[(null):1522074224:DumpBeHeader]	Writing 140716013518915 bytes to 140716013522944
[C:\GitHub\BlockyOS\tools\executable-format\exec.c:723:CreateResourceSection]
[(null):1522074224:DumpBeHeader]	Writing 140716013518915 bytes to 140716013522944
[C:\GitHub\BlockyOS\tools\executable-format\exec.c:746:CreateResourceSection]
[(null):1522074224:DumpBeHeader]	Writing 140716013518915 bytes to 140716013522944
[(null):1522074224:DumpBeHeader]	Writing 140716013518915 bytes to 140716013522944
[C:\GitHub\BlockyOS\Build\Build-nodate\root-part\libcrt.service]
Header: {
  .Magic	17730
  .SystemSection	.rsrc
  .NSections	9
  .RawHeaderSize	4096
  .SectionTabeOffset	52
    [0]: {
      .Magic	0
      .Name	
      .Flags	(null)
      .Alignment	0
      .VirtualAddress	0
      .VirtualSize	0
      .RawPointer	0
      .RawSize	0
      {
        
        
        
        
      }
    
    [1]: {
      .Magic	5457218
      .Name	.code
      .Flags	SFExecutable SFReadable 
      .Alignment	4
      .VirtualAddress	4096
      .VirtualSize	135952
      .RawPointer	4104
      .RawSize	136192
[C:\GitHub\BlockyOS\tools\executable-format\exec.c:145:ReadSection]	Reading 136192 from 4104
      {
        b8 00 00 c1 e3 00 00 f8 
        07 b9 00 eb 01 b9 00 72 
        00 00 0f 12 00 64 0f 07 
        00 00 a2 81 00 00 c7 e2 
      }
    
    [2]: {
      .Magic	5457218
      .Name	.data
      .Flags	SFInitData SFReadable SFWritable 
      .Alignment	4
      .VirtualAddress	143360
      .VirtualSize	2240
      .RawPointer	140296
      .RawSize	2560
[C:\GitHub\BlockyOS\tools\executable-format\exec.c:145:ReadSection]	Reading 2560 from 140296
      {
        53 53 00 33 53 53 2e 53 
        53 53 53 00 45 53 31 45 
        45 45 53 53 33 45 00 34 
        00 32 45 53 00 34 53 2e 
      }
    
    [3]: {
      .Magic	5457218
      .Name	.rodata
      .Flags	SFInitData SFReadable 
      .Alignment	4
      .VirtualAddress	147456
      .VirtualSize	5536
      .RawPointer	142856
      .RawSize	5632
[C:\GitHub\BlockyOS\tools\executable-format\exec.c:145:ReadSection]	Reading 5632 from 142856
      {
        10 01 2c 01 48 01 64 01 
        f0 00 f3 00 f6 00 f9 00 
        01 00 01 00 01 00 01 00 
        80 00 80 00 80 00 80 00 
      }
    
    [4]: {
      .Magic	5457218
      .Name	.RelS
      .Flags	SFInitData SFReadable 
      .Alignment	4
      .VirtualAddress	0
      .VirtualSize	2696
      .RawPointer	148488
      .RawSize	2696
[C:\GitHub\BlockyOS\tools\executable-format\exec.c:145:ReadSection]	Reading 2696 from 148488
      Header: {
        .DirectoryTable	148508
        .UnusedBytes	150672
        .NRelocationDirectories	1417339207685
        [0]: {
          .BaseAddress	12288
          .DirectorySize	76(16 Entries)
             [0]: {
            .Type	BRET64
            .Offset	1626(0x365A)
          } [1]: {
            .Type	BRET64
            .Offset	1650(0x3672)
          } [2]: {
            .Type	BRET64
            .Offset	1674(0x368A)
          } [3]: {
            .Type	BRET64
            .Offset	1698(0x36A2)
          } [4]: {
            .Type	BRET64
            .Offset	1722(0x36BA)
          } [5]: {
            .Type	BRET64
            .Offset	1746(0x36D2)
          } [6]: {
            .Type	BRET64
            .Offset	1770(0x36EA)
          } [7]: {
            .Type	BRET64
            .Offset	1794(0x3702)
          }
        }
        [1]: {
          .BaseAddress	143360
          .DirectorySize	1004(248 Entries)
             [0]: {
            .Type	BRET64
            .Offset	192(0x230C0)
          } [1]: {
            .Type	BRET64
            .Offset	200(0x230C8)
          } [2]: {
            .Type	BRET64
            .Offset	208(0x230D0)
          } [3]: {
            .Type	BRET64
            .Offset	216(0x230D8)
          } [4]: {
            .Type	BRET64
            .Offset	224(0x230E0)
          } [5]: {
            .Type	BRET64
            .Offset	232(0x230E8)
          } [6]: {
            .Type	BRET64
            .Offset	240(0x230F0)
          } [7]: {
            .Type	BRET64
            .Offset	248(0x230F8)
          }
        }
        [2]: {
          .BaseAddress	147456
          .DirectorySize	1044(258 Entries)
             [0]: {
            .Type	BRET64
            .Offset	0(0x24000)
          } [1]: {
            .Type	BRET64
            .Offset	8(0x24008)
          } [2]: {
            .Type	BRET64
            .Offset	16(0x24010)
          } [3]: {
            .Type	BRET64
            .Offset	24(0x24018)
          } [4]: {
            .Type	BRET64
            .Offset	32(0x24020)
          } [5]: {
            .Type	BRET64
            .Offset	40(0x24028)
          } [6]: {
            .Type	BRET64
            .Offset	48(0x24030)
          } [7]: {
            .Type	BRET64
            .Offset	56(0x24038)
          }
        }
        [3]: {
          .BaseAddress	151552
          .DirectorySize	28(4 Entries)
             [0]: {
            .Type	BRET64
            .Offset	160(0x250A0)
          } [1]: {
            .Type	BRET64
            .Offset	192(0x250C0)
          } [2]: {
            .Type	BRET64
            .Offset	208(0x250D0)
          } [3]: {
            .Type	BRET64
            .Offset	224(0x250E0)
          }
        }
        [4]: {
          .BaseAddress	0
          .DirectorySize	12(0 Entries)
            
        }
      }
    
    [5]: {
      .Magic	5457218
      .Name	.ImportIn
      .Flags	SFInitData SFReadable 
      .Alignment	4
      .VirtualAddress	0
      .VirtualSize	0
      .RawPointer	151184
      .RawSize	20
[C:\GitHub\BlockyOS\tools\executable-format\exec.c:145:ReadSection]	Reading 20 from 151184
      Header: {
        .NDlls	0
        .DllImportPathTableRVO	151204
        .DllImportTableRVO	151204
      }
    
    [6]: {
      .Magic	5457218
      .Name	.ExportOut
      .Flags	SFInitData SFReadable 
      .Alignment	4
      .VirtualAddress	0
      .VirtualSize	0
      .RawPointer	151204
      .RawSize	4172
[C:\GitHub\BlockyOS\tools\executable-format\exec.c:145:ReadSection]	Reading 4172 from 151204
      Header: {
        .NExported	92
        .ExportTableRVO	151228
        .ExportNameRVO	154172
        .NExportAddresses	92[C:\GitHub\BlockyOS\tools\executable-format\exechandler.exe|-1073741819]

[C:\GitHub\BlockyOS\tools\executable-format\exec.c:177:WriteSection]	Writing 136192 to 4104
[C:\GitHub\BlockyOS\tools\executable-format\exec.c:177:WriteSection]	Writing 2560 to 140296
[C:\GitHub\BlockyOS\tools\executable-format\exec.c:177:WriteSection]	Writing 5632 to 142856
[C:\GitHub\BlockyOS\tools\executable-format\exec.c:177:WriteSection]	Writing 2696 to 148488
[C:\GitHub\BlockyOS\tools\executable-format\exec.c:177:WriteSection]	Writing 2696 to 148488
[C:\GitHub\BlockyOS\tools\executable-format\exec.c:681:CreateResourceSection]
[C:\GitHub\BlockyOS\tools\executable-format\exec.c:177:WriteSection]	Writing 20 to 151184
[C:\GitHub\BlockyOS\tools\executable-format\exec.c:725:CreateResourceSection]
[C:\GitHub\BlockyOS\tools\executable-format\exec.c:177:WriteSection]	Writing 20 to 151184
[C:\GitHub\BlockyOS\tools\executable-format\exec.c:177:WriteSection]	Writing 4172 to 151204
[C:\GitHub\BlockyOS\tools\executable-format\exec.c:177:WriteSection]	Writing 4172 to 151204
[C:\GitHub\BlockyOS\tools\executable-format\exec.c:748:CreateResourceSection]
[C:\GitHub\BlockyOS\tools\executable-format\exec.c:177:WriteSection]	Writing 9536 to 155376
[C:\GitHub\BlockyOS\tools\executable-format\exec.c:177:WriteSection]	Writing 4096 to 164912
[C:\GitHub\BlockyOS\Build\Build-nodate\root-part\libcrt.service]
Header: {
  .Magic	17730
  .SystemSection	.rsrc
  .NSections	9
  .RawHeaderSize	4096
  .SectionTabeOffset	52
    [0]: {
      .Magic	0
      .Name	
      .Flags	(null)
      .Alignment	0
      .VirtualAddress	0
      .VirtualSize	0
      .RawPointer	0
      .RawSize	0
      {
        
        
        
        
      }
    
    [1]: {
      .Magic	5457218
      .Name	.code
      .Flags	SFExecutable SFReadable 
      .Alignment	1417339207684
      .VirtualAddress	4096
      .VirtualSize	135952
      .RawPointer	4104
      .RawSize	136192
[C:\GitHub\BlockyOS\tools\executable-format\exec.c:147:ReadSection]	Reading 136192 from 4104
      {
        b8 00 00 c1 e3 00 00 f8 
        07 b9 00 eb 01 b9 00 72 
        00 00 0f 12 00 64 0f 07 
        00 00 a2 81 00 00 c7 e2 
      }
    
    [2]: {
      .Magic	5457218
      .Name	.data
      .Flags	SFInitData SFReadable SFWritable 
      .Alignment	1417339207684
      .VirtualAddress	143360
      .VirtualSize	2240
      .RawPointer	140296
      .RawSize	2560
[C:\GitHub\BlockyOS\tools\executable-format\exec.c:147:ReadSection]	Reading 2560 from 140296
      {
        53 53 00 33 53 53 2e 53 
        53 53 53 00 45 53 31 45 
        45 45 53 53 33 45 00 34 
        00 32 45 53 00 34 53 2e 
      }
    
    [3]: {
      .Magic	5457218
      .Name	.rodata
      .Flags	SFInitData SFReadable 
      .Alignment	1417339207684
      .VirtualAddress	147456
      .VirtualSize	5536
      .RawPointer	142856
      .RawSize	5632
[C:\GitHub\BlockyOS\tools\executable-format\exec.c:147:ReadSection]	Reading 5632 from 142856
      {
        10 01 2c 01 48 01 64 01 
        f0 00 f3 00 f6 00 f9 00 
        01 00 01 00 01 00 01 00 
        80 00 80 00 80 00 80 00 
      }
    
    [4]: {
      .Magic	5457218
      .Name	.RelS
      .Flags	SFInitData SFReadable 
      .Alignment	1417339207684
      .VirtualAddress	0
      .VirtualSize	2696
      .RawPointer	148488
      .RawSize	2696
[C:\GitHub\BlockyOS\tools\executable-format\exec.c:147:ReadSection]	Reading 2696 from 148488
      Header: {
        .DirectoryTable	148508
        .UnusedBytes	150672
        .NRelocationDirectories	5
        [0]: {
          .BaseAddress	12288
          .DirectorySize	76(16 Entries)
             [0]: {
            .Type	BRET64
            .Offset	1626(0x365A)
          } [1]: {
            .Type	BRET64
            .Offset	1650(0x3672)
          } [2]: {
            .Type	BRET64
            .Offset	1674(0x368A)
          } [3]: {
            .Type	BRET64
            .Offset	1698(0x36A2)
          } [4]: {
            .Type	BRET64
            .Offset	1722(0x36BA)
          } [5]: {
            .Type	BRET64
            .Offset	1746(0x36D2)
          } [6]: {
            .Type	BRET64
            .Offset	1770(0x36EA)
          } [7]: {
         
[SHELL]	FSFRAT.OPEN
[SHELL]	FSFRAT.MOUNT
[SHELL]	FSFRAT.WRITE
[SHELL OUT]: FSFRAT DRIVER
[SHELL OUT]: >> 
[SHELL OUT]: [C:\GitHub\BlockyOS\tools\filesystem\frat.c:193]  >>  Mounting FS Root: [C:/GitHub/BlockyOS/Build/Build-nodate/disk.img]
[SHELL OUT]: Verifying Disk GPT
[SHELL OUT]: [Parent:00007ff62846d8f9] >>  C:/GitHub/BlockyOS/Build/Build-nodate/disk.img  ConfBlockSize: 512    Starting Disk Env ID: 
[SHELL OUT]: Reading Bytes
[SHELL OUT]: [Parent:00007ff62846d914] >> Reading [92 bytes(s)->1 block(s)] to LBA[1(512)-2(1024)]
[SHELL OUT]: GPT Dump:
[SHELL OUT]:     Sig: ""
[SHELL OUT]:     Rev: 0
[SHELL OUT]:     Header-Size: 0
[SHELL OUT]:     Header Checksum: 0
[SHELL OUT]:     localLBA: 0
[SHELL OUT]:     altLBA: 0
[SHELL OUT]:     firstUsable: 0
[SHELL OUT]:     lastUsable: 0
[SHELL OUT]:     Disk-GUID: 
[SHELL OUT]:     Partition-Table: 0
[SHELL OUT]:     # of Partition-Entries: 0
[SHELL OUT]:     Partition-Entry Size: 0
[SHELL OUT]:     Partition-Table Checksum: 0
[SHELL OUT]: Closing Disk Interface >> {C:/GitHub/BlockyOS/Build/Build-nodate/disk.img}
[SHELL OUT]: GPT Exists? false
[SHELL OUT]: [C:\GitHub\BlockyOS\tools\filesystem\frat.c:84]  >>  Formatting Partition:    ROOT
[SHELL OUT]: GPT Dump:
[SHELL OUT]:     Sig: ""
[SHELL OUT]:     Rev: 0
[SHELL OUT]:     Header-Size: 0
[SHELL OUT]:     Header Checksum: 0
[SHELL OUT]:     localLBA: 0
[SHELL OUT]:     altLBA: 0
[SHELL OUT]:     firstUsable: 0
[SHELL OUT]:     lastUsable: 0
[SHELL OUT]:     Disk-GUID: 
[SHELL OUT]:     Partition-Table: 0
[SHELL OUT]:     # of Partition-Entries: 0
[SHELL OUT]:     Partition-Entry Size: 0
[SHELL OUT]:     Partition-Table Checksum: 0
[SHELL OUT]: Closing Disk Interface >> {C:/GitHub/BlockyOS/Build/Build-nodate/disk.img}
[SHELL OUT]: GPT Exists? false
[SHELL OUT]: [C:\GitHub\BlockyOS\tools\filesystem\frat.c:70]  >>  Found No Partition named: ROOT
[SHELL OUT]: [C:\GitHub\BlockyOS\tools\filesystem\frat.c:193]  >>  Mounting FS Root: [C:/GitHub/BlockyOS/Build/Build-nodate/disk.img]
[SHELL OUT]: Verifying Disk GPT
[SHELL OUT]: [Parent:00007ff62846d8f9] >>  C:/GitHub/BlockyOS/Build/Build-nodate/disk.img  ConfBlockSize: 512    Starting Disk Env ID: 
[SHELL OUT]: Reading Bytes
[SHELL OUT]: [Parent:00007ff62846d914] >> Reading [92 bytes(s)->1 block(s)] to LBA[1(512)-2(1024)]
[SHELL OUT]: GPT Dump:
[SHELL OUT]:     Sig: ""
[SHELL OUT]:     Rev: 0
[SHELL OUT]:     Header-Size: 0
[SHELL OUT]:     Header Checksum: 0
[SHELL OUT]:     altLBA: 0
[SHELL OUT]:     firstUsable: 0
[SHELL OUT]:     lastUsable: 0
[SHELL OUT]:     Disk-GUID: 
[SHELL OUT]:     Partition-Table: 0
[SHELL OUT]:     # of Partition-Entries: 0
[SHELL OUT]:     Partition-Entry Size: 0
[SHELL OUT]:     Partition-Table Checksum: 0
[SHELL OUT]: Closing Disk Interface >> {C:/GitHub/BlockyOS/Build/Build-nodate/disk.img}
[SHELL OUT]: GPT Exists? false
[SHELL OUT]: [2]: "Failed to load Partition"
[SHELL OUT]: >> 
[SHELL OUT]: >> 
[SHELL OUT]: >> 
[SHELL OUT]: [2]: "Dependency e.mount has not been defined"
[SHELL OUT]: >> 
[SHELL OUT]: >> 
[SHELL OUT]: [C:\GitHub\BlockyOS\tools\filesystem\frat.c:48]  >>  Loading Partition:    ROOT
[SHELL OUT]: Verifying Disk GPT
[SHELL OUT]: [Parent:00007ff62846d8f9] >>  C:/GitHub/BlockyOS/Build/Build-nodate/disk.img  ConfBlockSize: 512    Starting Disk Env ID: 
[SHELL OUT]: [Parent:00007ff62846d914] >> Reading [92 bytes(s)->1 block(s)] to LBA[1(512)-2(1024)]
[SHELL OUT]: Reading Bytes
[SHELL OUT]:     localLBA: 0
Initializing CGCC.MAKE build process...
Skipping C:\GitHub\BlockyOS\src\kernel\libcrt\hardware\RNG\RNG.asm - up to date; source=2026-09-02T19:29:50.4588980Z, stored=09/02/2026 19:29:50
Skipping C:\GitHub\BlockyOS\src\kernel\libcrt\hardware\RNG\RNG.c - up to date; source=2026-09-01T19:51:35.2375749Z, stored=09/01/2026 19:51:35
Skipping C:\GitHub\BlockyOS\src\kernel\libcrt\hardware\GDT\GDT.asm - up to date; source=2026-09-02T19:29:50.4759038Z, stored=09/02/2026 19:29:50
Skipping C:\GitHub\BlockyOS\src\kernel\libcrt\hardware\GDT\GDT.c - up to date; source=2026-08-31T20:29:21.6186178Z, stored=08/31/2026 20:29:21
Skipping C:\GitHub\BlockyOS\src\kernel\libcrt\hardware\paging\paging.asm - up to date; source=2026-09-02T19:29:50.4619061Z, stored=09/02/2026 19:29:50
Skipping C:\GitHub\BlockyOS\src\kernel\libcrt\hardware\paging\paging.c - up to date; source=2026-09-01T20:10:14.1486119Z, stored=09/01/2026 20:10:14
Skipping C:\GitHub\BlockyOS\src\kernel\libcrt\hardware\SSE\SSE.asm - up to date; source=2026-09-02T19:29:50.4759038Z, stored=09/02/2026 19:29:50
Skipping C:\GitHub\BlockyOS\src\kernel\libcrt\hardware\SSE\SSE.c - up to date; source=2026-09-01T15:31:49.0191638Z, stored=09/01/2026 15:31:49
Skipping C:\GitHub\BlockyOS\src\kernel\libcrt\memory\memory.c - up to date; source=2026-09-01T14:27:41.5007315Z, stored=09/01/2026 14:27:41
Skipping C:\GitHub\BlockyOS\src\kernel\libcrt\memory\string.c - up to date; source=2026-08-31T17:22:17.0368394Z, stored=08/31/2026 17:22:17
Skipping C:\GitHub\BlockyOS\src\kernel\libcrt\hardware\paging\palloc.c - up to date; source=2026-09-01T20:10:14.1506184Z, stored=09/01/2026 20:10:14
Skipping C:\GitHub\BlockyOS\src\kernel\libcrt\memory\allocator\palloc.c - up to date; source=2026-09-02T18:08:03.4509785Z, stored=09/02/2026 18:08:03
Skipping C:\GitHub\BlockyOS\src\kernel\libcrt\memory\allocator\mmalloc.c - up to date; source=2026-09-01T00:47:09.6602809Z, stored=09/01/2026 00:47:09
Skipping C:\GitHub\BlockyOS\src\kernel\libcrt\math\math.c - up to date; source=2026-09-02T20:24:18.8720404Z, stored=09/02/2026 20:24:18
Skipping C:\GitHub\BlockyOS\src\kernel\libcrt\hardware\IO\IO.asm - up to date; source=2026-09-02T19:29:50.4759038Z, stored=09/02/2026 19:29:50
Skipping C:\GitHub\BlockyOS\src\kernel\libcrt\hardware\IDT\IDT.asm - up to date; source=2026-09-02T19:29:50.4759038Z, stored=09/02/2026 19:29:50
Skipping C:\GitHub\BlockyOS\src\kernel\libcrt\hardware\IDT\ISR.asm - up to date; source=2026-09-02T19:08:06.2288527Z, stored=09/02/2026 19:08:06
Skipping C:\GitHub\BlockyOS\src\kernel\libcrt\hardware\IDT\ISR.c - up to date; source=2026-09-02T18:48:44.0968136Z, stored=09/02/2026 18:48:44
Skipping C:\GitHub\BlockyOS\src\kernel\libcrt\hardware\ACPI\ACPI.c - up to date; source=2026-08-31T20:25:27.3210120Z, stored=08/31/2026 20:25:27
Skipping C:\GitHub\BlockyOS\src\kernel\libcrt\hardware\IDT\APIC\APIC.c - up to date; source=2026-08-31T17:22:17.1088393Z, stored=08/31/2026 17:22:17
Skipping C:\GitHub\BlockyOS\src\kernel\libcrt\hardware\IDT\APIC\IOAPIC.c - up to date; source=2026-08-31T23:06:36.2138524Z, stored=08/31/2026 23:06:36
Skipping C:\GitHub\BlockyOS\src\kernel\libcrt\hardware\IDT\APIC\LocalAPIC.c - up to date; source=2026-09-01T14:06:58.1209403Z, stored=09/01/2026 14:06:58
Skipping C:\GitHub\BlockyOS\src\kernel\libcrt\hardware\IDT\APIC\LocalAPICTimer.c - up to date; source=2026-09-01T19:52:35.3774846Z, stored=09/01/2026 19:52:35
Skipping C:\GitHub\BlockyOS\src\kernel\libcrt\hardware\hardware.c - up to date; source=2026-09-01T16:46:09.0571163Z, stored=09/01/2026 16:46:09
Skipping C:\GitHub\BlockyOS\src\kernel\libcrt\BLAKE2\blake2b-ref.c - up to date; source=2026-08-31T20:05:16.6578387Z, stored=08/31/2026 20:05:16
Skipping C:\GitHub\BlockyOS\src\kernel\libcrt\BLAKE2\blake2bp-ref.c - up to date; source=2026-08-31T20:05:20.6816175Z, stored=08/31/2026 20:05:20
Skipping C:\GitHub\BlockyOS\src\kernel\libcrt\BLAKE2\blake2s-ref.c - up to date; source=2026-08-31T20:05:24.7027041Z, stored=08/31/2026 20:05:24
Skipping C:\GitHub\BlockyOS\src\kernel\libcrt\BLAKE2\blake2sp-ref.c - up to date; source=2026-08-31T20:05:27.6610089Z, stored=08/31/2026 20:05:27
Skipping C:\GitHub\BlockyOS\src\kernel\libcrt\BLAKE2\blake2xb-ref.c - up to date; source=2026-09-01T14:03:25.3444410Z, stored=09/01/2026 14:03:25
Skipping C:\GitHub\BlockyOS\src\kernel\libcrt\BLAKE2\blake2xs-ref.c - up to date; source=2026-08-31T17:22:17.0728377Z, stored=08/31/2026 17:22:17
Skipping C:\GitHub\BlockyOS\src\kernel\libcrt\hardware\PCIe\PCIe.c - up to date; source=2026-08-31T23:54:42.2532022Z, stored=08/31/2026 23:54:42
Skipping C:\GitHub\BlockyOS\src\kernel\libcrt\hardware\SSE\UTILS.asm - up to date; source=2026-09-01T00:20:39.1738118Z, stored=09/01/2026 00:20:39
Skipping C:\GitHub\BlockyOS\src\kernel\libcrt\alibcrt.def - up to date; source=2026-09-01T20:03:41.5382359Z, stored=09/01/2026 20:03:41
gcc C:\GitHub\BlockyOS\compile\cache\asm.RNG.o C:\GitHub\BlockyOS\compile\cache\c.RNG.o C:\GitHub\BlockyOS\compile\cache\asm.GDT.o C:\GitHub\BlockyOS\compile\cache\c.GDT.o C:\GitHub\BlockyOS\compile\cache\asm.paging.o C:\GitHub\BlockyOS\compile\cache\c.paging.o C:\GitHub\BlockyOS\compile\cache\asm.SSE.o C:\GitHub\BlockyOS\compile\cache\c.SSE.o C:\GitHub\BlockyOS\compile\cache\c.memory.o C:\GitHub\BlockyOS\compile\cache\c.string.o C:\GitHub\BlockyOS\compile\cache\c.palloc.o C:\GitHub\BlockyOS\compile\cache\c.palloc(1).o C:\GitHub\BlockyOS\compile\cache\c.mmalloc.o C:\GitHub\BlockyOS\compile\cache\c.math.o C:\GitHub\BlockyOS\compile\cache\asm.IO.o C:\GitHub\BlockyOS\compile\cache\asm.IDT.o C:\GitHub\BlockyOS\compile\cache\asm.ISR.o C:\GitHub\BlockyOS\compile\cache\c.ISR.o C:\GitHub\BlockyOS\compile\cache\c.ACPI.o C:\GitHub\BlockyOS\compile\cache\c.APIC.o C:\GitHub\BlockyOS\compile\cache\c.IOAPIC.o C:\GitHub\BlockyOS\compile\cache\c.LocalAPIC.o C:\GitHub\BlockyOS\compile\cache\c.LocalAPICTimer.o C:\GitHub\BlockyOS\compile\cache\c.hardware.o C:\GitHub\BlockyOS\compile\cache\c.blake2b-ref.o C:\GitHub\BlockyOS\compile\cache\c.blake2bp-ref.o C:\GitHub\BlockyOS\compile\cache\c.blake2s-ref.o C:\GitHub\BlockyOS\compile\cache\c.blake2sp-ref.o C:\GitHub\BlockyOS\compile\cache\c.blake2xb-ref.o C:\GitHub\BlockyOS\compile\cache\c.blake2xs-ref.o C:\GitHub\BlockyOS\compile\cache\c.PCIe.o C:\GitHub\BlockyOS\compile\cache\asm.UTILS.o C:/GitHub/BlockyOS/src/kernel/libcrt/alibcrt.def -Wl,-flinker-output=dyn -Wl,-nostdlib -Wl,--emit-relocs -Wl,-shared -Wl,-Bsymbolic -Wl,-Map,C:\GitHub\BlockyOS\src\kernel\libcrt\alibcrt.map -fdiagnostics-color=always -fno-diagnostics-show-highlight-colors -nostartfiles -nodefaultlibs -o C:/GitHub/BlockyOS/Build/Build-nodate/root-part/libcrt.dll
Build finished successfully -> C:/GitHub/BlockyOS/Build/Build-nodate/root-part/libcrt.dll


[SHELL]	PE2EXEC.MAKE
C:\GitHub\BlockyOS\tools\executable-format\exechandler.exe C:/GitHub/BlockyOS/Build/Build-nodate/root-part/libcrt.dll C:/GitHub/BlockyOS/Build/Build-nodate/root-part/libcrt.service -od -L C:/GitHub/BlockyOS/src/kernel/libcrt/alibcrt.log

[(null):1522074224:DumpBeHeader]	Writing 2031519531075 bytes to 4096
[(null):1522074224:DumpBeHeader]	Writing 140716013518915 bytes to 140716013522944
[(null):1522074224:DumpBeHeader]	Writing 140716013518915 bytes to 140716013522944
[(null):1522074224:DumpBeHeader]	Writing 140716013518915 bytes to 140716013522944
[(null):1522074224:DumpBeHeader]	Writing 140716013518915 bytes to 140716013522944
[C:\GitHub\BlockyOS\tools\executable-format\exec.c:679:CreateResourceSection]
[(null):1522074224:DumpBeHeader]	Writing 140716013518915 bytes to 140716013522944
[C:\GitHub\BlockyOS\tools\executable-format\exec.c:723:CreateResourceSection]
[(null):1522074224:DumpBeHeader]	Writing 140716013518915 bytes to 140716013522944
[C:\GitHub\BlockyOS\tools\executable-format\exec.c:746:CreateResourceSection]
[(null):1522074224:DumpBeHeader]	Writing 140716013518915 bytes to 140716013522944
[(null):1522074224:DumpBeHeader]	Writing 140716013518915 bytes to 140716013522944
[C:\GitHub\BlockyOS\Build\Build-nodate\root-part\libcrt.service]
Header: {
  .Magic	17730
  .SystemSection	.rsrc
  .NSections	9
  .RawHeaderSize	4096
  .SectionTabeOffset	52
    [0]: {
      .Magic	0
      .Name	
      .Flags	(null)
      .Alignment	0
      .VirtualAddress	0
      .VirtualSize	0
      .RawPointer	0
      .RawSize	0
      {
        
        
        
        
      }
    
    [1]: {
      .Magic	5457218
      .Name	.code
      .Flags	SFExecutable SFReadable 
      .Alignment	4
      .VirtualAddress	4096
      .VirtualSize	135952
      .RawPointer	4104
      .RawSize	136192
[C:\GitHub\BlockyOS\tools\executable-format\exec.c:145:ReadSection]	Reading 136192 from 4104
      {
        b8 00 00 c1 e3 00 00 f8 
        07 b9 00 eb 01 b9 00 72 
        00 00 0f 12 00 64 0f 07 
        00 00 a2 81 00 00 c7 e2 
      }
    
    [2]: {
      .Magic	5457218
      .Name	.data
      .Flags	SFInitData SFReadable SFWritable 
      .Alignment	4
      .VirtualAddress	143360
      .VirtualSize	2240
      .RawPointer	140296
      .RawSize	2560
[C:\GitHub\BlockyOS\tools\executable-format\exec.c:145:ReadSection]	Reading 2560 from 140296
      {
        53 53 00 33 53 53 2e 53 
        53 53 53 00 45 53 31 45 
        45 45 53 53 33 45 00 34 
        00 32 45 53 00 34 53 2e 
      }
    
    [3]: {
      .Magic	5457218
      .Name	.rodata
      .Flags	SFInitData SFReadable 
      .Alignment	4
      .VirtualAddress	147456
      .VirtualSize	5536
      .RawPointer	142856
      .RawSize	5632
[C:\GitHub\BlockyOS\tools\executable-format\exec.c:145:ReadSection]	Reading 5632 from 142856
      {
        10 01 2c 01 48 01 64 01 
        f0 00 f3 00 f6 00 f9 00 
        01 00 01 00 01 00 01 00 
        80 00 80 00 80 00 80 00 
      }
    
    [4]: {
      .Magic	5457218
      .Name	.RelS
      .Flags	SFInitData SFReadable 
      .Alignment	4
      .VirtualAddress	0
      .VirtualSize	2696
      .RawPointer	148488
      .RawSize	2696
[C:\GitHub\BlockyOS\tools\executable-format\exec.c:145:ReadSection]	Reading 2696 from 148488
      Header: {
        .DirectoryTable	148508
        .UnusedBytes	150672
        .NRelocationDirectories	2031519531013
        [0]: {
          .BaseAddress	12288
          .DirectorySize	76(16 Entries)
             [0]: {
            .Type	BRET64
            .Offset	1626(0x365A)
          } [1]: {
            .Type	BRET64
            .Offset	1650(0x3672)
          } [2]: {
            .Type	BRET64
            .Offset	1674(0x368A)
          } [3]: {
            .Type	BRET64
            .Offset	1698(0x36A2)
          } [4]: {
            .Type	BRET64
            .Offset	1722(0x36BA)
          } [5]: {
            .Type	BRET64
            .Offset	1746(0x36D2)
          } [6]: {
            .Type	BRET64
            .Offset	1770(0x36EA)
          } [7]: {
            .Type	BRET64
            .Offset	1794(0x3702)
          }
        }
        [1]: {
          .BaseAddress	143360
          .DirectorySize	1004(248 Entries)
             [0]: {
            .Type	BRET64
            .Offset	192(0x230C0)
          } [1]: {
            .Type	BRET64
            .Offset	200(0x230C8)
          } [2]: {
            .Type	BRET64
            .Offset	208(0x230D0)
          } [3]: {
            .Type	BRET64
            .Offset	216(0x230D8)
          } [4]: {
            .Type	BRET64
            .Offset	224(0x230E0)
          } [5]: {
            .Type	BRET64
            .Offset	232(0x230E8)
          } [6]: {
            .Type	BRET64
            .Offset	240(0x230F0)
          } [7]: {
            .Type	BRET64
            .Offset	248(0x230F8)
          }
        }
        [2]: {
          .BaseAddress	147456
          .DirectorySize	1044(258 Entries)
             [0]: {
            .Type	BRET64
            .Offset	0(0x24000)
          } [1]: {
            .Type	BRET64
            .Offset	8(0x24008)
          } [2]: {
            .Type	BRET64
            .Offset	16(0x24010)
          } [3]: {
            .Type	BRET64
            .Offset	24(0x24018)
          } [4]: {
            .Type	BRET64
            .Offset	32(0x24020)
          } [5]: {
            .Type	BRET64
            .Offset	40(0x24028)
          } [6]: {
            .Type	BRET64
            .Offset	48(0x24030)
          } [7]: {
            .Type	BRET64
            .Offset	56(0x24038)
          }
        }
        [3]: {
          .BaseAddress	151552
          .DirectorySize	28(4 Entries)
             [0]: {
            .Type	BRET64
            .Offset	160(0x250A0)
          } [1]: {
            .Type	BRET64
            .Offset	192(0x250C0)
          } [2]: {
            .Type	BRET64
            .Offset	208(0x250D0)
          } [3]: {
            .Type	BRET64
            .Offset	224(0x250E0)
          }
        }
        [4]: {
          .BaseAddress	0
          .DirectorySize	12(0 Entries)
            
        }
      }
    
    [5]: {
      .Magic	5457218
      .Name	.ImportIn
      .Flags	SFInitData SFReadable 
      .Alignment	4
      .VirtualAddress	0
      .VirtualSize	0
      .RawPointer	151184
      .RawSize	20
[C:\GitHub\BlockyOS\tools\executable-format\exec.c:145:ReadSection]	Reading 20 from 151184
      Header: {
        .NDlls	0
        .DllImportPathTableRVO	151204
        .DllImportTableRVO	151204
      }
    
    [6]: {
      .Magic	5457218
      .Name	.ExportOut
      .Flags	SFInitData SFReadable 
      .Alignment	4
      .VirtualAddress	0
      .VirtualSize	0
      .RawPointer	151204
      .RawSize	4172
[C:\GitHub\BlockyOS\tools\executable-format\exec.c:145:ReadSection]	Reading 4172 from 151204
      Header: {
        .NExported	92
        .ExportTableRVO	151228
        .ExportNameRVO	154172
        .NExportAddresses	92[C:\GitHub\BlockyOS\tools\executable-format\exechandler.exe|-1073741819]

[C:\GitHub\BlockyOS\tools\executable-format\exec.c:177:WriteSection]	Writing 136192 to 4104
[C:\GitHub\BlockyOS\tools\executable-format\exec.c:177:WriteSection]	Writing 2560 to 140296
[C:\GitHub\BlockyOS\tools\executable-format\exec.c:177:WriteSection]	Writing 5632 to 142856
[C:\GitHub\BlockyOS\tools\executable-format\exec.c:177:WriteSection]	Writing 2696 to 148488
[C:\GitHub\BlockyOS\tools\executable-format\exec.c:177:WriteSection]	Writing 2696 to 148488
[C:\GitHub\BlockyOS\tools\executable-format\exec.c:681:CreateResourceSection]
[C:\GitHub\BlockyOS\tools\executable-format\exec.c:177:WriteSection]	Writing 20 to 151184
[C:\GitHub\BlockyOS\tools\executable-format\exec.c:725:CreateResourceSection]
[C:\GitHub\BlockyOS\tools\executable-format\exec.c:177:WriteSection]	Writing 20 to 151184
[C:\GitHub\BlockyOS\tools\executable-format\exec.c:177:WriteSection]	Writing 4172 to 151204
[C:\GitHub\BlockyOS\tools\executable-format\exec.c:177:WriteSection]	Writing 4172 to 151204
[C:\GitHub\BlockyOS\tools\executable-format\exec.c:748:CreateResourceSection]
[C:\GitHub\BlockyOS\tools\executable-format\exec.c:177:WriteSection]	Writing 9536 to 155376
[C:\GitHub\BlockyOS\tools\executable-format\exec.c:177:WriteSection]	Writing 4096 to 164912
[C:\GitHub\BlockyOS\Build\Build-nodate\root-part\libcrt.service]
Header: {
  .Magic	17730
  .SystemSection	.rsrc
  .NSections	9
  .RawHeaderSize	4096
  .SectionTabeOffset	52
    [0]: {
      .Magic	0
      .Name	
      .Flags	(null)
      .Alignment	0
      .VirtualAddress	0
      .VirtualSize	0
      .RawPointer	0
      .RawSize	0
      {
        
        
        
        
      }
    
    [1]: {
      .Magic	5457218
      .Name	.code
      .Flags	SFExecutable SFReadable 
      .Alignment	2031519531012
      .VirtualAddress	4096
      .VirtualSize	135952
      .RawPointer	4104
      .RawSize	136192
[C:\GitHub\BlockyOS\tools\executable-format\exec.c:147:ReadSection]	Reading 136192 from 4104
      {
        b8 00 00 c1 e3 00 00 f8 
        07 b9 00 eb 01 b9 00 72 
        00 00 0f 12 00 64 0f 07 
        00 00 a2 81 00 00 c7 e2 
      }
    
    [2]: {
      .Magic	5457218
      .Name	.data
      .Flags	SFInitData SFReadable SFWritable 
      .Alignment	2031519531012
      .VirtualAddress	143360
      .VirtualSize	2240
      .RawPointer	140296
      .RawSize	2560
[C:\GitHub\BlockyOS\tools\executable-format\exec.c:147:ReadSection]	Reading 2560 from 140296
      {
        53 53 00 33 53 53 2e 53 
        53 53 53 00 45 53 31 45 
        45 45 53 53 33 45 00 34 
        00 32 45 53 00 34 53 2e 
      }
    
    [3]: {
      .Magic	5457218
      .Name	.rodata
      .Flags	SFInitData SFReadable 
      .Alignment	2031519531012
      .VirtualAddress	147456
      .VirtualSize	5536
      .RawPointer	142856
      .RawSize	5632
[C:\GitHub\BlockyOS\tools\executable-format\exec.c:147:ReadSection]	Reading 5632 from 142856
      {
        10 01 2c 01 48 01 64 01 
        f0 00 f3 00 f6 00 f9 00 
        01 00 01 00 01 00 01 00 
        80 00 80 00 80 00 80 00 
      }
    
    [4]: {
      .Magic	5457218
      .Name	.RelS
      .Flags	SFInitData SFReadable 
      .Alignment	2031519531012
      .VirtualAddress	0
      .VirtualSize	2696
      .RawPointer	148488
      .RawSize	2696
[C:\GitHub\BlockyOS\tools\executable-format\exec.c:147:ReadSection]	Reading 2696 from 148488
      Header: {
        .DirectoryTable	148508
        .UnusedBytes	150672
        .NRelocationDirectories	5
        [0]: {
          .BaseAddress	12288
          .DirectorySize	76(16 Entries)
             [0]: {
            .Type	BRET64
            .Offset	1626(0x365A)
          } [1]: {
            .Type	BRET64
            .Offset	1650(0x3672)
          } [2]: {
            .Type	BRET64
            .Offset	1674(0x368A)
          } [3]: {
            .Type	BRET64
            .Offset	1698(0x36A2)
          } [4]: {
            .Type	BRET64
            .Offset	1722(0x36BA)
          } [5]: {
            .Type	BRET64
            .Offset	1746(0x36D2)
          } [6]: {
            .Type	BRET64
            .Offset	1770(0x36EA)
          } [7]: {
         
[SHELL]	FSFRAT.OPEN
[SHELL]	FSFRAT.MOUNT
[SHELL]	FSFRAT.WRITE
[SHELL OUT]: FSFRAT DRIVER
[SHELL OUT]: >> 
[SHELL OUT]: [C:\GitHub\BlockyOS\tools\filesystem\frat.c:193]  >>  Mounting FS Root: [C:/GitHub/BlockyOS/Build/Build-nodate/disk.img]
[SHELL OUT]: Verifying Disk GPT
[SHELL OUT]: [Parent:00007ff62846d8f9] >>  C:/GitHub/BlockyOS/Build/Build-nodate/disk.img  ConfBlockSize: 512    Starting Disk Env ID: 
[SHELL OUT]: Reading Bytes
[SHELL OUT]: [Parent:00007ff62846d914] >> Reading [92 bytes(s)->1 block(s)] to LBA[1(512)-2(1024)]
[SHELL OUT]: GPT Dump:
[SHELL OUT]:     Sig: "EFI PART"
[SHELL OUT]:     Rev: 65536
[SHELL OUT]:     Header-Size: 92
[SHELL OUT]:     Header Checksum: 1671478813
[SHELL OUT]:     localLBA: 1
[SHELL OUT]:     altLBA: 788482
[SHELL OUT]:     firstUsable: 2048
[SHELL OUT]:     lastUsable: 788480
[SHELL OUT]:     Disk-GUID: 
[SHELL OUT]:     Partition-Table: 2
[SHELL OUT]:     # of Partition-Entries: 3
[SHELL OUT]:     Partition-Entry Size: 128
[SHELL OUT]:     Partition-Table Checksum: 2610811153
[SHELL OUT]: Closing Disk Interface >> {C:/GitHub/BlockyOS/Build/Build-nodate/disk.img}
[SHELL OUT]: GPT Exists? true
[SHELL OUT]: [Parent:00007ff62846ee8f] >>  C:/GitHub/BlockyOS/Build/Build-nodate/disk.img  ConfBlockSize: 512    Starting Disk Env ID: 
[SHELL OUT]: Reading Bytes
[SHELL OUT]: [Parent:00007ff62846eeb0] >> Reading [92 bytes(s)->1 block(s)] to LBA[1(512)-2(1024)]
[SHELL OUT]: Reading Bytes
[SHELL OUT]: [Parent:00007ff62846e700] >> Reading [384 bytes(s)->1 block(s)] to LBA[2(1024)-3(1536)]
[SHELL OUT]: [C:\GitHub\BlockyOS\tools\filesystem\frat.c:134]  >>  Querying Part Table
[SHELL OUT]: [C:\GitHub\BlockyOS\tools\filesystem\frat.c:142]  >>  GPT-Entry: BOOT{2048:526335 -> 524287}
[SHELL OUT]: [C:\GitHub\BlockyOS\tools\filesystem\frat.c:156]  >>  Querying FS at 2048
[SHELL OUT]: Reading Bytes
[SHELL OUT]: [Parent:00007ff62846eba4] >> Reading [36 bytes(s)->1 block(s)] to LBA[2048(1048576)-2049(1049088)]
[SHELL OUT]: FS-Root Blob:
[SHELL OUT]:     Version: [0:0]
[SHELL OUT]:     Configured Block Size: 0
[SHELL OUT]:     Configured Cluster-Map Size: 0
[SHELL OUT]: [C:\GitHub\BlockyOS\tools\filesystem\frat.c:142]  >>  GPT-Entry: ROOT{526336:788479 -> 262143}
[SHELL OUT]:     Sig: 
[SHELL OUT]: [C:\GitHub\BlockyOS\tools\filesystem\frat.c:156]  >>  Querying FS at 526336
[SHELL OUT]: Reading Bytes
[SHELL OUT]:     Configured Log Sectors: 0
[SHELL OUT]: [Parent:00007ff62846eba4] >> Reading [36 bytes(s)->1 block(s)] to LBA[526336(269484032)-526337(269484544)]
[SHELL OUT]: FS-Root Blob:
[SHELL OUT]:     Version: [0:0]
[SHELL OUT]:     Sig: 
[SHELL OUT]:     Configured Log Sectors: 0
[SHELL OUT]:     Configured Block Size: 0
[SHELL OUT]:     Configured Cluster-Map Size: 0
[SHELL OUT]: [C:\GitHub\BlockyOS\tools\filesystem\frat.c:142]  >>  GPT-Entry: TEST{788480:788480 -> 0}
[SHELL OUT]: [C:\GitHub\BlockyOS\tools\filesystem\frat.c:156]  >>  Querying FS at 788480
[SHELL OUT]: Reading Bytes
[SHELL OUT]: [Parent:00007ff62846eba4] >> Reading [36 bytes(s)->1 block(s)] to LBA[788480(403701760)-788481(403702272)]
[SHELL OUT]: FS-Root Blob:
[SHELL OUT]:     Version: [0:0]
[SHELL OUT]:     Sig: 
[SHELL OUT]:     Configured Log Sectors: 0
[SHELL OUT]:     Configured Block Size: 0
[SHELL OUT]:     Configured Cluster-Map Size: 0
[SHELL OUT]: [C:\GitHub\BlockyOS\tools\filesystem\frat.c:84]  >>  Formatting Partition:    ROOT
[SHELL OUT]: [C:\GitHub\BlockyOS\tools\filesystem\frat.c:48]  >>  Loading Partition:    ROOT
[SHELL OUT]: Verifying Disk GPT
[SHELL OUT]: [Parent:00007ff62846d8f9] >>  C:/GitHub/BlockyOS/Build/Build-nodate/disk.img  ConfBlockSize: 512    Starting Disk Env ID: 
[SHELL OUT]: Reading Bytes
[SHELL OUT]: [Parent:00007ff62846d914] >> Reading [92 bytes(s)->1 block(s)] to LBA[1(512)-2(1024)]
[SHELL OUT]: GPT Dump:
[SHELL OUT]:     Sig: "EFI PART"
[SHELL OUT]:     Rev: 65536
[SHELL OUT]:     Header-Size: 92
[SHELL OUT]:     Header Checksum: 1671478813
[SHELL OUT]:     localLBA: 1
[SHELL OUT]:     firstUsable: 2048
[SHELL OUT]:     lastUsable: 788480
[SHELL OUT]:     Disk-GUID: 
[SHELL OUT]:     Partition-Table: 2
[SHELL OUT]:     # of Partition-Entries: 3
[SHELL OUT]:     Partition-Entry Size: 128
[SHELL OUT]:     Partition-Table Checksum: 2610811153
[SHELL OUT]:     altLBA: 788482
[SHELL OUT]: Closing Disk Interface >> {C:/GitHub/BlockyOS/Build/Build-nodate/disk.img}
[SHELL OUT]: GPT Exists? true
[SHELL OUT]: [Parent:00007ff62846dc62] >>  C:/GitHub/BlockyOS/Build/Build-nodate/disk.img  ConfBlockSize: 512    Starting Disk Env ID: 
[SHELL OUT]: Reading Bytes
[SHELL OUT]: [Parent:00007ff62846dc83] >> Reading [92 bytes(s)->1 block(s)] to LBA[1(512)-2(1024)]
[SHELL OUT]: Reading Bytes
[SHELL OUT]: [Parent:00007ff62846dcba] >> Reading [384 bytes(s)->1 block(s)] to LBA[2(1024)-3(1536)]
[SHELL OUT]: Closing Disk Interface >> {C:/GitHub/BlockyOS/Build/Build-nodate/disk.img}
[SHELL OUT]: [C:\GitHub\BlockyOS\tools\filesystem\frat.c:61]  >>  Found Partition: 526336:788479
[SHELL OUT]: [Parent:00007ff62846e131] >>  C:/GitHub/BlockyOS/Build/Build-nodate/disk.img  ConfBlockSize: 2048    Starting Disk Env ID: 
[SHELL OUT]: [C:\GitHub\BlockyOS\tools\filesystem\frat.c:97]  >>  Format Target: 526336:788479 -> 262143 Blocks
[SHELL OUT]:     Version-Code: [0:1]
[SHELL OUT]:     Configured Block-Size: 2048
[SHELL OUT]:     Configured Cluster-Size: 2560
[SHELL OUT]:     Configured # of Log-Sectors: 32
[SHELL OUT]:     Configured Log-Size: 576
[SHELL OUT]: Writing Bytes
[SHELL OUT]: [Parent:00007ff62846e454] >> Writing [36 bytes(s)->1 block(s)] to LBA[526336(1077936128)-526337(1077938176)]
[SHELL OUT]: Writing Bytes
[SHELL OUT]: [Parent:00007ff62846e4b1] >> Writing [65536 bytes(s)->32 block(s)] to LBA[526337(1077938176)-526369(1078003712)]
[SHELL OUT]: Writing Bytes
[SHELL OUT]: [Parent:00007ff62846e5c5] >> Writing [5242880 bytes(s)->2560 block(s)] to LBA[526370(1078005760)-528930(1083248640)]
[SHELL OUT]: Closing Disk Interface >> {C:/GitHub/BlockyOS/Build/Build-nodate/disk.img}
[SHELL OUT]: [C:\GitHub\BlockyOS\tools\filesystem\frat.c:128]  >>  Formatted Partition
[SHELL OUT]: [C:\GitHub\BlockyOS\tools\filesystem\frat.c:193]  >>  Mounting FS Root: [C:/GitHub/BlockyOS/Build/Build-nodate/disk.img]
[SHELL OUT]: Verifying Disk GPT
[SHELL OUT]: [Parent:00007ff62846d8f9] >>  C:/GitHub/BlockyOS/Build/Build-nodate/disk.img  ConfBlockSize: 512    Starting Disk Env ID: 
[SHELL OUT]: Reading Bytes
[SHELL OUT]: [Parent:00007ff62846d914] >> Reading [92 bytes(s)->1 block(s)] to LBA[1(512)-2(1024)]
[SHELL OUT]: GPT Dump:
[SHELL OUT]:     Sig: "EFI PART"
[SHELL OUT]:     Rev: 65536
[SHELL OUT]:     Header-Size: 92
[SHELL OUT]:     Header Checksum: 1671478813
[SHELL OUT]:     localLBA: 1
[SHELL OUT]:     altLBA: 788482
[SHELL OUT]:     firstUsable: 2048
[SHELL OUT]:     lastUsable: 788480
[SHELL OUT]:     Disk-GUID: 
[SHELL OUT]:     Partition-Table: 2
[SHELL OUT]:     # of Partition-Entries: 3
[SHELL OUT]:     Partition-Entry Size: 128
[SHELL OUT]:     Partition-Table Checksum: 2610811153
[SHELL OUT]: Closing Disk Interface >> {C:/GitHub/BlockyOS/Build/Build-nodate/disk.img}
[SHELL OUT]: GPT Exists? true
[SHELL OUT]: [Parent:00007ff62846ee8f] >>  C:/GitHub/BlockyOS/Build/Build-nodate/disk.img  ConfBlockSize: 512    Starting Disk Env ID: 
[SHELL OUT]: Reading Bytes
[SHELL OUT]: [Parent:00007ff62846eeb0] >> Reading [92 bytes(s)->1 block(s)] to LBA[1(512)-2(1024)]
[SHELL OUT]: [C:\GitHub\BlockyOS\tools\filesystem\frat.c:134]  >>  Querying Part Table
[SHELL OUT]: Reading Bytes
[SHELL OUT]: [Parent:00007ff62846e700] >> Reading [384 bytes(s)->1 block(s)] to LBA[2(1024)-3(1536)]
[SHELL OUT]: [C:\GitHub\BlockyOS\tools\filesystem\frat.c:142]  >>  GPT-Entry: BOOT{2048:526335 -> 524287}
[SHELL OUT]: [C:\GitHub\BlockyOS\tools\filesystem\frat.c:156]  >>  Querying FS at 2048
[SHELL OUT]: Reading Bytes
[SHELL OUT]: [Parent:00007ff62846eba4] >> Reading [36 bytes(s)->1 block(s)] to LBA[2048(1048576)-2049(1049088)]
[SHELL OUT]: FS-Root Blob:
[SHELL OUT]:     Version: [0:0]
[SHELL OUT]:     Sig: 
[SHELL OUT]:     Configured Log Sectors: 0
[SHELL OUT]:     Configured Block Size: 0
[SHELL OUT]:     Configured Cluster-Map Size: 0
[SHELL OUT]: [C:\GitHub\BlockyOS\tools\filesystem\frat.c:142]  >>  GPT-Entry: ROOT{526336:788479 -> 262143}
[SHELL OUT]: [C:\GitHub\BlockyOS\tools\filesystem\frat.c:156]  >>  Querying FS at 526336
[SHELL OUT]: Reading Bytes
[SHELL OUT]: [Parent:00007ff62846eba4] >> Reading [36 bytes(s)->1 block(s)] to LBA[526336(269484032)-526337(269484544)]
[SHELL OUT]: FS-Root Blob:
[SHELL OUT]:     Version: [0:0]
[SHELL OUT]:     Sig: 
[SHELL OUT]:     Configured Log Sectors: 0
[SHELL OUT]:     Configured Block Size: 0
[SHELL OUT]:     Configured Cluster-Map Size: 0
[SHELL OUT]: [C:\GitHub\BlockyOS\tools\filesystem\frat.c:142]  >>  GPT-Entry: TEST{788480:788480 -> 0}
[SHELL OUT]: [C:\GitHub\BlockyOS\tools\filesystem\frat.c:156]  >>  Querying FS at 788480
[SHELL OUT]: Reading Bytes
[SHELL OUT]: [Parent:00007ff62846eba4] >> Reading [36 bytes(s)->1 block(s)] to LBA[788480(403701760)-788481(403702272)]
[SHELL OUT]: FS-Root Blob:
[SHELL OUT]:     Version: [0:0]
[SHELL OUT]:     Sig: 
[SHELL OUT]:     Configured Log Sectors: 0
[SHELL OUT]:     Configured Block Size: 0
[SHELL OUT]:     Configured Cluster-Map Size: 0
[SHELL OUT]: [2]: "Failed to load Partition"
[SHELL OUT]: >> 
[SHELL OUT]: >> 
[SHELL OUT]: >> 
[SHELL OUT]: [2]: "Dependency e.mount has not been defined"
[SHELL OUT]: >> 
[SHELL OUT]: >> 
Initializing CGCC.MAKE build process...
Skipping C:\GitHub\BlockyOS\src\kernel\libcrt\hardware\RNG\RNG.asm - up to date; source=2026-09-02T19:29:50.4588980Z, stored=09/02/2026 19:29:50
Skipping C:\GitHub\BlockyOS\src\kernel\libcrt\hardware\RNG\RNG.c - up to date; source=2026-09-01T19:51:35.2375749Z, stored=09/01/2026 19:51:35
Skipping C:\GitHub\BlockyOS\src\kernel\libcrt\hardware\GDT\GDT.asm - up to date; source=2026-09-02T19:29:50.4759038Z, stored=09/02/2026 19:29:50
Skipping C:\GitHub\BlockyOS\src\kernel\libcrt\hardware\GDT\GDT.c - up to date; source=2026-08-31T20:29:21.6186178Z, stored=08/31/2026 20:29:21
Skipping C:\GitHub\BlockyOS\src\kernel\libcrt\hardware\paging\paging.asm - up to date; source=2026-09-02T19:29:50.4619061Z, stored=09/02/2026 19:29:50
Skipping C:\GitHub\BlockyOS\src\kernel\libcrt\hardware\paging\paging.c - up to date; source=2026-09-01T20:10:14.1486119Z, stored=09/01/2026 20:10:14
Skipping C:\GitHub\BlockyOS\src\kernel\libcrt\hardware\SSE\SSE.asm - up to date; source=2026-09-02T19:29:50.4759038Z, stored=09/02/2026 19:29:50
Skipping C:\GitHub\BlockyOS\src\kernel\libcrt\hardware\SSE\SSE.c - up to date; source=2026-09-01T15:31:49.0191638Z, stored=09/01/2026 15:31:49
Skipping C:\GitHub\BlockyOS\src\kernel\libcrt\memory\memory.c - up to date; source=2026-09-01T14:27:41.5007315Z, stored=09/01/2026 14:27:41
Skipping C:\GitHub\BlockyOS\src\kernel\libcrt\memory\string.c - up to date; source=2026-08-31T17:22:17.0368394Z, stored=08/31/2026 17:22:17
Skipping C:\GitHub\BlockyOS\src\kernel\libcrt\hardware\paging\palloc.c - up to date; source=2026-09-01T20:10:14.1506184Z, stored=09/01/2026 20:10:14
Skipping C:\GitHub\BlockyOS\src\kernel\libcrt\memory\allocator\palloc.c - up to date; source=2026-09-02T18:08:03.4509785Z, stored=09/02/2026 18:08:03
Skipping C:\GitHub\BlockyOS\src\kernel\libcrt\memory\allocator\mmalloc.c - up to date; source=2026-09-01T00:47:09.6602809Z, stored=09/01/2026 00:47:09
Skipping C:\GitHub\BlockyOS\src\kernel\libcrt\math\math.c - up to date; source=2026-09-02T20:24:18.8720404Z, stored=09/02/2026 20:24:18
Skipping C:\GitHub\BlockyOS\src\kernel\libcrt\hardware\IO\IO.asm - up to date; source=2026-09-02T19:29:50.4759038Z, stored=09/02/2026 19:29:50
Skipping C:\GitHub\BlockyOS\src\kernel\libcrt\hardware\IDT\IDT.asm - up to date; source=2026-09-02T19:29:50.4759038Z, stored=09/02/2026 19:29:50
Skipping C:\GitHub\BlockyOS\src\kernel\libcrt\hardware\IDT\ISR.asm - up to date; source=2026-09-02T19:08:06.2288527Z, stored=09/02/2026 19:08:06
Skipping C:\GitHub\BlockyOS\src\kernel\libcrt\hardware\IDT\ISR.c - up to date; source=2026-09-02T18:48:44.0968136Z, stored=09/02/2026 18:48:44
Skipping C:\GitHub\BlockyOS\src\kernel\libcrt\hardware\ACPI\ACPI.c - up to date; source=2026-08-31T20:25:27.3210120Z, stored=08/31/2026 20:25:27
Skipping C:\GitHub\BlockyOS\src\kernel\libcrt\hardware\IDT\APIC\APIC.c - up to date; source=2026-08-31T17:22:17.1088393Z, stored=08/31/2026 17:22:17
Skipping C:\GitHub\BlockyOS\src\kernel\libcrt\hardware\IDT\APIC\IOAPIC.c - up to date; source=2026-08-31T23:06:36.2138524Z, stored=08/31/2026 23:06:36
Skipping C:\GitHub\BlockyOS\src\kernel\libcrt\hardware\IDT\APIC\LocalAPIC.c - up to date; source=2026-09-01T14:06:58.1209403Z, stored=09/01/2026 14:06:58
Skipping C:\GitHub\BlockyOS\src\kernel\libcrt\hardware\IDT\APIC\LocalAPICTimer.c - up to date; source=2026-09-01T19:52:35.3774846Z, stored=09/01/2026 19:52:35
Skipping C:\GitHub\BlockyOS\src\kernel\libcrt\hardware\hardware.c - up to date; source=2026-09-01T16:46:09.0571163Z, stored=09/01/2026 16:46:09
Skipping C:\GitHub\BlockyOS\src\kernel\libcrt\BLAKE2\blake2b-ref.c - up to date; source=2026-08-31T20:05:16.6578387Z, stored=08/31/2026 20:05:16
Skipping C:\GitHub\BlockyOS\src\kernel\libcrt\BLAKE2\blake2bp-ref.c - up to date; source=2026-08-31T20:05:20.6816175Z, stored=08/31/2026 20:05:20
Skipping C:\GitHub\BlockyOS\src\kernel\libcrt\BLAKE2\blake2s-ref.c - up to date; source=2026-08-31T20:05:24.7027041Z, stored=08/31/2026 20:05:24
Skipping C:\GitHub\BlockyOS\src\kernel\libcrt\BLAKE2\blake2sp-ref.c - up to date; source=2026-08-31T20:05:27.6610089Z, stored=08/31/2026 20:05:27
Skipping C:\GitHub\BlockyOS\src\kernel\libcrt\BLAKE2\blake2xb-ref.c - up to date; source=2026-09-01T14:03:25.3444410Z, stored=09/01/2026 14:03:25
Skipping C:\GitHub\BlockyOS\src\kernel\libcrt\BLAKE2\blake2xs-ref.c - up to date; source=2026-08-31T17:22:17.0728377Z, stored=08/31/2026 17:22:17
Skipping C:\GitHub\BlockyOS\src\kernel\libcrt\hardware\PCIe\PCIe.c - up to date; source=2026-08-31T23:54:42.2532022Z, stored=08/31/2026 23:54:42
Skipping C:\GitHub\BlockyOS\src\kernel\libcrt\hardware\SSE\UTILS.asm - up to date; source=2026-09-01T00:20:39.1738118Z, stored=09/01/2026 00:20:39
Skipping C:\GitHub\BlockyOS\src\kernel\libcrt\alibcrt.def - up to date; source=2026-09-01T20:03:41.5382359Z, stored=09/01/2026 20:03:41
gcc C:\GitHub\BlockyOS\compile\cache\asm.RNG.o C:\GitHub\BlockyOS\compile\cache\c.RNG.o C:\GitHub\BlockyOS\compile\cache\asm.GDT.o C:\GitHub\BlockyOS\compile\cache\c.GDT.o C:\GitHub\BlockyOS\compile\cache\asm.paging.o C:\GitHub\BlockyOS\compile\cache\c.paging.o C:\GitHub\BlockyOS\compile\cache\asm.SSE.o C:\GitHub\BlockyOS\compile\cache\c.SSE.o C:\GitHub\BlockyOS\compile\cache\c.memory.o C:\GitHub\BlockyOS\compile\cache\c.string.o C:\GitHub\BlockyOS\compile\cache\c.palloc.o C:\GitHub\BlockyOS\compile\cache\c.palloc(1).o C:\GitHub\BlockyOS\compile\cache\c.mmalloc.o C:\GitHub\BlockyOS\compile\cache\c.math.o C:\GitHub\BlockyOS\compile\cache\asm.IO.o C:\GitHub\BlockyOS\compile\cache\asm.IDT.o C:\GitHub\BlockyOS\compile\cache\asm.ISR.o C:\GitHub\BlockyOS\compile\cache\c.ISR.o C:\GitHub\BlockyOS\compile\cache\c.ACPI.o C:\GitHub\BlockyOS\compile\cache\c.APIC.o C:\GitHub\BlockyOS\compile\cache\c.IOAPIC.o C:\GitHub\BlockyOS\compile\cache\c.LocalAPIC.o C:\GitHub\BlockyOS\compile\cache\c.LocalAPICTimer.o C:\GitHub\BlockyOS\compile\cache\c.hardware.o C:\GitHub\BlockyOS\compile\cache\c.blake2b-ref.o C:\GitHub\BlockyOS\compile\cache\c.blake2bp-ref.o C:\GitHub\BlockyOS\compile\cache\c.blake2s-ref.o C:\GitHub\BlockyOS\compile\cache\c.blake2sp-ref.o C:\GitHub\BlockyOS\compile\cache\c.blake2xb-ref.o C:\GitHub\BlockyOS\compile\cache\c.blake2xs-ref.o C:\GitHub\BlockyOS\compile\cache\c.PCIe.o C:\GitHub\BlockyOS\compile\cache\asm.UTILS.o C:/GitHub/BlockyOS/src/kernel/libcrt/alibcrt.def -Wl,-flinker-output=dyn -Wl,-nostdlib -Wl,--emit-relocs -Wl,-shared -Wl,-Bsymbolic -Wl,-Map,C:\GitHub\BlockyOS\src\kernel\libcrt\alibcrt.map -fdiagnostics-color=always -fno-diagnostics-show-highlight-colors -nostartfiles -nodefaultlibs -o C:/GitHub/BlockyOS/Build/Build-nodate/root-part/libcrt.dll
Build finished successfully -> C:/GitHub/BlockyOS/Build/Build-nodate/root-part/libcrt.dll


[SHELL]	PE2EXEC.MAKE
C:\GitHub\BlockyOS\tools\executable-format\exechandler.exe C:/GitHub/BlockyOS/Build/Build-nodate/root-part/libcrt.dll C:/GitHub/BlockyOS/Build/Build-nodate/root-part/libcrt.service -od -L C:/GitHub/BlockyOS/src/kernel/libcrt/alibcrt.log

[(null):1522074224:DumpBeHeader]	Writing 2143188680771 bytes to 4096
[(null):1522074224:DumpBeHeader]	Writing 140716013518915 bytes to 140716013522944
[(null):1522074224:DumpBeHeader]	Writing 140716013518915 bytes to 140716013522944
[(null):1522074224:DumpBeHeader]	Writing 140716013518915 bytes to 140716013522944
[(null):1522074224:DumpBeHeader]	Writing 140716013518915 bytes to 140716013522944
[C:\GitHub\BlockyOS\tools\executable-format\exec.c:679:CreateResourceSection]
[(null):1522074224:DumpBeHeader]	Writing 140716013518915 bytes to 140716013522944
[C:\GitHub\BlockyOS\tools\executable-format\exec.c:723:CreateResourceSection]
[(null):1522074224:DumpBeHeader]	Writing 140716013518915 bytes to 140716013522944
[C:\GitHub\BlockyOS\tools\executable-format\exec.c:746:CreateResourceSection]
[(null):1522074224:DumpBeHeader]	Writing 140716013518915 bytes to 140716013522944
[(null):1522074224:DumpBeHeader]	Writing 140716013518915 bytes to 140716013522944
[C:\GitHub\BlockyOS\Build\Build-nodate\root-part\libcrt.service]
Header: {
  .Magic	17730
  .SystemSection	.rsrc
  .NSections	9
  .RawHeaderSize	4096
  .SectionTabeOffset	52
    [0]: {
      .Magic	0
      .Name	
      .Flags	(null)
      .Alignment	0
      .VirtualAddress	0
      .VirtualSize	0
      .RawPointer	0
      .RawSize	0
      {
        
        
        
        
      }
    
    [1]: {
      .Magic	5457218
      .Name	.code
      .Flags	SFExecutable SFReadable 
      .Alignment	4
      .VirtualAddress	4096
      .VirtualSize	135952
      .RawPointer	4104
      .RawSize	136192
[C:\GitHub\BlockyOS\tools\executable-format\exec.c:145:ReadSection]	Reading 136192 from 4104
      {
        b8 00 00 c1 e3 00 00 f8 
        07 b9 00 eb 01 b9 00 72 
        00 00 0f 12 00 64 0f 07 
        00 00 a2 81 00 00 c7 e2 
      }
    
    [2]: {
      .Magic	5457218
      .Name	.data
      .Flags	SFInitData SFReadable SFWritable 
      .Alignment	4
      .VirtualAddress	143360
      .VirtualSize	2240
      .RawPointer	140296
      .RawSize	2560
[C:\GitHub\BlockyOS\tools\executable-format\exec.c:145:ReadSection]	Reading 2560 from 140296
      {
        53 53 00 33 53 53 2e 53 
        53 53 53 00 45 53 31 45 
        45 45 53 53 33 45 00 34 
        00 32 45 53 00 34 53 2e 
      }
    
    [3]: {
      .Magic	5457218
      .Name	.rodata
      .Flags	SFInitData SFReadable 
      .Alignment	4
      .VirtualAddress	147456
      .VirtualSize	5536
      .RawPointer	142856
      .RawSize	5632
[C:\GitHub\BlockyOS\tools\executable-format\exec.c:145:ReadSection]	Reading 5632 from 142856
      {
        10 01 2c 01 48 01 64 01 
        f0 00 f3 00 f6 00 f9 00 
        01 00 01 00 01 00 01 00 
        80 00 80 00 80 00 80 00 
      }
    
    [4]: {
      .Magic	5457218
      .Name	.RelS
      .Flags	SFInitData SFReadable 
      .Alignment	4
      .VirtualAddress	0
      .VirtualSize	2696
      .RawPointer	148488
      .RawSize	2696
[C:\GitHub\BlockyOS\tools\executable-format\exec.c:145:ReadSection]	Reading 2696 from 148488
      Header: {
        .DirectoryTable	148508
        .UnusedBytes	150672
        .NRelocationDirectories	2143188680709
        [0]: {
          .BaseAddress	12288
          .DirectorySize	76(16 Entries)
             [0]: {
            .Type	BRET64
            .Offset	1626(0x365A)
          } [1]: {
            .Type	BRET64
            .Offset	1650(0x3672)
          } [2]: {
            .Type	BRET64
            .Offset	1674(0x368A)
          } [3]: {
            .Type	BRET64
            .Offset	1698(0x36A2)
          } [4]: {
            .Type	BRET64
            .Offset	1722(0x36BA)
          } [5]: {
            .Type	BRET64
            .Offset	1746(0x36D2)
          } [6]: {
            .Type	BRET64
            .Offset	1770(0x36EA)
          } [7]: {
            .Type	BRET64
            .Offset	1794(0x3702)
          }
        }
        [1]: {
          .BaseAddress	143360
          .DirectorySize	1004(248 Entries)
             [0]: {
            .Type	BRET64
            .Offset	192(0x230C0)
          } [1]: {
            .Type	BRET64
            .Offset	200(0x230C8)
          } [2]: {
            .Type	BRET64
            .Offset	208(0x230D0)
          } [3]: {
            .Type	BRET64
            .Offset	216(0x230D8)
          } [4]: {
            .Type	BRET64
            .Offset	224(0x230E0)
          } [5]: {
            .Type	BRET64
            .Offset	232(0x230E8)
          } [6]: {
            .Type	BRET64
            .Offset	240(0x230F0)
          } [7]: {
            .Type	BRET64
            .Offset	248(0x230F8)
          }
        }
        [2]: {
          .BaseAddress	147456
          .DirectorySize	1044(258 Entries)
             [0]: {
            .Type	BRET64
            .Offset	0(0x24000)
          } [1]: {
            .Type	BRET64
            .Offset	8(0x24008)
          } [2]: {
            .Type	BRET64
            .Offset	16(0x24010)
          } [3]: {
            .Type	BRET64
            .Offset	24(0x24018)
          } [4]: {
            .Type	BRET64
            .Offset	32(0x24020)
          } [5]: {
            .Type	BRET64
            .Offset	40(0x24028)
          } [6]: {
            .Type	BRET64
            .Offset	48(0x24030)
          } [7]: {
            .Type	BRET64
            .Offset	56(0x24038)
          }
        }
        [3]: {
          .BaseAddress	151552
          .DirectorySize	28(4 Entries)
             [0]: {
            .Type	BRET64
            .Offset	160(0x250A0)
          } [1]: {
            .Type	BRET64
            .Offset	192(0x250C0)
          } [2]: {
            .Type	BRET64
            .Offset	208(0x250D0)
          } [3]: {
            .Type	BRET64
            .Offset	224(0x250E0)
          }
        }
        [4]: {
          .BaseAddress	0
          .DirectorySize	12(0 Entries)
            
        }
      }
    
    [5]: {
      .Magic	5457218
      .Name	.ImportIn
      .Flags	SFInitData SFReadable 
      .Alignment	4
      .VirtualAddress	0
      .VirtualSize	0
      .RawPointer	151184
      .RawSize	20
[C:\GitHub\BlockyOS\tools\executable-format\exec.c:145:ReadSection]	Reading 20 from 151184
      Header: {
        .NDlls	0
        .DllImportPathTableRVO	151204
        .DllImportTableRVO	151204
      }
    
    [6]: {
      .Magic	5457218
      .Name	.ExportOut
      .Flags	SFInitData SFReadable 
      .Alignment	4
      .VirtualAddress	0
      .VirtualSize	0
      .RawPointer	151204
      .RawSize	4172
[C:\GitHub\BlockyOS\tools\executable-format\exec.c:145:ReadSection]	Reading 4172 from 151204
      Header: {
        .NExported	92
        .ExportTableRVO	151228
        .ExportNameRVO	154172
        .NExportAddresses	92[C:\GitHub\BlockyOS\tools\executable-format\exechandler.exe|-1073741819]

[C:\GitHub\BlockyOS\tools\executable-format\exec.c:177:WriteSection]	Writing 136192 to 4104
[C:\GitHub\BlockyOS\tools\executable-format\exec.c:177:WriteSection]	Writing 2560 to 140296
[C:\GitHub\BlockyOS\tools\executable-format\exec.c:177:WriteSection]	Writing 5632 to 142856
[C:\GitHub\BlockyOS\tools\executable-format\exec.c:177:WriteSection]	Writing 2696 to 148488
[C:\GitHub\BlockyOS\tools\executable-format\exec.c:177:WriteSection]	Writing 2696 to 148488
[C:\GitHub\BlockyOS\tools\executable-format\exec.c:681:CreateResourceSection]
[C:\GitHub\BlockyOS\tools\executable-format\exec.c:177:WriteSection]	Writing 20 to 151184
[C:\GitHub\BlockyOS\tools\executable-format\exec.c:725:CreateResourceSection]
[C:\GitHub\BlockyOS\tools\executable-format\exec.c:177:WriteSection]	Writing 20 to 151184
[C:\GitHub\BlockyOS\tools\executable-format\exec.c:177:WriteSection]	Writing 4172 to 151204
[C:\GitHub\BlockyOS\tools\executable-format\exec.c:177:WriteSection]	Writing 4172 to 151204
[C:\GitHub\BlockyOS\tools\executable-format\exec.c:748:CreateResourceSection]
[C:\GitHub\BlockyOS\tools\executable-format\exec.c:177:WriteSection]	Writing 9536 to 155376
[C:\GitHub\BlockyOS\tools\executable-format\exec.c:177:WriteSection]	Writing 4096 to 164912
[C:\GitHub\BlockyOS\Build\Build-nodate\root-part\libcrt.service]
Header: {
  .Magic	17730
  .SystemSection	.rsrc
  .NSections	9
  .RawHeaderSize	4096
  .SectionTabeOffset	52
    [0]: {
      .Magic	0
      .Name	
      .Flags	(null)
      .Alignment	0
      .VirtualAddress	0
      .VirtualSize	0
      .RawPointer	0
      .RawSize	0
      {
        
        
        
        
      }
    
    [1]: {
      .Magic	5457218
      .Name	.code
      .Flags	SFExecutable SFReadable 
      .Alignment	2143188680708
      .VirtualAddress	4096
      .VirtualSize	135952
      .RawPointer	4104
      .RawSize	136192
[C:\GitHub\BlockyOS\tools\executable-format\exec.c:147:ReadSection]	Reading 136192 from 4104
      {
        b8 00 00 c1 e3 00 00 f8 
        07 b9 00 eb 01 b9 00 72 
        00 00 0f 12 00 64 0f 07 
        00 00 a2 81 00 00 c7 e2 
      }
    
    [2]: {
      .Magic	5457218
      .Name	.data
      .Flags	SFInitData SFReadable SFWritable 
      .Alignment	2143188680708
      .VirtualAddress	143360
      .VirtualSize	2240
      .RawPointer	140296
      .RawSize	2560
[C:\GitHub\BlockyOS\tools\executable-format\exec.c:147:ReadSection]	Reading 2560 from 140296
      {
        53 53 00 33 53 53 2e 53 
        53 53 53 00 45 53 31 45 
        45 45 53 53 33 45 00 34 
        00 32 45 53 00 34 53 2e 
      }
    
    [3]: {
      .Magic	5457218
      .Name	.rodata
      .Flags	SFInitData SFReadable 
      .Alignment	2143188680708
      .VirtualAddress	147456
      .VirtualSize	5536
      .RawPointer	142856
      .RawSize	5632
[C:\GitHub\BlockyOS\tools\executable-format\exec.c:147:ReadSection]	Reading 5632 from 142856
      {
        10 01 2c 01 48 01 64 01 
        f0 00 f3 00 f6 00 f9 00 
        01 00 01 00 01 00 01 00 
        80 00 80 00 80 00 80 00 
      }
    
    [4]: {
      .Magic	5457218
      .Name	.RelS
      .Flags	SFInitData SFReadable 
      .Alignment	2143188680708
      .VirtualAddress	0
      .VirtualSize	2696
      .RawPointer	148488
      .RawSize	2696
[C:\GitHub\BlockyOS\tools\executable-format\exec.c:147:ReadSection]	Reading 2696 from 148488
      Header: {
        .DirectoryTable	148508
        .UnusedBytes	150672
        .NRelocationDirectories	5
        [0]: {
          .BaseAddress	12288
          .DirectorySize	76(16 Entries)
             [0]: {
            .Type	BRET64
            .Offset	1626(0x365A)
          } [1]: {
            .Type	BRET64
            .Offset	1650(0x3672)
          } [2]: {
            .Type	BRET64
            .Offset	1674(0x368A)
          } [3]: {
            .Type	BRET64
            .Offset	1698(0x36A2)
          } [4]: {
            .Type	BRET64
            .Offset	1722(0x36BA)
          } [5]: {
            .Type	BRET64
            .Offset	1746(0x36D2)
          } [6]: {
            .Type	BRET64
            .Offset	1770(0x36EA)
          } [7]: {
         
[SHELL]	FSFRAT.OPEN
[SHELL]	FSFRAT.MOUNT
[SHELL]	FSFRAT.WRITE
[SHELL OUT]: FSFRAT DRIVER
[SHELL OUT]: >> 
[SHELL OUT]: [C:\GitHub\BlockyOS\tools\filesystem\frat.c:193]  >>  Mounting FS Root: [C:/GitHub/BlockyOS/Build/Build-nodate/disk.img]
[SHELL OUT]: Verifying Disk GPT
[SHELL OUT]: [Parent:00007ff62846d8f9] >>  C:/GitHub/BlockyOS/Build/Build-nodate/disk.img  ConfBlockSize: 512    Starting Disk Env ID: 
[SHELL OUT]: Reading Bytes
[SHELL OUT]: [Parent:00007ff62846d914] >> Reading [92 bytes(s)->1 block(s)] to LBA[1(512)-2(1024)]
[SHELL OUT]: GPT Dump:
[SHELL OUT]:     Sig: "EFI PART"
[SHELL OUT]:     Rev: 65536
[SHELL OUT]:     Header-Size: 92
[SHELL OUT]:     Header Checksum: 1671478813
[SHELL OUT]:     localLBA: 1
[SHELL OUT]:     altLBA: 788482
[SHELL OUT]:     firstUsable: 2048
[SHELL OUT]:     lastUsable: 788480
[SHELL OUT]:     Disk-GUID: 
[SHELL OUT]:     Partition-Table: 2
[SHELL OUT]:     # of Partition-Entries: 3
[SHELL OUT]:     Partition-Entry Size: 128
[SHELL OUT]:     Partition-Table Checksum: 2610811153
[SHELL OUT]: Closing Disk Interface >> {C:/GitHub/BlockyOS/Build/Build-nodate/disk.img}
[SHELL OUT]: GPT Exists? true
[SHELL OUT]: [Parent:00007ff62846ee8f] >>  C:/GitHub/BlockyOS/Build/Build-nodate/disk.img  ConfBlockSize: 512    Starting Disk Env ID: 
[SHELL OUT]: Reading Bytes
[SHELL OUT]: [Parent:00007ff62846eeb0] >> Reading [92 bytes(s)->1 block(s)] to LBA[1(512)-2(1024)]
[SHELL OUT]: [C:\GitHub\BlockyOS\tools\filesystem\frat.c:134]  >>  Querying Part Table
[SHELL OUT]: Reading Bytes
[SHELL OUT]: [Parent:00007ff62846e700] >> Reading [384 bytes(s)->1 block(s)] to LBA[2(1024)-3(1536)]
[SHELL OUT]: [C:\GitHub\BlockyOS\tools\filesystem\frat.c:142]  >>  GPT-Entry: BOOT{2048:526335 -> 524287}
[SHELL OUT]: [C:\GitHub\BlockyOS\tools\filesystem\frat.c:156]  >>  Querying FS at 2048
[SHELL OUT]: Reading Bytes
[SHELL OUT]: [Parent:00007ff62846eba4] >> Reading [36 bytes(s)->1 block(s)] to LBA[2048(1048576)-2049(1049088)]
[SHELL OUT]: FS-Root Blob:
[SHELL OUT]:     Version: [0:0]
[SHELL OUT]:     Sig: 
[SHELL OUT]:     Configured Log Sectors: 0
[SHELL OUT]:     Configured Block Size: 0
[SHELL OUT]:     Configured Cluster-Map Size: 0
[SHELL OUT]: [C:\GitHub\BlockyOS\tools\filesystem\frat.c:142]  >>  GPT-Entry: ROOT{526336:788479 -> 262143}
[SHELL OUT]: [C:\GitHub\BlockyOS\tools\filesystem\frat.c:156]  >>  Querying FS at 526336
[SHELL OUT]: Reading Bytes
[SHELL OUT]: [Parent:00007ff62846eba4] >> Reading [36 bytes(s)->1 block(s)] to LBA[526336(269484032)-526337(269484544)]
[SHELL OUT]: FS-Root Blob:
[SHELL OUT]:     Version: [0:0]
[SHELL OUT]:     Sig: 
[SHELL OUT]:     Configured Log Sectors: 0
[SHELL OUT]:     Configured Block Size: 0
[SHELL OUT]:     Configured Cluster-Map Size: 0
[SHELL OUT]: [C:\GitHub\BlockyOS\tools\filesystem\frat.c:142]  >>  GPT-Entry: TEST{788480:788480 -> 0}
[SHELL OUT]: [C:\GitHub\BlockyOS\tools\filesystem\frat.c:156]  >>  Querying FS at 788480
[SHELL OUT]: Reading Bytes
[SHELL OUT]: [Parent:00007ff62846eba4] >> Reading [36 bytes(s)->1 block(s)] to LBA[788480(403701760)-788481(403702272)]
[SHELL OUT]: FS-Root Blob:
[SHELL OUT]:     Version: [0:0]
[SHELL OUT]:     Sig: 
[SHELL OUT]:     Configured Log Sectors: 0
[SHELL OUT]:     Configured Block Size: 0
[SHELL OUT]:     Configured Cluster-Map Size: 0
[SHELL OUT]: [C:\GitHub\BlockyOS\tools\filesystem\frat.c:84]  >>  Formatting Partition:    ROOT
[SHELL OUT]: Reading Bytes
[SHELL OUT]: [Parent:00007ff62846d914] >> Reading [92 bytes(s)->1 block(s)] to LBA[1(512)-2(1024)]
[SHELL OUT]: GPT Dump:
[SHELL OUT]:     Sig: "EFI PART"
[SHELL OUT]:     Rev: 65536
[SHELL OUT]:     Header-Size: 92
[SHELL OUT]:     Header Checksum: 1671478813
[SHELL OUT]:     localLBA: 1
[SHELL OUT]:     altLBA: 788482
[SHELL OUT]:     firstUsable: 2048
[SHELL OUT]:     lastUsable: 788480
[SHELL OUT]:     Disk-GUID: 
[SHELL OUT]:     Partition-Table: 2
[SHELL OUT]:     # of Partition-Entries: 3
[SHELL OUT]:     Partition-Entry Size: 128
[SHELL OUT]:     Partition-Table Checksum: 2610811153
[SHELL OUT]: Closing Disk Interface >> {C:/GitHub/BlockyOS/Build/Build-nodate/disk.img}
[SHELL OUT]: GPT Exists? true
[SHELL OUT]: [Parent:00007ff62846dc62] >>  C:/GitHub/BlockyOS/Build/Build-nodate/disk.img  ConfBlockSize: 512    Starting Disk Env ID: 
[SHELL OUT]: Reading Bytes
[SHELL OUT]: [Parent:00007ff62846dc83] >> Reading [92 bytes(s)->1 block(s)] to LBA[1(512)-2(1024)]
[SHELL OUT]: Reading Bytes
[SHELL OUT]: [C:\GitHub\BlockyOS\tools\filesystem\frat.c:48]  >>  Loading Partition:    ROOT
[SHELL OUT]: Verifying Disk GPT
[SHELL OUT]: [Parent:00007ff62846dcba] >> Reading [384 bytes(s)->1 block(s)] to LBA[2(1024)-3(1536)]
[SHELL OUT]: [Parent:00007ff62846d8f9] >>  C:/GitHub/BlockyOS/Build/Build-nodate/disk.img  ConfBlockSize: 512    Starting Disk Env ID: 
[SHELL OUT]: Closing Disk Interface >> {C:/GitHub/BlockyOS/Build/Build-nodate/disk.img}
[SHELL OUT]: [C:\GitHub\BlockyOS\tools\filesystem\frat.c:61]  >>  Found Partition: 526336:788479
[SHELL OUT]: [Parent:00007ff62846e131] >>  C:/GitHub/BlockyOS/Build/Build-nodate/disk.img  ConfBlockSize: 2048    Starting Disk Env ID: 
[SHELL OUT]: [C:\GitHub\BlockyOS\tools\filesystem\frat.c:97]  >>  Format Target: 526336:788479 -> 262143 Blocks
[SHELL OUT]:     Version-Code: [0:1]
[SHELL OUT]:     Configured Block-Size: 2048
[SHELL OUT]:     Configured Cluster-Size: 2560
[SHELL OUT]:     Configured # of Log-Sectors: 32
[SHELL OUT]:     Configured Log-Size: 576
[SHELL OUT]: Writing Bytes
[SHELL OUT]: [Parent:00007ff62846e454] >> Writing [36 bytes(s)->1 block(s)] to LBA[526336(1077936128)-526337(1077938176)]
[SHELL OUT]: Writing Bytes
[SHELL OUT]: [Parent:00007ff62846e4b1] >> Writing [65536 bytes(s)->32 block(s)] to LBA[526337(1077938176)-526369(1078003712)]
[SHELL OUT]: Writing Bytes
[SHELL OUT]: [Parent:00007ff62846e5c5] >> Writing [5242880 bytes(s)->2560 block(s)] to LBA[526370(1078005760)-528930(1083248640)]
[SHELL OUT]: Closing Disk Interface >> {C:/GitHub/BlockyOS/Build/Build-nodate/disk.img}
[SHELL OUT]: [C:\GitHub\BlockyOS\tools\filesystem\frat.c:128]  >>  Formatted Partition
[SHELL OUT]: Verifying Disk GPT
[SHELL OUT]: [C:\GitHub\BlockyOS\tools\filesystem\frat.c:193]  >>  Mounting FS Root: [C:/GitHub/BlockyOS/Build/Build-nodate/disk.img]
[SHELL OUT]: [Parent:00007ff62846d8f9] >>  C:/GitHub/BlockyOS/Build/Build-nodate/disk.img  ConfBlockSize: 512    Starting Disk Env ID: 
[SHELL OUT]: Reading Bytes
[SHELL OUT]: [Parent:00007ff62846d914] >> Reading [92 bytes(s)->1 block(s)] to LBA[1(512)-2(1024)]
[SHELL OUT]: GPT Dump:
[SHELL OUT]:     Sig: "EFI PART"
[SHELL OUT]:     Rev: 65536
[SHELL OUT]:     Header-Size: 92
[SHELL OUT]:     Header Checksum: 1671478813
[SHELL OUT]:     localLBA: 1
[SHELL OUT]:     altLBA: 788482
[SHELL OUT]:     firstUsable: 2048
[SHELL OUT]:     lastUsable: 788480
[SHELL OUT]:     Disk-GUID: 
[SHELL OUT]:     Partition-Table: 2
[SHELL OUT]:     # of Partition-Entries: 3
[SHELL OUT]:     Partition-Entry Size: 128
[SHELL OUT]:     Partition-Table Checksum: 2610811153
[SHELL OUT]: Closing Disk Interface >> {C:/GitHub/BlockyOS/Build/Build-nodate/disk.img}
[SHELL OUT]: GPT Exists? true
[SHELL OUT]: [Parent:00007ff62846ee8f] >>  C:/GitHub/BlockyOS/Build/Build-nodate/disk.img  ConfBlockSize: 512    Starting Disk Env ID: 
[SHELL OUT]: Reading Bytes
[SHELL OUT]: [Parent:00007ff62846eeb0] >> Reading [92 bytes(s)->1 block(s)] to LBA[1(512)-2(1024)]
[SHELL OUT]: [C:\GitHub\BlockyOS\tools\filesystem\frat.c:134]  >>  Querying Part Table
[SHELL OUT]: Reading Bytes
[SHELL OUT]: [Parent:00007ff62846e700] >> Reading [384 bytes(s)->1 block(s)] to LBA[2(1024)-3(1536)]
[SHELL OUT]: [C:\GitHub\BlockyOS\tools\filesystem\frat.c:142]  >>  GPT-Entry: BOOT{2048:526335 -> 524287}
[SHELL OUT]: [C:\GitHub\BlockyOS\tools\filesystem\frat.c:156]  >>  Querying FS at 2048
[SHELL OUT]: Reading Bytes
[SHELL OUT]: [Parent:00007ff62846eba4] >> Reading [36 bytes(s)->1 block(s)] to LBA[2048(1048576)-2049(1049088)]
[SHELL OUT]: FS-Root Blob:
[SHELL OUT]:     Version: [0:0]
[SHELL OUT]:     Sig: 
[SHELL OUT]:     Configured Log Sectors: 0
[SHELL OUT]:     Configured Block Size: 0
[SHELL OUT]:     Configured Cluster-Map Size: 0
[SHELL OUT]: [C:\GitHub\BlockyOS\tools\filesystem\frat.c:142]  >>  GPT-Entry: ROOT{526336:788479 -> 262143}
[SHELL OUT]: [C:\GitHub\BlockyOS\tools\filesystem\frat.c:156]  >>  Querying FS at 526336
[SHELL OUT]: Reading Bytes
[SHELL OUT]: [Parent:00007ff62846eba4] >> Reading [36 bytes(s)->1 block(s)] to LBA[526336(269484032)-526337(269484544)]
[SHELL OUT]: FS-Root Blob:
[SHELL OUT]:     Version: [0:0]
[SHELL OUT]:     Sig: 
[SHELL OUT]:     Configured Log Sectors: 0
[SHELL OUT]:     Configured Block Size: 0
[SHELL OUT]:     Configured Cluster-Map Size: 0
[SHELL OUT]: [C:\GitHub\BlockyOS\tools\filesystem\frat.c:142]  >>  GPT-Entry: TEST{788480:788480 -> 0}
[SHELL OUT]: [C:\GitHub\BlockyOS\tools\filesystem\frat.c:156]  >>  Querying FS at 788480
[SHELL OUT]: Reading Bytes
[SHELL OUT]: [Parent:00007ff62846eba4] >> Reading [36 bytes(s)->1 block(s)] to LBA[788480(403701760)-788481(403702272)]
[SHELL OUT]: FS-Root Blob:
[SHELL OUT]:     Version: [0:0]
[SHELL OUT]:     Sig: 
[SHELL OUT]:     Configured Log Sectors: 0
[SHELL OUT]:     Configured Block Size: 0
[SHELL OUT]:     Configured Cluster-Map Size: 0
[SHELL OUT]: [2]: "Failed to load Partition"
[SHELL OUT]: >> 
[SHELL OUT]: >> 
[SHELL OUT]: >> 
[SHELL OUT]: [2]: "Dependency e.mount has not been defined"
[SHELL OUT]: >> 
[SHELL OUT]: >> 
[SHELL OUT]: >> 
[SHELL OUT]: [2]: "Non-optional arg(s) not set"
[SHELL OUT]: >> 
[SHELL OUT]: >> 
