[SHELL]	SHELL.EXECUTE
False
False
False
0
[SHELL]	SHELL.EXECUTE
0
[SHELL]	SHELL.EXECUTE
False
False
False
0
[SHELL]	SHELL.EXECUTE
False
False
False
0
[SHELL]	SHELL.EXECUTE
0
[SHELL]	SHELL.EXECUTE
False
False
False
0
[SHELL]	SHELL.EXECUTE
False
False
False
0
[SHELL]	SHELL.EXECUTE
0
[SHELL]	SHELL.EXECUTE
False
False
False
0
[SHELL]	SHELL.EXECUTE
False
False
False
0
[SHELL]	SHELL.EXECUTE
0
[SHELL]	SHELL.EXECUTE
False
False
False
0
[SHELL]	SHELL.EXECUTE
False
False
False
0
[SHELL]	SHELL.EXECUTE
0
[SHELL]	SHELL.EXECUTE
False
False
False
0
[SHELL]	SHELL.EXECUTE
False
False
False
0
[SHELL]	SHELL.EXECUTE
0
[SHELL]	SHELL.EXECUTE
False
False
False
0
[SHELL]	SHELL.EXECUTE
False
False
False
0
[SHELL]	SHELL.EXECUTE
0
[SHELL]	SHELL.EXECUTE
False
False
False
0
[SHELL]	FSFRAT.MAKE
[SHELL]	FSFRAT.MOUNT
[SHELL]	e.disk -pp C:/GitHub/BlockyOS/Build/Build-nodate/disk.img -pt ROOT -bs 1024 -lb 10 -v 1:0
[SHELL OUT]:	
[SHELL OUT]:	FSFRAT DRIVER
[SHELL OUT]:	>> 
[SHELL OUT]:	[C:\GitHub\BlockyOS\tools\filesystem\frat.c:196]  >>  Mounting FS Root: [C:/GitHub/BlockyOS/Build/Build-nodate/disk.img]
[SHELL OUT]:	Verifying Disk GPT
[SHELL OUT]:	[Parent:00007ff79a7dd8ff] >>  C:/GitHub/BlockyOS/Build/Build-nodate/disk.img  Base: 0    ConfBlockSize: 512    Starting Disk Env ID: 
[SHELL OUT]:	Reading Bytes
[SHELL OUT]:	[Parent:00007ff79a7dd91a] >> Reading [92 bytes(s)->1 block(s)] from LBA[1(512)-2(1024)]
[SHELL OUT]:	GPT Dump:
[SHELL OUT]:	    Sig: "EFI PART"
[SHELL OUT]:	    Rev: 65536
[SHELL OUT]:	    Header-Size: 92
[SHELL OUT]:	    Header Checksum: 2621714706
[SHELL OUT]:	    localLBA: 1
[SHELL OUT]:	    altLBA: 2230273
[SHELL OUT]:	    firstUsable: 2048
[SHELL OUT]:	    lastUsable: 2230271
[SHELL OUT]:	    Disk-GUID: 
[SHELL OUT]:	    Partition-Table: 2
[SHELL OUT]:	    # of Partition-Entries: 2
[SHELL OUT]:	    Partition-Entry Size: 128
[SHELL OUT]:	    Partition-Table Checksum: 896708427
[SHELL OUT]:	Closing Disk Interface >> {C:/GitHub/BlockyOS/Build/Build-nodate/disk.img}
[SHELL OUT]:	GPT Exists? true
[SHELL OUT]:	[Parent:00007ff79a7deed9] >>  C:/GitHub/BlockyOS/Build/Build-nodate/disk.img  Base: 0    ConfBlockSize: 512    Starting Disk Env ID: 
[SHELL OUT]:	Reading Bytes
[SHELL OUT]:	[Parent:00007ff79a7deefa] >> Reading [92 bytes(s)->1 block(s)] from LBA[1(512)-2(1024)]
[SHELL OUT]:	[C:\GitHub\BlockyOS\tools\filesystem\frat.c:137]  >>  Querying Part Table
[SHELL OUT]:	Reading Bytes
[SHELL OUT]:	[Parent:00007ff79a7de73d] >> Reading [256 bytes(s)->1 block(s)] from LBA[2(1024)-3(1536)]
[SHELL OUT]:	[C:\GitHub\BlockyOS\tools\filesystem\frat.c:145]  >>  GPT-Entry: BOOT{2048:133119 -> 131071}
[SHELL OUT]:	[C:\GitHub\BlockyOS\tools\filesystem\frat.c:159]  >>  Querying FS at 2048
[SHELL OUT]:	Reading Bytes
[SHELL OUT]:	[Parent:00007ff79a7debe1] >> Reading [60 bytes(s)->1 block(s)] from LBA[2048(1048576)-2049(1049088)]
[SHELL OUT]:	FS-Root Blob:
[SHELL OUT]:	    Version: [0:131072]
[SHELL OUT]:	    Sig: 
[SHELL OUT]:	    Configured Log Sectors: 2
[SHELL OUT]:	    Configured Block Size: 0
[SHELL OUT]:	    Configured Cluster-Map Size: 16711743
[SHELL OUT]:	[C:\GitHub\BlockyOS\tools\filesystem\frat.c:145]  >>  GPT-Entry: ROOT{133120:2230271 -> 2097151}
[SHELL OUT]:	[C:\GitHub\BlockyOS\tools\filesystem\frat.c:159]  >>  Querying FS at 133120
[SHELL OUT]:	Reading Bytes
[SHELL OUT]:	[Parent:00007ff79a7debe1] >> Reading [60 bytes(s)->1 block(s)] from LBA[133120(68157440)-133121(68157952)]
[SHELL OUT]:	FS-Root Blob:
[SHELL OUT]:	    Version: [0:1]
[SHELL OUT]:	    Sig: FRAT_FILESYSTEM
[SHELL OUT]:	    Configured Log Sectors: 32
[SHELL OUT]:	    Configured Block Size: 2048
[SHELL OUT]:	    Configured Cluster-Map Size: 20480
[SHELL OUT]:	[C:\GitHub\BlockyOS\tools\filesystem\frat.c:184]  >>  FS Found at [133120]:
[SHELL OUT]:		Version-Code: [0:1]
[SHELL OUT]:		Configured Block-Size: 2048
[SHELL OUT]:		Configured Cluster-Size: 20480
[SHELL OUT]:		Configured # of Log-Sectors: 32
[SHELL OUT]:		Configured Log-Size: 576
[SHELL OUT]:	[C:\GitHub\BlockyOS\tools\filesystem\frat.c:210]  >>  Found Formatted Partition: 133120:2230271 -> 2097151
[SHELL OUT]:	Reading Bytes
[SHELL OUT]:	[Parent:00007ff79a7df05b] >> Reading [60 bytes(s)->1 block(s)] from LBA[133120(68157440)-133121(68157952)]
[SHELL OUT]:	[C:\GitHub\BlockyOS\tools\filesystem\frat.c:223]  >>  Root: 133120:2230271 -> 2097151 LBAs
[SHELL OUT]:		Version-Code: [0:1]
[SHELL OUT]:		Configured Block-Size: 2048
[SHELL OUT]:		Configured Cluster-Size: 20480
[SHELL OUT]:		Configured # of Log-Sectors: 20480
[SHELL OUT]:		Configured Log-Size: 32
[SHELL OUT]:	Reading Bytes
[SHELL OUT]:	[Parent:00007ff79a7df39f] >> Reading [65536 bytes(s)->128 block(s)] from LBA[133121(68159488)-133249(68421632)]
[SHELL OUT]:	Reading Bytes
[SHELL OUT]:	[Parent:00007ff79a7df44b] >> Reading [20480 bytes(s)->40 block(s)] from LBA[202752(210763776)-202792(210845696)]
[SHELL OUT]:	    Verifying FS Root Items #items: 1024
[SHELL OUT]:	Reading Bytes
[SHELL OUT]:	[Parent:00007ff79a7df6be] >> Reading [512 bytes(s)->4 block(s)] from LBA[225280(256901120)-225284(256909312)]
[SHELL OUT]:	Reading Bytes
[SHELL OUT]:	[Parent:00007ff79a7df6be] >> Reading [512 bytes(s)->4 block(s)] from LBA[225281(256903168)-225285(256911360)]
[SHELL OUT]:	Reading Bytes
[SHELL OUT]:	[Parent:00007ff79a7df6be] >> Reading [512 bytes(s)->4 block(s)] from LBA[225396(257138688)-225400(257146880)]
[SHELL OUT]:	Reading Bytes
[SHELL OUT]:	[Parent:00007ff79a7df6be] >> Reading [512 bytes(s)->4 block(s)] from LBA[225422(257191936)-225426(257200128)]
[SHELL OUT]:	Reading Bytes
[SHELL OUT]:	[Parent:00007ff79a7df6be] >> Reading [512 bytes(s)->4 block(s)] from LBA[225431(257210368)-225435(257218560)]
[SHELL OUT]:	Reading Bytes
[SHELL OUT]:	[Parent:00007ff79a7df6be] >> Reading [512 bytes(s)->4 block(s)] from LBA[225446(257241088)-225450(257249280)]
[SHELL OUT]:	Reading Bytes
[SHELL OUT]:	[Parent:00007ff79a7df6be] >> Reading [512 bytes(s)->4 block(s)] from LBA[225560(257474560)-225564(257482752)]
[SHELL OUT]:	Reading Bytes
[SHELL OUT]:	[Parent:00007ff79a7df6be] >> Reading [512 bytes(s)->4 block(s)] from LBA[225586(257527808)-225590(257536000)]
[SHELL OUT]:	Reading Bytes
[SHELL OUT]:	[Parent:00007ff79a7df6be] >> Reading [512 bytes(s)->4 block(s)] from LBA[225595(257546240)-225599(257554432)]
[SHELL OUT]:	Closing Disk Interface >> {C:/GitHub/BlockyOS/Build/Build-nodate/disk.img}
[SHELL OUT]:	[Parent:00007ff79a7e1926] >>  C:/GitHub/BlockyOS/Build/Build-nodate/disk.img  Base: 133120    ConfBlockSize: 2048    Starting Disk Env ID: 
[SHELL OUT]:	Writing Bytes
[SHELL OUT]:	[Parent:00007ff79a7e194f] >> Wrtiting [60 bytes(s)->4 block(s)] to LBA[133120(68157440)-133124(68165632)]
[SHELL OUT]:	Writing Bytes
[SHELL OUT]:	[Parent:00007ff79a7e1997] >> Wrtiting [20480 bytes(s)->40 block(s)] to LBA[202752(210763776)-202792(210845696)]
[SHELL OUT]:	Closing Disk Interface >> {C:/GitHub/BlockyOS/Build/Build-nodate/disk.img}
[SHELL OUT]:	[0]: ""
[SHELL]	create -la fc -p SYSD/ -n test.log
[SHELL OUT]:	
[SHELL OUT]:	>> 
[SHELL OUT]:	>> 
[SHELL OUT]:	000002143aba5ecb:fc	000002143aba5ed1:SYSD/	000002143aba5eda:test.log	
[SHELL OUT]:	[	SYSD/test.log]
[SHELL OUT]:	Mounting File [SYSD/test.log] with "fc"
[SHELL OUT]:	Creating File at: ./SYSD/test.log
[SHELL OUT]:	Root is 000002143aba9030
[SHELL OUT]:		Fcode: [17326495997843702475:275180975602787]
[SHELL OUT]:	Mounting Dir [SYSD] with Args: "dc"
[SHELL OUT]:	Root is 000002143aba9030
[SHELL OUT]:	Refreshing Dir SYSD
[SHELL OUT]:	[Parent:00007ff79a7e1a38] >>  C:/GitHub/BlockyOS/Build/Build-nodate/disk.img  Base: 133120    ConfBlockSize: 2048    Starting Disk Env ID: 
[SHELL OUT]:	Reading Bytes
[SHELL OUT]:	[Parent:00007ff79a7e1ae0] >> Reading [2048 bytes(s)->4 block(s)] from LBA[225282(256905216)-225286(256913408)]
[SHELL OUT]:	Closing Disk Interface >> {C:/GitHub/BlockyOS/Build/Build-nodate/disk.img}
[SHELL OUT]:	Adding Entry:[17326495997843702475:275180975602787] to Dir [SYSD:[655946151726387169:223579696255234]
[SHELL OUT]:	Refreshing Dir SYSD
[SHELL OUT]:	[Parent:00007ff79a7e1a38] >>  C:/GitHub/BlockyOS/Build/Build-nodate/disk.img  Base: 133120    ConfBlockSize: 2048    Starting Disk Env ID: 
[SHELL OUT]:	Reading Bytes
[SHELL OUT]:	[Parent:00007ff79a7e1ae0] >> Reading [2048 bytes(s)->4 block(s)] from LBA[225282(256905216)-225286(256913408)]
[SHELL OUT]:	Closing Disk Interface >> {C:/GitHub/BlockyOS/Build/Build-nodate/disk.img}
[SHELL OUT]:	Un-Mounting Directory [SYSD]
[SHELL OUT]:	[Parent:00007ff79a7e17ad] >>  C:/GitHub/BlockyOS/Build/Build-nodate/disk.img  Base: 133120    ConfBlockSize: 2048    Starting Disk Env ID: 
[SHELL OUT]:	[Parent:00007ff79a7e1926] >>  C:/GitHub/BlockyOS/Build/Build-nodate/disk.img  Base: 133120    ConfBlockSize: 2048    Starting Disk Env ID: 
[SHELL OUT]:	Writing Bytes
[SHELL OUT]:	[Parent:00007ff79a7e194f] >> Wrtiting [60 bytes(s)->4 block(s)] to LBA[133120(68157440)-133124(68165632)]
[SHELL OUT]:	Writing Bytes
[SHELL OUT]:	[Parent:00007ff79a7e1997] >> Wrtiting [20480 bytes(s)->40 block(s)] to LBA[202752(210763776)-202792(210845696)]
[SHELL OUT]:	Closing Disk Interface >> {C:/GitHub/BlockyOS/Build/Build-nodate/disk.img}
[SHELL OUT]:	Writing Bytes
[SHELL OUT]:	[Parent:00007ff79a7e18a4] >> Wrtiting [2048 bytes(s)->4 block(s)] to LBA[225282(256905216)-225286(256913408)]
[SHELL OUT]:	Closing Disk Interface >> {C:/GitHub/BlockyOS/Build/Build-nodate/disk.img}
[SHELL OUT]:	Initialising File MetaData: ./\SYSD/test.log
[SHELL OUT]:	[Parent:00007ff79a7e0a32] >>  C:/GitHub/BlockyOS/Build/Build-nodate/disk.img  Base: 133120    ConfBlockSize: 2048    Starting Disk Env ID: 
[SHELL OUT]:	Writing Bytes
[SHELL OUT]:	[Parent:00007ff79a7e0a71] >> Wrtiting [512 bytes(s)->4 block(s)] to LBA[225610(257576960)-225614(257585152)]
[SHELL OUT]:	Closing Disk Interface >> {C:/GitHub/BlockyOS/Build/Build-nodate/disk.img}
[SHELL OUT]:	Root is 000002143aba9030
[SHELL OUT]:	Un-Mounting File [17326495997843702475:275180975602787]
[SHELL OUT]:	[Parent:00007ff79a7e1926] >>  C:/GitHub/BlockyOS/Build/Build-nodate/disk.img  Base: 133120    ConfBlockSize: 2048    Starting Disk Env ID: 
[SHELL OUT]:	Writing Bytes
[SHELL OUT]:	[Parent:00007ff79a7e194f] >> Wrtiting [60 bytes(s)->4 block(s)] to LBA[133120(68157440)-133124(68165632)]
[SHELL OUT]:	Writing Bytes
[SHELL OUT]:	[Parent:00007ff79a7e1997] >> Wrtiting [20480 bytes(s)->40 block(s)] to LBA[202752(210763776)-202792(210845696)]
[SHELL OUT]:	Closing Disk Interface >> {C:/GitHub/BlockyOS/Build/Build-nodate/disk.img}
[SHELL OUT]:	[0]: ""
[SHELL]	FSFRAT.OPEN
[SHELL]	open -p SYSD/test.log -a TEST -la f
[SHELL OUT]:	
[SHELL OUT]:	>> 
[SHELL OUT]:	>> 
[SHELL OUT]:	Mounting File [SYSD/test.log] with "f"
[SHELL OUT]:	Root is 000002143aba9030
[SHELL OUT]:	[0]: ""
[SHELL]	FSFRAT.WRITE
[SHELL]	fwrite -pp C:/GitHub/BlockyOS/compile/TEST.log -ia %TEST% -p 0 -n 0
[SHELL OUT]:	
[SHELL OUT]:	>> 
[SHELL OUT]:	>> 
[SHELL OUT]:	[Parent:00007ff79a7e1f16] >>  C:/GitHub/BlockyOS/Build/Build-nodate/disk.img  Base: 133120    ConfBlockSize: 2048    Starting Disk Env ID: 
[SHELL OUT]:	[Parent:00007ff79a7e1e53] >>  C:/GitHub/BlockyOS/Build/Build-nodate/disk.img  Base: 133120    ConfBlockSize: 2048    Starting Disk Env ID: 
[SHELL OUT]:	Reading File Info
[SHELL OUT]:	Reading Bytes
[SHELL OUT]:	[Parent:00007ff79a7e1ec2] >> Reading [512 bytes(s)->4 block(s)] from LBA[225610(257576960)-225614(257585152)]
[SHELL OUT]:	Closing Disk Interface >> {C:/GitHub/BlockyOS/Build/Build-nodate/disk.img}
[SHELL OUT]:	Writing Bytes
[SHELL OUT]:	[Parent:00007ff79a7e2010] >> Wrtiting [512 bytes(s)->4 block(s)] to LBA[225610(257576960)-225614(257585152)]
[SHELL OUT]:	Closing Disk Interface >> {C:/GitHub/BlockyOS/Build/Build-nodate/disk.img}
[SHELL OUT]:	Root is 000002143aba9030
[SHELL OUT]:	Adding FS Table Entry: [17326495997843702475:275180975602787], Type: FILE
[SHELL OUT]:		Writing 0x00-Block: 225611
[SHELL OUT]:	[Parent:00007ff79a7e0614] >>  C:/GitHub/BlockyOS/Build/Build-nodate/disk.img  Base: 133120    ConfBlockSize: 2048    Starting Disk Env ID: 
[SHELL OUT]:	Writing Bytes
[SHELL OUT]:	[Parent:00007ff79a7e0640] >> Wrtiting [2048 bytes(s)->4 block(s)] to LBA[225611(257579008)-225615(257587200)]
[SHELL OUT]:	Closing Disk Interface >> {C:/GitHub/BlockyOS/Build/Build-nodate/disk.img}
[SHELL OUT]:	Writing File Block at 225611, Item: 1.	Root: [17326495997843702475:275180975602787]
[SHELL OUT]:	[Parent:00007ff79a7e1557] >>  C:/GitHub/BlockyOS/Build/Build-nodate/disk.img  Base: 133120    ConfBlockSize: 2048    Starting Disk Env ID: 
[SHELL OUT]:	Writing Bytes
[SHELL OUT]:	[Parent:00007ff79a7e1583] >> Wrtiting [2048 bytes(s)->4 block(s)] to LBA[225611(257579008)-225615(257587200)]
[SHELL OUT]:	Closing Disk Interface >> {C:/GitHub/BlockyOS/Build/Build-nodate/disk.img}
[SHELL OUT]:	[0]: ""
[SHELL]	SHELL.EXECUTE
False
False
False
0
[SHELL]	SHELL.EXECUTE
0
[SHELL]	SHELL.EXECUTE
False
False
False
0
[SHELL]	FSFRAT.MAKE
[SHELL]	FSFRAT.MOUNT
[SHELL]	e.disk -pp C:/GitHub/BlockyOS/Build/Build-nodate/disk.img -pt ROOT -bs 1024 -lb 10 -v 1:0
[SHELL OUT]:	
[SHELL OUT]:	FSFRAT DRIVER
[SHELL OUT]:	>> 
[SHELL OUT]:	[C:\GitHub\BlockyOS\tools\filesystem\frat.c:196]  >>  Mounting FS Root: [C:/GitHub/BlockyOS/Build/Build-nodate/disk.img]
[SHELL OUT]:	Verifying Disk GPT
[SHELL OUT]:	[Parent:00007ff7b402d8ff] >>  C:/GitHub/BlockyOS/Build/Build-nodate/disk.img  Base: 0    ConfBlockSize: 512    Starting Disk Env ID: 
[SHELL OUT]:	Reading Bytes
[SHELL OUT]:	[Parent:00007ff7b402d91a] >> Reading [92 bytes(s)->1 block(s)] from LBA[1(512)-2(1024)]
[SHELL OUT]:	GPT Dump:
[SHELL OUT]:	    Sig: "EFI PART"
[SHELL OUT]:	    Rev: 65536
[SHELL OUT]:	    Header-Size: 92
[SHELL OUT]:	    Header Checksum: 2621714706
[SHELL OUT]:	    localLBA: 1
[SHELL OUT]:	    altLBA: 2230273
[SHELL OUT]:	    firstUsable: 2048
[SHELL OUT]:	    lastUsable: 2230271
[SHELL OUT]:	    Disk-GUID: 
[SHELL OUT]:	    Partition-Table: 2
[SHELL OUT]:	    # of Partition-Entries: 2
[SHELL OUT]:	    Partition-Entry Size: 128
[SHELL OUT]:	    Partition-Table Checksum: 896708427
[SHELL OUT]:	Closing Disk Interface >> {C:/GitHub/BlockyOS/Build/Build-nodate/disk.img}
[SHELL OUT]:	GPT Exists? true
[SHELL OUT]:	[Parent:00007ff7b402eed9] >>  C:/GitHub/BlockyOS/Build/Build-nodate/disk.img  Base: 0    ConfBlockSize: 512    Starting Disk Env ID: 
[SHELL OUT]:	Reading Bytes
[SHELL OUT]:	[Parent:00007ff7b402eefa] >> Reading [92 bytes(s)->1 block(s)] from LBA[1(512)-2(1024)]
[SHELL OUT]:	[C:\GitHub\BlockyOS\tools\filesystem\frat.c:137]  >>  Querying Part Table
[SHELL OUT]:	Reading Bytes
[SHELL OUT]:	[Parent:00007ff7b402e73d] >> Reading [256 bytes(s)->1 block(s)] from LBA[2(1024)-3(1536)]
[SHELL OUT]:	[C:\GitHub\BlockyOS\tools\filesystem\frat.c:145]  >>  GPT-Entry: BOOT{2048:133119 -> 131071}
[SHELL OUT]:	[C:\GitHub\BlockyOS\tools\filesystem\frat.c:159]  >>  Querying FS at 2048
[SHELL OUT]:	Reading Bytes
[SHELL OUT]:	[Parent:00007ff7b402ebe1] >> Reading [60 bytes(s)->1 block(s)] from LBA[2048(1048576)-2049(1049088)]
[SHELL OUT]:	FS-Root Blob:
[SHELL OUT]:	    Version: [0:131072]
[SHELL OUT]:	    Sig: 
[SHELL OUT]:	    Configured Log Sectors: 2
[SHELL OUT]:	    Configured Block Size: 0
[SHELL OUT]:	    Configured Cluster-Map Size: 16711743
[SHELL OUT]:	[C:\GitHub\BlockyOS\tools\filesystem\frat.c:145]  >>  GPT-Entry: ROOT{133120:2230271 -> 2097151}
[SHELL OUT]:	[C:\GitHub\BlockyOS\tools\filesystem\frat.c:159]  >>  Querying FS at 133120
[SHELL OUT]:	Reading Bytes
[SHELL OUT]:	[Parent:00007ff7b402ebe1] >> Reading [60 bytes(s)->1 block(s)] from LBA[133120(68157440)-133121(68157952)]
[SHELL OUT]:	FS-Root Blob:
[SHELL OUT]:	    Version: [0:1]
[SHELL OUT]:	    Sig: FRAT_FILESYSTEM
[SHELL OUT]:	    Configured Log Sectors: 32
[SHELL OUT]:	    Configured Block Size: 2048
[SHELL OUT]:	    Configured Cluster-Map Size: 20480
[SHELL OUT]:	[C:\GitHub\BlockyOS\tools\filesystem\frat.c:184]  >>  FS Found at [133120]:
[SHELL OUT]:		Version-Code: [0:1]
[SHELL OUT]:		Configured Block-Size: 2048
[SHELL OUT]:		Configured Cluster-Size: 20480
[SHELL OUT]:		Configured # of Log-Sectors: 32
[SHELL OUT]:		Configured Log-Size: 576
[SHELL OUT]:	[C:\GitHub\BlockyOS\tools\filesystem\frat.c:210]  >>  Found Formatted Partition: 133120:2230271 -> 2097151
[SHELL OUT]:	Reading Bytes
[SHELL OUT]:	[Parent:00007ff7b402f05b] >> Reading [60 bytes(s)->1 block(s)] from LBA[133120(68157440)-133121(68157952)]
[SHELL OUT]:	[C:\GitHub\BlockyOS\tools\filesystem\frat.c:223]  >>  Root: 133120:2230271 -> 2097151 LBAs
[SHELL OUT]:		Version-Code: [0:1]
[SHELL OUT]:		Configured Block-Size: 2048
[SHELL OUT]:		Configured Cluster-Size: 20480
[SHELL OUT]:		Configured # of Log-Sectors: 20480
[SHELL OUT]:		Configured Log-Size: 32
[SHELL OUT]:	Reading Bytes
[SHELL OUT]:	[Parent:00007ff7b402f39f] >> Reading [65536 bytes(s)->128 block(s)] from LBA[133121(68159488)-133249(68421632)]
[SHELL OUT]:	Reading Bytes
[SHELL OUT]:	[Parent:00007ff7b402f44b] >> Reading [20480 bytes(s)->40 block(s)] from LBA[202752(210763776)-202792(210845696)]
[SHELL OUT]:	    Verifying FS Root Items #items: 1024
[SHELL OUT]:	Reading Bytes
[SHELL OUT]:	[Parent:00007ff7b402f6be] >> Reading [512 bytes(s)->4 block(s)] from LBA[225280(256901120)-225284(256909312)]
[SHELL OUT]:	Reading Bytes
[SHELL OUT]:	[Parent:00007ff7b402f6be] >> Reading [512 bytes(s)->4 block(s)] from LBA[225281(256903168)-225285(256911360)]
[SHELL OUT]:	Reading Bytes
[SHELL OUT]:	[Parent:00007ff7b402f6be] >> Reading [512 bytes(s)->4 block(s)] from LBA[225396(257138688)-225400(257146880)]
[SHELL OUT]:	Reading Bytes
[SHELL OUT]:	[Parent:00007ff7b402f6be] >> Reading [512 bytes(s)->4 block(s)] from LBA[225422(257191936)-225426(257200128)]
[SHELL OUT]:	Reading Bytes
[SHELL OUT]:	[Parent:00007ff7b402f6be] >> Reading [512 bytes(s)->4 block(s)] from LBA[225431(257210368)-225435(257218560)]
[SHELL OUT]:	Reading Bytes
[SHELL OUT]:	[Parent:00007ff7b402f6be] >> Reading [512 bytes(s)->4 block(s)] from LBA[225446(257241088)-225450(257249280)]
[SHELL OUT]:	Reading Bytes
[SHELL OUT]:	[Parent:00007ff7b402f6be] >> Reading [512 bytes(s)->4 block(s)] from LBA[225560(257474560)-225564(257482752)]
[SHELL OUT]:	Reading Bytes
[SHELL OUT]:	[Parent:00007ff7b402f6be] >> Reading [512 bytes(s)->4 block(s)] from LBA[225586(257527808)-225590(257536000)]
[SHELL OUT]:	Reading Bytes
[SHELL OUT]:	[Parent:00007ff7b402f6be] >> Reading [512 bytes(s)->4 block(s)] from LBA[225595(257546240)-225599(257554432)]
[SHELL OUT]:	Reading Bytes
[SHELL OUT]:	[Parent:00007ff7b402f6be] >> Reading [512 bytes(s)->4 block(s)] from LBA[225610(257576960)-225614(257585152)]
[SHELL OUT]:	Closing Disk Interface >> {C:/GitHub/BlockyOS/Build/Build-nodate/disk.img}
[SHELL OUT]:	[Parent:00007ff7b4031926] >>  C:/GitHub/BlockyOS/Build/Build-nodate/disk.img  Base: 133120    ConfBlockSize: 2048    Starting Disk Env ID: 
[SHELL OUT]:	Writing Bytes
[SHELL OUT]:	[Parent:00007ff7b403194f] >> Wrtiting [60 bytes(s)->4 block(s)] to LBA[133120(68157440)-133124(68165632)]
[SHELL OUT]:	Writing Bytes
[SHELL OUT]:	[Parent:00007ff7b4031997] >> Wrtiting [20480 bytes(s)->40 block(s)] to LBA[202752(210763776)-202792(210845696)]
[SHELL OUT]:	Closing Disk Interface >> {C:/GitHub/BlockyOS/Build/Build-nodate/disk.img}
[SHELL OUT]:	[0]: ""
[SHELL]	create -la fc -p SYSD/ -n test.log
[SHELL OUT]:	
[SHELL OUT]:	>> 
[SHELL OUT]:	>> 
[SHELL OUT]:	000001b993c05ecb:fc	000001b993c05ed1:SYSD/	000001b993c05eda:test.log	
[SHELL OUT]:	[	SYSD/test.log]
[SHELL OUT]:	Mounting File [SYSD/test.log] with "fc"
[SHELL OUT]:	Creating File at: ./SYSD/test.log
[SHELL OUT]:	Root is 000001b993c09030
[SHELL OUT]:	Root is 000001b993c09030
[SHELL OUT]:	Un-Mounting File [17326495997843702475:275180975602787]
[SHELL OUT]:	[Parent:00007ff7b4031926] >>  C:/GitHub/BlockyOS/Build/Build-nodate/disk.img  Base: 133120    ConfBlockSize: 2048    Starting Disk Env ID: 
[SHELL OUT]:	Writing Bytes
[SHELL OUT]:	[Parent:00007ff7b403194f] >> Wrtiting [60 bytes(s)->4 block(s)] to LBA[133120(68157440)-133124(68165632)]
[SHELL OUT]:	Writing Bytes
[SHELL OUT]:	[Parent:00007ff7b4031997] >> Wrtiting [20480 bytes(s)->40 block(s)] to LBA[202752(210763776)-202792(210845696)]
[SHELL OUT]:	Closing Disk Interface >> {C:/GitHub/BlockyOS/Build/Build-nodate/disk.img}
[SHELL OUT]:	[0]: ""
[SHELL]	FSFRAT.OPEN
[SHELL]	open -p SYSD/test.log -a TEST -la f
[SHELL OUT]:	
[SHELL OUT]:	>> 
[SHELL OUT]:	>> 
[SHELL OUT]:	Mounting File [SYSD/test.log] with "f"
[SHELL OUT]:	Root is 000001b993c09030
[SHELL OUT]:	[0]: ""
[SHELL]	FSFRAT.WRITE
[SHELL]	fwrite -pp C:/GitHub/BlockyOS/compile/TEST.log -ia %TEST% -p 0 -n 0
[SHELL OUT]:	
[SHELL OUT]:	>> 
[SHELL OUT]:	>> 
[SHELL OUT]:	[Parent:00007ff7b4031f16] >>  C:/GitHub/BlockyOS/Build/Build-nodate/disk.img  Base: 133120    ConfBlockSize: 2048    Starting Disk Env ID: 
[SHELL OUT]:	[Parent:00007ff7b4031e53] >>  C:/GitHub/BlockyOS/Build/Build-nodate/disk.img  Base: 133120    ConfBlockSize: 2048    Starting Disk Env ID: 
[SHELL OUT]:	Reading File Info
[SHELL OUT]:	Reading Bytes
[SHELL OUT]:	[Parent:00007ff7b4031ec2] >> Reading [512 bytes(s)->4 block(s)] from LBA[225610(257576960)-225614(257585152)]
[SHELL OUT]:	Closing Disk Interface >> {C:/GitHub/BlockyOS/Build/Build-nodate/disk.img}
[SHELL OUT]:	Writing Bytes
[SHELL OUT]:	[Parent:00007ff7b4032010] >> Wrtiting [512 bytes(s)->4 block(s)] to LBA[225610(257576960)-225614(257585152)]
[SHELL OUT]:	Closing Disk Interface >> {C:/GitHub/BlockyOS/Build/Build-nodate/disk.img}
[SHELL OUT]:	Root is 000001b993c09030
[SHELL OUT]:	Reading File Block at 225611, Item: 1.    Root: [17326495997843702475:275180975602787]
[SHELL OUT]:	[Parent:00007ff7b40310ba] >>  C:/GitHub/BlockyOS/Build/Build-nodate/disk.img  Base: 133120    ConfBlockSize: 2048    Starting Disk Env ID: 
[SHELL OUT]:	Reading Bytes
[SHELL OUT]:	[Parent:00007ff7b40310de] >> Reading [2048 bytes(s)->4 block(s)] from LBA[225611(257579008)-225615(257587200)]
[SHELL OUT]:	Closing Disk Interface >> {C:/GitHub/BlockyOS/Build/Build-nodate/disk.img}
[SHELL OUT]:	Writing File Block at 225611, Item: 1.	Root: [17326495997843702475:275180975602787]
[SHELL OUT]:	[Parent:00007ff7b4031557] >>  C:/GitHub/BlockyOS/Build/Build-nodate/disk.img  Base: 133120    ConfBlockSize: 2048    Starting Disk Env ID: 
[SHELL OUT]:	Writing Bytes
[SHELL OUT]:	[Parent:00007ff7b4031583] >> Wrtiting [2048 bytes(s)->4 block(s)] to LBA[225611(257579008)-225615(257587200)]
[SHELL OUT]:	Closing Disk Interface >> {C:/GitHub/BlockyOS/Build/Build-nodate/disk.img}
[SHELL OUT]:	[0]: ""
[SHELL]	SHELL.EXECUTE
False
False
False
0
[SHELL]	SHELL.EXECUTE
0
[SHELL]	SHELL.EXECUTE
False
False
False
0
[SHELL]	FSFRAT.MAKE
[SHELL]	FSFRAT.MOUNT
[SHELL]	e.disk -pp C:/GitHub/BlockyOS/Build/Build-nodate/disk.img -pt ROOT -bs 1024 -lb 10 -v 1:0
[SHELL OUT]:	
[SHELL OUT]:	FSFRAT DRIVER
[SHELL OUT]:	>> 
[SHELL OUT]:	[C:\GitHub\BlockyOS\tools\filesystem\frat.c:196]  >>  Mounting FS Root: [C:/GitHub/BlockyOS/Build/Build-nodate/disk.img]
[SHELL OUT]:	Verifying Disk GPT
[SHELL OUT]:	[Parent:00007ff795b3d8ff] >>  C:/GitHub/BlockyOS/Build/Build-nodate/disk.img  Base: 0    ConfBlockSize: 512    Starting Disk Env ID: 
[SHELL OUT]:	Reading Bytes
[SHELL OUT]:	[Parent:00007ff795b3d91a] >> Reading [92 bytes(s)->1 block(s)] from LBA[1(512)-2(1024)]
[SHELL OUT]:	GPT Dump:
[SHELL OUT]:	    Sig: "EFI PART"
[SHELL OUT]:	    Rev: 65536
[SHELL OUT]:	    Header-Size: 92
[SHELL OUT]:	    Header Checksum: 2621714706
[SHELL OUT]:	    localLBA: 1
[SHELL OUT]:	    altLBA: 2230273
[SHELL OUT]:	    firstUsable: 2048
[SHELL OUT]:	    lastUsable: 2230271
[SHELL OUT]:	    Disk-GUID: 
[SHELL OUT]:	    Partition-Table: 2
[SHELL OUT]:	    # of Partition-Entries: 2
[SHELL OUT]:	    Partition-Entry Size: 128
[SHELL OUT]:	    Partition-Table Checksum: 896708427
[SHELL OUT]:	Closing Disk Interface >> {C:/GitHub/BlockyOS/Build/Build-nodate/disk.img}
[SHELL OUT]:	GPT Exists? true
[SHELL OUT]:	[Parent:00007ff795b3eed9] >>  C:/GitHub/BlockyOS/Build/Build-nodate/disk.img  Base: 0    ConfBlockSize: 512    Starting Disk Env ID: 
[SHELL OUT]:	Reading Bytes
[SHELL OUT]:	[Parent:00007ff795b3eefa] >> Reading [92 bytes(s)->1 block(s)] from LBA[1(512)-2(1024)]
[SHELL OUT]:	[C:\GitHub\BlockyOS\tools\filesystem\frat.c:137]  >>  Querying Part Table
[SHELL OUT]:	Reading Bytes
[SHELL OUT]:	[Parent:00007ff795b3e73d] >> Reading [256 bytes(s)->1 block(s)] from LBA[2(1024)-3(1536)]
[SHELL OUT]:	[C:\GitHub\BlockyOS\tools\filesystem\frat.c:145]  >>  GPT-Entry: BOOT{2048:133119 -> 131071}
[SHELL OUT]:	[C:\GitHub\BlockyOS\tools\filesystem\frat.c:159]  >>  Querying FS at 2048
[SHELL OUT]:	Reading Bytes
[SHELL OUT]:	[Parent:00007ff795b3ebe1] >> Reading [60 bytes(s)->1 block(s)] from LBA[2048(1048576)-2049(1049088)]
[SHELL OUT]:	FS-Root Blob:
[SHELL OUT]:	    Version: [0:131072]
[SHELL OUT]:	    Sig: 
[SHELL OUT]:	    Configured Log Sectors: 2
[SHELL OUT]:	    Configured Block Size: 0
[SHELL OUT]:	    Configured Cluster-Map Size: 16711743
[SHELL OUT]:	[C:\GitHub\BlockyOS\tools\filesystem\frat.c:145]  >>  GPT-Entry: ROOT{133120:2230271 -> 2097151}
[SHELL OUT]:	[C:\GitHub\BlockyOS\tools\filesystem\frat.c:159]  >>  Querying FS at 133120
[SHELL OUT]:	Reading Bytes
[SHELL OUT]:	[Parent:00007ff795b3ebe1] >> Reading [60 bytes(s)->1 block(s)] from LBA[133120(68157440)-133121(68157952)]
[SHELL OUT]:	FS-Root Blob:
[SHELL OUT]:	    Version: [0:1]
[SHELL OUT]:	    Sig: FRAT_FILESYSTEM
[SHELL OUT]:	    Configured Log Sectors: 32
[SHELL OUT]:	    Configured Block Size: 2048
[SHELL OUT]:	    Configured Cluster-Map Size: 20480
[SHELL OUT]:	[C:\GitHub\BlockyOS\tools\filesystem\frat.c:184]  >>  FS Found at [133120]:
[SHELL OUT]:		Version-Code: [0:1]
[SHELL OUT]:		Configured Block-Size: 2048
[SHELL OUT]:		Configured Cluster-Size: 20480
[SHELL OUT]:		Configured # of Log-Sectors: 32
[SHELL OUT]:		Configured Log-Size: 576
[SHELL OUT]:	[C:\GitHub\BlockyOS\tools\filesystem\frat.c:210]  >>  Found Formatted Partition: 133120:2230271 -> 2097151
[SHELL OUT]:	Reading Bytes
[SHELL OUT]:	[Parent:00007ff795b3f05b] >> Reading [60 bytes(s)->1 block(s)] from LBA[133120(68157440)-133121(68157952)]
[SHELL OUT]:	[C:\GitHub\BlockyOS\tools\filesystem\frat.c:223]  >>  Root: 133120:2230271 -> 2097151 LBAs
[SHELL OUT]:		Version-Code: [0:1]
[SHELL OUT]:		Configured Block-Size: 2048
[SHELL OUT]:		Configured Cluster-Size: 20480
[SHELL OUT]:		Configured # of Log-Sectors: 20480
[SHELL OUT]:		Configured Log-Size: 32
[SHELL OUT]:	Reading Bytes
[SHELL OUT]:	[Parent:00007ff795b3f39f] >> Reading [65536 bytes(s)->128 block(s)] from LBA[133121(68159488)-133249(68421632)]
[SHELL OUT]:	Reading Bytes
[SHELL OUT]:	[Parent:00007ff795b3f44b] >> Reading [20480 bytes(s)->40 block(s)] from LBA[202752(210763776)-202792(210845696)]
[SHELL OUT]:	    Verifying FS Root Items #items: 1024
[SHELL OUT]:	Reading Bytes
[SHELL OUT]:	[Parent:00007ff795b3f6be] >> Reading [512 bytes(s)->4 block(s)] from LBA[225280(256901120)-225284(256909312)]
[SHELL OUT]:	Reading Bytes
[SHELL OUT]:	[Parent:00007ff795b3f6be] >> Reading [512 bytes(s)->4 block(s)] from LBA[225281(256903168)-225285(256911360)]
[SHELL OUT]:	Reading Bytes
[SHELL OUT]:	[Parent:00007ff795b3f6be] >> Reading [512 bytes(s)->4 block(s)] from LBA[225396(257138688)-225400(257146880)]
[SHELL OUT]:	Reading Bytes
[SHELL OUT]:	[Parent:00007ff795b3f6be] >> Reading [512 bytes(s)->4 block(s)] from LBA[225422(257191936)-225426(257200128)]
[SHELL OUT]:	Reading Bytes
[SHELL OUT]:	[Parent:00007ff795b3f6be] >> Reading [512 bytes(s)->4 block(s)] from LBA[225431(257210368)-225435(257218560)]
[SHELL OUT]:	Reading Bytes
[SHELL OUT]:	[Parent:00007ff795b3f6be] >> Reading [512 bytes(s)->4 block(s)] from LBA[225446(257241088)-225450(257249280)]
[SHELL OUT]:	Reading Bytes
[SHELL OUT]:	[Parent:00007ff795b3f6be] >> Reading [512 bytes(s)->4 block(s)] from LBA[225560(257474560)-225564(257482752)]
[SHELL OUT]:	Reading Bytes
[SHELL OUT]:	[Parent:00007ff795b3f6be] >> Reading [512 bytes(s)->4 block(s)] from LBA[225586(257527808)-225590(257536000)]
[SHELL OUT]:	Reading Bytes
[SHELL OUT]:	[Parent:00007ff795b3f6be] >> Reading [512 bytes(s)->4 block(s)] from LBA[225595(257546240)-225599(257554432)]
[SHELL OUT]:	Reading Bytes
[SHELL OUT]:	[Parent:00007ff795b3f6be] >> Reading [512 bytes(s)->4 block(s)] from LBA[225610(257576960)-225614(257585152)]
[SHELL OUT]:	Closing Disk Interface >> {C:/GitHub/BlockyOS/Build/Build-nodate/disk.img}
[SHELL OUT]:	[Parent:00007ff795b41926] >>  C:/GitHub/BlockyOS/Build/Build-nodate/disk.img  Base: 133120    ConfBlockSize: 2048    Starting Disk Env ID: 
[SHELL OUT]:	Writing Bytes
[SHELL OUT]:	[Parent:00007ff795b4194f] >> Wrtiting [60 bytes(s)->4 block(s)] to LBA[133120(68157440)-133124(68165632)]
[SHELL OUT]:	Writing Bytes
[SHELL OUT]:	[Parent:00007ff795b41997] >> Wrtiting [20480 bytes(s)->40 block(s)] to LBA[202752(210763776)-202792(210845696)]
[SHELL OUT]:	Closing Disk Interface >> {C:/GitHub/BlockyOS/Build/Build-nodate/disk.img}
[SHELL OUT]:	[0]: ""
[SHELL]	create -la fc -p SYSD/ -n test.log
[SHELL OUT]:	
[SHELL OUT]:	>> 
[SHELL OUT]:	>> 
[SHELL OUT]:	000001b511895ecb:fc	000001b511895ed1:SYSD/	000001b511895eda:test.log	
[SHELL OUT]:	[	SYSD/test.log]
[SHELL OUT]:	Mounting File [SYSD/test.log] with "fc"
[SHELL OUT]:	Creating File at: ./SYSD/test.log
[SHELL OUT]:	Root is 000001b511899030
[SHELL OUT]:	Root is 000001b511899030
[SHELL OUT]:	Un-Mounting File [17326495997843702475:275180975602787]
[SHELL OUT]:	[Parent:00007ff795b41926] >>  C:/GitHub/BlockyOS/Build/Build-nodate/disk.img  Base: 133120    ConfBlockSize: 2048    Starting Disk Env ID: 
[SHELL OUT]:	Writing Bytes
[SHELL OUT]:	[Parent:00007ff795b4194f] >> Wrtiting [60 bytes(s)->4 block(s)] to LBA[133120(68157440)-133124(68165632)]
[SHELL OUT]:	Writing Bytes
[SHELL OUT]:	[Parent:00007ff795b41997] >> Wrtiting [20480 bytes(s)->40 block(s)] to LBA[202752(210763776)-202792(210845696)]
[SHELL OUT]:	Closing Disk Interface >> {C:/GitHub/BlockyOS/Build/Build-nodate/disk.img}
[SHELL OUT]:	[0]: ""
[SHELL]	FSFRAT.OPEN
[SHELL]	open -p SYSD/test.log -a TEST -la f
[SHELL OUT]:	
[SHELL OUT]:	>> 
[SHELL OUT]:	>> 
[SHELL OUT]:	Mounting File [SYSD/test.log] with "f"
[SHELL OUT]:	Root is 000001b511899030
[SHELL OUT]:	[0]: ""
[SHELL]	FSFRAT.WRITE
[SHELL]	fwrite -pp C:/GitHub/BlockyOS/compile/TEST.log -ia %TEST% -p 0 -n 0
[SHELL OUT]:	
[SHELL OUT]:	>> 
[SHELL OUT]:	>> 
[SHELL OUT]:	[Parent:00007ff795b41f16] >>  C:/GitHub/BlockyOS/Build/Build-nodate/disk.img  Base: 133120    ConfBlockSize: 2048    Starting Disk Env ID: 
[SHELL OUT]:	[Parent:00007ff795b41e53] >>  C:/GitHub/BlockyOS/Build/Build-nodate/disk.img  Base: 133120    ConfBlockSize: 2048    Starting Disk Env ID: 
[SHELL OUT]:	Reading File Info
[SHELL OUT]:	Reading Bytes
[SHELL OUT]:	[Parent:00007ff795b41ec2] >> Reading [512 bytes(s)->4 block(s)] from LBA[225610(257576960)-225614(257585152)]
[SHELL OUT]:	Closing Disk Interface >> {C:/GitHub/BlockyOS/Build/Build-nodate/disk.img}
[SHELL OUT]:	Writing Bytes
[SHELL OUT]:	[Parent:00007ff795b42010] >> Wrtiting [512 bytes(s)->4 block(s)] to LBA[225610(257576960)-225614(257585152)]
[SHELL OUT]:	Closing Disk Interface >> {C:/GitHub/BlockyOS/Build/Build-nodate/disk.img}
[SHELL OUT]:	Root is 000001b511899030
[SHELL OUT]:	Reading File Block at 225611, Item: 1.    Root: [17326495997843702475:275180975602787]
[SHELL OUT]:	[Parent:00007ff795b410ba] >>  C:/GitHub/BlockyOS/Build/Build-nodate/disk.img  Base: 133120    ConfBlockSize: 2048    Starting Disk Env ID: 
[SHELL OUT]:	Reading Bytes
[SHELL OUT]:	[Parent:00007ff795b410de] >> Reading [2048 bytes(s)->4 block(s)] from LBA[225611(257579008)-225615(257587200)]
[SHELL OUT]:	Closing Disk Interface >> {C:/GitHub/BlockyOS/Build/Build-nodate/disk.img}
[SHELL OUT]:	Writing File Block at 225611, Item: 1.	Root: [17326495997843702475:275180975602787]
[SHELL OUT]:	[Parent:00007ff795b41557] >>  C:/GitHub/BlockyOS/Build/Build-nodate/disk.img  Base: 133120    ConfBlockSize: 2048    Starting Disk Env ID: 
[SHELL OUT]:	Writing Bytes
[SHELL OUT]:	[Parent:00007ff795b41583] >> Wrtiting [2048 bytes(s)->4 block(s)] to LBA[225611(257579008)-225615(257587200)]
[SHELL OUT]:	Closing Disk Interface >> {C:/GitHub/BlockyOS/Build/Build-nodate/disk.img}
[SHELL OUT]:	[0]: ""
[SHELL]	FSFRAT.MAKE
[SHELL]	FSFRAT.MOUNT
[SHELL]	e.disk -pp C:/GitHub/BlockyOS/Build/Build-nodate/disk.img -pt ROOT -bs 1024 -lb 10 -v 1:0
[SHELL OUT]:	
[SHELL OUT]:	FSFRAT DRIVER
[SHELL OUT]:	>> 
[SHELL OUT]:	[C:\GitHub\BlockyOS\tools\filesystem\frat.c:196]  >>  Mounting FS Root: [C:/GitHub/BlockyOS/Build/Build-nodate/disk.img]
[SHELL OUT]:	Verifying Disk GPT
[SHELL OUT]:	[Parent:00007ff795b3d8ff] >>  C:/GitHub/BlockyOS/Build/Build-nodate/disk.img  Base: 0    ConfBlockSize: 512    Starting Disk Env ID: 
[SHELL OUT]:	Reading Bytes
[SHELL OUT]:	[Parent:00007ff795b3d91a] >> Reading [92 bytes(s)->1 block(s)] from LBA[1(512)-2(1024)]
[SHELL OUT]:	GPT Dump:
[SHELL OUT]:	    Sig: "EFI PART"
[SHELL OUT]:	    Rev: 65536
[SHELL OUT]:	    Header-Size: 92
[SHELL OUT]:	    Header Checksum: 2621714706
[SHELL OUT]:	    localLBA: 1
[SHELL OUT]:	    altLBA: 2230273
[SHELL OUT]:	    firstUsable: 2048
[SHELL OUT]:	    lastUsable: 2230271
[SHELL OUT]:	    Disk-GUID: 
[SHELL OUT]:	    Partition-Table: 2
[SHELL OUT]:	    # of Partition-Entries: 2
[SHELL OUT]:	    Partition-Entry Size: 128
[SHELL OUT]:	    Partition-Table Checksum: 896708427
[SHELL OUT]:	Closing Disk Interface >> {C:/GitHub/BlockyOS/Build/Build-nodate/disk.img}
[SHELL OUT]:	GPT Exists? true
[SHELL OUT]:	[Parent:00007ff795b3eed9] >>  C:/GitHub/BlockyOS/Build/Build-nodate/disk.img  Base: 0    ConfBlockSize: 512    Starting Disk Env ID: 
[SHELL OUT]:	Reading Bytes
[SHELL OUT]:	[Parent:00007ff795b3eefa] >> Reading [92 bytes(s)->1 block(s)] from LBA[1(512)-2(1024)]
[SHELL OUT]:	[C:\GitHub\BlockyOS\tools\filesystem\frat.c:137]  >>  Querying Part Table
[SHELL OUT]:	Reading Bytes
[SHELL OUT]:	[Parent:00007ff795b3e73d] >> Reading [256 bytes(s)->1 block(s)] from LBA[2(1024)-3(1536)]
[SHELL OUT]:	[C:\GitHub\BlockyOS\tools\filesystem\frat.c:145]  >>  GPT-Entry: BOOT{2048:133119 -> 131071}
[SHELL OUT]:	[C:\GitHub\BlockyOS\tools\filesystem\frat.c:159]  >>  Querying FS at 2048
[SHELL OUT]:	Reading Bytes
[SHELL OUT]:	[Parent:00007ff795b3ebe1] >> Reading [60 bytes(s)->1 block(s)] from LBA[2048(1048576)-2049(1049088)]
[SHELL OUT]:	FS-Root Blob:
[SHELL OUT]:	    Version: [0:131072]
[SHELL OUT]:	    Sig: 
[SHELL OUT]:	    Configured Log Sectors: 2
[SHELL OUT]:	    Configured Block Size: 0
[SHELL OUT]:	    Configured Cluster-Map Size: 16711743
[SHELL OUT]:	[C:\GitHub\BlockyOS\tools\filesystem\frat.c:145]  >>  GPT-Entry: ROOT{133120:2230271 -> 2097151}
[SHELL OUT]:	[C:\GitHub\BlockyOS\tools\filesystem\frat.c:159]  >>  Querying FS at 133120
[SHELL OUT]:	Reading Bytes
[SHELL OUT]:	[Parent:00007ff795b3ebe1] >> Reading [60 bytes(s)->1 block(s)] from LBA[133120(68157440)-133121(68157952)]
[SHELL OUT]:	FS-Root Blob:
[SHELL OUT]:	    Version: [0:1]
[SHELL OUT]:	    Sig: FRAT_FILESYSTEM
[SHELL OUT]:	    Configured Log Sectors: 32
[SHELL OUT]:	    Configured Block Size: 2048
[SHELL OUT]:	    Configured Cluster-Map Size: 20480
[SHELL OUT]:	[C:\GitHub\BlockyOS\tools\filesystem\frat.c:184]  >>  FS Found at [133120]:
[SHELL OUT]:		Version-Code: [0:1]
[SHELL OUT]:		Configured Block-Size: 2048
[SHELL OUT]:		Configured Cluster-Size: 20480
[SHELL OUT]:		Configured # of Log-Sectors: 32
[SHELL OUT]:		Configured Log-Size: 576
[SHELL OUT]:	[C:\GitHub\BlockyOS\tools\filesystem\frat.c:210]  >>  Found Formatted Partition: 133120:2230271 -> 2097151
[SHELL OUT]:	Reading Bytes
[SHELL OUT]:	[Parent:00007ff795b3f05b] >> Reading [60 bytes(s)->1 block(s)] from LBA[133120(68157440)-133121(68157952)]
[SHELL OUT]:	[C:\GitHub\BlockyOS\tools\filesystem\frat.c:223]  >>  Root: 133120:2230271 -> 2097151 LBAs
[SHELL OUT]:		Version-Code: [0:1]
[SHELL OUT]:		Configured Block-Size: 2048
[SHELL OUT]:		Configured Cluster-Size: 20480
[SHELL OUT]:		Configured # of Log-Sectors: 20480
[SHELL OUT]:		Configured Log-Size: 32
[SHELL OUT]:	Reading Bytes
[SHELL OUT]:	[Parent:00007ff795b3f39f] >> Reading [65536 bytes(s)->128 block(s)] from LBA[133121(68159488)-133249(68421632)]
[SHELL OUT]:	Reading Bytes
[SHELL OUT]:	[Parent:00007ff795b3f44b] >> Reading [20480 bytes(s)->40 block(s)] from LBA[202752(210763776)-202792(210845696)]
[SHELL OUT]:	    Verifying FS Root Items #items: 1024
[SHELL OUT]:	Reading Bytes
[SHELL OUT]:	[Parent:00007ff795b3f6be] >> Reading [512 bytes(s)->4 block(s)] from LBA[225280(256901120)-225284(256909312)]
[SHELL OUT]:	Reading Bytes
[SHELL OUT]:	[Parent:00007ff795b3f6be] >> Reading [512 bytes(s)->4 block(s)] from LBA[225281(256903168)-225285(256911360)]
[SHELL OUT]:	Reading Bytes
[SHELL OUT]:	[Parent:00007ff795b3f6be] >> Reading [512 bytes(s)->4 block(s)] from LBA[225396(257138688)-225400(257146880)]
[SHELL OUT]:	Reading Bytes
[SHELL OUT]:	[Parent:00007ff795b3f6be] >> Reading [512 bytes(s)->4 block(s)] from LBA[225422(257191936)-225426(257200128)]
[SHELL OUT]:	Reading Bytes
[SHELL OUT]:	[Parent:00007ff795b3f6be] >> Reading [512 bytes(s)->4 block(s)] from LBA[225431(257210368)-225435(257218560)]
[SHELL OUT]:	Reading Bytes
[SHELL OUT]:	[Parent:00007ff795b3f6be] >> Reading [512 bytes(s)->4 block(s)] from LBA[225446(257241088)-225450(257249280)]
[SHELL OUT]:	Reading Bytes
[SHELL OUT]:	[Parent:00007ff795b3f6be] >> Reading [512 bytes(s)->4 block(s)] from LBA[225560(257474560)-225564(257482752)]
[SHELL OUT]:	Reading Bytes
[SHELL OUT]:	[Parent:00007ff795b3f6be] >> Reading [512 bytes(s)->4 block(s)] from LBA[225586(257527808)-225590(257536000)]
[SHELL OUT]:	Reading Bytes
[SHELL OUT]:	[Parent:00007ff795b3f6be] >> Reading [512 bytes(s)->4 block(s)] from LBA[225595(257546240)-225599(257554432)]
[SHELL OUT]:	Reading Bytes
[SHELL OUT]:	[Parent:00007ff795b3f6be] >> Reading [512 bytes(s)->4 block(s)] from LBA[225610(257576960)-225614(257585152)]
[SHELL OUT]:	Closing Disk Interface >> {C:/GitHub/BlockyOS/Build/Build-nodate/disk.img}
[SHELL OUT]:	[Parent:00007ff795b41926] >>  C:/GitHub/BlockyOS/Build/Build-nodate/disk.img  Base: 133120    ConfBlockSize: 2048    Starting Disk Env ID: 
[SHELL OUT]:	Writing Bytes
[SHELL OUT]:	[Parent:00007ff795b4194f] >> Wrtiting [60 bytes(s)->4 block(s)] to LBA[133120(68157440)-133124(68165632)]
[SHELL OUT]:	Writing Bytes
[SHELL OUT]:	[Parent:00007ff795b41997] >> Wrtiting [20480 bytes(s)->40 block(s)] to LBA[202752(210763776)-202792(210845696)]
[SHELL OUT]:	Closing Disk Interface >> {C:/GitHub/BlockyOS/Build/Build-nodate/disk.img}
[SHELL OUT]:	[0]: ""
[SHELL]	create -la fc -p SYSD/ -n test.log
[SHELL OUT]:	
[SHELL OUT]:	>> 
[SHELL OUT]:	>> 
[SHELL OUT]:	000001f5efc05ecb:fc	000001f5efc05ed1:SYSD/	000001f5efc05eda:test.log	
[SHELL OUT]:	[	SYSD/test.log]
[SHELL OUT]:	Mounting File [SYSD/test.log] with "fc"
[SHELL OUT]:	Creating File at: ./SYSD/test.log
[SHELL OUT]:	Root is 000001f5efc09030
[SHELL OUT]:	Root is 000001f5efc09030
[SHELL OUT]:	Un-Mounting File [17326495997843702475:275180975602787]
[SHELL OUT]:	[Parent:00007ff795b41926] >>  C:/GitHub/BlockyOS/Build/Build-nodate/disk.img  Base: 133120    ConfBlockSize: 2048    Starting Disk Env ID: 
[SHELL OUT]:	Writing Bytes
[SHELL OUT]:	[Parent:00007ff795b4194f] >> Wrtiting [60 bytes(s)->4 block(s)] to LBA[133120(68157440)-133124(68165632)]
[SHELL OUT]:	Writing Bytes
[SHELL OUT]:	[Parent:00007ff795b41997] >> Wrtiting [20480 bytes(s)->40 block(s)] to LBA[202752(210763776)-202792(210845696)]
[SHELL OUT]:	Closing Disk Interface >> {C:/GitHub/BlockyOS/Build/Build-nodate/disk.img}
[SHELL OUT]:	[0]: ""
[SHELL]	FSFRAT.OPEN
[SHELL]	open -p SYSD/test.log -a TEST -la f
[SHELL OUT]:	
[SHELL OUT]:	>> 
[SHELL OUT]:	>> 
[SHELL OUT]:	Mounting File [SYSD/test.log] with "f"
[SHELL OUT]:	Root is 000001f5efc09030
[SHELL OUT]:	[0]: ""
[SHELL]	FSFRAT.WRITE
[SHELL]	fwrite -pp C:/GitHub/BlockyOS/compile/TEST.log -ia %TEST% -p 0 -n 0
[SHELL OUT]:	
[SHELL OUT]:	>> 
[SHELL OUT]:	>> 
[SHELL OUT]:	[Parent:00007ff795b41f16] >>  C:/GitHub/BlockyOS/Build/Build-nodate/disk.img  Base: 133120    ConfBlockSize: 2048    Starting Disk Env ID: 
[SHELL OUT]:	[Parent:00007ff795b41e53] >>  C:/GitHub/BlockyOS/Build/Build-nodate/disk.img  Base: 133120    ConfBlockSize: 2048    Starting Disk Env ID: 
[SHELL OUT]:	Reading File Info
[SHELL OUT]:	Reading Bytes
[SHELL OUT]:	[Parent:00007ff795b41ec2] >> Reading [512 bytes(s)->4 block(s)] from LBA[225610(257576960)-225614(257585152)]
[SHELL OUT]:	Closing Disk Interface >> {C:/GitHub/BlockyOS/Build/Build-nodate/disk.img}
[SHELL OUT]:	Writing Bytes
[SHELL OUT]:	[Parent:00007ff795b42010] >> Wrtiting [512 bytes(s)->4 block(s)] to LBA[225610(257576960)-225614(257585152)]
[SHELL OUT]:	Closing Disk Interface >> {C:/GitHub/BlockyOS/Build/Build-nodate/disk.img}
[SHELL OUT]:	Root is 000001f5efc09030
[SHELL OUT]:	Reading File Block at 225611, Item: 1.    Root: [17326495997843702475:275180975602787]
[SHELL OUT]:	[Parent:00007ff795b410ba] >>  C:/GitHub/BlockyOS/Build/Build-nodate/disk.img  Base: 133120    ConfBlockSize: 2048    Starting Disk Env ID: 
[SHELL OUT]:	Reading Bytes
[SHELL OUT]:	[Parent:00007ff795b410de] >> Reading [2048 bytes(s)->4 block(s)] from LBA[225611(257579008)-225615(257587200)]
[SHELL OUT]:	Closing Disk Interface >> {C:/GitHub/BlockyOS/Build/Build-nodate/disk.img}
[SHELL OUT]:	Writing File Block at 225611, Item: 1.	Root: [17326495997843702475:275180975602787]
[SHELL OUT]:	[Parent:00007ff795b41557] >>  C:/GitHub/BlockyOS/Build/Build-nodate/disk.img  Base: 133120    ConfBlockSize: 2048    Starting Disk Env ID: 
[SHELL OUT]:	Writing Bytes
[SHELL OUT]:	[Parent:00007ff795b41583] >> Wrtiting [2048 bytes(s)->4 block(s)] to LBA[225611(257579008)-225615(257587200)]
[SHELL OUT]:	Closing Disk Interface >> {C:/GitHub/BlockyOS/Build/Build-nodate/disk.img}
[SHELL OUT]:	[0]: ""
[SHELL]	SHELL.EXECUTE
False
False
False
0
[SHELL]	SHELL.EXECUTE
0
[SHELL]	SHELL.EXECUTE
False
False
False
0
[SHELL]	FSFRAT.MAKE
[SHELL]	FSFRAT.MOUNT
[SHELL]	e.disk -pp C:/GitHub/BlockyOS/Build/Build-nodate/disk.img -pt ROOT -bs 1024 -lb 10 -v 1:0
[SHELL OUT]:	
[SHELL OUT]:	FSFRAT DRIVER
[SHELL OUT]:	>> 
[SHELL OUT]:	[C:\GitHub\BlockyOS\tools\filesystem\frat.c:196]  >>  Mounting FS Root: [C:/GitHub/BlockyOS/Build/Build-nodate/disk.img]
[SHELL OUT]:	Verifying Disk GPT
[SHELL OUT]:	[Parent:00007ff795b3d8ff] >>  C:/GitHub/BlockyOS/Build/Build-nodate/disk.img  Base: 0    ConfBlockSize: 512    Starting Disk Env ID: 
[SHELL OUT]:	Reading Bytes
[SHELL OUT]:	[Parent:00007ff795b3d91a] >> Reading [92 bytes(s)->1 block(s)] from LBA[1(512)-2(1024)]
[SHELL OUT]:	GPT Dump:
[SHELL OUT]:	    Sig: "EFI PART"
[SHELL OUT]:	    Rev: 65536
[SHELL OUT]:	    Header-Size: 92
[SHELL OUT]:	    Header Checksum: 2621714706
[SHELL OUT]:	    localLBA: 1
[SHELL OUT]:	    altLBA: 2230273
[SHELL OUT]:	    firstUsable: 2048
[SHELL OUT]:	    lastUsable: 2230271
[SHELL OUT]:	    Disk-GUID: 
[SHELL OUT]:	    Partition-Table: 2
[SHELL OUT]:	    # of Partition-Entries: 2
[SHELL OUT]:	    Partition-Entry Size: 128
[SHELL OUT]:	    Partition-Table Checksum: 896708427
[SHELL OUT]:	Closing Disk Interface >> {C:/GitHub/BlockyOS/Build/Build-nodate/disk.img}
[SHELL OUT]:	GPT Exists? true
[SHELL OUT]:	[Parent:00007ff795b3eed9] >>  C:/GitHub/BlockyOS/Build/Build-nodate/disk.img  Base: 0    ConfBlockSize: 512    Starting Disk Env ID: 
[SHELL OUT]:	Reading Bytes
[SHELL OUT]:	[Parent:00007ff795b3eefa] >> Reading [92 bytes(s)->1 block(s)] from LBA[1(512)-2(1024)]
[SHELL OUT]:	[C:\GitHub\BlockyOS\tools\filesystem\frat.c:137]  >>  Querying Part Table
[SHELL OUT]:	Reading Bytes
[SHELL OUT]:	[Parent:00007ff795b3e73d] >> Reading [256 bytes(s)->1 block(s)] from LBA[2(1024)-3(1536)]
[SHELL OUT]:	[C:\GitHub\BlockyOS\tools\filesystem\frat.c:145]  >>  GPT-Entry: BOOT{2048:133119 -> 131071}
[SHELL OUT]:	[C:\GitHub\BlockyOS\tools\filesystem\frat.c:159]  >>  Querying FS at 2048
[SHELL OUT]:	Reading Bytes
[SHELL OUT]:	[Parent:00007ff795b3ebe1] >> Reading [60 bytes(s)->1 block(s)] from LBA[2048(1048576)-2049(1049088)]
[SHELL OUT]:	FS-Root Blob:
[SHELL OUT]:	    Version: [0:131072]
[SHELL OUT]:	    Sig: 
[SHELL OUT]:	    Configured Log Sectors: 2
[SHELL OUT]:	    Configured Block Size: 0
[SHELL OUT]:	    Configured Cluster-Map Size: 16711743
[SHELL OUT]:	[C:\GitHub\BlockyOS\tools\filesystem\frat.c:145]  >>  GPT-Entry: ROOT{133120:2230271 -> 2097151}
[SHELL OUT]:	[C:\GitHub\BlockyOS\tools\filesystem\frat.c:159]  >>  Querying FS at 133120
[SHELL OUT]:	Reading Bytes
[SHELL OUT]:	[Parent:00007ff795b3ebe1] >> Reading [60 bytes(s)->1 block(s)] from LBA[133120(68157440)-133121(68157952)]
[SHELL OUT]:	FS-Root Blob:
[SHELL OUT]:	    Version: [0:1]
[SHELL OUT]:	    Sig: FRAT_FILESYSTEM
[SHELL OUT]:	    Configured Log Sectors: 32
[SHELL OUT]:	    Configured Block Size: 2048
[SHELL OUT]:	    Configured Cluster-Map Size: 20480
[SHELL OUT]:	[C:\GitHub\BlockyOS\tools\filesystem\frat.c:184]  >>  FS Found at [133120]:
[SHELL OUT]:		Version-Code: [0:1]
[SHELL OUT]:		Configured Block-Size: 2048
[SHELL OUT]:		Configured Cluster-Size: 20480
[SHELL OUT]:		Configured # of Log-Sectors: 32
[SHELL OUT]:		Configured Log-Size: 576
[SHELL OUT]:	[C:\GitHub\BlockyOS\tools\filesystem\frat.c:210]  >>  Found Formatted Partition: 133120:2230271 -> 2097151
[SHELL OUT]:	Reading Bytes
[SHELL OUT]:	[Parent:00007ff795b3f05b] >> Reading [60 bytes(s)->1 block(s)] from LBA[133120(68157440)-133121(68157952)]
[SHELL OUT]:	[C:\GitHub\BlockyOS\tools\filesystem\frat.c:223]  >>  Root: 133120:2230271 -> 2097151 LBAs
[SHELL OUT]:		Version-Code: [0:1]
[SHELL OUT]:		Configured Block-Size: 2048
[SHELL OUT]:		Configured Cluster-Size: 20480
[SHELL OUT]:		Configured # of Log-Sectors: 20480
[SHELL OUT]:		Configured Log-Size: 32
[SHELL OUT]:	Reading Bytes
[SHELL OUT]:	[Parent:00007ff795b3f39f] >> Reading [65536 bytes(s)->128 block(s)] from LBA[133121(68159488)-133249(68421632)]
[SHELL OUT]:	Reading Bytes
[SHELL OUT]:	[Parent:00007ff795b3f44b] >> Reading [20480 bytes(s)->40 block(s)] from LBA[202752(210763776)-202792(210845696)]
[SHELL OUT]:	    Verifying FS Root Items #items: 1024
[SHELL OUT]:	Reading Bytes
[SHELL OUT]:	[Parent:00007ff795b3f6be] >> Reading [512 bytes(s)->4 block(s)] from LBA[225280(256901120)-225284(256909312)]
[SHELL OUT]:	Reading Bytes
[SHELL OUT]:	[Parent:00007ff795b3f6be] >> Reading [512 bytes(s)->4 block(s)] from LBA[225281(256903168)-225285(256911360)]
[SHELL OUT]:	Reading Bytes
[SHELL OUT]:	[Parent:00007ff795b3f6be] >> Reading [512 bytes(s)->4 block(s)] from LBA[225396(257138688)-225400(257146880)]
[SHELL OUT]:	Reading Bytes
[SHELL OUT]:	[Parent:00007ff795b3f6be] >> Reading [512 bytes(s)->4 block(s)] from LBA[225422(257191936)-225426(257200128)]
[SHELL OUT]:	Reading Bytes
[SHELL OUT]:	[Parent:00007ff795b3f6be] >> Reading [512 bytes(s)->4 block(s)] from LBA[225431(257210368)-225435(257218560)]
[SHELL OUT]:	Reading Bytes
[SHELL OUT]:	[Parent:00007ff795b3f6be] >> Reading [512 bytes(s)->4 block(s)] from LBA[225446(257241088)-225450(257249280)]
[SHELL OUT]:	Reading Bytes
[SHELL OUT]:	[Parent:00007ff795b3f6be] >> Reading [512 bytes(s)->4 block(s)] from LBA[225560(257474560)-225564(257482752)]
[SHELL OUT]:	Reading Bytes
[SHELL OUT]:	[Parent:00007ff795b3f6be] >> Reading [512 bytes(s)->4 block(s)] from LBA[225586(257527808)-225590(257536000)]
[SHELL OUT]:	Reading Bytes
[SHELL OUT]:	[Parent:00007ff795b3f6be] >> Reading [512 bytes(s)->4 block(s)] from LBA[225595(257546240)-225599(257554432)]
[SHELL OUT]:	Reading Bytes
[SHELL OUT]:	[Parent:00007ff795b3f6be] >> Reading [512 bytes(s)->4 block(s)] from LBA[225610(257576960)-225614(257585152)]
[SHELL OUT]:	Closing Disk Interface >> {C:/GitHub/BlockyOS/Build/Build-nodate/disk.img}
[SHELL OUT]:	[Parent:00007ff795b41926] >>  C:/GitHub/BlockyOS/Build/Build-nodate/disk.img  Base: 133120    ConfBlockSize: 2048    Starting Disk Env ID: 
[SHELL OUT]:	Writing Bytes
[SHELL OUT]:	[Parent:00007ff795b4194f] >> Wrtiting [60 bytes(s)->4 block(s)] to LBA[133120(68157440)-133124(68165632)]
[SHELL OUT]:	Writing Bytes
[SHELL OUT]:	[Parent:00007ff795b41997] >> Wrtiting [20480 bytes(s)->40 block(s)] to LBA[202752(210763776)-202792(210845696)]
[SHELL OUT]:	Closing Disk Interface >> {C:/GitHub/BlockyOS/Build/Build-nodate/disk.img}
[SHELL OUT]:	[0]: ""
[SHELL]	create -la fc -p SYSD/ -n test.log
[SHELL OUT]:	
[SHELL OUT]:	>> 
[SHELL OUT]:	>> 
[SHELL OUT]:	000001edb4e15ecb:fc	000001edb4e15ed1:SYSD/	000001edb4e15eda:test.log	
[SHELL OUT]:	[	SYSD/test.log]
[SHELL OUT]:	Mounting File [SYSD/test.log] with "fc"
[SHELL OUT]:	Creating File at: ./SYSD/test.log
[SHELL OUT]:	Root is 000001edb4e19030
[SHELL OUT]:	Root is 000001edb4e19030
[SHELL OUT]:	Un-Mounting File [17326495997843702475:275180975602787]
[SHELL OUT]:	[Parent:00007ff795b41926] >>  C:/GitHub/BlockyOS/Build/Build-nodate/disk.img  Base: 133120    ConfBlockSize: 2048    Starting Disk Env ID: 
[SHELL OUT]:	Writing Bytes
[SHELL OUT]:	[Parent:00007ff795b4194f] >> Wrtiting [60 bytes(s)->4 block(s)] to LBA[133120(68157440)-133124(68165632)]
[SHELL OUT]:	Writing Bytes
[SHELL OUT]:	[Parent:00007ff795b41997] >> Wrtiting [20480 bytes(s)->40 block(s)] to LBA[202752(210763776)-202792(210845696)]
[SHELL OUT]:	Closing Disk Interface >> {C:/GitHub/BlockyOS/Build/Build-nodate/disk.img}
[SHELL OUT]:	[0]: ""
[SHELL]	FSFRAT.OPEN
[SHELL]	open -p SYSD/test.log -a TEST -la f
[SHELL OUT]:	
[SHELL OUT]:	>> 
[SHELL OUT]:	>> 
[SHELL OUT]:	Mounting File [SYSD/test.log] with "f"
[SHELL OUT]:	Root is 000001edb4e19030
[SHELL OUT]:	[0]: ""
[SHELL]	FSFRAT.WRITE
[SHELL]	fwrite -pp C:/GitHub/BlockyOS/compile/TEST.log -ia %TEST% -p 0 -n 0
[SHELL OUT]:	
[SHELL OUT]:	>> 
[SHELL OUT]:	>> 
[SHELL OUT]:	[Parent:00007ff795b41f16] >>  C:/GitHub/BlockyOS/Build/Build-nodate/disk.img  Base: 133120    ConfBlockSize: 2048    Starting Disk Env ID: 
[SHELL OUT]:	[Parent:00007ff795b41e53] >>  C:/GitHub/BlockyOS/Build/Build-nodate/disk.img  Base: 133120    ConfBlockSize: 2048    Starting Disk Env ID: 
[SHELL OUT]:	Reading File Info
[SHELL OUT]:	Reading Bytes
[SHELL OUT]:	[Parent:00007ff795b41ec2] >> Reading [512 bytes(s)->4 block(s)] from LBA[225610(257576960)-225614(257585152)]
[SHELL OUT]:	Closing Disk Interface >> {C:/GitHub/BlockyOS/Build/Build-nodate/disk.img}
[SHELL OUT]:	Writing Bytes
[SHELL OUT]:	[Parent:00007ff795b42010] >> Wrtiting [512 bytes(s)->4 block(s)] to LBA[225610(257576960)-225614(257585152)]
[SHELL OUT]:	Closing Disk Interface >> {C:/GitHub/BlockyOS/Build/Build-nodate/disk.img}
[SHELL OUT]:	Root is 000001edb4e19030
[SHELL OUT]:	Reading File Block at 225611, Item: 1.    Root: [17326495997843702475:275180975602787]
[SHELL OUT]:	[Parent:00007ff795b410ba] >>  C:/GitHub/BlockyOS/Build/Build-nodate/disk.img  Base: 133120    ConfBlockSize: 2048    Starting Disk Env ID: 
[SHELL OUT]:	Reading Bytes
[SHELL OUT]:	[Parent:00007ff795b410de] >> Reading [2048 bytes(s)->4 block(s)] from LBA[225611(257579008)-225615(257587200)]
[SHELL OUT]:	Closing Disk Interface >> {C:/GitHub/BlockyOS/Build/Build-nodate/disk.img}
[SHELL OUT]:	Writing File Block at 225611, Item: 1.	Root: [17326495997843702475:275180975602787]
[SHELL OUT]:	[Parent:00007ff795b41557] >>  C:/GitHub/BlockyOS/Build/Build-nodate/disk.img  Base: 133120    ConfBlockSize: 2048    Starting Disk Env ID: 
[SHELL OUT]:	Writing Bytes
[SHELL OUT]:	[Parent:00007ff795b41583] >> Wrtiting [2048 bytes(s)->4 block(s)] to LBA[225611(257579008)-225615(257587200)]
[SHELL OUT]:	Closing Disk Interface >> {C:/GitHub/BlockyOS/Build/Build-nodate/disk.img}
[SHELL OUT]:	[0]: ""
[SHELL]	SHELL.EXECUTE
False
False
False
0
[SHELL]	SHELL.EXECUTE
0
[SHELL]	SHELL.EXECUTE
False
False
False
0
[SHELL]	FSFRAT.MAKE
[SHELL]	FSFRAT.MOUNT
[SHELL]	e.disk -pp C:/GitHub/BlockyOS/Build/Build-nodate/disk.img -pt ROOT -bs 1024 -lb 10 -v 1:0
[SHELL OUT]:	
[SHELL OUT]:	FSFRAT DRIVER
[SHELL OUT]:	>> 
[SHELL OUT]:	[C:\GitHub\BlockyOS\tools\filesystem\frat.c:196]  >>  Mounting FS Root: [C:/GitHub/BlockyOS/Build/Build-nodate/disk.img]
[SHELL OUT]:	Verifying Disk GPT
[SHELL OUT]:	[Parent:00007ff6692ed8ff] >>  C:/GitHub/BlockyOS/Build/Build-nodate/disk.img  Base: 0    ConfBlockSize: 512    Starting Disk Env ID: 
[SHELL OUT]:	Reading Bytes
[SHELL OUT]:	[Parent:00007ff6692ed91a] >> Reading [92 bytes(s)->1 block(s)] from LBA[1(512)-2(1024)]
[SHELL OUT]:	GPT Dump:
[SHELL OUT]:	    Sig: "EFI PART"
[SHELL OUT]:	    Rev: 65536
[SHELL OUT]:	    Header-Size: 92
[SHELL OUT]:	    Header Checksum: 2621714706
[SHELL OUT]:	    localLBA: 1
[SHELL OUT]:	    altLBA: 2230273
[SHELL OUT]:	    firstUsable: 2048
[SHELL OUT]:	    lastUsable: 2230271
[SHELL OUT]:	    Disk-GUID: 
[SHELL OUT]:	    Partition-Table: 2
[SHELL OUT]:	    # of Partition-Entries: 2
[SHELL OUT]:	    Partition-Entry Size: 128
[SHELL OUT]:	    Partition-Table Checksum: 896708427
[SHELL OUT]:	Closing Disk Interface >> {C:/GitHub/BlockyOS/Build/Build-nodate/disk.img}
[SHELL OUT]:	GPT Exists? true
[SHELL OUT]:	[Parent:00007ff6692eeed9] >>  C:/GitHub/BlockyOS/Build/Build-nodate/disk.img  Base: 0    ConfBlockSize: 512    Starting Disk Env ID: 
[SHELL OUT]:	Reading Bytes
[SHELL OUT]:	[Parent:00007ff6692eeefa] >> Reading [92 bytes(s)->1 block(s)] from LBA[1(512)-2(1024)]
[SHELL OUT]:	[C:\GitHub\BlockyOS\tools\filesystem\frat.c:137]  >>  Querying Part Table
[SHELL OUT]:	Reading Bytes
[SHELL OUT]:	[Parent:00007ff6692ee73d] >> Reading [256 bytes(s)->1 block(s)] from LBA[2(1024)-3(1536)]
[SHELL OUT]:	[C:\GitHub\BlockyOS\tools\filesystem\frat.c:145]  >>  GPT-Entry: BOOT{2048:133119 -> 131071}
[SHELL OUT]:	[C:\GitHub\BlockyOS\tools\filesystem\frat.c:159]  >>  Querying FS at 2048
[SHELL OUT]:	Reading Bytes
[SHELL OUT]:	[Parent:00007ff6692eebe1] >> Reading [60 bytes(s)->1 block(s)] from LBA[2048(1048576)-2049(1049088)]
[SHELL OUT]:	FS-Root Blob:
[SHELL OUT]:	    Version: [0:131072]
[SHELL OUT]:	    Sig: 
[SHELL OUT]:	    Configured Log Sectors: 2
[SHELL OUT]:	    Configured Block Size: 0
[SHELL OUT]:	    Configured Cluster-Map Size: 16711743
[SHELL OUT]:	[C:\GitHub\BlockyOS\tools\filesystem\frat.c:145]  >>  GPT-Entry: ROOT{133120:2230271 -> 2097151}
[SHELL OUT]:	[C:\GitHub\BlockyOS\tools\filesystem\frat.c:159]  >>  Querying FS at 133120
[SHELL OUT]:	Reading Bytes
[SHELL OUT]:	[Parent:00007ff6692eebe1] >> Reading [60 bytes(s)->1 block(s)] from LBA[133120(68157440)-133121(68157952)]
[SHELL OUT]:	FS-Root Blob:
[SHELL OUT]:	    Version: [0:1]
[SHELL OUT]:	    Sig: FRAT_FILESYSTEM
[SHELL OUT]:	    Configured Log Sectors: 32
[SHELL OUT]:	    Configured Block Size: 2048
[SHELL OUT]:	    Configured Cluster-Map Size: 20480
[SHELL OUT]:	[C:\GitHub\BlockyOS\tools\filesystem\frat.c:184]  >>  FS Found at [133120]:
[SHELL OUT]:		Version-Code: [0:1]
[SHELL OUT]:		Configured Block-Size: 2048
[SHELL OUT]:		Configured Cluster-Size: 20480
[SHELL OUT]:		Configured # of Log-Sectors: 32
[SHELL OUT]:		Configured Log-Size: 576
[SHELL OUT]:	[C:\GitHub\BlockyOS\tools\filesystem\frat.c:210]  >>  Found Formatted Partition: 133120:2230271 -> 2097151
[SHELL OUT]:	Reading Bytes
[SHELL OUT]:	[Parent:00007ff6692ef05b] >> Reading [60 bytes(s)->1 block(s)] from LBA[133120(68157440)-133121(68157952)]
[SHELL OUT]:	[C:\GitHub\BlockyOS\tools\filesystem\frat.c:223]  >>  Root: 133120:2230271 -> 2097151 LBAs
[SHELL OUT]:		Version-Code: [0:1]
[SHELL OUT]:		Configured Block-Size: 2048
[SHELL OUT]:		Configured Cluster-Size: 20480
[SHELL OUT]:		Configured # of Log-Sectors: 20480
[SHELL OUT]:		Configured Log-Size: 32
[SHELL OUT]:	Reading Bytes
[SHELL OUT]:	[Parent:00007ff6692ef39f] >> Reading [65536 bytes(s)->128 block(s)] from LBA[133121(68159488)-133249(68421632)]
[SHELL OUT]:	Reading Bytes
[SHELL OUT]:	[Parent:00007ff6692ef44b] >> Reading [20480 bytes(s)->40 block(s)] from LBA[202752(210763776)-202792(210845696)]
[SHELL OUT]:	    Verifying FS Root Items #items: 1024
[SHELL OUT]:	Reading Bytes
[SHELL OUT]:	[Parent:00007ff6692ef6be] >> Reading [512 bytes(s)->4 block(s)] from LBA[225280(256901120)-225284(256909312)]
[SHELL OUT]:	Reading Bytes
[SHELL OUT]:	[Parent:00007ff6692ef6be] >> Reading [512 bytes(s)->4 block(s)] from LBA[225281(256903168)-225285(256911360)]
[SHELL OUT]:	Reading Bytes
[SHELL OUT]:	[Parent:00007ff6692ef6be] >> Reading [512 bytes(s)->4 block(s)] from LBA[225396(257138688)-225400(257146880)]
[SHELL OUT]:	Reading Bytes
[SHELL OUT]:	[Parent:00007ff6692ef6be] >> Reading [512 bytes(s)->4 block(s)] from LBA[225422(257191936)-225426(257200128)]
[SHELL OUT]:	Reading Bytes
[SHELL OUT]:	[Parent:00007ff6692ef6be] >> Reading [512 bytes(s)->4 block(s)] from LBA[225431(257210368)-225435(257218560)]
[SHELL OUT]:	Reading Bytes
[SHELL OUT]:	[Parent:00007ff6692ef6be] >> Reading [512 bytes(s)->4 block(s)] from LBA[225446(257241088)-225450(257249280)]
[SHELL OUT]:	Reading Bytes
[SHELL OUT]:	[Parent:00007ff6692ef6be] >> Reading [512 bytes(s)->4 block(s)] from LBA[225560(257474560)-225564(257482752)]
[SHELL OUT]:	Reading Bytes
[SHELL OUT]:	[Parent:00007ff6692ef6be] >> Reading [512 bytes(s)->4 block(s)] from LBA[225586(257527808)-225590(257536000)]
[SHELL OUT]:	Reading Bytes
[SHELL OUT]:	[Parent:00007ff6692ef6be] >> Reading [512 bytes(s)->4 block(s)] from LBA[225595(257546240)-225599(257554432)]
[SHELL OUT]:	Reading Bytes
[SHELL OUT]:	[Parent:00007ff6692ef6be] >> Reading [512 bytes(s)->4 block(s)] from LBA[225610(257576960)-225614(257585152)]
[SHELL OUT]:	Closing Disk Interface >> {C:/GitHub/BlockyOS/Build/Build-nodate/disk.img}
[SHELL OUT]:	[Parent:00007ff6692f1926] >>  C:/GitHub/BlockyOS/Build/Build-nodate/disk.img  Base: 133120    ConfBlockSize: 2048    Starting Disk Env ID: 
[SHELL OUT]:	Writing Bytes
[SHELL OUT]:	[Parent:00007ff6692f194f] >> Wrtiting [60 bytes(s)->4 block(s)] to LBA[133120(68157440)-133124(68165632)]
[SHELL OUT]:	Writing Bytes
[SHELL OUT]:	[Parent:00007ff6692f1997] >> Wrtiting [20480 bytes(s)->40 block(s)] to LBA[202752(210763776)-202792(210845696)]
[SHELL OUT]:	Closing Disk Interface >> {C:/GitHub/BlockyOS/Build/Build-nodate/disk.img}
[SHELL OUT]:	[0]: ""
[SHELL]	create -la fc -p SYSD/ -n test.log
[SHELL OUT]:	
[SHELL OUT]:	>> 
[SHELL OUT]:	>> 
[SHELL OUT]:	0000028c2fae5ecb:fc	0000028c2fae5ed1:SYSD/	0000028c2fae5eda:test.log	
[SHELL OUT]:	[	SYSD/test.log]
[SHELL OUT]:	Mounting File [SYSD/test.log] with "fc"
[SHELL OUT]:	Creating File at: ./SYSD/test.log
[SHELL OUT]:	Root is 0000028c2fae9030
[SHELL OUT]:	Root is 0000028c2fae9030
[SHELL OUT]:	Un-Mounting File [17326495997843702475:275180975602787]
[SHELL OUT]:	[Parent:00007ff6692f1926] >>  C:/GitHub/BlockyOS/Build/Build-nodate/disk.img  Base: 133120    ConfBlockSize: 2048    Starting Disk Env ID: 
[SHELL OUT]:	Writing Bytes
[SHELL OUT]:	[Parent:00007ff6692f194f] >> Wrtiting [60 bytes(s)->4 block(s)] to LBA[133120(68157440)-133124(68165632)]
[SHELL OUT]:	Writing Bytes
[SHELL OUT]:	[Parent:00007ff6692f1997] >> Wrtiting [20480 bytes(s)->40 block(s)] to LBA[202752(210763776)-202792(210845696)]
[SHELL OUT]:	Closing Disk Interface >> {C:/GitHub/BlockyOS/Build/Build-nodate/disk.img}
[SHELL OUT]:	[0]: ""
[SHELL]	FSFRAT.OPEN
[SHELL]	open -p SYSD/test.log -a TEST -la f
[SHELL OUT]:	
[SHELL OUT]:	>> 
[SHELL OUT]:	>> 
[SHELL OUT]:	Mounting File [SYSD/test.log] with "f"
[SHELL OUT]:	Root is 0000028c2fae9030
[SHELL OUT]:	[0]: ""
[SHELL]	FSFRAT.WRITE
[SHELL]	fwrite -pp C:/GitHub/BlockyOS/compile/TEST.log -ia %TEST% -p 0 -n 0
[SHELL OUT]:	
[SHELL OUT]:	>> 
[SHELL OUT]:	>> 
[SHELL OUT]:	[Parent:00007ff6692f1f16] >>  C:/GitHub/BlockyOS/Build/Build-nodate/disk.img  Base: 133120    ConfBlockSize: 2048    Starting Disk Env ID: 
[SHELL OUT]:	[Parent:00007ff6692f1e53] >>  C:/GitHub/BlockyOS/Build/Build-nodate/disk.img  Base: 133120    ConfBlockSize: 2048    Starting Disk Env ID: 
[SHELL OUT]:	Reading File Info
[SHELL OUT]:	Reading Bytes
[SHELL OUT]:	[Parent:00007ff6692f1ec2] >> Reading [512 bytes(s)->4 block(s)] from LBA[225610(257576960)-225614(257585152)]
[SHELL OUT]:	Closing Disk Interface >> {C:/GitHub/BlockyOS/Build/Build-nodate/disk.img}
[SHELL OUT]:	Writing Bytes
[SHELL OUT]:	[Parent:00007ff6692f2010] >> Wrtiting [512 bytes(s)->4 block(s)] to LBA[225610(257576960)-225614(257585152)]
[SHELL OUT]:	Closing Disk Interface >> {C:/GitHub/BlockyOS/Build/Build-nodate/disk.img}
[SHELL OUT]:	Root is 0000028c2fae9030
[SHELL OUT]:	Reading File Block at 225611, Item: 1.    Root: [17326495997843702475:275180975602787]
[SHELL OUT]:	[Parent:00007ff6692f10ba] >>  C:/GitHub/BlockyOS/Build/Build-nodate/disk.img  Base: 133120    ConfBlockSize: 2048    Starting Disk Env ID: 
[SHELL OUT]:	Reading Bytes
[SHELL OUT]:	[Parent:00007ff6692f10de] >> Reading [2048 bytes(s)->4 block(s)] from LBA[225611(257579008)-225615(257587200)]
[SHELL OUT]:	Closing Disk Interface >> {C:/GitHub/BlockyOS/Build/Build-nodate/disk.img}
[SHELL OUT]:	Writing File Block at 225611, Item: 1.	Root: [17326495997843702475:275180975602787]
[SHELL OUT]:	[Parent:00007ff6692f1557] >>  C:/GitHub/BlockyOS/Build/Build-nodate/disk.img  Base: 133120    ConfBlockSize: 2048    Starting Disk Env ID: 
[SHELL OUT]:	Writing Bytes
[SHELL OUT]:	[Parent:00007ff6692f1583] >> Wrtiting [2048 bytes(s)->4 block(s)] to LBA[225611(257579008)-225615(257587200)]
[SHELL OUT]:	Closing Disk Interface >> {C:/GitHub/BlockyOS/Build/Build-nodate/disk.img}
[SHELL OUT]:	[0]: ""
[SHELL]	SHELL.EXECUTE
False
False
False
0
[SHELL]	SHELL.EXECUTE
0
[SHELL]	SHELL.EXECUTE
False
False
False
0
[SHELL]	FSFRAT.MAKE
[SHELL]	FSFRAT.MOUNT
[SHELL]	e.disk -pp C:/GitHub/BlockyOS/Build/Build-nodate/disk.img -pt ROOT -bs 1024 -lb 10 -v 1:0
[SHELL OUT]:	
[SHELL OUT]:	FSFRAT DRIVER
[SHELL OUT]:	>> 
[SHELL OUT]:	[C:\GitHub\BlockyOS\tools\filesystem\frat.c:196]  >>  Mounting FS Root: [C:/GitHub/BlockyOS/Build/Build-nodate/disk.img]
[SHELL OUT]:	Verifying Disk GPT
[SHELL OUT]:	[Parent:00007ff6692ed8ff] >>  C:/GitHub/BlockyOS/Build/Build-nodate/disk.img  Base: 0    ConfBlockSize: 512    Starting Disk Env ID: 
[SHELL OUT]:	Reading Bytes
[SHELL OUT]:	[Parent:00007ff6692ed91a] >> Reading [92 bytes(s)->1 block(s)] from LBA[1(512)-2(1024)]
[SHELL OUT]:	GPT Dump:
[SHELL OUT]:	    Sig: "EFI PART"
[SHELL OUT]:	    Rev: 65536
[SHELL OUT]:	    Header-Size: 92
[SHELL OUT]:	    Header Checksum: 2621714706
[SHELL OUT]:	    localLBA: 1
[SHELL OUT]:	    altLBA: 2230273
[SHELL OUT]:	    firstUsable: 2048
[SHELL OUT]:	    lastUsable: 2230271
[SHELL OUT]:	    Disk-GUID: 
[SHELL OUT]:	    Partition-Table: 2
[SHELL OUT]:	    # of Partition-Entries: 2
[SHELL OUT]:	    Partition-Entry Size: 128
[SHELL OUT]:	    Partition-Table Checksum: 896708427
[SHELL OUT]:	Closing Disk Interface >> {C:/GitHub/BlockyOS/Build/Build-nodate/disk.img}
[SHELL OUT]:	GPT Exists? true
[SHELL OUT]:	[Parent:00007ff6692eeed9] >>  C:/GitHub/BlockyOS/Build/Build-nodate/disk.img  Base: 0    ConfBlockSize: 512    Starting Disk Env ID: 
[SHELL OUT]:	Reading Bytes
[SHELL OUT]:	[Parent:00007ff6692eeefa] >> Reading [92 bytes(s)->1 block(s)] from LBA[1(512)-2(1024)]
[SHELL OUT]:	[C:\GitHub\BlockyOS\tools\filesystem\frat.c:137]  >>  Querying Part Table
[SHELL OUT]:	Reading Bytes
[SHELL OUT]:	[Parent:00007ff6692ee73d] >> Reading [256 bytes(s)->1 block(s)] from LBA[2(1024)-3(1536)]
[SHELL OUT]:	[C:\GitHub\BlockyOS\tools\filesystem\frat.c:145]  >>  GPT-Entry: BOOT{2048:133119 -> 131071}
[SHELL OUT]:	[C:\GitHub\BlockyOS\tools\filesystem\frat.c:159]  >>  Querying FS at 2048
[SHELL OUT]:	Reading Bytes
[SHELL OUT]:	[Parent:00007ff6692eebe1] >> Reading [60 bytes(s)->1 block(s)] from LBA[2048(1048576)-2049(1049088)]
[SHELL OUT]:	FS-Root Blob:
[SHELL OUT]:	    Version: [0:131072]
[SHELL OUT]:	    Sig: 
[SHELL OUT]:	    Configured Log Sectors: 2
[SHELL OUT]:	    Configured Block Size: 0
[SHELL OUT]:	    Configured Cluster-Map Size: 16711743
[SHELL OUT]:	[C:\GitHub\BlockyOS\tools\filesystem\frat.c:145]  >>  GPT-Entry: ROOT{133120:2230271 -> 2097151}
[SHELL OUT]:	[C:\GitHub\BlockyOS\tools\filesystem\frat.c:159]  >>  Querying FS at 133120
[SHELL OUT]:	Reading Bytes
[SHELL OUT]:	[Parent:00007ff6692eebe1] >> Reading [60 bytes(s)->1 block(s)] from LBA[133120(68157440)-133121(68157952)]
[SHELL OUT]:	FS-Root Blob:
[SHELL OUT]:	    Version: [0:1]
[SHELL OUT]:	    Sig: FRAT_FILESYSTEM
[SHELL OUT]:	    Configured Log Sectors: 32
[SHELL OUT]:	    Configured Block Size: 2048
[SHELL OUT]:	    Configured Cluster-Map Size: 20480
[SHELL OUT]:	[C:\GitHub\BlockyOS\tools\filesystem\frat.c:184]  >>  FS Found at [133120]:
[SHELL OUT]:		Version-Code: [0:1]
[SHELL OUT]:		Configured Block-Size: 2048
[SHELL OUT]:		Configured Cluster-Size: 20480
[SHELL OUT]:		Configured # of Log-Sectors: 32
[SHELL OUT]:		Configured Log-Size: 576
[SHELL OUT]:	[C:\GitHub\BlockyOS\tools\filesystem\frat.c:210]  >>  Found Formatted Partition: 133120:2230271 -> 2097151
[SHELL OUT]:	Reading Bytes
[SHELL OUT]:	[Parent:00007ff6692ef05b] >> Reading [60 bytes(s)->1 block(s)] from LBA[133120(68157440)-133121(68157952)]
[SHELL OUT]:	[C:\GitHub\BlockyOS\tools\filesystem\frat.c:223]  >>  Root: 133120:2230271 -> 2097151 LBAs
[SHELL OUT]:		Version-Code: [0:1]
[SHELL OUT]:		Configured Block-Size: 2048
[SHELL OUT]:		Configured Cluster-Size: 20480
[SHELL OUT]:		Configured # of Log-Sectors: 20480
[SHELL OUT]:		Configured Log-Size: 32
[SHELL OUT]:	Reading Bytes
[SHELL OUT]:	[Parent:00007ff6692ef39f] >> Reading [65536 bytes(s)->128 block(s)] from LBA[133121(68159488)-133249(68421632)]
[SHELL OUT]:	Reading Bytes
[SHELL OUT]:	[Parent:00007ff6692ef44b] >> Reading [20480 bytes(s)->40 block(s)] from LBA[202752(210763776)-202792(210845696)]
[SHELL OUT]:	    Verifying FS Root Items #items: 1024
[SHELL OUT]:	Reading Bytes
[SHELL OUT]:	[Parent:00007ff6692ef6be] >> Reading [512 bytes(s)->4 block(s)] from LBA[225280(256901120)-225284(256909312)]
[SHELL OUT]:	Reading Bytes
[SHELL OUT]:	[Parent:00007ff6692ef6be] >> Reading [512 bytes(s)->4 block(s)] from LBA[225281(256903168)-225285(256911360)]
[SHELL OUT]:	Reading Bytes
[SHELL OUT]:	[Parent:00007ff6692ef6be] >> Reading [512 bytes(s)->4 block(s)] from LBA[225396(257138688)-225400(257146880)]
[SHELL OUT]:	Reading Bytes
[SHELL OUT]:	[Parent:00007ff6692ef6be] >> Reading [512 bytes(s)->4 block(s)] from LBA[225422(257191936)-225426(257200128)]
[SHELL OUT]:	Reading Bytes
[SHELL OUT]:	[Parent:00007ff6692ef6be] >> Reading [512 bytes(s)->4 block(s)] from LBA[225431(257210368)-225435(257218560)]
[SHELL OUT]:	Reading Bytes
[SHELL OUT]:	[Parent:00007ff6692ef6be] >> Reading [512 bytes(s)->4 block(s)] from LBA[225446(257241088)-225450(257249280)]
[SHELL OUT]:	Reading Bytes
[SHELL OUT]:	[Parent:00007ff6692ef6be] >> Reading [512 bytes(s)->4 block(s)] from LBA[225560(257474560)-225564(257482752)]
[SHELL OUT]:	Reading Bytes
[SHELL OUT]:	[Parent:00007ff6692ef6be] >> Reading [512 bytes(s)->4 block(s)] from LBA[225586(257527808)-225590(257536000)]
[SHELL OUT]:	Reading Bytes
[SHELL OUT]:	[Parent:00007ff6692ef6be] >> Reading [512 bytes(s)->4 block(s)] from LBA[225595(257546240)-225599(257554432)]
[SHELL OUT]:	Reading Bytes
[SHELL OUT]:	[Parent:00007ff6692ef6be] >> Reading [512 bytes(s)->4 block(s)] from LBA[225610(257576960)-225614(257585152)]
[SHELL OUT]:	Closing Disk Interface >> {C:/GitHub/BlockyOS/Build/Build-nodate/disk.img}
[SHELL OUT]:	[Parent:00007ff6692f1926] >>  C:/GitHub/BlockyOS/Build/Build-nodate/disk.img  Base: 133120    ConfBlockSize: 2048    Starting Disk Env ID: 
[SHELL OUT]:	Writing Bytes
[SHELL OUT]:	[Parent:00007ff6692f194f] >> Wrtiting [60 bytes(s)->4 block(s)] to LBA[133120(68157440)-133124(68165632)]
[SHELL OUT]:	Writing Bytes
[SHELL OUT]:	[Parent:00007ff6692f1997] >> Wrtiting [20480 bytes(s)->40 block(s)] to LBA[202752(210763776)-202792(210845696)]
[SHELL OUT]:	Closing Disk Interface >> {C:/GitHub/BlockyOS/Build/Build-nodate/disk.img}
[SHELL OUT]:	[0]: ""
[SHELL]	create -la fc -p SYSD/ -n test.log
[SHELL OUT]:	
[SHELL OUT]:	>> 
[SHELL OUT]:	>> 
[SHELL OUT]:	00000282564f5ecb:fc	00000282564f5ed1:SYSD/	00000282564f5eda:test.log	
[SHELL OUT]:	[	SYSD/test.log]
[SHELL OUT]:	Mounting File [SYSD/test.log] with "fc"
[SHELL OUT]:	Creating File at: ./SYSD/test.log
[SHELL OUT]:	Root is 00000282564f9030
[SHELL OUT]:	Root is 00000282564f9030
[SHELL OUT]:	Un-Mounting File [17326495997843702475:275180975602787]
[SHELL OUT]:	[Parent:00007ff6692f1926] >>  C:/GitHub/BlockyOS/Build/Build-nodate/disk.img  Base: 133120    ConfBlockSize: 2048    Starting Disk Env ID: 
[SHELL OUT]:	Writing Bytes
[SHELL OUT]:	[Parent:00007ff6692f194f] >> Wrtiting [60 bytes(s)->4 block(s)] to LBA[133120(68157440)-133124(68165632)]
[SHELL OUT]:	Writing Bytes
[SHELL OUT]:	[Parent:00007ff6692f1997] >> Wrtiting [20480 bytes(s)->40 block(s)] to LBA[202752(210763776)-202792(210845696)]
[SHELL OUT]:	Closing Disk Interface >> {C:/GitHub/BlockyOS/Build/Build-nodate/disk.img}
[SHELL OUT]:	[0]: ""
[SHELL]	FSFRAT.OPEN
[SHELL]	open -p SYSD/test.log -a TEST -la f
[SHELL OUT]:	
[SHELL OUT]:	>> 
[SHELL OUT]:	>> 
[SHELL OUT]:	Mounting File [SYSD/test.log] with "f"
[SHELL OUT]:	Root is 00000282564f9030
[SHELL OUT]:	[0]: ""
[SHELL]	FSFRAT.WRITE
[SHELL]	fwrite -pp C:/GitHub/BlockyOS/compile/TEST.log -ia %TEST% -p 0 -n 0
[SHELL OUT]:	
[SHELL OUT]:	>> 
[SHELL OUT]:	>> 
[SHELL OUT]:	[Parent:00007ff6692f1f16] >>  C:/GitHub/BlockyOS/Build/Build-nodate/disk.img  Base: 133120    ConfBlockSize: 2048    Starting Disk Env ID: 
[SHELL OUT]:	[Parent:00007ff6692f1e53] >>  C:/GitHub/BlockyOS/Build/Build-nodate/disk.img  Base: 133120    ConfBlockSize: 2048    Starting Disk Env ID: 
[SHELL OUT]:	Reading File Info
[SHELL OUT]:	Reading Bytes
[SHELL OUT]:	[Parent:00007ff6692f1ec2] >> Reading [512 bytes(s)->4 block(s)] from LBA[225610(257576960)-225614(257585152)]
[SHELL OUT]:	Closing Disk Interface >> {C:/GitHub/BlockyOS/Build/Build-nodate/disk.img}
[SHELL OUT]:	Writing Bytes
[SHELL OUT]:	[Parent:00007ff6692f2010] >> Wrtiting [512 bytes(s)->4 block(s)] to LBA[225610(257576960)-225614(257585152)]
[SHELL OUT]:	Closing Disk Interface >> {C:/GitHub/BlockyOS/Build/Build-nodate/disk.img}
[SHELL OUT]:	Root is 00000282564f9030
[SHELL OUT]:	Reading File Block at 225611, Item: 1.    Root: [17326495997843702475:275180975602787]
[SHELL OUT]:	[Parent:00007ff6692f10ba] >>  C:/GitHub/BlockyOS/Build/Build-nodate/disk.img  Base: 133120    ConfBlockSize: 2048    Starting Disk Env ID: 
[SHELL OUT]:	Reading Bytes
[SHELL OUT]:	[Parent:00007ff6692f10de] >> Reading [2048 bytes(s)->4 block(s)] from LBA[225611(257579008)-225615(257587200)]
[SHELL OUT]:	Closing Disk Interface >> {C:/GitHub/BlockyOS/Build/Build-nodate/disk.img}
[SHELL OUT]:	Writing File Block at 225611, Item: 1.	Root: [17326495997843702475:275180975602787]
[SHELL OUT]:	[Parent:00007ff6692f1557] >>  C:/GitHub/BlockyOS/Build/Build-nodate/disk.img  Base: 133120    ConfBlockSize: 2048    Starting Disk Env ID: 
[SHELL OUT]:	Writing Bytes
[SHELL OUT]:	[Parent:00007ff6692f1583] >> Wrtiting [2048 bytes(s)->4 block(s)] to LBA[225611(257579008)-225615(257587200)]
[SHELL OUT]:	Closing Disk Interface >> {C:/GitHub/BlockyOS/Build/Build-nodate/disk.img}
[SHELL OUT]:	[0]: ""
[SHELL]	SHELL.EXECUTE
False
False
False
0
[SHELL]	SHELL.EXECUTE
0
[SHELL]	SHELL.EXECUTE
False
False
False
0
[SHELL]	FSFRAT.MAKE
[SHELL]	FSFRAT.MOUNT
[SHELL]	e.disk -pp C:/GitHub/BlockyOS/Build/Build-nodate/disk.img -pt ROOT -bs 1024 -lb 10 -v 1:0
[SHELL OUT]:	
[SHELL OUT]:	FSFRAT DRIVER
[SHELL OUT]:	>> 
[SHELL OUT]:	[C:\GitHub\BlockyOS\tools\filesystem\frat.c:196]  >>  Mounting FS Root: [C:/GitHub/BlockyOS/Build/Build-nodate/disk.img]
[SHELL OUT]:	Verifying Disk GPT
[SHELL OUT]:	[Parent:00007ff6692ed8ff] >>  C:/GitHub/BlockyOS/Build/Build-nodate/disk.img  Base: 0    ConfBlockSize: 512    Starting Disk Env ID: 
[SHELL OUT]:	Reading Bytes
[SHELL OUT]:	[Parent:00007ff6692ed91a] >> Reading [92 bytes(s)->1 block(s)] from LBA[1(512)-2(1024)]
[SHELL OUT]:	GPT Dump:
[SHELL OUT]:	    Sig: "EFI PART"
[SHELL OUT]:	    Rev: 65536
[SHELL OUT]:	    Header-Size: 92
[SHELL OUT]:	    Header Checksum: 2621714706
[SHELL OUT]:	    localLBA: 1
[SHELL OUT]:	    altLBA: 2230273
[SHELL OUT]:	    firstUsable: 2048
[SHELL OUT]:	    lastUsable: 2230271
[SHELL OUT]:	    Disk-GUID: 
[SHELL OUT]:	    Partition-Table: 2
[SHELL OUT]:	    # of Partition-Entries: 2
[SHELL OUT]:	    Partition-Entry Size: 128
[SHELL OUT]:	    Partition-Table Checksum: 896708427
[SHELL OUT]:	Closing Disk Interface >> {C:/GitHub/BlockyOS/Build/Build-nodate/disk.img}
[SHELL OUT]:	GPT Exists? true
[SHELL OUT]:	[Parent:00007ff6692eeed9] >>  C:/GitHub/BlockyOS/Build/Build-nodate/disk.img  Base: 0    ConfBlockSize: 512    Starting Disk Env ID: 
[SHELL OUT]:	Reading Bytes
[SHELL OUT]:	[Parent:00007ff6692eeefa] >> Reading [92 bytes(s)->1 block(s)] from LBA[1(512)-2(1024)]
[SHELL OUT]:	[C:\GitHub\BlockyOS\tools\filesystem\frat.c:137]  >>  Querying Part Table
[SHELL OUT]:	Reading Bytes
[SHELL OUT]:	[Parent:00007ff6692ee73d] >> Reading [256 bytes(s)->1 block(s)] from LBA[2(1024)-3(1536)]
[SHELL OUT]:	[C:\GitHub\BlockyOS\tools\filesystem\frat.c:145]  >>  GPT-Entry: BOOT{2048:133119 -> 131071}
[SHELL OUT]:	[C:\GitHub\BlockyOS\tools\filesystem\frat.c:159]  >>  Querying FS at 2048
[SHELL OUT]:	Reading Bytes
[SHELL OUT]:	[Parent:00007ff6692eebe1] >> Reading [60 bytes(s)->1 block(s)] from LBA[2048(1048576)-2049(1049088)]
[SHELL OUT]:	FS-Root Blob:
[SHELL OUT]:	    Version: [0:131072]
[SHELL OUT]:	    Sig: 
[SHELL OUT]:	    Configured Log Sectors: 2
[SHELL OUT]:	    Configured Block Size: 0
[SHELL OUT]:	    Configured Cluster-Map Size: 16711743
[SHELL OUT]:	[C:\GitHub\BlockyOS\tools\filesystem\frat.c:145]  >>  GPT-Entry: ROOT{133120:2230271 -> 2097151}
[SHELL OUT]:	[C:\GitHub\BlockyOS\tools\filesystem\frat.c:159]  >>  Querying FS at 133120
[SHELL OUT]:	Reading Bytes
[SHELL OUT]:	[Parent:00007ff6692eebe1] >> Reading [60 bytes(s)->1 block(s)] from LBA[133120(68157440)-133121(68157952)]
[SHELL OUT]:	FS-Root Blob:
[SHELL OUT]:	    Version: [0:1]
[SHELL OUT]:	    Sig: FRAT_FILESYSTEM
[SHELL OUT]:	    Configured Log Sectors: 32
[SHELL OUT]:	    Configured Block Size: 2048
[SHELL OUT]:	    Configured Cluster-Map Size: 20480
[SHELL OUT]:	[C:\GitHub\BlockyOS\tools\filesystem\frat.c:184]  >>  FS Found at [133120]:
[SHELL OUT]:		Version-Code: [0:1]
[SHELL OUT]:		Configured Block-Size: 2048
[SHELL OUT]:		Configured Cluster-Size: 20480
[SHELL OUT]:		Configured # of Log-Sectors: 32
[SHELL OUT]:		Configured Log-Size: 576
[SHELL OUT]:	[C:\GitHub\BlockyOS\tools\filesystem\frat.c:210]  >>  Found Formatted Partition: 133120:2230271 -> 2097151
[SHELL OUT]:	Reading Bytes
[SHELL OUT]:	[Parent:00007ff6692ef05b] >> Reading [60 bytes(s)->1 block(s)] from LBA[133120(68157440)-133121(68157952)]
[SHELL OUT]:	[C:\GitHub\BlockyOS\tools\filesystem\frat.c:223]  >>  Root: 133120:2230271 -> 2097151 LBAs
[SHELL OUT]:		Version-Code: [0:1]
[SHELL OUT]:		Configured Block-Size: 2048
[SHELL OUT]:		Configured Cluster-Size: 20480
[SHELL OUT]:		Configured # of Log-Sectors: 20480
[SHELL OUT]:		Configured Log-Size: 32
[SHELL OUT]:	Reading Bytes
[SHELL OUT]:	[Parent:00007ff6692ef39f] >> Reading [65536 bytes(s)->128 block(s)] from LBA[133121(68159488)-133249(68421632)]
[SHELL OUT]:	Reading Bytes
[SHELL OUT]:	[Parent:00007ff6692ef44b] >> Reading [20480 bytes(s)->40 block(s)] from LBA[202752(210763776)-202792(210845696)]
[SHELL OUT]:	    Verifying FS Root Items #items: 1024
[SHELL OUT]:	Reading Bytes
[SHELL OUT]:	[Parent:00007ff6692ef6be] >> Reading [512 bytes(s)->4 block(s)] from LBA[225280(256901120)-225284(256909312)]
[SHELL OUT]:	Reading Bytes
[SHELL OUT]:	[Parent:00007ff6692ef6be] >> Reading [512 bytes(s)->4 block(s)] from LBA[225281(256903168)-225285(256911360)]
[SHELL OUT]:	Reading Bytes
[SHELL OUT]:	[Parent:00007ff6692ef6be] >> Reading [512 bytes(s)->4 block(s)] from LBA[225396(257138688)-225400(257146880)]
[SHELL OUT]:	Reading Bytes
[SHELL OUT]:	[Parent:00007ff6692ef6be] >> Reading [512 bytes(s)->4 block(s)] from LBA[225422(257191936)-225426(257200128)]
[SHELL OUT]:	Reading Bytes
[SHELL OUT]:	[Parent:00007ff6692ef6be] >> Reading [512 bytes(s)->4 block(s)] from LBA[225431(257210368)-225435(257218560)]
[SHELL OUT]:	Reading Bytes
[SHELL OUT]:	[Parent:00007ff6692ef6be] >> Reading [512 bytes(s)->4 block(s)] from LBA[225446(257241088)-225450(257249280)]
[SHELL OUT]:	Reading Bytes
[SHELL OUT]:	[Parent:00007ff6692ef6be] >> Reading [512 bytes(s)->4 block(s)] from LBA[225560(257474560)-225564(257482752)]
[SHELL OUT]:	Reading Bytes
[SHELL OUT]:	[Parent:00007ff6692ef6be] >> Reading [512 bytes(s)->4 block(s)] from LBA[225586(257527808)-225590(257536000)]
[SHELL OUT]:	Reading Bytes
[SHELL OUT]:	[Parent:00007ff6692ef6be] >> Reading [512 bytes(s)->4 block(s)] from LBA[225595(257546240)-225599(257554432)]
[SHELL OUT]:	Reading Bytes
[SHELL OUT]:	[Parent:00007ff6692ef6be] >> Reading [512 bytes(s)->4 block(s)] from LBA[225610(257576960)-225614(257585152)]
[SHELL OUT]:	Closing Disk Interface >> {C:/GitHub/BlockyOS/Build/Build-nodate/disk.img}
[SHELL OUT]:	[Parent:00007ff6692f1926] >>  C:/GitHub/BlockyOS/Build/Build-nodate/disk.img  Base: 133120    ConfBlockSize: 2048    Starting Disk Env ID: 
[SHELL OUT]:	Writing Bytes
[SHELL OUT]:	[Parent:00007ff6692f194f] >> Wrtiting [60 bytes(s)->4 block(s)] to LBA[133120(68157440)-133124(68165632)]
[SHELL OUT]:	Writing Bytes
[SHELL OUT]:	[Parent:00007ff6692f1997] >> Wrtiting [20480 bytes(s)->40 block(s)] to LBA[202752(210763776)-202792(210845696)]
[SHELL OUT]:	Closing Disk Interface >> {C:/GitHub/BlockyOS/Build/Build-nodate/disk.img}
[SHELL OUT]:	[0]: ""
[SHELL]	create -la fc -p SYSD/ -n test.log
[SHELL OUT]:	
[SHELL OUT]:	>> 
[SHELL OUT]:	>> 
[SHELL OUT]:	00000276e2bb5ecb:fc	00000276e2bb5ed1:SYSD/	00000276e2bb5eda:test.log	
[SHELL OUT]:	[	SYSD/test.log]
[SHELL OUT]:	Mounting File [SYSD/test.log] with "fc"
[SHELL OUT]:	Creating File at: ./SYSD/test.log
[SHELL OUT]:	Root is 00000276e2bb9030
[SHELL OUT]:	Root is 00000276e2bb9030
[SHELL OUT]:	Un-Mounting File [17326495997843702475:275180975602787]
[SHELL OUT]:	[Parent:00007ff6692f1926] >>  C:/GitHub/BlockyOS/Build/Build-nodate/disk.img  Base: 133120    ConfBlockSize: 2048    Starting Disk Env ID: 
[SHELL OUT]:	Writing Bytes
[SHELL OUT]:	[Parent:00007ff6692f194f] >> Wrtiting [60 bytes(s)->4 block(s)] to LBA[133120(68157440)-133124(68165632)]
[SHELL OUT]:	Writing Bytes
[SHELL OUT]:	[Parent:00007ff6692f1997] >> Wrtiting [20480 bytes(s)->40 block(s)] to LBA[202752(210763776)-202792(210845696)]
[SHELL OUT]:	Closing Disk Interface >> {C:/GitHub/BlockyOS/Build/Build-nodate/disk.img}
[SHELL OUT]:	[0]: ""
[SHELL]	FSFRAT.OPEN
[SHELL]	open -p SYSD/test.log -a TEST -la f
[SHELL OUT]:	
[SHELL OUT]:	>> 
[SHELL OUT]:	>> 
[SHELL OUT]:	Mounting File [SYSD/test.log] with "f"
[SHELL OUT]:	Root is 00000276e2bb9030
[SHELL OUT]:	[0]: ""
[SHELL]	FSFRAT.WRITE
[SHELL]	fwrite -pp C:/GitHub/BlockyOS/compile/TEST.log -ia %TEST% -p 0 -n 0
[SHELL OUT]:	
[SHELL OUT]:	>> 
[SHELL OUT]:	>> 
[SHELL OUT]:	[Parent:00007ff6692f1f16] >>  C:/GitHub/BlockyOS/Build/Build-nodate/disk.img  Base: 133120    ConfBlockSize: 2048    Starting Disk Env ID: 
[SHELL OUT]:	[Parent:00007ff6692f1e53] >>  C:/GitHub/BlockyOS/Build/Build-nodate/disk.img  Base: 133120    ConfBlockSize: 2048    Starting Disk Env ID: 
[SHELL OUT]:	Reading File Info
[SHELL OUT]:	Reading Bytes
[SHELL OUT]:	[Parent:00007ff6692f1ec2] >> Reading [512 bytes(s)->4 block(s)] from LBA[225610(257576960)-225614(257585152)]
[SHELL OUT]:	Closing Disk Interface >> {C:/GitHub/BlockyOS/Build/Build-nodate/disk.img}
[SHELL OUT]:	Writing Bytes
[SHELL OUT]:	[Parent:00007ff6692f2010] >> Wrtiting [512 bytes(s)->4 block(s)] to LBA[225610(257576960)-225614(257585152)]
[SHELL OUT]:	Closing Disk Interface >> {C:/GitHub/BlockyOS/Build/Build-nodate/disk.img}
[SHELL OUT]:	Root is 00000276e2bb9030
[SHELL OUT]:	Reading File Block at 225611, Item: 1.    Root: [17326495997843702475:275180975602787]
[SHELL OUT]:	[Parent:00007ff6692f10ba] >>  C:/GitHub/BlockyOS/Build/Build-nodate/disk.img  Base: 133120    ConfBlockSize: 2048    Starting Disk Env ID: 
[SHELL OUT]:	Reading Bytes
[SHELL OUT]:	[Parent:00007ff6692f10de] >> Reading [2048 bytes(s)->4 block(s)] from LBA[225611(257579008)-225615(257587200)]
[SHELL OUT]:	Closing Disk Interface >> {C:/GitHub/BlockyOS/Build/Build-nodate/disk.img}
[SHELL OUT]:	Writing File Block at 225611, Item: 1.	Root: [17326495997843702475:275180975602787]
[SHELL OUT]:	[Parent:00007ff6692f1557] >>  C:/GitHub/BlockyOS/Build/Build-nodate/disk.img  Base: 133120    ConfBlockSize: 2048    Starting Disk Env ID: 
[SHELL OUT]:	Writing Bytes
[SHELL OUT]:	[Parent:00007ff6692f1583] >> Wrtiting [2048 bytes(s)->4 block(s)] to LBA[225611(257579008)-225615(257587200)]
[SHELL OUT]:	Closing Disk Interface >> {C:/GitHub/BlockyOS/Build/Build-nodate/disk.img}
[SHELL OUT]:	[0]: ""
[SHELL]	SHELL.EXECUTE
False
False
False
0
[SHELL]	SHELL.EXECUTE
0
[SHELL]	SHELL.EXECUTE
False
False
False
0
[SHELL]	FSFRAT.MAKE
[SHELL]	FSFRAT.MOUNT
[SHELL]	e.disk -pp C:/GitHub/BlockyOS/Build/Build-nodate/disk.img -pt ROOT -bs 1024 -lb 10 -v 1:0
[SHELL OUT]:	
[SHELL OUT]:	FSFRAT DRIVER
[SHELL OUT]:	>> 
[SHELL OUT]:	[C:\GitHub\BlockyOS\tools\filesystem\frat.c:196]  >>  Mounting FS Root: [C:/GitHub/BlockyOS/Build/Build-nodate/disk.img]
[SHELL OUT]:	Verifying Disk GPT
[SHELL OUT]:	[Parent:00007ff6692ed8ff] >>  C:/GitHub/BlockyOS/Build/Build-nodate/disk.img  Base: 0    ConfBlockSize: 512    Starting Disk Env ID: 
[SHELL OUT]:	Reading Bytes
[SHELL OUT]:	[Parent:00007ff6692ed91a] >> Reading [92 bytes(s)->1 block(s)] from LBA[1(512)-2(1024)]
[SHELL OUT]:	GPT Dump:
[SHELL OUT]:	    Sig: "EFI PART"
[SHELL OUT]:	    Rev: 65536
[SHELL OUT]:	    Header-Size: 92
[SHELL OUT]:	    Header Checksum: 2621714706
[SHELL OUT]:	    localLBA: 1
[SHELL OUT]:	    altLBA: 2230273
[SHELL OUT]:	    firstUsable: 2048
[SHELL OUT]:	    lastUsable: 2230271
[SHELL OUT]:	    Disk-GUID: 
[SHELL OUT]:	    Partition-Table: 2
[SHELL OUT]:	    # of Partition-Entries: 2
[SHELL OUT]:	    Partition-Entry Size: 128
[SHELL OUT]:	    Partition-Table Checksum: 896708427
[SHELL OUT]:	Closing Disk Interface >> {C:/GitHub/BlockyOS/Build/Build-nodate/disk.img}
[SHELL OUT]:	GPT Exists? true
[SHELL OUT]:	[Parent:00007ff6692eeed9] >>  C:/GitHub/BlockyOS/Build/Build-nodate/disk.img  Base: 0    ConfBlockSize: 512    Starting Disk Env ID: 
[SHELL OUT]:	Reading Bytes
[SHELL OUT]:	[Parent:00007ff6692eeefa] >> Reading [92 bytes(s)->1 block(s)] from LBA[1(512)-2(1024)]
[SHELL OUT]:	[C:\GitHub\BlockyOS\tools\filesystem\frat.c:137]  >>  Querying Part Table
[SHELL OUT]:	Reading Bytes
[SHELL OUT]:	[Parent:00007ff6692ee73d] >> Reading [256 bytes(s)->1 block(s)] from LBA[2(1024)-3(1536)]
[SHELL OUT]:	[C:\GitHub\BlockyOS\tools\filesystem\frat.c:145]  >>  GPT-Entry: BOOT{2048:133119 -> 131071}
[SHELL OUT]:	[C:\GitHub\BlockyOS\tools\filesystem\frat.c:159]  >>  Querying FS at 2048
[SHELL OUT]:	Reading Bytes
[SHELL OUT]:	[Parent:00007ff6692eebe1] >> Reading [60 bytes(s)->1 block(s)] from LBA[2048(1048576)-2049(1049088)]
[SHELL OUT]:	FS-Root Blob:
[SHELL OUT]:	    Version: [0:131072]
[SHELL OUT]:	    Sig: 
[SHELL OUT]:	    Configured Log Sectors: 2
[SHELL OUT]:	    Configured Block Size: 0
[SHELL OUT]:	    Configured Cluster-Map Size: 16711743
[SHELL OUT]:	[C:\GitHub\BlockyOS\tools\filesystem\frat.c:145]  >>  GPT-Entry: ROOT{133120:2230271 -> 2097151}
[SHELL OUT]:	[C:\GitHub\BlockyOS\tools\filesystem\frat.c:159]  >>  Querying FS at 133120
[SHELL OUT]:	Reading Bytes
[SHELL OUT]:	[Parent:00007ff6692eebe1] >> Reading [60 bytes(s)->1 block(s)] from LBA[133120(68157440)-133121(68157952)]
[SHELL OUT]:	FS-Root Blob:
[SHELL OUT]:	    Version: [0:1]
[SHELL OUT]:	    Sig: FRAT_FILESYSTEM
[SHELL OUT]:	    Configured Log Sectors: 32
[SHELL OUT]:	    Configured Block Size: 2048
[SHELL OUT]:	    Configured Cluster-Map Size: 20480
[SHELL OUT]:	[C:\GitHub\BlockyOS\tools\filesystem\frat.c:184]  >>  FS Found at [133120]:
[SHELL OUT]:		Version-Code: [0:1]
[SHELL OUT]:		Configured Block-Size: 2048
[SHELL OUT]:		Configured Cluster-Size: 20480
[SHELL OUT]:		Configured # of Log-Sectors: 32
[SHELL OUT]:		Configured Log-Size: 576
[SHELL OUT]:	[C:\GitHub\BlockyOS\tools\filesystem\frat.c:210]  >>  Found Formatted Partition: 133120:2230271 -> 2097151
[SHELL OUT]:	Reading Bytes
[SHELL OUT]:	[Parent:00007ff6692ef05b] >> Reading [60 bytes(s)->1 block(s)] from LBA[133120(68157440)-133121(68157952)]
[SHELL OUT]:	[C:\GitHub\BlockyOS\tools\filesystem\frat.c:223]  >>  Root: 133120:2230271 -> 2097151 LBAs
[SHELL OUT]:		Version-Code: [0:1]
[SHELL OUT]:		Configured Block-Size: 2048
[SHELL OUT]:		Configured Cluster-Size: 20480
[SHELL OUT]:		Configured # of Log-Sectors: 20480
[SHELL OUT]:		Configured Log-Size: 32
[SHELL OUT]:	Reading Bytes
[SHELL OUT]:	[Parent:00007ff6692ef39f] >> Reading [65536 bytes(s)->128 block(s)] from LBA[133121(68159488)-133249(68421632)]
[SHELL OUT]:	Reading Bytes
[SHELL OUT]:	[Parent:00007ff6692ef44b] >> Reading [20480 bytes(s)->40 block(s)] from LBA[202752(210763776)-202792(210845696)]
[SHELL OUT]:	    Verifying FS Root Items #items: 1024
[SHELL OUT]:	Reading Bytes
[SHELL OUT]:	[Parent:00007ff6692ef6be] >> Reading [512 bytes(s)->4 block(s)] from LBA[225280(256901120)-225284(256909312)]
[SHELL OUT]:	Reading Bytes
[SHELL OUT]:	[Parent:00007ff6692ef6be] >> Reading [512 bytes(s)->4 block(s)] from LBA[225281(256903168)-225285(256911360)]
[SHELL OUT]:	Reading Bytes
[SHELL OUT]:	[Parent:00007ff6692ef6be] >> Reading [512 bytes(s)->4 block(s)] from LBA[225396(257138688)-225400(257146880)]
[SHELL OUT]:	Reading Bytes
[SHELL OUT]:	[Parent:00007ff6692ef6be] >> Reading [512 bytes(s)->4 block(s)] from LBA[225422(257191936)-225426(257200128)]
[SHELL OUT]:	Reading Bytes
[SHELL OUT]:	[Parent:00007ff6692ef6be] >> Reading [512 bytes(s)->4 block(s)] from LBA[225431(257210368)-225435(257218560)]
[SHELL OUT]:	Reading Bytes
[SHELL OUT]:	[Parent:00007ff6692ef6be] >> Reading [512 bytes(s)->4 block(s)] from LBA[225446(257241088)-225450(257249280)]
[SHELL OUT]:	Reading Bytes
[SHELL OUT]:	[Parent:00007ff6692ef6be] >> Reading [512 bytes(s)->4 block(s)] from LBA[225560(257474560)-225564(257482752)]
[SHELL OUT]:	Reading Bytes
[SHELL OUT]:	[Parent:00007ff6692ef6be] >> Reading [512 bytes(s)->4 block(s)] from LBA[225586(257527808)-225590(257536000)]
[SHELL OUT]:	Reading Bytes
[SHELL OUT]:	[Parent:00007ff6692ef6be] >> Reading [512 bytes(s)->4 block(s)] from LBA[225595(257546240)-225599(257554432)]
[SHELL OUT]:	Reading Bytes
[SHELL OUT]:	[Parent:00007ff6692ef6be] >> Reading [512 bytes(s)->4 block(s)] from LBA[225610(257576960)-225614(257585152)]
[SHELL OUT]:	Closing Disk Interface >> {C:/GitHub/BlockyOS/Build/Build-nodate/disk.img}
[SHELL OUT]:	[Parent:00007ff6692f1926] >>  C:/GitHub/BlockyOS/Build/Build-nodate/disk.img  Base: 133120    ConfBlockSize: 2048    Starting Disk Env ID: 
[SHELL OUT]:	Writing Bytes
[SHELL OUT]:	[Parent:00007ff6692f194f] >> Wrtiting [60 bytes(s)->4 block(s)] to LBA[133120(68157440)-133124(68165632)]
[SHELL OUT]:	Writing Bytes
[SHELL OUT]:	[Parent:00007ff6692f1997] >> Wrtiting [20480 bytes(s)->40 block(s)] to LBA[202752(210763776)-202792(210845696)]
[SHELL OUT]:	Closing Disk Interface >> {C:/GitHub/BlockyOS/Build/Build-nodate/disk.img}
[SHELL OUT]:	[0]: ""
[SHELL]	create -la fc -p SYSD/ -n test.log
[SHELL OUT]:	
[SHELL OUT]:	>> 
[SHELL OUT]:	>> 
[SHELL OUT]:	000001976a855ecb:fc	000001976a855ed1:SYSD/	000001976a855eda:test.log	
[SHELL OUT]:	[	SYSD/test.log]
[SHELL OUT]:	Mounting File [SYSD/test.log] with "fc"
[SHELL OUT]:	Creating File at: ./SYSD/test.log
[SHELL OUT]:	Root is 000001976a859030
[SHELL OUT]:	Root is 000001976a859030
[SHELL OUT]:	Un-Mounting File [17326495997843702475:275180975602787]
[SHELL OUT]:	[Parent:00007ff6692f1926] >>  C:/GitHub/BlockyOS/Build/Build-nodate/disk.img  Base: 133120    ConfBlockSize: 2048    Starting Disk Env ID: 
[SHELL OUT]:	Writing Bytes
[SHELL OUT]:	[Parent:00007ff6692f194f] >> Wrtiting [60 bytes(s)->4 block(s)] to LBA[133120(68157440)-133124(68165632)]
[SHELL OUT]:	Writing Bytes
[SHELL OUT]:	[Parent:00007ff6692f1997] >> Wrtiting [20480 bytes(s)->40 block(s)] to LBA[202752(210763776)-202792(210845696)]
[SHELL OUT]:	Closing Disk Interface >> {C:/GitHub/BlockyOS/Build/Build-nodate/disk.img}
[SHELL OUT]:	[0]: ""
[SHELL]	FSFRAT.OPEN
[SHELL]	open -p SYSD/test.log -a TEST -la f
[SHELL OUT]:	
[SHELL OUT]:	>> 
[SHELL OUT]:	>> 
[SHELL OUT]:	Mounting File [SYSD/test.log] with "f"
[SHELL OUT]:	Root is 000001976a859030
[SHELL OUT]:	[0]: ""
[SHELL]	FSFRAT.WRITE
[SHELL]	fwrite -pp C:/GitHub/BlockyOS/compile/TEST.log -ia %TEST% -p 0 -n 0
[SHELL OUT]:	
[SHELL OUT]:	>> 
[SHELL OUT]:	>> 
[SHELL OUT]:	[Parent:00007ff6692f1f16] >>  C:/GitHub/BlockyOS/Build/Build-nodate/disk.img  Base: 133120    ConfBlockSize: 2048    Starting Disk Env ID: 
[SHELL OUT]:	[Parent:00007ff6692f1e53] >>  C:/GitHub/BlockyOS/Build/Build-nodate/disk.img  Base: 133120    ConfBlockSize: 2048    Starting Disk Env ID: 
[SHELL OUT]:	Reading File Info
[SHELL OUT]:	Reading Bytes
[SHELL OUT]:	[Parent:00007ff6692f1ec2] >> Reading [512 bytes(s)->4 block(s)] from LBA[225610(257576960)-225614(257585152)]
[SHELL OUT]:	Closing Disk Interface >> {C:/GitHub/BlockyOS/Build/Build-nodate/disk.img}
[SHELL OUT]:	Writing Bytes
[SHELL OUT]:	[Parent:00007ff6692f2010] >> Wrtiting [512 bytes(s)->4 block(s)] to LBA[225610(257576960)-225614(257585152)]
[SHELL OUT]:	Closing Disk Interface >> {C:/GitHub/BlockyOS/Build/Build-nodate/disk.img}
[SHELL OUT]:	Root is 000001976a859030
[SHELL OUT]:	Reading File Block at 225611, Item: 1.    Root: [17326495997843702475:275180975602787]
[SHELL OUT]:	[Parent:00007ff6692f10ba] >>  C:/GitHub/BlockyOS/Build/Build-nodate/disk.img  Base: 133120    ConfBlockSize: 2048    Starting Disk Env ID: 
[SHELL OUT]:	Reading Bytes
[SHELL OUT]:	[Parent:00007ff6692f10de] >> Reading [2048 bytes(s)->4 block(s)] from LBA[225611(257579008)-225615(257587200)]
[SHELL OUT]:	Closing Disk Interface >> {C:/GitHub/BlockyOS/Build/Build-nodate/disk.img}
[SHELL OUT]:	Writing File Block at 225611, Item: 1.	Root: [17326495997843702475:275180975602787]
[SHELL OUT]:	[Parent:00007ff6692f1557] >>  C:/GitHub/BlockyOS/Build/Build-nodate/disk.img  Base: 133120    ConfBlockSize: 2048    Starting Disk Env ID: 
[SHELL OUT]:	Writing Bytes
[SHELL OUT]:	[Parent:00007ff6692f1583] >> Wrtiting [2048 bytes(s)->4 block(s)] to LBA[225611(257579008)-225615(257587200)]
[SHELL OUT]:	Closing Disk Interface >> {C:/GitHub/BlockyOS/Build/Build-nodate/disk.img}
[SHELL OUT]:	[0]: ""
[SHELL]	SHELL.EXECUTE
False
False
False
0
[SHELL]	SHELL.EXECUTE
0
[SHELL]	SHELL.EXECUTE
False
False
False
0
[SHELL]	FSFRAT.MAKE
[SHELL]	FSFRAT.MOUNT
[SHELL]	e.disk -pp C:/GitHub/BlockyOS/Build/Build-nodate/disk.img -pt ROOT -bs 1024 -lb 10 -v 1:0
[SHELL OUT]:	
[SHELL OUT]:	FSFRAT DRIVER
[SHELL OUT]:	>> 
[SHELL OUT]:	[C:\GitHub\BlockyOS\tools\filesystem\frat.c:196]  >>  Mounting FS Root: [C:/GitHub/BlockyOS/Build/Build-nodate/disk.img]
[SHELL OUT]:	Verifying Disk GPT
[SHELL OUT]:	[Parent:00007ff6692ed8ff] >>  C:/GitHub/BlockyOS/Build/Build-nodate/disk.img  Base: 0    ConfBlockSize: 512    Starting Disk Env ID: 
[SHELL OUT]:	Reading Bytes
[SHELL OUT]:	[Parent:00007ff6692ed91a] >> Reading [92 bytes(s)->1 block(s)] from LBA[1(512)-2(1024)]
[SHELL OUT]:	GPT Dump:
[SHELL OUT]:	    Sig: "EFI PART"
[SHELL OUT]:	    Rev: 65536
[SHELL OUT]:	    Header-Size: 92
[SHELL OUT]:	    Header Checksum: 2621714706
[SHELL OUT]:	    localLBA: 1
[SHELL OUT]:	    altLBA: 2230273
[SHELL OUT]:	    firstUsable: 2048
[SHELL OUT]:	    lastUsable: 2230271
[SHELL OUT]:	    Disk-GUID: 
[SHELL OUT]:	    Partition-Table: 2
[SHELL OUT]:	    # of Partition-Entries: 2
[SHELL OUT]:	    Partition-Entry Size: 128
[SHELL OUT]:	    Partition-Table Checksum: 896708427
[SHELL OUT]:	Closing Disk Interface >> {C:/GitHub/BlockyOS/Build/Build-nodate/disk.img}
[SHELL OUT]:	GPT Exists? true
[SHELL OUT]:	[Parent:00007ff6692eeed9] >>  C:/GitHub/BlockyOS/Build/Build-nodate/disk.img  Base: 0    ConfBlockSize: 512    Starting Disk Env ID: 
[SHELL OUT]:	Reading Bytes
[SHELL OUT]:	[Parent:00007ff6692eeefa] >> Reading [92 bytes(s)->1 block(s)] from LBA[1(512)-2(1024)]
[SHELL OUT]:	[C:\GitHub\BlockyOS\tools\filesystem\frat.c:137]  >>  Querying Part Table
[SHELL OUT]:	Reading Bytes
[SHELL OUT]:	[Parent:00007ff6692ee73d] >> Reading [256 bytes(s)->1 block(s)] from LBA[2(1024)-3(1536)]
[SHELL OUT]:	[C:\GitHub\BlockyOS\tools\filesystem\frat.c:145]  >>  GPT-Entry: BOOT{2048:133119 -> 131071}
[SHELL OUT]:	[C:\GitHub\BlockyOS\tools\filesystem\frat.c:159]  >>  Querying FS at 2048
[SHELL OUT]:	Reading Bytes
[SHELL OUT]:	[Parent:00007ff6692eebe1] >> Reading [60 bytes(s)->1 block(s)] from LBA[2048(1048576)-2049(1049088)]
[SHELL OUT]:	FS-Root Blob:
[SHELL OUT]:	    Version: [0:131072]
[SHELL OUT]:	    Sig: 
[SHELL OUT]:	    Configured Log Sectors: 2
[SHELL OUT]:	    Configured Block Size: 0
[SHELL OUT]:	    Configured Cluster-Map Size: 16711743
[SHELL OUT]:	[C:\GitHub\BlockyOS\tools\filesystem\frat.c:145]  >>  GPT-Entry: ROOT{133120:2230271 -> 2097151}
[SHELL OUT]:	[C:\GitHub\BlockyOS\tools\filesystem\frat.c:159]  >>  Querying FS at 133120
[SHELL OUT]:	Reading Bytes
[SHELL OUT]:	[Parent:00007ff6692eebe1] >> Reading [60 bytes(s)->1 block(s)] from LBA[133120(68157440)-133121(68157952)]
[SHELL OUT]:	FS-Root Blob:
[SHELL OUT]:	    Version: [0:1]
[SHELL OUT]:	    Sig: FRAT_FILESYSTEM
[SHELL OUT]:	    Configured Log Sectors: 32
[SHELL OUT]:	    Configured Block Size: 2048
[SHELL OUT]:	    Configured Cluster-Map Size: 20480
[SHELL OUT]:	[C:\GitHub\BlockyOS\tools\filesystem\frat.c:184]  >>  FS Found at [133120]:
[SHELL OUT]:		Version-Code: [0:1]
[SHELL OUT]:		Configured Block-Size: 2048
[SHELL OUT]:		Configured Cluster-Size: 20480
[SHELL OUT]:		Configured # of Log-Sectors: 32
[SHELL OUT]:		Configured Log-Size: 576
[SHELL OUT]:	[C:\GitHub\BlockyOS\tools\filesystem\frat.c:210]  >>  Found Formatted Partition: 133120:2230271 -> 2097151
[SHELL OUT]:	Reading Bytes
[SHELL OUT]:	[Parent:00007ff6692ef05b] >> Reading [60 bytes(s)->1 block(s)] from LBA[133120(68157440)-133121(68157952)]
[SHELL OUT]:	[C:\GitHub\BlockyOS\tools\filesystem\frat.c:223]  >>  Root: 133120:2230271 -> 2097151 LBAs
[SHELL OUT]:		Version-Code: [0:1]
[SHELL OUT]:		Configured Block-Size: 2048
[SHELL OUT]:		Configured Cluster-Size: 20480
[SHELL OUT]:		Configured # of Log-Sectors: 20480
[SHELL OUT]:		Configured Log-Size: 32
[SHELL OUT]:	Reading Bytes
[SHELL OUT]:	[Parent:00007ff6692ef39f] >> Reading [65536 bytes(s)->128 block(s)] from LBA[133121(68159488)-133249(68421632)]
[SHELL OUT]:	Reading Bytes
[SHELL OUT]:	[Parent:00007ff6692ef44b] >> Reading [20480 bytes(s)->40 block(s)] from LBA[202752(210763776)-202792(210845696)]
[SHELL OUT]:	    Verifying FS Root Items #items: 1024
[SHELL OUT]:	Reading Bytes
[SHELL OUT]:	[Parent:00007ff6692ef6be] >> Reading [512 bytes(s)->4 block(s)] from LBA[225280(256901120)-225284(256909312)]
[SHELL OUT]:	Reading Bytes
[SHELL OUT]:	[Parent:00007ff6692ef6be] >> Reading [512 bytes(s)->4 block(s)] from LBA[225281(256903168)-225285(256911360)]
[SHELL OUT]:	Reading Bytes
[SHELL OUT]:	[Parent:00007ff6692ef6be] >> Reading [512 bytes(s)->4 block(s)] from LBA[225396(257138688)-225400(257146880)]
[SHELL OUT]:	Reading Bytes
[SHELL OUT]:	[Parent:00007ff6692ef6be] >> Reading [512 bytes(s)->4 block(s)] from LBA[225422(257191936)-225426(257200128)]
[SHELL OUT]:	Reading Bytes
[SHELL OUT]:	[Parent:00007ff6692ef6be] >> Reading [512 bytes(s)->4 block(s)] from LBA[225431(257210368)-225435(257218560)]
[SHELL OUT]:	Reading Bytes
[SHELL OUT]:	[Parent:00007ff6692ef6be] >> Reading [512 bytes(s)->4 block(s)] from LBA[225446(257241088)-225450(257249280)]
[SHELL OUT]:	Reading Bytes
[SHELL OUT]:	[Parent:00007ff6692ef6be] >> Reading [512 bytes(s)->4 block(s)] from LBA[225560(257474560)-225564(257482752)]
[SHELL OUT]:	Reading Bytes
[SHELL OUT]:	[Parent:00007ff6692ef6be] >> Reading [512 bytes(s)->4 block(s)] from LBA[225586(257527808)-225590(257536000)]
[SHELL OUT]:	Reading Bytes
[SHELL OUT]:	[Parent:00007ff6692ef6be] >> Reading [512 bytes(s)->4 block(s)] from LBA[225595(257546240)-225599(257554432)]
[SHELL OUT]:	Reading Bytes
[SHELL OUT]:	[Parent:00007ff6692ef6be] >> Reading [512 bytes(s)->4 block(s)] from LBA[225610(257576960)-225614(257585152)]
[SHELL OUT]:	Closing Disk Interface >> {C:/GitHub/BlockyOS/Build/Build-nodate/disk.img}
[SHELL OUT]:	[Parent:00007ff6692f1926] >>  C:/GitHub/BlockyOS/Build/Build-nodate/disk.img  Base: 133120    ConfBlockSize: 2048    Starting Disk Env ID: 
[SHELL OUT]:	Writing Bytes
[SHELL OUT]:	[Parent:00007ff6692f194f] >> Wrtiting [60 bytes(s)->4 block(s)] to LBA[133120(68157440)-133124(68165632)]
[SHELL OUT]:	Writing Bytes
[SHELL OUT]:	[Parent:00007ff6692f1997] >> Wrtiting [20480 bytes(s)->40 block(s)] to LBA[202752(210763776)-202792(210845696)]
[SHELL OUT]:	Closing Disk Interface >> {C:/GitHub/BlockyOS/Build/Build-nodate/disk.img}
[SHELL OUT]:	[0]: ""
[SHELL]	create -la fc -p SYSD/ -n test.log
[SHELL OUT]:	
[SHELL OUT]:	>> 
[SHELL OUT]:	>> 
[SHELL OUT]:	000001d463805ecb:fc	000001d463805ed1:SYSD/	000001d463805eda:test.log	
[SHELL OUT]:	[	SYSD/test.log]
[SHELL OUT]:	Mounting File [SYSD/test.log] with "fc"
[SHELL OUT]:	Creating File at: ./SYSD/test.log
[SHELL OUT]:	Root is 000001d463809030
[SHELL OUT]:	Root is 000001d463809030
[SHELL OUT]:	Un-Mounting File [17326495997843702475:275180975602787]
[SHELL OUT]:	[Parent:00007ff6692f1926] >>  C:/GitHub/BlockyOS/Build/Build-nodate/disk.img  Base: 133120    ConfBlockSize: 2048    Starting Disk Env ID: 
[SHELL OUT]:	Writing Bytes
[SHELL OUT]:	[Parent:00007ff6692f194f] >> Wrtiting [60 bytes(s)->4 block(s)] to LBA[133120(68157440)-133124(68165632)]
[SHELL OUT]:	Writing Bytes
[SHELL OUT]:	[Parent:00007ff6692f1997] >> Wrtiting [20480 bytes(s)->40 block(s)] to LBA[202752(210763776)-202792(210845696)]
[SHELL OUT]:	Closing Disk Interface >> {C:/GitHub/BlockyOS/Build/Build-nodate/disk.img}
[SHELL OUT]:	[0]: ""
[SHELL]	FSFRAT.OPEN
[SHELL]	open -p SYSD/test.log -a TEST -la f
[SHELL OUT]:	
[SHELL OUT]:	>> 
[SHELL OUT]:	>> 
[SHELL OUT]:	Mounting File [SYSD/test.log] with "f"
[SHELL OUT]:	Root is 000001d463809030
[SHELL OUT]:	[0]: ""
[SHELL]	FSFRAT.WRITE
[SHELL]	fwrite -pp C:/GitHub/BlockyOS/compile/TEST.log -ia %TEST% -p 0 -n 0
[SHELL OUT]:	
[SHELL OUT]:	>> 
[SHELL OUT]:	>> 
[SHELL OUT]:	[Parent:00007ff6692f1f16] >>  C:/GitHub/BlockyOS/Build/Build-nodate/disk.img  Base: 133120    ConfBlockSize: 2048    Starting Disk Env ID: 
[SHELL OUT]:	[Parent:00007ff6692f1e53] >>  C:/GitHub/BlockyOS/Build/Build-nodate/disk.img  Base: 133120    ConfBlockSize: 2048    Starting Disk Env ID: 
[SHELL OUT]:	Reading File Info
[SHELL OUT]:	Reading Bytes
[SHELL OUT]:	[Parent:00007ff6692f1ec2] >> Reading [512 bytes(s)->4 block(s)] from LBA[225610(257576960)-225614(257585152)]
[SHELL OUT]:	Closing Disk Interface >> {C:/GitHub/BlockyOS/Build/Build-nodate/disk.img}
[SHELL OUT]:	Writing Bytes
[SHELL OUT]:	[Parent:00007ff6692f2010] >> Wrtiting [512 bytes(s)->4 block(s)] to LBA[225610(257576960)-225614(257585152)]
[SHELL OUT]:	Closing Disk Interface >> {C:/GitHub/BlockyOS/Build/Build-nodate/disk.img}
[SHELL OUT]:	Root is 000001d463809030
[SHELL OUT]:	Reading File Block at 225611, Item: 1.    Root: [17326495997843702475:275180975602787]
[SHELL OUT]:	[Parent:00007ff6692f10ba] >>  C:/GitHub/BlockyOS/Build/Build-nodate/disk.img  Base: 133120    ConfBlockSize: 2048    Starting Disk Env ID: 
[SHELL OUT]:	Reading Bytes
[SHELL OUT]:	[Parent:00007ff6692f10de] >> Reading [2048 bytes(s)->4 block(s)] from LBA[225611(257579008)-225615(257587200)]
[SHELL OUT]:	Closing Disk Interface >> {C:/GitHub/BlockyOS/Build/Build-nodate/disk.img}
[SHELL OUT]:	Writing File Block at 225611, Item: 1.	Root: [17326495997843702475:275180975602787]
[SHELL OUT]:	[Parent:00007ff6692f1557] >>  C:/GitHub/BlockyOS/Build/Build-nodate/disk.img  Base: 133120    ConfBlockSize: 2048    Starting Disk Env ID: 
[SHELL OUT]:	Writing Bytes
[SHELL OUT]:	[Parent:00007ff6692f1583] >> Wrtiting [2048 bytes(s)->4 block(s)] to LBA[225611(257579008)-225615(257587200)]
[SHELL OUT]:	Closing Disk Interface >> {C:/GitHub/BlockyOS/Build/Build-nodate/disk.img}
[SHELL OUT]:	[0]: ""
[SHELL]	SHELL.EXECUTE
False
False
False
0
[SHELL]	SHELL.EXECUTE
0
[SHELL]	SHELL.EXECUTE
[SHELL]	FSFRAT.MAKE
[SHELL]	FSFRAT.MOUNT
[SHELL]	e.disk -pp C:/GitHub/BlockyOS/Build/Build-nodate/disk.img -pt ROOT -bs 1024 -lb 10 -v 1:0
[SHELL OUT]:	
[SHELL OUT]:	FSFRAT DRIVER
[SHELL OUT]:	>> 
[SHELL OUT]:	[C:\GitHub\BlockyOS\tools\filesystem\frat.c:196]  >>  Mounting FS Root: [C:/GitHub/BlockyOS/Build/Build-nodate/disk.img]
[SHELL OUT]:	Verifying Disk GPT
[SHELL OUT]:	[Parent:00007ff6692ed8ff] >>  C:/GitHub/BlockyOS/Build/Build-nodate/disk.img  Base: 0    ConfBlockSize: 512    Starting Disk Env ID: 
[SHELL OUT]:	Reading Bytes
[SHELL OUT]:	[Parent:00007ff6692ed91a] >> Reading [92 bytes(s)->1 block(s)] from LBA[1(512)-2(1024)]
[SHELL OUT]:	GPT Dump:
[SHELL OUT]:	    Sig: "EFI PART"
[SHELL OUT]:	    Rev: 65536
[SHELL OUT]:	    Header-Size: 92
[SHELL OUT]:	    Header Checksum: 2621714706
[SHELL OUT]:	    localLBA: 1
[SHELL OUT]:	    altLBA: 2230273
[SHELL OUT]:	    firstUsable: 2048
[SHELL OUT]:	    lastUsable: 2230271
[SHELL OUT]:	    Disk-GUID: 
[SHELL OUT]:	    Partition-Table: 2
[SHELL OUT]:	    # of Partition-Entries: 2
[SHELL OUT]:	    Partition-Entry Size: 128
[SHELL OUT]:	    Partition-Table Checksum: 896708427
[SHELL OUT]:	Closing Disk Interface >> {C:/GitHub/BlockyOS/Build/Build-nodate/disk.img}
[SHELL OUT]:	GPT Exists? true
[SHELL OUT]:	[Parent:00007ff6692eeed9] >>  C:/GitHub/BlockyOS/Build/Build-nodate/disk.img  Base: 0    ConfBlockSize: 512    Starting Disk Env ID: 
[SHELL OUT]:	Reading Bytes
[SHELL OUT]:	[Parent:00007ff6692eeefa] >> Reading [92 bytes(s)->1 block(s)] from LBA[1(512)-2(1024)]
[SHELL OUT]:	[C:\GitHub\BlockyOS\tools\filesystem\frat.c:137]  >>  Querying Part Table
[SHELL OUT]:	Reading Bytes
[SHELL OUT]:	[Parent:00007ff6692ee73d] >> Reading [256 bytes(s)->1 block(s)] from LBA[2(1024)-3(1536)]
[SHELL OUT]:	[C:\GitHub\BlockyOS\tools\filesystem\frat.c:145]  >>  GPT-Entry: BOOT{2048:133119 -> 131071}
[SHELL OUT]:	[C:\GitHub\BlockyOS\tools\filesystem\frat.c:159]  >>  Querying FS at 2048
[SHELL OUT]:	Reading Bytes
[SHELL OUT]:	[Parent:00007ff6692eebe1] >> Reading [60 bytes(s)->1 block(s)] from LBA[2048(1048576)-2049(1049088)]
[SHELL OUT]:	FS-Root Blob:
[SHELL OUT]:	    Version: [0:131072]
[SHELL OUT]:	    Sig: 
[SHELL OUT]:	    Configured Log Sectors: 2
[SHELL OUT]:	    Configured Block Size: 0
[SHELL OUT]:	    Configured Cluster-Map Size: 16711743
[SHELL OUT]:	[C:\GitHub\BlockyOS\tools\filesystem\frat.c:145]  >>  GPT-Entry: ROOT{133120:2230271 -> 2097151}
[SHELL OUT]:	[C:\GitHub\BlockyOS\tools\filesystem\frat.c:159]  >>  Querying FS at 133120
[SHELL OUT]:	Reading Bytes
[SHELL OUT]:	[Parent:00007ff6692eebe1] >> Reading [60 bytes(s)->1 block(s)] from LBA[133120(68157440)-133121(68157952)]
[SHELL OUT]:	FS-Root Blob:
[SHELL OUT]:	    Version: [0:1]
[SHELL OUT]:	    Sig: FRAT_FILESYSTEM
[SHELL OUT]:	    Configured Log Sectors: 32
[SHELL OUT]:	    Configured Block Size: 2048
[SHELL OUT]:	    Configured Cluster-Map Size: 20480
[SHELL OUT]:	[C:\GitHub\BlockyOS\tools\filesystem\frat.c:184]  >>  FS Found at [133120]:
[SHELL OUT]:		Version-Code: [0:1]
[SHELL OUT]:		Configured Block-Size: 2048
[SHELL OUT]:		Configured Cluster-Size: 20480
[SHELL OUT]:		Configured # of Log-Sectors: 32
[SHELL OUT]:		Configured Log-Size: 576
[SHELL OUT]:	[C:\GitHub\BlockyOS\tools\filesystem\frat.c:210]  >>  Found Formatted Partition: 133120:2230271 -> 2097151
[SHELL OUT]:	Reading Bytes
[SHELL OUT]:	[Parent:00007ff6692ef05b] >> Reading [60 bytes(s)->1 block(s)] from LBA[133120(68157440)-133121(68157952)]
[SHELL OUT]:	[C:\GitHub\BlockyOS\tools\filesystem\frat.c:223]  >>  Root: 133120:2230271 -> 2097151 LBAs
[SHELL OUT]:		Version-Code: [0:1]
[SHELL OUT]:		Configured Block-Size: 2048
[SHELL OUT]:		Configured Cluster-Size: 20480
[SHELL OUT]:		Configured # of Log-Sectors: 20480
[SHELL OUT]:		Configured Log-Size: 32
[SHELL OUT]:	Reading Bytes
[SHELL OUT]:	[Parent:00007ff6692ef39f] >> Reading [65536 bytes(s)->128 block(s)] from LBA[133121(68159488)-133249(68421632)]
[SHELL OUT]:	Reading Bytes
[SHELL OUT]:	[Parent:00007ff6692ef44b] >> Reading [20480 bytes(s)->40 block(s)] from LBA[202752(210763776)-202792(210845696)]
[SHELL OUT]:	    Verifying FS Root Items #items: 1024
[SHELL OUT]:	Reading Bytes
[SHELL OUT]:	[Parent:00007ff6692ef6be] >> Reading [512 bytes(s)->4 block(s)] from LBA[225280(256901120)-225284(256909312)]
[SHELL OUT]:	Reading Bytes
[SHELL OUT]:	[Parent:00007ff6692ef6be] >> Reading [512 bytes(s)->4 block(s)] from LBA[225281(256903168)-225285(256911360)]
[SHELL OUT]:	Reading Bytes
[SHELL OUT]:	[Parent:00007ff6692ef6be] >> Reading [512 bytes(s)->4 block(s)] from LBA[225396(257138688)-225400(257146880)]
[SHELL OUT]:	Reading Bytes
[SHELL OUT]:	[Parent:00007ff6692ef6be] >> Reading [512 bytes(s)->4 block(s)] from LBA[225422(257191936)-225426(257200128)]
[SHELL OUT]:	Reading Bytes
[SHELL OUT]:	[Parent:00007ff6692ef6be] >> Reading [512 bytes(s)->4 block(s)] from LBA[225431(257210368)-225435(257218560)]
[SHELL OUT]:	Reading Bytes
[SHELL OUT]:	[Parent:00007ff6692ef6be] >> Reading [512 bytes(s)->4 block(s)] from LBA[225446(257241088)-225450(257249280)]
[SHELL OUT]:	Reading Bytes
[SHELL OUT]:	[Parent:00007ff6692ef6be] >> Reading [512 bytes(s)->4 block(s)] from LBA[225560(257474560)-225564(257482752)]
[SHELL OUT]:	Reading Bytes
[SHELL OUT]:	[Parent:00007ff6692ef6be] >> Reading [512 bytes(s)->4 block(s)] from LBA[225586(257527808)-225590(257536000)]
[SHELL OUT]:	Reading Bytes
[SHELL OUT]:	[Parent:00007ff6692ef6be] >> Reading [512 bytes(s)->4 block(s)] from LBA[225595(257546240)-225599(257554432)]
[SHELL OUT]:	Reading Bytes
[SHELL OUT]:	[Parent:00007ff6692ef6be] >> Reading [512 bytes(s)->4 block(s)] from LBA[225610(257576960)-225614(257585152)]
[SHELL OUT]:	Closing Disk Interface >> {C:/GitHub/BlockyOS/Build/Build-nodate/disk.img}
[SHELL OUT]:	[Parent:00007ff6692f1926] >>  C:/GitHub/BlockyOS/Build/Build-nodate/disk.img  Base: 133120    ConfBlockSize: 2048    Starting Disk Env ID: 
[SHELL OUT]:	Writing Bytes
[SHELL OUT]:	[Parent:00007ff6692f194f] >> Wrtiting [60 bytes(s)->4 block(s)] to LBA[133120(68157440)-133124(68165632)]
[SHELL OUT]:	Writing Bytes
[SHELL OUT]:	[Parent:00007ff6692f1997] >> Wrtiting [20480 bytes(s)->40 block(s)] to LBA[202752(210763776)-202792(210845696)]
[SHELL OUT]:	Closing Disk Interface >> {C:/GitHub/BlockyOS/Build/Build-nodate/disk.img}
[SHELL OUT]:	[0]: ""
[SHELL]	create -la fc -p SYSD/ -n test.log
[SHELL OUT]:	
[SHELL OUT]:	>> 
[SHELL OUT]:	>> 
[SHELL OUT]:	000001cf87ef5ecb:fc	000001cf87ef5ed1:SYSD/	000001cf87ef5eda:test.log	
[SHELL OUT]:	[	SYSD/test.log]
[SHELL OUT]:	Mounting File [SYSD/test.log] with "fc"
[SHELL OUT]:	Creating File at: ./SYSD/test.log
[SHELL OUT]:	Root is 000001cf87ef9030
[SHELL OUT]:	Root is 000001cf87ef9030
[SHELL OUT]:	Un-Mounting File [17326495997843702475:275180975602787]
[SHELL OUT]:	[Parent:00007ff6692f1926] >>  C:/GitHub/BlockyOS/Build/Build-nodate/disk.img  Base: 133120    ConfBlockSize: 2048    Starting Disk Env ID: 
[SHELL OUT]:	Writing Bytes
[SHELL OUT]:	[Parent:00007ff6692f194f] >> Wrtiting [60 bytes(s)->4 block(s)] to LBA[133120(68157440)-133124(68165632)]
[SHELL OUT]:	Writing Bytes
[SHELL OUT]:	[Parent:00007ff6692f1997] >> Wrtiting [20480 bytes(s)->40 block(s)] to LBA[202752(210763776)-202792(210845696)]
[SHELL OUT]:	Closing Disk Interface >> {C:/GitHub/BlockyOS/Build/Build-nodate/disk.img}
[SHELL OUT]:	[0]: ""
[SHELL]	FSFRAT.OPEN
[SHELL]	open -p SYSD/test.log -a TEST -la f
[SHELL OUT]:	
[SHELL OUT]:	>> 
[SHELL OUT]:	>> 
[SHELL OUT]:	Mounting File [SYSD/test.log] with "f"
[SHELL OUT]:	Root is 000001cf87ef9030
[SHELL OUT]:	[0]: ""
[SHELL]	FSFRAT.WRITE
[SHELL]	fwrite -pp C:/GitHub/BlockyOS/compile/TEST.log -ia %TEST% -p 0 -n 0
[SHELL OUT]:	
[SHELL OUT]:	>> 
[SHELL OUT]:	>> 
[SHELL OUT]:	[Parent:00007ff6692f1f16] >>  C:/GitHub/BlockyOS/Build/Build-nodate/disk.img  Base: 133120    ConfBlockSize: 2048    Starting Disk Env ID: 
[SHELL OUT]:	[Parent:00007ff6692f1e53] >>  C:/GitHub/BlockyOS/Build/Build-nodate/disk.img  Base: 133120    ConfBlockSize: 2048    Starting Disk Env ID: 
[SHELL OUT]:	Reading File Info
[SHELL OUT]:	Reading Bytes
[SHELL OUT]:	[Parent:00007ff6692f1ec2] >> Reading [512 bytes(s)->4 block(s)] from LBA[225610(257576960)-225614(257585152)]
[SHELL OUT]:	Closing Disk Interface >> {C:/GitHub/BlockyOS/Build/Build-nodate/disk.img}
[SHELL OUT]:	Writing Bytes
[SHELL OUT]:	[Parent:00007ff6692f2010] >> Wrtiting [512 bytes(s)->4 block(s)] to LBA[225610(257576960)-225614(257585152)]
[SHELL OUT]:	Closing Disk Interface >> {C:/GitHub/BlockyOS/Build/Build-nodate/disk.img}
[SHELL OUT]:	Root is 000001cf87ef9030
[SHELL OUT]:	Reading File Block at 225611, Item: 1.    Root: [17326495997843702475:275180975602787]
[SHELL OUT]:	[Parent:00007ff6692f10ba] >>  C:/GitHub/BlockyOS/Build/Build-nodate/disk.img  Base: 133120    ConfBlockSize: 2048    Starting Disk Env ID: 
[SHELL OUT]:	Reading Bytes
[SHELL OUT]:	[Parent:00007ff6692f10de] >> Reading [2048 bytes(s)->4 block(s)] from LBA[225611(257579008)-225615(257587200)]
[SHELL OUT]:	Closing Disk Interface >> {C:/GitHub/BlockyOS/Build/Build-nodate/disk.img}
[SHELL OUT]:	Writing File Block at 225611, Item: 1.	Root: [17326495997843702475:275180975602787]
[SHELL OUT]:	[Parent:00007ff6692f1557] >>  C:/GitHub/BlockyOS/Build/Build-nodate/disk.img  Base: 133120    ConfBlockSize: 2048    Starting Disk Env ID: 
[SHELL OUT]:	Writing Bytes
[SHELL OUT]:	[Parent:00007ff6692f1583] >> Wrtiting [2048 bytes(s)->4 block(s)] to LBA[225611(257579008)-225615(257587200)]
[SHELL OUT]:	Closing Disk Interface >> {C:/GitHub/BlockyOS/Build/Build-nodate/disk.img}
[SHELL OUT]:	[0]: ""
[SHELL]	SHELL.EXECUTE
False
False
False
0
[SHELL]	SHELL.EXECUTE
0
[SHELL]	SHELL.EXECUTE
False
False
False
0
[SHELL]	FSFRAT.MAKE
[SHELL]	FSFRAT.MOUNT
[SHELL]	e.disk -pp C:/GitHub/BlockyOS/Build/Build-nodate/disk.img -pt ROOT -bs 1024 -lb 10 -v 1:0
[SHELL OUT]:	
[SHELL OUT]:	FSFRAT DRIVER
[SHELL OUT]:	>> 
[SHELL OUT]:	[C:\GitHub\BlockyOS\tools\filesystem\frat.c:196]  >>  Mounting FS Root: [C:/GitHub/BlockyOS/Build/Build-nodate/disk.img]
[SHELL OUT]:	Verifying Disk GPT
[SHELL OUT]:	[Parent:00007ff6045cd8ff] >>  C:/GitHub/BlockyOS/Build/Build-nodate/disk.img  Base: 0    ConfBlockSize: 512    Starting Disk Env ID: 
[SHELL OUT]:	Reading Bytes
[SHELL OUT]:	[Parent:00007ff6045cd91a] >> Reading [92 bytes(s)->1 block(s)] from LBA[1(512)-2(1024)]
[SHELL OUT]:	GPT Dump:
[SHELL OUT]:	    Sig: "EFI PART"
[SHELL OUT]:	    Rev: 65536
[SHELL OUT]:	    Header-Size: 92
[SHELL OUT]:	    Header Checksum: 2621714706
[SHELL OUT]:	    localLBA: 1
[SHELL OUT]:	    altLBA: 2230273
[SHELL OUT]:	    firstUsable: 2048
[SHELL OUT]:	    lastUsable: 2230271
[SHELL OUT]:	    Disk-GUID: 
[SHELL OUT]:	    Partition-Table: 2
[SHELL OUT]:	    # of Partition-Entries: 2
[SHELL OUT]:	    Partition-Entry Size: 128
[SHELL OUT]:	    Partition-Table Checksum: 896708427
[SHELL OUT]:	Closing Disk Interface >> {C:/GitHub/BlockyOS/Build/Build-nodate/disk.img}
[SHELL OUT]:	GPT Exists? true
[SHELL OUT]:	[Parent:00007ff6045ceed9] >>  C:/GitHub/BlockyOS/Build/Build-nodate/disk.img  Base: 0    ConfBlockSize: 512    Starting Disk Env ID: 
[SHELL OUT]:	Reading Bytes
[SHELL OUT]:	[Parent:00007ff6045ceefa] >> Reading [92 bytes(s)->1 block(s)] from LBA[1(512)-2(1024)]
[SHELL OUT]:	[C:\GitHub\BlockyOS\tools\filesystem\frat.c:137]  >>  Querying Part Table
[SHELL OUT]:	Reading Bytes
[SHELL OUT]:	[Parent:00007ff6045ce73d] >> Reading [256 bytes(s)->1 block(s)] from LBA[2(1024)-3(1536)]
[SHELL OUT]:	[C:\GitHub\BlockyOS\tools\filesystem\frat.c:145]  >>  GPT-Entry: BOOT{2048:133119 -> 131071}
[SHELL OUT]:	[C:\GitHub\BlockyOS\tools\filesystem\frat.c:159]  >>  Querying FS at 2048
[SHELL OUT]:	Reading Bytes
[SHELL OUT]:	[Parent:00007ff6045cebe1] >> Reading [60 bytes(s)->1 block(s)] from LBA[2048(1048576)-2049(1049088)]
[SHELL OUT]:	FS-Root Blob:
[SHELL OUT]:	    Version: [0:131072]
[SHELL OUT]:	    Sig: 
[SHELL OUT]:	    Configured Log Sectors: 2
[SHELL OUT]:	    Configured Block Size: 0
[SHELL OUT]:	    Configured Cluster-Map Size: 16711743
[SHELL OUT]:	[C:\GitHub\BlockyOS\tools\filesystem\frat.c:145]  >>  GPT-Entry: ROOT{133120:2230271 -> 2097151}
[SHELL OUT]:	[C:\GitHub\BlockyOS\tools\filesystem\frat.c:159]  >>  Querying FS at 133120
[SHELL OUT]:	Reading Bytes
[SHELL OUT]:	[Parent:00007ff6045cebe1] >> Reading [60 bytes(s)->1 block(s)] from LBA[133120(68157440)-133121(68157952)]
[SHELL OUT]:	FS-Root Blob:
[SHELL OUT]:	    Version: [0:1]
[SHELL OUT]:	    Sig: FRAT_FILESYSTEM
[SHELL OUT]:	    Configured Log Sectors: 32
[SHELL OUT]:	    Configured Block Size: 2048
[SHELL OUT]:	    Configured Cluster-Map Size: 20480
[SHELL OUT]:	[C:\GitHub\BlockyOS\tools\filesystem\frat.c:184]  >>  FS Found at [133120]:
[SHELL OUT]:		Version-Code: [0:1]
[SHELL OUT]:		Configured Block-Size: 2048
[SHELL OUT]:		Configured Cluster-Size: 20480
[SHELL OUT]:		Configured # of Log-Sectors: 32
[SHELL OUT]:		Configured Log-Size: 576
[SHELL OUT]:	[C:\GitHub\BlockyOS\tools\filesystem\frat.c:210]  >>  Found Formatted Partition: 133120:2230271 -> 2097151
[SHELL OUT]:	Reading Bytes
[SHELL OUT]:	[Parent:00007ff6045cf05b] >> Reading [60 bytes(s)->1 block(s)] from LBA[133120(68157440)-133121(68157952)]
[SHELL OUT]:	[C:\GitHub\BlockyOS\tools\filesystem\frat.c:223]  >>  Root: 133120:2230271 -> 2097151 LBAs
[SHELL OUT]:		Version-Code: [0:1]
[SHELL OUT]:		Configured Block-Size: 2048
[SHELL OUT]:		Configured Cluster-Size: 20480
[SHELL OUT]:		Configured # of Log-Sectors: 20480
[SHELL OUT]:		Configured Log-Size: 32
[SHELL OUT]:	Reading Bytes
[SHELL OUT]:	[Parent:00007ff6045cf39f] >> Reading [65536 bytes(s)->128 block(s)] from LBA[133121(68159488)-133249(68421632)]
[SHELL OUT]:	Reading Bytes
[SHELL OUT]:	[Parent:00007ff6045cf44b] >> Reading [20480 bytes(s)->40 block(s)] from LBA[202752(210763776)-202792(210845696)]
[SHELL OUT]:	    Verifying FS Root Items #items: 1024
[SHELL OUT]:	Reading Bytes
[SHELL OUT]:	[Parent:00007ff6045cf6be] >> Reading [512 bytes(s)->4 block(s)] from LBA[225280(256901120)-225284(256909312)]
[SHELL OUT]:	Reading Bytes
[SHELL OUT]:	[Parent:00007ff6045cf6be] >> Reading [512 bytes(s)->4 block(s)] from LBA[225281(256903168)-225285(256911360)]
[SHELL OUT]:	Reading Bytes
[SHELL OUT]:	[Parent:00007ff6045cf6be] >> Reading [512 bytes(s)->4 block(s)] from LBA[225396(257138688)-225400(257146880)]
[SHELL OUT]:	Reading Bytes
[SHELL OUT]:	[Parent:00007ff6045cf6be] >> Reading [512 bytes(s)->4 block(s)] from LBA[225422(257191936)-225426(257200128)]
[SHELL OUT]:	Reading Bytes
[SHELL OUT]:	[Parent:00007ff6045cf6be] >> Reading [512 bytes(s)->4 block(s)] from LBA[225431(257210368)-225435(257218560)]
[SHELL OUT]:	Reading Bytes
[SHELL OUT]:	[Parent:00007ff6045cf6be] >> Reading [512 bytes(s)->4 block(s)] from LBA[225446(257241088)-225450(257249280)]
[SHELL OUT]:	Reading Bytes
[SHELL OUT]:	[Parent:00007ff6045cf6be] >> Reading [512 bytes(s)->4 block(s)] from LBA[225560(257474560)-225564(257482752)]
[SHELL OUT]:	Reading Bytes
[SHELL OUT]:	[Parent:00007ff6045cf6be] >> Reading [512 bytes(s)->4 block(s)] from LBA[225586(257527808)-225590(257536000)]
[SHELL OUT]:	Reading Bytes
[SHELL OUT]:	[Parent:00007ff6045cf6be] >> Reading [512 bytes(s)->4 block(s)] from LBA[225595(257546240)-225599(257554432)]
[SHELL OUT]:	Reading Bytes
[SHELL OUT]:	[Parent:00007ff6045cf6be] >> Reading [512 bytes(s)->4 block(s)] from LBA[225610(257576960)-225614(257585152)]
[SHELL OUT]:	Closing Disk Interface >> {C:/GitHub/BlockyOS/Build/Build-nodate/disk.img}
[SHELL OUT]:	[Parent:00007ff6045d1926] >>  C:/GitHub/BlockyOS/Build/Build-nodate/disk.img  Base: 133120    ConfBlockSize: 2048    Starting Disk Env ID: 
[SHELL OUT]:	Writing Bytes
[SHELL OUT]:	[Parent:00007ff6045d194f] >> Wrtiting [60 bytes(s)->4 block(s)] to LBA[133120(68157440)-133124(68165632)]
[SHELL OUT]:	Writing Bytes
[SHELL OUT]:	[Parent:00007ff6045d1997] >> Wrtiting [20480 bytes(s)->40 block(s)] to LBA[202752(210763776)-202792(210845696)]
[SHELL OUT]:	Closing Disk Interface >> {C:/GitHub/BlockyOS/Build/Build-nodate/disk.img}
[SHELL OUT]:	[0]: ""
[SHELL]	create -la fc -p SYSD/ -n test.log
[SHELL OUT]:	
[SHELL OUT]:	>> 
[SHELL OUT]:	>> 
[SHELL OUT]:	00000248268a5ecb:fc	00000248268a5ed1:SYSD/	00000248268a5eda:test.log	
[SHELL OUT]:	[	SYSD/test.log]
[SHELL OUT]:	Mounting File [SYSD/test.log] with "fc"
[SHELL OUT]:	Creating File at: ./SYSD/test.log
[SHELL OUT]:	Root is 00000248268a9030
[SHELL OUT]:	Root is 00000248268a9030
[SHELL OUT]:	Un-Mounting File [17326495997843702475:275180975602787]
[SHELL OUT]:	[Parent:00007ff6045d1926] >>  C:/GitHub/BlockyOS/Build/Build-nodate/disk.img  Base: 133120    ConfBlockSize: 2048    Starting Disk Env ID: 
[SHELL OUT]:	Writing Bytes
[SHELL OUT]:	[Parent:00007ff6045d194f] >> Wrtiting [60 bytes(s)->4 block(s)] to LBA[133120(68157440)-133124(68165632)]
[SHELL OUT]:	Writing Bytes
[SHELL OUT]:	[Parent:00007ff6045d1997] >> Wrtiting [20480 bytes(s)->40 block(s)] to LBA[202752(210763776)-202792(210845696)]
[SHELL OUT]:	Closing Disk Interface >> {C:/GitHub/BlockyOS/Build/Build-nodate/disk.img}
[SHELL OUT]:	[0]: ""
[SHELL]	FSFRAT.OPEN
[SHELL]	open -p SYSD/test.log -a TEST -la f
[SHELL OUT]:	
[SHELL OUT]:	>> 
[SHELL OUT]:	>> 
[SHELL OUT]:	Mounting File [SYSD/test.log] with "f"
[SHELL OUT]:	Root is 00000248268a9030
[SHELL OUT]:	[0]: ""
[SHELL]	FSFRAT.WRITE
[SHELL]	fwrite -pp C:/GitHub/BlockyOS/compile/TEST.log -ia %TEST% -p 0 -n 0
[SHELL OUT]:	
[SHELL OUT]:	>> 
[SHELL OUT]:	>> 
[SHELL OUT]:	[Parent:00007ff6045d1f16] >>  C:/GitHub/BlockyOS/Build/Build-nodate/disk.img  Base: 133120    ConfBlockSize: 2048    Starting Disk Env ID: 
[SHELL OUT]:	[Parent:00007ff6045d1e53] >>  C:/GitHub/BlockyOS/Build/Build-nodate/disk.img  Base: 133120    ConfBlockSize: 2048    Starting Disk Env ID: 
[SHELL OUT]:	Reading File Info
[SHELL OUT]:	Reading Bytes
[SHELL OUT]:	[Parent:00007ff6045d1ec2] >> Reading [512 bytes(s)->4 block(s)] from LBA[225610(257576960)-225614(257585152)]
[SHELL OUT]:	Closing Disk Interface >> {C:/GitHub/BlockyOS/Build/Build-nodate/disk.img}
[SHELL OUT]:	Writing Bytes
[SHELL OUT]:	[Parent:00007ff6045d2010] >> Wrtiting [512 bytes(s)->4 block(s)] to LBA[225610(257576960)-225614(257585152)]
[SHELL OUT]:	Closing Disk Interface >> {C:/GitHub/BlockyOS/Build/Build-nodate/disk.img}
[SHELL OUT]:	Root is 00000248268a9030
[SHELL OUT]:	Reading File Block at 225611, Item: 1.    Root: [17326495997843702475:275180975602787]
[SHELL OUT]:	[Parent:00007ff6045d10ba] >>  C:/GitHub/BlockyOS/Build/Build-nodate/disk.img  Base: 133120    ConfBlockSize: 2048    Starting Disk Env ID: 
[SHELL OUT]:	Reading Bytes
[SHELL OUT]:	[Parent:00007ff6045d10de] >> Reading [2048 bytes(s)->4 block(s)] from LBA[225611(257579008)-225615(257587200)]
[SHELL OUT]:	Closing Disk Interface >> {C:/GitHub/BlockyOS/Build/Build-nodate/disk.img}
[SHELL OUT]:	Writing File Block at 225611, Item: 1.	Root: [17326495997843702475:275180975602787]
[SHELL OUT]:	[Parent:00007ff6045d1557] >>  C:/GitHub/BlockyOS/Build/Build-nodate/disk.img  Base: 133120    ConfBlockSize: 2048    Starting Disk Env ID: 
[SHELL OUT]:	Writing Bytes
[SHELL OUT]:	[Parent:00007ff6045d1583] >> Wrtiting [2048 bytes(s)->4 block(s)] to LBA[225611(257579008)-225615(257587200)]
[SHELL OUT]:	Closing Disk Interface >> {C:/GitHub/BlockyOS/Build/Build-nodate/disk.img}
[SHELL OUT]:	[0]: ""
[SHELL]	SHELL.EXECUTE
False
False
False
0
[SHELL]	SHELL.EXECUTE
0
[SHELL]	SHELL.EXECUTE
False
False
False
0
[SHELL]	FSFRAT.MAKE
[SHELL]	FSFRAT.MOUNT
[SHELL]	e.disk -pp C:/GitHub/BlockyOS/Build/Build-nodate/disk.img -pt ROOT -bs 1024 -lb 10 -v 1:0
[SHELL OUT]:	
[SHELL OUT]:	FSFRAT DRIVER
[SHELL OUT]:	>> 
[SHELL OUT]:	[C:\GitHub\BlockyOS\tools\filesystem\frat.c:196]  >>  Mounting FS Root: [C:/GitHub/BlockyOS/Build/Build-nodate/disk.img]
[SHELL OUT]:	Verifying Disk GPT
[SHELL OUT]:	[Parent:00007ff6045cd8ff] >>  C:/GitHub/BlockyOS/Build/Build-nodate/disk.img  Base: 0    ConfBlockSize: 512    Starting Disk Env ID: 
[SHELL OUT]:	Reading Bytes
[SHELL OUT]:	[Parent:00007ff6045cd91a] >> Reading [92 bytes(s)->1 block(s)] from LBA[1(512)-2(1024)]
[SHELL OUT]:	GPT Dump:
[SHELL OUT]:	    Sig: "EFI PART"
[SHELL OUT]:	    Rev: 65536
[SHELL OUT]:	    Header-Size: 92
[SHELL OUT]:	    Header Checksum: 2621714706
[SHELL OUT]:	    localLBA: 1
[SHELL OUT]:	    altLBA: 2230273
[SHELL OUT]:	    firstUsable: 2048
[SHELL OUT]:	    lastUsable: 2230271
[SHELL OUT]:	    Disk-GUID: 
[SHELL OUT]:	    Partition-Table: 2
[SHELL OUT]:	    # of Partition-Entries: 2
[SHELL OUT]:	    Partition-Entry Size: 128
[SHELL OUT]:	    Partition-Table Checksum: 896708427
[SHELL OUT]:	Closing Disk Interface >> {C:/GitHub/BlockyOS/Build/Build-nodate/disk.img}
[SHELL OUT]:	GPT Exists? true
[SHELL OUT]:	[Parent:00007ff6045ceed9] >>  C:/GitHub/BlockyOS/Build/Build-nodate/disk.img  Base: 0    ConfBlockSize: 512    Starting Disk Env ID: 
[SHELL OUT]:	Reading Bytes
[SHELL OUT]:	[Parent:00007ff6045ceefa] >> Reading [92 bytes(s)->1 block(s)] from LBA[1(512)-2(1024)]
[SHELL OUT]:	[C:\GitHub\BlockyOS\tools\filesystem\frat.c:137]  >>  Querying Part Table
[SHELL OUT]:	Reading Bytes
[SHELL OUT]:	[Parent:00007ff6045ce73d] >> Reading [256 bytes(s)->1 block(s)] from LBA[2(1024)-3(1536)]
[SHELL OUT]:	[C:\GitHub\BlockyOS\tools\filesystem\frat.c:145]  >>  GPT-Entry: BOOT{2048:133119 -> 131071}
[SHELL OUT]:	[C:\GitHub\BlockyOS\tools\filesystem\frat.c:159]  >>  Querying FS at 2048
[SHELL OUT]:	Reading Bytes
[SHELL OUT]:	[Parent:00007ff6045cebe1] >> Reading [60 bytes(s)->1 block(s)] from LBA[2048(1048576)-2049(1049088)]
[SHELL OUT]:	FS-Root Blob:
[SHELL OUT]:	    Version: [0:131072]
[SHELL OUT]:	    Sig: 
[SHELL OUT]:	    Configured Log Sectors: 2
[SHELL OUT]:	    Configured Block Size: 0
[SHELL OUT]:	    Configured Cluster-Map Size: 16711743
[SHELL OUT]:	[C:\GitHub\BlockyOS\tools\filesystem\frat.c:145]  >>  GPT-Entry: ROOT{133120:2230271 -> 2097151}
[SHELL OUT]:	[C:\GitHub\BlockyOS\tools\filesystem\frat.c:159]  >>  Querying FS at 133120
[SHELL OUT]:	Reading Bytes
[SHELL OUT]:	[Parent:00007ff6045cebe1] >> Reading [60 bytes(s)->1 block(s)] from LBA[133120(68157440)-133121(68157952)]
[SHELL OUT]:	FS-Root Blob:
[SHELL OUT]:	    Version: [0:1]
[SHELL OUT]:	    Sig: FRAT_FILESYSTEM
[SHELL OUT]:	    Configured Log Sectors: 32
[SHELL OUT]:	    Configured Block Size: 2048
[SHELL OUT]:	    Configured Cluster-Map Size: 20480
[SHELL OUT]:	[C:\GitHub\BlockyOS\tools\filesystem\frat.c:184]  >>  FS Found at [133120]:
[SHELL OUT]:		Version-Code: [0:1]
[SHELL OUT]:		Configured Block-Size: 2048
[SHELL OUT]:		Configured Cluster-Size: 20480
[SHELL OUT]:		Configured # of Log-Sectors: 32
[SHELL OUT]:		Configured Log-Size: 576
[SHELL OUT]:	[C:\GitHub\BlockyOS\tools\filesystem\frat.c:210]  >>  Found Formatted Partition: 133120:2230271 -> 2097151
[SHELL OUT]:	Reading Bytes
[SHELL OUT]:	[Parent:00007ff6045cf05b] >> Reading [60 bytes(s)->1 block(s)] from LBA[133120(68157440)-133121(68157952)]
[SHELL OUT]:	[C:\GitHub\BlockyOS\tools\filesystem\frat.c:223]  >>  Root: 133120:2230271 -> 2097151 LBAs
[SHELL OUT]:		Version-Code: [0:1]
[SHELL OUT]:		Configured Block-Size: 2048
[SHELL OUT]:		Configured Cluster-Size: 20480
[SHELL OUT]:		Configured # of Log-Sectors: 20480
[SHELL OUT]:		Configured Log-Size: 32
[SHELL OUT]:	Reading Bytes
[SHELL OUT]:	[Parent:00007ff6045cf39f] >> Reading [65536 bytes(s)->128 block(s)] from LBA[133121(68159488)-133249(68421632)]
[SHELL OUT]:	Reading Bytes
[SHELL OUT]:	[Parent:00007ff6045cf44b] >> Reading [20480 bytes(s)->40 block(s)] from LBA[202752(210763776)-202792(210845696)]
[SHELL OUT]:	    Verifying FS Root Items #items: 1024
[SHELL OUT]:	Reading Bytes
[SHELL OUT]:	[Parent:00007ff6045cf6be] >> Reading [512 bytes(s)->4 block(s)] from LBA[225280(256901120)-225284(256909312)]
[SHELL OUT]:	Reading Bytes
[SHELL OUT]:	[Parent:00007ff6045cf6be] >> Reading [512 bytes(s)->4 block(s)] from LBA[225281(256903168)-225285(256911360)]
[SHELL OUT]:	Reading Bytes
[SHELL OUT]:	[Parent:00007ff6045cf6be] >> Reading [512 bytes(s)->4 block(s)] from LBA[225396(257138688)-225400(257146880)]
[SHELL OUT]:	Reading Bytes
[SHELL OUT]:	[Parent:00007ff6045cf6be] >> Reading [512 bytes(s)->4 block(s)] from LBA[225422(257191936)-225426(257200128)]
[SHELL OUT]:	Reading Bytes
[SHELL OUT]:	[Parent:00007ff6045cf6be] >> Reading [512 bytes(s)->4 block(s)] from LBA[225431(257210368)-225435(257218560)]
[SHELL OUT]:	Reading Bytes
[SHELL OUT]:	[Parent:00007ff6045cf6be] >> Reading [512 bytes(s)->4 block(s)] from LBA[225446(257241088)-225450(257249280)]
[SHELL OUT]:	Reading Bytes
[SHELL OUT]:	[Parent:00007ff6045cf6be] >> Reading [512 bytes(s)->4 block(s)] from LBA[225560(257474560)-225564(257482752)]
[SHELL OUT]:	Reading Bytes
[SHELL OUT]:	[Parent:00007ff6045cf6be] >> Reading [512 bytes(s)->4 block(s)] from LBA[225586(257527808)-225590(257536000)]
[SHELL OUT]:	Reading Bytes
[SHELL OUT]:	[Parent:00007ff6045cf6be] >> Reading [512 bytes(s)->4 block(s)] from LBA[225595(257546240)-225599(257554432)]
[SHELL OUT]:	Reading Bytes
[SHELL OUT]:	[Parent:00007ff6045cf6be] >> Reading [512 bytes(s)->4 block(s)] from LBA[225610(257576960)-225614(257585152)]
[SHELL OUT]:	Closing Disk Interface >> {C:/GitHub/BlockyOS/Build/Build-nodate/disk.img}
[SHELL OUT]:	[Parent:00007ff6045d1926] >>  C:/GitHub/BlockyOS/Build/Build-nodate/disk.img  Base: 133120    ConfBlockSize: 2048    Starting Disk Env ID: 
[SHELL OUT]:	Writing Bytes
[SHELL OUT]:	[Parent:00007ff6045d194f] >> Wrtiting [60 bytes(s)->4 block(s)] to LBA[133120(68157440)-133124(68165632)]
[SHELL OUT]:	Writing Bytes
[SHELL OUT]:	[Parent:00007ff6045d1997] >> Wrtiting [20480 bytes(s)->40 block(s)] to LBA[202752(210763776)-202792(210845696)]
[SHELL OUT]:	Closing Disk Interface >> {C:/GitHub/BlockyOS/Build/Build-nodate/disk.img}
[SHELL OUT]:	[0]: ""
[SHELL]	create -la fc -p SYSD/ -n test.log
[SHELL OUT]:	
[SHELL OUT]:	>> 
[SHELL OUT]:	>> 
[SHELL OUT]:	000001fd38555ecb:fc	000001fd38555ed1:SYSD/	000001fd38555eda:test.log	
[SHELL OUT]:	[	SYSD/test.log]
[SHELL OUT]:	Mounting File [SYSD/test.log] with "fc"
[SHELL OUT]:	Creating File at: ./SYSD/test.log
[SHELL OUT]:	Root is 000001fd38559030
[SHELL OUT]:	Root is 000001fd38559030
[SHELL OUT]:	Un-Mounting File [17326495997843702475:275180975602787]
[SHELL OUT]:	[Parent:00007ff6045d1926] >>  C:/GitHub/BlockyOS/Build/Build-nodate/disk.img  Base: 133120    ConfBlockSize: 2048    Starting Disk Env ID: 
[SHELL OUT]:	Writing Bytes
[SHELL OUT]:	[Parent:00007ff6045d194f] >> Wrtiting [60 bytes(s)->4 block(s)] to LBA[133120(68157440)-133124(68165632)]
[SHELL OUT]:	Writing Bytes
[SHELL OUT]:	[Parent:00007ff6045d1997] >> Wrtiting [20480 bytes(s)->40 block(s)] to LBA[202752(210763776)-202792(210845696)]
[SHELL OUT]:	Closing Disk Interface >> {C:/GitHub/BlockyOS/Build/Build-nodate/disk.img}
[SHELL OUT]:	[0]: ""
[SHELL]	FSFRAT.OPEN
[SHELL]	open -p SYSD/test.log -a TEST -la f
[SHELL OUT]:	
[SHELL OUT]:	>> 
[SHELL OUT]:	>> 
[SHELL OUT]:	Mounting File [SYSD/test.log] with "f"
[SHELL OUT]:	Root is 000001fd38559030
[SHELL OUT]:	[0]: ""
[SHELL]	FSFRAT.WRITE
[SHELL]	fwrite -pp C:/GitHub/BlockyOS/compile/TEST.log -ia %TEST% -p 0 -n 0
[SHELL OUT]:	
[SHELL OUT]:	>> 
[SHELL OUT]:	>> 
[SHELL OUT]:	[Parent:00007ff6045d1f16] >>  C:/GitHub/BlockyOS/Build/Build-nodate/disk.img  Base: 133120    ConfBlockSize: 2048    Starting Disk Env ID: 
[SHELL OUT]:	[Parent:00007ff6045d1e53] >>  C:/GitHub/BlockyOS/Build/Build-nodate/disk.img  Base: 133120    ConfBlockSize: 2048    Starting Disk Env ID: 
[SHELL OUT]:	Reading File Info
[SHELL OUT]:	Reading Bytes
[SHELL OUT]:	[Parent:00007ff6045d1ec2] >> Reading [512 bytes(s)->4 block(s)] from LBA[225610(257576960)-225614(257585152)]
[SHELL OUT]:	Closing Disk Interface >> {C:/GitHub/BlockyOS/Build/Build-nodate/disk.img}
[SHELL OUT]:	Writing Bytes
[SHELL OUT]:	[Parent:00007ff6045d2010] >> Wrtiting [512 bytes(s)->4 block(s)] to LBA[225610(257576960)-225614(257585152)]
[SHELL OUT]:	Closing Disk Interface >> {C:/GitHub/BlockyOS/Build/Build-nodate/disk.img}
[SHELL OUT]:	Root is 000001fd38559030
[SHELL OUT]:	Reading File Block at 225611, Item: 1.    Root: [17326495997843702475:275180975602787]
[SHELL OUT]:	[Parent:00007ff6045d10ba] >>  C:/GitHub/BlockyOS/Build/Build-nodate/disk.img  Base: 133120    ConfBlockSize: 2048    Starting Disk Env ID: 
[SHELL OUT]:	Reading Bytes
[SHELL OUT]:	[Parent:00007ff6045d10de] >> Reading [2048 bytes(s)->4 block(s)] from LBA[225611(257579008)-225615(257587200)]
[SHELL OUT]:	Closing Disk Interface >> {C:/GitHub/BlockyOS/Build/Build-nodate/disk.img}
[SHELL OUT]:	Writing File Block at 225611, Item: 1.	Root: [17326495997843702475:275180975602787]
[SHELL OUT]:	[Parent:00007ff6045d1557] >>  C:/GitHub/BlockyOS/Build/Build-nodate/disk.img  Base: 133120    ConfBlockSize: 2048    Starting Disk Env ID: 
[SHELL OUT]:	Writing Bytes
[SHELL OUT]:	[Parent:00007ff6045d1583] >> Wrtiting [2048 bytes(s)->4 block(s)] to LBA[225611(257579008)-225615(257587200)]
[SHELL OUT]:	Closing Disk Interface >> {C:/GitHub/BlockyOS/Build/Build-nodate/disk.img}
[SHELL OUT]:	[0]: ""
[SHELL]	SHELL.EXECUTE
False
False
False
0
[SHELL]	SHELL.EXECUTE
0
[SHELL]	SHELL.EXECUTE
False
False
False
0
[SHELL]	FSFRAT.MAKE
[SHELL]	FSFRAT.MOUNT
[SHELL]	e.disk -pp C:/GitHub/BlockyOS/Build/Build-nodate/disk.img -pt ROOT -bs 1024 -lb 10 -v 1:0
[SHELL OUT]:	
[SHELL OUT]:	FSFRAT DRIVER
[SHELL OUT]:	>> 
[SHELL OUT]:	[C:\GitHub\BlockyOS\tools\filesystem\frat.c:196]  >>  Mounting FS Root: [C:/GitHub/BlockyOS/Build/Build-nodate/disk.img]
[SHELL OUT]:	Verifying Disk GPT
[SHELL OUT]:	[Parent:00007ff7fc11d8ff] >>  C:/GitHub/BlockyOS/Build/Build-nodate/disk.img  Base: 0    ConfBlockSize: 512    Starting Disk Env ID: 
[SHELL OUT]:	Reading Bytes
[SHELL OUT]:	[Parent:00007ff7fc11d91a] >> Reading [92 bytes(s)->1 block(s)] from LBA[1(512)-2(1024)]
[SHELL OUT]:	GPT Dump:
[SHELL OUT]:	    Sig: "EFI PART"
[SHELL OUT]:	    Rev: 65536
[SHELL OUT]:	    Header-Size: 92
[SHELL OUT]:	    Header Checksum: 2621714706
[SHELL OUT]:	    localLBA: 1
[SHELL OUT]:	    altLBA: 2230273
[SHELL OUT]:	    firstUsable: 2048
[SHELL OUT]:	    lastUsable: 2230271
[SHELL OUT]:	    Disk-GUID: 
[SHELL OUT]:	    Partition-Table: 2
[SHELL OUT]:	    # of Partition-Entries: 2
[SHELL OUT]:	    Partition-Entry Size: 128
[SHELL OUT]:	    Partition-Table Checksum: 896708427
[SHELL OUT]:	Closing Disk Interface >> {C:/GitHub/BlockyOS/Build/Build-nodate/disk.img}
[SHELL OUT]:	GPT Exists? true
[SHELL OUT]:	[Parent:00007ff7fc11eed9] >>  C:/GitHub/BlockyOS/Build/Build-nodate/disk.img  Base: 0    ConfBlockSize: 512    Starting Disk Env ID: 
[SHELL OUT]:	Reading Bytes
[SHELL OUT]:	[Parent:00007ff7fc11eefa] >> Reading [92 bytes(s)->1 block(s)] from LBA[1(512)-2(1024)]
[SHELL OUT]:	[C:\GitHub\BlockyOS\tools\filesystem\frat.c:137]  >>  Querying Part Table
[SHELL OUT]:	Reading Bytes
[SHELL OUT]:	[Parent:00007ff7fc11e73d] >> Reading [256 bytes(s)->1 block(s)] from LBA[2(1024)-3(1536)]
[SHELL OUT]:	[C:\GitHub\BlockyOS\tools\filesystem\frat.c:145]  >>  GPT-Entry: BOOT{2048:133119 -> 131071}
[SHELL OUT]:	[C:\GitHub\BlockyOS\tools\filesystem\frat.c:159]  >>  Querying FS at 2048
[SHELL OUT]:	Reading Bytes
[SHELL OUT]:	[Parent:00007ff7fc11ebe1] >> Reading [60 bytes(s)->1 block(s)] from LBA[2048(1048576)-2049(1049088)]
[SHELL OUT]:	FS-Root Blob:
[SHELL OUT]:	    Version: [0:131072]
[SHELL OUT]:	    Sig: 
[SHELL OUT]:	    Configured Log Sectors: 2
[SHELL OUT]:	    Configured Block Size: 0
[SHELL OUT]:	    Configured Cluster-Map Size: 16711743
[SHELL OUT]:	[C:\GitHub\BlockyOS\tools\filesystem\frat.c:145]  >>  GPT-Entry: ROOT{133120:2230271 -> 2097151}
[SHELL OUT]:	[C:\GitHub\BlockyOS\tools\filesystem\frat.c:159]  >>  Querying FS at 133120
[SHELL OUT]:	Reading Bytes
[SHELL OUT]:	[Parent:00007ff7fc11ebe1] >> Reading [60 bytes(s)->1 block(s)] from LBA[133120(68157440)-133121(68157952)]
[SHELL OUT]:	FS-Root Blob:
[SHELL OUT]:	    Version: [0:1]
[SHELL OUT]:	    Sig: FRAT_FILESYSTEM
[SHELL OUT]:	    Configured Log Sectors: 32
[SHELL OUT]:	    Configured Block Size: 2048
[SHELL OUT]:	    Configured Cluster-Map Size: 20480
[SHELL OUT]:	[C:\GitHub\BlockyOS\tools\filesystem\frat.c:184]  >>  FS Found at [133120]:
[SHELL OUT]:		Version-Code: [0:1]
[SHELL OUT]:		Configured Block-Size: 2048
[SHELL OUT]:		Configured Cluster-Size: 20480
[SHELL OUT]:		Configured # of Log-Sectors: 32
[SHELL OUT]:		Configured Log-Size: 576
[SHELL OUT]:	[C:\GitHub\BlockyOS\tools\filesystem\frat.c:210]  >>  Found Formatted Partition: 133120:2230271 -> 2097151
[SHELL OUT]:	Reading Bytes
[SHELL OUT]:	[Parent:00007ff7fc11f05b] >> Reading [60 bytes(s)->1 block(s)] from LBA[133120(68157440)-133121(68157952)]
[SHELL OUT]:	[C:\GitHub\BlockyOS\tools\filesystem\frat.c:223]  >>  Root: 133120:2230271 -> 2097151 LBAs
[SHELL OUT]:		Version-Code: [0:1]
[SHELL OUT]:		Configured Block-Size: 2048
[SHELL OUT]:		Configured Cluster-Size: 20480
[SHELL OUT]:		Configured # of Log-Sectors: 20480
[SHELL OUT]:		Configured Log-Size: 32
[SHELL OUT]:	Reading Bytes
[SHELL OUT]:	[Parent:00007ff7fc11f39f] >> Reading [65536 bytes(s)->128 block(s)] from LBA[133121(68159488)-133249(68421632)]
[SHELL OUT]:	Reading Bytes
[SHELL OUT]:	[Parent:00007ff7fc11f44b] >> Reading [20480 bytes(s)->40 block(s)] from LBA[202752(210763776)-202792(210845696)]
[SHELL OUT]:	    Verifying FS Root Items #items: 1024
[SHELL OUT]:	Reading Bytes
[SHELL OUT]:	[Parent:00007ff7fc11f6be] >> Reading [512 bytes(s)->4 block(s)] from LBA[225280(256901120)-225284(256909312)]
[SHELL OUT]:	Reading Bytes
[SHELL OUT]:	[Parent:00007ff7fc11f6be] >> Reading [512 bytes(s)->4 block(s)] from LBA[225281(256903168)-225285(256911360)]
[SHELL OUT]:	Reading Bytes
[SHELL OUT]:	[Parent:00007ff7fc11f6be] >> Reading [512 bytes(s)->4 block(s)] from LBA[225396(257138688)-225400(257146880)]
[SHELL OUT]:	Reading Bytes
[SHELL OUT]:	[Parent:00007ff7fc11f6be] >> Reading [512 bytes(s)->4 block(s)] from LBA[225422(257191936)-225426(257200128)]
[SHELL OUT]:	Reading Bytes
[SHELL OUT]:	[Parent:00007ff7fc11f6be] >> Reading [512 bytes(s)->4 block(s)] from LBA[225431(257210368)-225435(257218560)]
[SHELL OUT]:	Reading Bytes
[SHELL OUT]:	[Parent:00007ff7fc11f6be] >> Reading [512 bytes(s)->4 block(s)] from LBA[225446(257241088)-225450(257249280)]
[SHELL OUT]:	Reading Bytes
[SHELL OUT]:	[Parent:00007ff7fc11f6be] >> Reading [512 bytes(s)->4 block(s)] from LBA[225560(257474560)-225564(257482752)]
[SHELL OUT]:	Reading Bytes
[SHELL OUT]:	[Parent:00007ff7fc11f6be] >> Reading [512 bytes(s)->4 block(s)] from LBA[225586(257527808)-225590(257536000)]
[SHELL OUT]:	Reading Bytes
[SHELL OUT]:	[Parent:00007ff7fc11f6be] >> Reading [512 bytes(s)->4 block(s)] from LBA[225595(257546240)-225599(257554432)]
[SHELL OUT]:	Reading Bytes
[SHELL OUT]:	[Parent:00007ff7fc11f6be] >> Reading [512 bytes(s)->4 block(s)] from LBA[225610(257576960)-225614(257585152)]
[SHELL OUT]:	Closing Disk Interface >> {C:/GitHub/BlockyOS/Build/Build-nodate/disk.img}
[SHELL OUT]:	[Parent:00007ff7fc121926] >>  C:/GitHub/BlockyOS/Build/Build-nodate/disk.img  Base: 133120    ConfBlockSize: 2048    Starting Disk Env ID: 
[SHELL OUT]:	Writing Bytes
[SHELL OUT]:	[Parent:00007ff7fc12194f] >> Wrtiting [60 bytes(s)->4 block(s)] to LBA[133120(68157440)-133124(68165632)]
[SHELL OUT]:	Writing Bytes
[SHELL OUT]:	[Parent:00007ff7fc121997] >> Wrtiting [20480 bytes(s)->40 block(s)] to LBA[202752(210763776)-202792(210845696)]
[SHELL OUT]:	Closing Disk Interface >> {C:/GitHub/BlockyOS/Build/Build-nodate/disk.img}
[SHELL OUT]:	[0]: ""
[SHELL]	create -la fc -p SYSD/ -n test.log
[SHELL OUT]:	
[SHELL OUT]:	>> 
[SHELL OUT]:	>> 
[SHELL OUT]:	00000269dba45ecb:fc	00000269dba45ed1:SYSD/	00000269dba45eda:test.log	
[SHELL OUT]:	[	SYSD/test.log]
[SHELL OUT]:	Mounting File [SYSD/test.log] with "fc"
[SHELL OUT]:	Creating File at: ./SYSD/test.log
[SHELL OUT]:	Root is 00000269dba49030
[SHELL OUT]:	Root is 00000269dba49030
[SHELL OUT]:	Un-Mounting File [17326495997843702475:275180975602787]
[SHELL OUT]:	[Parent:00007ff7fc121926] >>  C:/GitHub/BlockyOS/Build/Build-nodate/disk.img  Base: 133120    ConfBlockSize: 2048    Starting Disk Env ID: 
[SHELL OUT]:	Writing Bytes
[SHELL OUT]:	[Parent:00007ff7fc12194f] >> Wrtiting [60 bytes(s)->4 block(s)] to LBA[133120(68157440)-133124(68165632)]
[SHELL OUT]:	Writing Bytes
[SHELL OUT]:	[Parent:00007ff7fc121997] >> Wrtiting [20480 bytes(s)->40 block(s)] to LBA[202752(210763776)-202792(210845696)]
[SHELL OUT]:	Closing Disk Interface >> {C:/GitHub/BlockyOS/Build/Build-nodate/disk.img}
[SHELL OUT]:	[0]: ""
[SHELL]	FSFRAT.OPEN
[SHELL]	open -p SYSD/test.log -a TEST -la f
[SHELL OUT]:	
[SHELL OUT]:	>> 
[SHELL OUT]:	>> 
[SHELL OUT]:	Mounting File [SYSD/test.log] with "f"
[SHELL OUT]:	Root is 00000269dba49030
[SHELL OUT]:	[0]: ""
[SHELL]	FSFRAT.WRITE
[SHELL]	fwrite -pp C:/GitHub/BlockyOS/compile/TEST.log -ia %TEST% -p 0 -n 0
[SHELL OUT]:	
[SHELL OUT]:	>> 
[SHELL OUT]:	>> 
[SHELL OUT]:	[Parent:00007ff7fc121f16] >>  C:/GitHub/BlockyOS/Build/Build-nodate/disk.img  Base: 133120    ConfBlockSize: 2048    Starting Disk Env ID: 
[SHELL OUT]:	[Parent:00007ff7fc121e53] >>  C:/GitHub/BlockyOS/Build/Build-nodate/disk.img  Base: 133120    ConfBlockSize: 2048    Starting Disk Env ID: 
[SHELL OUT]:	Reading File Info
[SHELL OUT]:	Reading Bytes
[SHELL OUT]:	[Parent:00007ff7fc121ec2] >> Reading [512 bytes(s)->4 block(s)] from LBA[225610(257576960)-225614(257585152)]
[SHELL OUT]:	Closing Disk Interface >> {C:/GitHub/BlockyOS/Build/Build-nodate/disk.img}
[SHELL OUT]:	Writing Bytes
[SHELL OUT]:	[Parent:00007ff7fc122010] >> Wrtiting [512 bytes(s)->4 block(s)] to LBA[225610(257576960)-225614(257585152)]
[SHELL OUT]:	Closing Disk Interface >> {C:/GitHub/BlockyOS/Build/Build-nodate/disk.img}
[SHELL OUT]:	Root is 00000269dba49030
[SHELL OUT]:	Reading File Block at 225611, Item: 1.    Root: [17326495997843702475:275180975602787]
[SHELL OUT]:	[Parent:00007ff7fc1210ba] >>  C:/GitHub/BlockyOS/Build/Build-nodate/disk.img  Base: 133120    ConfBlockSize: 2048    Starting Disk Env ID: 
[SHELL OUT]:	Reading Bytes
[SHELL OUT]:	[Parent:00007ff7fc1210de] >> Reading [2048 bytes(s)->4 block(s)] from LBA[225611(257579008)-225615(257587200)]
[SHELL OUT]:	Closing Disk Interface >> {C:/GitHub/BlockyOS/Build/Build-nodate/disk.img}
[SHELL OUT]:	Writing File Block at 225611, Item: 1.	Root: [17326495997843702475:275180975602787]
[SHELL OUT]:	[Parent:00007ff7fc121557] >>  C:/GitHub/BlockyOS/Build/Build-nodate/disk.img  Base: 133120    ConfBlockSize: 2048    Starting Disk Env ID: 
[SHELL OUT]:	Writing Bytes
[SHELL OUT]:	[Parent:00007ff7fc121583] >> Wrtiting [2048 bytes(s)->4 block(s)] to LBA[225611(257579008)-225615(257587200)]
[SHELL OUT]:	Closing Disk Interface >> {C:/GitHub/BlockyOS/Build/Build-nodate/disk.img}
[SHELL OUT]:	[0]: ""
[SHELL]	SHELL.EXECUTE
False
False
False
0
[SHELL]	SHELL.EXECUTE
0
[SHELL]	SHELL.EXECUTE
False
False
False
0
[SHELL]	FSFRAT.MAKE
[SHELL]	FSFRAT.MOUNT
[SHELL]	e.disk -pp C:/GitHub/BlockyOS/Build/Build-nodate/disk.img -pt ROOT -bs 1024 -lb 10 -v 1:0
[SHELL OUT]:	
[SHELL OUT]:	FSFRAT DRIVER
[SHELL OUT]:	>> 
[SHELL OUT]:	[C:\GitHub\BlockyOS\tools\filesystem\frat.c:196]  >>  Mounting FS Root: [C:/GitHub/BlockyOS/Build/Build-nodate/disk.img]
[SHELL OUT]:	Verifying Disk GPT
[SHELL OUT]:	[Parent:00007ff6ef60d8ff] >>  C:/GitHub/BlockyOS/Build/Build-nodate/disk.img  Base: 0    ConfBlockSize: 512    Starting Disk Env ID: 
[SHELL OUT]:	Reading Bytes
[SHELL OUT]:	[Parent:00007ff6ef60d91a] >> Reading [92 bytes(s)->1 block(s)] from LBA[1(512)-2(1024)]
[SHELL OUT]:	GPT Dump:
[SHELL OUT]:	    Sig: "EFI PART"
[SHELL OUT]:	    Rev: 65536
[SHELL OUT]:	    Header-Size: 92
[SHELL OUT]:	    Header Checksum: 2621714706
[SHELL OUT]:	    localLBA: 1
[SHELL OUT]:	    altLBA: 2230273
[SHELL OUT]:	    firstUsable: 2048
[SHELL OUT]:	    lastUsable: 2230271
[SHELL OUT]:	    Disk-GUID: 
[SHELL OUT]:	    Partition-Table: 2
[SHELL OUT]:	    # of Partition-Entries: 2
[SHELL OUT]:	    Partition-Entry Size: 128
[SHELL OUT]:	    Partition-Table Checksum: 896708427
[SHELL OUT]:	Closing Disk Interface >> {C:/GitHub/BlockyOS/Build/Build-nodate/disk.img}
[SHELL OUT]:	GPT Exists? true
[SHELL OUT]:	[Parent:00007ff6ef60eed9] >>  C:/GitHub/BlockyOS/Build/Build-nodate/disk.img  Base: 0    ConfBlockSize: 512    Starting Disk Env ID: 
[SHELL OUT]:	Reading Bytes
[SHELL OUT]:	[Parent:00007ff6ef60eefa] >> Reading [92 bytes(s)->1 block(s)] from LBA[1(512)-2(1024)]
[SHELL OUT]:	[C:\GitHub\BlockyOS\tools\filesystem\frat.c:137]  >>  Querying Part Table
[SHELL OUT]:	Reading Bytes
[SHELL OUT]:	[Parent:00007ff6ef60e73d] >> Reading [256 bytes(s)->1 block(s)] from LBA[2(1024)-3(1536)]
[SHELL OUT]:	[C:\GitHub\BlockyOS\tools\filesystem\frat.c:145]  >>  GPT-Entry: BOOT{2048:133119 -> 131071}
[SHELL OUT]:	[C:\GitHub\BlockyOS\tools\filesystem\frat.c:159]  >>  Querying FS at 2048
[SHELL OUT]:	Reading Bytes
[SHELL OUT]:	[Parent:00007ff6ef60ebe1] >> Reading [60 bytes(s)->1 block(s)] from LBA[2048(1048576)-2049(1049088)]
[SHELL OUT]:	FS-Root Blob:
[SHELL OUT]:	    Version: [0:131072]
[SHELL OUT]:	    Sig: 
[SHELL OUT]:	    Configured Log Sectors: 2
[SHELL OUT]:	    Configured Block Size: 0
[SHELL OUT]:	    Configured Cluster-Map Size: 16711743
[SHELL OUT]:	[C:\GitHub\BlockyOS\tools\filesystem\frat.c:145]  >>  GPT-Entry: ROOT{133120:2230271 -> 2097151}
[SHELL OUT]:	[C:\GitHub\BlockyOS\tools\filesystem\frat.c:159]  >>  Querying FS at 133120
[SHELL OUT]:	Reading Bytes
[SHELL OUT]:	[Parent:00007ff6ef60ebe1] >> Reading [60 bytes(s)->1 block(s)] from LBA[133120(68157440)-133121(68157952)]
[SHELL OUT]:	FS-Root Blob:
[SHELL OUT]:	    Version: [0:1]
[SHELL OUT]:	    Sig: FRAT_FILESYSTEM
[SHELL OUT]:	    Configured Log Sectors: 32
[SHELL OUT]:	    Configured Block Size: 2048
[SHELL OUT]:	    Configured Cluster-Map Size: 20480
[SHELL OUT]:	[C:\GitHub\BlockyOS\tools\filesystem\frat.c:184]  >>  FS Found at [133120]:
[SHELL OUT]:		Version-Code: [0:1]
[SHELL OUT]:		Configured Block-Size: 2048
[SHELL OUT]:		Configured Cluster-Size: 20480
[SHELL OUT]:		Configured # of Log-Sectors: 32
[SHELL OUT]:		Configured Log-Size: 576
[SHELL OUT]:	[C:\GitHub\BlockyOS\tools\filesystem\frat.c:210]  >>  Found Formatted Partition: 133120:2230271 -> 2097151
[SHELL OUT]:	Reading Bytes
[SHELL OUT]:	[Parent:00007ff6ef60f05b] >> Reading [60 bytes(s)->1 block(s)] from LBA[133120(68157440)-133121(68157952)]
[SHELL OUT]:	[C:\GitHub\BlockyOS\tools\filesystem\frat.c:223]  >>  Root: 133120:2230271 -> 2097151 LBAs
[SHELL OUT]:		Version-Code: [0:1]
[SHELL OUT]:		Configured Block-Size: 2048
[SHELL OUT]:		Configured Cluster-Size: 20480
[SHELL OUT]:		Configured # of Log-Sectors: 20480
[SHELL OUT]:		Configured Log-Size: 32
[SHELL OUT]:	Reading Bytes
[SHELL OUT]:	[Parent:00007ff6ef60f39f] >> Reading [65536 bytes(s)->128 block(s)] from LBA[133121(68159488)-133249(68421632)]
[SHELL OUT]:	Reading Bytes
[SHELL OUT]:	[Parent:00007ff6ef60f44b] >> Reading [20480 bytes(s)->40 block(s)] from LBA[202752(210763776)-202792(210845696)]
[SHELL OUT]:	    Verifying FS Root Items #items: 1024
[SHELL OUT]:	Reading Bytes
[SHELL OUT]:	[Parent:00007ff6ef60f6be] >> Reading [512 bytes(s)->4 block(s)] from LBA[225280(256901120)-225284(256909312)]
[SHELL OUT]:	Reading Bytes
[SHELL OUT]:	[Parent:00007ff6ef60f6be] >> Reading [512 bytes(s)->4 block(s)] from LBA[225281(256903168)-225285(256911360)]
[SHELL OUT]:	Reading Bytes
[SHELL OUT]:	[Parent:00007ff6ef60f6be] >> Reading [512 bytes(s)->4 block(s)] from LBA[225396(257138688)-225400(257146880)]
[SHELL OUT]:	Reading Bytes
[SHELL OUT]:	[Parent:00007ff6ef60f6be] >> Reading [512 bytes(s)->4 block(s)] from LBA[225422(257191936)-225426(257200128)]
[SHELL OUT]:	Reading Bytes
[SHELL OUT]:	[Parent:00007ff6ef60f6be] >> Reading [512 bytes(s)->4 block(s)] from LBA[225431(257210368)-225435(257218560)]
[SHELL OUT]:	Reading Bytes
[SHELL OUT]:	[Parent:00007ff6ef60f6be] >> Reading [512 bytes(s)->4 block(s)] from LBA[225446(257241088)-225450(257249280)]
[SHELL OUT]:	Reading Bytes
[SHELL OUT]:	[Parent:00007ff6ef60f6be] >> Reading [512 bytes(s)->4 block(s)] from LBA[225560(257474560)-225564(257482752)]
[SHELL OUT]:	Reading Bytes
[SHELL OUT]:	[Parent:00007ff6ef60f6be] >> Reading [512 bytes(s)->4 block(s)] from LBA[225586(257527808)-225590(257536000)]
[SHELL OUT]:	Reading Bytes
[SHELL OUT]:	[Parent:00007ff6ef60f6be] >> Reading [512 bytes(s)->4 block(s)] from LBA[225595(257546240)-225599(257554432)]
[SHELL OUT]:	Reading Bytes
[SHELL OUT]:	[Parent:00007ff6ef60f6be] >> Reading [512 bytes(s)->4 block(s)] from LBA[225610(257576960)-225614(257585152)]
[SHELL OUT]:	Closing Disk Interface >> {C:/GitHub/BlockyOS/Build/Build-nodate/disk.img}
[SHELL OUT]:	[Parent:00007ff6ef611926] >>  C:/GitHub/BlockyOS/Build/Build-nodate/disk.img  Base: 133120    ConfBlockSize: 2048    Starting Disk Env ID: 
[SHELL OUT]:	Writing Bytes
[SHELL OUT]:	[Parent:00007ff6ef61194f] >> Wrtiting [60 bytes(s)->4 block(s)] to LBA[133120(68157440)-133124(68165632)]
[SHELL OUT]:	Writing Bytes
[SHELL OUT]:	[Parent:00007ff6ef611997] >> Wrtiting [20480 bytes(s)->40 block(s)] to LBA[202752(210763776)-202792(210845696)]
[SHELL OUT]:	Closing Disk Interface >> {C:/GitHub/BlockyOS/Build/Build-nodate/disk.img}
[SHELL OUT]:	[0]: ""
[SHELL]	create -la fc -p SYSD/ -n test.log
[SHELL OUT]:	
[SHELL OUT]:	>> 
[SHELL OUT]:	>> 
[SHELL OUT]:	0000021b08425ecb:fc	0000021b08425ed1:SYSD/	0000021b08425eda:test.log	
[SHELL OUT]:	[	SYSD/test.log]
[SHELL OUT]:	Mounting File [SYSD/test.log] with "fc"
[SHELL OUT]:	Creating File at: ./SYSD/test.log
[SHELL OUT]:	Root is 0000021b08429030
[SHELL OUT]:	Root is 0000021b08429030
[SHELL OUT]:	Un-Mounting File [17326495997843702475:275180975602787]
[SHELL OUT]:	[Parent:00007ff6ef611926] >>  C:/GitHub/BlockyOS/Build/Build-nodate/disk.img  Base: 133120    ConfBlockSize: 2048    Starting Disk Env ID: 
[SHELL OUT]:	Writing Bytes
[SHELL OUT]:	[Parent:00007ff6ef61194f] >> Wrtiting [60 bytes(s)->4 block(s)] to LBA[133120(68157440)-133124(68165632)]
[SHELL OUT]:	Writing Bytes
[SHELL OUT]:	[Parent:00007ff6ef611997] >> Wrtiting [20480 bytes(s)->40 block(s)] to LBA[202752(210763776)-202792(210845696)]
[SHELL OUT]:	Closing Disk Interface >> {C:/GitHub/BlockyOS/Build/Build-nodate/disk.img}
[SHELL OUT]:	[0]: ""
[SHELL]	FSFRAT.OPEN
[SHELL]	open -p SYSD/test.log -a TEST -la f
[SHELL OUT]:	
[SHELL OUT]:	>> 
[SHELL OUT]:	>> 
[SHELL OUT]:	Mounting File [SYSD/test.log] with "f"
[SHELL OUT]:	Root is 0000021b08429030
[SHELL OUT]:	[0]: ""
[SHELL]	FSFRAT.WRITE
[SHELL]	fwrite -pp C:/GitHub/BlockyOS/compile/TEST.log -ia %TEST% -p 0 -n 0
[SHELL OUT]:	
[SHELL OUT]:	>> 
[SHELL OUT]:	>> 
[SHELL OUT]:	[Parent:00007ff6ef611f16] >>  C:/GitHub/BlockyOS/Build/Build-nodate/disk.img  Base: 133120    ConfBlockSize: 2048    Starting Disk Env ID: 
[SHELL OUT]:	[Parent:00007ff6ef611e53] >>  C:/GitHub/BlockyOS/Build/Build-nodate/disk.img  Base: 133120    ConfBlockSize: 2048    Starting Disk Env ID: 
[SHELL OUT]:	Reading File Info
[SHELL OUT]:	Reading Bytes
[SHELL OUT]:	[Parent:00007ff6ef611ec2] >> Reading [512 bytes(s)->4 block(s)] from LBA[225610(257576960)-225614(257585152)]
[SHELL OUT]:	Closing Disk Interface >> {C:/GitHub/BlockyOS/Build/Build-nodate/disk.img}
[SHELL OUT]:	Writing Bytes
[SHELL OUT]:	[Parent:00007ff6ef612010] >> Wrtiting [512 bytes(s)->4 block(s)] to LBA[225610(257576960)-225614(257585152)]
[SHELL OUT]:	Closing Disk Interface >> {C:/GitHub/BlockyOS/Build/Build-nodate/disk.img}
[SHELL OUT]:	Root is 0000021b08429030
[SHELL OUT]:	Reading File Block at 225611, Item: 1.    Root: [17326495997843702475:275180975602787]
[SHELL OUT]:	[Parent:00007ff6ef6110ba] >>  C:/GitHub/BlockyOS/Build/Build-nodate/disk.img  Base: 133120    ConfBlockSize: 2048    Starting Disk Env ID: 
[SHELL OUT]:	Reading Bytes
[SHELL OUT]:	[Parent:00007ff6ef6110de] >> Reading [2048 bytes(s)->4 block(s)] from LBA[225611(257579008)-225615(257587200)]
[SHELL OUT]:	Closing Disk Interface >> {C:/GitHub/BlockyOS/Build/Build-nodate/disk.img}
[SHELL OUT]:	Writing File Block at 225611, Item: 1.	Root: [17326495997843702475:275180975602787]
[SHELL OUT]:	[Parent:00007ff6ef611557] >>  C:/GitHub/BlockyOS/Build/Build-nodate/disk.img  Base: 133120    ConfBlockSize: 2048    Starting Disk Env ID: 
[SHELL OUT]:	Writing Bytes
[SHELL OUT]:	[Parent:00007ff6ef611583] >> Wrtiting [2048 bytes(s)->4 block(s)] to LBA[225611(257579008)-225615(257587200)]
[SHELL OUT]:	Closing Disk Interface >> {C:/GitHub/BlockyOS/Build/Build-nodate/disk.img}
[SHELL OUT]:	[0]: ""
[SHELL]	SHELL.EXECUTE
False
False
False
0
[SHELL]	SHELL.EXECUTE
0
[SHELL]	SHELL.EXECUTE
False
False
False
0
[SHELL]	FSFRAT.MAKE
[SHELL]	FSFRAT.MOUNT
[SHELL]	e.disk -pp C:/GitHub/BlockyOS/Build/Build-nodate/disk.img -pt ROOT -bs 1024 -lb 10 -v 1:0
[SHELL OUT]:	
[SHELL OUT]:	FSFRAT DRIVER
[SHELL OUT]:	>> 
[SHELL OUT]:	[C:\GitHub\BlockyOS\tools\filesystem\frat.c:196]  >>  Mounting FS Root: [C:/GitHub/BlockyOS/Build/Build-nodate/disk.img]
[SHELL OUT]:	Verifying Disk GPT
[SHELL OUT]:	[Parent:00007ff6ef60d8ff] >>  C:/GitHub/BlockyOS/Build/Build-nodate/disk.img  Base: 0    ConfBlockSize: 512    Starting Disk Env ID: 
[SHELL OUT]:	Reading Bytes
[SHELL OUT]:	[Parent:00007ff6ef60d91a] >> Reading [92 bytes(s)->1 block(s)] from LBA[1(512)-2(1024)]
[SHELL OUT]:	GPT Dump:
[SHELL OUT]:	    Sig: "EFI PART"
[SHELL OUT]:	    Rev: 65536
[SHELL OUT]:	    Header-Size: 92
[SHELL OUT]:	    Header Checksum: 2621714706
[SHELL OUT]:	    localLBA: 1
[SHELL OUT]:	    altLBA: 2230273
[SHELL OUT]:	    firstUsable: 2048
[SHELL OUT]:	    lastUsable: 2230271
[SHELL OUT]:	    Disk-GUID: 
[SHELL OUT]:	    Partition-Table: 2
[SHELL OUT]:	    # of Partition-Entries: 2
[SHELL OUT]:	    Partition-Entry Size: 128
[SHELL OUT]:	    Partition-Table Checksum: 896708427
[SHELL OUT]:	Closing Disk Interface >> {C:/GitHub/BlockyOS/Build/Build-nodate/disk.img}
[SHELL OUT]:	GPT Exists? true
[SHELL OUT]:	[Parent:00007ff6ef60eed9] >>  C:/GitHub/BlockyOS/Build/Build-nodate/disk.img  Base: 0    ConfBlockSize: 512    Starting Disk Env ID: 
[SHELL OUT]:	Reading Bytes
[SHELL OUT]:	[Parent:00007ff6ef60eefa] >> Reading [92 bytes(s)->1 block(s)] from LBA[1(512)-2(1024)]
[SHELL OUT]:	[C:\GitHub\BlockyOS\tools\filesystem\frat.c:137]  >>  Querying Part Table
[SHELL OUT]:	Reading Bytes
[SHELL OUT]:	[Parent:00007ff6ef60e73d] >> Reading [256 bytes(s)->1 block(s)] from LBA[2(1024)-3(1536)]
[SHELL OUT]:	[C:\GitHub\BlockyOS\tools\filesystem\frat.c:145]  >>  GPT-Entry: BOOT{2048:133119 -> 131071}
[SHELL OUT]:	[C:\GitHub\BlockyOS\tools\filesystem\frat.c:159]  >>  Querying FS at 2048
[SHELL OUT]:	Reading Bytes
[SHELL OUT]:	[Parent:00007ff6ef60ebe1] >> Reading [60 bytes(s)->1 block(s)] from LBA[2048(1048576)-2049(1049088)]
[SHELL OUT]:	FS-Root Blob:
[SHELL OUT]:	    Version: [0:131072]
[SHELL OUT]:	    Sig: 
[SHELL OUT]:	    Configured Log Sectors: 2
[SHELL OUT]:	    Configured Block Size: 0
[SHELL OUT]:	    Configured Cluster-Map Size: 16711743
[SHELL OUT]:	[C:\GitHub\BlockyOS\tools\filesystem\frat.c:145]  >>  GPT-Entry: ROOT{133120:2230271 -> 2097151}
[SHELL OUT]:	[C:\GitHub\BlockyOS\tools\filesystem\frat.c:159]  >>  Querying FS at 133120
[SHELL OUT]:	Reading Bytes
[SHELL OUT]:	[Parent:00007ff6ef60ebe1] >> Reading [60 bytes(s)->1 block(s)] from LBA[133120(68157440)-133121(68157952)]
[SHELL OUT]:	FS-Root Blob:
[SHELL OUT]:	    Version: [0:1]
[SHELL OUT]:	    Sig: FRAT_FILESYSTEM
[SHELL OUT]:	    Configured Log Sectors: 32
[SHELL OUT]:	    Configured Block Size: 2048
[SHELL OUT]:	    Configured Cluster-Map Size: 20480
[SHELL OUT]:	[C:\GitHub\BlockyOS\tools\filesystem\frat.c:184]  >>  FS Found at [133120]:
[SHELL OUT]:		Version-Code: [0:1]
[SHELL OUT]:		Configured Block-Size: 2048
[SHELL OUT]:		Configured Cluster-Size: 20480
[SHELL OUT]:		Configured # of Log-Sectors: 32
[SHELL OUT]:		Configured Log-Size: 576
[SHELL OUT]:	[C:\GitHub\BlockyOS\tools\filesystem\frat.c:210]  >>  Found Formatted Partition: 133120:2230271 -> 2097151
[SHELL OUT]:	Reading Bytes
[SHELL OUT]:	[Parent:00007ff6ef60f05b] >> Reading [60 bytes(s)->1 block(s)] from LBA[133120(68157440)-133121(68157952)]
[SHELL OUT]:	[C:\GitHub\BlockyOS\tools\filesystem\frat.c:223]  >>  Root: 133120:2230271 -> 2097151 LBAs
[SHELL OUT]:		Version-Code: [0:1]
[SHELL OUT]:		Configured Block-Size: 2048
[SHELL OUT]:		Configured Cluster-Size: 20480
[SHELL OUT]:		Configured # of Log-Sectors: 20480
[SHELL OUT]:		Configured Log-Size: 32
[SHELL OUT]:	Reading Bytes
[SHELL OUT]:	[Parent:00007ff6ef60f39f] >> Reading [65536 bytes(s)->128 block(s)] from LBA[133121(68159488)-133249(68421632)]
[SHELL OUT]:	Reading Bytes
[SHELL OUT]:	[Parent:00007ff6ef60f44b] >> Reading [20480 bytes(s)->40 block(s)] from LBA[202752(210763776)-202792(210845696)]
[SHELL OUT]:	    Verifying FS Root Items #items: 1024
[SHELL OUT]:	Reading Bytes
[SHELL OUT]:	[Parent:00007ff6ef60f6be] >> Reading [512 bytes(s)->4 block(s)] from LBA[225280(256901120)-225284(256909312)]
[SHELL OUT]:	Reading Bytes
[SHELL OUT]:	[Parent:00007ff6ef60f6be] >> Reading [512 bytes(s)->4 block(s)] from LBA[225281(256903168)-225285(256911360)]
[SHELL OUT]:	Reading Bytes
[SHELL OUT]:	[Parent:00007ff6ef60f6be] >> Reading [512 bytes(s)->4 block(s)] from LBA[225396(257138688)-225400(257146880)]
[SHELL OUT]:	Reading Bytes
[SHELL OUT]:	[Parent:00007ff6ef60f6be] >> Reading [512 bytes(s)->4 block(s)] from LBA[225422(257191936)-225426(257200128)]
[SHELL OUT]:	Reading Bytes
[SHELL OUT]:	[Parent:00007ff6ef60f6be] >> Reading [512 bytes(s)->4 block(s)] from LBA[225431(257210368)-225435(257218560)]
[SHELL OUT]:	Reading Bytes
[SHELL OUT]:	[Parent:00007ff6ef60f6be] >> Reading [512 bytes(s)->4 block(s)] from LBA[225446(257241088)-225450(257249280)]
[SHELL OUT]:	Reading Bytes
[SHELL OUT]:	[Parent:00007ff6ef60f6be] >> Reading [512 bytes(s)->4 block(s)] from LBA[225560(257474560)-225564(257482752)]
[SHELL OUT]:	Reading Bytes
[SHELL OUT]:	[Parent:00007ff6ef60f6be] >> Reading [512 bytes(s)->4 block(s)] from LBA[225586(257527808)-225590(257536000)]
[SHELL OUT]:	Reading Bytes
[SHELL OUT]:	[Parent:00007ff6ef60f6be] >> Reading [512 bytes(s)->4 block(s)] from LBA[225595(257546240)-225599(257554432)]
[SHELL OUT]:	Reading Bytes
[SHELL OUT]:	[Parent:00007ff6ef60f6be] >> Reading [512 bytes(s)->4 block(s)] from LBA[225610(257576960)-225614(257585152)]
[SHELL OUT]:	Closing Disk Interface >> {C:/GitHub/BlockyOS/Build/Build-nodate/disk.img}
[SHELL OUT]:	[Parent:00007ff6ef611926] >>  C:/GitHub/BlockyOS/Build/Build-nodate/disk.img  Base: 133120    ConfBlockSize: 2048    Starting Disk Env ID: 
[SHELL OUT]:	Writing Bytes
[SHELL OUT]:	[Parent:00007ff6ef61194f] >> Wrtiting [60 bytes(s)->4 block(s)] to LBA[133120(68157440)-133124(68165632)]
[SHELL OUT]:	Writing Bytes
[SHELL OUT]:	[Parent:00007ff6ef611997] >> Wrtiting [20480 bytes(s)->40 block(s)] to LBA[202752(210763776)-202792(210845696)]
[SHELL OUT]:	Closing Disk Interface >> {C:/GitHub/BlockyOS/Build/Build-nodate/disk.img}
[SHELL OUT]:	[0]: ""
[SHELL]	create -la fc -p SYSD/ -n test.log
[SHELL OUT]:	
[SHELL OUT]:	>> 
[SHELL OUT]:	>> 
[SHELL OUT]:	000002812d915ecb:fc	000002812d915ed1:SYSD/	000002812d915eda:test.log	
[SHELL OUT]:	[	SYSD/test.log]
[SHELL OUT]:	Mounting File [SYSD/test.log] with "fc"
[SHELL OUT]:	Creating File at: ./SYSD/test.log
[SHELL OUT]:	Root is 000002812d919030
[SHELL OUT]:	Root is 000002812d919030
[SHELL OUT]:	Un-Mounting File [17326495997843702475:275180975602787]
[SHELL OUT]:	[Parent:00007ff6ef611926] >>  C:/GitHub/BlockyOS/Build/Build-nodate/disk.img  Base: 133120    ConfBlockSize: 2048    Starting Disk Env ID: 
[SHELL OUT]:	Writing Bytes
[SHELL OUT]:	[Parent:00007ff6ef61194f] >> Wrtiting [60 bytes(s)->4 block(s)] to LBA[133120(68157440)-133124(68165632)]
[SHELL OUT]:	Writing Bytes
[SHELL OUT]:	[Parent:00007ff6ef611997] >> Wrtiting [20480 bytes(s)->40 block(s)] to LBA[202752(210763776)-202792(210845696)]
[SHELL OUT]:	Closing Disk Interface >> {C:/GitHub/BlockyOS/Build/Build-nodate/disk.img}
[SHELL OUT]:	[0]: ""
[SHELL]	FSFRAT.OPEN
[SHELL]	open -p SYSD/test.log -a TEST -la f
[SHELL OUT]:	
[SHELL OUT]:	>> 
[SHELL OUT]:	>> 
[SHELL OUT]:	Mounting File [SYSD/test.log] with "f"
[SHELL OUT]:	Root is 000002812d919030
[SHELL OUT]:	[0]: ""
[SHELL]	FSFRAT.WRITE
[SHELL]	fwrite -pp C:/GitHub/BlockyOS/compile/TEST.log -ia %TEST% -p 0 -n 0
[SHELL OUT]:	
[SHELL OUT]:	>> 
[SHELL OUT]:	>> 
[SHELL OUT]:	[Parent:00007ff6ef611f16] >>  C:/GitHub/BlockyOS/Build/Build-nodate/disk.img  Base: 133120    ConfBlockSize: 2048    Starting Disk Env ID: 
[SHELL OUT]:	[Parent:00007ff6ef611e53] >>  C:/GitHub/BlockyOS/Build/Build-nodate/disk.img  Base: 133120    ConfBlockSize: 2048    Starting Disk Env ID: 
[SHELL OUT]:	Reading File Info
[SHELL OUT]:	Reading Bytes
[SHELL OUT]:	[Parent:00007ff6ef611ec2] >> Reading [512 bytes(s)->4 block(s)] from LBA[225610(257576960)-225614(257585152)]
[SHELL OUT]:	Closing Disk Interface >> {C:/GitHub/BlockyOS/Build/Build-nodate/disk.img}
[SHELL OUT]:	Writing Bytes
[SHELL OUT]:	[Parent:00007ff6ef612010] >> Wrtiting [512 bytes(s)->4 block(s)] to LBA[225610(257576960)-225614(257585152)]
[SHELL OUT]:	Closing Disk Interface >> {C:/GitHub/BlockyOS/Build/Build-nodate/disk.img}
[SHELL OUT]:	Root is 000002812d919030
[SHELL OUT]:	Reading File Block at 225611, Item: 1.    Root: [17326495997843702475:275180975602787]
[SHELL OUT]:	[Parent:00007ff6ef6110ba] >>  C:/GitHub/BlockyOS/Build/Build-nodate/disk.img  Base: 133120    ConfBlockSize: 2048    Starting Disk Env ID: 
[SHELL OUT]:	Reading Bytes
[SHELL OUT]:	[Parent:00007ff6ef6110de] >> Reading [2048 bytes(s)->4 block(s)] from LBA[225611(257579008)-225615(257587200)]
[SHELL OUT]:	Closing Disk Interface >> {C:/GitHub/BlockyOS/Build/Build-nodate/disk.img}
[SHELL OUT]:	Writing File Block at 225611, Item: 1.	Root: [17326495997843702475:275180975602787]
[SHELL OUT]:	[Parent:00007ff6ef611557] >>  C:/GitHub/BlockyOS/Build/Build-nodate/disk.img  Base: 133120    ConfBlockSize: 2048    Starting Disk Env ID: 
[SHELL OUT]:	Writing Bytes
[SHELL OUT]:	[Parent:00007ff6ef611583] >> Wrtiting [2048 bytes(s)->4 block(s)] to LBA[225611(257579008)-225615(257587200)]
[SHELL OUT]:	Closing Disk Interface >> {C:/GitHub/BlockyOS/Build/Build-nodate/disk.img}
[SHELL OUT]:	[0]: ""
[SHELL]	SHELL.EXECUTE
False
False
False
0
[SHELL]	SHELL.EXECUTE
0
[SHELL]	SHELL.EXECUTE
False
False
False
0
[SHELL]	FSFRAT.MAKE
[SHELL]	FSFRAT.MOUNT
[SHELL]	e.disk -pp C:/GitHub/BlockyOS/Build/Build-nodate/disk.img -pt ROOT -bs 1024 -lb 10 -v 1:0
[SHELL OUT]:	
[SHELL OUT]:	FSFRAT DRIVER
[SHELL OUT]:	>> 
[SHELL OUT]:	[C:\GitHub\BlockyOS\tools\filesystem\frat.c:196]  >>  Mounting FS Root: [C:/GitHub/BlockyOS/Build/Build-nodate/disk.img]
[SHELL OUT]:	Verifying Disk GPT
[SHELL OUT]:	[Parent:00007ff6ef60d8ff] >>  C:/GitHub/BlockyOS/Build/Build-nodate/disk.img  Base: 0    ConfBlockSize: 512    Starting Disk Env ID: 
[SHELL OUT]:	Reading Bytes
[SHELL OUT]:	[Parent:00007ff6ef60d91a] >> Reading [92 bytes(s)->1 block(s)] from LBA[1(512)-2(1024)]
[SHELL OUT]:	GPT Dump:
[SHELL OUT]:	    Sig: "EFI PART"
[SHELL OUT]:	    Rev: 65536
[SHELL OUT]:	    Header-Size: 92
[SHELL OUT]:	    Header Checksum: 2621714706
[SHELL OUT]:	    localLBA: 1
[SHELL OUT]:	    altLBA: 2230273
[SHELL OUT]:	    firstUsable: 2048
[SHELL OUT]:	    lastUsable: 2230271
[SHELL OUT]:	    Disk-GUID: 
[SHELL OUT]:	    Partition-Table: 2
[SHELL OUT]:	    # of Partition-Entries: 2
[SHELL OUT]:	    Partition-Entry Size: 128
[SHELL OUT]:	    Partition-Table Checksum: 896708427
[SHELL OUT]:	Closing Disk Interface >> {C:/GitHub/BlockyOS/Build/Build-nodate/disk.img}
[SHELL OUT]:	GPT Exists? true
[SHELL OUT]:	[Parent:00007ff6ef60eed9] >>  C:/GitHub/BlockyOS/Build/Build-nodate/disk.img  Base: 0    ConfBlockSize: 512    Starting Disk Env ID: 
[SHELL OUT]:	Reading Bytes
[SHELL OUT]:	[Parent:00007ff6ef60eefa] >> Reading [92 bytes(s)->1 block(s)] from LBA[1(512)-2(1024)]
[SHELL OUT]:	[C:\GitHub\BlockyOS\tools\filesystem\frat.c:137]  >>  Querying Part Table
[SHELL OUT]:	Reading Bytes
[SHELL OUT]:	[Parent:00007ff6ef60e73d] >> Reading [256 bytes(s)->1 block(s)] from LBA[2(1024)-3(1536)]
[SHELL OUT]:	[C:\GitHub\BlockyOS\tools\filesystem\frat.c:145]  >>  GPT-Entry: BOOT{2048:133119 -> 131071}
[SHELL OUT]:	[C:\GitHub\BlockyOS\tools\filesystem\frat.c:159]  >>  Querying FS at 2048
[SHELL OUT]:	Reading Bytes
[SHELL OUT]:	[Parent:00007ff6ef60ebe1] >> Reading [60 bytes(s)->1 block(s)] from LBA[2048(1048576)-2049(1049088)]
[SHELL OUT]:	FS-Root Blob:
[SHELL OUT]:	    Version: [0:131072]
[SHELL OUT]:	    Sig: 
[SHELL OUT]:	    Configured Log Sectors: 2
[SHELL OUT]:	    Configured Block Size: 0
[SHELL OUT]:	    Configured Cluster-Map Size: 16711743
[SHELL OUT]:	[C:\GitHub\BlockyOS\tools\filesystem\frat.c:145]  >>  GPT-Entry: ROOT{133120:2230271 -> 2097151}
[SHELL OUT]:	[C:\GitHub\BlockyOS\tools\filesystem\frat.c:159]  >>  Querying FS at 133120
[SHELL OUT]:	Reading Bytes
[SHELL OUT]:	[Parent:00007ff6ef60ebe1] >> Reading [60 bytes(s)->1 block(s)] from LBA[133120(68157440)-133121(68157952)]
[SHELL OUT]:	FS-Root Blob:
[SHELL OUT]:	    Version: [0:1]
[SHELL OUT]:	    Sig: FRAT_FILESYSTEM
[SHELL OUT]:	    Configured Log Sectors: 32
[SHELL OUT]:	    Configured Block Size: 2048
[SHELL OUT]:	    Configured Cluster-Map Size: 20480
[SHELL OUT]:	[C:\GitHub\BlockyOS\tools\filesystem\frat.c:184]  >>  FS Found at [133120]:
[SHELL OUT]:		Version-Code: [0:1]
[SHELL OUT]:		Configured Block-Size: 2048
[SHELL OUT]:		Configured Cluster-Size: 20480
[SHELL OUT]:		Configured # of Log-Sectors: 32
[SHELL OUT]:		Configured Log-Size: 576
[SHELL OUT]:	[C:\GitHub\BlockyOS\tools\filesystem\frat.c:210]  >>  Found Formatted Partition: 133120:2230271 -> 2097151
[SHELL OUT]:	Reading Bytes
[SHELL OUT]:	[Parent:00007ff6ef60f05b] >> Reading [60 bytes(s)->1 block(s)] from LBA[133120(68157440)-133121(68157952)]
[SHELL OUT]:	[C:\GitHub\BlockyOS\tools\filesystem\frat.c:223]  >>  Root: 133120:2230271 -> 2097151 LBAs
[SHELL OUT]:		Version-Code: [0:1]
[SHELL OUT]:		Configured Block-Size: 2048
[SHELL OUT]:		Configured Cluster-Size: 20480
[SHELL OUT]:		Configured # of Log-Sectors: 20480
[SHELL OUT]:		Configured Log-Size: 32
[SHELL OUT]:	Reading Bytes
[SHELL OUT]:	[Parent:00007ff6ef60f39f] >> Reading [65536 bytes(s)->128 block(s)] from LBA[133121(68159488)-133249(68421632)]
[SHELL OUT]:	Reading Bytes
[SHELL OUT]:	[Parent:00007ff6ef60f44b] >> Reading [20480 bytes(s)->40 block(s)] from LBA[202752(210763776)-202792(210845696)]
[SHELL OUT]:	    Verifying FS Root Items #items: 1024
[SHELL OUT]:	Reading Bytes
[SHELL OUT]:	[Parent:00007ff6ef60f6be] >> Reading [512 bytes(s)->4 block(s)] from LBA[225280(256901120)-225284(256909312)]
[SHELL OUT]:	Reading Bytes
[SHELL OUT]:	[Parent:00007ff6ef60f6be] >> Reading [512 bytes(s)->4 block(s)] from LBA[225281(256903168)-225285(256911360)]
[SHELL OUT]:	Reading Bytes
[SHELL OUT]:	[Parent:00007ff6ef60f6be] >> Reading [512 bytes(s)->4 block(s)] from LBA[225396(257138688)-225400(257146880)]
[SHELL OUT]:	Reading Bytes
[SHELL OUT]:	[Parent:00007ff6ef60f6be] >> Reading [512 bytes(s)->4 block(s)] from LBA[225422(257191936)-225426(257200128)]
[SHELL OUT]:	Reading Bytes
[SHELL OUT]:	[Parent:00007ff6ef60f6be] >> Reading [512 bytes(s)->4 block(s)] from LBA[225431(257210368)-225435(257218560)]
[SHELL OUT]:	Reading Bytes
[SHELL OUT]:	[Parent:00007ff6ef60f6be] >> Reading [512 bytes(s)->4 block(s)] from LBA[225446(257241088)-225450(257249280)]
[SHELL OUT]:	Reading Bytes
[SHELL OUT]:	[Parent:00007ff6ef60f6be] >> Reading [512 bytes(s)->4 block(s)] from LBA[225560(257474560)-225564(257482752)]
[SHELL OUT]:	Reading Bytes
[SHELL OUT]:	[Parent:00007ff6ef60f6be] >> Reading [512 bytes(s)->4 block(s)] from LBA[225586(257527808)-225590(257536000)]
[SHELL OUT]:	Reading Bytes
[SHELL OUT]:	[Parent:00007ff6ef60f6be] >> Reading [512 bytes(s)->4 block(s)] from LBA[225595(257546240)-225599(257554432)]
[SHELL OUT]:	Reading Bytes
[SHELL OUT]:	[Parent:00007ff6ef60f6be] >> Reading [512 bytes(s)->4 block(s)] from LBA[225610(257576960)-225614(257585152)]
[SHELL OUT]:	Closing Disk Interface >> {C:/GitHub/BlockyOS/Build/Build-nodate/disk.img}
[SHELL OUT]:	[Parent:00007ff6ef611926] >>  C:/GitHub/BlockyOS/Build/Build-nodate/disk.img  Base: 133120    ConfBlockSize: 2048    Starting Disk Env ID: 
[SHELL OUT]:	Writing Bytes
[SHELL OUT]:	[Parent:00007ff6ef61194f] >> Wrtiting [60 bytes(s)->4 block(s)] to LBA[133120(68157440)-133124(68165632)]
[SHELL OUT]:	Writing Bytes
[SHELL OUT]:	[Parent:00007ff6ef611997] >> Wrtiting [20480 bytes(s)->40 block(s)] to LBA[202752(210763776)-202792(210845696)]
[SHELL OUT]:	Closing Disk Interface >> {C:/GitHub/BlockyOS/Build/Build-nodate/disk.img}
[SHELL OUT]:	[0]: ""
[SHELL]	create -la fc -p SYSD/ -n test.log
[SHELL OUT]:	
[SHELL OUT]:	>> 
[SHELL OUT]:	>> 
[SHELL OUT]:	0000024636bc5ecb:fc	0000024636bc5ed1:SYSD/	0000024636bc5eda:test.log	
[SHELL OUT]:	[	SYSD/test.log]
[SHELL OUT]:	Mounting File [SYSD/test.log] with "fc"
[SHELL OUT]:	Creating File at: ./SYSD/test.log
[SHELL OUT]:	Root is 0000024636bc9030
[SHELL OUT]:	Root is 0000024636bc9030
[SHELL OUT]:	Un-Mounting File [17326495997843702475:275180975602787]
[SHELL OUT]:	[Parent:00007ff6ef611926] >>  C:/GitHub/BlockyOS/Build/Build-nodate/disk.img  Base: 133120    ConfBlockSize: 2048    Starting Disk Env ID: 
[SHELL OUT]:	Writing Bytes
[SHELL OUT]:	[Parent:00007ff6ef61194f] >> Wrtiting [60 bytes(s)->4 block(s)] to LBA[133120(68157440)-133124(68165632)]
[SHELL OUT]:	Writing Bytes
[SHELL OUT]:	[Parent:00007ff6ef611997] >> Wrtiting [20480 bytes(s)->40 block(s)] to LBA[202752(210763776)-202792(210845696)]
[SHELL OUT]:	Closing Disk Interface >> {C:/GitHub/BlockyOS/Build/Build-nodate/disk.img}
[SHELL OUT]:	[0]: ""
[SHELL]	FSFRAT.OPEN
[SHELL]	open -p SYSD/test.log -a TEST -la f
[SHELL OUT]:	
[SHELL OUT]:	>> 
[SHELL OUT]:	>> 
[SHELL OUT]:	Mounting File [SYSD/test.log] with "f"
[SHELL OUT]:	Root is 0000024636bc9030
[SHELL OUT]:	[0]: ""
[SHELL]	FSFRAT.WRITE
[SHELL]	fwrite -pp C:/GitHub/BlockyOS/compile/TEST.log -ia %TEST% -p 0 -n 0
[SHELL OUT]:	
[SHELL OUT]:	>> 
[SHELL OUT]:	>> 
[SHELL OUT]:	[Parent:00007ff6ef611f16] >>  C:/GitHub/BlockyOS/Build/Build-nodate/disk.img  Base: 133120    ConfBlockSize: 2048    Starting Disk Env ID: 
[SHELL OUT]:	[Parent:00007ff6ef611e53] >>  C:/GitHub/BlockyOS/Build/Build-nodate/disk.img  Base: 133120    ConfBlockSize: 2048    Starting Disk Env ID: 
[SHELL OUT]:	Reading File Info
[SHELL OUT]:	Reading Bytes
[SHELL OUT]:	[Parent:00007ff6ef611ec2] >> Reading [512 bytes(s)->4 block(s)] from LBA[225610(257576960)-225614(257585152)]
[SHELL OUT]:	Closing Disk Interface >> {C:/GitHub/BlockyOS/Build/Build-nodate/disk.img}
[SHELL OUT]:	Writing Bytes
[SHELL OUT]:	[Parent:00007ff6ef612010] >> Wrtiting [512 bytes(s)->4 block(s)] to LBA[225610(257576960)-225614(257585152)]
[SHELL OUT]:	Closing Disk Interface >> {C:/GitHub/BlockyOS/Build/Build-nodate/disk.img}
[SHELL OUT]:	Root is 0000024636bc9030
[SHELL OUT]:	Reading File Block at 225611, Item: 1.    Root: [17326495997843702475:275180975602787]
[SHELL OUT]:	[Parent:00007ff6ef6110ba] >>  C:/GitHub/BlockyOS/Build/Build-nodate/disk.img  Base: 133120    ConfBlockSize: 2048    Starting Disk Env ID: 
[SHELL OUT]:	Reading Bytes
[SHELL OUT]:	[Parent:00007ff6ef6110de] >> Reading [2048 bytes(s)->4 block(s)] from LBA[225611(257579008)-225615(257587200)]
[SHELL OUT]:	Closing Disk Interface >> {C:/GitHub/BlockyOS/Build/Build-nodate/disk.img}
[SHELL OUT]:	Writing File Block at 225611, Item: 1.	Root: [17326495997843702475:275180975602787]
[SHELL OUT]:	[Parent:00007ff6ef611557] >>  C:/GitHub/BlockyOS/Build/Build-nodate/disk.img  Base: 133120    ConfBlockSize: 2048    Starting Disk Env ID: 
[SHELL OUT]:	Writing Bytes
[SHELL OUT]:	[Parent:00007ff6ef611583] >> Wrtiting [2048 bytes(s)->4 block(s)] to LBA[225611(257579008)-225615(257587200)]
[SHELL OUT]:	Closing Disk Interface >> {C:/GitHub/BlockyOS/Build/Build-nodate/disk.img}
[SHELL OUT]:	[0]: ""
[SHELL]	SHELL.EXECUTE
False
False
False
0
[SHELL]	SHELL.EXECUTE
0
[SHELL]	SHELL.EXECUTE
False
False
False
0
[SHELL]	FSFRAT.MAKE
[SHELL]	FSFRAT.MOUNT
[SHELL]	e.disk -pp C:/GitHub/BlockyOS/Build/Build-nodate/disk.img -pt ROOT -bs 1024 -lb 10 -v 1:0
[SHELL OUT]:	
[SHELL OUT]:	FSFRAT DRIVER
[SHELL OUT]:	>> 
[SHELL OUT]:	[C:\GitHub\BlockyOS\tools\filesystem\frat.c:196]  >>  Mounting FS Root: [C:/GitHub/BlockyOS/Build/Build-nodate/disk.img]
[SHELL OUT]:	Verifying Disk GPT
[SHELL OUT]:	[Parent:00007ff6ef60d8ff] >>  C:/GitHub/BlockyOS/Build/Build-nodate/disk.img  Base: 0    ConfBlockSize: 512    Starting Disk Env ID: 
[SHELL OUT]:	Reading Bytes
[SHELL OUT]:	[Parent:00007ff6ef60d91a] >> Reading [92 bytes(s)->1 block(s)] from LBA[1(512)-2(1024)]
[SHELL OUT]:	GPT Dump:
[SHELL OUT]:	    Sig: "EFI PART"
[SHELL OUT]:	    Rev: 65536
[SHELL OUT]:	    Header-Size: 92
[SHELL OUT]:	    Header Checksum: 2621714706
[SHELL OUT]:	    localLBA: 1
[SHELL OUT]:	    altLBA: 2230273
[SHELL OUT]:	    firstUsable: 2048
[SHELL OUT]:	    lastUsable: 2230271
[SHELL OUT]:	    Disk-GUID: 
[SHELL OUT]:	    Partition-Table: 2
[SHELL OUT]:	    # of Partition-Entries: 2
[SHELL OUT]:	    Partition-Entry Size: 128
[SHELL OUT]:	    Partition-Table Checksum: 896708427
[SHELL OUT]:	Closing Disk Interface >> {C:/GitHub/BlockyOS/Build/Build-nodate/disk.img}
[SHELL OUT]:	GPT Exists? true
[SHELL OUT]:	[Parent:00007ff6ef60eed9] >>  C:/GitHub/BlockyOS/Build/Build-nodate/disk.img  Base: 0    ConfBlockSize: 512    Starting Disk Env ID: 
[SHELL OUT]:	Reading Bytes
[SHELL OUT]:	[Parent:00007ff6ef60eefa] >> Reading [92 bytes(s)->1 block(s)] from LBA[1(512)-2(1024)]
[SHELL OUT]:	[C:\GitHub\BlockyOS\tools\filesystem\frat.c:137]  >>  Querying Part Table
[SHELL OUT]:	Reading Bytes
[SHELL OUT]:	[Parent:00007ff6ef60e73d] >> Reading [256 bytes(s)->1 block(s)] from LBA[2(1024)-3(1536)]
[SHELL OUT]:	[C:\GitHub\BlockyOS\tools\filesystem\frat.c:145]  >>  GPT-Entry: BOOT{2048:133119 -> 131071}
[SHELL OUT]:	[C:\GitHub\BlockyOS\tools\filesystem\frat.c:159]  >>  Querying FS at 2048
[SHELL OUT]:	Reading Bytes
[SHELL OUT]:	[Parent:00007ff6ef60ebe1] >> Reading [60 bytes(s)->1 block(s)] from LBA[2048(1048576)-2049(1049088)]
[SHELL OUT]:	FS-Root Blob:
[SHELL OUT]:	    Version: [0:131072]
[SHELL OUT]:	    Sig: 
[SHELL OUT]:	    Configured Log Sectors: 2
[SHELL OUT]:	    Configured Block Size: 0
[SHELL OUT]:	    Configured Cluster-Map Size: 16711743
[SHELL OUT]:	[C:\GitHub\BlockyOS\tools\filesystem\frat.c:145]  >>  GPT-Entry: ROOT{133120:2230271 -> 2097151}
[SHELL OUT]:	[C:\GitHub\BlockyOS\tools\filesystem\frat.c:159]  >>  Querying FS at 133120
[SHELL OUT]:	Reading Bytes
[SHELL OUT]:	[Parent:00007ff6ef60ebe1] >> Reading [60 bytes(s)->1 block(s)] from LBA[133120(68157440)-133121(68157952)]
[SHELL OUT]:	FS-Root Blob:
[SHELL OUT]:	    Version: [0:1]
[SHELL OUT]:	    Sig: FRAT_FILESYSTEM
[SHELL OUT]:	    Configured Log Sectors: 32
[SHELL OUT]:	    Configured Block Size: 2048
[SHELL OUT]:	    Configured Cluster-Map Size: 20480
[SHELL OUT]:	[C:\GitHub\BlockyOS\tools\filesystem\frat.c:184]  >>  FS Found at [133120]:
[SHELL OUT]:		Version-Code: [0:1]
[SHELL OUT]:		Configured Block-Size: 2048
[SHELL OUT]:		Configured Cluster-Size: 20480
[SHELL OUT]:		Configured # of Log-Sectors: 32
[SHELL OUT]:		Configured Log-Size: 576
[SHELL OUT]:	[C:\GitHub\BlockyOS\tools\filesystem\frat.c:210]  >>  Found Formatted Partition: 133120:2230271 -> 2097151
[SHELL OUT]:	Reading Bytes
[SHELL OUT]:	[Parent:00007ff6ef60f05b] >> Reading [60 bytes(s)->1 block(s)] from LBA[133120(68157440)-133121(68157952)]
[SHELL OUT]:	[C:\GitHub\BlockyOS\tools\filesystem\frat.c:223]  >>  Root: 133120:2230271 -> 2097151 LBAs
[SHELL OUT]:		Version-Code: [0:1]
[SHELL OUT]:		Configured Block-Size: 2048
[SHELL OUT]:		Configured Cluster-Size: 20480
[SHELL OUT]:		Configured # of Log-Sectors: 20480
[SHELL OUT]:		Configured Log-Size: 32
[SHELL OUT]:	Reading Bytes
[SHELL OUT]:	[Parent:00007ff6ef60f39f] >> Reading [65536 bytes(s)->128 block(s)] from LBA[133121(68159488)-133249(68421632)]
[SHELL OUT]:	Reading Bytes
[SHELL OUT]:	[Parent:00007ff6ef60f44b] >> Reading [20480 bytes(s)->40 block(s)] from LBA[202752(210763776)-202792(210845696)]
[SHELL OUT]:	    Verifying FS Root Items #items: 1024
[SHELL OUT]:	Reading Bytes
[SHELL OUT]:	[Parent:00007ff6ef60f6be] >> Reading [512 bytes(s)->4 block(s)] from LBA[225280(256901120)-225284(256909312)]
[SHELL OUT]:	Reading Bytes
[SHELL OUT]:	[Parent:00007ff6ef60f6be] >> Reading [512 bytes(s)->4 block(s)] from LBA[225281(256903168)-225285(256911360)]
[SHELL OUT]:	Reading Bytes
[SHELL OUT]:	[Parent:00007ff6ef60f6be] >> Reading [512 bytes(s)->4 block(s)] from LBA[225396(257138688)-225400(257146880)]
[SHELL OUT]:	Reading Bytes
[SHELL OUT]:	[Parent:00007ff6ef60f6be] >> Reading [512 bytes(s)->4 block(s)] from LBA[225422(257191936)-225426(257200128)]
[SHELL OUT]:	Reading Bytes
[SHELL OUT]:	[Parent:00007ff6ef60f6be] >> Reading [512 bytes(s)->4 block(s)] from LBA[225431(257210368)-225435(257218560)]
[SHELL OUT]:	Reading Bytes
[SHELL OUT]:	[Parent:00007ff6ef60f6be] >> Reading [512 bytes(s)->4 block(s)] from LBA[225446(257241088)-225450(257249280)]
[SHELL OUT]:	Reading Bytes
[SHELL OUT]:	[Parent:00007ff6ef60f6be] >> Reading [512 bytes(s)->4 block(s)] from LBA[225560(257474560)-225564(257482752)]
[SHELL OUT]:	Reading Bytes
[SHELL OUT]:	[Parent:00007ff6ef60f6be] >> Reading [512 bytes(s)->4 block(s)] from LBA[225586(257527808)-225590(257536000)]
[SHELL OUT]:	Reading Bytes
[SHELL OUT]:	[Parent:00007ff6ef60f6be] >> Reading [512 bytes(s)->4 block(s)] from LBA[225595(257546240)-225599(257554432)]
[SHELL OUT]:	Reading Bytes
[SHELL OUT]:	[Parent:00007ff6ef60f6be] >> Reading [512 bytes(s)->4 block(s)] from LBA[225610(257576960)-225614(257585152)]
[SHELL OUT]:	Closing Disk Interface >> {C:/GitHub/BlockyOS/Build/Build-nodate/disk.img}
[SHELL OUT]:	[Parent:00007ff6ef611926] >>  C:/GitHub/BlockyOS/Build/Build-nodate/disk.img  Base: 133120    ConfBlockSize: 2048    Starting Disk Env ID: 
[SHELL OUT]:	Writing Bytes
[SHELL OUT]:	[Parent:00007ff6ef61194f] >> Wrtiting [60 bytes(s)->4 block(s)] to LBA[133120(68157440)-133124(68165632)]
[SHELL OUT]:	Writing Bytes
[SHELL OUT]:	[Parent:00007ff6ef611997] >> Wrtiting [20480 bytes(s)->40 block(s)] to LBA[202752(210763776)-202792(210845696)]
[SHELL OUT]:	Closing Disk Interface >> {C:/GitHub/BlockyOS/Build/Build-nodate/disk.img}
[SHELL OUT]:	[0]: ""
[SHELL]	create -la fc -p SYSD/ -n test.log
[SHELL OUT]:	
[SHELL OUT]:	>> 
[SHELL OUT]:	>> 
[SHELL OUT]:	00000228cdd45ecb:fc	00000228cdd45ed1:SYSD/	00000228cdd45eda:test.log	
[SHELL OUT]:	[	SYSD/test.log]
[SHELL OUT]:	Mounting File [SYSD/test.log] with "fc"
[SHELL OUT]:	Creating File at: ./SYSD/test.log
[SHELL OUT]:	Root is 00000228cdd49030
[SHELL OUT]:	Root is 00000228cdd49030
[SHELL OUT]:	Un-Mounting File [17326495997843702475:275180975602787]
[SHELL OUT]:	[Parent:00007ff6ef611926] >>  C:/GitHub/BlockyOS/Build/Build-nodate/disk.img  Base: 133120    ConfBlockSize: 2048    Starting Disk Env ID: 
[SHELL OUT]:	Writing Bytes
[SHELL OUT]:	[Parent:00007ff6ef61194f] >> Wrtiting [60 bytes(s)->4 block(s)] to LBA[133120(68157440)-133124(68165632)]
[SHELL OUT]:	Writing Bytes
[SHELL OUT]:	[Parent:00007ff6ef611997] >> Wrtiting [20480 bytes(s)->40 block(s)] to LBA[202752(210763776)-202792(210845696)]
[SHELL OUT]:	Closing Disk Interface >> {C:/GitHub/BlockyOS/Build/Build-nodate/disk.img}
[SHELL OUT]:	[0]: ""
[SHELL]	FSFRAT.OPEN
[SHELL]	open -p SYSD/test.log -a TEST -la f
[SHELL OUT]:	
[SHELL OUT]:	>> 
[SHELL OUT]:	>> 
[SHELL OUT]:	Mounting File [SYSD/test.log] with "f"
[SHELL OUT]:	Root is 00000228cdd49030
[SHELL OUT]:	[0]: ""
[SHELL]	FSFRAT.WRITE
[SHELL]	fwrite -pp C:/GitHub/BlockyOS/compile/TEST.log -ia %TEST% -p 0 -n 0
[SHELL OUT]:	
[SHELL OUT]:	>> 
[SHELL OUT]:	>> 
[SHELL OUT]:	[Parent:00007ff6ef611f16] >>  C:/GitHub/BlockyOS/Build/Build-nodate/disk.img  Base: 133120    ConfBlockSize: 2048    Starting Disk Env ID: 
[SHELL OUT]:	[Parent:00007ff6ef611e53] >>  C:/GitHub/BlockyOS/Build/Build-nodate/disk.img  Base: 133120    ConfBlockSize: 2048    Starting Disk Env ID: 
[SHELL OUT]:	Reading File Info
[SHELL OUT]:	Reading Bytes
[SHELL OUT]:	[Parent:00007ff6ef611ec2] >> Reading [512 bytes(s)->4 block(s)] from LBA[225610(257576960)-225614(257585152)]
[SHELL OUT]:	Closing Disk Interface >> {C:/GitHub/BlockyOS/Build/Build-nodate/disk.img}
[SHELL OUT]:	Writing Bytes
[SHELL OUT]:	[Parent:00007ff6ef612010] >> Wrtiting [512 bytes(s)->4 block(s)] to LBA[225610(257576960)-225614(257585152)]
[SHELL OUT]:	Closing Disk Interface >> {C:/GitHub/BlockyOS/Build/Build-nodate/disk.img}
[SHELL OUT]:	Root is 00000228cdd49030
[SHELL OUT]:	Reading File Block at 225611, Item: 1.    Root: [17326495997843702475:275180975602787]
[SHELL OUT]:	[Parent:00007ff6ef6110ba] >>  C:/GitHub/BlockyOS/Build/Build-nodate/disk.img  Base: 133120    ConfBlockSize: 2048    Starting Disk Env ID: 
[SHELL OUT]:	Reading Bytes
[SHELL OUT]:	[Parent:00007ff6ef6110de] >> Reading [2048 bytes(s)->4 block(s)] from LBA[225611(257579008)-225615(257587200)]
[SHELL OUT]:	Closing Disk Interface >> {C:/GitHub/BlockyOS/Build/Build-nodate/disk.img}
[SHELL OUT]:	Writing File Block at 225611, Item: 1.	Root: [17326495997843702475:275180975602787]
[SHELL OUT]:	[Parent:00007ff6ef611557] >>  C:/GitHub/BlockyOS/Build/Build-nodate/disk.img  Base: 133120    ConfBlockSize: 2048    Starting Disk Env ID: 
[SHELL OUT]:	Writing Bytes
[SHELL OUT]:	[Parent:00007ff6ef611583] >> Wrtiting [2048 bytes(s)->4 block(s)] to LBA[225611(257579008)-225615(257587200)]
[SHELL OUT]:	Closing Disk Interface >> {C:/GitHub/BlockyOS/Build/Build-nodate/disk.img}
[SHELL OUT]:	[0]: ""
[SHELL]	SHELL.EXECUTE
False
False
False
0
[SHELL]	SHELL.EXECUTE
0
[SHELL]	SHELL.EXECUTE
False
False
False
0
[SHELL]	FSFRAT.MAKE
[SHELL]	FSFRAT.MOUNT
[SHELL]	e.disk -pp C:/GitHub/BlockyOS/Build/Build-nodate/disk.img -pt ROOT -bs 1024 -lb 10 -v 1:0
[SHELL OUT]:	
[SHELL OUT]:	FSFRAT DRIVER
[SHELL OUT]:	>> 
[SHELL OUT]:	[C:\GitHub\BlockyOS\tools\filesystem\frat.c:196]  >>  Mounting FS Root: [C:/GitHub/BlockyOS/Build/Build-nodate/disk.img]
[SHELL OUT]:	Verifying Disk GPT
[SHELL OUT]:	[Parent:00007ff6ef60d8ff] >>  C:/GitHub/BlockyOS/Build/Build-nodate/disk.img  Base: 0    ConfBlockSize: 512    Starting Disk Env ID: 
[SHELL OUT]:	Reading Bytes
[SHELL OUT]:	[Parent:00007ff6ef60d91a] >> Reading [92 bytes(s)->1 block(s)] from LBA[1(512)-2(1024)]
[SHELL OUT]:	GPT Dump:
[SHELL OUT]:	    Sig: "EFI PART"
[SHELL OUT]:	    Rev: 65536
[SHELL OUT]:	    Header-Size: 92
[SHELL OUT]:	    Header Checksum: 2621714706
[SHELL OUT]:	    localLBA: 1
[SHELL OUT]:	    altLBA: 2230273
[SHELL OUT]:	    firstUsable: 2048
[SHELL OUT]:	    lastUsable: 2230271
[SHELL OUT]:	    Disk-GUID: 
[SHELL OUT]:	    Partition-Table: 2
[SHELL OUT]:	    # of Partition-Entries: 2
[SHELL OUT]:	    Partition-Entry Size: 128
[SHELL OUT]:	    Partition-Table Checksum: 896708427
[SHELL OUT]:	Closing Disk Interface >> {C:/GitHub/BlockyOS/Build/Build-nodate/disk.img}
[SHELL OUT]:	GPT Exists? true
[SHELL OUT]:	[Parent:00007ff6ef60eed9] >>  C:/GitHub/BlockyOS/Build/Build-nodate/disk.img  Base: 0    ConfBlockSize: 512    Starting Disk Env ID: 
[SHELL OUT]:	Reading Bytes
[SHELL OUT]:	[Parent:00007ff6ef60eefa] >> Reading [92 bytes(s)->1 block(s)] from LBA[1(512)-2(1024)]
[SHELL OUT]:	[C:\GitHub\BlockyOS\tools\filesystem\frat.c:137]  >>  Querying Part Table
[SHELL OUT]:	Reading Bytes
[SHELL OUT]:	[Parent:00007ff6ef60e73d] >> Reading [256 bytes(s)->1 block(s)] from LBA[2(1024)-3(1536)]
[SHELL OUT]:	[C:\GitHub\BlockyOS\tools\filesystem\frat.c:145]  >>  GPT-Entry: BOOT{2048:133119 -> 131071}
[SHELL OUT]:	[C:\GitHub\BlockyOS\tools\filesystem\frat.c:159]  >>  Querying FS at 2048
[SHELL OUT]:	Reading Bytes
[SHELL OUT]:	[Parent:00007ff6ef60ebe1] >> Reading [60 bytes(s)->1 block(s)] from LBA[2048(1048576)-2049(1049088)]
[SHELL OUT]:	FS-Root Blob:
[SHELL OUT]:	    Version: [0:131072]
[SHELL OUT]:	    Sig: 
[SHELL OUT]:	    Configured Log Sectors: 2
[SHELL OUT]:	    Configured Block Size: 0
[SHELL OUT]:	    Configured Cluster-Map Size: 16711743
[SHELL OUT]:	[C:\GitHub\BlockyOS\tools\filesystem\frat.c:145]  >>  GPT-Entry: ROOT{133120:2230271 -> 2097151}
[SHELL OUT]:	[C:\GitHub\BlockyOS\tools\filesystem\frat.c:159]  >>  Querying FS at 133120
[SHELL OUT]:	Reading Bytes
[SHELL OUT]:	[Parent:00007ff6ef60ebe1] >> Reading [60 bytes(s)->1 block(s)] from LBA[133120(68157440)-133121(68157952)]
[SHELL OUT]:	FS-Root Blob:
[SHELL OUT]:	    Version: [0:1]
[SHELL OUT]:	    Sig: FRAT_FILESYSTEM
[SHELL OUT]:	    Configured Log Sectors: 32
[SHELL OUT]:	    Configured Block Size: 2048
[SHELL OUT]:	    Configured Cluster-Map Size: 20480
[SHELL OUT]:	[C:\GitHub\BlockyOS\tools\filesystem\frat.c:184]  >>  FS Found at [133120]:
[SHELL OUT]:		Version-Code: [0:1]
[SHELL OUT]:		Configured Block-Size: 2048
[SHELL OUT]:		Configured Cluster-Size: 20480
[SHELL OUT]:		Configured # of Log-Sectors: 32
[SHELL OUT]:		Configured Log-Size: 576
[SHELL OUT]:	[C:\GitHub\BlockyOS\tools\filesystem\frat.c:210]  >>  Found Formatted Partition: 133120:2230271 -> 2097151
[SHELL OUT]:	Reading Bytes
[SHELL OUT]:	[Parent:00007ff6ef60f05b] >> Reading [60 bytes(s)->1 block(s)] from LBA[133120(68157440)-133121(68157952)]
[SHELL OUT]:	[C:\GitHub\BlockyOS\tools\filesystem\frat.c:223]  >>  Root: 133120:2230271 -> 2097151 LBAs
[SHELL OUT]:		Version-Code: [0:1]
[SHELL OUT]:		Configured Block-Size: 2048
[SHELL OUT]:		Configured Cluster-Size: 20480
[SHELL OUT]:		Configured # of Log-Sectors: 20480
[SHELL OUT]:		Configured Log-Size: 32
[SHELL OUT]:	Reading Bytes
[SHELL OUT]:	[Parent:00007ff6ef60f39f] >> Reading [65536 bytes(s)->128 block(s)] from LBA[133121(68159488)-133249(68421632)]
[SHELL OUT]:	Reading Bytes
[SHELL OUT]:	[Parent:00007ff6ef60f44b] >> Reading [20480 bytes(s)->40 block(s)] from LBA[202752(210763776)-202792(210845696)]
[SHELL OUT]:	    Verifying FS Root Items #items: 1024
[SHELL OUT]:	Reading Bytes
[SHELL OUT]:	[Parent:00007ff6ef60f6be] >> Reading [512 bytes(s)->4 block(s)] from LBA[225280(256901120)-225284(256909312)]
[SHELL OUT]:	Reading Bytes
[SHELL OUT]:	[Parent:00007ff6ef60f6be] >> Reading [512 bytes(s)->4 block(s)] from LBA[225281(256903168)-225285(256911360)]
[SHELL OUT]:	Reading Bytes
[SHELL OUT]:	[Parent:00007ff6ef60f6be] >> Reading [512 bytes(s)->4 block(s)] from LBA[225396(257138688)-225400(257146880)]
[SHELL OUT]:	Reading Bytes
[SHELL OUT]:	[Parent:00007ff6ef60f6be] >> Reading [512 bytes(s)->4 block(s)] from LBA[225422(257191936)-225426(257200128)]
[SHELL OUT]:	Reading Bytes
[SHELL OUT]:	[Parent:00007ff6ef60f6be] >> Reading [512 bytes(s)->4 block(s)] from LBA[225431(257210368)-225435(257218560)]
[SHELL OUT]:	Reading Bytes
[SHELL OUT]:	[Parent:00007ff6ef60f6be] >> Reading [512 bytes(s)->4 block(s)] from LBA[225446(257241088)-225450(257249280)]
[SHELL OUT]:	Reading Bytes
[SHELL OUT]:	[Parent:00007ff6ef60f6be] >> Reading [512 bytes(s)->4 block(s)] from LBA[225560(257474560)-225564(257482752)]
[SHELL OUT]:	Reading Bytes
[SHELL OUT]:	[Parent:00007ff6ef60f6be] >> Reading [512 bytes(s)->4 block(s)] from LBA[225586(257527808)-225590(257536000)]
[SHELL OUT]:	Reading Bytes
[SHELL OUT]:	[Parent:00007ff6ef60f6be] >> Reading [512 bytes(s)->4 block(s)] from LBA[225595(257546240)-225599(257554432)]
[SHELL OUT]:	Reading Bytes
[SHELL OUT]:	[Parent:00007ff6ef60f6be] >> Reading [512 bytes(s)->4 block(s)] from LBA[225610(257576960)-225614(257585152)]
[SHELL OUT]:	Closing Disk Interface >> {C:/GitHub/BlockyOS/Build/Build-nodate/disk.img}
[SHELL OUT]:	[Parent:00007ff6ef611926] >>  C:/GitHub/BlockyOS/Build/Build-nodate/disk.img  Base: 133120    ConfBlockSize: 2048    Starting Disk Env ID: 
[SHELL OUT]:	Writing Bytes
[SHELL OUT]:	[Parent:00007ff6ef61194f] >> Wrtiting [60 bytes(s)->4 block(s)] to LBA[133120(68157440)-133124(68165632)]
[SHELL OUT]:	Writing Bytes
[SHELL OUT]:	[Parent:00007ff6ef611997] >> Wrtiting [20480 bytes(s)->40 block(s)] to LBA[202752(210763776)-202792(210845696)]
[SHELL OUT]:	Closing Disk Interface >> {C:/GitHub/BlockyOS/Build/Build-nodate/disk.img}
[SHELL OUT]:	[0]: ""
[SHELL]	create -la fc -p SYSD/ -n test.log
[SHELL OUT]:	
[SHELL OUT]:	>> 
[SHELL OUT]:	>> 
[SHELL OUT]:	000001ba81ff5ecb:fc	000001ba81ff5ed1:SYSD/	000001ba81ff5eda:test.log	
[SHELL OUT]:	[	SYSD/test.log]
[SHELL OUT]:	Mounting File [SYSD/test.log] with "fc"
[SHELL OUT]:	Creating File at: ./SYSD/test.log
[SHELL OUT]:	Root is 000001ba81ff9030
[SHELL OUT]:	Root is 000001ba81ff9030
[SHELL OUT]:	Un-Mounting File [17326495997843702475:275180975602787]
[SHELL OUT]:	[Parent:00007ff6ef611926] >>  C:/GitHub/BlockyOS/Build/Build-nodate/disk.img  Base: 133120    ConfBlockSize: 2048    Starting Disk Env ID: 
[SHELL OUT]:	Writing Bytes
[SHELL OUT]:	[Parent:00007ff6ef61194f] >> Wrtiting [60 bytes(s)->4 block(s)] to LBA[133120(68157440)-133124(68165632)]
[SHELL OUT]:	Writing Bytes
[SHELL OUT]:	[Parent:00007ff6ef611997] >> Wrtiting [20480 bytes(s)->40 block(s)] to LBA[202752(210763776)-202792(210845696)]
[SHELL OUT]:	Closing Disk Interface >> {C:/GitHub/BlockyOS/Build/Build-nodate/disk.img}
[SHELL OUT]:	[0]: ""
[SHELL]	FSFRAT.OPEN
[SHELL]	open -p SYSD/test.log -a TEST -la f
[SHELL OUT]:	
[SHELL OUT]:	>> 
[SHELL OUT]:	>> 
[SHELL OUT]:	Mounting File [SYSD/test.log] with "f"
[SHELL OUT]:	Root is 000001ba81ff9030
[SHELL OUT]:	[0]: ""
[SHELL]	FSFRAT.WRITE
[SHELL]	fwrite -pp C:/GitHub/BlockyOS/compile/TEST.log -ia %TEST% -p 0 -n 0
[SHELL OUT]:	
[SHELL OUT]:	>> 
[SHELL OUT]:	>> 
[SHELL OUT]:	[Parent:00007ff6ef611f16] >>  C:/GitHub/BlockyOS/Build/Build-nodate/disk.img  Base: 133120    ConfBlockSize: 2048    Starting Disk Env ID: 
[SHELL OUT]:	[Parent:00007ff6ef611e53] >>  C:/GitHub/BlockyOS/Build/Build-nodate/disk.img  Base: 133120    ConfBlockSize: 2048    Starting Disk Env ID: 
[SHELL OUT]:	Reading File Info
[SHELL OUT]:	Reading Bytes
[SHELL OUT]:	[Parent:00007ff6ef611ec2] >> Reading [512 bytes(s)->4 block(s)] from LBA[225610(257576960)-225614(257585152)]
[SHELL OUT]:	Closing Disk Interface >> {C:/GitHub/BlockyOS/Build/Build-nodate/disk.img}
[SHELL OUT]:	Writing Bytes
[SHELL OUT]:	[Parent:00007ff6ef612010] >> Wrtiting [512 bytes(s)->4 block(s)] to LBA[225610(257576960)-225614(257585152)]
[SHELL OUT]:	Closing Disk Interface >> {C:/GitHub/BlockyOS/Build/Build-nodate/disk.img}
[SHELL OUT]:	Root is 000001ba81ff9030
[SHELL OUT]:	Reading File Block at 225611, Item: 1.    Root: [17326495997843702475:275180975602787]
[SHELL OUT]:	[Parent:00007ff6ef6110ba] >>  C:/GitHub/BlockyOS/Build/Build-nodate/disk.img  Base: 133120    ConfBlockSize: 2048    Starting Disk Env ID: 
[SHELL OUT]:	Reading Bytes
[SHELL OUT]:	[Parent:00007ff6ef6110de] >> Reading [2048 bytes(s)->4 block(s)] from LBA[225611(257579008)-225615(257587200)]
[SHELL OUT]:	Closing Disk Interface >> {C:/GitHub/BlockyOS/Build/Build-nodate/disk.img}
[SHELL OUT]:	Writing File Block at 225611, Item: 1.	Root: [17326495997843702475:275180975602787]
[SHELL OUT]:	[Parent:00007ff6ef611557] >>  C:/GitHub/BlockyOS/Build/Build-nodate/disk.img  Base: 133120    ConfBlockSize: 2048    Starting Disk Env ID: 
[SHELL OUT]:	Writing Bytes
[SHELL OUT]:	[Parent:00007ff6ef611583] >> Wrtiting [2048 bytes(s)->4 block(s)] to LBA[225611(257579008)-225615(257587200)]
[SHELL OUT]:	Closing Disk Interface >> {C:/GitHub/BlockyOS/Build/Build-nodate/disk.img}
[SHELL OUT]:	[0]: ""
[SHELL]	SHELL.EXECUTE
False
False
False
0
[SHELL]	SHELL.EXECUTE
0
[SHELL]	SHELL.EXECUTE
False
False
False
0
[SHELL]	FSFRAT.MAKE
[SHELL]	FSFRAT.MOUNT
[SHELL]	e.disk -pp C:/GitHub/BlockyOS/Build/Build-nodate/disk.img -pt ROOT -bs 1024 -lb 10 -v 1:0
[SHELL OUT]:	
[SHELL OUT]:	FSFRAT DRIVER
[SHELL OUT]:	>> 
[SHELL OUT]:	[C:\GitHub\BlockyOS\tools\filesystem\frat.c:196]  >>  Mounting FS Root: [C:/GitHub/BlockyOS/Build/Build-nodate/disk.img]
[SHELL OUT]:	Verifying Disk GPT
[SHELL OUT]:	[Parent:00007ff6ef60d8ff] >>  C:/GitHub/BlockyOS/Build/Build-nodate/disk.img  Base: 0    ConfBlockSize: 512    Starting Disk Env ID: 
[SHELL OUT]:	Reading Bytes
[SHELL OUT]:	[Parent:00007ff6ef60d91a] >> Reading [92 bytes(s)->1 block(s)] from LBA[1(512)-2(1024)]
[SHELL OUT]:	GPT Dump:
[SHELL OUT]:	    Sig: "EFI PART"
[SHELL OUT]:	    Rev: 65536
[SHELL OUT]:	    Header-Size: 92
[SHELL OUT]:	    Header Checksum: 2621714706
[SHELL OUT]:	    localLBA: 1
[SHELL OUT]:	    altLBA: 2230273
[SHELL OUT]:	    firstUsable: 2048
[SHELL OUT]:	    lastUsable: 2230271
[SHELL OUT]:	    Disk-GUID: 
[SHELL OUT]:	    Partition-Table: 2
[SHELL OUT]:	    # of Partition-Entries: 2
[SHELL OUT]:	    Partition-Entry Size: 128
[SHELL OUT]:	    Partition-Table Checksum: 896708427
[SHELL OUT]:	Closing Disk Interface >> {C:/GitHub/BlockyOS/Build/Build-nodate/disk.img}
[SHELL OUT]:	GPT Exists? true
[SHELL OUT]:	[Parent:00007ff6ef60eed9] >>  C:/GitHub/BlockyOS/Build/Build-nodate/disk.img  Base: 0    ConfBlockSize: 512    Starting Disk Env ID: 
[SHELL OUT]:	Reading Bytes
[SHELL OUT]:	[Parent:00007ff6ef60eefa] >> Reading [92 bytes(s)->1 block(s)] from LBA[1(512)-2(1024)]
[SHELL OUT]:	[C:\GitHub\BlockyOS\tools\filesystem\frat.c:137]  >>  Querying Part Table
[SHELL OUT]:	Reading Bytes
[SHELL OUT]:	[Parent:00007ff6ef60e73d] >> Reading [256 bytes(s)->1 block(s)] from LBA[2(1024)-3(1536)]
[SHELL OUT]:	[C:\GitHub\BlockyOS\tools\filesystem\frat.c:145]  >>  GPT-Entry: BOOT{2048:133119 -> 131071}
[SHELL OUT]:	[C:\GitHub\BlockyOS\tools\filesystem\frat.c:159]  >>  Querying FS at 2048
[SHELL OUT]:	Reading Bytes
[SHELL OUT]:	[Parent:00007ff6ef60ebe1] >> Reading [60 bytes(s)->1 block(s)] from LBA[2048(1048576)-2049(1049088)]
[SHELL OUT]:	FS-Root Blob:
[SHELL OUT]:	    Version: [0:131072]
[SHELL OUT]:	    Sig: 
[SHELL OUT]:	    Configured Log Sectors: 2
[SHELL OUT]:	    Configured Block Size: 0
[SHELL OUT]:	    Configured Cluster-Map Size: 16711743
[SHELL OUT]:	[C:\GitHub\BlockyOS\tools\filesystem\frat.c:145]  >>  GPT-Entry: ROOT{133120:2230271 -> 2097151}
[SHELL OUT]:	[C:\GitHub\BlockyOS\tools\filesystem\frat.c:159]  >>  Querying FS at 133120
[SHELL OUT]:	Reading Bytes
[SHELL OUT]:	[Parent:00007ff6ef60ebe1] >> Reading [60 bytes(s)->1 block(s)] from LBA[133120(68157440)-133121(68157952)]
[SHELL OUT]:	FS-Root Blob:
[SHELL OUT]:	    Version: [0:1]
[SHELL OUT]:	    Sig: FRAT_FILESYSTEM
[SHELL OUT]:	    Configured Log Sectors: 32
[SHELL OUT]:	    Configured Block Size: 2048
[SHELL OUT]:	    Configured Cluster-Map Size: 20480
[SHELL OUT]:	[C:\GitHub\BlockyOS\tools\filesystem\frat.c:184]  >>  FS Found at [133120]:
[SHELL OUT]:		Version-Code: [0:1]
[SHELL OUT]:		Configured Block-Size: 2048
[SHELL OUT]:		Configured Cluster-Size: 20480
[SHELL OUT]:		Configured # of Log-Sectors: 32
[SHELL OUT]:		Configured Log-Size: 576
[SHELL OUT]:	[C:\GitHub\BlockyOS\tools\filesystem\frat.c:210]  >>  Found Formatted Partition: 133120:2230271 -> 2097151
[SHELL OUT]:	Reading Bytes
[SHELL OUT]:	[Parent:00007ff6ef60f05b] >> Reading [60 bytes(s)->1 block(s)] from LBA[133120(68157440)-133121(68157952)]
[SHELL OUT]:	[C:\GitHub\BlockyOS\tools\filesystem\frat.c:223]  >>  Root: 133120:2230271 -> 2097151 LBAs
[SHELL OUT]:		Version-Code: [0:1]
[SHELL OUT]:		Configured Block-Size: 2048
[SHELL OUT]:		Configured Cluster-Size: 20480
[SHELL OUT]:		Configured # of Log-Sectors: 20480
[SHELL OUT]:		Configured Log-Size: 32
[SHELL OUT]:	Reading Bytes
[SHELL OUT]:	[Parent:00007ff6ef60f39f] >> Reading [65536 bytes(s)->128 block(s)] from LBA[133121(68159488)-133249(68421632)]
[SHELL OUT]:	Reading Bytes
[SHELL OUT]:	[Parent:00007ff6ef60f44b] >> Reading [20480 bytes(s)->40 block(s)] from LBA[202752(210763776)-202792(210845696)]
[SHELL OUT]:	    Verifying FS Root Items #items: 1024
[SHELL OUT]:	Reading Bytes
[SHELL OUT]:	[Parent:00007ff6ef60f6be] >> Reading [512 bytes(s)->4 block(s)] from LBA[225280(256901120)-225284(256909312)]
[SHELL OUT]:	Reading Bytes
[SHELL OUT]:	[Parent:00007ff6ef60f6be] >> Reading [512 bytes(s)->4 block(s)] from LBA[225281(256903168)-225285(256911360)]
[SHELL OUT]:	Reading Bytes
[SHELL OUT]:	[Parent:00007ff6ef60f6be] >> Reading [512 bytes(s)->4 block(s)] from LBA[225396(257138688)-225400(257146880)]
[SHELL OUT]:	Reading Bytes
[SHELL OUT]:	[Parent:00007ff6ef60f6be] >> Reading [512 bytes(s)->4 block(s)] from LBA[225422(257191936)-225426(257200128)]
[SHELL OUT]:	Reading Bytes
[SHELL OUT]:	[Parent:00007ff6ef60f6be] >> Reading [512 bytes(s)->4 block(s)] from LBA[225431(257210368)-225435(257218560)]
[SHELL OUT]:	Reading Bytes
[SHELL OUT]:	[Parent:00007ff6ef60f6be] >> Reading [512 bytes(s)->4 block(s)] from LBA[225446(257241088)-225450(257249280)]
[SHELL OUT]:	Reading Bytes
[SHELL OUT]:	[Parent:00007ff6ef60f6be] >> Reading [512 bytes(s)->4 block(s)] from LBA[225560(257474560)-225564(257482752)]
[SHELL OUT]:	Reading Bytes
[SHELL OUT]:	[Parent:00007ff6ef60f6be] >> Reading [512 bytes(s)->4 block(s)] from LBA[225586(257527808)-225590(257536000)]
[SHELL OUT]:	Reading Bytes
[SHELL OUT]:	[Parent:00007ff6ef60f6be] >> Reading [512 bytes(s)->4 block(s)] from LBA[225595(257546240)-225599(257554432)]
[SHELL OUT]:	Reading Bytes
[SHELL OUT]:	[Parent:00007ff6ef60f6be] >> Reading [512 bytes(s)->4 block(s)] from LBA[225610(257576960)-225614(257585152)]
[SHELL OUT]:	Closing Disk Interface >> {C:/GitHub/BlockyOS/Build/Build-nodate/disk.img}
[SHELL OUT]:	[Parent:00007ff6ef611926] >>  C:/GitHub/BlockyOS/Build/Build-nodate/disk.img  Base: 133120    ConfBlockSize: 2048    Starting Disk Env ID: 
[SHELL OUT]:	Writing Bytes
[SHELL OUT]:	[Parent:00007ff6ef61194f] >> Wrtiting [60 bytes(s)->4 block(s)] to LBA[133120(68157440)-133124(68165632)]
[SHELL OUT]:	Writing Bytes
[SHELL OUT]:	[Parent:00007ff6ef611997] >> Wrtiting [20480 bytes(s)->40 block(s)] to LBA[202752(210763776)-202792(210845696)]
[SHELL OUT]:	Closing Disk Interface >> {C:/GitHub/BlockyOS/Build/Build-nodate/disk.img}
[SHELL OUT]:	[0]: ""
[SHELL]	create -la fc -p SYSD/ -n test.log
[SHELL OUT]:	
[SHELL OUT]:	>> 
[SHELL OUT]:	>> 
[SHELL OUT]:	000001d69ca65e9b:fc	000001d69ca65ea1:SYSD/	000001d69ca65eaa:test.log	
[SHELL OUT]:	[	SYSD/test.log]
[SHELL OUT]:	Mounting File [SYSD/test.log] with "fc"
[SHELL OUT]:	Creating File at: ./SYSD/test.log
[SHELL OUT]:	Root is 000001d69ca69000
[SHELL OUT]:	Root is 000001d69ca69000
[SHELL OUT]:	Un-Mounting File [17326495997843702475:275180975602787]
[SHELL OUT]:	[Parent:00007ff6ef611926] >>  C:/GitHub/BlockyOS/Build/Build-nodate/disk.img  Base: 133120    ConfBlockSize: 2048    Starting Disk Env ID: 
[SHELL OUT]:	Writing Bytes
[SHELL OUT]:	[Parent:00007ff6ef61194f] >> Wrtiting [60 bytes(s)->4 block(s)] to LBA[133120(68157440)-133124(68165632)]
[SHELL OUT]:	Writing Bytes
[SHELL OUT]:	[Parent:00007ff6ef611997] >> Wrtiting [20480 bytes(s)->40 block(s)] to LBA[202752(210763776)-202792(210845696)]
[SHELL OUT]:	Closing Disk Interface >> {C:/GitHub/BlockyOS/Build/Build-nodate/disk.img}
[SHELL OUT]:	[0]: ""
[SHELL]	FSFRAT.OPEN
[SHELL]	open -p SYSD/test.log -a TEST -la f
[SHELL OUT]:	
[SHELL OUT]:	>> 
[SHELL OUT]:	>> 
[SHELL OUT]:	Mounting File [SYSD/test.log] with "f"
[SHELL OUT]:	Root is 000001d69ca69000
[SHELL OUT]:	[0]: ""
[SHELL]	FSFRAT.WRITE
[SHELL]	fwrite -pp C:/GitHub/BlockyOS/compile/TEST.log -ia %TEST% -p 0 -n 0
[SHELL OUT]:	
[SHELL OUT]:	>> 
[SHELL OUT]:	>> 
[SHELL OUT]:	[Parent:00007ff6ef611f16] >>  C:/GitHub/BlockyOS/Build/Build-nodate/disk.img  Base: 133120    ConfBlockSize: 2048    Starting Disk Env ID: 
[SHELL OUT]:	[Parent:00007ff6ef611e53] >>  C:/GitHub/BlockyOS/Build/Build-nodate/disk.img  Base: 133120    ConfBlockSize: 2048    Starting Disk Env ID: 
[SHELL OUT]:	Reading File Info
[SHELL OUT]:	Reading Bytes
[SHELL OUT]:	[Parent:00007ff6ef611ec2] >> Reading [512 bytes(s)->4 block(s)] from LBA[225610(257576960)-225614(257585152)]
[SHELL OUT]:	Closing Disk Interface >> {C:/GitHub/BlockyOS/Build/Build-nodate/disk.img}
[SHELL OUT]:	Writing Bytes
[SHELL OUT]:	[Parent:00007ff6ef612010] >> Wrtiting [512 bytes(s)->4 block(s)] to LBA[225610(257576960)-225614(257585152)]
[SHELL OUT]:	Closing Disk Interface >> {C:/GitHub/BlockyOS/Build/Build-nodate/disk.img}
[SHELL OUT]:	Root is 000001d69ca69000
[SHELL OUT]:	Reading File Block at 225611, Item: 1.    Root: [17326495997843702475:275180975602787]
[SHELL OUT]:	[Parent:00007ff6ef6110ba] >>  C:/GitHub/BlockyOS/Build/Build-nodate/disk.img  Base: 133120    ConfBlockSize: 2048    Starting Disk Env ID: 
[SHELL OUT]:	Reading Bytes
[SHELL OUT]:	[Parent:00007ff6ef6110de] >> Reading [2048 bytes(s)->4 block(s)] from LBA[225611(257579008)-225615(257587200)]
[SHELL OUT]:	Closing Disk Interface >> {C:/GitHub/BlockyOS/Build/Build-nodate/disk.img}
[SHELL OUT]:	Writing File Block at 225611, Item: 1.	Root: [17326495997843702475:275180975602787]
[SHELL OUT]:	[Parent:00007ff6ef611557] >>  C:/GitHub/BlockyOS/Build/Build-nodate/disk.img  Base: 133120    ConfBlockSize: 2048    Starting Disk Env ID: 
[SHELL OUT]:	Writing Bytes
[SHELL OUT]:	[Parent:00007ff6ef611583] >> Wrtiting [2048 bytes(s)->4 block(s)] to LBA[225611(257579008)-225615(257587200)]
[SHELL OUT]:	Closing Disk Interface >> {C:/GitHub/BlockyOS/Build/Build-nodate/disk.img}
[SHELL OUT]:	[0]: ""
[SHELL]	SHELL.EXECUTE
False
False
False
0
[SHELL]	SHELL.EXECUTE
0
[SHELL]	SHELL.EXECUTE
False
False
False
0
[SHELL]	FSFRAT.MAKE
[SHELL]	FSFRAT.MOUNT
[SHELL]	e.disk -pp C:/GitHub/BlockyOS/Build/Build-nodate/disk.img -pt ROOT -bs 1024 -lb 10 -v 1:0
[SHELL OUT]:	
[SHELL OUT]:	FSFRAT DRIVER
[SHELL OUT]:	>> 
[SHELL OUT]:	[C:\GitHub\BlockyOS\tools\filesystem\frat.c:196]  >>  Mounting FS Root: [C:/GitHub/BlockyOS/Build/Build-nodate/disk.img]
[SHELL OUT]:	Verifying Disk GPT
[SHELL OUT]:	[Parent:00007ff752e9d8ff] >>  C:/GitHub/BlockyOS/Build/Build-nodate/disk.img  Base: 0    ConfBlockSize: 512    Starting Disk Env ID: 
[SHELL OUT]:	Reading Bytes
[SHELL OUT]:	[Parent:00007ff752e9d91a] >> Reading [92 bytes(s)->1 block(s)] from LBA[1(512)-2(1024)]
[SHELL OUT]:	GPT Dump:
[SHELL OUT]:	    Sig: "EFI PART"
[SHELL OUT]:	    Rev: 65536
[SHELL OUT]:	    Header-Size: 92
[SHELL OUT]:	    Header Checksum: 2621714706
[SHELL OUT]:	    localLBA: 1
[SHELL OUT]:	    altLBA: 2230273
[SHELL OUT]:	    firstUsable: 2048
[SHELL OUT]:	    lastUsable: 2230271
[SHELL OUT]:	    Disk-GUID: 
[SHELL OUT]:	    Partition-Table: 2
[SHELL OUT]:	    # of Partition-Entries: 2
[SHELL OUT]:	    Partition-Entry Size: 128
[SHELL OUT]:	    Partition-Table Checksum: 896708427
[SHELL OUT]:	Closing Disk Interface >> {C:/GitHub/BlockyOS/Build/Build-nodate/disk.img}
[SHELL OUT]:	GPT Exists? true
[SHELL OUT]:	[Parent:00007ff752e9eed9] >>  C:/GitHub/BlockyOS/Build/Build-nodate/disk.img  Base: 0    ConfBlockSize: 512    Starting Disk Env ID: 
[SHELL OUT]:	Reading Bytes
[SHELL OUT]:	[Parent:00007ff752e9eefa] >> Reading [92 bytes(s)->1 block(s)] from LBA[1(512)-2(1024)]
[SHELL OUT]:	[C:\GitHub\BlockyOS\tools\filesystem\frat.c:137]  >>  Querying Part Table
[SHELL OUT]:	Reading Bytes
[SHELL OUT]:	[Parent:00007ff752e9e73d] >> Reading [256 bytes(s)->1 block(s)] from LBA[2(1024)-3(1536)]
[SHELL OUT]:	[C:\GitHub\BlockyOS\tools\filesystem\frat.c:145]  >>  GPT-Entry: BOOT{2048:133119 -> 131071}
[SHELL OUT]:	[C:\GitHub\BlockyOS\tools\filesystem\frat.c:159]  >>  Querying FS at 2048
[SHELL OUT]:	Reading Bytes
[SHELL OUT]:	[Parent:00007ff752e9ebe1] >> Reading [60 bytes(s)->1 block(s)] from LBA[2048(1048576)-2049(1049088)]
[SHELL OUT]:	FS-Root Blob:
[SHELL OUT]:	    Version: [0:131072]
[SHELL OUT]:	    Sig: 
[SHELL OUT]:	    Configured Log Sectors: 2
[SHELL OUT]:	    Configured Block Size: 0
[SHELL OUT]:	    Configured Cluster-Map Size: 16711743
[SHELL OUT]:	[C:\GitHub\BlockyOS\tools\filesystem\frat.c:145]  >>  GPT-Entry: ROOT{133120:2230271 -> 2097151}
[SHELL OUT]:	[C:\GitHub\BlockyOS\tools\filesystem\frat.c:159]  >>  Querying FS at 133120
[SHELL OUT]:	Reading Bytes
[SHELL OUT]:	[Parent:00007ff752e9ebe1] >> Reading [60 bytes(s)->1 block(s)] from LBA[133120(68157440)-133121(68157952)]
[SHELL OUT]:	FS-Root Blob:
[SHELL OUT]:	    Version: [0:1]
[SHELL OUT]:	    Sig: FRAT_FILESYSTEM
[SHELL OUT]:	    Configured Log Sectors: 32
[SHELL OUT]:	    Configured Block Size: 2048
[SHELL OUT]:	    Configured Cluster-Map Size: 20480
[SHELL OUT]:	[C:\GitHub\BlockyOS\tools\filesystem\frat.c:184]  >>  FS Found at [133120]:
[SHELL OUT]:		Version-Code: [0:1]
[SHELL OUT]:		Configured Block-Size: 2048
[SHELL OUT]:		Configured Cluster-Size: 20480
[SHELL OUT]:		Configured # of Log-Sectors: 32
[SHELL OUT]:		Configured Log-Size: 576
[SHELL OUT]:	[C:\GitHub\BlockyOS\tools\filesystem\frat.c:210]  >>  Found Formatted Partition: 133120:2230271 -> 2097151
[SHELL OUT]:	Reading Bytes
[SHELL OUT]:	[Parent:00007ff752e9f05b] >> Reading [60 bytes(s)->1 block(s)] from LBA[133120(68157440)-133121(68157952)]
[SHELL OUT]:	[C:\GitHub\BlockyOS\tools\filesystem\frat.c:223]  >>  Root: 133120:2230271 -> 2097151 LBAs
[SHELL OUT]:		Version-Code: [0:1]
[SHELL OUT]:		Configured Block-Size: 2048
[SHELL OUT]:		Configured Cluster-Size: 20480
[SHELL OUT]:		Configured # of Log-Sectors: 20480
[SHELL OUT]:		Configured Log-Size: 32
[SHELL OUT]:	Reading Bytes
[SHELL OUT]:	[Parent:00007ff752e9f39f] >> Reading [65536 bytes(s)->128 block(s)] from LBA[133121(68159488)-133249(68421632)]
[SHELL OUT]:	Reading Bytes
[SHELL OUT]:	[Parent:00007ff752e9f44b] >> Reading [20480 bytes(s)->40 block(s)] from LBA[202752(210763776)-202792(210845696)]
[SHELL OUT]:	    Verifying FS Root Items #items: 1024
[SHELL OUT]:	Reading Bytes
[SHELL OUT]:	[Parent:00007ff752e9f6be] >> Reading [512 bytes(s)->4 block(s)] from LBA[225280(256901120)-225284(256909312)]
[SHELL OUT]:	Reading Bytes
[SHELL OUT]:	[Parent:00007ff752e9f6be] >> Reading [512 bytes(s)->4 block(s)] from LBA[225281(256903168)-225285(256911360)]
[SHELL OUT]:	Reading Bytes
[SHELL OUT]:	[Parent:00007ff752e9f6be] >> Reading [512 bytes(s)->4 block(s)] from LBA[225396(257138688)-225400(257146880)]
[SHELL OUT]:	Reading Bytes
[SHELL OUT]:	[Parent:00007ff752e9f6be] >> Reading [512 bytes(s)->4 block(s)] from LBA[225422(257191936)-225426(257200128)]
[SHELL OUT]:	Reading Bytes
[SHELL OUT]:	[Parent:00007ff752e9f6be] >> Reading [512 bytes(s)->4 block(s)] from LBA[225431(257210368)-225435(257218560)]
[SHELL OUT]:	Reading Bytes
[SHELL OUT]:	[Parent:00007ff752e9f6be] >> Reading [512 bytes(s)->4 block(s)] from LBA[225446(257241088)-225450(257249280)]
[SHELL OUT]:	Reading Bytes
[SHELL OUT]:	[Parent:00007ff752e9f6be] >> Reading [512 bytes(s)->4 block(s)] from LBA[225560(257474560)-225564(257482752)]
[SHELL OUT]:	Reading Bytes
[SHELL OUT]:	[Parent:00007ff752e9f6be] >> Reading [512 bytes(s)->4 block(s)] from LBA[225586(257527808)-225590(257536000)]
[SHELL OUT]:	Reading Bytes
[SHELL OUT]:	[Parent:00007ff752e9f6be] >> Reading [512 bytes(s)->4 block(s)] from LBA[225595(257546240)-225599(257554432)]
[SHELL OUT]:	Reading Bytes
[SHELL OUT]:	[Parent:00007ff752e9f6be] >> Reading [512 bytes(s)->4 block(s)] from LBA[225610(257576960)-225614(257585152)]
[SHELL OUT]:	Closing Disk Interface >> {C:/GitHub/BlockyOS/Build/Build-nodate/disk.img}
[SHELL OUT]:	[Parent:00007ff752ea1926] >>  C:/GitHub/BlockyOS/Build/Build-nodate/disk.img  Base: 133120    ConfBlockSize: 2048    Starting Disk Env ID: 
[SHELL OUT]:	Writing Bytes
[SHELL OUT]:	[Parent:00007ff752ea194f] >> Wrtiting [60 bytes(s)->4 block(s)] to LBA[133120(68157440)-133124(68165632)]
[SHELL OUT]:	Writing Bytes
[SHELL OUT]:	[Parent:00007ff752ea1997] >> Wrtiting [20480 bytes(s)->40 block(s)] to LBA[202752(210763776)-202792(210845696)]
[SHELL OUT]:	Closing Disk Interface >> {C:/GitHub/BlockyOS/Build/Build-nodate/disk.img}
[SHELL OUT]:	[0]: ""
[SHELL]	create -la fc -p SYSD/ -n test.log
[SHELL OUT]:	
[SHELL OUT]:	>> 
[SHELL OUT]:	>> 
[SHELL OUT]:	0000025af8095ecb:fc	0000025af8095ed1:SYSD/	0000025af8095eda:test.log	
[SHELL OUT]:	[	SYSD/test.log]
[SHELL OUT]:	Mounting File [SYSD/test.log] with "fc"
[SHELL OUT]:	Creating File at: ./SYSD/test.log
[SHELL OUT]:	Root is 0000025af8099030
[SHELL OUT]:	Root is 0000025af8099030
[SHELL OUT]:	Un-Mounting File [17326495997843702475:275180975602787]
[SHELL OUT]:	[Parent:00007ff752ea1926] >>  C:/GitHub/BlockyOS/Build/Build-nodate/disk.img  Base: 133120    ConfBlockSize: 2048    Starting Disk Env ID: 
[SHELL OUT]:	Writing Bytes
[SHELL OUT]:	[Parent:00007ff752ea194f] >> Wrtiting [60 bytes(s)->4 block(s)] to LBA[133120(68157440)-133124(68165632)]
[SHELL OUT]:	Writing Bytes
[SHELL OUT]:	[Parent:00007ff752ea1997] >> Wrtiting [20480 bytes(s)->40 block(s)] to LBA[202752(210763776)-202792(210845696)]
[SHELL OUT]:	Closing Disk Interface >> {C:/GitHub/BlockyOS/Build/Build-nodate/disk.img}
[SHELL OUT]:	[0]: ""
[SHELL]	FSFRAT.OPEN
[SHELL]	open -p SYSD/test.log -a TEST -la f
[SHELL OUT]:	
[SHELL OUT]:	>> 
[SHELL OUT]:	>> 
[SHELL OUT]:	Mounting File [SYSD/test.log] with "f"
[SHELL OUT]:	Root is 0000025af8099030
[SHELL OUT]:	[0]: ""
[SHELL]	FSFRAT.WRITE
[SHELL]	fwrite -pp C:/GitHub/BlockyOS/compile/TEST.log -ia %TEST% -p 0 -n 0
[SHELL OUT]:	
[SHELL OUT]:	>> 
[SHELL OUT]:	>> 
[SHELL OUT]:	[Parent:00007ff752ea1f16] >>  C:/GitHub/BlockyOS/Build/Build-nodate/disk.img  Base: 133120    ConfBlockSize: 2048    Starting Disk Env ID: 
[SHELL OUT]:	[Parent:00007ff752ea1e53] >>  C:/GitHub/BlockyOS/Build/Build-nodate/disk.img  Base: 133120    ConfBlockSize: 2048    Starting Disk Env ID: 
[SHELL OUT]:	Reading File Info
[SHELL OUT]:	Reading Bytes
[SHELL OUT]:	[Parent:00007ff752ea1ec2] >> Reading [512 bytes(s)->4 block(s)] from LBA[225610(257576960)-225614(257585152)]
[SHELL OUT]:	Closing Disk Interface >> {C:/GitHub/BlockyOS/Build/Build-nodate/disk.img}
[SHELL OUT]:	Writing Bytes
[SHELL OUT]:	[Parent:00007ff752ea2010] >> Wrtiting [512 bytes(s)->4 block(s)] to LBA[225610(257576960)-225614(257585152)]
[SHELL OUT]:	Closing Disk Interface >> {C:/GitHub/BlockyOS/Build/Build-nodate/disk.img}
[SHELL OUT]:	Root is 0000025af8099030
[SHELL OUT]:	Reading File Block at 225611, Item: 1.    Root: [17326495997843702475:275180975602787]
[SHELL OUT]:	[Parent:00007ff752ea10ba] >>  C:/GitHub/BlockyOS/Build/Build-nodate/disk.img  Base: 133120    ConfBlockSize: 2048    Starting Disk Env ID: 
[SHELL OUT]:	Reading Bytes
[SHELL OUT]:	[Parent:00007ff752ea10de] >> Reading [2048 bytes(s)->4 block(s)] from LBA[225611(257579008)-225615(257587200)]
[SHELL OUT]:	Closing Disk Interface >> {C:/GitHub/BlockyOS/Build/Build-nodate/disk.img}
[SHELL OUT]:	Writing File Block at 225611, Item: 1.	Root: [17326495997843702475:275180975602787]
[SHELL OUT]:	[Parent:00007ff752ea1557] >>  C:/GitHub/BlockyOS/Build/Build-nodate/disk.img  Base: 133120    ConfBlockSize: 2048    Starting Disk Env ID: 
[SHELL OUT]:	Writing Bytes
[SHELL OUT]:	[Parent:00007ff752ea1583] >> Wrtiting [2048 bytes(s)->4 block(s)] to LBA[225611(257579008)-225615(257587200)]
[SHELL OUT]:	Closing Disk Interface >> {C:/GitHub/BlockyOS/Build/Build-nodate/disk.img}
[SHELL OUT]:	[0]: ""
[SHELL]	SHELL.EXECUTE
False
False
False
0
[SHELL]	SHELL.EXECUTE
0
[SHELL]	SHELL.EXECUTE
False
False
False
0
