SecCoreStartupWithStack(0xFFFCC000, 0x820000)
Register PPI Notify: DCD0BE23-9586-40F4-B643-06522CED4EDE
Install PPI: 8C8CE578-8A3D-4F1C-9935-896185C32DD3
Install PPI: 5473C07A-3DCB-4DCA-BD6F-1E9689E7349A
The 0th FV[6938079B-B503-4E3D-9D24-B28337A25806] start address is 0x00000830000, size is 0x000D0000, handle is 0x830000
Register PPI Notify: 49EDB1C1-BF21-4761-BB12-EB0031AABB39
Register PPI Notify: EA7CA24B-DED5-4DAD-A389-BF827E8F9B38
Install PPI: B9E0ABFE-5979-4914-977F-6DEE78C278A6
Install PPI: DBE23AA9-A345-4B97-85B6-B226F1617389
Install PPI: 138F9CF4-F0E7-4721-8F49-F5FFECF42D40
Install PPI: 869C711D-649C-44FE-8B9E-2CBB2911C3E6
Register PPI Notify: 605EA650-C65C-42E1-BA80-91A52AB618C6
DiscoverPeimsAndOrderWithApriori(): Found 0xE PEI FFS files in the 0th FV
Loading PEIM 9B3ADA4F-AE56-4C24-8DEA-F03B7558AE50
Loading PEIM at 0x0000083CF00 EntryPoint=0x000008401AB PcdPeim.efi
Install PPI: 06E81C58-4AD7-44BC-8390-F10265F72480
Install PPI: 01F34D25-4DE2-23AD-3FF3-36353FF323F1
Install PPI: 4D8B155B-C059-4C8F-8926-06FD4331DB8A
Install PPI: A60C6B59-E459-425D-9C69-0BCC9CB27D81
Register PPI Notify: 605EA650-C65C-42E1-BA80-91A52AB618C6
Loading PEIM A3610442-E69F-4DF3-82CA-2360C4031A23
Loading PEIM at 0x00000841D40 EntryPoint=0x000008430F0 ReportStatusCodeRouterPei.efi
Install PPI: 0065D394-9951-4144-82A3-0AFC8579C251
Install PPI: 229832D3-7A30-4B36-B827-F40CB7D45436
Loading PEIM 9D225237-FA01-464C-A949-BAABC02D31D0
Loading PEIM at 0x00000843E40 EntryPoint=0x0000084506A StatusCodeHandlerPei.efi
Loading PEIM FCB3A3D6-6274-411C-A548-BD0E717D533A
Loading PEIM at 0x00000845D40 EntryPoint=0x00000847BA9 TdTcg2Pei.efi
Loading PEIM 222C386D-5ABC-4FB4-B124-FBB82488ACF4
Loading PEIM at 0x000008492C0 EntryPoint=0x0000085236E PlatformPei.efi
Platform PEIM Loaded
Select Item: 0x0
Select Item: 0x1
QemuFwCfgProbe: Supported 1, DMA 1
Select Item: 0x19
Select Item: 0x19
Select Item: 0x19
Select Item: 0x19
Select Item: 0x19
Select Item: 0x19
Select Item: 0x19
Select Item: 0x19
Select Item: 0x0
Cache FwCfg Name: QemuFwCfgSignature Item:0x0 Size: 0x4 
Select Item: 0x1
Cache FwCfg Name: QemuFwCfgInterfaceVersion Item:0x1 Size: 0x4 
Select Item: 0x19
Cache FwCfg Name: QemuFwCfgFileDri Item:0x19 Size: 0x384 
Select Item: 0x25
Cache FwCfg Name: etc/e820 Item:0x25 Size: 0x28 
Select Item: 0x2B
Cache FwCfg Name: etc/system-states Item:0x2B Size: 0x6 
Select Item: 0xE
Cache FwCfg Name: BootMenu Item:0xE Size: 0x2 
QemuFwCfgInitCache Pass!!!
CMOS:
00: 13 00 50 00 16 00 06 22 05 26 26 02 00 80 00 00
10: 00 00 00 00 06 80 02 FF FF 00 00 00 00 00 00 00
20: 00 00 00 00 00 00 00 00 00 00 00 00 00 00 00 00
30: FF FF 20 00 00 7F 00 20 30 00 00 00 00 12 00 00
40: 00 00 00 00 00 00 00 00 00 00 00 00 00 00 00 00
50: 00 00 00 00 00 00 00 00 00 00 00 00 00 00 00 03
60: 00 00 00 00 00 00 00 00 00 00 00 00 00 00 00 00
70: 00 00 00 00 00 00 00 00 00 00 00 00 00 00 00 00
Select Item: 0x19
Select Item: 0x2B
S3 support was detected on QEMU
Install PPI: 7408D748-FC8C-4EE6-9288-C4BEC092A410
Select Item: 0x19
Select Item: 0x19
Select Item: 0x25
Select Item: 0x19
Select Item: 0x19
PlatformSetupPagingLevel: using 4-level paging (PcdUse5LevelPageTable disabled)
PlatformAddressWidthFromCpuid: Signature: 'AuthenticAMD', PhysBits: 40, GuestPhysBits: 0, QemuQuirk: On, la57: Off, Valid: Yes
PlatformDynamicMmioWindow: using dynamic mmio window
PlatformDynamicMmioWindow:   Addr Space 0x10000000000 (1024 GB)
PlatformDynamicMmioWindow:   MMIO Space 0x2000000000 (128 GB)
Select Item: 0x19
Select Item: 0x25
PlatformReservationConflictCB: move mmio: 0xE000000000 => C000000000
PlatformDynamicMmioWindow:   Pci64 Base 0xC000000000
PlatformDynamicMmioWindow:   Pci64 Size 0x2000000000
AddressWidthInitialization: Pci64Base=0xC000000000 Pci64Size=0x2000000000
Select Item: 0x5
PlatformMaxCpuCountInitialization: BootCpuCount=4 MaxCpuCount=4
Select Item: 0x19
Select Item: 0x25
PlatformGetLowMemoryCB: LowMemory=0x80000000
GetPeiMemoryCap: page tables:   4112 KB (1/1/2/1024 pages for levels 5/4/3/2)
GetPeiMemoryCap: ap stacks:      128 KB (4 cpus)
GetPeiMemoryCap: memory cap:   69776 KB
PublishPeiMemory: PhysMemAddressWidth=40 PeiMemoryCap=69776 KB
PeiInstallPeiMemory MemoryBegin 0x7BB3C000, MemoryLength 0x4424000
Select Item: 0x19
Select Item: 0x25
PlatformGetLowMemoryCB: LowMemory=0x80000000
PlatformQemuInitializeRam called
PlatformIgvmParamReserve: 0x812000 +0x1000
Select Item: 0x19
Select Item: 0x25
PlatformGetLowMemoryCB: LowMemory=0x80000000
Select Item: 0x19
Select Item: 0x25
PlatformAddHobCB: Reserved [0xFD00000000, 0x10000000000)
Platform PEI Firmware Volume Initialization
Install PPI: 49EDB1C1-BF21-4761-BB12-EB0031AABB39
Notify: PPI Guid: 49EDB1C1-BF21-4761-BB12-EB0031AABB39, Peim notify entry point: 83526E
The 1th FV[7CB8BDC9-F8EB-4F34-AAEA-3EE4AF6516A1] start address is 0x00000900000, size is 0x00E80000, handle is 0x900000
Select Item: 0x19
Select Item: 0x25
PlatformGetLowMemoryCB: LowMemory=0x80000000
Select Item: 0x19
Register PPI Notify: EE16160A-E8BE-47A6-820A-C6900DB0250A
Select Item: 0x19
Select Item: 0x19
Reserved variable store memory: 0x7FEDC000; size: 528kb
Temp Stack : BaseAddress=0x81A000 Length=0x6000
Temp Heap  : BaseAddress=0x814000 Length=0x6000
Total temporary memory:    49152 bytes.
  temporary memory stack ever used:       24504 bytes.
  temporary memory heap used for HobList: 9496 bytes.
  temporary memory heap occupied by memory pages: 0 bytes.
Memory Allocation 0x00000006 0x812000 - 0x812FFF
Memory Allocation 0x0000000A 0x7FF60000 - 0x7FFFFFFF
Memory Allocation 0x0000000A 0x814000 - 0x81FFFF
Memory Allocation 0x0000000A 0x807000 - 0x807FFF
Memory Allocation 0x0000000A 0x800000 - 0x805FFF
Memory Allocation 0x0000000A 0x806000 - 0x806FFF
Memory Allocation 0x0000000A 0x80B000 - 0x80BFFF
Memory Allocation 0x0000000A 0x820000 - 0x82FFFF
Memory Allocation 0x0000000A 0x830000 - 0x8FFFFF
Memory Allocation 0x00000004 0x900000 - 0x177FFFF
Memory Allocation 0x00000000 0xE0000000 - 0xEFFFFFFF
Memory Allocation 0x00000006 0x7FEDC000 - 0x7FF5FFFF
Old Stack size 24576, New stack size 131072
Stack Hob: BaseAddress=0x7BB3C000 Length=0x20000
Heap Offset = 0x7B348000 Stack Offset = 0x7B33C000
TemporaryRamMigration(0x814000, 0x7BB56000, 0xC000)
Loading PEIM 52C05B14-0B98-496C-BC3B-04B50211D680
Loading PEIM at 0x0007FECF000 EntryPoint=0x0007FED735B PeiCore.efi
Reinstall PPI: 8C8CE578-8A3D-4F1C-9935-896185C32DD3
Reinstall PPI: 5473C07A-3DCB-4DCA-BD6F-1E9689E7349A
Reinstall PPI: B9E0ABFE-5979-4914-977F-6DEE78C278A6
Install PPI: F894643D-C449-42D1-8EA8-85BDD8C65BDE
Loading PEIM 9B3ADA4F-AE56-4C24-8DEA-F03B7558AE50
Loading PEIM at 0x0007FECA000 EntryPoint=0x0007FECD2AB PcdPeim.efi
Reinstall PPI: 06E81C58-4AD7-44BC-8390-F10265F72480
Reinstall PPI: 4D8B155B-C059-4C8F-8926-06FD4331DB8A
Reinstall PPI: 01F34D25-4DE2-23AD-3FF3-36353FF323F1
Reinstall PPI: A60C6B59-E459-425D-9C69-0BCC9CB27D81
Loading PEIM 86D70125-BAA3-4296-A62F-602BEBBB9081
Loading PEIM at 0x0007FEC5000 EntryPoint=0x0007FEC83A1 DxeIpl.efi
Install PPI: 1A36E4E7-FAB6-476A-8E75-695A0576FDD7
Install PPI: 0AE8CE5D-E448-4437-A8D7-EBF5F194F731
Loading PEIM 89E549B0-7CFE-449D-9BA3-10D8B2312D71
Loading PEIM at 0x0007FEC0000 EntryPoint=0x0007FEC2B28 S3Resume2Pei.efi
Install PPI: 6D582DBC-DB85-4514-8FCC-5ADF6227B147
Loading PEIM EDADEB9D-DDBA-48BD-9D22-C1C169C8C5C6
Loading PEIM at 0x0007FEAD000 EntryPoint=0x0007FEB3048 CpuMpPei.efi
Register PPI Notify: F894643D-C449-42D1-8EA8-85BDD8C65BDE
Notify: PPI Guid: F894643D-C449-42D1-8EA8-85BDD8C65BDE, Peim notify entry point: 7FEB62BC
AP Loop Mode is 1
AP Vector: non-16-bit = 7FE82000/48D
WakeupBufferStart = 9F000, WakeupBufferSize = 1000
AP Vector: 16-bit = 9F000/39, ExchangeInfo = 9F040/A5
APIC MODE is 1
MpInitLib: Find 4 processors in system.
GetMicrocodePatchInfoFromHob: Microcode patch cache HOB is not found.
No Microcode patch file found
Register PPI Notify: 96F5296D-05F7-4F3C-8467-E456890E0CB5
Buffer[cpu0] for InitializeExceptionStackSwitchHandlers: 0x7FE7B000 with size 0x10C8
Buffer[cpu1] for InitializeExceptionStackSwitchHandlers: 0x7FE7C0C8 with size 0x10C8
Buffer[cpu2] for InitializeExceptionStackSwitchHandlers: 0x7FE7D190 with size 0x10C8
Buffer[cpu3] for InitializeExceptionStackSwitchHandlers: 0x7FE7E258 with size 0x10C8
Does not find any stored CPU BIST information from PPI!
  APICID - 0x00000000, BIST - 0x00000000
  APICID - 0x00000001, BIST - 0x00000000
  APICID - 0x00000002, BIST - 0x00000000
  APICID - 0x00000003, BIST - 0x00000000
Install PPI: 9E9F374B-8F16-4230-9824-5846EE766A97
Install PPI: 5CB9CB3D-31A4-480C-9498-29D269BACFBA
Install PPI: EE16160A-E8BE-47A6-820A-C6900DB0250A
Notify: PPI Guid: EE16160A-E8BE-47A6-820A-C6900DB0250A, Peim notify entry point: 84C3FC
PlatformPei: ClearCacheOnMpServicesAvailable
Creating MpInformation2 HOB...
  Processor[0000]: ProcessorId = 0x0, StatusFlag = 0x7, CoreType = 0x0
    Location = Package:0 Core:0 Thread:0
    Location2 = Package:0 Die:0 Tile:0 Module:0 Core:0 Thread:0
  Processor[0001]: ProcessorId = 0x1, StatusFlag = 0x6, CoreType = 0x0
    Location = Package:0 Core:1 Thread:0
    Location2 = Package:0 Die:0 Tile:0 Module:0 Core:1 Thread:0
  Processor[0002]: ProcessorId = 0x2, StatusFlag = 0x6, CoreType = 0x0
    Location = Package:0 Core:2 Thread:0
    Location2 = Package:0 Die:0 Tile:0 Module:0 Core:2 Thread:0
  Processor[0003]: ProcessorId = 0x3, StatusFlag = 0x6, CoreType = 0x0
    Location = Package:0 Core:3 Thread:0
    Location2 = Package:0 Die:0 Tile:0 Module:0 Core:3 Thread:0
Creating MpInformation2 HOB...
Loading PEIM F12F698A-E506-4A1B-B32E-6920E55DA1C4
Loading PEIM at 0x0007FE78000 EntryPoint=0x0007FE793DD TpmMmioSevDecryptPei.efi
TpmMmioSevDecryptPeimEntryPoint
Install PPI: 35C84FF2-7BFE-453D-845F-683A492CF7B7
Loading PEIM 8AD3148F-945F-46B4-8ACD-71469EA73945
Loading PEIM at 0x0007FE74000 EntryPoint=0x0007FE756F5 Tcg2ConfigPei.efi
Tcg2ConfigPeimEntryPoint
Tcg2ConfigPeimEntryPoint: no TPM detected
Install PPI: A030D115-54DD-447B-9064-F206883D7CCC
Install PPI: 7F4158D3-074D-456D-8CB2-01F9C8F79DAA
Loading PEIM 2BE1E4A6-6505-43B3-9FFC-A3C8330E0432
Loading PEIM at 0x0007FE6F000 EntryPoint=0x0007FE71A9B TcgPei.efi
No TPM12 instance required!
Loading PEIM A0C98B77-CBA5-4BB8-993B-4AF6CE33ECE4
Loading PEIM at 0x0007FE61000 EntryPoint=0x0007FE6A01C Tcg2Pei.efi
No TPM2 instance required!
Loading PEIM 47727552-A54B-4A84-8CC1-BFF23E239636
Loading PEIM at 0x0007FE5B000 EntryPoint=0x0007FE5DE87 Tcg2PlatformPei.efi
DiscoverPeimsAndOrderWithApriori(): Found 0x0 PEI FFS files in the 1th FV
DXE IPL Entry
Loading PEIM D6A2CB7F-6A18-4E2F-B43B-9920A733700A
Loading PEIM at 0x0007FE28000 EntryPoint=0x0007FE3F0A8 DxeCore.efi
Loading DXE CORE at 0x0007FE28000 EntryPoint=0x0007FE3F0A8
AddressBits=40 LevelOfPaging=4 1GPage=0
Pml5=1 Pml4=2 Pdp=512 TotalPage=1027
Install PPI: 605EA650-C65C-42E1-BA80-91A52AB618C6
Notify: PPI Guid: 605EA650-C65C-42E1-BA80-91A52AB618C6, Peim notify entry point: 834769
PeiDelayedDispatchOnEndOfPei Count of dispatch cycles is 0
Notify: PPI Guid: 605EA650-C65C-42E1-BA80-91A52AB618C6, Peim notify entry point: 83FD93
CoreInitializeMemoryServices:
  BaseAddress - 0x7BB66000 Length - 0x3C9A000 MinimalMemorySizeNeeded - 0x322000
InstallProtocolInterface: 5B1B31A1-9562-11D2-8E3F-00A0C969723B 7FE4F328
ProtectUefiImageCommon - 0x7FE4F328
  - 0x000000007FE28000 - 0x0000000000033000
DxeMain: MemoryBaseAddress=0x7BB66000 MemoryLength=0x3C9A000
HOBLIST address in DXE = 0x7F4E1018
Memory Allocation 0x00000006 0x812000 - 0x812FFF
Memory Allocation 0x0000000A 0x7FF60000 - 0x7FFFFFFF
Memory Allocation 0x0000000A 0x814000 - 0x81FFFF
Memory Allocation 0x0000000A 0x807000 - 0x807FFF
Memory Allocation 0x0000000A 0x800000 - 0x805FFF
Memory Allocation 0x0000000A 0x806000 - 0x806FFF
Memory Allocation 0x0000000A 0x80B000 - 0x80BFFF
Memory Allocation 0x0000000A 0x820000 - 0x82FFFF
Memory Allocation 0x0000000A 0x830000 - 0x8FFFFF
Memory Allocation 0x00000004 0x900000 - 0x177FFFF
Memory Allocation 0x00000000 0xE0000000 - 0xEFFFFFFF
Memory Allocation 0x00000006 0x7FEDC000 - 0x7FF5FFFF
Memory Allocation 0x00000004 0x7FE08000 - 0x7FE27FFF
Memory Allocation 0x00000003 0x7FECF000 - 0x7FEDBFFF
Memory Allocation 0x00000003 0x7FECA000 - 0x7FECEFFF
Memory Allocation 0x00000003 0x7FEC5000 - 0x7FEC9FFF
Memory Allocation 0x00000003 0x7FEC0000 - 0x7FEC4FFF
Memory Allocation 0x00000003 0x7FEAD000 - 0x7FEBFFFF
Memory Allocation 0x00000004 0x7FE83000 - 0x7FEACFFF
Memory Allocation 0x00000003 0x7FE82000 - 0x7FE82FFF
Memory Allocation 0x00000004 0x7FE81000 - 0x7FE81FFF
Memory Allocation 0x00000007 0x7FE80000 - 0x7FE80FFF
Memory Allocation 0x00000004 0x7FE7B000 - 0x7FE7FFFF
Memory Allocation 0x00000003 0x7FE78000 - 0x7FE7AFFF
Memory Allocation 0x00000003 0x7FE74000 - 0x7FE77FFF
Memory Allocation 0x00000003 0x7FE6F000 - 0x7FE73FFF
Memory Allocation 0x00000003 0x7FE61000 - 0x7FE6EFFF
Memory Allocation 0x00000003 0x7FE5B000 - 0x7FE60FFF
Memory Allocation 0x00000003 0x7FE28000 - 0x7FE5AFFF
Memory Allocation 0x00000003 0x7FE28000 - 0x7FE5AFFF
Memory Allocation 0x00000004 0x7FE08000 - 0x7FE27FFF
Memory Allocation 0x00000004 0x7F800000 - 0x7FDFFFFF
Memory Allocation 0x00000007 0x7FE00000 - 0x7FE07FFF
Memory Allocation 0x00000004 0x7BB3C000 - 0x7BB5BFFF
FV Hob            0x900000 - 0x177FFFF
InstallProtocolInterface: D8117CFE-94A6-11D4-9A3A-0090273FC14D 7FE50740
InstallProtocolInterface: 8F644FA9-E850-4DB1-9CE2-0B44698E8DA4 7F4DD730
InstallProtocolInterface: 09576E91-6D3F-11D2-8E39-00A0C969723B 7F4DD298
InstallProtocolInterface: 220E73B6-6BDB-4413-8405-B974B108619A 7F4DBEB0
InstallProtocolInterface: EE4E5898-3914-4259-9D6E-DC7BD79403CF 7FE50658
Loading driver 9B680FCE-AD6B-4F3A-B60B-F59899003443
InstallProtocolInterface: 5B1B31A1-9562-11D2-8E3F-00A0C969723B 7EE3B0C0
Loading driver at 0x0007EE1E000 EntryPoint=0x0007EE271D3 DevicePathDxe.efi
InstallProtocolInterface: BC62157E-3E33-4FEC-9920-2D3B36D750DF 7EE3BC98
ProtectUefiImageCommon - 0x7EE3B0C0
  - 0x000000007EE1E000 - 0x000000000000E000
InstallProtocolInterface: 0379BE4E-D706-437D-B037-EDB82FB772A4 7EE2A040
InstallProtocolInterface: 8B843E20-8132-4852-90CC-551A4E4A7F1C 7EE2A020
InstallProtocolInterface: 05C99A21-C70F-4AD2-8A5F-35DF3343F51E 7EE2A000
Loading driver 80CF7257-87AB-47F9-A3FE-D50B76D89541
InstallProtocolInterface: 5B1B31A1-9562-11D2-8E3F-00A0C969723B 7EE30040
Loading driver at 0x0007EE15000 EntryPoint=0x0007EE199F7 PcdDxe.efi
InstallProtocolInterface: BC62157E-3E33-4FEC-9920-2D3B36D750DF 7EE30F18
ProtectUefiImageCommon - 0x7EE30040
  - 0x000000007EE15000 - 0x0000000000009000
InstallProtocolInterface: 11B34006-D85B-4D0A-A290-D5A571310EF7 7EE1C180
InstallProtocolInterface: 13A3F0F6-264A-3EF0-F2E0-DEC512342F34 7EE1C0E0
InstallProtocolInterface: 5BE40F57-FA68-4610-BBBF-E9C5FCDAD365 7EE1C0B0
InstallProtocolInterface: FD0F4478-0EFD-461D-BA2D-E58C45FD5F5E 7EE1C090
Loading driver 2EC9DA37-EE35-4DE9-86C5-6D9A81DC38A7
InstallProtocolInterface: 5B1B31A1-9562-11D2-8E3F-00A0C969723B 7EE3A6C0
Loading driver at 0x0007EE0D000 EntryPoint=0x0007EE10A47 AmdSevDxe.efi
InstallProtocolInterface: BC62157E-3E33-4FEC-9920-2D3B36D750DF 7EE3A998
ProtectUefiImageCommon - 0x7EE3A6C0
  - 0x000000007EE0D000 - 0x0000000000008000
Error: Image at 0007EE0D000 start failed: Unsupported
Loading driver E750224E-7BCE-40AF-B5BB-47E3611EB5C2
InstallProtocolInterface: 5B1B31A1-9562-11D2-8E3F-00A0C969723B 7EE3A6C0
Loading driver at 0x0007EE0D000 EntryPoint=0x0007EE100BC TdxDxe.efi
InstallProtocolInterface: BC62157E-3E33-4FEC-9920-2D3B36D750DF 7EE3AB98
ProtectUefiImageCommon - 0x7EE3A6C0
  - 0x000000007EE0D000 - 0x0000000000008000
InstallProtocolInterface: BB00A5CA-08CE-462F-A537-43C74A825CA4 0
Loading driver 733CBAC2-B23F-4B92-BC8E-FB01CE5907B7
InstallProtocolInterface: 5B1B31A1-9562-11D2-8E3F-00A0C969723B 7EE39CC0
Loading driver at 0x0007F6E5000 EntryPoint=0x0007F6E80B4 FvbServicesRuntimeDxe.efi
InstallProtocolInterface: BC62157E-3E33-4FEC-9920-2D3B36D750DF 7EE39898
ProtectUefiImageCommon - 0x7EE39CC0
  - 0x000000007F6E5000 - 0x0000000000008000
QEMU Flash: Attempting flash detection at FFC00010
QemuFlashDetected => FD behaves as FLASH, writable
QemuFlashDetected => Yes
Installing QEMU flash FVB
InstallProtocolInterface: 8F644FA9-E850-4DB1-9CE2-0B44698E8DA4 7F5EC8B0
InstallProtocolInterface: 09576E91-6D3F-11D2-8E39-00A0C969723B 7EE39998
Loading driver D93CE3D8-A7EB-4730-8C8E-CC466A9ECC3C
InstallProtocolInterface: 5B1B31A1-9562-11D2-8E3F-00A0C969723B 7EE36040
Loading driver at 0x0007F6DF000 EntryPoint=0x0007F6E19DE ReportStatusCodeRouterRuntimeDxe.efi
InstallProtocolInterface: BC62157E-3E33-4FEC-9920-2D3B36D750DF 7EE36D98
ProtectUefiImageCommon - 0x7EE36040
  - 0x000000007F6DF000 - 0x0000000000006000
InstallProtocolInterface: 86212936-0E76-41C8-A03A-2AF2FC1C39E2 7F6E3060
InstallProtocolInterface: D2B2B828-0826-48A7-B3DF-983C006024F0 7F6E3040
Loading driver B601F8C4-43B7-4784-95B1-F4226CB40CEE
InstallProtocolInterface: 5B1B31A1-9562-11D2-8E3F-00A0C969723B 7EE364C0
Loading driver at 0x0007F6D9000 EntryPoint=0x0007F6DB6A9 RuntimeDxe.efi
InstallProtocolInterface: BC62157E-3E33-4FEC-9920-2D3B36D750DF 7EE36398
ProtectUefiImageCommon - 0x7EE364C0
  - 0x000000007F6D9000 - 0x0000000000006000
InstallProtocolInterface: B7DFB4E1-052F-449F-87BE-9818FC91B733 7F6DD080
Loading driver F80697E9-7FD6-4665-8646-88E33EF71DFC
InstallProtocolInterface: 5B1B31A1-9562-11D2-8E3F-00A0C969723B 7EE351C0
Loading driver at 0x0007EDFA000 EntryPoint=0x0007EDFF2B6 SecurityStubDxe.efi
InstallProtocolInterface: BC62157E-3E33-4FEC-9920-2D3B36D750DF 7EE35098
ProtectUefiImageCommon - 0x7EE351C0
  - 0x000000007EDFA000 - 0x0000000000009000
InstallProtocolInterface: 94AB2F58-1438-4EF1-9152-18941A3A0E68 7EE01108
InstallProtocolInterface: A46423E3-4617-49F1-B9FF-D1BFA9115839 7EE01100
InstallProtocolInterface: 15853D7C-3DDF-43E0-A1CB-EBF85B8F872C 7EE010E0
Loading driver 13AC6DD0-73D0-11D4-B06B-00AA00BD6DE7
None of Tcg2Protocol/CcMeasurementProtocol is installed.
InstallProtocolInterface: 5B1B31A1-9562-11D2-8E3F-00A0C969723B 7EE340C0
Loading driver at 0x0007EDF1000 EntryPoint=0x0007EDF64D5 EbcDxe.efi
InstallProtocolInterface: BC62157E-3E33-4FEC-9920-2D3B36D750DF 7EE34D18
ProtectUefiImageCommon - 0x7EE340C0
  - 0x000000007EDF1000 - 0x0000000000009000
InstallProtocolInterface: 13AC6DD1-73D0-11D4-B06B-00AA00BD6DE7 7EE34898
InstallProtocolInterface: 96F46153-97A7-4793-ACC1-FA19BF78EA97 7EDF8020
InstallProtocolInterface: 2755590C-6F3C-42FA-9EA4-A3BA543CDA25 7EE34718
InstallProtocolInterface: AAEACCFD-F27B-4C17-B610-75CA1F2DFB52 7EE33F98
Loading driver A19B1FE7-C1BC-49F8-875F-54A5D542443F
None of Tcg2Protocol/CcMeasurementProtocol is installed.
InstallProtocolInterface: 5B1B31A1-9562-11D2-8E3F-00A0C969723B 7EE33C40
Loading driver at 0x0007E9EB000 EntryPoint=0x0007E9ED9E9 CpuIo2Dxe.efi
InstallProtocolInterface: BC62157E-3E33-4FEC-9920-2D3B36D750DF 7EE33818
ProtectUefiImageCommon - 0x7EE33C40
  - 0x000000007E9EB000 - 0x0000000000006000
InstallProtocolInterface: AD61F191-AE5F-4C0E-B9FA-E869D288C64F 7E9EF000
Loading driver 1A1E4886-9517-440E-9FDE-3BE44CEE2136
None of Tcg2Protocol/CcMeasurementProtocol is installed.
InstallProtocolInterface: 5B1B31A1-9562-11D2-8E3F-00A0C969723B 7EE33340
Loading driver at 0x0007E9AA000 EntryPoint=0x0007E9B86DB CpuDxe.efi
InstallProtocolInterface: BC62157E-3E33-4FEC-9920-2D3B36D750DF 7EE32018
ProtectUefiImageCommon - 0x7EE33340
  - 0x000000007E9AA000 - 0x0000000000020000
Paging: added 512 pages to page table pool
CurrentPagingContext:
  MachineType   - 0x8664
  PageTableBase - 0x7F801000
  Attributes    - 0xC0000002
InstallProtocolInterface: 26BACCB1-6F42-11D4-BCE7-0080C73C8881 7E9C2360
MemoryProtectionCpuArchProtocolNotify:
ProtectUefiImageCommon - 0x7FE4F328
  - 0x000000007FE28000 - 0x0000000000033000
ProtectUefiImageCommon - 0x7EE3B0C0
  - 0x000000007EE1E000 - 0x000000000000E000
ProtectUefiImageCommon - 0x7EE30040
  - 0x000000007EE15000 - 0x0000000000009000
ProtectUefiImageCommon - 0x7EE3A6C0
  - 0x000000007EE0D000 - 0x0000000000008000
ProtectUefiImageCommon - 0x7EE39CC0
  - 0x000000007F6E5000 - 0x0000000000008000
ProtectUefiImageCommon - 0x7EE36040
  - 0x000000007F6DF000 - 0x0000000000006000
ProtectUefiImageCommon - 0x7EE364C0
  - 0x000000007F6D9000 - 0x0000000000006000
ProtectUefiImageCommon - 0x7EE351C0
  - 0x000000007EDFA000 - 0x0000000000009000
ProtectUefiImageCommon - 0x7EE340C0
  - 0x000000007EDF1000 - 0x0000000000009000
ProtectUefiImageCommon - 0x7EE33C40
  - 0x000000007E9EB000 - 0x0000000000006000
ProtectUefiImageCommon - 0x7EE33340
  - 0x000000007E9AA000 - 0x0000000000020000
InstallProtocolInterface: F4560CF6-40EC-4B4A-A192-BF1D57D0B189 7E9C22A0
Failed to update capability: [42] 00000000FED00000 - 00000000FED003FF (C700000000000001 -> C700000000026001)
MpInitLibInitialize: ProcessorIndex=0 CpuCount=4
AP Loop Mode is 1
AP Vector: non-16-bit = 7EE2E000/48D
FirstMpHandOff->WaitLoopExecutionMode: 0000, sizeof (VOID *): 0008
GetMicrocodePatchInfoFromHob: MicrocodeBase = 0x0, MicrocodeSize = 0x0
WakeupBufferStart = 87000, WakeupBufferSize = E5
AP Vector: 16-bit = 87000/39, ExchangeInfo = 87040/A5
No Microcode patch file found
AP Page Table Buffer Size = 4000
Detect CPU count: 4
Buffer[cpu0] for InitializeExceptionStackSwitchHandlers: 0x7F5D7000 with size 0x10D0
Buffer[cpu1] for InitializeExceptionStackSwitchHandlers: 0x7F5D80D0 with size 0x10D0
Buffer[cpu2] for InitializeExceptionStackSwitchHandlers: 0x7F5D91A0 with size 0x10D0
Buffer[cpu3] for InitializeExceptionStackSwitchHandlers: 0x7F5DA270 with size 0x10D0
InstallProtocolInterface: 3FDDA605-A76E-4F46-AD29-12F4531B3D08 7E9C2300
Loading driver F6697AC4-A776-4EE1-B643-1FEFF2B615BB
None of Tcg2Protocol/CcMeasurementProtocol is installed.
InstallProtocolInterface: 5B1B31A1-9562-11D2-8E3F-00A0C969723B 7EE2D040
Loading driver at 0x0007EE04000 EntryPoint=0x0007EE05F68 IncompatiblePciDeviceSupportDxe.efi
InstallProtocolInterface: BC62157E-3E33-4FEC-9920-2D3B36D750DF 7EE2F518
ProtectUefiImageCommon - 0x7EE2D040
  - 0x000000007EE04000 - 0x0000000000004000
InstallProtocolInterface: EB23F55A-7863-4AC2-8D3D-956535DE0375 7EE07030
Loading driver 11A6EDF6-A9BE-426D-A6CC-B22FE51D9224
None of Tcg2Protocol/CcMeasurementProtocol is installed.
InstallProtocolInterface: 5B1B31A1-9562-11D2-8E3F-00A0C969723B 7EE2D340
Loading driver at 0x0007E9DC000 EntryPoint=0x0007E9E06A0 PciHotPlugInitDxe.efi
InstallProtocolInterface: BC62157E-3E33-4FEC-9920-2D3B36D750DF 7EE2D618
ProtectUefiImageCommon - 0x7EE2D340
  - 0x000000007E9DC000 - 0x0000000000007000
InstallProtocolInterface: AA0E8BC1-DABC-46B0-A844-37B8169B2BEA 7E9E2050
Loading driver 4B28E4C7-FF36-4E10-93CF-A82159E777C5
None of Tcg2Protocol/CcMeasurementProtocol is installed.
InstallProtocolInterface: 5B1B31A1-9562-11D2-8E3F-00A0C969723B 7EE2C0C0
Loading driver at 0x0007F6D2000 EntryPoint=0x0007F6D4D48 ResetSystemRuntimeDxe.efi
InstallProtocolInterface: BC62157E-3E33-4FEC-9920-2D3B36D750DF 7EE2C318
ProtectUefiImageCommon - 0x7EE2C0C0
  - 0x000000007F6D2000 - 0x0000000000007000
InstallProtocolInterface: 27CFAC88-46CC-11D4-9A38-0090273FC14D 0
InstallProtocolInterface: 9DA34AE0-EAF9-4BBF-8EC3-FD60226C44BE 7F6D7108
InstallProtocolInterface: 695D7835-8D47-4C11-AB22-FA8ACCE7AE7A 7F6D7148
InstallProtocolInterface: 2DF6BA0B-7092-440D-BD04-FB091EC3F3C1 7F6D70C8
Loading driver C8339973-A563-4561-B858-D8476F9DEFC4
None of Tcg2Protocol/CcMeasurementProtocol is installed.
InstallProtocolInterface: 5B1B31A1-9562-11D2-8E3F-00A0C969723B 7EE0C140
Loading driver at 0x0007E9D6000 EntryPoint=0x0007E9D80E3 Metronome.efi
InstallProtocolInterface: BC62157E-3E33-4FEC-9920-2D3B36D750DF 7EE0CB18
ProtectUefiImageCommon - 0x7EE0C140
  - 0x000000007E9D6000 - 0x0000000000006000
InstallProtocolInterface: 26BACCB2-6F42-11D4-BCE7-0080C73C8881 7E9DA030
Loading driver 29E54F5E-365A-4235-BA62-C832D7660852
None of Tcg2Protocol/CcMeasurementProtocol is installed.
InstallProtocolInterface: 5B1B31A1-9562-11D2-8E3F-00A0C969723B 7EE0B040
Loading driver at 0x0007E9CF000 EntryPoint=0x0007E9D22F9 CxlDxe.efi
InstallProtocolInterface: BC62157E-3E33-4FEC-9920-2D3B36D750DF 7EE0BF18
ProtectUefiImageCommon - 0x7EE0B040
  - 0x000000007E9CF000 - 0x0000000000007000
CxlDxeEntryPoint: Enter
InstallProtocolInterface: 18A031AB-B443-4D1A-A5C0-0C09261E9F71 7E9D4080
InstallProtocolInterface: 107A772C-D5E1-11D4-9A46-0090273FC14D 7E9D40E0
InstallProtocolInterface: 6A7A5CFF-E8D9-4F70-BADA-75AB3025CE14 7E9D4050
Loading driver 348C4D62-BFBD-4882-9ECE-C80BB1C4783B
None of Tcg2Protocol/CcMeasurementProtocol is installed.
InstallProtocolInterface: 5B1B31A1-9562-11D2-8E3F-00A0C969723B 7EE0B3C0
Loading driver at 0x0007E93F000 EntryPoint=0x0007E95870B HiiDatabase.efi
InstallProtocolInterface: BC62157E-3E33-4FEC-9920-2D3B36D750DF 7EE0A018
ProtectUefiImageCommon - 0x7EE0B3C0
  - 0x000000007E93F000 - 0x0000000000020000
InstallProtocolInterface: E9CA4775-8657-47FC-97E7-7ED65A084324 7E95D0E8
InstallProtocolInterface: 0FD96974-23AA-4CDC-B9CB-98D17750322A 7E95D160
InstallProtocolInterface: EF9FC172-A1B2-4693-B327-6D32FC416042 7E95D188
InstallProtocolInterface: 587E72D7-CC50-4F79-8209-CA291FC1A10F 7E95D1E0
InstallProtocolInterface: 0A8BADD5-03B8-4D19-B128-7B8F0EDAA596 7E95D210
InstallProtocolInterface: 31A6406A-6BDF-4E46-B2A2-EBAA89C40920 7E95D108
InstallProtocolInterface: 1A1241E6-8F19-41A9-BC0E-E8EF39E06546 7E95D130
Loading driver BDCE85BB-FBAA-4F4E-9264-501A2C249581
None of Tcg2Protocol/CcMeasurementProtocol is installed.
InstallProtocolInterface: 5B1B31A1-9562-11D2-8E3F-00A0C969723B 7EE09040
Loading driver at 0x0007E96D000 EntryPoint=0x0007E971E70 S3SaveStateDxe.efi
InstallProtocolInterface: BC62157E-3E33-4FEC-9920-2D3B36D750DF 7EE09F18
ProtectUefiImageCommon - 0x7EE09040
  - 0x000000007E96D000 - 0x0000000000009000
InstallProtocolInterface: BD445D79-B7AD-4F04-9AD8-29BD2040EB3C 0
InstallProtocolInterface: E857CAF6-C046-45DC-BE3F-EE0765FBA887 7E974080
Loading driver 9622E42C-8E38-4A08-9E8F-54F784652F6B
None of Tcg2Protocol/CcMeasurementProtocol is installed.
InstallProtocolInterface: 5B1B31A1-9562-11D2-8E3F-00A0C969723B 7EE08040
Loading driver at 0x0007E934000 EntryPoint=0x0007E93915C AcpiTableDxe.efi
InstallProtocolInterface: BC62157E-3E33-4FEC-9920-2D3B36D750DF 7EE08D18
ProtectUefiImageCommon - 0x7EE08040
  - 0x000000007E934000 - 0x000000000000B000
Fail to locate AcpiSiliconHob!!
InstallProtocolInterface: FFE06BDD-6107-46A6-7BB2-5A9C7EC5275C 7EE083A0
InstallProtocolInterface: EB97088E-CFDF-49C6-BE4B-D906A5B20E86 7EE083B0
Loading driver A210F973-229D-4F4D-AA37-9895E6C9EABA
None of Tcg2Protocol/CcMeasurementProtocol is installed.
InstallProtocolInterface: 5B1B31A1-9562-11D2-8E3F-00A0C969723B 7EE084C0
Loading driver at 0x0007E9CA000 EntryPoint=0x0007E9CC162 DpcDxe.efi
InstallProtocolInterface: BC62157E-3E33-4FEC-9920-2D3B36D750DF 7EE03018
ProtectUefiImageCommon - 0x7EE084C0
  - 0x000000007E9CA000 - 0x0000000000005000
InstallProtocolInterface: 480F8AE9-0C46-4AA9-BC89-DB9FBA619806 7E9CD000
Loading driver 8657015B-EA43-440D-949A-AF3BE365C0FC
None of Tcg2Protocol/CcMeasurementProtocol is installed.
InstallProtocolInterface: 5B1B31A1-9562-11D2-8E3F-00A0C969723B 7EE037C0
Loading driver at 0x0007E976000 EntryPoint=0x0007E97B2DA IoMmuDxe.efi
InstallProtocolInterface: BC62157E-3E33-4FEC-9920-2D3B36D750DF 7EE03598
ProtectUefiImageCommon - 0x7EE037C0
  - 0x000000007E976000 - 0x000000000000A000
InstallProtocolInterface: F8775D50-8ABD-4ADF-92AC-853E51F6C8DC 0
Loading driver 60740CF3-D428-4500-80E6-04A5798241ED
None of Tcg2Protocol/CcMeasurementProtocol is installed.
InstallProtocolInterface: 5B1B31A1-9562-11D2-8E3F-00A0C969723B 7E9EAB40
Loading driver at 0x0007E9E3000 EntryPoint=0x0007E9E60B7 VirtHstiDxe.efi
InstallProtocolInterface: BC62157E-3E33-4FEC-9920-2D3B36D750DF 7E9EA098
ProtectUefiImageCommon - 0x7E9EAB40
  - 0x000000007E9E3000 - 0x0000000000007000
InstallProtocolInterface: E5DD1403-D622-C24E-8488-C71B17F5E802 7E9EA6B0
Loading driver 22DC2B60-FE40-42AC-B01F-3AB1FAD9AAD8
None of Tcg2Protocol/CcMeasurementProtocol is installed.
InstallProtocolInterface: 5B1B31A1-9562-11D2-8E3F-00A0C969723B 7E965040
Loading driver at 0x0007F6CC000 EntryPoint=0x0007F6CE87B EmuVariableFvbRuntimeDxe.efi
InstallProtocolInterface: BC62157E-3E33-4FEC-9920-2D3B36D750DF 7E965298
ProtectUefiImageCommon - 0x7E965040
  - 0x000000007F6CC000 - 0x0000000000006000
EMU Variable FVB Started
Disabling EMU Variable FVB since flash variables appear to be supported.
Error: Image at 0007F6CC000 start failed: Aborted
Loading driver CBD2E4D5-7068-4FF5-B462-9822B4AD8D60
None of Tcg2Protocol/CcMeasurementProtocol is installed.
InstallProtocolInterface: 5B1B31A1-9562-11D2-8E3F-00A0C969723B 7E965040
Loading driver at 0x0007F6C2000 EntryPoint=0x0007F6CAF84 VariableRuntimeDxe.efi
InstallProtocolInterface: BC62157E-3E33-4FEC-9920-2D3B36D750DF 7E965E18
ProtectUefiImageCommon - 0x7E965040
  - 0x000000007F6C2000 - 0x0000000000010000
VarCheckLibRegisterSetVariableCheckHandler - 0x7F6CA60B Success
Variable driver common space: 0x3FF9C 0x3FF9C 0x3FF9C
Variable driver will work with auth variable format!
InstallProtocolInterface: CD3D0A05-9E24-437C-A891-1EE053DB7638 7F6D0800
InstallProtocolInterface: AF23B340-97B4-4685-8D4F-A3F28169B21D 7F6D07D0
InstallProtocolInterface: 1E5668E2-8481-11D4-BCF1-0080C73C8881 0
VarCheckLibRegisterSetVariableCheckHandler - 0x7F6CA268 Success
InstallProtocolInterface: 81D1675C-86F6-48DF-BD95-9A6E4F0925C3 7F6D0760
Loading driver A5683620-7998-4BB2-A377-1C1E31E1E215
None of Tcg2Protocol/CcMeasurementProtocol is installed.
InstallProtocolInterface: 5B1B31A1-9562-11D2-8E3F-00A0C969723B 7E96C0C0
Loading driver at 0x0007E862000 EntryPoint=0x0007E865C96 TcgDxe.efi
InstallProtocolInterface: BC62157E-3E33-4FEC-9920-2D3B36D750DF 7E96CD18
ProtectUefiImageCommon - 0x7E96C0C0
  - 0x000000007E862000 - 0x0000000000008000
No TPM12 instance required!
Error: Image at 0007E862000 start failed: Unsupported
Loading driver B981A835-6EE8-4F4C-AE0B-210AA0BFBF01
None of Tcg2Protocol/CcMeasurementProtocol is installed.
InstallProtocolInterface: 5B1B31A1-9562-11D2-8E3F-00A0C969723B 7E96C0C0
Loading driver at 0x0007E966000 EntryPoint=0x0007E9688C2 RngDxe.efi
InstallProtocolInterface: BC62157E-3E33-4FEC-9920-2D3B36D750DF 7E96CA18
ProtectUefiImageCommon - 0x7E96C0C0
  - 0x000000007E966000 - 0x0000000000006000
Error: Image at 0007E966000 start failed: 00000001
Loading driver 6C2004EF-4E0E-4BE4-B14C-340EB4AA5891
None of Tcg2Protocol/CcMeasurementProtocol is installed.
InstallProtocolInterface: 5B1B31A1-9562-11D2-8E3F-00A0C969723B 7E96C0C0
Loading driver at 0x0007F6BD000 EntryPoint=0x0007F6BF12C StatusCodeHandlerRuntimeDxe.efi
InstallProtocolInterface: BC62157E-3E33-4FEC-9920-2D3B36D750DF 7E96CE18
ProtectUefiImageCommon - 0x7E96C0C0
  - 0x000000007F6BD000 - 0x0000000000005000
Loading driver 52FE8196-F9DE-4D07-B22F-51F77A0E7C41
None of Tcg2Protocol/CcMeasurementProtocol is installed.
InstallProtocolInterface: 5B1B31A1-9562-11D2-8E3F-00A0C969723B 7E96BCC0
Loading driver at 0x0007E95F000 EntryPoint=0x0007E961838 LocalApicTimerDxe.efi
InstallProtocolInterface: BC62157E-3E33-4FEC-9920-2D3B36D750DF 7E96C618
ProtectUefiImageCommon - 0x7E96BCC0
  - 0x000000007E95F000 - 0x0000000000006000
InstallProtocolInterface: 26BACCB3-6F42-11D4-BCE7-0080C73C8881 7E963040
Loading driver 128FB770-5E79-4176-9E51-9BB268A17DD1
None of Tcg2Protocol/CcMeasurementProtocol is installed.
InstallProtocolInterface: 5B1B31A1-9562-11D2-8E3F-00A0C969723B 7E96B240
Loading driver at 0x0007E858000 EntryPoint=0x0007E860367 PciHostBridgeDxe.efi
InstallProtocolInterface: BC62157E-3E33-4FEC-9920-2D3B36D750DF 7E96B598
ProtectUefiImageCommon - 0x7E96B240
  - 0x000000007E858000 - 0x000000000000D000
Select Item: 0x0
FW CFG Signature: 0x554D4551
Select Item: 0x1
FW CFG Revision: 0x3
QemuFwCfg interface (DMA) is supported.
Select Item: 0x19
Select Item: 0x19
PciHostBridgeUtilityInitRootBridge: populated root bus 0, with room for 255 subordinate bus(es)
RootBridge: PciRoot(0x0)
  Support/Attr: 70069 / 70069
    DmaAbove4G: No
NoExtConfSpace: No
     AllocAttr: 3 (CombineMemPMem Mem64Decode)
           Bus: 0 - FF Translation=0
            Io: 6000 - FFFF Translation=0
           Mem: 80000000 - DFFFFFFF Translation=0
    MemAbove4G: C000000000 - DFFFFFFFFF Translation=0
          PMem: FFFFFFFFFFFFFFFF - 0 Translation=0
   PMemAbove4G: FFFFFFFFFFFFFFFF - 0 Translation=0
InstallProtocolInterface: CF8034BE-6768-4D8B-B739-7CCE683A9FBE 7E96A840
InstallProtocolInterface: 09576E91-6D3F-11D2-8E39-00A0C969723B 7E96AD98
InstallProtocolInterface: 2F707EBB-4A1A-11D4-9A38-0090273FC14D 7E96A370
Loading driver EBF342FE-B1D3-4EF8-957C-8048606FF671
None of Tcg2Protocol/CcMeasurementProtocol is installed.
InstallProtocolInterface: 5B1B31A1-9562-11D2-8E3F-00A0C969723B 7E9690C0
Loading driver at 0x0007E81F000 EntryPoint=0x0007E8303A7 SetupBrowser.efi
InstallProtocolInterface: BC62157E-3E33-4FEC-9920-2D3B36D750DF 7E969A98
ProtectUefiImageCommon - 0x7E9690C0
  - 0x000000007E81F000 - 0x000000000001C000
InstallProtocolInterface: B9D4C360-BCFB-4F9B-9298-53C136982258 7E8390F0
InstallProtocolInterface: A770C357-B693-4E6D-A6CF-D21C728E550B 7E839120
InstallProtocolInterface: 1F73B18D-4630-43C1-A1DE-6F80855D7DA4 7E839100
Loading driver F9D88642-0737-49BC-81B5-6889CD57D9EA
None of Tcg2Protocol/CcMeasurementProtocol is installed.
InstallProtocolInterface: 5B1B31A1-9562-11D2-8E3F-00A0C969723B 7E968840
Loading driver at 0x0007E84F000 EntryPoint=0x0007E85337F SmbiosDxe.efi
InstallProtocolInterface: BC62157E-3E33-4FEC-9920-2D3B36D750DF 7E968698
ProtectUefiImageCommon - 0x7E968840
  - 0x000000007E84F000 - 0x0000000000009000
Select Item: 0x0
FW CFG Signature: 0x554D4551
Select Item: 0x1
FW CFG Revision: 0x3
QemuFwCfg interface (DMA) is supported.
Select Item: 0x19
Select Item: 0x19
Select Item: 0x26
DetectSmbiosVersion: SMBIOS version from QEMU: 0x0208
InstallProtocolInterface: 03583FF6-CB36-4940-947E-B9B39F4AFAF7 7E856190
Loading driver 17985E6F-E778-4D94-AEFA-C5DD2B77E186
None of Tcg2Protocol/CcMeasurementProtocol is installed.
InstallProtocolInterface: 5B1B31A1-9562-11D2-8E3F-00A0C969723B 7E967B40
Loading driver at 0x0007E846000 EntryPoint=0x0007E84B893 QemuFwCfgAcpiPlatform.efi
InstallProtocolInterface: BC62157E-3E33-4FEC-9920-2D3B36D750DF 7E967A18
ProtectUefiImageCommon - 0x7E967B40
  - 0x000000007E846000 - 0x0000000000009000
Select Item: 0x0
FW CFG Signature: 0x554D4551
Select Item: 0x1
FW CFG Revision: 0x3
QemuFwCfg interface (DMA) is supported.
AcpiPlatformEntryPoint: waiting for root bridges to be connected, registered callback
Loading driver FA20568B-548B-4B2B-81EF-1BA08D4A3CEC
None of Tcg2Protocol/CcMeasurementProtocol is installed.
InstallProtocolInterface: 5B1B31A1-9562-11D2-8E3F-00A0C969723B 7E9672C0
Loading driver at 0x0007E5E6000 EntryPoint=0x0007E5ECB4B BootScriptExecutorDxe.efi
InstallProtocolInterface: BC62157E-3E33-4FEC-9920-2D3B36D750DF 7E967698
ProtectUefiImageCommon - 0x7E9672C0
  - 0x000000007E5E6000 - 0x000000000001A000
Loading driver F74D20EE-37E7-48FC-97F7-9B1047749C69
None of Tcg2Protocol/CcMeasurementProtocol is installed.
InstallProtocolInterface: 5B1B31A1-9562-11D2-8E3F-00A0C969723B 7E966840
Loading driver at 0x0007E83E000 EntryPoint=0x0007E83FE2A LogoDxe.efi
InstallProtocolInterface: BC62157E-3E33-4FEC-9920-2D3B36D750DF 7E966698
InstallProtocolInterface: 6A1EE763-D47A-43B4-AABE-EF1DE2AB56FC 7E842070
ProtectUefiImageCommon - 0x7E966840
  - 0x000000007E83E000 - 0x0000000000008000
InstallProtocolInterface: 53CD299F-2BC1-40C0-8C07-23F64FDB30E0 7E841000
Loading driver DCE1B094-7DC6-45D0-9FDD-D7FC3CC3E4EF
None of Tcg2Protocol/CcMeasurementProtocol is installed.
InstallProtocolInterface: 5B1B31A1-9562-11D2-8E3F-00A0C969723B 7E8725C0
Loading driver at 0x0007E817000 EntryPoint=0x0007E81A7F5 QemuRamfbDxe.efi
InstallProtocolInterface: BC62157E-3E33-4FEC-9920-2D3B36D750DF 7E872A98
ProtectUefiImageCommon - 0x7E8725C0
  - 0x000000007E817000 - 0x0000000000008000
Select Item: 0x0
FW CFG Signature: 0x554D4551
Select Item: 0x1
FW CFG Revision: 0x3
QemuFwCfg interface (DMA) is supported.
Select Item: 0x19
Error: Image at 0007E817000 start failed: Not Found
Loading driver FE5CEA76-4F72-49E8-986F-2CD899DFFE5D
None of Tcg2Protocol/CcMeasurementProtocol is installed.
InstallProtocolInterface: 5B1B31A1-9562-11D2-8E3F-00A0C969723B 7E8725C0
Loading driver at 0x0007E817000 EntryPoint=0x0007E81BC92 FaultTolerantWriteDxe.efi
InstallProtocolInterface: BC62157E-3E33-4FEC-9920-2D3B36D750DF 7E872B98
ProtectUefiImageCommon - 0x7E8725C0
  - 0x000000007E817000 - 0x0000000000008000
Ftw: FtwWorkSpaceLba - 0x41, WorkBlockSize  - 0x1000, FtwWorkSpaceBase - 0x0
Ftw: FtwSpareLba     - 0x42, SpareBlockSize - 0x1000
Ftw: NumberOfWorkBlock - 0x1, FtwWorkBlockLba - 0x41
Ftw: WorkSpaceLbaInSpare - 0x0, WorkSpaceBaseInSpare - 0x0
Ftw: Remaining work space size - FE0
InstallProtocolInterface: 3EBD9E82-2C78-4DE6-9786-8D4BFCB7C881 7E86D028
NOTICE - AuthVariableLibInitialize() returns Unsupported!
Variable driver will continue to work without auth variable support!
RecordSecureBootPolicyVarData GetVariable SecureBoot Status E
InstallProtocolInterface: 6441F818-6362-4E44-B570-7DBA31DD2453 0
Loading driver F062221E-C607-44C2-B0B4-C3886331D351
None of Tcg2Protocol/CcMeasurementProtocol is installed.
InstallProtocolInterface: 5B1B31A1-9562-11D2-8E3F-00A0C969723B 7E8650C0
Loading driver at 0x0007E800000 EntryPoint=0x0007E805F74 TdTcg2Dxe.efi
InstallProtocolInterface: BC62157E-3E33-4FEC-9920-2D3B36D750DF 7E865998
ProtectUefiImageCommon - 0x7E8650C0
  - 0x000000007E800000 - 0x000000000000B000
Error: Image at 0007E800000 start failed: Unsupported
Loading driver FDFF263D-5F68-4591-87BA-B768F445A9AF
None of Tcg2Protocol/CcMeasurementProtocol is installed.
InstallProtocolInterface: 5B1B31A1-9562-11D2-8E3F-00A0C969723B 7E8650C0
Loading driver at 0x0007E5D0000 EntryPoint=0x0007E5D95F6 Tcg2Dxe.efi
InstallProtocolInterface: BC62157E-3E33-4FEC-9920-2D3B36D750DF 7E865C18
ProtectUefiImageCommon - 0x7E8650C0
  - 0x000000007E5D0000 - 0x0000000000016000
Select Item: 0x0
FW CFG Signature: 0x554D4551
Select Item: 0x1
FW CFG Revision: 0x3
QemuFwCfg interface (DMA) is supported.
WARNING: Tpm2RegisterTpm2DeviceLib - does not support 286BF25A-C2C3-408C-B3B4-25E6758B7317 registration
No TPM2 instance required!
Error: Image at 0007E5D0000 start failed: Unsupported
Loading driver 17D0EF2A-5933-4007-8950-5749169D3DC5
None of Tcg2Protocol/CcMeasurementProtocol is installed.
InstallProtocolInterface: 5B1B31A1-9562-11D2-8E3F-00A0C969723B 7E8650C0
Loading driver at 0x0007E5DA000 EntryPoint=0x0007E5DFD73 VariablePolicyDynamicCommand.efi
InstallProtocolInterface: BC62157E-3E33-4FEC-9920-2D3B36D750DF 7E865818
InstallProtocolInterface: 6A1EE763-D47A-43B4-AABE-EF1DE2AB56FC 7E5E3070
ProtectUefiImageCommon - 0x7E8650C0
  - 0x000000007E5DA000 - 0x000000000000C000
InstallProtocolInterface: 3C7200E9-005F-4EA4-87DE-A3DFAC8A27C3 7E5E2100
Loading driver 2F30DA26-F51B-4B6F-85C4-31873C281BCA
None of Tcg2Protocol/CcMeasurementProtocol is installed.
InstallProtocolInterface: 5B1B31A1-9562-11D2-8E3F-00A0C969723B 7E86CBC0
Loading driver at 0x0007E800000 EntryPoint=0x0007E805E7B LinuxInitrdDynamicShellCommand.efi
InstallProtocolInterface: BC62157E-3E33-4FEC-9920-2D3B36D750DF 7E86C798
InstallProtocolInterface: 6A1EE763-D47A-43B4-AABE-EF1DE2AB56FC 7E809070
ProtectUefiImageCommon - 0x7E86CBC0
  - 0x000000007E800000 - 0x000000000000B000
InstallProtocolInterface: 3C7200E9-005F-4EA4-87DE-A3DFAC8A27C3 7E808090
Loading driver 378D7B65-8DA9-4773-B6E4-A47826A833E1
None of Tcg2Protocol/CcMeasurementProtocol is installed.
InstallProtocolInterface: 5B1B31A1-9562-11D2-8E3F-00A0C969723B 7E869AC0
Loading driver at 0x0007F6B6000 EntryPoint=0x0007F6B95EA PcRtc.efi
InstallProtocolInterface: BC62157E-3E33-4FEC-9920-2D3B36D750DF 7E868018
ProtectUefiImageCommon - 0x7E869AC0
  - 0x000000007F6B6000 - 0x0000000000007000
InstallProtocolInterface: 27CFAC87-46CC-11D4-9A38-0090273FC14D 0
Loading driver F099D67F-71AE-4C36-B2A3-DCEB0EB2B7D8
None of Tcg2Protocol/CcMeasurementProtocol is installed.
InstallProtocolInterface: 5B1B31A1-9562-11D2-8E3F-00A0C969723B 7E868340
Loading driver at 0x0007E80C000 EntryPoint=0x0007E80DF36 WatchdogTimer.efi
InstallProtocolInterface: BC62157E-3E33-4FEC-9920-2D3B36D750DF 7E868798
ProtectUefiImageCommon - 0x7E868340
  - 0x000000007E80C000 - 0x0000000000005000
InstallProtocolInterface: 665E3FF5-46CC-11D4-9A38-0090273FC14D 7E80F010
Loading driver AD608272-D07F-4964-801E-7BD3B7888652
None of Tcg2Protocol/CcMeasurementProtocol is installed.
InstallProtocolInterface: 5B1B31A1-9562-11D2-8E3F-00A0C969723B 7E8667C0
Loading driver at 0x0007F6B2000 EntryPoint=0x0007F6B3F0B MonotonicCounterRuntimeDxe.efi
InstallProtocolInterface: BC62157E-3E33-4FEC-9920-2D3B36D750DF 7E866498
ProtectUefiImageCommon - 0x7E8667C0
  - 0x000000007F6B2000 - 0x0000000000004000
InstallProtocolInterface: 1DA97072-BDDC-4B30-99F1-72A0B56FFF2A 0
Loading driver 42857F0A-13F2-4B21-8A23-53D3F714B840
None of Tcg2Protocol/CcMeasurementProtocol is installed.
InstallProtocolInterface: 5B1B31A1-9562-11D2-8E3F-00A0C969723B 7E83D1C0
Loading driver at 0x0007F6AE000 EntryPoint=0x0007F6B017C CapsuleRuntimeDxe.efi
InstallProtocolInterface: BC62157E-3E33-4FEC-9920-2D3B36D750DF 7E83DA18
ProtectUefiImageCommon - 0x7E83D1C0
  - 0x000000007F6AE000 - 0x0000000000004000
InstallProtocolInterface: 5053697E-2CBC-4819-90D9-0580DEEE5754 0
Loading driver EBF8ED7C-0DD1-4787-84F1-F48D537DCACF
None of Tcg2Protocol/CcMeasurementProtocol is installed.
InstallProtocolInterface: 5B1B31A1-9562-11D2-8E3F-00A0C969723B 7E83CBC0
Loading driver at 0x0007E5C7000 EntryPoint=0x0007E5CBA2B DriverHealthManagerDxe.efi
InstallProtocolInterface: BC62157E-3E33-4FEC-9920-2D3B36D750DF 7E83CA98
ProtectUefiImageCommon - 0x7E83CBC0
  - 0x000000007E5C7000 - 0x0000000000009000
InstallProtocolInterface: 09576E91-6D3F-11D2-8E39-00A0C969723B 7E5CE530
InstallProtocolInterface: 330D4706-F2A0-4E4F-A369-B66FA8D54385 7E5CE500
Loading driver 6D33944A-EC75-4855-A54D-809C75241F6C
None of Tcg2Protocol/CcMeasurementProtocol is installed.
InstallProtocolInterface: 5B1B31A1-9562-11D2-8E3F-00A0C969723B 7E83B440
Loading driver at 0x0007E580000 EntryPoint=0x0007E595CF9 BdsDxe.efi
InstallProtocolInterface: BC62157E-3E33-4FEC-9920-2D3B36D750DF 7E816F18
ProtectUefiImageCommon - 0x7E83B440
  - 0x000000007E580000 - 0x0000000000023000
Select Item: 0x0
FW CFG Signature: 0x554D4551
Select Item: 0x1
FW CFG Revision: 0x3
QemuFwCfg interface (DMA) is supported.
InstallProtocolInterface: 665E3FF6-46CC-11D4-9A38-0090273FC14D 7E5A16D0
Loading driver 28A03FF4-12B3-4305-A417-BB1A4F94081E
None of Tcg2Protocol/CcMeasurementProtocol is installed.
InstallProtocolInterface: 5B1B31A1-9562-11D2-8E3F-00A0C969723B 7E8163C0
Loading driver at 0x0007E5AC000 EntryPoint=0x0007E5B38AA RamDiskDxe.efi
InstallProtocolInterface: BC62157E-3E33-4FEC-9920-2D3B36D750DF 7E815018
ProtectUefiImageCommon - 0x7E8163C0
  - 0x000000007E5AC000 - 0x000000000000D000
InstallProtocolInterface: 09576E91-6D3F-11D2-8E39-00A0C969723B 7E815C98
InstallProtocolInterface: 330D4706-F2A0-4E4F-A369-B66FA8D54385 7E5B7398
InstallProtocolInterface: 09576E91-6D3F-11D2-8E39-00A0C969723B 7E5B7430
InstallProtocolInterface: 330D4706-F2A0-4E4F-A369-B66FA8D54385 7E813F30
InstallProtocolInterface: AB38A0DF-6873-44A9-87E6-D4EB56148449 7E5B7120
InstallProtocolInterface: 28A03FF4-12B3-4305-A417-BB1A4F94081E 7E813F18
Loading driver E660EA85-058E-4B55-A54B-F02F83A24707
None of Tcg2Protocol/CcMeasurementProtocol is installed.
InstallProtocolInterface: 5B1B31A1-9562-11D2-8E3F-00A0C969723B 7E814040
Loading driver at 0x0007E553000 EntryPoint=0x0007E5623CD DisplayEngine.efi
InstallProtocolInterface: BC62157E-3E33-4FEC-9920-2D3B36D750DF 7E814898
ProtectUefiImageCommon - 0x7E814040
  - 0x000000007E553000 - 0x0000000000016000
InstallProtocolInterface: 9BBE29E9-FDA1-41EC-AD52-452213742D2E 7E5657F0
InstallProtocolInterface: 4311EDC0-6054-46D4-9E40-893EA952FCCC 7E565808
Loading driver 4110465D-5FF3-4F4B-B580-24ED0D06747A
None of Tcg2Protocol/CcMeasurementProtocol is installed.
InstallProtocolInterface: 5B1B31A1-9562-11D2-8E3F-00A0C969723B 7E5D87C0
Loading driver at 0x0007E5D0000 EntryPoint=0x0007E5D2F0E SmbiosPlatformDxe.efi
InstallProtocolInterface: BC62157E-3E33-4FEC-9920-2D3B36D750DF 7E5D8718
ProtectUefiImageCommon - 0x7E5D87C0
  - 0x000000007E5D0000 - 0x0000000000006000
Select Item: 0x0
FW CFG Signature: 0x554D4551
Select Item: 0x1
FW CFG Revision: 0x3
QemuFwCfg interface (DMA) is supported.
Select Item: 0x19
Select Item: 0x27
SmbiosAdd: Smbios type 1 with size 0x4C is added to 32-bit table
SmbiosCreateTable: Initialize 32-bit entry point structure
SmbiosCreateTable() re-allocate SMBIOS 32-bit table
SmbiosAdd: Smbios type 3 with size 0x28 is added to 32-bit table
SmbiosAdd: Smbios type 4 with size 0x42 is added to 32-bit table
SmbiosAdd: Smbios type 16 with size 0x19 is added to 32-bit table
SmbiosAdd: Smbios type 17 with size 0x35 is added to 32-bit table
SmbiosAdd: Smbios type 19 with size 0x21 is added to 32-bit table
SmbiosAdd: Smbios type 32 with size 0xD is added to 32-bit table
FirmwareVendor:            "EDK II" (6 chars)
FirmwareVersionString:     "unknown" (7 chars)
FirmwareReleaseDateString: "02/02/2022" (10 chars)
SmbiosAdd: Smbios type 0 with size 0x35 is added to 32-bit table
Loading driver 7CA1024F-EB17-11E5-9DBA-28D2447C4829
None of Tcg2Protocol/CcMeasurementProtocol is installed.
InstallProtocolInterface: 5B1B31A1-9562-11D2-8E3F-00A0C969723B 7E5C63C0
Loading driver at 0x0007E545000 EntryPoint=0x0007E54CBBC TlsAuthConfigDxe.efi
InstallProtocolInterface: BC62157E-3E33-4FEC-9920-2D3B36D750DF 7E5C6118
ProtectUefiImageCommon - 0x7E5C63C0
  - 0x000000007E545000 - 0x000000000000E000
Select Item: 0x0
FW CFG Signature: 0x554D4551
Select Item: 0x1
FW CFG Revision: 0x3
QemuFwCfg interface (DMA) is supported.
InstallProtocolInterface: 09576E91-6D3F-11D2-8E39-00A0C969723B 7E5C5B98
InstallProtocolInterface: 330D4706-F2A0-4E4F-A369-B66FA8D54385 7E5510D8
Select Item: 0x19
Select Item: 0x19
InstallProtocolInterface: 09576E91-6D3F-11D2-8E39-00A0C969723B 7E5511D0
InstallProtocolInterface: 330D4706-F2A0-4E4F-A369-B66FA8D54385 7E5C3EB0
InstallProtocolInterface: 7CA1024F-EB17-11E5-9DBA-28D2447C4829 7E5C3E98
Loading driver D9DCC5DF-4007-435E-9098-8970935504B2
None of Tcg2Protocol/CcMeasurementProtocol is installed.
InstallProtocolInterface: 5B1B31A1-9562-11D2-8E3F-00A0C969723B 7E5B9040
Loading driver at 0x0007E5A4000 EntryPoint=0x0007E5A86B5 PlatformDxe.efi
InstallProtocolInterface: BC62157E-3E33-4FEC-9920-2D3B36D750DF 7E5C3998
ProtectUefiImageCommon - 0x7E5B9040
  - 0x000000007E5A4000 - 0x0000000000008000
InstallProtocolInterface: 09576E91-6D3F-11D2-8E39-00A0C969723B 7E5AB560
InstallProtocolInterface: 330D4706-F2A0-4E4F-A369-B66FA8D54385 7E5AB640
Loading driver D27FED59-ABB4-4FED-BEAD-2A878C7E4A7E
None of Tcg2Protocol/CcMeasurementProtocol is installed.
InstallProtocolInterface: 5B1B31A1-9562-11D2-8E3F-00A0C969723B 7E5B93C0
Loading driver at 0x0007E57A000 EntryPoint=0x0007E57CADB SmbiosMeasurementDxe.efi
InstallProtocolInterface: BC62157E-3E33-4FEC-9920-2D3B36D750DF 7E5B9798
ProtectUefiImageCommon - 0x7E5B93C0
  - 0x000000007E57A000 - 0x0000000000006000
The Smbios Table Version: 2.8
Loading driver 93B80004-9FB3-11D4-9A3A-0090273FC14D
None of Tcg2Protocol/CcMeasurementProtocol is installed.
InstallProtocolInterface: 5B1B31A1-9562-11D2-8E3F-00A0C969723B 7E5C1040
Loading driver at 0x0007E520000 EntryPoint=0x0007E52CC74 PciBusDxe.efi
InstallProtocolInterface: BC62157E-3E33-4FEC-9920-2D3B36D750DF 7E5C2398
ProtectUefiImageCommon - 0x7E5C1040
  - 0x000000007E520000 - 0x0000000000012000
InstallProtocolInterface: 18A031AB-B443-4D1A-A5C0-0C09261E9F71 7E530160
InstallProtocolInterface: 107A772C-D5E1-11D4-9A46-0090273FC14D 7E530040
InstallProtocolInterface: 6A7A5CFF-E8D9-4F70-BADA-75AB3025CE14 7E530310
InstallProtocolInterface: 19CB87AB-2CB9-4665-8360-DDCF6054F79D 7E5302F0
Loading driver 83DD3B39-7CAF-4FAC-A542-E050B767E3A7
None of Tcg2Protocol/CcMeasurementProtocol is installed.
InstallProtocolInterface: 5B1B31A1-9562-11D2-8E3F-00A0C969723B 7E5C14C0
Loading driver at 0x0007E574000 EntryPoint=0x0007E576B91 VirtioPciDeviceDxe.efi
InstallProtocolInterface: BC62157E-3E33-4FEC-9920-2D3B36D750DF 7E5C1798
ProtectUefiImageCommon - 0x7E5C14C0
  - 0x000000007E574000 - 0x0000000000006000
InstallProtocolInterface: 18A031AB-B443-4D1A-A5C0-0C09261E9F71 7E578060
InstallProtocolInterface: 107A772C-D5E1-11D4-9A46-0090273FC14D 7E5780C0
InstallProtocolInterface: 6A7A5CFF-E8D9-4F70-BADA-75AB3025CE14 7E578040
Loading driver 0170F60C-1D40-4651-956D-F0BD9879D527
None of Tcg2Protocol/CcMeasurementProtocol is installed.
InstallProtocolInterface: 5B1B31A1-9562-11D2-8E3F-00A0C969723B 7E5A30C0
Loading driver at 0x0007E53D000 EntryPoint=0x0007E5412DD Virtio10.efi
InstallProtocolInterface: BC62157E-3E33-4FEC-9920-2D3B36D750DF 7E5A3318
ProtectUefiImageCommon - 0x7E5A30C0
  - 0x000000007E53D000 - 0x0000000000008000
InstallProtocolInterface: 18A031AB-B443-4D1A-A5C0-0C09261E9F71 7E543060
InstallProtocolInterface: 107A772C-D5E1-11D4-9A46-0090273FC14D 7E5430C0
InstallProtocolInterface: 6A7A5CFF-E8D9-4F70-BADA-75AB3025CE14 7E543040
Loading driver 11D92DFB-3CA9-4F93-BA2E-4780ED3E03B5
None of Tcg2Protocol/CcMeasurementProtocol is installed.
InstallProtocolInterface: 5B1B31A1-9562-11D2-8E3F-00A0C969723B 7E5C0040
Loading driver at 0x0007E536000 EntryPoint=0x0007E539190 VirtioBlkDxe.efi
InstallProtocolInterface: BC62157E-3E33-4FEC-9920-2D3B36D750DF 7E5C0D98
ProtectUefiImageCommon - 0x7E5C0040
  - 0x000000007E536000 - 0x0000000000007000
InstallProtocolInterface: 18A031AB-B443-4D1A-A5C0-0C09261E9F71 7E53B060
InstallProtocolInterface: 107A772C-D5E1-11D4-9A46-0090273FC14D 7E53B0C0
InstallProtocolInterface: 6A7A5CFF-E8D9-4F70-BADA-75AB3025CE14 7E53B040
Loading driver FAB5D4F4-83C0-4AAF-8480-442D11DF6CEA
None of Tcg2Protocol/CcMeasurementProtocol is installed.
InstallProtocolInterface: 5B1B31A1-9562-11D2-8E3F-00A0C969723B 7E5C03C0
Loading driver at 0x0007E519000 EntryPoint=0x0007E51C68B VirtioScsiDxe.efi
InstallProtocolInterface: BC62157E-3E33-4FEC-9920-2D3B36D750DF 7E5C0798
ProtectUefiImageCommon - 0x7E5C03C0
  - 0x000000007E519000 - 0x0000000000007000
InstallProtocolInterface: 18A031AB-B443-4D1A-A5C0-0C09261E9F71 7E51E060
InstallProtocolInterface: 107A772C-D5E1-11D4-9A46-0090273FC14D 7E51E0C0
InstallProtocolInterface: 6A7A5CFF-E8D9-4F70-BADA-75AB3025CE14 7E51E040
Loading driver 23CACE14-EBA4-49F6-9681-C697FF0B649E
None of Tcg2Protocol/CcMeasurementProtocol is installed.
InstallProtocolInterface: 5B1B31A1-9562-11D2-8E3F-00A0C969723B 7E5BF0C0
Loading driver at 0x0007E511000 EntryPoint=0x0007E515188 VirtioSerialDxe.efi
InstallProtocolInterface: BC62157E-3E33-4FEC-9920-2D3B36D750DF 7E5BFA98
ProtectUefiImageCommon - 0x7E5BF0C0
  - 0x000000007E511000 - 0x0000000000008000
InstallProtocolInterface: 18A031AB-B443-4D1A-A5C0-0C09261E9F71 7E517080
InstallProtocolInterface: 107A772C-D5E1-11D4-9A46-0090273FC14D 7E517120
InstallProtocolInterface: 6A7A5CFF-E8D9-4F70-BADA-75AB3025CE14 7E517050
Loading driver F141B1E5-9C7C-44CC-AFAA-E87D7689B113
None of Tcg2Protocol/CcMeasurementProtocol is installed.
InstallProtocolInterface: 5B1B31A1-9562-11D2-8E3F-00A0C969723B 7E5BE040
Loading driver at 0x0007E50A000 EntryPoint=0x0007E50D7EF VirtioKeyboardDxe.efi
InstallProtocolInterface: BC62157E-3E33-4FEC-9920-2D3B36D750DF 7E5BEF18
ProtectUefiImageCommon - 0x7E5BE040
  - 0x000000007E50A000 - 0x0000000000007000
Virtio keyboard has been loaded.......................
InstallProtocolInterface: 18A031AB-B443-4D1A-A5C0-0C09261E9F71 7E50F060
InstallProtocolInterface: 107A772C-D5E1-11D4-9A46-0090273FC14D 7E50F0E0
InstallProtocolInterface: 6A7A5CFF-E8D9-4F70-BADA-75AB3025CE14 7E50F040
Loading driver 51CCF399-4FDF-4E55-A45B-E123F84D456A
None of Tcg2Protocol/CcMeasurementProtocol is installed.
InstallProtocolInterface: 5B1B31A1-9562-11D2-8E3F-00A0C969723B 7E5BE3C0
Loading driver at 0x0007E503000 EntryPoint=0x0007E50664A ConPlatformDxe.efi
InstallProtocolInterface: BC62157E-3E33-4FEC-9920-2D3B36D750DF 7E5BE718
ProtectUefiImageCommon - 0x7E5BE3C0
  - 0x000000007E503000 - 0x0000000000007000
InstallProtocolInterface: 18A031AB-B443-4D1A-A5C0-0C09261E9F71 7E508120
InstallProtocolInterface: 107A772C-D5E1-11D4-9A46-0090273FC14D 7E508220
InstallProtocolInterface: 6A7A5CFF-E8D9-4F70-BADA-75AB3025CE14 7E5080F0
InstallProtocolInterface: 18A031AB-B443-4D1A-A5C0-0C09261E9F71 7E5080C0
InstallProtocolInterface: 107A772C-D5E1-11D4-9A46-0090273FC14D 7E508220
InstallProtocolInterface: 6A7A5CFF-E8D9-4F70-BADA-75AB3025CE14 7E5080F0
Loading driver 408EDCEC-CF6D-477C-A5A8-B4844E3DE281
None of Tcg2Protocol/CcMeasurementProtocol is installed.
InstallProtocolInterface: 5B1B31A1-9562-11D2-8E3F-00A0C969723B 7E5BD140
Loading driver at 0x0007E4F9000 EntryPoint=0x0007E4FEF1A ConSplitterDxe.efi
InstallProtocolInterface: BC62157E-3E33-4FEC-9920-2D3B36D750DF 7E5BD918
ProtectUefiImageCommon - 0x7E5BD140
  - 0x000000007E4F9000 - 0x000000000000A000
InstallProtocolInterface: 18A031AB-B443-4D1A-A5C0-0C09261E9F71 7E501700
InstallProtocolInterface: 107A772C-D5E1-11D4-9A46-0090273FC14D 7E5017E0
InstallProtocolInterface: 6A7A5CFF-E8D9-4F70-BADA-75AB3025CE14 7E5010A0
InstallProtocolInterface: 18A031AB-B443-4D1A-A5C0-0C09261E9F71 7E501680
InstallProtocolInterface: 107A772C-D5E1-11D4-9A46-0090273FC14D 7E5017C0
InstallProtocolInterface: 6A7A5CFF-E8D9-4F70-BADA-75AB3025CE14 7E501080
InstallProtocolInterface: 18A031AB-B443-4D1A-A5C0-0C09261E9F71 7E501600
InstallProtocolInterface: 107A772C-D5E1-11D4-9A46-0090273FC14D 7E5017A0
InstallProtocolInterface: 6A7A5CFF-E8D9-4F70-BADA-75AB3025CE14 7E501060
InstallProtocolInterface: 18A031AB-B443-4D1A-A5C0-0C09261E9F71 7E501580
InstallProtocolInterface: 107A772C-D5E1-11D4-9A46-0090273FC14D 7E501780
InstallProtocolInterface: 6A7A5CFF-E8D9-4F70-BADA-75AB3025CE14 7E501040
InstallProtocolInterface: 18A031AB-B443-4D1A-A5C0-0C09261E9F71 7E501500
InstallProtocolInterface: 107A772C-D5E1-11D4-9A46-0090273FC14D 7E501760
InstallProtocolInterface: 6A7A5CFF-E8D9-4F70-BADA-75AB3025CE14 7E501020
InstallProtocolInterface: 387477C1-69C7-11D2-8E39-00A0C969723B 7E501330
InstallProtocolInterface: DD9E7534-7762-4698-8C14-F58517A625AA 7E501360
InstallProtocolInterface: 31878C87-0B75-11D5-9A4F-0090273FC14D 7E5013D0
InstallProtocolInterface: 8D59D32B-C655-4AE9-9B15-F25904992A43 7E501428
InstallProtocolInterface: 387477C2-69C7-11D2-8E39-00A0C969723B 7E501230
InstallProtocolInterface: 387477C2-69C7-11D2-8E39-00A0C969723B 7E501150
Loading driver CCCB0C28-4B24-11D5-9A5A-0090273FC14D
None of Tcg2Protocol/CcMeasurementProtocol is installed.
InstallProtocolInterface: 5B1B31A1-9562-11D2-8E3F-00A0C969723B 7E5730C0
Loading driver at 0x0007E4F1000 EntryPoint=0x0007E4F4A2D GraphicsConsoleDxe.efi
InstallProtocolInterface: BC62157E-3E33-4FEC-9920-2D3B36D750DF 7E573A98
ProtectUefiImageCommon - 0x7E5730C0
  - 0x000000007E4F1000 - 0x0000000000008000
InstallProtocolInterface: 18A031AB-B443-4D1A-A5C0-0C09261E9F71 7E4F60A0
InstallProtocolInterface: 107A772C-D5E1-11D4-9A46-0090273FC14D 7E4F7840
InstallProtocolInterface: 6A7A5CFF-E8D9-4F70-BADA-75AB3025CE14 7E4F6070
Loading driver 9E863906-A40F-4875-977F-5B93FF237FC6
None of Tcg2Protocol/CcMeasurementProtocol is installed.
InstallProtocolInterface: 5B1B31A1-9562-11D2-8E3F-00A0C969723B 7E572C40
Loading driver at 0x0007E4DA000 EntryPoint=0x0007E4E0A1A TerminalDxe.efi
InstallProtocolInterface: BC62157E-3E33-4FEC-9920-2D3B36D750DF 7E572A98
ProtectUefiImageCommon - 0x7E572C40
  - 0x000000007E4DA000 - 0x000000000000B000
InstallProtocolInterface: 18A031AB-B443-4D1A-A5C0-0C09261E9F71 7E4E35A0
InstallProtocolInterface: 107A772C-D5E1-11D4-9A46-0090273FC14D 7E4E3600
InstallProtocolInterface: 6A7A5CFF-E8D9-4F70-BADA-75AB3025CE14 7E4E3310
Loading driver 806040CA-DAD9-4978-A3B4-2D2AB0C8A48F
None of Tcg2Protocol/CcMeasurementProtocol is installed.
InstallProtocolInterface: 5B1B31A1-9562-11D2-8E3F-00A0C969723B 7E571040
Loading driver at 0x0007E4D2000 EntryPoint=0x0007E4D5A66 QemuKernelLoaderFsDxe.efi
InstallProtocolInterface: BC62157E-3E33-4FEC-9920-2D3B36D750DF 7E572598
ProtectUefiImageCommon - 0x7E571040
  - 0x000000007E4D2000 - 0x0000000000008000
Select Item: 0x0
FW CFG Signature: 0x554D4551
Select Item: 0x1
FW CFG Revision: 0x3
QemuFwCfg interface (DMA) is supported.
QemuKernelLoaderFsDxeEntrypoint: igvm blobs
QemuKernelLoaderFsDxeEntrypoint: named blobs (etc/boot/*)
Select Item: 0x19
QemuKernelLoaderFsDxeEntrypoint: traditional blobs
Select Item: 0x17
Select Item: 0x8
Select Item: 0xB
Select Item: 0x14
QemuKernelLoaderFsDxeEntrypoint: no kernel and no named blobs present -> quit
Error: Image at 0007E4D2000 start failed: Not Found
Loading driver 6B38F7B4-AD98-40E9-9093-ACA2B5A253C4
None of Tcg2Protocol/CcMeasurementProtocol is installed.
InstallProtocolInterface: 5B1B31A1-9562-11D2-8E3F-00A0C969723B 7E571040
Loading driver at 0x0007E4D2000 EntryPoint=0x0007E4D5DA0 DiskIoDxe.efi
InstallProtocolInterface: BC62157E-3E33-4FEC-9920-2D3B36D750DF 7E571398
ProtectUefiImageCommon - 0x7E571040
  - 0x000000007E4D2000 - 0x0000000000008000
InstallProtocolInterface: 18A031AB-B443-4D1A-A5C0-0C09261E9F71 7E4D8060
InstallProtocolInterface: 107A772C-D5E1-11D4-9A46-0090273FC14D 7E4D8180
InstallProtocolInterface: 6A7A5CFF-E8D9-4F70-BADA-75AB3025CE14 7E4D8040
Loading driver 1FA1F39E-FEFF-4AAE-BD7B-38A070A3B609
None of Tcg2Protocol/CcMeasurementProtocol is installed.
InstallProtocolInterface: 5B1B31A1-9562-11D2-8E3F-00A0C969723B 7E571AC0
Loading driver at 0x0007E4C9000 EntryPoint=0x0007E4CE9DD PartitionDxe.efi
InstallProtocolInterface: BC62157E-3E33-4FEC-9920-2D3B36D750DF 7E571798
ProtectUefiImageCommon - 0x7E571AC0
  - 0x000000007E4C9000 - 0x0000000000009000
InstallProtocolInterface: 18A031AB-B443-4D1A-A5C0-0C09261E9F71 7E4D0060
InstallProtocolInterface: 107A772C-D5E1-11D4-9A46-0090273FC14D 7E4D0160
InstallProtocolInterface: 6A7A5CFF-E8D9-4F70-BADA-75AB3025CE14 7E4D0040
Loading driver CD3BAFB6-50FB-4FE8-8E4E-AB74D2C1A600
None of Tcg2Protocol/CcMeasurementProtocol is installed.
InstallProtocolInterface: 5B1B31A1-9562-11D2-8E3F-00A0C969723B 7E5701C0
Loading driver at 0x0007E4E6000 EntryPoint=0x0007E4E8107 EnglishDxe.efi
InstallProtocolInterface: BC62157E-3E33-4FEC-9920-2D3B36D750DF 7E570E98
ProtectUefiImageCommon - 0x7E5701C0
  - 0x000000007E4E6000 - 0x0000000000005000
InstallProtocolInterface: A4C751FC-23AE-4C3E-92E9-4964CF63F349 7E4E9000
Loading driver 0167CCC4-D0F7-4F21-A3EF-9E64B7CDCE8B
None of Tcg2Protocol/CcMeasurementProtocol is installed.
InstallProtocolInterface: 5B1B31A1-9562-11D2-8E3F-00A0C969723B 7E56F040
Loading driver at 0x0007E4BA000 EntryPoint=0x0007E4BD5B1 ScsiBus.efi
InstallProtocolInterface: BC62157E-3E33-4FEC-9920-2D3B36D750DF 7E570618
ProtectUefiImageCommon - 0x7E56F040
  - 0x000000007E4BA000 - 0x0000000000007000
InstallProtocolInterface: 18A031AB-B443-4D1A-A5C0-0C09261E9F71 7E4BF080
InstallProtocolInterface: 107A772C-D5E1-11D4-9A46-0090273FC14D 7E4BF120
InstallProtocolInterface: 6A7A5CFF-E8D9-4F70-BADA-75AB3025CE14 7E4BF060
Loading driver 0A66E322-3740-4CCE-AD62-BD172CECCA35
None of Tcg2Protocol/CcMeasurementProtocol is installed.
InstallProtocolInterface: 5B1B31A1-9562-11D2-8E3F-00A0C969723B 7E56F440
Loading driver at 0x0007E49F000 EntryPoint=0x0007E4A82C0 ScsiDisk.efi
InstallProtocolInterface: BC62157E-3E33-4FEC-9920-2D3B36D750DF 7E56F918
ProtectUefiImageCommon - 0x7E56F440
  - 0x000000007E49F000 - 0x000000000000D000
InstallProtocolInterface: 18A031AB-B443-4D1A-A5C0-0C09261E9F71 7E4AA160
InstallProtocolInterface: 107A772C-D5E1-11D4-9A46-0090273FC14D 7E4AA1C0
InstallProtocolInterface: 6A7A5CFF-E8D9-4F70-BADA-75AB3025CE14 7E4AA0E0
Loading driver 820C59BB-274C-43B2-83EA-DAC673035A59
None of Tcg2Protocol/CcMeasurementProtocol is installed.
InstallProtocolInterface: 5B1B31A1-9562-11D2-8E3F-00A0C969723B 7E56C840
Loading driver at 0x0007E4EB000 EntryPoint=0x0007E4EDED5 SataController.efi
InstallProtocolInterface: BC62157E-3E33-4FEC-9920-2D3B36D750DF 7E56C198
ProtectUefiImageCommon - 0x7E56C840
  - 0x000000007E4EB000 - 0x0000000000006000
InstallProtocolInterface: 18A031AB-B443-4D1A-A5C0-0C09261E9F71 7E4EF0C0
InstallProtocolInterface: 107A772C-D5E1-11D4-9A46-0090273FC14D 7E4EF120
InstallProtocolInterface: 6A7A5CFF-E8D9-4F70-BADA-75AB3025CE14 7E4EF040
Loading driver 5E523CB4-D397-4986-87BD-A6DD8B22F455
None of Tcg2Protocol/CcMeasurementProtocol is installed.
InstallProtocolInterface: 5B1B31A1-9562-11D2-8E3F-00A0C969723B 7E56B040
Loading driver at 0x0007E4AC000 EntryPoint=0x0007E4B59B2 AtaAtapiPassThruDxe.efi
InstallProtocolInterface: BC62157E-3E33-4FEC-9920-2D3B36D750DF 7E56BD18
ProtectUefiImageCommon - 0x7E56B040
  - 0x000000007E4AC000 - 0x000000000000E000
InstallProtocolInterface: 18A031AB-B443-4D1A-A5C0-0C09261E9F71 7E4B8100
InstallProtocolInterface: 107A772C-D5E1-11D4-9A46-0090273FC14D 7E4B8160
InstallProtocolInterface: 6A7A5CFF-E8D9-4F70-BADA-75AB3025CE14 7E4B8080
Loading driver 19DF145A-B1D4-453F-8507-38816676D7F6
None of Tcg2Protocol/CcMeasurementProtocol is installed.
InstallProtocolInterface: 5B1B31A1-9562-11D2-8E3F-00A0C969723B 7E56B440
Loading driver at 0x0007E48C000 EntryPoint=0x0007E49149C AtaBusDxe.efi
InstallProtocolInterface: BC62157E-3E33-4FEC-9920-2D3B36D750DF 7E56BA18
ProtectUefiImageCommon - 0x7E56B440
  - 0x000000007E48C000 - 0x0000000000009000
InstallProtocolInterface: 18A031AB-B443-4D1A-A5C0-0C09261E9F71 7E4930C0
InstallProtocolInterface: 107A772C-D5E1-11D4-9A46-0090273FC14D 7E4931B0
InstallProtocolInterface: 6A7A5CFF-E8D9-4F70-BADA-75AB3025CE14 7E493190
Loading driver 5BE3BDF4-53CF-46A3-A6A9-73C34A6E5EE3
None of Tcg2Protocol/CcMeasurementProtocol is installed.
InstallProtocolInterface: 5B1B31A1-9562-11D2-8E3F-00A0C969723B 7E56A1C0
Loading driver at 0x0007E471000 EntryPoint=0x0007E479AF5 NvmExpressDxe.efi
InstallProtocolInterface: BC62157E-3E33-4FEC-9920-2D3B36D750DF 7E56AB98
ProtectUefiImageCommon - 0x7E56A1C0
  - 0x000000007E471000 - 0x000000000000D000
InstallProtocolInterface: 18A031AB-B443-4D1A-A5C0-0C09261E9F71 7E47C1E0
InstallProtocolInterface: 107A772C-D5E1-11D4-9A46-0090273FC14D 7E47C240
InstallProtocolInterface: 6A7A5CFF-E8D9-4F70-BADA-75AB3025CE14 7E47C110
InstallProtocolInterface: 5C198761-16A8-4E69-972C-89D67954F81D 7E47C060
Loading driver 864E1CA8-85EB-4D63-9DCC-6E0FC90FFD55
None of Tcg2Protocol/CcMeasurementProtocol is installed.
InstallProtocolInterface: 5B1B31A1-9562-11D2-8E3F-00A0C969723B 7E569BC0
Loading driver at 0x0007E499000 EntryPoint=0x0007E49BCDB SioBusDxe.efi
InstallProtocolInterface: BC62157E-3E33-4FEC-9920-2D3B36D750DF 7E569B18
ProtectUefiImageCommon - 0x7E569BC0
  - 0x000000007E499000 - 0x0000000000006000
InstallProtocolInterface: 18A031AB-B443-4D1A-A5C0-0C09261E9F71 7E49D0A0
InstallProtocolInterface: 107A772C-D5E1-11D4-9A46-0090273FC14D 7E49D1C0
InstallProtocolInterface: 6A7A5CFF-E8D9-4F70-BADA-75AB3025CE14 7E49D080
Loading driver E2775B47-D453-4EE3-ADA7-391A1B05AC17
None of Tcg2Protocol/CcMeasurementProtocol is installed.
InstallProtocolInterface: 5B1B31A1-9562-11D2-8E3F-00A0C969723B 7E5692C0
Loading driver at 0x0007E468000 EntryPoint=0x0007E46D5E4 PciSioSerialDxe.efi
InstallProtocolInterface: BC62157E-3E33-4FEC-9920-2D3B36D750DF 7E569618
ProtectUefiImageCommon - 0x7E5692C0
  - 0x000000007E468000 - 0x0000000000009000
InstallProtocolInterface: 18A031AB-B443-4D1A-A5C0-0C09261E9F71 7E46F200
InstallProtocolInterface: 107A772C-D5E1-11D4-9A46-0090273FC14D 7E46F260
InstallProtocolInterface: 6A7A5CFF-E8D9-4F70-BADA-75AB3025CE14 7E46F070
Loading driver C4D1F932-821F-4744-BF06-6D30F7730F8D
None of Tcg2Protocol/CcMeasurementProtocol is installed.
InstallProtocolInterface: 5B1B31A1-9562-11D2-8E3F-00A0C969723B 7E535840
Loading driver at 0x0007E45F000 EntryPoint=0x0007E463D94 Ps2KeyboardDxe.efi
InstallProtocolInterface: BC62157E-3E33-4FEC-9920-2D3B36D750DF 7E535198
ProtectUefiImageCommon - 0x7E535840
  - 0x000000007E45F000 - 0x0000000000009000
InstallProtocolInterface: 18A031AB-B443-4D1A-A5C0-0C09261E9F71 7E466120
InstallProtocolInterface: 107A772C-D5E1-11D4-9A46-0090273FC14D 7E466180
InstallProtocolInterface: 6A7A5CFF-E8D9-4F70-BADA-75AB3025CE14 7E4660B0
Loading driver B8E62775-BB0A-43F0-A843-5BE8B14F8CCD
None of Tcg2Protocol/CcMeasurementProtocol is installed.
InstallProtocolInterface: 5B1B31A1-9562-11D2-8E3F-00A0C969723B 7E534040
Loading driver at 0x0007E486000 EntryPoint=0x0007E4884A7 BootGraphicsResourceTableDxe.efi
InstallProtocolInterface: BC62157E-3E33-4FEC-9920-2D3B36D750DF 7E534E98
ProtectUefiImageCommon - 0x7E534040
  - 0x000000007E486000 - 0x0000000000006000
InstallProtocolInterface: CDEA2BD3-FC25-4C1C-B97C-B31186064990 7E48A030
InstallProtocolInterface: 4B5DC1DF-1EAA-48B2-A7E9-EAC489A00B5C 7E48A0B0
Loading driver 961578FE-B6B7-44C3-AF35-6BC705CD2B1F
None of Tcg2Protocol/CcMeasurementProtocol is installed.
InstallProtocolInterface: 5B1B31A1-9562-11D2-8E3F-00A0C969723B 7E533040
Loading driver at 0x0007E444000 EntryPoint=0x0007E44CED8 Fat.efi
InstallProtocolInterface: BC62157E-3E33-4FEC-9920-2D3B36D750DF 7E534C18
ProtectUefiImageCommon - 0x7E533040
  - 0x000000007E444000 - 0x000000000000D000
InstallProtocolInterface: 18A031AB-B443-4D1A-A5C0-0C09261E9F71 7E44F1E0
InstallProtocolInterface: 107A772C-D5E1-11D4-9A46-0090273FC14D 7E44F240
InstallProtocolInterface: 6A7A5CFF-E8D9-4F70-BADA-75AB3025CE14 7E44F010
Loading driver 905F13B0-8F91-4B0A-BD76-E1E78F9422E4
None of Tcg2Protocol/CcMeasurementProtocol is installed.
InstallProtocolInterface: 5B1B31A1-9562-11D2-8E3F-00A0C969723B 7E5334C0
Loading driver at 0x0007E43B000 EntryPoint=0x0007E440A53 UdfDxe.efi
InstallProtocolInterface: BC62157E-3E33-4FEC-9920-2D3B36D750DF 7E533E98
ProtectUefiImageCommon - 0x7E5334C0
  - 0x000000007E43B000 - 0x0000000000009000
InstallProtocolInterface: 18A031AB-B443-4D1A-A5C0-0C09261E9F71 7E442060
InstallProtocolInterface: 107A772C-D5E1-11D4-9A46-0090273FC14D 7E4421C0
InstallProtocolInterface: 6A7A5CFF-E8D9-4F70-BADA-75AB3025CE14 7E442040
Loading driver 7BD9DDF7-8B83-488E-AEC9-24C78610289C
None of Tcg2Protocol/CcMeasurementProtocol is installed.
InstallProtocolInterface: 5B1B31A1-9562-11D2-8E3F-00A0C969723B 7E5320C0
Loading driver at 0x0007E430000 EntryPoint=0x0007E4380E2 VirtioFsDxe.efi
InstallProtocolInterface: BC62157E-3E33-4FEC-9920-2D3B36D750DF 7E532A18
ProtectUefiImageCommon - 0x7E5320C0
  - 0x000000007E430000 - 0x000000000000B000
InstallProtocolInterface: 18A031AB-B443-4D1A-A5C0-0C09261E9F71 7E43A0A0
InstallProtocolInterface: 6A7A5CFF-E8D9-4F70-BADA-75AB3025CE14 7E43A080
Loading driver 63E3BDCF-2AC7-4AC0-9B92-03A7541422FF
None of Tcg2Protocol/CcMeasurementProtocol is installed.
InstallProtocolInterface: 5B1B31A1-9562-11D2-8E3F-00A0C969723B 7E4E5040
Loading driver at 0x0007E47F000 EntryPoint=0x0007E4828C1 Hash2DxeCrypto.efi
InstallProtocolInterface: BC62157E-3E33-4FEC-9920-2D3B36D750DF 7E532498
ProtectUefiImageCommon - 0x7E4E5040
  - 0x000000007E47F000 - 0x0000000000007000
InstallProtocolInterface: DA836F8D-217F-4CA0-99C2-1CA4E16077EA 7E4E5F28
Loading driver 3ACEB0C0-3C72-11E4-9A56-74D435052646
None of Tcg2Protocol/CcMeasurementProtocol is installed.
InstallProtocolInterface: 5B1B31A1-9562-11D2-8E3F-00A0C969723B 7E4E54C0
Loading driver at 0x0007E193000 EntryPoint=0x0007E24E98D TlsDxe.efi
InstallProtocolInterface: BC62157E-3E33-4FEC-9920-2D3B36D750DF 7E4E5E18
ProtectUefiImageCommon - 0x7E4E54C0
  - 0x000000007E193000 - 0x000000000014E000
InstallProtocolInterface: 952CB795-FF36-48CF-A249-4DF486D6AB8D 7E4E5A20
Loading driver A92CDB4B-82F1-4E0B-A516-8A655D371524
None of Tcg2Protocol/CcMeasurementProtocol is installed.
InstallProtocolInterface: 5B1B31A1-9562-11D2-8E3F-00A0C969723B 7E406640
Loading driver at 0x0007E3F3000 EntryPoint=0x0007E3F84B8 VirtioNetDxe.efi
InstallProtocolInterface: BC62157E-3E33-4FEC-9920-2D3B36D750DF 7E406E98
ProtectUefiImageCommon - 0x7E406640
  - 0x000000007E3F3000 - 0x0000000000009000
Select Item: 0x0
FW CFG Signature: 0x554D4551
Select Item: 0x1
FW CFG Revision: 0x3
QemuFwCfg interface (DMA) is supported.
Select Item: 0x19
EntryPointFwCfgOverride: opt/org.tianocore/VirtioNetSupport = enabled (default)
InstallProtocolInterface: 18A031AB-B443-4D1A-A5C0-0C09261E9F71 7E3FA180
InstallProtocolInterface: 107A772C-D5E1-11D4-9A46-0090273FC14D 7E3FA1E0
InstallProtocolInterface: 6A7A5CFF-E8D9-4F70-BADA-75AB3025CE14 7E3FA0E0
Loading driver 2FB92EFA-2EE0-4BAE-9EB6-7464125E1EF7
None of Tcg2Protocol/CcMeasurementProtocol is installed.
InstallProtocolInterface: 5B1B31A1-9562-11D2-8E3F-00A0C969723B 7E3F2240
Loading driver at 0x0007E3FC000 EntryPoint=0x0007E40212E UhciDxe.efi
InstallProtocolInterface: BC62157E-3E33-4FEC-9920-2D3B36D750DF 7E3F2918
ProtectUefiImageCommon - 0x7E3F2240
  - 0x000000007E3FC000 - 0x000000000000A000
InstallProtocolInterface: 18A031AB-B443-4D1A-A5C0-0C09261E9F71 7E404080
InstallProtocolInterface: 107A772C-D5E1-11D4-9A46-0090273FC14D 7E404100
InstallProtocolInterface: 6A7A5CFF-E8D9-4F70-BADA-75AB3025CE14 7E4040E0
Loading driver BDFE430E-8F2A-4DB0-9991-6F856594777E
None of Tcg2Protocol/CcMeasurementProtocol is installed.
InstallProtocolInterface: 5B1B31A1-9562-11D2-8E3F-00A0C969723B 7E3F1CC0
Loading driver at 0x0007E3D8000 EntryPoint=0x0007E3DF2B8 EhciDxe.efi
InstallProtocolInterface: BC62157E-3E33-4FEC-9920-2D3B36D750DF 7E3F1118
ProtectUefiImageCommon - 0x7E3F1CC0
  - 0x000000007E3D8000 - 0x000000000000C000
InstallProtocolInterface: 18A031AB-B443-4D1A-A5C0-0C09261E9F71 7E3E20E0
InstallProtocolInterface: 107A772C-D5E1-11D4-9A46-0090273FC14D 7E3E2140
InstallProtocolInterface: 6A7A5CFF-E8D9-4F70-BADA-75AB3025CE14 7E3E2070
Loading driver B7F50E91-A759-412C-ADE4-DCD03E7F7C28
None of Tcg2Protocol/CcMeasurementProtocol is installed.
InstallProtocolInterface: 5B1B31A1-9562-11D2-8E3F-00A0C969723B 7E3F1540
Loading driver at 0x0007E3B5000 EntryPoint=0x0007E3BB135 XhciDxe.efi
InstallProtocolInterface: BC62157E-3E33-4FEC-9920-2D3B36D750DF 7E3F1A98
ProtectUefiImageCommon - 0x7E3F1540
  - 0x000000007E3B5000 - 0x0000000000011000
InstallProtocolInterface: 18A031AB-B443-4D1A-A5C0-0C09261E9F71 7E3C40A0
InstallProtocolInterface: 107A772C-D5E1-11D4-9A46-0090273FC14D 7E3C41A0
InstallProtocolInterface: 6A7A5CFF-E8D9-4F70-BADA-75AB3025CE14 7E3C4180
Loading driver 240612B7-A063-11D4-9A3A-0090273FC14D
None of Tcg2Protocol/CcMeasurementProtocol is installed.
InstallProtocolInterface: 5B1B31A1-9562-11D2-8E3F-00A0C969723B 7E3F0140
Loading driver at 0x0007E3E4000 EntryPoint=0x0007E3EB448 UsbBusDxe.efi
InstallProtocolInterface: BC62157E-3E33-4FEC-9920-2D3B36D750DF 7E3F0398
ProtectUefiImageCommon - 0x7E3F0140
  - 0x000000007E3E4000 - 0x000000000000C000
InstallProtocolInterface: 18A031AB-B443-4D1A-A5C0-0C09261E9F71 7E3EE140
InstallProtocolInterface: 107A772C-D5E1-11D4-9A46-0090273FC14D 7E3EE0C0
InstallProtocolInterface: 6A7A5CFF-E8D9-4F70-BADA-75AB3025CE14 7E3EE060
Loading driver 2D2E62CF-9ECF-43B7-8219-94E7FC713DFE
None of Tcg2Protocol/CcMeasurementProtocol is installed.
InstallProtocolInterface: 5B1B31A1-9562-11D2-8E3F-00A0C969723B 7E3D70C0
Loading driver at 0x0007E3AC000 EntryPoint=0x0007E3B103D UsbKbDxe.efi
InstallProtocolInterface: BC62157E-3E33-4FEC-9920-2D3B36D750DF 7E3F0598
ProtectUefiImageCommon - 0x7E3D70C0
  - 0x000000007E3AC000 - 0x0000000000009000
InstallProtocolInterface: 18A031AB-B443-4D1A-A5C0-0C09261E9F71 7E3B30A0
InstallProtocolInterface: 107A772C-D5E1-11D4-9A46-0090273FC14D 7E3B3860
InstallProtocolInterface: 6A7A5CFF-E8D9-4F70-BADA-75AB3025CE14 7E3B3840
Loading driver 9FB4B4A7-42C0-4BCD-8540-9BCC6711F83E
None of Tcg2Protocol/CcMeasurementProtocol is installed.
InstallProtocolInterface: 5B1B31A1-9562-11D2-8E3F-00A0C969723B 7E3CB040
Loading driver at 0x0007E3A2000 EntryPoint=0x0007E3A7609 UsbMassStorageDxe.efi
InstallProtocolInterface: BC62157E-3E33-4FEC-9920-2D3B36D750DF 7E3D7698
ProtectUefiImageCommon - 0x7E3CB040
  - 0x000000007E3A2000 - 0x000000000000A000
Select Item: 0x0
FW CFG Signature: 0x554D4551
Select Item: 0x1
FW CFG Revision: 0x3
QemuFwCfg interface (DMA) is supported.
Select Item: 0x19
EntryPointFwCfgOverride: opt/org.tianocore/UsbStorageSupport = enabled (default)
InstallProtocolInterface: 18A031AB-B443-4D1A-A5C0-0C09261E9F71 7E3AA1A0
InstallProtocolInterface: 107A772C-D5E1-11D4-9A46-0090273FC14D 7E3AA2A0
InstallProtocolInterface: 6A7A5CFF-E8D9-4F70-BADA-75AB3025CE14 7E3AA180
Loading driver E3752948-B9A1-4770-90C4-DF41C38986BE
None of Tcg2Protocol/CcMeasurementProtocol is installed.
InstallProtocolInterface: 5B1B31A1-9562-11D2-8E3F-00A0C969723B 7E3CB440
Loading driver at 0x0007E399000 EntryPoint=0x0007E39DB4A QemuVideoDxe.efi
InstallProtocolInterface: BC62157E-3E33-4FEC-9920-2D3B36D750DF 7E3CB698
ProtectUefiImageCommon - 0x7E3CB440
  - 0x000000007E399000 - 0x0000000000009000
InstallProtocolInterface: 18A031AB-B443-4D1A-A5C0-0C09261E9F71 7E3A0320
InstallProtocolInterface: 107A772C-D5E1-11D4-9A46-0090273FC14D 7E3A0380
InstallProtocolInterface: 6A7A5CFF-E8D9-4F70-BADA-75AB3025CE14 7E3A0120
Loading driver D6099B94-CD97-4CC5-8714-7F6312701A8A
None of Tcg2Protocol/CcMeasurementProtocol is installed.
InstallProtocolInterface: 5B1B31A1-9562-11D2-8E3F-00A0C969723B 7E3D61C0
Loading driver at 0x0007E390000 EntryPoint=0x0007E394FA7 VirtioGpuDxe.efi
InstallProtocolInterface: BC62157E-3E33-4FEC-9920-2D3B36D750DF 7E3D6018
ProtectUefiImageCommon - 0x7E3D61C0
  - 0x000000007E390000 - 0x0000000000009000
InstallProtocolInterface: 18A031AB-B443-4D1A-A5C0-0C09261E9F71 7E397060
InstallProtocolInterface: 6A7A5CFF-E8D9-4F70-BADA-75AB3025CE14 7E397030
Loading driver 58E26F0D-CBAC-4BBA-B70F-18221415665A
None of Tcg2Protocol/CcMeasurementProtocol is installed.
InstallProtocolInterface: 5B1B31A1-9562-11D2-8E3F-00A0C969723B 7E3D6740
Loading driver at 0x0007E38A000 EntryPoint=0x0007E38CC51 VirtioRngDxe.efi
InstallProtocolInterface: BC62157E-3E33-4FEC-9920-2D3B36D750DF 7E3D6498
ProtectUefiImageCommon - 0x7E3D6740
  - 0x000000007E38A000 - 0x0000000000006000
InstallProtocolInterface: 18A031AB-B443-4D1A-A5C0-0C09261E9F71 7E38E060
InstallProtocolInterface: 107A772C-D5E1-11D4-9A46-0090273FC14D 7E38E0C0
InstallProtocolInterface: 6A7A5CFF-E8D9-4F70-BADA-75AB3025CE14 7E38E040
Loading driver 8E325979-3FE1-4927-AAE2-8F5C4BD2AF0D
None of Tcg2Protocol/CcMeasurementProtocol is installed.
InstallProtocolInterface: 5B1B31A1-9562-11D2-8E3F-00A0C969723B 7E3CE240
Loading driver at 0x0007E36B000 EntryPoint=0x0007E374900 SdMmcPciHcDxe.efi
InstallProtocolInterface: BC62157E-3E33-4FEC-9920-2D3B36D750DF 7E3CE998
ProtectUefiImageCommon - 0x7E3CE240
  - 0x000000007E36B000 - 0x000000000000F000
Select Item: 0x0
FW CFG Signature: 0x554D4551
Select Item: 0x1
FW CFG Revision: 0x3
QemuFwCfg interface (DMA) is supported.
Select Item: 0x19
EntryPointFwCfgOverride: opt/org.tianocore/SDCardSupport = enabled (default)
InstallProtocolInterface: 18A031AB-B443-4D1A-A5C0-0C09261E9F71 7E378140
InstallProtocolInterface: 107A772C-D5E1-11D4-9A46-0090273FC14D 7E3781A0
InstallProtocolInterface: 6A7A5CFF-E8D9-4F70-BADA-75AB3025CE14 7E3780E0
Loading driver 430AC2F7-EEC6-4093-94F7-9F825A7C1C40
None of Tcg2Protocol/CcMeasurementProtocol is installed.
InstallProtocolInterface: 5B1B31A1-9562-11D2-8E3F-00A0C969723B 7E3D50C0
Loading driver at 0x0007E362000 EntryPoint=0x0007E366CEB SdDxe.efi
InstallProtocolInterface: BC62157E-3E33-4FEC-9920-2D3B36D750DF 7E3D5A18
ProtectUefiImageCommon - 0x7E3D50C0
  - 0x000000007E362000 - 0x0000000000009000
InstallProtocolInterface: 18A031AB-B443-4D1A-A5C0-0C09261E9F71 7E369260
InstallProtocolInterface: 107A772C-D5E1-11D4-9A46-0090273FC14D 7E3692C0
InstallProtocolInterface: 6A7A5CFF-E8D9-4F70-BADA-75AB3025CE14 7E369080
Loading driver 2145F72F-E6F1-4440-A828-59DC9AAB5F89
None of Tcg2Protocol/CcMeasurementProtocol is installed.
InstallProtocolInterface: 5B1B31A1-9562-11D2-8E3F-00A0C969723B 7E3D4040
Loading driver at 0x0007E357000 EntryPoint=0x0007E35D1B9 EmmcDxe.efi
InstallProtocolInterface: BC62157E-3E33-4FEC-9920-2D3B36D750DF 7E3D5398
ProtectUefiImageCommon - 0x7E3D4040
  - 0x000000007E357000 - 0x000000000000B000
InstallProtocolInterface: 18A031AB-B443-4D1A-A5C0-0C09261E9F71 7E360240
InstallProtocolInterface: 107A772C-D5E1-11D4-9A46-0090273FC14D 7E3602A0
InstallProtocolInterface: 6A7A5CFF-E8D9-4F70-BADA-75AB3025CE14 7E3601C0
Driver 6490F1C5-EBCC-4665-8892-0075B9BB49B7 was discovered but not loaded!!
Driver A2F436EA-A127-4EF8-957C-8048606FF670 was discovered but not loaded!!
Driver E4F61863-FE2C-4B56-A8F4-08519BC439DF was discovered but not loaded!!
Driver 025BBFC7-E6A9-4B8B-82AD-6815A1AEAF4A was discovered but not loaded!!
Driver 529D3F93-E8E9-4E73-B1E1-BDF6A9D50113 was discovered but not loaded!!
Driver 94734718-0BBC-47FB-96A5-EE7A5AE6A2AD was discovered but not loaded!!
Driver 9FB1A1F3-3B71-4324-B39A-745CBB015FFF was discovered but not loaded!!
Driver 6D6963AB-906D-4A65-A7CA-BD40E5D6AF2B was discovered but not loaded!!
Driver DC3641B8-2FA8-4ED3-BC1F-F9962A03454B was discovered but not loaded!!
Driver 1A7E4468-2F55-4A56-903C-01265EB7622B was discovered but not loaded!!
Driver B95E9FDA-26DE-48D2-8807-1F9107AC5E3A was discovered but not loaded!!
Driver 86CDDF93-4872-4597-8AF9-A35AE4D3725F was discovered but not loaded!!
Driver 5CAB08D5-AD8F-4D8B-B828-D17A8D9FE977 was discovered but not loaded!!
Driver 4D9CBEF0-15A0-4D0C-83DB-5213E710C23F was discovered but not loaded!!
Driver A487A478-51EF-48AA-8794-7BEE2A0562F1 was discovered but not loaded!!
Driver 19618BCE-55AE-09C6-37E9-4CE04084C7A1 was discovered but not loaded!!
Driver AD416CE3-A483-45B1-94C2-4B4E4D575562 was discovered but not loaded!!
[Bds] Entry...
[BdsDxe] Locate Variable Policy protocol - Success
Variable Driver Auto Update Lang, Lang:eng, PlatformLang:en Status: Success
PlatformBootManagerBeforeConsole
Registered NotifyDevPath Event
PCI Bus First Scanning
PciBus: Discovered PCI @ [00|00|00]  [VID = 0x8086, DID = 0x29C0]

PciBus: Discovered PCI @ [00|01|00]  [VID = 0x1013, DID = 0xB8]
   BAR[0]: Type = PMem32; Alignment = 0x1FFFFFF;	Length = 0x2000000;	Offset = 0x10
   BAR[1]: Type =  Mem32; Alignment = 0xFFF;	Length = 0x1000;	Offset = 0x14

PciBus: Discovered PCI @ [00|02|00]  [VID = 0x1AF4, DID = 0x1001]
   BAR[0]: Type =   Io32; Alignment = 0x7F;	Length = 0x80;	Offset = 0x10
   BAR[1]: Type =  Mem32; Alignment = 0xFFF;	Length = 0x1000;	Offset = 0x14
   BAR[4]: Type = PMem64; Alignment = 0x3FFF;	Length = 0x4000;	Offset = 0x20

PciBus: Discovered PCI @ [00|1D|00]  [VID = 0x8086, DID = 0x2934]
   BAR[4]: Type =   Io32; Alignment = 0x1F;	Length = 0x20;	Offset = 0x20

PciBus: Discovered PCI @ [00|1D|01]  [VID = 0x8086, DID = 0x2935]
   BAR[4]: Type =   Io32; Alignment = 0x1F;	Length = 0x20;	Offset = 0x20

PciBus: Discovered PCI @ [00|1D|02]  [VID = 0x8086, DID = 0x2936]
   BAR[4]: Type =   Io32; Alignment = 0x1F;	Length = 0x20;	Offset = 0x20

PciBus: Discovered PCI @ [00|1D|07]  [VID = 0x8086, DID = 0x293A]
   BAR[0]: Type =  Mem32; Alignment = 0xFFF;	Length = 0x1000;	Offset = 0x10

PciBus: Discovered PCI @ [00|1F|00]  [VID = 0x8086, DID = 0x2918]

PciBus: Discovered PCI @ [00|1F|02]  [VID = 0x8086, DID = 0x2922]
   BAR[4]: Type =   Io32; Alignment = 0x1F;	Length = 0x20;	Offset = 0x20
   BAR[5]: Type =  Mem32; Alignment = 0xFFF;	Length = 0x1000;	Offset = 0x24

PciBus: Discovered PCI @ [00|1F|03]  [VID = 0x8086, DID = 0x2930]
   BAR[4]: Type =   Io32; Alignment = 0x3F;	Length = 0x40;	Offset = 0x20

PCI Bus Second Scanning
PciBus: Discovered PCI @ [00|00|00]  [VID = 0x8086, DID = 0x29C0]

PciBus: Discovered PCI @ [00|01|00]  [VID = 0x1013, DID = 0xB8]
   BAR[0]: Type = PMem32; Alignment = 0x1FFFFFF;	Length = 0x2000000;	Offset = 0x10
   BAR[1]: Type =  Mem32; Alignment = 0xFFF;	Length = 0x1000;	Offset = 0x14

PciBus: Discovered PCI @ [00|02|00]  [VID = 0x1AF4, DID = 0x1001]
   BAR[0]: Type =   Io32; Alignment = 0x7F;	Length = 0x80;	Offset = 0x10
   BAR[1]: Type =  Mem32; Alignment = 0xFFF;	Length = 0x1000;	Offset = 0x14
   BAR[4]: Type = PMem64; Alignment = 0x3FFF;	Length = 0x4000;	Offset = 0x20

PciBus: Discovered PCI @ [00|1D|00]  [VID = 0x8086, DID = 0x2934]
   BAR[4]: Type =   Io32; Alignment = 0x1F;	Length = 0x20;	Offset = 0x20

PciBus: Discovered PCI @ [00|1D|01]  [VID = 0x8086, DID = 0x2935]
   BAR[4]: Type =   Io32; Alignment = 0x1F;	Length = 0x20;	Offset = 0x20

PciBus: Discovered PCI @ [00|1D|02]  [VID = 0x8086, DID = 0x2936]
   BAR[4]: Type =   Io32; Alignment = 0x1F;	Length = 0x20;	Offset = 0x20

PciBus: Discovered PCI @ [00|1D|07]  [VID = 0x8086, DID = 0x293A]
   BAR[0]: Type =  Mem32; Alignment = 0xFFF;	Length = 0x1000;	Offset = 0x10

PciBus: Discovered PCI @ [00|1F|00]  [VID = 0x8086, DID = 0x2918]

PciBus: Discovered PCI @ [00|1F|02]  [VID = 0x8086, DID = 0x2922]
   BAR[4]: Type =   Io32; Alignment = 0x1F;	Length = 0x20;	Offset = 0x20
   BAR[5]: Type =  Mem32; Alignment = 0xFFF;	Length = 0x1000;	Offset = 0x24

PciBus: Discovered PCI @ [00|1F|03]  [VID = 0x8086, DID = 0x2930]
   BAR[4]: Type =   Io32; Alignment = 0x3F;	Length = 0x40;	Offset = 0x20

PciBus: Discovered PCI @ [00|00|00]  [VID = 0x8086, DID = 0x29C0]

PciBus: Discovered PCI @ [00|01|00]  [VID = 0x1013, DID = 0xB8]
   BAR[0]: Type = PMem32; Alignment = 0x1FFFFFF;	Length = 0x2000000;	Offset = 0x10
   BAR[1]: Type =  Mem32; Alignment = 0xFFF;	Length = 0x1000;	Offset = 0x14

PciBus: Discovered PCI @ [00|02|00]  [VID = 0x1AF4, DID = 0x1001]
   BAR[0]: Type =   Io32; Alignment = 0x7F;	Length = 0x80;	Offset = 0x10
   BAR[1]: Type =  Mem32; Alignment = 0xFFF;	Length = 0x1000;	Offset = 0x14
   BAR[4]: Type = PMem64; Alignment = 0x3FFF;	Length = 0x4000;	Offset = 0x20

PciBus: Discovered PCI @ [00|1D|00]  [VID = 0x8086, DID = 0x2934]
   BAR[4]: Type =   Io32; Alignment = 0x1F;	Length = 0x20;	Offset = 0x20

PciBus: Discovered PCI @ [00|1D|01]  [VID = 0x8086, DID = 0x2935]
   BAR[4]: Type =   Io32; Alignment = 0x1F;	Length = 0x20;	Offset = 0x20

PciBus: Discovered PCI @ [00|1D|02]  [VID = 0x8086, DID = 0x2936]
   BAR[4]: Type =   Io32; Alignment = 0x1F;	Length = 0x20;	Offset = 0x20

PciBus: Discovered PCI @ [00|1D|07]  [VID = 0x8086, DID = 0x293A]
   BAR[0]: Type =  Mem32; Alignment = 0xFFF;	Length = 0x1000;	Offset = 0x10

PciBus: Discovered PCI @ [00|1F|00]  [VID = 0x8086, DID = 0x2918]

PciBus: Discovered PCI @ [00|1F|02]  [VID = 0x8086, DID = 0x2922]
   BAR[4]: Type =   Io32; Alignment = 0x1F;	Length = 0x20;	Offset = 0x20
   BAR[5]: Type =  Mem32; Alignment = 0xFFF;	Length = 0x1000;	Offset = 0x24

PciBus: Discovered PCI @ [00|1F|03]  [VID = 0x8086, DID = 0x2930]
   BAR[4]: Type =   Io32; Alignment = 0x3F;	Length = 0x40;	Offset = 0x20

PciHostBridge: SubmitResources for PciRoot(0x0)
 I/O: Granularity/SpecificFlag = 0 / 01
      Length/Alignment = 0x1000 / 0xFFF
 Mem: Granularity/SpecificFlag = 32 / 00
      Length/Alignment = 0x2100000 / 0x1FFFFFF
 Mem: Granularity/SpecificFlag = 64 / 00
      Length/Alignment = 0x100000 / 0xFFFFF
PciBus: HostBridge->SubmitResources() - Success
PciHostBridge: NotifyPhase (AllocateResources)
 RootBridge: PciRoot(0x0)
  Mem: Base/Length/Alignment = 80000000/2100000/1FFFFFF - Success
  Mem64: Base/Length/Alignment = C000000000/100000/FFFFF - Success
  I/O: Base/Length/Alignment = 6000/1000/FFF - Success
PciBus: HostBridge->NotifyPhase(AllocateResources) - Success
Process Option ROM: BAR Base/Length = 82000000/10000
PciBus: Resource Map for Root Bridge PciRoot(0x0)
Type =   Io16; Base = 0x6000;	Length = 0x1000;	Alignment = 0xFFF
   Base = 0x6000;	Length = 0x80;	Alignment = 0x7F;	Owner = PCI [00|02|00:10]
   Base = 0x6080;	Length = 0x40;	Alignment = 0x3F;	Owner = PCI [00|1F|03:20]
   Base = 0x60C0;	Length = 0x20;	Alignment = 0x1F;	Owner = PCI [00|1F|02:20]
   Base = 0x60E0;	Length = 0x20;	Alignment = 0x1F;	Owner = PCI [00|1D|02:20]
   Base = 0x6100;	Length = 0x20;	Alignment = 0x1F;	Owner = PCI [00|1D|01:20]
   Base = 0x6120;	Length = 0x20;	Alignment = 0x1F;	Owner = PCI [00|1D|00:20]
Type =  Mem32; Base = 0x80000000;	Length = 0x2100000;	Alignment = 0x1FFFFFF
   Base = 0x80000000;	Length = 0x2000000;	Alignment = 0x1FFFFFF;	Owner = PCI [00|01|00:10]; Type = PMem32
   Base = 0x82000000;	Length = 0x10000;	Alignment = 0xFFFF;	Owner = PCI [00|00|00:00]; Type =  OpRom
   Base = 0x82010000;	Length = 0x1000;	Alignment = 0xFFF;	Owner = PCI [00|1F|02:24]
   Base = 0x82011000;	Length = 0x1000;	Alignment = 0xFFF;	Owner = PCI [00|1D|07:10]
   Base = 0x82012000;	Length = 0x1000;	Alignment = 0xFFF;	Owner = PCI [00|02|00:14]
   Base = 0x82013000;	Length = 0x1000;	Alignment = 0xFFF;	Owner = PCI [00|01|00:14]
Type =  Mem64; Base = 0xC000000000;	Length = 0x100000;	Alignment = 0xFFFFF
   Base = 0xC000000000;	Length = 0x4000;	Alignment = 0x3FFF;	Owner = PCI [00|02|00:20]; Type = PMem64

InstallProtocolInterface: 09576E91-6D3F-11D2-8E39-00A0C969723B 7E3D3C98
InstallProtocolInterface: 4CF5B200-68B8-4CA5-9EEC-B23E3F50029A 7E3D36A8
InstallProtocolInterface: 09576E91-6D3F-11D2-8E39-00A0C969723B 7E3D2E98
InstallProtocolInterface: 4CF5B200-68B8-4CA5-9EEC-B23E3F50029A 7E3D2028
InstallProtocolInterface: 09576E91-6D3F-11D2-8E39-00A0C969723B 7E3D2F18
InstallProtocolInterface: 4CF5B200-68B8-4CA5-9EEC-B23E3F50029A 7E3D2428
InstallProtocolInterface: 09576E91-6D3F-11D2-8E39-00A0C969723B 7E3D2F98
InstallProtocolInterface: 4CF5B200-68B8-4CA5-9EEC-B23E3F50029A 7E3D2828
InstallProtocolInterface: 09576E91-6D3F-11D2-8E39-00A0C969723B 7E3D1E98
InstallProtocolInterface: 4CF5B200-68B8-4CA5-9EEC-B23E3F50029A 7E3D1028
InstallProtocolInterface: 09576E91-6D3F-11D2-8E39-00A0C969723B 7E3D1F18
InstallProtocolInterface: 4CF5B200-68B8-4CA5-9EEC-B23E3F50029A 7E3D1428
InstallProtocolInterface: 09576E91-6D3F-11D2-8E39-00A0C969723B 7E3D1F98
InstallProtocolInterface: 4CF5B200-68B8-4CA5-9EEC-B23E3F50029A 7E3D1828
InstallProtocolInterface: 09576E91-6D3F-11D2-8E39-00A0C969723B 7E3D0E98
InstallProtocolInterface: 4CF5B200-68B8-4CA5-9EEC-B23E3F50029A 7E3D0028
InstallProtocolInterface: 09576E91-6D3F-11D2-8E39-00A0C969723B 7E3D0F18
InstallProtocolInterface: 4CF5B200-68B8-4CA5-9EEC-B23E3F50029A 7E3D0428
InstallProtocolInterface: 09576E91-6D3F-11D2-8E39-00A0C969723B 7E3D0F98
InstallProtocolInterface: 4CF5B200-68B8-4CA5-9EEC-B23E3F50029A 7E3D0828
InstallProtocolInterface: 30CFE3E7-3DE1-4586-BE20-DEABA1B3B793 0
OnRootBridgesConnected: root bridges have been connected, installing ACPI tables
Select Item: 0x19
Select Item: 0x2C
Select Item: 0x19
Select Item: 0x2B
Select Item: 0x19
Select Item: 0x22
Select Item: 0x19
Select Item: 0x23
InstallProtocolInterface: 928939B2-4235-462F-9580-F6A2B2C21A4F 0
InstallQemuFwCfgTables: installed 7 tables
PcRtc: Write 0x20 to CMOS location 0x32
DXE - Total Runtime Image Count: 0x9
DXE - Dump Runtime Image Records:
CapsuleRuntimeDxe.efi: 0x7F6AE000 - 0x7F6B2000
  Code Section: 0x7F6AF000 - 0x7F6B1000
MonotonicCounterRuntimeDxe.efi: 0x7F6B2000 - 0x7F6B6000
  Code Section: 0x7F6B3000 - 0x7F6B5000
PcRtc.efi: 0x7F6B6000 - 0x7F6BD000
  Code Section: 0x7F6B7000 - 0x7F6BC000
StatusCodeHandlerRuntimeDxe.efi: 0x7F6BD000 - 0x7F6C2000
  Code Section: 0x7F6BE000 - 0x7F6C1000
VariableRuntimeDxe.efi: 0x7F6C2000 - 0x7F6D2000
  Code Section: 0x7F6C3000 - 0x7F6D0000
ResetSystemRuntimeDxe.efi: 0x7F6D2000 - 0x7F6D9000
  Code Section: 0x7F6D3000 - 0x7F6D7000
RuntimeDxe.efi: 0x7F6D9000 - 0x7F6DF000
  Code Section: 0x7F6DA000 - 0x7F6DD000
ReportStatusCodeRouterRuntimeDxe.efi: 0x7F6DF000 - 0x7F6E5000
  Code Section: 0x7F6E0000 - 0x7F6E3000
FvbServicesRuntimeDxe.efi: 0x7F6E5000 - 0x7F6ED000
  Code Section: 0x7F6E6000 - 0x7F6EB000
[Variable]END_OF_DXE is signaled
Initialize variable error flag (FF)
AcpiS3ContextSave!
AcpiS3ContextSave TotalPageTableSize - 0xE pages
AcpiS3Context: AcpiFacsTable is 0x7F7DD000
AcpiS3Context: IdtrProfile is 0x7F764000
AcpiS3Context: S3NvsPageTableAddress is 0x7F755000
AcpiS3Context: S3DebugBufferAddress is 0x7F74C000
AcpiS3Context: BootScriptStackBase is 0x7F74D000
AcpiS3Context: BootScriptStackSize is 0x    8000
Found PCI display device
QemuVideo: Cirrus 5446 detected
InstallProtocolInterface: 09576E91-6D3F-11D2-8E39-00A0C969723B 7E3CC518
Adding Mode 0 as Cirrus Internal Mode 0: 640x480, 32-bit
Adding Mode 1 as Cirrus Internal Mode 1: 800x600, 32-bit
Adding Mode 2 as Cirrus Internal Mode 2: 1024x768, 24-bit
PixelBlueGreenRedReserved8BitPerColor
FrameBufferBase: 0x80000000, FrameBufferSize: 0x12C000
0: shl:0 shr:0 mask:FF0000
1: shl:0 shr:0 mask:FF00
2: shl:0 shr:0 mask:FF
Bytes per pixel: 4
0: shl:0 shr:0 mask:FF0000
1: shl:0 shr:0 mask:FF00
2: shl:0 shr:0 mask:FF
Bytes per pixel: 4
InstallProtocolInterface: 9042A9DE-23DC-4A38-96FB-7ADED080516A 7E3C7DB8
PixelBlueGreenRedReserved8BitPerColor
PixelBlueGreenRedReserved8BitPerColor
Found LPC Bridge device
BdsPlatform.c+565: COM1 DevPath: PciRoot(0x0)/Pci(0x1F,0x0)/Serial(0x0)/Uart(115200,8,N,1)/VenMsg(AD15A0D6-8BEC-4ACF-A073-D01DE77E2D88)
BdsPlatform.c+603: COM2 DevPath: PciRoot(0x0)/Pci(0x1F,0x0)/Serial(0x1)/Uart(115200,8,N,1)/VenMsg(AD15A0D6-8BEC-4ACF-A073-D01DE77E2D88)
Select Item: 0x19
[TPM2PP] no PPI
InstallProtocolInterface: 60FF8964-E906-41D0-AFED-F241E974E08E 0
InstallProtocolInterface: FA20568B-548B-4B2B-81EF-1BA08D4A3CEC 0
Found PCI display device
Found LPC Bridge device
BdsPlatform.c+565: COM1 DevPath: PciRoot(0x0)/Pci(0x1F,0x0)/Serial(0x0)/Uart(115200,8,N,1)/VenMsg(AD15A0D6-8BEC-4ACF-A073-D01DE77E2D88)
BdsPlatform.c+603: COM2 DevPath: PciRoot(0x0)/Pci(0x1F,0x0)/Serial(0x1)/Uart(115200,8,N,1)/VenMsg(AD15A0D6-8BEC-4ACF-A073-D01DE77E2D88)
Select Item: 0xE
Select Item: 0x19
[Bds]RegisterKeyNotify: 000C/0000 80000000/00 Success
[Bds]RegisterKeyNotify: 0017/0000 80000000/00 Success
[Bds]RegisterKeyNotify: 0000/000D 80000000/00 Success
PixelBlueGreenRedReserved8BitPerColor
PixelBlueGreenRedReserved8BitPerColor
PixelBlueGreenRedReserved8BitPerColor
PixelBlueGreenRedReserved8BitPerColor
PixelBlueGreenRedReserved8BitPerColor
FrameBufferBase: 0x80000000, FrameBufferSize: 0x1D5000
0: shl:0 shr:0 mask:FF0000
1: shl:0 shr:0 mask:FF00
2: shl:0 shr:0 mask:FF
Bytes per pixel: 4
0: shl:0 shr:0 mask:FF0000
1: shl:0 shr:0 mask:FF00
2: shl:0 shr:0 mask:FF
Bytes per pixel: 4
GraphicsConsole video resolution 800 x 600
Graphics - Mode 0, Column = 80, Row = 25
Graphics - Mode 1, Column = 0, Row = 0
Graphics - Mode 2, Column = 100, Row = 31
Graphics Console Started, Mode: 2
InstallProtocolInterface: 387477C2-69C7-11D2-8E39-00A0C969723B 7E3CA5A8
InstallProtocolInterface: D3B36F2C-D551-11D4-9A46-0090273FC14D 0
PixelBlueGreenRedReserved8BitPerColor
PixelBlueGreenRedReserved8BitPerColor
PixelBlueGreenRedReserved8BitPerColor
InstallProtocolInterface: 9042A9DE-23DC-4A38-96FB-7ADED080516A 7E501298
PixelBlueGreenRedReserved8BitPerColor
InstallProtocolInterface: 864E1CA8-85EB-4D63-9DCC-6E0FC90FFD55 7E3C6C98
InstallProtocolInterface: 09576E91-6D3F-11D2-8E39-00A0C969723B 7E3C6798
InstallProtocolInterface: 215FDD18-BD50-4FEB-890B-58CA0B4739E9 7E3C6738
InstallProtocolInterface: 09576E91-6D3F-11D2-8E39-00A0C969723B 7E3C7898
InstallProtocolInterface: 215FDD18-BD50-4FEB-890B-58CA0B4739E9 7E3C79B8
InstallProtocolInterface: 09576E91-6D3F-11D2-8E39-00A0C969723B 7E3C7498
InstallProtocolInterface: 215FDD18-BD50-4FEB-890B-58CA0B4739E9 7E3C76B8
InstallProtocolInterface: 09576E91-6D3F-11D2-8E39-00A0C969723B 7E37DA18
InstallProtocolInterface: BB25CF6F-F1D4-11D2-9A0C-0090273FC1FD 7E37DDA8
PciSioSerial: Create SIO child serial device - Success
Terminal - Mode 0, Column = 80, Row = 25
Terminal - Mode 1, Column = 80, Row = 50
Terminal - Mode 2, Column = 100, Row = 31
Terminal - Mode 3, Column = 128, Row = 40
Terminal - Mode 4, Column = 160, Row = 42
Terminal - Mode 5, Column = 240, Row = 56
InstallProtocolInterface: 387477C1-69C7-11D2-8E39-00A0C969723B 7E37CD40
InstallProtocolInterface: DD9E7534-7762-4698-8C14-F58517A625AA 7E37CE28
InstallProtocolInterface: 387477C2-69C7-11D2-8E39-00A0C969723B 7E37CD58
InstallProtocolInterface: 09576E91-6D3F-11D2-8E39-00A0C969723B 7E37CF18
InstallProtocolInterface: D3B36F2B-D551-11D4-9A46-0090273FC14D 0
InstallProtocolInterface: D3B36F2C-D551-11D4-9A46-0090273FC14D 0
InstallProtocolInterface: D3B36F2D-D551-11D4-9A46-0090273FC14D 0
PciSioSerial: Create SIO child serial device - Device Error
InstallProtocolInterface: 387477C1-69C7-11D2-8E39-00A0C969723B 7E316028
InstallProtocolInterface: DD9E7534-7762-4698-8C14-F58517A625AA 7E316040
InstallProtocolInterface: D3B36F2B-D551-11D4-9A46-0090273FC14D 0
PciSioSerial: Create SIO child serial device - Device Error
EhcCreateUsb2Hc: capability length 32
InstallProtocolInterface: 3E745226-9818-45B6-A2AC-D7CD0E8BA2BC 7E3151A0
EhcDriverBindingStart: EHCI started for controller @ 7E3CD698
InstallProtocolInterface: 3E745226-9818-45B6-A2AC-D7CD0E8BA2BC 7E3156A0
InstallProtocolInterface: 240612B7-A063-11D4-9A3A-0090273FC14D 7E2EC020
Uhci2GetCapability: 2 ports
UsbRootHubInit: root hub 7E2ECC98 - max speed 0, 2 ports
UsbEnumeratePort: port 0 state - 2000, change - 01 on 7E2ECC98
UsbEnumeratePort: Device Connect/Disconnect Normally (port 0)
UsbEnumeratePort: device disconnected event on port 0
UsbEnumeratePort: port 1 state - 2000, change - 01 on 7E2ECC98
UsbEnumeratePort: Device Connect/Disconnect Normally (port 1)
UsbEnumeratePort: device disconnected event on port 1
UsbBusStart: usb bus started on 7E3CF218, root hub 7E2ECC98
InstallProtocolInterface: 3E745226-9818-45B6-A2AC-D7CD0E8BA2BC 7E315320
InstallProtocolInterface: 240612B7-A063-11D4-9A3A-0090273FC14D 7E2E7020
Uhci2GetCapability: 2 ports
UsbRootHubInit: root hub 7E2E7A98 - max speed 0, 2 ports
UsbBusStart: usb bus started on 7E3CDF18, root hub 7E2E7A98
InstallProtocolInterface: 3E745226-9818-45B6-A2AC-D7CD0E8BA2BC 7E300220
InstallProtocolInterface: 240612B7-A063-11D4-9A3A-0090273FC14D 7E2E30A0
Uhci2GetCapability: 2 ports
UsbRootHubInit: root hub 7E2E2C98 - max speed 0, 2 ports
UsbBusStart: usb bus started on 7E3CF698, root hub 7E2E2C98
InstallProtocolInterface: 240612B7-A063-11D4-9A3A-0090273FC14D 7E2E1020
EhcGetCapability: 6 ports, 64 bit 0
UsbRootHubInit: root hub 7E2E1A98 - max speed 2, 6 ports
UsbEnumeratePort: port 0 state - 101, change - 01 on 7E2E1A98
UsbEnumeratePort: Device Connect/Disconnect Normally (port 0)
UsbEnumeratePort: new device connected at port 0
EhcSetRootHubPortFeature: exit status Success
EhcClearRootHubPortFeature: exit status Success
UsbEnumerateNewDev: hub port 0 is reset
UsbEnumerateNewDev: device is of 2 speed
UsbEnumerateNewDev: device uses translator (0, 0)
UsbEnumerateNewDev: device is now ADDRESSED at 1
UsbEnumerateNewDev: max packet size for EP 0 is 64
UsbBuildDescTable: device has 1 configures
UsbGetOneConfig: total length is 34
UsbParseConfigDesc: config 1 has 1 interfaces
UsbParseInterfaceDesc: interface 0(setting 0) has 1 endpoints
UsbEnumerateNewDev: device 1 is now in CONFIGED state
UsbSelectConfig: config 1 selected for device 1
UsbSelectSetting: setting 0 selected for interface 0
InstallProtocolInterface: 09576E91-6D3F-11D2-8E39-00A0C969723B 7E172A98
InstallProtocolInterface: 2B2F68D6-0CD2-44CF-8E8B-BBA20B1B5B75 7E172F40
UsbConnectDriver: TPL before connect is 8, 7E172D98
InstallProtocolInterface: 387477C1-69C7-11D2-8E39-00A0C969723B 7E1712B8
InstallProtocolInterface: DD9E7534-7762-4698-8C14-F58517A625AA 7E1712D0
InstallProtocolInterface: D3B36F2B-D551-11D4-9A46-0090273FC14D 0
UsbConnectDriver: TPL after connect is 8
UsbEnumeratePort: port 1 state - 101, change - 01 on 7E2E1A98
UsbEnumeratePort: Device Connect/Disconnect Normally (port 1)
UsbEnumeratePort: new device connected at port 1
EhcSetRootHubPortFeature: exit status Success
EhcClearRootHubPortFeature: exit status Success
UsbEnumerateNewDev: hub port 1 is reset
UsbEnumerateNewDev: device is of 2 speed
UsbEnumerateNewDev: device uses translator (0, 0)
UsbEnumerateNewDev: device is now ADDRESSED at 2
UsbEnumerateNewDev: max packet size for EP 0 is 64
UsbBuildDescTable: device has 1 configures
UsbGetOneConfig: total length is 34
UsbParseConfigDesc: config 1 has 1 interfaces
UsbParseInterfaceDesc: interface 0(setting 0) has 1 endpoints
UsbEnumerateNewDev: device 2 is now in CONFIGED state
UsbSelectConfig: config 1 selected for device 2
UsbSelectSetting: setting 0 selected for interface 0
InstallProtocolInterface: 09576E91-6D3F-11D2-8E39-00A0C969723B 7E16DC98
InstallProtocolInterface: 2B2F68D6-0CD2-44CF-8E8B-BBA20B1B5B75 7E1710C0
UsbBusStart: usb bus started on 7E3CD698, root hub 7E2E1A98
PciSioSerial: Create SIO child serial device - Device Error
PlatformBootManagerAfterConsole
PlatformBdsPolicyBehavior: not restoring NvVars from disk since flash variables appear to be supported.
Boot Mode:0
Select Item: 0x19
PlatformBdsConnectSequence
Select Item: 0x19
EfiBootManagerConnectAll
InstallProtocolInterface: FA920010-6785-4941-B6EC-498C579F160A 7E16C7A0
VirtioBlkInit: LbaSize=0x200[B] NumBlocks=0x280803[Lba]
VirtioBlkInit: FirstAligned=0x0[Lba] PhysBlkSize=0x1[Lba]
VirtioBlkInit: OptimalTransferLengthGranularity=0x0[Lba]
InstallProtocolInterface: 964E5B21-6459-11D2-8E39-00A0C969723B 7E16BD90
VirtioKeyboardBindingSupported:1235: Access Denied
InstallProtocolInterface: CE345171-BA0B-11D2-8E4F-00A0C969723B 7E16C3A0
VirtioKeyboardBindingSupported:1235: Access Denied
VirtioKeyboardBindingSupported:1235: Access Denied
 BlockSize : 512 
 LastBlock : 280802 
 Valid efi partition table header
 Valid efi partition table header
 Valid primary and Valid backup partition table
 Partition entries read block success
 Number of partition entries: 3
 start check partition entries
 End check partition entries
 Index : 0
 Start LBA : 800
 End LBA : 807FF
 Partition size: 80000
 Start : 100000 End : 100FFE00
InstallProtocolInterface: 09576E91-6D3F-11D2-8E39-00A0C969723B 7E167D18
InstallProtocolInterface: 964E5B21-6459-11D2-8E39-00A0C969723B 7E1672B0
InstallProtocolInterface: 8CF2F62C-BC9B-4821-808D-EC9EC421A1A0 7E167368
InstallProtocolInterface: C12A7328-F81F-11D2-B88B-00A0C93EC93B 0
 Index : 1
 Start LBA : 80800
 End LBA : 2807FF
 Partition size: 200000
 Start : 10100000 End : 500FFE00
InstallProtocolInterface: 09576E91-6D3F-11D2-8E39-00A0C969723B 7E167818
InstallProtocolInterface: 964E5B21-6459-11D2-8E39-00A0C969723B 7E1675B0
InstallProtocolInterface: 8CF2F62C-BC9B-4821-808D-EC9EC421A1A0 7E167668
InstallProtocolInterface: EBD0A0A2-B9E5-4433-A02D-B4B8D3D3F000 0
 Index : 2
 Start LBA : 280800
 End LBA : 280800
 Partition size: 1
 Start : 50100000 End : 50100000
InstallProtocolInterface: 09576E91-6D3F-11D2-8E39-00A0C969723B 7E166D98
InstallProtocolInterface: 964E5B21-6459-11D2-8E39-00A0C969723B 7E166B30
InstallProtocolInterface: 8CF2F62C-BC9B-4821-808D-EC9EC421A1A0 7E166BE8
InstallProtocolInterface: EBD0A0A2-B9E5-4433-A02D-B4B8D3D5A900 0
Prepare to Free Pool
VirtioKeyboardBindingSupported:1235: Access Denied
InstallProtocolInterface: CE345171-BA0B-11D2-8E4F-00A0C969723B 7E16C0A0
 BlockSize : 512 
 LastBlock : 7FFFF 
InstallProtocolInterface: 964E5B22-6459-11D2-8E39-00A0C969723B 7E161030
Installed Fat filesystem on 7E167D98
InstallProtocolInterface: CE345171-BA0B-11D2-8E4F-00A0C969723B 7E166220
 BlockSize : 512 
 LastBlock : 1FFFFF 
InstallProtocolInterface: CE345171-BA0B-11D2-8E4F-00A0C969723B 7DCBCDA0
 BlockSize : 512 
 LastBlock : 0 
UsbBusRecursivelyConnectWantedUsbIo: TPL before connect is 4
UsbBusRecursivelyConnectWantedUsbIo: TPL after connect is 4
PciSioSerial: Create SIO child serial device - Device Error
SataControllerStart start
Original PCI Attributes = 0x4700
Supported PCI Attributes = 0xE700
Enabled PCI Attributes = 0x700
Ports Implemented(PI) = 0x3F
HBA Capabilities(CAP) = 0xC0141F05
InstallProtocolInterface: A1E37052-80D9-4E65-A317-3E9A55C43EC9 7DCBCCA0
SataControllerStart end with Success
==AtaAtapiPassThru Start== Controller = 7E3CD918
port [2] port multitplier [0] has a [cdrom]
CalculateBestPioMode: AdvancedPioMode = 3
IdeInitCalculateMode: PioMode = 3
CalculateBestUdmaMode: DeviceUDmaMode = 203F
IdeInitCalculateMode: UdmaMode = 5
InstallProtocolInterface: 1D3DE7F0-0807-424F-AA69-11A54E19A46F 7DCB2040
InstallProtocolInterface: 143B7632-B81B-4CB7-ABD3-B625A5B9BFFE 7DCB2090
InstallProtocolInterface: 19DF145A-B1D4-453F-8507-38816676D7F6 7DCB2A98
InstallProtocolInterface: 0167CCC4-D0F7-4F21-A3EF-9E64B7CDCE8B 7DCB2820
InstallProtocolInterface: 09576E91-6D3F-11D2-8E39-00A0C969723B 7DCB2418
InstallProtocolInterface: 932F47E6-2362-4002-803E-3CD54B138F85 7DCB24A8
AHCI: Error interrupt reported PxIS: 40000000
Non data transfer failed at retry 0
Failed to execute command for non data transfer:
ATA COMMAND BLOCK:
AtaCommand: 160
AtaFeatures: 0
AtaSectorNumber: 0
AtaCylinderLow: FF
AtaCylinderHigh: FF
AtaDeviceHead: 0
AtaSectorNumberExp: 0
AtaCylinderLowExp: 0
AtaCylinderHighExp: 0
AtaFeaturesExp: 0
AtaSectorCount: 0
AtaSectorCountExp: 0
ATA STATUS BLOCK:
AtaStatus: 65
AtaError: 32
InstallProtocolInterface: 964E5B21-6459-11D2-8E39-00A0C969723B 7DBAE338
InstallProtocolInterface: A77B2472-E282-4E9F-A245-C2C0E27BBCC1 7DBAE368
InstallProtocolInterface: D432A67F-14DC-484B-B3BB-3F0291849327 7DBAE460
InstallProtocolInterface: CE345171-BA0B-11D2-8E4F-00A0C969723B 7DBAD020
InstallProtocolInterface: 151C8EAE-7F2C-472C-9E54-9828194F6A88 7DBAD038
 BlockSize : 2048 
 LastBlock : 0 
AHCI: Error interrupt reported PxIS: 40000000
Non data transfer failed at retry 0
Failed to execute command for non data transfer:
ATA COMMAND BLOCK:
AtaCommand: 160
AtaFeatures: 0
AtaSectorNumber: 0
AtaCylinderLow: FF
AtaCylinderHigh: FF
AtaDeviceHead: 0
AtaSectorNumberExp: 0
AtaCylinderLowExp: 0
AtaCylinderHighExp: 0
AtaFeaturesExp: 0
AtaSectorCount: 0
AtaSectorCountExp: 0
ATA STATUS BLOCK:
AtaStatus: 65
AtaError: 32
AHCI: Error interrupt reported PxIS: 40000000
Non data transfer failed at retry 0
Failed to execute command for non data transfer:
ATA COMMAND BLOCK:
AtaCommand: 160
AtaFeatures: 0
AtaSectorNumber: 0
AtaCylinderLow: FF
AtaCylinderHigh: FF
AtaDeviceHead: 0
AtaSectorNumberExp: 0
AtaCylinderLowExp: 0
AtaCylinderHighExp: 0
AtaFeaturesExp: 0
AtaSectorCount: 0
AtaSectorCountExp: 0
ATA STATUS BLOCK:
AtaStatus: 65
AtaError: 32
VirtioKeyboardBindingSupported:1235: Access Denied
 BlockSize : 512 
 LastBlock : 280802 
 Valid efi partition table header
 Valid efi partition table header
 Valid primary and Valid backup partition table
 Partition entries read block success
 Number of partition entries: 3
 start check partition entries
 End check partition entries
 Index : 0
 Start LBA : 800
 End LBA : 807FF
 Partition size: 80000
 Start : 100000 End : 100FFE00
 Index : 1
 Start LBA : 80800
 End LBA : 2807FF
 Partition size: 200000
 Start : 10100000 End : 500FFE00
 Index : 2
 Start LBA : 280800
 End LBA : 280800
 Partition size: 1
 Start : 50100000 End : 50100000
Prepare to Free Pool
VirtioKeyboardBindingSupported:1235: Access Denied
 BlockSize : 512 
 LastBlock : 1FFFFF 
 BlockSize : 512 
 LastBlock : 0 
UsbBusRecursivelyConnectWantedUsbIo: TPL before connect is 4
UsbBusRecursivelyConnectWantedUsbIo: TPL after connect is 4
PciSioSerial: Create SIO child serial device - Device Error
 BlockSize : 2048 
 LastBlock : 0 
AHCI: Error interrupt reported PxIS: 40000000
Non data transfer failed at retry 0
Failed to execute command for non data transfer:
ATA COMMAND BLOCK:
AtaCommand: 160
AtaFeatures: 0
AtaSectorNumber: 0
AtaCylinderLow: FF
AtaCylinderHigh: FF
AtaDeviceHead: 0
AtaSectorNumberExp: 0
AtaCylinderLowExp: 0
AtaCylinderHighExp: 0
AtaFeaturesExp: 0
AtaSectorCount: 0
AtaSectorCountExp: 0
ATA STATUS BLOCK:
AtaStatus: 65
AtaError: 32
AHCI: Error interrupt reported PxIS: 40000000
Non data transfer failed at retry 0
Failed to execute command for non data transfer:
ATA COMMAND BLOCK:
AtaCommand: 160
AtaFeatures: 0
AtaSectorNumber: 0
AtaCylinderLow: FF
AtaCylinderHigh: FF
AtaDeviceHead: 0
AtaSectorNumberExp: 0
AtaCylinderLowExp: 0
AtaCylinderHighExp: 0
AtaFeaturesExp: 0
AtaSectorCount: 0
AtaSectorCountExp: 0
ATA STATUS BLOCK:
AtaStatus: 65
AtaError: 32
PciSioSerial: Create SIO child serial device - Device Error
UsbBusRecursivelyConnectWantedUsbIo: TPL before connect is 4
UsbBusRecursivelyConnectWantedUsbIo: TPL after connect is 4
Select Item: 0x19
Select Item: 0x19
[Bds]OsIndication: 0000000000000000
[Bds]=============Begin Load Options Dumping ...=============
  Driver Options:
  SysPrep Options:
  Boot Options:
    Boot0000: BootManagerMenuApp 		 0x0109
    Boot0001: EFI Firmware Setup 		 0x0101
    Boot0002: UEFI Misc Device 		 0x0001
    Boot0003: EFI Internal Shell 		 0x0101
  PlatformRecovery Options:
    PlatformRecovery0000: Default PlatformRecovery 		 0x0001
[Bds]=============End Load Options Dumping=============
[Bds]BdsWait ...Zzzzzzzzzzzz...
[Bds]Exit the waiting!
VirtHstiQemuFirmwareFlashCheck: FFC84010 behaves as FLASH, write-protected
[Bds]Stop Hotkey Service!
[Bds]UnregisterKeyNotify: 000C/0000 Success
[Bds]UnregisterKeyNotify: 0017/0000 Success
[Bds]UnregisterKeyNotify: 0000/000D Success
SmbiosTable:
  AnchorString                - '_SM_'
  EntryPointStructureChecksum - 0x2D
  EntryPointLength            - 0x1F
  MajorVersion                - 0x02
  MinorVersion                - 0x08
  MaxStructureSize            - 0x0000004C
  EntryPointRevision          - 0x00
  FormattedArea               - '     '
  IntermediateAnchorString    - '_DMI_'
  IntermediateChecksum        - 0xD2
  TableLength                 - 0x016D
  TableAddress                - 0x7F582000
  NumberOfSmbiosStructures    - 0x0009
  SmbiosBcdRevision           - 0x28
The Smbios Table starts at: 0x7F582000
The Smbios Table size: 0x16D
Smbios Table (Type - 1):
Filter Smbios Table (Type - 1):
Smbios Table (Type - 3):
Filter Smbios Table (Type - 3):
Smbios Table (Type - 4):
Filter Smbios Table (Type - 4):
Smbios Table (Type - 16):
Filter Smbios Table (Type - 16):
Smbios Table (Type - 17):
Filter Smbios Table (Type - 17):
Smbios Table (Type - 19):
Filter Smbios Table (Type - 19):
Smbios Table (Type - 32):
Filter Smbios Table (Type - 32):
Smbios Table (Type - 0):
Filter Smbios Table (Type - 0):
Smbios Table (Type - 127):
Filter Smbios Table (Type - 127):
The final Smbios Table starts at: 0x7E16B398
The final Smbios Table size: 0x16D
Memory  Previous  Current    Next   
 Type    Pages     Pages     Pages  
======  ========  ========  ========
  0A    00000080  00000022  00000080
  09    00000012  0000000B  00000012
  00    00000080  00000040  00000080
  05    00000100  0000003F  00000100
  06    00000100  0000012E  00000179
Memory Type Information settings change.
[Bds]Booting UEFI Misc Device
VirtioKeyboardBindingSupported:1235: Access Denied
VirtioKeyboardBindingSupported:1235: Access Denied
VirtioKeyboardBindingSupported:1235: Access Denied
 BlockSize : 512 
 LastBlock : 280802 
 Valid efi partition table header
 Valid efi partition table header
 Valid primary and Valid backup partition table
 Partition entries read block success
 Number of partition entries: 3
 start check partition entries
 End check partition entries
 Index : 0
 Start LBA : 800
 End LBA : 807FF
 Partition size: 80000
 Start : 100000 End : 100FFE00
 Index : 1
 Start LBA : 80800
 End LBA : 2807FF
 Partition size: 200000
 Start : 10100000 End : 500FFE00
 Index : 2
 Start LBA : 280800
 End LBA : 280800
 Partition size: 1
 Start : 50100000 End : 50100000
Prepare to Free Pool
VirtioKeyboardBindingSupported:1235: Access Denied
 BlockSize : 512 
 LastBlock : 1FFFFF 
 BlockSize : 512 
 LastBlock : 0 
FSOpen: Open '\EFI\BOOT\BOOTX64.EFI' Success
[Bds] Expand PciRoot(0x0)/Pci(0x2,0x0) -> PciRoot(0x0)/Pci(0x2,0x0)/HD(1,GPT,C129A328-F81F-11D2-B88B-00A0C93EC93B,0x800,0x80000)/\EFI\BOOT\BOOTX64.EFI
[Security] 3rd party image[0] can be loaded after EndOfDxe: PciRoot(0x0)/Pci(0x2,0x0)/HD(1,GPT,C129A328-F81F-11D2-B88B-00A0C93EC93B,0x800,0x80000)/\EFI\BOOT\BOOTX64.EFI.
None of Tcg2Protocol/CcMeasurementProtocol is installed.
InstallProtocolInterface: 5B1B31A1-9562-11D2-8E3F-00A0C969723B 7E160040
Loading driver at 0x0007DA31000 EntryPoint=0x0007DA35000 
InstallProtocolInterface: BC62157E-3E33-4FEC-9920-2D3B36D750DF 7E15EA98
ProtectUefiImageCommon - 0x7E160040
  - 0x000000007DA31000 - 0x000000000002D000
