Archive member included to satisfy reference by file (symbol)

C:\GitHub\BlockyOS\compile\toolchain\gnu-efi-build\x86_64\/lib/\libefi.a(data.o)
                              C:\GitHub\BlockyOS\Build\Build-2026-05-22-05\objs\UEFI.c.tools.o (gEfiDevicePathProtocolGuid)
C:\GitHub\BlockyOS\compile\toolchain\gnu-efi-build\x86_64\/lib/\libefi.a(entry.o)
                              C:\GitHub\BlockyOS\compile\toolchain\gnu-efi-build\x86_64\lib/crt0-efi-x86_64.o (_entry)
C:\GitHub\BlockyOS\compile\toolchain\gnu-efi-build\x86_64\/lib/\libefi.a(guid.o)
                              C:\GitHub\BlockyOS\Build\Build-2026-05-22-05\objs\UEFI.c.tools.o (GuidToString)
C:\GitHub\BlockyOS\compile\toolchain\gnu-efi-build\x86_64\/lib/\libefi.a(init.o)
                              C:\GitHub\BlockyOS\Build\Build-2026-05-22-05\objs\UEFI.c.boot.o (InitializeLib)
C:\GitHub\BlockyOS\compile\toolchain\gnu-efi-build\x86_64\/lib/\libefi.a(misc.o)
                              C:\GitHub\BlockyOS\Build\Build-2026-05-22-05\objs\UEFI.c.tools.o (AllocatePool)
C:\GitHub\BlockyOS\compile\toolchain\gnu-efi-build\x86_64\/lib/\libefi.a(str.o)
                              C:\GitHub\BlockyOS\compile\toolchain\gnu-efi-build\x86_64\/lib/\libefi.a(data.o) (LibStubStriCmp)
C:\GitHub\BlockyOS\compile\toolchain\gnu-efi-build\x86_64\/lib/\libefi.a(efirtlib.o)
                              C:\GitHub\BlockyOS\compile\toolchain\gnu-efi-build\x86_64\/lib/\libefi.a(misc.o) (RtZeroMem)
C:\GitHub\BlockyOS\compile\toolchain\gnu-efi-build\x86_64\/lib/\libefi.a(rtstr.o)
                              C:\GitHub\BlockyOS\compile\toolchain\gnu-efi-build\x86_64\/lib/\libefi.a(str.o) (RtStrCmp)
C:\GitHub\BlockyOS\compile\toolchain\gnu-efi-build\x86_64\/lib/\libefi.a(rtdata.o)
                              C:\GitHub\BlockyOS\compile\toolchain\gnu-efi-build\x86_64\/lib/\libefi.a(init.o) (EFIDebug)
C:\GitHub\BlockyOS\compile\toolchain\gnu-efi-build\x86_64\/lib/\libefi.a(initplat.o)
                              C:\GitHub\BlockyOS\compile\toolchain\gnu-efi-build\x86_64\/lib/\libefi.a(init.o) (InitializeLibPlatform)
C:\GitHub\BlockyOS\compile\toolchain\gnu-efi-build\x86_64\/lib/\libefi.a(print.o)
                              C:\GitHub\BlockyOS\Build\Build-2026-05-22-05\objs\UEFI.c.bthelper.o (UnicodeSPrint)
C:\GitHub\BlockyOS\compile\toolchain\gnu-efi-build\x86_64\/lib/\libefi.a(va_print.o)
                              C:\GitHub\BlockyOS\compile\toolchain\gnu-efi-build\x86_64\/lib/\libefi.a(print.o) (_PoolCatPrint)
C:\GitHub\BlockyOS\compile\toolchain\gnu-efi-build\x86_64\/lib/\libefi.a(efi_stub.o)
                              C:\GitHub\BlockyOS\Build\Build-2026-05-22-05\objs\UEFI.c.tools.o (efi_call2)
C:\GitHub\BlockyOS\compile\toolchain\gnu-efi-build\x86_64\/lib/\libefi.a(console.o)
                              C:\GitHub\BlockyOS\compile\toolchain\gnu-efi-build\x86_64\/lib/\libefi.a(print.o) (Input)
C:\GitHub\BlockyOS\compile\toolchain\gnu-efi-build\x86_64\/lib/\libefi.a(dpath.o)
                              C:\GitHub\BlockyOS\compile\toolchain\gnu-efi-build\x86_64\/lib/\libefi.a(misc.o) (DevicePathFromHandle)
C:\GitHub\BlockyOS\compile\toolchain\gnu-efi-build\x86_64\/lib/\libefi.a(error.o)
                              C:\GitHub\BlockyOS\compile\toolchain\gnu-efi-build\x86_64\/lib/\libefi.a(print.o) (StatusToString)
C:\GitHub\BlockyOS\compile\toolchain\gnu-efi-build\x86_64\/lib/\libefi.a(event.o)
                              C:\GitHub\BlockyOS\compile\toolchain\gnu-efi-build\x86_64\/lib/\libefi.a(console.o) (WaitForSingleEvent)
C:\GitHub\BlockyOS\compile\toolchain\gnu-efi-build\x86_64\/lib/\libefi.a(hand.o)
                              C:\GitHub\BlockyOS\compile\toolchain\gnu-efi-build\x86_64\/lib/\libefi.a(init.o) (LibLocateHandle)
C:\GitHub\BlockyOS\compile\toolchain\gnu-efi-build\x86_64\/lib/\libefi.a(math.o)
                              C:\GitHub\BlockyOS\compile\toolchain\gnu-efi-build\x86_64\/lib/\libefi.a(print.o) (RShiftU64)
C:\GitHub\BlockyOS\compile\toolchain\gnu-efi-build\x86_64\/lib/\libgnuefi.a(reloc_x86_64.o)
                              C:\GitHub\BlockyOS\compile\toolchain\gnu-efi-build\x86_64\lib/crt0-efi-x86_64.o (_relocate)

There are no discarded input sections

Memory Configuration

Name             Origin             Length             Attributes
*default*        0x0000000000000000 0xffffffffffffffff

Linker script and memory map

                0x0000000000000000                . = 0x0
                0x0000000000000000                ImageBase = .

.hash
 *(.hash)

.gnu.hash
 *(.gnu.hash)
                0x0000000000000000                . = ALIGN (0x1000)

.eh_frame       0x0000000000000000     0x3194
 *(.eh_frame)
 .eh_frame      0x0000000000000000      0x680 C:\GitHub\BlockyOS\Build\Build-2026-05-22-05\objs\UEFI.c.frat.o
 .eh_frame      0x0000000000000680      0x160 C:\GitHub\BlockyOS\Build\Build-2026-05-22-05\objs\UEFI.c.raw.o
                                        0x178 (size before relaxing)
 .eh_frame      0x00000000000007e0      0x240 C:\GitHub\BlockyOS\Build\Build-2026-05-22-05\objs\UEFI.c.blake2b-ref.o
                                        0x258 (size before relaxing)
 .eh_frame      0x0000000000000a20      0x140 C:\GitHub\BlockyOS\Build\Build-2026-05-22-05\objs\UEFI.c.blake2bp-ref.o
                                        0x158 (size before relaxing)
 .eh_frame      0x0000000000000b60      0x220 C:\GitHub\BlockyOS\Build\Build-2026-05-22-05\objs\UEFI.c.blake2s-ref.o
                                        0x238 (size before relaxing)
 .eh_frame      0x0000000000000d80      0x160 C:\GitHub\BlockyOS\Build\Build-2026-05-22-05\objs\UEFI.c.blake2sp-ref.o
                                        0x178 (size before relaxing)
 .eh_frame      0x0000000000000ee0      0x100 C:\GitHub\BlockyOS\Build\Build-2026-05-22-05\objs\UEFI.c.blake2xb-ref.o
                                        0x118 (size before relaxing)
 .eh_frame      0x0000000000000fe0      0x120 C:\GitHub\BlockyOS\Build\Build-2026-05-22-05\objs\UEFI.c.blake2xs-ref.o
                                        0x138 (size before relaxing)
 .eh_frame      0x0000000000001100       0xb0 C:\GitHub\BlockyOS\Build\Build-2026-05-22-05\objs\UEFI.c.execload.o
                                         0xc8 (size before relaxing)
 .eh_frame      0x00000000000011b0       0x20 C:\GitHub\BlockyOS\Build\Build-2026-05-22-05\objs\UEFI.c.socket.o
                                         0x38 (size before relaxing)
 .eh_frame      0x00000000000011d0      0x208 C:\GitHub\BlockyOS\Build\Build-2026-05-22-05\objs\UEFI.c.sockets.o
                                        0x220 (size before relaxing)
 .eh_frame      0x00000000000013d8      0x408 C:\GitHub\BlockyOS\Build\Build-2026-05-22-05\objs\UEFI.c.tools.o
                                        0x420 (size before relaxing)
 .eh_frame      0x00000000000017e0       0x48 C:\GitHub\BlockyOS\Build\Build-2026-05-22-05\objs\UEFI.c.boot.o
                                         0x60 (size before relaxing)
 .eh_frame      0x0000000000001828      0x158 C:\GitHub\BlockyOS\Build\Build-2026-05-22-05\objs\UEFI.c.bthelper.o
                                        0x170 (size before relaxing)
 .eh_frame      0x0000000000001980       0x38 C:\GitHub\BlockyOS\compile\toolchain\gnu-efi-build\x86_64\/lib/\libefi.a(entry.o)
                                         0x50 (size before relaxing)
 .eh_frame      0x00000000000019b8       0x80 C:\GitHub\BlockyOS\compile\toolchain\gnu-efi-build\x86_64\/lib/\libefi.a(guid.o)
                                         0x98 (size before relaxing)
 .eh_frame      0x0000000000001a38       0xc0 C:\GitHub\BlockyOS\compile\toolchain\gnu-efi-build\x86_64\/lib/\libefi.a(init.o)
                                         0xd8 (size before relaxing)
 .eh_frame      0x0000000000001af8      0x390 C:\GitHub\BlockyOS\compile\toolchain\gnu-efi-build\x86_64\/lib/\libefi.a(misc.o)
                                        0x3a8 (size before relaxing)
 .eh_frame      0x0000000000001e88      0x2d8 C:\GitHub\BlockyOS\compile\toolchain\gnu-efi-build\x86_64\/lib/\libefi.a(str.o)
                                        0x2f0 (size before relaxing)
 .eh_frame      0x0000000000002160       0x90 C:\GitHub\BlockyOS\compile\toolchain\gnu-efi-build\x86_64\/lib/\libefi.a(efirtlib.o)
                                         0xa8 (size before relaxing)
 .eh_frame      0x00000000000021f0      0x128 C:\GitHub\BlockyOS\compile\toolchain\gnu-efi-build\x86_64\/lib/\libefi.a(rtstr.o)
                                        0x140 (size before relaxing)
 .eh_frame      0x0000000000002318       0x18 C:\GitHub\BlockyOS\compile\toolchain\gnu-efi-build\x86_64\/lib/\libefi.a(initplat.o)
                                         0x30 (size before relaxing)
 .eh_frame      0x0000000000002330      0x390 C:\GitHub\BlockyOS\compile\toolchain\gnu-efi-build\x86_64\/lib/\libefi.a(print.o)
                                        0x3a8 (size before relaxing)
 .eh_frame      0x00000000000026c0      0x180 C:\GitHub\BlockyOS\compile\toolchain\gnu-efi-build\x86_64\/lib/\libefi.a(va_print.o)
                                        0x198 (size before relaxing)
 .eh_frame      0x0000000000002840       0x70 C:\GitHub\BlockyOS\compile\toolchain\gnu-efi-build\x86_64\/lib/\libefi.a(console.o)
                                         0x88 (size before relaxing)
 .eh_frame      0x00000000000028b0      0x5e0 C:\GitHub\BlockyOS\compile\toolchain\gnu-efi-build\x86_64\/lib/\libefi.a(dpath.o)
                                        0x5f8 (size before relaxing)
 .eh_frame      0x0000000000002e90       0x18 C:\GitHub\BlockyOS\compile\toolchain\gnu-efi-build\x86_64\/lib/\libefi.a(error.o)
                                         0x30 (size before relaxing)
 .eh_frame      0x0000000000002ea8       0x98 C:\GitHub\BlockyOS\compile\toolchain\gnu-efi-build\x86_64\/lib/\libefi.a(event.o)
                                         0xb0 (size before relaxing)
 .eh_frame      0x0000000000002f40      0x1f0 C:\GitHub\BlockyOS\compile\toolchain\gnu-efi-build\x86_64\/lib/\libefi.a(hand.o)
                                        0x208 (size before relaxing)
 .eh_frame      0x0000000000003130       0x50 C:\GitHub\BlockyOS\compile\toolchain\gnu-efi-build\x86_64\/lib/\libefi.a(math.o)
                                         0x68 (size before relaxing)
 .eh_frame      0x0000000000003180       0x14 C:\GitHub\BlockyOS\compile\toolchain\gnu-efi-build\x86_64\/lib/\libgnuefi.a(reloc_x86_64.o)
                                         0x30 (size before relaxing)

.eh_frame_hdr
 *(.eh_frame_hdr)

.gcc_except_table
 *(.gcc_except_table*)
                0x0000000000004000                . = ALIGN (0x1000)

.text           0x0000000000004000    0x21240
                0x0000000000004000                _text = .
 *(.text)
 .text          0x0000000000004000       0x29 C:\GitHub\BlockyOS\compile\toolchain\gnu-efi-build\x86_64\lib/crt0-efi-x86_64.o
                0x0000000000004000                _start
 .text          0x0000000000004029        0x0 C:\GitHub\BlockyOS\Build\Build-2026-05-22-05\objs\UEFI.c.frat.o
 .text          0x0000000000004029        0x0 C:\GitHub\BlockyOS\Build\Build-2026-05-22-05\objs\UEFI.c.raw.o
 .text          0x0000000000004029        0x0 C:\GitHub\BlockyOS\Build\Build-2026-05-22-05\objs\UEFI.c.blake2b-ref.o
 .text          0x0000000000004029        0x0 C:\GitHub\BlockyOS\Build\Build-2026-05-22-05\objs\UEFI.c.blake2bp-ref.o
 .text          0x0000000000004029        0x0 C:\GitHub\BlockyOS\Build\Build-2026-05-22-05\objs\UEFI.c.blake2s-ref.o
 .text          0x0000000000004029        0x0 C:\GitHub\BlockyOS\Build\Build-2026-05-22-05\objs\UEFI.c.blake2sp-ref.o
 .text          0x0000000000004029        0x0 C:\GitHub\BlockyOS\Build\Build-2026-05-22-05\objs\UEFI.c.blake2xb-ref.o
 .text          0x0000000000004029        0x0 C:\GitHub\BlockyOS\Build\Build-2026-05-22-05\objs\UEFI.c.blake2xs-ref.o
 .text          0x0000000000004029        0x0 C:\GitHub\BlockyOS\Build\Build-2026-05-22-05\objs\UEFI.c.execload.o
 .text          0x0000000000004029        0x0 C:\GitHub\BlockyOS\Build\Build-2026-05-22-05\objs\UEFI.c.socket.o
 .text          0x0000000000004029        0x0 C:\GitHub\BlockyOS\Build\Build-2026-05-22-05\objs\UEFI.c.sockets.o
 .text          0x0000000000004029        0x0 C:\GitHub\BlockyOS\Build\Build-2026-05-22-05\objs\UEFI.c.tools.o
 .text          0x0000000000004029        0x0 C:\GitHub\BlockyOS\Build\Build-2026-05-22-05\objs\UEFI.c.boot.o
 .text          0x0000000000004029        0x0 C:\GitHub\BlockyOS\Build\Build-2026-05-22-05\objs\UEFI.c.bthelper.o
 .text          0x0000000000004029        0x0 C:\GitHub\BlockyOS\compile\toolchain\gnu-efi-build\x86_64\/lib/\libefi.a(data.o)
 *fill*         0x0000000000004029        0x7 
 .text          0x0000000000004030      0x13a C:\GitHub\BlockyOS\compile\toolchain\gnu-efi-build\x86_64\/lib/\libefi.a(entry.o)
                0x0000000000004030                _entry
 *fill*         0x000000000000416a        0x6 
 .text          0x0000000000004170      0x11c C:\GitHub\BlockyOS\compile\toolchain\gnu-efi-build\x86_64\/lib/\libefi.a(guid.o)
                0x0000000000004170                InitializeGuid
                0x0000000000004180                CompareGuid_1
                0x0000000000004190                IsZeroGuid
                0x00000000000041a0                GuidToString
 *fill*         0x000000000000428c        0x4 
 .text          0x0000000000004290      0x304 C:\GitHub\BlockyOS\compile\toolchain\gnu-efi-build\x86_64\/lib/\libefi.a(init.o)
                0x0000000000004290                InitializeUnicodeSupport
                0x0000000000004380                EFIDebugVariable
                0x00000000000043d0                InitializeLib
                0x00000000000044d0                memset
                0x0000000000004570                memcpy
 *fill*         0x0000000000004594        0xc 
 .text          0x00000000000045a0      0xa6d C:\GitHub\BlockyOS\compile\toolchain\gnu-efi-build\x86_64\/lib/\libefi.a(misc.o)
                0x00000000000045a0                AllocatePool
                0x00000000000045d0                AllocateZeroPool
                0x0000000000004630                ReallocatePool_1
                0x00000000000046e0                FreePool
                0x0000000000004700                ZeroMem
                0x0000000000004710                SetMem
                0x0000000000004720                CopyMem_1
                0x0000000000004730                CopyMemC
                0x0000000000004740                CompareMem
                0x0000000000004750                GrowBuffer
                0x0000000000004840                LibMemoryMap
                0x0000000000004930                LibGetVariableAndSize
                0x0000000000004a10                LibGetVariable
                0x0000000000004a30                LibDeleteVariable
                0x0000000000004ab0                LibSetNVVariable
                0x0000000000004ae0                LibSetVariable
                0x0000000000004b10                LibInsertToTailOfBootOrder
                0x0000000000004cb0                ValidMBR
                0x0000000000004e70                DecimaltoBCD
                0x0000000000004e80                BCDtoDecimal
                0x0000000000004e90                LibGetSystemConfigurationTable
                0x0000000000004f40                LibGetUiString
 *fill*         0x000000000000500d       0x33 
 .text          0x0000000000005040      0x63d C:\GitHub\BlockyOS\compile\toolchain\gnu-efi-build\x86_64\/lib/\libefi.a(str.o)
                0x0000000000005040                StrCmp
                0x0000000000005050                StrnCmp
                0x00000000000050a0                LibStubStriCmp
                0x0000000000005140                LibStubStrLwrUpr
                0x0000000000005150                StriCmp
                0x0000000000005170                StrLwr
                0x0000000000005190                StrUpr
                0x00000000000051b0                StrCpy
                0x00000000000051c0                StrnCpy
                0x00000000000051d0                StpCpy
                0x00000000000051e0                StpnCpy
                0x00000000000051f0                StrCat
                0x0000000000005200                StrnCat
                0x0000000000005210                StrnLen
                0x0000000000005220                StrLen
                0x0000000000005230                StrSize
                0x0000000000005240                StrDuplicate
                0x0000000000005290                AsciiStrLen
                0x00000000000052c0                AsciiStrCmp
                0x0000000000005320                AsciiStrnCmp
                0x0000000000005370                xtoi
                0x0000000000005430                Atoi
                0x0000000000005490                MetaMatch
                0x00000000000055c0                LibStubMetaiMatch
                0x0000000000005660                MetaiMatch
 *fill*         0x000000000000567d        0x3 
 .text          0x0000000000005680      0x26c C:\GitHub\BlockyOS\compile\toolchain\gnu-efi-build\x86_64\/lib/\libefi.a(efirtlib.o)
                0x0000000000005680                RtZeroMem
                0x0000000000005710                RtSetMem
                0x00000000000057c0                RtCopyMem
                0x0000000000005850                RtCopyMemC
                0x0000000000005860                RtCompareMem
                0x00000000000058b0                RtCompareGuid
                0x00000000000058e0                RtIsZeroGuid
 *fill*         0x00000000000058ec       0x14 
 .text          0x0000000000005900      0x393 C:\GitHub\BlockyOS\compile\toolchain\gnu-efi-build\x86_64\/lib/\libefi.a(rtstr.o)
                0x0000000000005900                RtStrCmp
                0x0000000000005960                RtStrCpy
                0x00000000000059a0                RtStrnCpy
                0x0000000000005a20                RtStpCpy
                0x0000000000005a60                RtStpnCpy
                0x0000000000005af0                RtStrCat
                0x0000000000005b40                RtStrnCat
                0x0000000000005bd0                RtStrLen
                0x0000000000005c00                RtStrnLen
                0x0000000000005c30                RtStrSize
                0x0000000000005c60                RtBCDtoDecimal
                0x0000000000005c70                RtDecimaltoBCD
 .text          0x0000000000005c93        0x0 C:\GitHub\BlockyOS\compile\toolchain\gnu-efi-build\x86_64\/lib/\libefi.a(rtdata.o)
 *fill*         0x0000000000005c93        0xd 
 .text          0x0000000000005ca0        0x1 C:\GitHub\BlockyOS\compile\toolchain\gnu-efi-build\x86_64\/lib/\libefi.a(initplat.o)
                0x0000000000005ca0                InitializeLibPlatform
 *fill*         0x0000000000005ca1       0x1f 
 .text          0x0000000000005cc0     0x2097 C:\GitHub\BlockyOS\compile\toolchain\gnu-efi-build\x86_64\/lib/\libefi.a(print.o)
                0x0000000000005cc0                _DbgOut
                0x0000000000005ce0                _SPrint
                0x0000000000005df0                _PoolPrint
                0x0000000000006180                UnicodeSPrint
                0x0000000000006200                AsciiSPrint
                0x0000000000006280                PoolPrint
                0x0000000000006310                CatPrint
                0x00000000000063c0                Print
                0x0000000000006470                PrintAt
                0x0000000000006510                IPrint
                0x00000000000065b0                IPrintAt
                0x0000000000006640                AsciiPrint
                0x00000000000066f0                ValueToHex
                0x0000000000006710                ValueToString
                0x0000000000006730                FloatToString
                0x0000000000006860                TimeToString
                0x0000000000006900                DbgPrint
                0x0000000000007b70                DumpHex
 *fill*         0x0000000000007d57       0x29 
 .text          0x0000000000007d80     0x1225 C:\GitHub\BlockyOS\compile\toolchain\gnu-efi-build\x86_64\/lib/\libefi.a(va_print.o)
                0x0000000000008c70                _PoolCatPrint
                0x0000000000008cf0                UnicodeVSPrint
                0x0000000000008d30                VPoolPrint
                0x0000000000008d80                _IPrint
                0x0000000000008e80                VPrint
                0x0000000000008eb0                AsciiVSPrint
 .text          0x0000000000008fa5      0x17b C:\GitHub\BlockyOS\compile\toolchain\gnu-efi-build\x86_64\/lib/\libefi.a(efi_stub.o)
                0x0000000000008fa5                efi_call0
                0x0000000000008fb0                efi_call1
                0x0000000000008fbe                efi_call2
                0x0000000000008fcc                efi_call3
                0x0000000000008fdd                efi_call4
                0x0000000000008ff1                efi_call5
                0x000000000000900a                efi_call6
                0x000000000000902d                efi_call7
                0x000000000000905a                efi_call8
                0x0000000000009091                efi_call9
                0x00000000000090d2                efi_call10
 .text          0x0000000000009120      0x11d C:\GitHub\BlockyOS\compile\toolchain\gnu-efi-build\x86_64\/lib/\libefi.a(console.o)
                0x0000000000009120                Output
                0x0000000000009140                IInput
                0x0000000000009220                Input
 *fill*         0x000000000000923d        0x3 
 .text          0x0000000000009240     0x17ea C:\GitHub\BlockyOS\compile\toolchain\gnu-efi-build\x86_64\/lib/\libefi.a(dpath.o)
                0x000000000000a0d0                DevicePathFromHandle
                0x000000000000a110                DevicePathInstance
                0x000000000000a1f0                DevicePathInstanceCount
                0x000000000000a230                DevicePathSize
                0x000000000000a260                DuplicateDevicePath
                0x000000000000a2d0                AppendDevicePath
                0x000000000000a440                AppendDevicePathNode
                0x000000000000a4d0                FileDevicePath
                0x000000000000a580                UnpackDevicePath
                0x000000000000a670                AppendDevicePathInstance
                0x000000000000a780                LibDevicePathToInterface
                0x000000000000a810                DevicePathToStr
                0x000000000000a940                LibMatchDevicePaths
                0x000000000000a9c0                LibDuplicateDevicePathInstance
 *fill*         0x000000000000aa2a       0x16 
 .text          0x000000000000aa40       0x50 C:\GitHub\BlockyOS\compile\toolchain\gnu-efi-build\x86_64\/lib/\libefi.a(error.o)
                0x000000000000aa40                StatusToString
 .text          0x000000000000aa90      0x1e6 C:\GitHub\BlockyOS\compile\toolchain\gnu-efi-build\x86_64\/lib/\libefi.a(event.o)
                0x000000000000aa90                LibCreateProtocolNotifyEvent
                0x000000000000ab10                WaitForSingleEvent
                0x000000000000abe0                WaitForEventWithTimeout
 *fill*         0x000000000000ac76        0xa 
 .text          0x000000000000ac80      0x9cf C:\GitHub\BlockyOS\compile\toolchain\gnu-efi-build\x86_64\/lib/\libefi.a(hand.o)
                0x000000000000ac80                LibLocateHandle
                0x000000000000ad30                LibLocateProtocol
                0x000000000000add0                LibLocateHandleByDiskSignature
                0x000000000000b0b0                LibOpenRoot
                0x000000000000b100                LibFileInfo
                0x000000000000b170                LibFileSystemInfo
                0x000000000000b1e0                LibFileSystemVolumeLabelInfo
                0x000000000000b250                LibInstallProtocolInterfaces
                0x000000000000b3e0                LibUninstallProtocolInterfaces
                0x000000000000b490                LibReinstallProtocolInterfaces
 *fill*         0x000000000000b64f        0x1 
 .text          0x000000000000b650       0x4c C:\GitHub\BlockyOS\compile\toolchain\gnu-efi-build\x86_64\/lib/\libefi.a(math.o)
                0x000000000000b650                LShiftU64
                0x000000000000b660                RShiftU64
                0x000000000000b670                MultU64x32
                0x000000000000b680                DivU64x32
 *fill*         0x000000000000b69c        0x4 
 .text          0x000000000000b6a0       0xbb C:\GitHub\BlockyOS\compile\toolchain\gnu-efi-build\x86_64\/lib/\libgnuefi.a(reloc_x86_64.o)
                0x000000000000b6a0                _relocate
 *(.text.*)
 .text.IoWrite8Inline
                0x000000000000b75b       0x1f C:\GitHub\BlockyOS\Build\Build-2026-05-22-05\objs\UEFI.c.frat.o
 .text.checkdisk
                0x000000000000b77a      0x1ce C:\GitHub\BlockyOS\Build\Build-2026-05-22-05\objs\UEFI.c.frat.o
                0x000000000000b77a                checkdisk
 .text.loadpart
                0x000000000000b948      0x308 C:\GitHub\BlockyOS\Build\Build-2026-05-22-05\objs\UEFI.c.frat.o
                0x000000000000b948                loadpart
 .text.formatpart
                0x000000000000bc50      0x490 C:\GitHub\BlockyOS\Build\Build-2026-05-22-05\objs\UEFI.c.frat.o
                0x000000000000bc50                formatpart
 .text.queryparttablefs
                0x000000000000c0e0      0x233 C:\GitHub\BlockyOS\Build\Build-2026-05-22-05\objs\UEFI.c.frat.o
                0x000000000000c0e0                queryparttablefs
 .text.queryfs  0x000000000000c313      0x161 C:\GitHub\BlockyOS\Build\Build-2026-05-22-05\objs\UEFI.c.frat.o
                0x000000000000c313                queryfs
 .text.fmount   0x000000000000c474      0x7b9 C:\GitHub\BlockyOS\Build\Build-2026-05-22-05\objs\UEFI.c.frat.o
                0x000000000000c474                fmount
 .text.allocatecluster
                0x000000000000cc2d       0xbb C:\GitHub\BlockyOS\Build\Build-2026-05-22-05\objs\UEFI.c.frat.o
                0x000000000000cc2d                allocatecluster
 .text.__ffremove
                0x000000000000cce8       0x68 C:\GitHub\BlockyOS\Build\Build-2026-05-22-05\objs\UEFI.c.frat.o
                0x000000000000cce8                __ffremove
 .text.__ffremoveh
                0x000000000000cd50       0x76 C:\GitHub\BlockyOS\Build\Build-2026-05-22-05\objs\UEFI.c.frat.o
                0x000000000000cd50                __ffremoveh
 .text.__ffremovel
                0x000000000000cdc6       0x30 C:\GitHub\BlockyOS\Build\Build-2026-05-22-05\objs\UEFI.c.frat.o
                0x000000000000cdc6                __ffremovel
 .text.__ffremovelh
                0x000000000000cdf6       0xe9 C:\GitHub\BlockyOS\Build\Build-2026-05-22-05\objs\UEFI.c.frat.o
                0x000000000000cdf6                __ffremovelh
 .text.__fcreate
                0x000000000000cedf      0x5cd C:\GitHub\BlockyOS\Build\Build-2026-05-22-05\objs\UEFI.c.frat.o
                0x000000000000cedf                __fcreate
 .text.__faddr  0x000000000000d4ac      0x476 C:\GitHub\BlockyOS\Build\Build-2026-05-22-05\objs\UEFI.c.frat.o
                0x000000000000d4ac                __faddr
 .text.__finit  0x000000000000d922      0x3db C:\GitHub\BlockyOS\Build\Build-2026-05-22-05\objs\UEFI.c.frat.o
                0x000000000000d922                __finit
 .text.__fread1
                0x000000000000dcfd      0x264 C:\GitHub\BlockyOS\Build\Build-2026-05-22-05\objs\UEFI.c.frat.o
                0x000000000000dcfd                __fread1
 .text.__ffindh
                0x000000000000df61       0xd0 C:\GitHub\BlockyOS\Build\Build-2026-05-22-05\objs\UEFI.c.frat.o
                0x000000000000df61                __ffindh
 .text.__ffindhi
                0x000000000000e031       0xd5 C:\GitHub\BlockyOS\Build\Build-2026-05-22-05\objs\UEFI.c.frat.o
                0x000000000000e031                __ffindhi
 .text.__ffindi
                0x000000000000e106       0x38 C:\GitHub\BlockyOS\Build\Build-2026-05-22-05\objs\UEFI.c.frat.o
                0x000000000000e106                __ffindi
 .text.__ffind  0x000000000000e13e       0x35 C:\GitHub\BlockyOS\Build\Build-2026-05-22-05\objs\UEFI.c.frat.o
                0x000000000000e13e                __ffind
 .text.__fpush1
                0x000000000000e173      0x260 C:\GitHub\BlockyOS\Build\Build-2026-05-22-05\objs\UEFI.c.frat.o
                0x000000000000e173                __fpush1
 .text.__floaddir
                0x000000000000e3d3      0x1d0 C:\GitHub\BlockyOS\Build\Build-2026-05-22-05\objs\UEFI.c.frat.o
                0x000000000000e3d3                __floaddir
 .text.__fuloaddir
                0x000000000000e5a3      0x290 C:\GitHub\BlockyOS\Build\Build-2026-05-22-05\objs\UEFI.c.frat.o
                0x000000000000e5a3                __fuloaddir
 .text.__fdirrefresh
                0x000000000000e833      0x26b C:\GitHub\BlockyOS\Build\Build-2026-05-22-05\objs\UEFI.c.frat.o
                0x000000000000e833                __fdirrefresh
 .text.fsloadh  0x000000000000ea9e       0xcd C:\GitHub\BlockyOS\Build\Build-2026-05-22-05\objs\UEFI.c.frat.o
                0x000000000000ea9e                fsloadh
 .text.fsuloadh
                0x000000000000eb6b      0x152 C:\GitHub\BlockyOS\Build\Build-2026-05-22-05\objs\UEFI.c.frat.o
                0x000000000000eb6b                fsuloadh
 .text.__freadinfo
                0x000000000000ecbd       0xea C:\GitHub\BlockyOS\Build\Build-2026-05-22-05\objs\UEFI.c.frat.o
                0x000000000000ecbd                __freadinfo
 .text.__fupdatetstamp
                0x000000000000eda7      0x13e C:\GitHub\BlockyOS\Build\Build-2026-05-22-05\objs\UEFI.c.frat.o
                0x000000000000eda7                __fupdatetstamp
 .text.__fsize  0x000000000000eee5      0x147 C:\GitHub\BlockyOS\Build\Build-2026-05-22-05\objs\UEFI.c.frat.o
                0x000000000000eee5                __fsize
 .text.__dsize  0x000000000000f02c       0x86 C:\GitHub\BlockyOS\Build\Build-2026-05-22-05\objs\UEFI.c.frat.o
                0x000000000000f02c                __dsize
 .text._dreadinfo
                0x000000000000f0b2       0x28 C:\GitHub\BlockyOS\Build\Build-2026-05-22-05\objs\UEFI.c.frat.o
                0x000000000000f0b2                _dreadinfo
 .text._freadinfo
                0x000000000000f0da       0x28 C:\GitHub\BlockyOS\Build\Build-2026-05-22-05\objs\UEFI.c.frat.o
                0x000000000000f0da                _freadinfo
 .text._fseek   0x000000000000f102       0x1f C:\GitHub\BlockyOS\Build\Build-2026-05-22-05\objs\UEFI.c.frat.o
                0x000000000000f102                _fseek
 .text._fseeko  0x000000000000f121       0x2a C:\GitHub\BlockyOS\Build\Build-2026-05-22-05\objs\UEFI.c.frat.o
                0x000000000000f121                _fseeko
 .text._fwrite  0x000000000000f14b      0x276 C:\GitHub\BlockyOS\Build\Build-2026-05-22-05\objs\UEFI.c.frat.o
                0x000000000000f14b                _fwrite
 .text._fread   0x000000000000f3c1      0x1bb C:\GitHub\BlockyOS\Build\Build-2026-05-22-05\objs\UEFI.c.frat.o
                0x000000000000f3c1                _fread
 .text.__fgetparent
                0x000000000000f57c       0xf5 C:\GitHub\BlockyOS\Build\Build-2026-05-22-05\objs\UEFI.c.frat.o
                0x000000000000f57c                __fgetparent
 .text.__fdiradd
                0x000000000000f671      0x43e C:\GitHub\BlockyOS\Build\Build-2026-05-22-05\objs\UEFI.c.frat.o
                0x000000000000f671                __fdiradd
 .text.__ftest  0x000000000000faaf      0x28d C:\GitHub\BlockyOS\Build\Build-2026-05-22-05\objs\UEFI.c.frat.o
                0x000000000000faaf                __ftest
 .text.__fdirlist
                0x000000000000fd3c      0x463 C:\GitHub\BlockyOS\Build\Build-2026-05-22-05\objs\UEFI.c.frat.o
                0x000000000000fd3c                __fdirlist
 .text.__dirr_init
                0x000000000001019f      0x200 C:\GitHub\BlockyOS\Build\Build-2026-05-22-05\objs\UEFI.c.frat.o
                0x000000000001019f                __dirr_init
 .text.__dirr_matches
                0x000000000001039f       0xa7 C:\GitHub\BlockyOS\Build\Build-2026-05-22-05\objs\UEFI.c.frat.o
 .text.__dirr_push
                0x0000000000010446      0x187 C:\GitHub\BlockyOS\Build\Build-2026-05-22-05\objs\UEFI.c.frat.o
 .text.__dirr_pop
                0x00000000000105cd       0x76 C:\GitHub\BlockyOS\Build\Build-2026-05-22-05\objs\UEFI.c.frat.o
 .text.__dirr_free
                0x0000000000010643      0x119 C:\GitHub\BlockyOS\Build\Build-2026-05-22-05\objs\UEFI.c.frat.o
                0x0000000000010643                __dirr_free
 .text.__dirr   0x000000000001075c      0x1fe C:\GitHub\BlockyOS\Build\Build-2026-05-22-05\objs\UEFI.c.frat.o
                0x000000000001075c                __dirr
 .text.__fprint_info
                0x000000000001095a      0x1fc C:\GitHub\BlockyOS\Build\Build-2026-05-22-05\objs\UEFI.c.frat.o
                0x000000000001095a                __fprint_info
 .text.getloc   0x0000000000010b56       0x55 C:\GitHub\BlockyOS\Build\Build-2026-05-22-05\objs\UEFI.c.frat.o
                0x0000000000010b56                getloc
 .text.FindDiskHandleByGUID
                0x0000000000010bab      0x88f C:\GitHub\BlockyOS\Build\Build-2026-05-22-05\objs\UEFI.c.raw.o
                0x0000000000010bab                FindDiskHandleByGUID
 .text.DisableVerbose
                0x000000000001143a       0x17 C:\GitHub\BlockyOS\Build\Build-2026-05-22-05\objs\UEFI.c.raw.o
                0x000000000001143a                DisableVerbose
 .text.EnableVerbose
                0x0000000000011451       0x17 C:\GitHub\BlockyOS\Build\Build-2026-05-22-05\objs\UEFI.c.raw.o
                0x0000000000011451                EnableVerbose
 .text.getblocksize
                0x0000000000011468       0x15 C:\GitHub\BlockyOS\Build\Build-2026-05-22-05\objs\UEFI.c.raw.o
                0x0000000000011468                getblocksize
 .text.setblocksize
                0x000000000001147d       0x56 C:\GitHub\BlockyOS\Build\Build-2026-05-22-05\objs\UEFI.c.raw.o
                0x000000000001147d                setblocksize
 .text.startup  0x00000000000114d3      0x2fe C:\GitHub\BlockyOS\Build\Build-2026-05-22-05\objs\UEFI.c.raw.o
                0x00000000000114d3                startup
 .text.readblocks
                0x00000000000117d1      0x256 C:\GitHub\BlockyOS\Build\Build-2026-05-22-05\objs\UEFI.c.raw.o
                0x00000000000117d1                readblocks
 .text.writeblocks
                0x0000000000011a27      0x234 C:\GitHub\BlockyOS\Build\Build-2026-05-22-05\objs\UEFI.c.raw.o
                0x0000000000011a27                writeblocks
 .text.writebytes
                0x0000000000011c5b      0x18d C:\GitHub\BlockyOS\Build\Build-2026-05-22-05\objs\UEFI.c.raw.o
                0x0000000000011c5b                writebytes
 .text.readbytes
                0x0000000000011de8      0x225 C:\GitHub\BlockyOS\Build\Build-2026-05-22-05\objs\UEFI.c.raw.o
                0x0000000000011de8                readbytes
 .text.dispose  0x000000000001200d       0x7e C:\GitHub\BlockyOS\Build\Build-2026-05-22-05\objs\UEFI.c.raw.o
                0x000000000001200d                dispose
 .text.load64   0x000000000001208b       0xb3 C:\GitHub\BlockyOS\Build\Build-2026-05-22-05\objs\UEFI.c.blake2b-ref.o
 .text.store32  0x000000000001213e       0x5b C:\GitHub\BlockyOS\Build\Build-2026-05-22-05\objs\UEFI.c.blake2b-ref.o
 .text.store64  0x0000000000012199       0xba C:\GitHub\BlockyOS\Build\Build-2026-05-22-05\objs\UEFI.c.blake2b-ref.o
 .text.rotr64   0x0000000000012253       0x20 C:\GitHub\BlockyOS\Build\Build-2026-05-22-05\objs\UEFI.c.blake2b-ref.o
 .text.secure_zero_memory
                0x0000000000012273       0x2c C:\GitHub\BlockyOS\Build\Build-2026-05-22-05\objs\UEFI.c.blake2b-ref.o
 .text.blake2b_set_lastnode
                0x000000000001229f       0x1b C:\GitHub\BlockyOS\Build\Build-2026-05-22-05\objs\UEFI.c.blake2b-ref.o
 .text.blake2b_is_lastblock
                0x00000000000122ba       0x1f C:\GitHub\BlockyOS\Build\Build-2026-05-22-05\objs\UEFI.c.blake2b-ref.o
 .text.blake2b_set_lastblock
                0x00000000000122d9       0x36 C:\GitHub\BlockyOS\Build\Build-2026-05-22-05\objs\UEFI.c.blake2b-ref.o
 .text.blake2b_increment_counter
                0x000000000001230f       0x4f C:\GitHub\BlockyOS\Build\Build-2026-05-22-05\objs\UEFI.c.blake2b-ref.o
 .text.blake2b_init0
                0x000000000001235e       0x5f C:\GitHub\BlockyOS\Build\Build-2026-05-22-05\objs\UEFI.c.blake2b-ref.o
 .text.blake2b_init_param
                0x00000000000123bd       0x8f C:\GitHub\BlockyOS\Build\Build-2026-05-22-05\objs\UEFI.c.blake2b-ref.o
                0x00000000000123bd                blake2b_init_param
 .text.blake2b_init
                0x000000000001244c       0xe5 C:\GitHub\BlockyOS\Build\Build-2026-05-22-05\objs\UEFI.c.blake2b-ref.o
                0x000000000001244c                blake2b_init
 .text.blake2b_init_key
                0x0000000000012531      0x1b1 C:\GitHub\BlockyOS\Build\Build-2026-05-22-05\objs\UEFI.c.blake2b-ref.o
                0x0000000000012531                blake2b_init_key
 .text.blake2b_compress
                0x00000000000126e2     0x6ce7 C:\GitHub\BlockyOS\Build\Build-2026-05-22-05\objs\UEFI.c.blake2b-ref.o
 .text.blake2b_update
                0x00000000000193c9      0x143 C:\GitHub\BlockyOS\Build\Build-2026-05-22-05\objs\UEFI.c.blake2b-ref.o
                0x00000000000193c9                blake2b_update
 .text.blake2b_final
                0x000000000001950c      0x179 C:\GitHub\BlockyOS\Build\Build-2026-05-22-05\objs\UEFI.c.blake2b-ref.o
                0x000000000001950c                blake2b_final
 .text.blake2b  0x0000000000019685      0x15b C:\GitHub\BlockyOS\Build\Build-2026-05-22-05\objs\UEFI.c.blake2b-ref.o
                0x0000000000019685                blake2b
 .text.blake2   0x00000000000197e0       0x48 C:\GitHub\BlockyOS\Build\Build-2026-05-22-05\objs\UEFI.c.blake2b-ref.o
                0x00000000000197e0                blake2
 .text.store32  0x0000000000019828       0x5b C:\GitHub\BlockyOS\Build\Build-2026-05-22-05\objs\UEFI.c.blake2bp-ref.o
 .text.secure_zero_memory
                0x0000000000019883       0x2c C:\GitHub\BlockyOS\Build\Build-2026-05-22-05\objs\UEFI.c.blake2bp-ref.o
 .text.blake2bp_init_leaf_param
                0x00000000000198af       0x41 C:\GitHub\BlockyOS\Build\Build-2026-05-22-05\objs\UEFI.c.blake2bp-ref.o
 .text.blake2bp_init_leaf
                0x00000000000198f0       0xdb C:\GitHub\BlockyOS\Build\Build-2026-05-22-05\objs\UEFI.c.blake2bp-ref.o
 .text.blake2bp_init_root
                0x00000000000199cb       0xd4 C:\GitHub\BlockyOS\Build\Build-2026-05-22-05\objs\UEFI.c.blake2bp-ref.o
 .text.blake2bp_init
                0x0000000000019a9f       0xf5 C:\GitHub\BlockyOS\Build\Build-2026-05-22-05\objs\UEFI.c.blake2bp-ref.o
                0x0000000000019a9f                blake2bp_init
 .text.blake2bp_init_key
                0x0000000000019b94      0x1ef C:\GitHub\BlockyOS\Build\Build-2026-05-22-05\objs\UEFI.c.blake2bp-ref.o
                0x0000000000019b94                blake2bp_init_key
 .text.blake2bp_update
                0x0000000000019d83      0x1b3 C:\GitHub\BlockyOS\Build\Build-2026-05-22-05\objs\UEFI.c.blake2bp-ref.o
                0x0000000000019d83                blake2bp_update
 .text.blake2bp_final
                0x0000000000019f36      0x19f C:\GitHub\BlockyOS\Build\Build-2026-05-22-05\objs\UEFI.c.blake2bp-ref.o
                0x0000000000019f36                blake2bp_final
 .text.blake2bp
                0x000000000001a0d5      0x362 C:\GitHub\BlockyOS\Build\Build-2026-05-22-05\objs\UEFI.c.blake2bp-ref.o
                0x000000000001a0d5                blake2bp
 .text.load32   0x000000000001a437       0x59 C:\GitHub\BlockyOS\Build\Build-2026-05-22-05\objs\UEFI.c.blake2s-ref.o
 .text.store16  0x000000000001a490       0x46 C:\GitHub\BlockyOS\Build\Build-2026-05-22-05\objs\UEFI.c.blake2s-ref.o
 .text.store32  0x000000000001a4d6       0x5b C:\GitHub\BlockyOS\Build\Build-2026-05-22-05\objs\UEFI.c.blake2s-ref.o
 .text.rotr32   0x000000000001a531       0x1c C:\GitHub\BlockyOS\Build\Build-2026-05-22-05\objs\UEFI.c.blake2s-ref.o
 .text.secure_zero_memory
                0x000000000001a54d       0x2c C:\GitHub\BlockyOS\Build\Build-2026-05-22-05\objs\UEFI.c.blake2s-ref.o
 .text.blake2s_set_lastnode
                0x000000000001a579       0x1a C:\GitHub\BlockyOS\Build\Build-2026-05-22-05\objs\UEFI.c.blake2s-ref.o
 .text.blake2s_is_lastblock
                0x000000000001a593       0x1d C:\GitHub\BlockyOS\Build\Build-2026-05-22-05\objs\UEFI.c.blake2s-ref.o
 .text.blake2s_set_lastblock
                0x000000000001a5b0       0x35 C:\GitHub\BlockyOS\Build\Build-2026-05-22-05\objs\UEFI.c.blake2s-ref.o
 .text.blake2s_increment_counter
                0x000000000001a5e5       0x45 C:\GitHub\BlockyOS\Build\Build-2026-05-22-05\objs\UEFI.c.blake2s-ref.o
 .text.blake2s_init0
                0x000000000001a62a       0x5d C:\GitHub\BlockyOS\Build\Build-2026-05-22-05\objs\UEFI.c.blake2s-ref.o
 .text.blake2s_init_param
                0x000000000001a687       0x88 C:\GitHub\BlockyOS\Build\Build-2026-05-22-05\objs\UEFI.c.blake2s-ref.o
                0x000000000001a687                blake2s_init_param
 .text.blake2s_init
                0x000000000001a70f       0xcb C:\GitHub\BlockyOS\Build\Build-2026-05-22-05\objs\UEFI.c.blake2s-ref.o
                0x000000000001a70f                blake2s_init
 .text.blake2s_init_key
                0x000000000001a7da      0x15b C:\GitHub\BlockyOS\Build\Build-2026-05-22-05\objs\UEFI.c.blake2s-ref.o
                0x000000000001a7da                blake2s_init_key
 .text.blake2s_compress
                0x000000000001a935     0x3b6a C:\GitHub\BlockyOS\Build\Build-2026-05-22-05\objs\UEFI.c.blake2s-ref.o
 .text.blake2s_update
                0x000000000001e49f      0x131 C:\GitHub\BlockyOS\Build\Build-2026-05-22-05\objs\UEFI.c.blake2s-ref.o
                0x000000000001e49f                blake2s_update
 .text.blake2s_final
                0x000000000001e5d0      0x145 C:\GitHub\BlockyOS\Build\Build-2026-05-22-05\objs\UEFI.c.blake2s-ref.o
                0x000000000001e5d0                blake2s_final
 .text.blake2s  0x000000000001e715      0x15b C:\GitHub\BlockyOS\Build\Build-2026-05-22-05\objs\UEFI.c.blake2s-ref.o
                0x000000000001e715                blake2s
 .text.store16  0x000000000001e870       0x46 C:\GitHub\BlockyOS\Build\Build-2026-05-22-05\objs\UEFI.c.blake2sp-ref.o
 .text.store32  0x000000000001e8b6       0x5b C:\GitHub\BlockyOS\Build\Build-2026-05-22-05\objs\UEFI.c.blake2sp-ref.o
 .text.secure_zero_memory
                0x000000000001e911       0x2c C:\GitHub\BlockyOS\Build\Build-2026-05-22-05\objs\UEFI.c.blake2sp-ref.o
 .text.blake2sp_init_leaf_param
                0x000000000001e93d       0x3e C:\GitHub\BlockyOS\Build\Build-2026-05-22-05\objs\UEFI.c.blake2sp-ref.o
 .text.blake2sp_init_leaf
                0x000000000001e97b       0xc1 C:\GitHub\BlockyOS\Build\Build-2026-05-22-05\objs\UEFI.c.blake2sp-ref.o
 .text.blake2sp_init_root
                0x000000000001ea3c       0xba C:\GitHub\BlockyOS\Build\Build-2026-05-22-05\objs\UEFI.c.blake2sp-ref.o
 .text.blake2sp_init
                0x000000000001eaf6       0xf5 C:\GitHub\BlockyOS\Build\Build-2026-05-22-05\objs\UEFI.c.blake2sp-ref.o
                0x000000000001eaf6                blake2sp_init
 .text.blake2sp_init_key
                0x000000000001ebeb      0x198 C:\GitHub\BlockyOS\Build\Build-2026-05-22-05\objs\UEFI.c.blake2sp-ref.o
                0x000000000001ebeb                blake2sp_init_key
 .text.blake2sp_update
                0x000000000001ed83      0x1b3 C:\GitHub\BlockyOS\Build\Build-2026-05-22-05\objs\UEFI.c.blake2sp-ref.o
                0x000000000001ed83                blake2sp_update
 .text.blake2sp_final
                0x000000000001ef36      0x19c C:\GitHub\BlockyOS\Build\Build-2026-05-22-05\objs\UEFI.c.blake2sp-ref.o
                0x000000000001ef36                blake2sp_final
 .text.blake2sp
                0x000000000001f0d2      0x362 C:\GitHub\BlockyOS\Build\Build-2026-05-22-05\objs\UEFI.c.blake2sp-ref.o
                0x000000000001f0d2                blake2sp
 .text.load32   0x000000000001f434       0x59 C:\GitHub\BlockyOS\Build\Build-2026-05-22-05\objs\UEFI.c.blake2xb-ref.o
 .text.store32  0x000000000001f48d       0x5b C:\GitHub\BlockyOS\Build\Build-2026-05-22-05\objs\UEFI.c.blake2xb-ref.o
 .text.secure_zero_memory
                0x000000000001f4e8       0x2c C:\GitHub\BlockyOS\Build\Build-2026-05-22-05\objs\UEFI.c.blake2xb-ref.o
 .text.blake2xb_init
                0x000000000001f514       0x2c C:\GitHub\BlockyOS\Build\Build-2026-05-22-05\objs\UEFI.c.blake2xb-ref.o
                0x000000000001f514                blake2xb_init
 .text.blake2xb_init_key
                0x000000000001f540      0x22d C:\GitHub\BlockyOS\Build\Build-2026-05-22-05\objs\UEFI.c.blake2xb-ref.o
                0x000000000001f540                blake2xb_init_key
 .text.blake2xb_update
                0x000000000001f76d       0x2d C:\GitHub\BlockyOS\Build\Build-2026-05-22-05\objs\UEFI.c.blake2xb-ref.o
                0x000000000001f76d                blake2xb_update
 .text.blake2xb_final
                0x000000000001f79a      0x220 C:\GitHub\BlockyOS\Build\Build-2026-05-22-05\objs\UEFI.c.blake2xb-ref.o
                0x000000000001f79a                blake2xb_final
 .text.blake2xb
                0x000000000001f9ba      0x11b C:\GitHub\BlockyOS\Build\Build-2026-05-22-05\objs\UEFI.c.blake2xb-ref.o
                0x000000000001f9ba                blake2xb
 .text.load16   0x000000000001fad5       0x33 C:\GitHub\BlockyOS\Build\Build-2026-05-22-05\objs\UEFI.c.blake2xs-ref.o
 .text.store16  0x000000000001fb08       0x46 C:\GitHub\BlockyOS\Build\Build-2026-05-22-05\objs\UEFI.c.blake2xs-ref.o
 .text.store32  0x000000000001fb4e       0x5b C:\GitHub\BlockyOS\Build\Build-2026-05-22-05\objs\UEFI.c.blake2xs-ref.o
 .text.secure_zero_memory
                0x000000000001fba9       0x2c C:\GitHub\BlockyOS\Build\Build-2026-05-22-05\objs\UEFI.c.blake2xs-ref.o
 .text.blake2xs_init
                0x000000000001fbd5       0x2c C:\GitHub\BlockyOS\Build\Build-2026-05-22-05\objs\UEFI.c.blake2xs-ref.o
                0x000000000001fbd5                blake2xs_init
 .text.blake2xs_init_key
                0x000000000001fc01      0x1b5 C:\GitHub\BlockyOS\Build\Build-2026-05-22-05\objs\UEFI.c.blake2xs-ref.o
                0x000000000001fc01                blake2xs_init_key
 .text.blake2xs_update
                0x000000000001fdb6       0x2d C:\GitHub\BlockyOS\Build\Build-2026-05-22-05\objs\UEFI.c.blake2xs-ref.o
                0x000000000001fdb6                blake2xs_update
 .text.blake2xs_final
                0x000000000001fde3      0x223 C:\GitHub\BlockyOS\Build\Build-2026-05-22-05\objs\UEFI.c.blake2xs-ref.o
                0x000000000001fde3                blake2xs_final
 .text.blake2xs
                0x0000000000020006      0x11b C:\GitHub\BlockyOS\Build\Build-2026-05-22-05\objs\UEFI.c.blake2xs-ref.o
                0x0000000000020006                blake2xs
 .text.srchSecWithPrefix
                0x0000000000020121      0x152 C:\GitHub\BlockyOS\Build\Build-2026-05-22-05\objs\UEFI.c.execload.o
 .text.srchSymbol
                0x0000000000020273      0x140 C:\GitHub\BlockyOS\Build\Build-2026-05-22-05\objs\UEFI.c.execload.o
 .text.computeReloc
                0x00000000000203b3       0x4c C:\GitHub\BlockyOS\Build\Build-2026-05-22-05\objs\UEFI.c.execload.o
                0x00000000000203b3                computeReloc
 .text.loadSection
                0x00000000000203ff       0xcc C:\GitHub\BlockyOS\Build\Build-2026-05-22-05\objs\UEFI.c.execload.o
 .text.__resolve
                0x00000000000204cb     0x101d C:\GitHub\BlockyOS\Build\Build-2026-05-22-05\objs\UEFI.c.execload.o
                0x00000000000204cb                __resolve
 .text.socketopen
                0x00000000000214e8      0x202 C:\GitHub\BlockyOS\Build\Build-2026-05-22-05\objs\UEFI.c.socket.o
                0x00000000000214e8                socketopen
 .text.__fhandle_sckwrite
                0x00000000000216ea      0x171 C:\GitHub\BlockyOS\Build\Build-2026-05-22-05\objs\UEFI.c.sockets.o
                0x00000000000216ea                __fhandle_sckwrite
 .text.__fhandle_sckread
                0x000000000002185b      0x1aa C:\GitHub\BlockyOS\Build\Build-2026-05-22-05\objs\UEFI.c.sockets.o
                0x000000000002185b                __fhandle_sckread
 .text.__fhandle_sckclose
                0x0000000000021a05      0x133 C:\GitHub\BlockyOS\Build\Build-2026-05-22-05\objs\UEFI.c.sockets.o
                0x0000000000021a05                __fhandle_sckclose
 .text.__fhandle_sckOPENchild
                0x0000000000021b38      0x459 C:\GitHub\BlockyOS\Build\Build-2026-05-22-05\objs\UEFI.c.sockets.o
                0x0000000000021b38                __fhandle_sckOPENchild
 .text.__froot_sckread
                0x0000000000021f91       0x3f C:\GitHub\BlockyOS\Build\Build-2026-05-22-05\objs\UEFI.c.sockets.o
                0x0000000000021f91                __froot_sckread
 .text.__froot_sckwrite
                0x0000000000021fd0       0x3f C:\GitHub\BlockyOS\Build\Build-2026-05-22-05\objs\UEFI.c.sockets.o
                0x0000000000021fd0                __froot_sckwrite
 .text.__froot_sckclose
                0x000000000002200f      0x1cf C:\GitHub\BlockyOS\Build\Build-2026-05-22-05\objs\UEFI.c.sockets.o
                0x000000000002200f                __froot_sckclose
 .text.__froot_sckOPENchild
                0x00000000000221de      0x2c8 C:\GitHub\BlockyOS\Build\Build-2026-05-22-05\objs\UEFI.c.sockets.o
                0x00000000000221de                __froot_sckOPENchild
 .text.__froot_sckopen
                0x00000000000224a6      0x342 C:\GitHub\BlockyOS\Build\Build-2026-05-22-05\objs\UEFI.c.sockets.o
                0x00000000000224a6                __froot_sckopen
 .text._GUIDtoSTR
                0x00000000000227e8       0x70 C:\GitHub\BlockyOS\Build\Build-2026-05-22-05\objs\UEFI.c.tools.o
                0x00000000000227e8                _GUIDtoSTR
 .text.prGUID   0x0000000000022858       0x86 C:\GitHub\BlockyOS\Build\Build-2026-05-22-05\objs\UEFI.c.tools.o
                0x0000000000022858                prGUID
 .text.strcheck
                0x00000000000228de       0x53 C:\GitHub\BlockyOS\Build\Build-2026-05-22-05\objs\UEFI.c.tools.o
                0x00000000000228de                strcheck
 .text.strchecki
                0x0000000000022931       0x54 C:\GitHub\BlockyOS\Build\Build-2026-05-22-05\objs\UEFI.c.tools.o
                0x0000000000022931                strchecki
 .text.__memdup
                0x0000000000022985       0x6c C:\GitHub\BlockyOS\Build\Build-2026-05-22-05\objs\UEFI.c.tools.o
                0x0000000000022985                __memdup
 .text.isascii  0x00000000000229f1       0x14 C:\GitHub\BlockyOS\Build\Build-2026-05-22-05\objs\UEFI.c.tools.o
                0x00000000000229f1                isascii
 .text.__getfcode
                0x0000000000022a05      0x10b C:\GitHub\BlockyOS\Build\Build-2026-05-22-05\objs\UEFI.c.tools.o
                0x0000000000022a05                __getfcode
 .text.readbuf  0x0000000000022b10      0x11c C:\GitHub\BlockyOS\Build\Build-2026-05-22-05\objs\UEFI.c.tools.o
                0x0000000000022b10                readbuf
 .text.strtok_i
                0x0000000000022c2c       0xcc C:\GitHub\BlockyOS\Build\Build-2026-05-22-05\objs\UEFI.c.tools.o
                0x0000000000022c2c                strtok_i
 .text.strtok_k
                0x0000000000022cf8      0x1f4 C:\GitHub\BlockyOS\Build\Build-2026-05-22-05\objs\UEFI.c.tools.o
                0x0000000000022cf8                strtok_k
 .text.strtok_d
                0x0000000000022eec       0xad C:\GitHub\BlockyOS\Build\Build-2026-05-22-05\objs\UEFI.c.tools.o
                0x0000000000022eec                strtok_d
 .text.trng__   0x0000000000022f99       0x98 C:\GitHub\BlockyOS\Build\Build-2026-05-22-05\objs\UEFI.c.tools.o
                0x0000000000022f99                trng__
 .text.tolower  0x0000000000023031       0x16 C:\GitHub\BlockyOS\Build\Build-2026-05-22-05\objs\UEFI.c.tools.o
                0x0000000000023031                tolower
 .text.isdigit  0x0000000000023047       0x2a C:\GitHub\BlockyOS\Build\Build-2026-05-22-05\objs\UEFI.c.tools.o
                0x0000000000023047                isdigit
 .text.str_tolower
                0x0000000000023071       0x7a C:\GitHub\BlockyOS\Build\Build-2026-05-22-05\objs\UEFI.c.tools.o
                0x0000000000023071                str_tolower
 .text.match_rec
                0x00000000000230eb      0x134 C:\GitHub\BlockyOS\Build\Build-2026-05-22-05\objs\UEFI.c.tools.o
                0x00000000000230eb                match_rec
 .text.makeGPTeNSTR
                0x000000000002321f       0xa0 C:\GitHub\BlockyOS\Build\Build-2026-05-22-05\objs\UEFI.c.tools.o
                0x000000000002321f                makeGPTeNSTR
 .text.__pattmatch
                0x00000000000232bf      0x164 C:\GitHub\BlockyOS\Build\Build-2026-05-22-05\objs\UEFI.c.tools.o
                0x00000000000232bf                __pattmatch
 .text.__realloc_
                0x0000000000023423       0xe7 C:\GitHub\BlockyOS\Build\Build-2026-05-22-05\objs\UEFI.c.tools.o
                0x0000000000023423                __realloc_
 .text.__calloc_
                0x000000000002350a       0x89 C:\GitHub\BlockyOS\Build\Build-2026-05-22-05\objs\UEFI.c.tools.o
                0x000000000002350a                __calloc_
 .text.__memset
                0x0000000000023593       0x5b C:\GitHub\BlockyOS\Build\Build-2026-05-22-05\objs\UEFI.c.tools.o
                0x0000000000023593                __memset
 .text.__safecopy
                0x00000000000235ee       0x89 C:\GitHub\BlockyOS\Build\Build-2026-05-22-05\objs\UEFI.c.tools.o
                0x00000000000235ee                __safecopy
 .text.__memcpy
                0x0000000000023677       0x64 C:\GitHub\BlockyOS\Build\Build-2026-05-22-05\objs\UEFI.c.tools.o
                0x0000000000023677                __memcpy
 .text.__strlen
                0x00000000000236db       0x33 C:\GitHub\BlockyOS\Build\Build-2026-05-22-05\objs\UEFI.c.tools.o
                0x00000000000236db                __strlen
 .text.__strdup
                0x000000000002370e       0x2d C:\GitHub\BlockyOS\Build\Build-2026-05-22-05\objs\UEFI.c.tools.o
                0x000000000002370e                __strdup
 .text.__strspn
                0x000000000002373b       0x6a C:\GitHub\BlockyOS\Build\Build-2026-05-22-05\objs\UEFI.c.tools.o
                0x000000000002373b                __strspn
 .text.__memcmp
                0x00000000000237a5       0xac C:\GitHub\BlockyOS\Build\Build-2026-05-22-05\objs\UEFI.c.tools.o
                0x00000000000237a5                __memcmp
 .text.getDriveMediaID
                0x0000000000023851      0x176 C:\GitHub\BlockyOS\Build\Build-2026-05-22-05\objs\UEFI.c.tools.o
                0x0000000000023851                getDriveMediaID
 .text.ValidateImageHandle
                0x00000000000239c7       0x5c C:\GitHub\BlockyOS\Build\Build-2026-05-22-05\objs\UEFI.c.tools.o
                0x00000000000239c7                ValidateImageHandle
 .text.IsPartition
                0x0000000000023a23       0x72 C:\GitHub\BlockyOS\Build\Build-2026-05-22-05\objs\UEFI.c.tools.o
                0x0000000000023a23                IsPartition
 .text.GetDevicePath
                0x0000000000023a95       0x5f C:\GitHub\BlockyOS\Build\Build-2026-05-22-05\objs\UEFI.c.tools.o
                0x0000000000023a95                GetDevicePath
 .text.RestartSystem
                0x0000000000023af4       0x31 C:\GitHub\BlockyOS\Build\Build-2026-05-22-05\objs\UEFI.c.tools.o
                0x0000000000023af4                RestartSystem
 .text.libinit  0x0000000000023b25       0xad C:\GitHub\BlockyOS\Build\Build-2026-05-22-05\objs\UEFI.c.boot.o
                0x0000000000023b25                libinit
 .text.efi_main
                0x0000000000023bd2      0x3ae C:\GitHub\BlockyOS\Build\Build-2026-05-22-05\objs\UEFI.c.boot.o
                0x0000000000023bd2                efi_main
 .text.ProcessNode
                0x0000000000023f80      0x15f C:\GitHub\BlockyOS\Build\Build-2026-05-22-05\objs\UEFI.c.bthelper.o
                0x0000000000023f80                ProcessNode
 .text.BuildDeviceTree
                0x00000000000240df       0xd9 C:\GitHub\BlockyOS\Build\Build-2026-05-22-05\objs\UEFI.c.bthelper.o
                0x00000000000240df                BuildDeviceTree
 .text.DebugDevicePath
                0x00000000000241b8       0xdb C:\GitHub\BlockyOS\Build\Build-2026-05-22-05\objs\UEFI.c.bthelper.o
                0x00000000000241b8                DebugDevicePath
 .text.DescribeDeviceNode
                0x0000000000024293      0x397 C:\GitHub\BlockyOS\Build\Build-2026-05-22-05\objs\UEFI.c.bthelper.o
                0x0000000000024293                DescribeDeviceNode
 .text.getDevPath
                0x000000000002462a       0xa8 C:\GitHub\BlockyOS\Build\Build-2026-05-22-05\objs\UEFI.c.bthelper.o
                0x000000000002462a                getDevPath
 .text.loadDNodes
                0x00000000000246d2      0x2a5 C:\GitHub\BlockyOS\Build\Build-2026-05-22-05\objs\UEFI.c.bthelper.o
                0x00000000000246d2                loadDNodes
 .text.GetMemoryMap
                0x0000000000024977      0x2aa C:\GitHub\BlockyOS\Build\Build-2026-05-22-05\objs\UEFI.c.bthelper.o
                0x0000000000024977                GetMemoryMap
 .text.EfiMemoryTypeToStr
                0x0000000000024c21      0x1a3 C:\GitHub\BlockyOS\Build\Build-2026-05-22-05\objs\UEFI.c.bthelper.o
 .text.gatherbootinfo
                0x0000000000024dc4      0x107 C:\GitHub\BlockyOS\Build\Build-2026-05-22-05\objs\UEFI.c.bthelper.o
                0x0000000000024dc4                gatherbootinfo
 .text.CreateBootEntry
                0x0000000000024ecb      0x36b C:\GitHub\BlockyOS\Build\Build-2026-05-22-05\objs\UEFI.c.bthelper.o
                0x0000000000024ecb                CreateBootEntry
 *(.gnu.linkonce.t.*)
 *(.plt)
                0x0000000000025240                . = ALIGN (0x10)
 *fill*         0x0000000000025236        0xa 
                0x0000000000025240                _etext = .
                0x0000000000021240                _text_size = (_etext - _text)

.iplt           0x0000000000025240        0x0
 .iplt          0x0000000000025240        0x0 C:\GitHub\BlockyOS\compile\toolchain\gnu-efi-build\x86_64\lib/crt0-efi-x86_64.o

.rela.dyn       0x0000000000025240        0x0
 .rela.iplt     0x0000000000025240        0x0 C:\GitHub\BlockyOS\compile\toolchain\gnu-efi-build\x86_64\lib/crt0-efi-x86_64.o
                0x0000000000026000                . = ALIGN (0x1000)

.data           0x0000000000026000      0xee8
                0x0000000000026000                _data = .
 *(.got.plt)
 .got.plt       0x0000000000026000        0x0 C:\GitHub\BlockyOS\compile\toolchain\gnu-efi-build\x86_64\lib/crt0-efi-x86_64.o
 *(.got)
 .got           0x0000000000026000        0x0 C:\GitHub\BlockyOS\compile\toolchain\gnu-efi-build\x86_64\lib/crt0-efi-x86_64.o
 *(.data*)
 .data          0x0000000000026000        0x8 C:\GitHub\BlockyOS\compile\toolchain\gnu-efi-build\x86_64\lib/crt0-efi-x86_64.o
 .data          0x0000000000026008        0x0 C:\GitHub\BlockyOS\Build\Build-2026-05-22-05\objs\UEFI.c.frat.o
 .data          0x0000000000026008        0x0 C:\GitHub\BlockyOS\Build\Build-2026-05-22-05\objs\UEFI.c.raw.o
 .data          0x0000000000026008        0x0 C:\GitHub\BlockyOS\Build\Build-2026-05-22-05\objs\UEFI.c.blake2b-ref.o
 .data.rel.ro.memset_v.0
                0x0000000000026008        0x8 C:\GitHub\BlockyOS\Build\Build-2026-05-22-05\objs\UEFI.c.blake2b-ref.o
 .data          0x0000000000026010        0x0 C:\GitHub\BlockyOS\Build\Build-2026-05-22-05\objs\UEFI.c.blake2bp-ref.o
 .data.rel.ro.memset_v.0
                0x0000000000026010        0x8 C:\GitHub\BlockyOS\Build\Build-2026-05-22-05\objs\UEFI.c.blake2bp-ref.o
 .data          0x0000000000026018        0x0 C:\GitHub\BlockyOS\Build\Build-2026-05-22-05\objs\UEFI.c.blake2s-ref.o
 .data.rel.ro.memset_v.0
                0x0000000000026018        0x8 C:\GitHub\BlockyOS\Build\Build-2026-05-22-05\objs\UEFI.c.blake2s-ref.o
 .data          0x0000000000026020        0x0 C:\GitHub\BlockyOS\Build\Build-2026-05-22-05\objs\UEFI.c.blake2sp-ref.o
 .data.rel.ro.memset_v.0
                0x0000000000026020        0x8 C:\GitHub\BlockyOS\Build\Build-2026-05-22-05\objs\UEFI.c.blake2sp-ref.o
 .data          0x0000000000026028        0x0 C:\GitHub\BlockyOS\Build\Build-2026-05-22-05\objs\UEFI.c.blake2xb-ref.o
 .data.rel.ro.memset_v.0
                0x0000000000026028        0x8 C:\GitHub\BlockyOS\Build\Build-2026-05-22-05\objs\UEFI.c.blake2xb-ref.o
 .data          0x0000000000026030        0x0 C:\GitHub\BlockyOS\Build\Build-2026-05-22-05\objs\UEFI.c.blake2xs-ref.o
 .data.rel.ro.memset_v.0
                0x0000000000026030        0x8 C:\GitHub\BlockyOS\Build\Build-2026-05-22-05\objs\UEFI.c.blake2xs-ref.o
 .data          0x0000000000026038        0x0 C:\GitHub\BlockyOS\Build\Build-2026-05-22-05\objs\UEFI.c.execload.o
 .data          0x0000000000026038        0x0 C:\GitHub\BlockyOS\Build\Build-2026-05-22-05\objs\UEFI.c.socket.o
 .data          0x0000000000026038        0x0 C:\GitHub\BlockyOS\Build\Build-2026-05-22-05\objs\UEFI.c.sockets.o
 .data          0x0000000000026038        0x0 C:\GitHub\BlockyOS\Build\Build-2026-05-22-05\objs\UEFI.c.tools.o
 .data          0x0000000000026038        0x0 C:\GitHub\BlockyOS\Build\Build-2026-05-22-05\objs\UEFI.c.boot.o
 *fill*         0x0000000000026038        0x8 
 .data.rel.ro.local.installDISK
                0x0000000000026040       0x90 C:\GitHub\BlockyOS\Build\Build-2026-05-22-05\objs\UEFI.c.boot.o
 .data          0x00000000000260d0        0x0 C:\GitHub\BlockyOS\Build\Build-2026-05-22-05\objs\UEFI.c.bthelper.o
 *fill*         0x00000000000260d0       0x10 
 .data.rel.ro.local.installDISK
                0x00000000000260e0       0x90 C:\GitHub\BlockyOS\Build\Build-2026-05-22-05\objs\UEFI.c.bthelper.o
 .data.bufLEN.0
                0x0000000000026170        0x1 C:\GitHub\BlockyOS\Build\Build-2026-05-22-05\objs\UEFI.c.bthelper.o
 *fill*         0x0000000000026171        0xf 
 .data          0x0000000000026180      0x4f0 C:\GitHub\BlockyOS\compile\toolchain\gnu-efi-build\x86_64\/lib/\libefi.a(data.o)
                0x0000000000026180                ShellDynamicCommandProtocolGuid
                0x0000000000026190                ShellParametersProtocolGuid
                0x00000000000261a0                ShellProtocolGuid
                0x00000000000261b0                SimpleTextInputExProtocol
                0x00000000000261c0                gEfiDebugSupportProtocolGuid
                0x00000000000261d0                gEfiDebugImageInfoTableGuid
                0x00000000000261e0                AbsolutePointerProtocol
                0x00000000000261f0                SimplePointerProtocol
                0x0000000000026200                Tcp4Protocol
                0x0000000000026210                Tcp4ServiceBindingProtocol
                0x0000000000026220                Udp4Protocol
                0x0000000000026230                Udp4ServiceBindingProtocol
                0x0000000000026240                Ip4Protocol
                0x0000000000026250                Ip4ServiceBindingProtocol
                0x0000000000026260                EfiDtbTableGuid
                0x0000000000026270                SalSystemTableGuid
                0x0000000000026280                gEfiSmbios3TableGuid
                0x0000000000026290                gEfiSmbiosTableGuid
                0x00000000000262a0                AcpiTableGuid
                0x00000000000262b0                MpsTableGuid
                0x00000000000262c0                UnknownDevice
                0x00000000000262d0                EfiPartTypeLegacyMbrGuid
                0x00000000000262e0                EfiPartTypeSystemPartitionGuid
                0x00000000000262f0                gEfiVTUTF8Guid
                0x0000000000026300                gEfiVT100PlusGuid
                0x0000000000026310                gEfiVT100Guid
                0x0000000000026320                gEfiPcAnsiGuid
                0x0000000000026330                AdapterDebugProtocol
                0x0000000000026340                gEfiEdidOverrideProtocolGuid
                0x0000000000026350                gEfiEdidActiveProtocolGuid
                0x0000000000026360                gEfiEdidDiscoveredProtocolGuid
                0x0000000000026370                gEfiGraphicsOutputProtocolGuid
                0x0000000000026380                TextInSpliterProtocol
                0x0000000000026390                ErrorOutSpliterProtocol
                0x00000000000263a0                TextOutSpliterProtocol
                0x00000000000263b0                VgaClassProtocol
                0x00000000000263c0                LegacyBootProtocol
                0x00000000000263d0                VariableStoreProtocol
                0x00000000000263e0                InternalShellProtocol
                0x00000000000263f0                gEfiMpServicesProtocolGuid
                0x0000000000026400                gEfiFileSystemVolumeLabelInfoIdGuid
                0x0000000000026410                gEfiFileSystemInfoGuid
                0x0000000000026420                gEfiFileInfoGuid
                0x0000000000026430                gEfiEbcProtocolGuid
                0x0000000000026440                gEfiDriverFamilyOverrideProtocolGuid
                0x0000000000026450                gEfiBusSpecificDriverOverrideProtocolGuid
                0x0000000000026460                gEfiPlatformDriverOverrideProtocolGuid
                0x0000000000026470                gEfiHashProtocolGuid
                0x0000000000026480                gEfiComponentName2ProtocolGuid
                0x0000000000026490                gEfiComponentNameProtocolGuid
                0x00000000000264a0                gEfiDriverBindingProtocolGuid
                0x00000000000264b0                gEfiPciRootBridgeIoProtocolGuid
                0x00000000000264c0                gEfiPciIoProtocolGuid
                0x00000000000264d0                gEFiUiInterfaceProtocolGuid
                0x00000000000264e0                gEfiNetworkInterfaceIdentifierProtocolGuid
                0x00000000000264f0                gEfiPxeBaseCodeCallbackProtocolGuid
                0x0000000000026500                gEfiPxeBaseCodeProtocolGuid
                0x0000000000026510                gEfiSimpleNetworkProtocolGuid
                0x0000000000026520                gEfiSerialIoProtocolGuid
                0x0000000000026530                gEfiUnicodeCollationProtocolGuid
                0x0000000000026540                gEfiDeviceIoProtocolGuid
                0x0000000000026550                gEfiLoadFile2ProtocolGuid
                0x0000000000026560                gEfiLoadFileProtocolGuid
                0x0000000000026570                gEfiLoadedImageDevicePathProtocolGuid
                0x0000000000026580                gEfiSimpleFileSystemProtocolGuid
                0x0000000000026590                gEfiDxeServicesTableGuid
                0x00000000000265a0                gEfiDiskIo2ProtocolGuid
                0x00000000000265b0                gEfiDiskIoProtocolGuid
                0x00000000000265c0                gEfiBlockIo2ProtocolGuid
                0x00000000000265d0                gEfiBlockIoProtocolGuid
                0x00000000000265e0                gEfiSimpleTextOutProtocolGuid
                0x00000000000265f0                gEfiSimpleTextInProtocolGuid
                0x0000000000026600                gEfiLoadedImageProtocolGuid
                0x0000000000026610                gEfiDevicePathUtilitiesProtocolGuid
                0x0000000000026620                gEfiDevicePathFromTextProtocolGuid
                0x0000000000026630                gEfiDevicePathToTextProtocolGuid
                0x0000000000026640                gEfiDevicePathProtocolGuid
                0x0000000000026650                gEfiGlobalVariableGuid
                0x0000000000026660                EndInstanceDevicePath
                0x0000000000026664                EndDevicePath
                0x0000000000026668                RootDevicePath
                0x000000000002666c                PoolAllocationType
 *fill*         0x0000000000026670       0x10 
 .data.rel.local
                0x0000000000026680       0x58 C:\GitHub\BlockyOS\compile\toolchain\gnu-efi-build\x86_64\/lib/\libefi.a(data.o)
                0x0000000000026680                UnicodeInterface
                0x00000000000266a0                LibStubUnicodeInterface
 .data          0x00000000000266d8        0x0 C:\GitHub\BlockyOS\compile\toolchain\gnu-efi-build\x86_64\/lib/\libefi.a(entry.o)
 *fill*         0x00000000000266d8        0x8 
 .data          0x00000000000266e0       0x50 C:\GitHub\BlockyOS\compile\toolchain\gnu-efi-build\x86_64\/lib/\libefi.a(guid.o)
 *fill*         0x0000000000026730       0x10 
 .data.rel.ro.local
                0x0000000000026740      0x2c0 C:\GitHub\BlockyOS\compile\toolchain\gnu-efi-build\x86_64\/lib/\libefi.a(guid.o)
 .data          0x0000000000026a00        0x0 C:\GitHub\BlockyOS\compile\toolchain\gnu-efi-build\x86_64\/lib/\libefi.a(init.o)
 .data          0x0000000000026a00        0x0 C:\GitHub\BlockyOS\compile\toolchain\gnu-efi-build\x86_64\/lib/\libefi.a(misc.o)
 .data          0x0000000000026a00        0x0 C:\GitHub\BlockyOS\compile\toolchain\gnu-efi-build\x86_64\/lib/\libefi.a(str.o)
 .data          0x0000000000026a00        0x0 C:\GitHub\BlockyOS\compile\toolchain\gnu-efi-build\x86_64\/lib/\libefi.a(efirtlib.o)
 .data          0x0000000000026a00        0x0 C:\GitHub\BlockyOS\compile\toolchain\gnu-efi-build\x86_64\/lib/\libefi.a(rtstr.o)
 .data          0x0000000000026a00        0x8 C:\GitHub\BlockyOS\compile\toolchain\gnu-efi-build\x86_64\/lib/\libefi.a(rtdata.o)
                0x0000000000026a00                EFIDebug
 .data          0x0000000000026a08        0x0 C:\GitHub\BlockyOS\compile\toolchain\gnu-efi-build\x86_64\/lib/\libefi.a(initplat.o)
 .data          0x0000000000026a08        0x0 C:\GitHub\BlockyOS\compile\toolchain\gnu-efi-build\x86_64\/lib/\libefi.a(print.o)
 .data          0x0000000000026a08        0x0 C:\GitHub\BlockyOS\compile\toolchain\gnu-efi-build\x86_64\/lib/\libefi.a(va_print.o)
 .data          0x0000000000026a08        0x0 C:\GitHub\BlockyOS\compile\toolchain\gnu-efi-build\x86_64\/lib/\libefi.a(efi_stub.o)
 .data          0x0000000000026a08        0x0 C:\GitHub\BlockyOS\compile\toolchain\gnu-efi-build\x86_64\/lib/\libefi.a(console.o)
 .data          0x0000000000026a08        0x0 C:\GitHub\BlockyOS\compile\toolchain\gnu-efi-build\x86_64\/lib/\libefi.a(dpath.o)
 *fill*         0x0000000000026a08       0x18 
 .data.rel.local
                0x0000000000026a20      0x1c0 C:\GitHub\BlockyOS\compile\toolchain\gnu-efi-build\x86_64\/lib/\libefi.a(dpath.o)
                0x0000000000026a20                DevPathTable
 .data          0x0000000000026be0        0x0 C:\GitHub\BlockyOS\compile\toolchain\gnu-efi-build\x86_64\/lib/\libefi.a(error.o)
 .data.rel.local
                0x0000000000026be0      0x2a0 C:\GitHub\BlockyOS\compile\toolchain\gnu-efi-build\x86_64\/lib/\libefi.a(error.o)
                0x0000000000026be0                ErrorCodeTable
 .data          0x0000000000026e80        0x0 C:\GitHub\BlockyOS\compile\toolchain\gnu-efi-build\x86_64\/lib/\libefi.a(event.o)
 .data          0x0000000000026e80        0x0 C:\GitHub\BlockyOS\compile\toolchain\gnu-efi-build\x86_64\/lib/\libefi.a(hand.o)
 .data          0x0000000000026e80        0x0 C:\GitHub\BlockyOS\compile\toolchain\gnu-efi-build\x86_64\/lib/\libefi.a(math.o)
 .data          0x0000000000026e80        0x0 C:\GitHub\BlockyOS\compile\toolchain\gnu-efi-build\x86_64\/lib/\libgnuefi.a(reloc_x86_64.o)
 *(.sdata)
                0x0000000000026e80                . = ALIGN (0x10)
                0x0000000000026e80                __init_array_start = .
 *(SORT_BY_NAME(.init_array.*))
 *(.init_array)
                0x0000000000026e80                __init_array_end = .
                0x0000000000026e80                . = ALIGN (0x10)
                0x0000000000026e80                __CTOR_LIST__ = .
 *(SORT_BY_NAME(.ctors.*))
 *(.ctors)
                0x0000000000026e80                __CTOR_END__ = .
                0x0000000000026e80                . = ALIGN (0x10)
                0x0000000000026e80                __DTOR_LIST__ = .
 *(SORT_BY_NAME(.dtors.*))
 *(.dtors)
                0x0000000000026e80                __DTOR_END__ = .
                0x0000000000026e80                . = ALIGN (0x10)
                0x0000000000026e80                __fini_array_start = .
 *(SORT_BY_NAME(.fini_array.*))
 *(.fini_array)
                0x0000000000026e80                __fini_array_end = .
 *(.sbss)
 *(.scommon)
 *(.dynbss)
 *(.bss*)
 .bss           0x0000000000026e80        0x0 C:\GitHub\BlockyOS\compile\toolchain\gnu-efi-build\x86_64\lib/crt0-efi-x86_64.o
 .bss           0x0000000000026e80        0x0 C:\GitHub\BlockyOS\Build\Build-2026-05-22-05\objs\UEFI.c.frat.o
 .bss           0x0000000000026e80        0x0 C:\GitHub\BlockyOS\Build\Build-2026-05-22-05\objs\UEFI.c.raw.o
 .bss           0x0000000000026e80        0x0 C:\GitHub\BlockyOS\Build\Build-2026-05-22-05\objs\UEFI.c.blake2b-ref.o
 .bss           0x0000000000026e80        0x0 C:\GitHub\BlockyOS\Build\Build-2026-05-22-05\objs\UEFI.c.blake2bp-ref.o
 .bss           0x0000000000026e80        0x0 C:\GitHub\BlockyOS\Build\Build-2026-05-22-05\objs\UEFI.c.blake2s-ref.o
 .bss           0x0000000000026e80        0x0 C:\GitHub\BlockyOS\Build\Build-2026-05-22-05\objs\UEFI.c.blake2sp-ref.o
 .bss           0x0000000000026e80        0x0 C:\GitHub\BlockyOS\Build\Build-2026-05-22-05\objs\UEFI.c.blake2xb-ref.o
 .bss           0x0000000000026e80        0x0 C:\GitHub\BlockyOS\Build\Build-2026-05-22-05\objs\UEFI.c.blake2xs-ref.o
 .bss           0x0000000000026e80        0x0 C:\GitHub\BlockyOS\Build\Build-2026-05-22-05\objs\UEFI.c.execload.o
 .bss           0x0000000000026e80        0x0 C:\GitHub\BlockyOS\Build\Build-2026-05-22-05\objs\UEFI.c.socket.o
 .bss           0x0000000000026e80        0x0 C:\GitHub\BlockyOS\Build\Build-2026-05-22-05\objs\UEFI.c.sockets.o
 .bss           0x0000000000026e80        0x0 C:\GitHub\BlockyOS\Build\Build-2026-05-22-05\objs\UEFI.c.tools.o
 .bss           0x0000000000026e80        0x0 C:\GitHub\BlockyOS\Build\Build-2026-05-22-05\objs\UEFI.c.boot.o
 .bss           0x0000000000026e80        0x0 C:\GitHub\BlockyOS\Build\Build-2026-05-22-05\objs\UEFI.c.bthelper.o
 .bss           0x0000000000026e80       0x29 C:\GitHub\BlockyOS\compile\toolchain\gnu-efi-build\x86_64\/lib/\libefi.a(data.o)
                0x0000000000026e80                gZeroGuid
                0x0000000000026e90                BS
                0x0000000000026e98                ST
                0x0000000000026ea0                LibImageHandle
                0x0000000000026ea8                LibInitialized
 .bss           0x0000000000026ea9        0x0 C:\GitHub\BlockyOS\compile\toolchain\gnu-efi-build\x86_64\/lib/\libefi.a(entry.o)
 *fill*         0x0000000000026ea9        0x7 
 .bss           0x0000000000026eb0       0x10 C:\GitHub\BlockyOS\compile\toolchain\gnu-efi-build\x86_64\/lib/\libefi.a(guid.o)
                0x0000000000026eb0                GuidList
 .bss           0x0000000000026ec0        0x0 C:\GitHub\BlockyOS\compile\toolchain\gnu-efi-build\x86_64\/lib/\libefi.a(init.o)
 .bss           0x0000000000026ec0        0x0 C:\GitHub\BlockyOS\compile\toolchain\gnu-efi-build\x86_64\/lib/\libefi.a(misc.o)
 .bss           0x0000000000026ec0        0x0 C:\GitHub\BlockyOS\compile\toolchain\gnu-efi-build\x86_64\/lib/\libefi.a(str.o)
 .bss           0x0000000000026ec0        0x0 C:\GitHub\BlockyOS\compile\toolchain\gnu-efi-build\x86_64\/lib/\libefi.a(efirtlib.o)
 .bss           0x0000000000026ec0        0x0 C:\GitHub\BlockyOS\compile\toolchain\gnu-efi-build\x86_64\/lib/\libefi.a(rtstr.o)
 .bss           0x0000000000026ec0       0x28 C:\GitHub\BlockyOS\compile\toolchain\gnu-efi-build\x86_64\/lib/\libefi.a(rtdata.o)
                0x0000000000026ec0                LibRuntimeRestoreTPL
                0x0000000000026ec8                LibRuntimeRaiseTPL
                0x0000000000026ed0                LibRuntimeDebugOut
                0x0000000000026ed8                LibFwInstance
                0x0000000000026ee0                RT
 .bss           0x0000000000026ee8        0x0 C:\GitHub\BlockyOS\compile\toolchain\gnu-efi-build\x86_64\/lib/\libefi.a(initplat.o)
 .bss           0x0000000000026ee8        0x0 C:\GitHub\BlockyOS\compile\toolchain\gnu-efi-build\x86_64\/lib/\libefi.a(print.o)
 .bss           0x0000000000026ee8        0x0 C:\GitHub\BlockyOS\compile\toolchain\gnu-efi-build\x86_64\/lib/\libefi.a(va_print.o)
 .bss           0x0000000000026ee8        0x0 C:\GitHub\BlockyOS\compile\toolchain\gnu-efi-build\x86_64\/lib/\libefi.a(efi_stub.o)
 .bss           0x0000000000026ee8        0x0 C:\GitHub\BlockyOS\compile\toolchain\gnu-efi-build\x86_64\/lib/\libefi.a(console.o)
 .bss           0x0000000000026ee8        0x0 C:\GitHub\BlockyOS\compile\toolchain\gnu-efi-build\x86_64\/lib/\libefi.a(dpath.o)
 .bss           0x0000000000026ee8        0x0 C:\GitHub\BlockyOS\compile\toolchain\gnu-efi-build\x86_64\/lib/\libefi.a(error.o)
 .bss           0x0000000000026ee8        0x0 C:\GitHub\BlockyOS\compile\toolchain\gnu-efi-build\x86_64\/lib/\libefi.a(event.o)
 .bss           0x0000000000026ee8        0x0 C:\GitHub\BlockyOS\compile\toolchain\gnu-efi-build\x86_64\/lib/\libefi.a(hand.o)
 .bss           0x0000000000026ee8        0x0 C:\GitHub\BlockyOS\compile\toolchain\gnu-efi-build\x86_64\/lib/\libefi.a(math.o)
 .bss           0x0000000000026ee8        0x0 C:\GitHub\BlockyOS\compile\toolchain\gnu-efi-build\x86_64\/lib/\libgnuefi.a(reloc_x86_64.o)
 *(COMMON)
 *(.rel.local)

.igot.plt       0x0000000000026ee8        0x0
 .igot.plt      0x0000000000026ee8        0x0 C:\GitHub\BlockyOS\compile\toolchain\gnu-efi-build\x86_64\lib/crt0-efi-x86_64.o

.note.gnu.build-id
 *(.note.gnu.build-id)
                0x0000000000026ee8                _edata = .
                0x0000000000001ca8                _data_size = (_edata - _etext)
                0x0000000000027000                . = ALIGN (0x1000)

.reloc          0x0000000000027000        0xc
 *(.reloc)
 .reloc         0x0000000000027000        0xc C:\GitHub\BlockyOS\compile\toolchain\gnu-efi-build\x86_64\lib/crt0-efi-x86_64.o
                0x0000000000028000                . = ALIGN (0x1000)
                0x0000000000028000                _DYNAMIC = .

.dynamic
 *(.dynamic)
                0x0000000000028000                . = ALIGN (0x1000)

.rela           0x0000000000028000        0x0
 *(.rela.text*)
 .rela.text     0x0000000000028000        0x0 C:\GitHub\BlockyOS\compile\toolchain\gnu-efi-build\x86_64\lib/crt0-efi-x86_64.o
 *(.rela.data*)
 *(.rela.got)
 .rela.got      0x0000000000028000        0x0 C:\GitHub\BlockyOS\compile\toolchain\gnu-efi-build\x86_64\lib/crt0-efi-x86_64.o
 *(.rela.dyn)
 *(.rela.stab)
 *(.rela.init_array*)
 *(.rela.fini_array*)
 *(.rela.ctors*)
 *(.rela.dtors*)
                0x0000000000028000                . = ALIGN (0x1000)

.rela.plt
 *(.rela.plt)
                0x0000000000028000                . = ALIGN (0x1000)

.rodata         0x0000000000028000     0x46ce
 *(.rodata*)
 .rodata        0x0000000000028000     0x1364 C:\GitHub\BlockyOS\Build\Build-2026-05-22-05\objs\UEFI.c.frat.o
 *fill*         0x0000000000029364        0x4 
 .rodata        0x0000000000029368      0x7e2 C:\GitHub\BlockyOS\Build\Build-2026-05-22-05\objs\UEFI.c.raw.o
 *fill*         0x0000000000029b4a       0x16 
 .rodata.blake2b_IV
                0x0000000000029b60       0x40 C:\GitHub\BlockyOS\Build\Build-2026-05-22-05\objs\UEFI.c.blake2b-ref.o
 .rodata.blake2b_sigma
                0x0000000000029ba0       0xc0 C:\GitHub\BlockyOS\Build\Build-2026-05-22-05\objs\UEFI.c.blake2b-ref.o
 .rodata.blake2s_IV
                0x0000000000029c60       0x20 C:\GitHub\BlockyOS\Build\Build-2026-05-22-05\objs\UEFI.c.blake2s-ref.o
 .rodata.blake2s_sigma
                0x0000000000029c80       0xa0 C:\GitHub\BlockyOS\Build\Build-2026-05-22-05\objs\UEFI.c.blake2s-ref.o
 .rodata        0x0000000000029d20      0x6a0 C:\GitHub\BlockyOS\Build\Build-2026-05-22-05\objs\UEFI.c.execload.o
 .rodata.nDrivers
                0x000000000002a3c0        0x8 C:\GitHub\BlockyOS\Build\Build-2026-05-22-05\objs\UEFI.c.socket.o
 .rodata        0x000000000002a3c8       0x52 C:\GitHub\BlockyOS\Build\Build-2026-05-22-05\objs\UEFI.c.socket.o
 *fill*         0x000000000002a41a        0x6 
 .rodata        0x000000000002a420      0x164 C:\GitHub\BlockyOS\Build\Build-2026-05-22-05\objs\UEFI.c.sockets.o
 *fill*         0x000000000002a584        0x4 
 .rodata        0x000000000002a588      0x340 C:\GitHub\BlockyOS\Build\Build-2026-05-22-05\objs\UEFI.c.tools.o
 .rodata        0x000000000002a8c8      0x2fc C:\GitHub\BlockyOS\Build\Build-2026-05-22-05\objs\UEFI.c.boot.o
 *fill*         0x000000000002abc4        0x4 
 .rodata.DebugPort
                0x000000000002abc8        0x8 C:\GitHub\BlockyOS\Build\Build-2026-05-22-05\objs\UEFI.c.boot.o
                0x000000000002abc8                DebugPort
 .rodata        0x000000000002abd0      0x89c C:\GitHub\BlockyOS\Build\Build-2026-05-22-05\objs\UEFI.c.bthelper.o
 *fill*         0x000000000002b46c        0x4 
 .rodata        0x000000000002b470      0x2f8 C:\GitHub\BlockyOS\compile\toolchain\gnu-efi-build\x86_64\/lib/\libefi.a(guid.o)
 .rodata        0x000000000002b768       0x1c C:\GitHub\BlockyOS\compile\toolchain\gnu-efi-build\x86_64\/lib/\libefi.a(init.o)
 .rodata        0x000000000002b784       0x14 C:\GitHub\BlockyOS\compile\toolchain\gnu-efi-build\x86_64\/lib/\libefi.a(misc.o)
 *fill*         0x000000000002b798        0x8 
 .rodata        0x000000000002b7a0      0x25c C:\GitHub\BlockyOS\compile\toolchain\gnu-efi-build\x86_64\/lib/\libefi.a(print.o)
 *fill*         0x000000000002b9fc        0x4 
 .rodata        0x000000000002ba00      0x184 C:\GitHub\BlockyOS\compile\toolchain\gnu-efi-build\x86_64\/lib/\libefi.a(va_print.o)
 .rodata        0x000000000002bb84        0x8 C:\GitHub\BlockyOS\compile\toolchain\gnu-efi-build\x86_64\/lib/\libefi.a(console.o)
 *fill*         0x000000000002bb8c        0x4 
 .rodata        0x000000000002bb90      0x628 C:\GitHub\BlockyOS\compile\toolchain\gnu-efi-build\x86_64\/lib/\libefi.a(dpath.o)
 .rodata        0x000000000002c1b8      0x516 C:\GitHub\BlockyOS\compile\toolchain\gnu-efi-build\x86_64\/lib/\libefi.a(error.o)
                0x000000000002d000                . = ALIGN (0x1000)

.dynsym
 *(.dynsym)
                0x000000000002d000                . = ALIGN (0x1000)

.dynstr
 *(.dynstr)
                0x000000000002d000                . = ALIGN (0x1000)

.ignored.reloc
 *(.rela.reloc)
 *(.note.GNU-stack)

.comment        0x0000000000000000       0x12
 *(.comment)
 .comment       0x0000000000000000       0x12 C:\GitHub\BlockyOS\Build\Build-2026-05-22-05\objs\UEFI.c.frat.o
                                         0x13 (size before relaxing)
 .comment       0x0000000000000012        0x0 C:\GitHub\BlockyOS\Build\Build-2026-05-22-05\objs\UEFI.c.raw.o
                                         0x13 (size before relaxing)
 .comment       0x0000000000000012        0x0 C:\GitHub\BlockyOS\Build\Build-2026-05-22-05\objs\UEFI.c.blake2b-ref.o
                                         0x13 (size before relaxing)
 .comment       0x0000000000000012        0x0 C:\GitHub\BlockyOS\Build\Build-2026-05-22-05\objs\UEFI.c.blake2bp-ref.o
                                         0x13 (size before relaxing)
 .comment       0x0000000000000012        0x0 C:\GitHub\BlockyOS\Build\Build-2026-05-22-05\objs\UEFI.c.blake2s-ref.o
                                         0x13 (size before relaxing)
 .comment       0x0000000000000012        0x0 C:\GitHub\BlockyOS\Build\Build-2026-05-22-05\objs\UEFI.c.blake2sp-ref.o
                                         0x13 (size before relaxing)
 .comment       0x0000000000000012        0x0 C:\GitHub\BlockyOS\Build\Build-2026-05-22-05\objs\UEFI.c.blake2xb-ref.o
                                         0x13 (size before relaxing)
 .comment       0x0000000000000012        0x0 C:\GitHub\BlockyOS\Build\Build-2026-05-22-05\objs\UEFI.c.blake2xs-ref.o
                                         0x13 (size before relaxing)
 .comment       0x0000000000000012        0x0 C:\GitHub\BlockyOS\Build\Build-2026-05-22-05\objs\UEFI.c.execload.o
                                         0x13 (size before relaxing)
 .comment       0x0000000000000012        0x0 C:\GitHub\BlockyOS\Build\Build-2026-05-22-05\objs\UEFI.c.socket.o
                                         0x13 (size before relaxing)
 .comment       0x0000000000000012        0x0 C:\GitHub\BlockyOS\Build\Build-2026-05-22-05\objs\UEFI.c.sockets.o
                                         0x13 (size before relaxing)
 .comment       0x0000000000000012        0x0 C:\GitHub\BlockyOS\Build\Build-2026-05-22-05\objs\UEFI.c.tools.o
                                         0x13 (size before relaxing)
 .comment       0x0000000000000012        0x0 C:\GitHub\BlockyOS\Build\Build-2026-05-22-05\objs\UEFI.c.boot.o
                                         0x13 (size before relaxing)
 .comment       0x0000000000000012        0x0 C:\GitHub\BlockyOS\Build\Build-2026-05-22-05\objs\UEFI.c.bthelper.o
                                         0x13 (size before relaxing)
 .comment       0x0000000000000012        0x0 C:\GitHub\BlockyOS\compile\toolchain\gnu-efi-build\x86_64\/lib/\libefi.a(data.o)
                                         0x13 (size before relaxing)
 .comment       0x0000000000000012        0x0 C:\GitHub\BlockyOS\compile\toolchain\gnu-efi-build\x86_64\/lib/\libefi.a(entry.o)
                                         0x13 (size before relaxing)
 .comment       0x0000000000000012        0x0 C:\GitHub\BlockyOS\compile\toolchain\gnu-efi-build\x86_64\/lib/\libefi.a(guid.o)
                                         0x13 (size before relaxing)
 .comment       0x0000000000000012        0x0 C:\GitHub\BlockyOS\compile\toolchain\gnu-efi-build\x86_64\/lib/\libefi.a(init.o)
                                         0x13 (size before relaxing)
 .comment       0x0000000000000012        0x0 C:\GitHub\BlockyOS\compile\toolchain\gnu-efi-build\x86_64\/lib/\libefi.a(misc.o)
                                         0x13 (size before relaxing)
 .comment       0x0000000000000012        0x0 C:\GitHub\BlockyOS\compile\toolchain\gnu-efi-build\x86_64\/lib/\libefi.a(str.o)
                                         0x13 (size before relaxing)
 .comment       0x0000000000000012        0x0 C:\GitHub\BlockyOS\compile\toolchain\gnu-efi-build\x86_64\/lib/\libefi.a(efirtlib.o)
                                         0x13 (size before relaxing)
 .comment       0x0000000000000012        0x0 C:\GitHub\BlockyOS\compile\toolchain\gnu-efi-build\x86_64\/lib/\libefi.a(rtstr.o)
                                         0x13 (size before relaxing)
 .comment       0x0000000000000012        0x0 C:\GitHub\BlockyOS\compile\toolchain\gnu-efi-build\x86_64\/lib/\libefi.a(rtdata.o)
                                         0x13 (size before relaxing)
 .comment       0x0000000000000012        0x0 C:\GitHub\BlockyOS\compile\toolchain\gnu-efi-build\x86_64\/lib/\libefi.a(initplat.o)
                                         0x13 (size before relaxing)
 .comment       0x0000000000000012        0x0 C:\GitHub\BlockyOS\compile\toolchain\gnu-efi-build\x86_64\/lib/\libefi.a(print.o)
                                         0x13 (size before relaxing)
 .comment       0x0000000000000012        0x0 C:\GitHub\BlockyOS\compile\toolchain\gnu-efi-build\x86_64\/lib/\libefi.a(va_print.o)
                                         0x13 (size before relaxing)
 .comment       0x0000000000000012        0x0 C:\GitHub\BlockyOS\compile\toolchain\gnu-efi-build\x86_64\/lib/\libefi.a(console.o)
                                         0x13 (size before relaxing)
 .comment       0x0000000000000012        0x0 C:\GitHub\BlockyOS\compile\toolchain\gnu-efi-build\x86_64\/lib/\libefi.a(dpath.o)
                                         0x13 (size before relaxing)
 .comment       0x0000000000000012        0x0 C:\GitHub\BlockyOS\compile\toolchain\gnu-efi-build\x86_64\/lib/\libefi.a(error.o)
                                         0x13 (size before relaxing)
 .comment       0x0000000000000012        0x0 C:\GitHub\BlockyOS\compile\toolchain\gnu-efi-build\x86_64\/lib/\libefi.a(event.o)
                                         0x13 (size before relaxing)
 .comment       0x0000000000000012        0x0 C:\GitHub\BlockyOS\compile\toolchain\gnu-efi-build\x86_64\/lib/\libefi.a(hand.o)
                                         0x13 (size before relaxing)
 .comment       0x0000000000000012        0x0 C:\GitHub\BlockyOS\compile\toolchain\gnu-efi-build\x86_64\/lib/\libefi.a(math.o)
                                         0x13 (size before relaxing)
 .comment       0x0000000000000012        0x0 C:\GitHub\BlockyOS\compile\toolchain\gnu-efi-build\x86_64\/lib/\libgnuefi.a(reloc_x86_64.o)
                                         0x13 (size before relaxing)
LOAD C:\GitHub\BlockyOS\compile\toolchain\gnu-efi-build\x86_64\lib/crt0-efi-x86_64.o
LOAD C:\GitHub\BlockyOS\Build\Build-2026-05-22-05\objs\UEFI.c.frat.o
LOAD C:\GitHub\BlockyOS\Build\Build-2026-05-22-05\objs\UEFI.c.raw.o
LOAD C:\GitHub\BlockyOS\Build\Build-2026-05-22-05\objs\UEFI.c.blake2b-ref.o
LOAD C:\GitHub\BlockyOS\Build\Build-2026-05-22-05\objs\UEFI.c.blake2bp-ref.o
LOAD C:\GitHub\BlockyOS\Build\Build-2026-05-22-05\objs\UEFI.c.blake2s-ref.o
LOAD C:\GitHub\BlockyOS\Build\Build-2026-05-22-05\objs\UEFI.c.blake2sp-ref.o
LOAD C:\GitHub\BlockyOS\Build\Build-2026-05-22-05\objs\UEFI.c.blake2xb-ref.o
LOAD C:\GitHub\BlockyOS\Build\Build-2026-05-22-05\objs\UEFI.c.blake2xs-ref.o
LOAD C:\GitHub\BlockyOS\Build\Build-2026-05-22-05\objs\UEFI.c.execload.o
LOAD C:\GitHub\BlockyOS\Build\Build-2026-05-22-05\objs\UEFI.c.socket.o
LOAD C:\GitHub\BlockyOS\Build\Build-2026-05-22-05\objs\UEFI.c.sockets.o
LOAD C:\GitHub\BlockyOS\Build\Build-2026-05-22-05\objs\UEFI.c.tools.o
LOAD C:\GitHub\BlockyOS\Build\Build-2026-05-22-05\objs\UEFI.c.boot.o
LOAD C:\GitHub\BlockyOS\Build\Build-2026-05-22-05\objs\UEFI.c.bthelper.o
LOAD C:\GitHub\BlockyOS\compile\toolchain\gnu-efi-build\x86_64\/lib/\libefi.a
LOAD C:\GitHub\BlockyOS\compile\toolchain\gnu-efi-build\x86_64\/lib/\libgnuefi.a
OUTPUT(C:\GitHub\BlockyOS\Build\Build-2026-05-22-05\objs\blob.so elf64-x86-64)

.debug_line     0x0000000000000000     0x638d
 .debug_line    0x0000000000000000       0x5b C:\GitHub\BlockyOS\compile\toolchain\gnu-efi-build\x86_64\lib/crt0-efi-x86_64.o
 .debug_line    0x000000000000005b       0x73 C:\GitHub\BlockyOS\compile\toolchain\gnu-efi-build\x86_64\/lib/\libefi.a(data.o)
 .debug_line    0x00000000000000ce      0x1ea C:\GitHub\BlockyOS\compile\toolchain\gnu-efi-build\x86_64\/lib/\libefi.a(entry.o)
 .debug_line    0x00000000000002b8      0x134 C:\GitHub\BlockyOS\compile\toolchain\gnu-efi-build\x86_64\/lib/\libefi.a(guid.o)
 .debug_line    0x00000000000003ec      0x2f9 C:\GitHub\BlockyOS\compile\toolchain\gnu-efi-build\x86_64\/lib/\libefi.a(init.o)
 .debug_line    0x00000000000006e5      0xa57 C:\GitHub\BlockyOS\compile\toolchain\gnu-efi-build\x86_64\/lib/\libefi.a(misc.o)
 .debug_line    0x000000000000113c      0x5ec C:\GitHub\BlockyOS\compile\toolchain\gnu-efi-build\x86_64\/lib/\libefi.a(str.o)
 .debug_line    0x0000000000001728      0x260 C:\GitHub\BlockyOS\compile\toolchain\gnu-efi-build\x86_64\/lib/\libefi.a(efirtlib.o)
 .debug_line    0x0000000000001988      0x451 C:\GitHub\BlockyOS\compile\toolchain\gnu-efi-build\x86_64\/lib/\libefi.a(rtstr.o)
 .debug_line    0x0000000000001dd9       0x6e C:\GitHub\BlockyOS\compile\toolchain\gnu-efi-build\x86_64\/lib/\libefi.a(rtdata.o)
 .debug_line    0x0000000000001e47       0x7f C:\GitHub\BlockyOS\compile\toolchain\gnu-efi-build\x86_64\/lib/\libefi.a(initplat.o)
 .debug_line    0x0000000000001ec6     0x15c8 C:\GitHub\BlockyOS\compile\toolchain\gnu-efi-build\x86_64\/lib/\libefi.a(print.o)
 .debug_line    0x000000000000348e      0xf2d C:\GitHub\BlockyOS\compile\toolchain\gnu-efi-build\x86_64\/lib/\libefi.a(va_print.o)
 .debug_line    0x00000000000043bb       0xb5 C:\GitHub\BlockyOS\compile\toolchain\gnu-efi-build\x86_64\/lib/\libefi.a(efi_stub.o)
 .debug_line    0x0000000000004470      0x153 C:\GitHub\BlockyOS\compile\toolchain\gnu-efi-build\x86_64\/lib/\libefi.a(console.o)
 .debug_line    0x00000000000045c3     0x1127 C:\GitHub\BlockyOS\compile\toolchain\gnu-efi-build\x86_64\/lib/\libefi.a(dpath.o)
 .debug_line    0x00000000000056ea       0xbf C:\GitHub\BlockyOS\compile\toolchain\gnu-efi-build\x86_64\/lib/\libefi.a(error.o)
 .debug_line    0x00000000000057a9      0x1ac C:\GitHub\BlockyOS\compile\toolchain\gnu-efi-build\x86_64\/lib/\libefi.a(event.o)
 .debug_line    0x0000000000005955      0x80e C:\GitHub\BlockyOS\compile\toolchain\gnu-efi-build\x86_64\/lib/\libefi.a(hand.o)
 .debug_line    0x0000000000006163       0xb2 C:\GitHub\BlockyOS\compile\toolchain\gnu-efi-build\x86_64\/lib/\libefi.a(math.o)
 .debug_line    0x0000000000006215      0x178 C:\GitHub\BlockyOS\compile\toolchain\gnu-efi-build\x86_64\/lib/\libgnuefi.a(reloc_x86_64.o)

.debug_line_str
                0x0000000000000000      0x59a
 .debug_line_str
                0x0000000000000000      0x59a C:\GitHub\BlockyOS\compile\toolchain\gnu-efi-build\x86_64\lib/crt0-efi-x86_64.o
                                         0x5d (size before relaxing)
 .debug_line_str
                0x000000000000059a        0x0 C:\GitHub\BlockyOS\compile\toolchain\gnu-efi-build\x86_64\/lib/\libefi.a(data.o)
                                        0x16f (size before relaxing)
 .debug_line_str
                0x000000000000059a        0x0 C:\GitHub\BlockyOS\compile\toolchain\gnu-efi-build\x86_64\/lib/\libefi.a(entry.o)
                                        0x175 (size before relaxing)
 .debug_line_str
                0x000000000000059a        0x0 C:\GitHub\BlockyOS\compile\toolchain\gnu-efi-build\x86_64\/lib/\libefi.a(guid.o)
                                        0x158 (size before relaxing)
 .debug_line_str
                0x000000000000059a        0x0 C:\GitHub\BlockyOS\compile\toolchain\gnu-efi-build\x86_64\/lib/\libefi.a(init.o)
                                        0x187 (size before relaxing)
 .debug_line_str
                0x000000000000059a        0x0 C:\GitHub\BlockyOS\compile\toolchain\gnu-efi-build\x86_64\/lib/\libefi.a(misc.o)
                                        0x186 (size before relaxing)
 .debug_line_str
                0x000000000000059a        0x0 C:\GitHub\BlockyOS\compile\toolchain\gnu-efi-build\x86_64\/lib/\libefi.a(str.o)
                                        0x15b (size before relaxing)
 .debug_line_str
                0x000000000000059a        0x0 C:\GitHub\BlockyOS\compile\toolchain\gnu-efi-build\x86_64\/lib/\libefi.a(efirtlib.o)
                                        0x15f (size before relaxing)
 .debug_line_str
                0x000000000000059a        0x0 C:\GitHub\BlockyOS\compile\toolchain\gnu-efi-build\x86_64\/lib/\libefi.a(rtstr.o)
                                        0x14f (size before relaxing)
 .debug_line_str
                0x000000000000059a        0x0 C:\GitHub\BlockyOS\compile\toolchain\gnu-efi-build\x86_64\/lib/\libefi.a(rtdata.o)
                                        0x17c (size before relaxing)
 .debug_line_str
                0x000000000000059a        0x0 C:\GitHub\BlockyOS\compile\toolchain\gnu-efi-build\x86_64\/lib/\libefi.a(initplat.o)
                                        0x17a (size before relaxing)
 .debug_line_str
                0x000000000000059a        0x0 C:\GitHub\BlockyOS\compile\toolchain\gnu-efi-build\x86_64\/lib/\libefi.a(print.o)
                                        0x1cf (size before relaxing)
 .debug_line_str
                0x000000000000059a        0x0 C:\GitHub\BlockyOS\compile\toolchain\gnu-efi-build\x86_64\/lib/\libefi.a(va_print.o)
                                        0x1c7 (size before relaxing)
 .debug_line_str
                0x000000000000059a        0x0 C:\GitHub\BlockyOS\compile\toolchain\gnu-efi-build\x86_64\/lib/\libefi.a(efi_stub.o)
                                         0x57 (size before relaxing)
 .debug_line_str
                0x000000000000059a        0x0 C:\GitHub\BlockyOS\compile\toolchain\gnu-efi-build\x86_64\/lib/\libefi.a(console.o)
                                        0x172 (size before relaxing)
 .debug_line_str
                0x000000000000059a        0x0 C:\GitHub\BlockyOS\compile\toolchain\gnu-efi-build\x86_64\/lib/\libefi.a(dpath.o)
                                        0x163 (size before relaxing)
 .debug_line_str
                0x000000000000059a        0x0 C:\GitHub\BlockyOS\compile\toolchain\gnu-efi-build\x86_64\/lib/\libefi.a(error.o)
                                        0x146 (size before relaxing)
 .debug_line_str
                0x000000000000059a        0x0 C:\GitHub\BlockyOS\compile\toolchain\gnu-efi-build\x86_64\/lib/\libefi.a(event.o)
                                        0x16c (size before relaxing)
 .debug_line_str
                0x000000000000059a        0x0 C:\GitHub\BlockyOS\compile\toolchain\gnu-efi-build\x86_64\/lib/\libefi.a(hand.o)
                                        0x177 (size before relaxing)
 .debug_line_str
                0x000000000000059a        0x0 C:\GitHub\BlockyOS\compile\toolchain\gnu-efi-build\x86_64\/lib/\libefi.a(math.o)
                                        0x120 (size before relaxing)
 .debug_line_str
                0x000000000000059a        0x0 C:\GitHub\BlockyOS\compile\toolchain\gnu-efi-build\x86_64\/lib/\libgnuefi.a(reloc_x86_64.o)
                                        0x1af (size before relaxing)

.debug_info     0x0000000000000000    0x1e0b3
 .debug_info    0x0000000000000000       0x28 C:\GitHub\BlockyOS\compile\toolchain\gnu-efi-build\x86_64\lib/crt0-efi-x86_64.o
 .debug_info    0x0000000000000028     0x2329 C:\GitHub\BlockyOS\compile\toolchain\gnu-efi-build\x86_64\/lib/\libefi.a(data.o)
 .debug_info    0x0000000000002351     0x1ac6 C:\GitHub\BlockyOS\compile\toolchain\gnu-efi-build\x86_64\/lib/\libefi.a(entry.o)
 .debug_info    0x0000000000003e17      0x607 C:\GitHub\BlockyOS\compile\toolchain\gnu-efi-build\x86_64\/lib/\libefi.a(guid.o)
 .debug_info    0x000000000000441e     0x1f24 C:\GitHub\BlockyOS\compile\toolchain\gnu-efi-build\x86_64\/lib/\libefi.a(init.o)
 .debug_info    0x0000000000006342     0x2f4e C:\GitHub\BlockyOS\compile\toolchain\gnu-efi-build\x86_64\/lib/\libefi.a(misc.o)
 .debug_info    0x0000000000009290      0xdba C:\GitHub\BlockyOS\compile\toolchain\gnu-efi-build\x86_64\/lib/\libefi.a(str.o)
 .debug_info    0x000000000000a04a      0x4f7 C:\GitHub\BlockyOS\compile\toolchain\gnu-efi-build\x86_64\/lib/\libefi.a(efirtlib.o)
 .debug_info    0x000000000000a541      0x710 C:\GitHub\BlockyOS\compile\toolchain\gnu-efi-build\x86_64\/lib/\libefi.a(rtstr.o)
 .debug_info    0x000000000000ac51      0xa44 C:\GitHub\BlockyOS\compile\toolchain\gnu-efi-build\x86_64\/lib/\libefi.a(rtdata.o)
 .debug_info    0x000000000000b695     0x1789 C:\GitHub\BlockyOS\compile\toolchain\gnu-efi-build\x86_64\/lib/\libefi.a(initplat.o)
 .debug_info    0x000000000000ce1e     0x37cb C:\GitHub\BlockyOS\compile\toolchain\gnu-efi-build\x86_64\/lib/\libefi.a(print.o)
 .debug_info    0x00000000000105e9     0x2bc0 C:\GitHub\BlockyOS\compile\toolchain\gnu-efi-build\x86_64\/lib/\libefi.a(va_print.o)
 .debug_info    0x00000000000131a9       0x29 C:\GitHub\BlockyOS\compile\toolchain\gnu-efi-build\x86_64\/lib/\libefi.a(efi_stub.o)
 .debug_info    0x00000000000131d2     0x1989 C:\GitHub\BlockyOS\compile\toolchain\gnu-efi-build\x86_64\/lib/\libefi.a(console.o)
 .debug_info    0x0000000000014b5b     0x3fcb C:\GitHub\BlockyOS\compile\toolchain\gnu-efi-build\x86_64\/lib/\libefi.a(dpath.o)
 .debug_info    0x0000000000018b26      0x1de C:\GitHub\BlockyOS\compile\toolchain\gnu-efi-build\x86_64\/lib/\libefi.a(error.o)
 .debug_info    0x0000000000018d04     0x1af3 C:\GitHub\BlockyOS\compile\toolchain\gnu-efi-build\x86_64\/lib/\libefi.a(event.o)
 .debug_info    0x000000000001a7f7     0x1e30 C:\GitHub\BlockyOS\compile\toolchain\gnu-efi-build\x86_64\/lib/\libefi.a(hand.o)
 .debug_info    0x000000000001c627      0x1a3 C:\GitHub\BlockyOS\compile\toolchain\gnu-efi-build\x86_64\/lib/\libefi.a(math.o)
 .debug_info    0x000000000001c7ca     0x18e9 C:\GitHub\BlockyOS\compile\toolchain\gnu-efi-build\x86_64\/lib/\libgnuefi.a(reloc_x86_64.o)

.debug_abbrev   0x0000000000000000     0x353c
 .debug_abbrev  0x0000000000000000       0x14 C:\GitHub\BlockyOS\compile\toolchain\gnu-efi-build\x86_64\lib/crt0-efi-x86_64.o
 .debug_abbrev  0x0000000000000014      0x220 C:\GitHub\BlockyOS\compile\toolchain\gnu-efi-build\x86_64\/lib/\libefi.a(data.o)
 .debug_abbrev  0x0000000000000234      0x2df C:\GitHub\BlockyOS\compile\toolchain\gnu-efi-build\x86_64\/lib/\libefi.a(entry.o)
 .debug_abbrev  0x0000000000000513      0x205 C:\GitHub\BlockyOS\compile\toolchain\gnu-efi-build\x86_64\/lib/\libefi.a(guid.o)
 .debug_abbrev  0x0000000000000718      0x337 C:\GitHub\BlockyOS\compile\toolchain\gnu-efi-build\x86_64\/lib/\libefi.a(init.o)
 .debug_abbrev  0x0000000000000a4f      0x528 C:\GitHub\BlockyOS\compile\toolchain\gnu-efi-build\x86_64\/lib/\libefi.a(misc.o)
 .debug_abbrev  0x0000000000000f77      0x2e7 C:\GitHub\BlockyOS\compile\toolchain\gnu-efi-build\x86_64\/lib/\libefi.a(str.o)
 .debug_abbrev  0x000000000000125e      0x1c8 C:\GitHub\BlockyOS\compile\toolchain\gnu-efi-build\x86_64\/lib/\libefi.a(efirtlib.o)
 .debug_abbrev  0x0000000000001426      0x21f C:\GitHub\BlockyOS\compile\toolchain\gnu-efi-build\x86_64\/lib/\libefi.a(rtstr.o)
 .debug_abbrev  0x0000000000001645      0x164 C:\GitHub\BlockyOS\compile\toolchain\gnu-efi-build\x86_64\/lib/\libefi.a(rtdata.o)
 .debug_abbrev  0x00000000000017a9      0x1a9 C:\GitHub\BlockyOS\compile\toolchain\gnu-efi-build\x86_64\/lib/\libefi.a(initplat.o)
 .debug_abbrev  0x0000000000001952      0x5bc C:\GitHub\BlockyOS\compile\toolchain\gnu-efi-build\x86_64\/lib/\libefi.a(print.o)
 .debug_abbrev  0x0000000000001f0e      0x4ee C:\GitHub\BlockyOS\compile\toolchain\gnu-efi-build\x86_64\/lib/\libefi.a(va_print.o)
 .debug_abbrev  0x00000000000023fc       0x14 C:\GitHub\BlockyOS\compile\toolchain\gnu-efi-build\x86_64\/lib/\libefi.a(efi_stub.o)
 .debug_abbrev  0x0000000000002410      0x270 C:\GitHub\BlockyOS\compile\toolchain\gnu-efi-build\x86_64\/lib/\libefi.a(console.o)
 .debug_abbrev  0x0000000000002680      0x4d9 C:\GitHub\BlockyOS\compile\toolchain\gnu-efi-build\x86_64\/lib/\libefi.a(dpath.o)
 .debug_abbrev  0x0000000000002b59      0x12b C:\GitHub\BlockyOS\compile\toolchain\gnu-efi-build\x86_64\/lib/\libefi.a(error.o)
 .debug_abbrev  0x0000000000002c84      0x2b1 C:\GitHub\BlockyOS\compile\toolchain\gnu-efi-build\x86_64\/lib/\libefi.a(event.o)
 .debug_abbrev  0x0000000000002f35      0x356 C:\GitHub\BlockyOS\compile\toolchain\gnu-efi-build\x86_64\/lib/\libefi.a(hand.o)
 .debug_abbrev  0x000000000000328b       0xa3 C:\GitHub\BlockyOS\compile\toolchain\gnu-efi-build\x86_64\/lib/\libefi.a(math.o)
 .debug_abbrev  0x000000000000332e      0x20e C:\GitHub\BlockyOS\compile\toolchain\gnu-efi-build\x86_64\/lib/\libgnuefi.a(reloc_x86_64.o)

.debug_aranges  0x0000000000000000      0x3d0
 .debug_aranges
                0x0000000000000000       0x30 C:\GitHub\BlockyOS\compile\toolchain\gnu-efi-build\x86_64\lib/crt0-efi-x86_64.o
 .debug_aranges
                0x0000000000000030       0x20 C:\GitHub\BlockyOS\compile\toolchain\gnu-efi-build\x86_64\/lib/\libefi.a(data.o)
 .debug_aranges
                0x0000000000000050       0x30 C:\GitHub\BlockyOS\compile\toolchain\gnu-efi-build\x86_64\/lib/\libefi.a(entry.o)
 .debug_aranges
                0x0000000000000080       0x30 C:\GitHub\BlockyOS\compile\toolchain\gnu-efi-build\x86_64\/lib/\libefi.a(guid.o)
 .debug_aranges
                0x00000000000000b0       0x30 C:\GitHub\BlockyOS\compile\toolchain\gnu-efi-build\x86_64\/lib/\libefi.a(init.o)
 .debug_aranges
                0x00000000000000e0       0x30 C:\GitHub\BlockyOS\compile\toolchain\gnu-efi-build\x86_64\/lib/\libefi.a(misc.o)
 .debug_aranges
                0x0000000000000110       0x30 C:\GitHub\BlockyOS\compile\toolchain\gnu-efi-build\x86_64\/lib/\libefi.a(str.o)
 .debug_aranges
                0x0000000000000140       0x30 C:\GitHub\BlockyOS\compile\toolchain\gnu-efi-build\x86_64\/lib/\libefi.a(efirtlib.o)
 .debug_aranges
                0x0000000000000170       0x30 C:\GitHub\BlockyOS\compile\toolchain\gnu-efi-build\x86_64\/lib/\libefi.a(rtstr.o)
 .debug_aranges
                0x00000000000001a0       0x20 C:\GitHub\BlockyOS\compile\toolchain\gnu-efi-build\x86_64\/lib/\libefi.a(rtdata.o)
 .debug_aranges
                0x00000000000001c0       0x30 C:\GitHub\BlockyOS\compile\toolchain\gnu-efi-build\x86_64\/lib/\libefi.a(initplat.o)
 .debug_aranges
                0x00000000000001f0       0x30 C:\GitHub\BlockyOS\compile\toolchain\gnu-efi-build\x86_64\/lib/\libefi.a(print.o)
 .debug_aranges
                0x0000000000000220       0x30 C:\GitHub\BlockyOS\compile\toolchain\gnu-efi-build\x86_64\/lib/\libefi.a(va_print.o)
 .debug_aranges
                0x0000000000000250       0x30 C:\GitHub\BlockyOS\compile\toolchain\gnu-efi-build\x86_64\/lib/\libefi.a(efi_stub.o)
 .debug_aranges
                0x0000000000000280       0x30 C:\GitHub\BlockyOS\compile\toolchain\gnu-efi-build\x86_64\/lib/\libefi.a(console.o)
 .debug_aranges
                0x00000000000002b0       0x30 C:\GitHub\BlockyOS\compile\toolchain\gnu-efi-build\x86_64\/lib/\libefi.a(dpath.o)
 .debug_aranges
                0x00000000000002e0       0x30 C:\GitHub\BlockyOS\compile\toolchain\gnu-efi-build\x86_64\/lib/\libefi.a(error.o)
 .debug_aranges
                0x0000000000000310       0x30 C:\GitHub\BlockyOS\compile\toolchain\gnu-efi-build\x86_64\/lib/\libefi.a(event.o)
 .debug_aranges
                0x0000000000000340       0x30 C:\GitHub\BlockyOS\compile\toolchain\gnu-efi-build\x86_64\/lib/\libefi.a(hand.o)
 .debug_aranges
                0x0000000000000370       0x30 C:\GitHub\BlockyOS\compile\toolchain\gnu-efi-build\x86_64\/lib/\libefi.a(math.o)
 .debug_aranges
                0x00000000000003a0       0x30 C:\GitHub\BlockyOS\compile\toolchain\gnu-efi-build\x86_64\/lib/\libgnuefi.a(reloc_x86_64.o)

.debug_str      0x0000000000000000     0x34ca
 .debug_str     0x0000000000000000     0x34ca C:\GitHub\BlockyOS\compile\toolchain\gnu-efi-build\x86_64\lib/crt0-efi-x86_64.o
                                         0x69 (size before relaxing)
 .debug_str     0x00000000000034ca        0x0 C:\GitHub\BlockyOS\compile\toolchain\gnu-efi-build\x86_64\/lib/\libefi.a(data.o)
                                       0x1c81 (size before relaxing)
 .debug_str     0x00000000000034ca        0x0 C:\GitHub\BlockyOS\compile\toolchain\gnu-efi-build\x86_64\/lib/\libefi.a(entry.o)
                                       0x13da (size before relaxing)
 .debug_str     0x00000000000034ca        0x0 C:\GitHub\BlockyOS\compile\toolchain\gnu-efi-build\x86_64\/lib/\libefi.a(guid.o)
                                        0x659 (size before relaxing)
 .debug_str     0x00000000000034ca        0x0 C:\GitHub\BlockyOS\compile\toolchain\gnu-efi-build\x86_64\/lib/\libefi.a(init.o)
                                       0x167a (size before relaxing)
 .debug_str     0x00000000000034ca        0x0 C:\GitHub\BlockyOS\compile\toolchain\gnu-efi-build\x86_64\/lib/\libefi.a(misc.o)
                                       0x1938 (size before relaxing)
 .debug_str     0x00000000000034ca        0x0 C:\GitHub\BlockyOS\compile\toolchain\gnu-efi-build\x86_64\/lib/\libefi.a(str.o)
                                        0x43a (size before relaxing)
 .debug_str     0x00000000000034ca        0x0 C:\GitHub\BlockyOS\compile\toolchain\gnu-efi-build\x86_64\/lib/\libefi.a(efirtlib.o)
                                        0x24b (size before relaxing)
 .debug_str     0x00000000000034ca        0x0 C:\GitHub\BlockyOS\compile\toolchain\gnu-efi-build\x86_64\/lib/\libefi.a(rtstr.o)
                                        0x244 (size before relaxing)
 .debug_str     0x00000000000034ca        0x0 C:\GitHub\BlockyOS\compile\toolchain\gnu-efi-build\x86_64\/lib/\libefi.a(rtdata.o)
                                        0x7e2 (size before relaxing)
 .debug_str     0x00000000000034ca        0x0 C:\GitHub\BlockyOS\compile\toolchain\gnu-efi-build\x86_64\/lib/\libefi.a(initplat.o)
                                       0x12ee (size before relaxing)
 .debug_str     0x00000000000034ca        0x0 C:\GitHub\BlockyOS\compile\toolchain\gnu-efi-build\x86_64\/lib/\libefi.a(print.o)
                                       0x169b (size before relaxing)
 .debug_str     0x00000000000034ca        0x0 C:\GitHub\BlockyOS\compile\toolchain\gnu-efi-build\x86_64\/lib/\libefi.a(va_print.o)
                                       0x1576 (size before relaxing)
 .debug_str     0x00000000000034ca        0x0 C:\GitHub\BlockyOS\compile\toolchain\gnu-efi-build\x86_64\/lib/\libefi.a(efi_stub.o)
                                         0x63 (size before relaxing)
 .debug_str     0x00000000000034ca        0x0 C:\GitHub\BlockyOS\compile\toolchain\gnu-efi-build\x86_64\/lib/\libefi.a(console.o)
                                       0x130f (size before relaxing)
 .debug_str     0x00000000000034ca        0x0 C:\GitHub\BlockyOS\compile\toolchain\gnu-efi-build\x86_64\/lib/\libefi.a(dpath.o)
                                       0x180e (size before relaxing)
 .debug_str     0x00000000000034ca        0x0 C:\GitHub\BlockyOS\compile\toolchain\gnu-efi-build\x86_64\/lib/\libefi.a(error.o)
                                        0x1d9 (size before relaxing)
 .debug_str     0x00000000000034ca        0x0 C:\GitHub\BlockyOS\compile\toolchain\gnu-efi-build\x86_64\/lib/\libefi.a(event.o)
                                       0x13b0 (size before relaxing)
 .debug_str     0x00000000000034ca        0x0 C:\GitHub\BlockyOS\compile\toolchain\gnu-efi-build\x86_64\/lib/\libefi.a(hand.o)
                                       0x1328 (size before relaxing)
 .debug_str     0x00000000000034ca        0x0 C:\GitHub\BlockyOS\compile\toolchain\gnu-efi-build\x86_64\/lib/\libefi.a(math.o)
                                        0x1ca (size before relaxing)
 .debug_str     0x00000000000034ca        0x0 C:\GitHub\BlockyOS\compile\toolchain\gnu-efi-build\x86_64\/lib/\libgnuefi.a(reloc_x86_64.o)
                                       0x1361 (size before relaxing)

.debug_loclists
                0x0000000000000000     0x61cd
 .debug_loclists
                0x0000000000000000      0x103 C:\GitHub\BlockyOS\compile\toolchain\gnu-efi-build\x86_64\/lib/\libefi.a(entry.o)
 .debug_loclists
                0x0000000000000103       0xd7 C:\GitHub\BlockyOS\compile\toolchain\gnu-efi-build\x86_64\/lib/\libefi.a(guid.o)
 .debug_loclists
                0x00000000000001da      0x23f C:\GitHub\BlockyOS\compile\toolchain\gnu-efi-build\x86_64\/lib/\libefi.a(init.o)
 .debug_loclists
                0x0000000000000419      0xd6d C:\GitHub\BlockyOS\compile\toolchain\gnu-efi-build\x86_64\/lib/\libefi.a(misc.o)
 .debug_loclists
                0x0000000000001186      0x672 C:\GitHub\BlockyOS\compile\toolchain\gnu-efi-build\x86_64\/lib/\libefi.a(str.o)
 .debug_loclists
                0x00000000000017f8      0x409 C:\GitHub\BlockyOS\compile\toolchain\gnu-efi-build\x86_64\/lib/\libefi.a(efirtlib.o)
 .debug_loclists
                0x0000000000001c01      0x616 C:\GitHub\BlockyOS\compile\toolchain\gnu-efi-build\x86_64\/lib/\libefi.a(rtstr.o)
 .debug_loclists
                0x0000000000002217     0x1420 C:\GitHub\BlockyOS\compile\toolchain\gnu-efi-build\x86_64\/lib/\libefi.a(print.o)
 .debug_loclists
                0x0000000000003637      0xa6a C:\GitHub\BlockyOS\compile\toolchain\gnu-efi-build\x86_64\/lib/\libefi.a(va_print.o)
 .debug_loclists
                0x00000000000040a1      0x137 C:\GitHub\BlockyOS\compile\toolchain\gnu-efi-build\x86_64\/lib/\libefi.a(console.o)
 .debug_loclists
                0x00000000000041d8     0x177e C:\GitHub\BlockyOS\compile\toolchain\gnu-efi-build\x86_64\/lib/\libefi.a(dpath.o)
 .debug_loclists
                0x0000000000005956       0x62 C:\GitHub\BlockyOS\compile\toolchain\gnu-efi-build\x86_64\/lib/\libefi.a(error.o)
 .debug_loclists
                0x00000000000059b8      0x1d6 C:\GitHub\BlockyOS\compile\toolchain\gnu-efi-build\x86_64\/lib/\libefi.a(event.o)
 .debug_loclists
                0x0000000000005b8e      0x4d3 C:\GitHub\BlockyOS\compile\toolchain\gnu-efi-build\x86_64\/lib/\libefi.a(hand.o)
 .debug_loclists
                0x0000000000006061       0x1b C:\GitHub\BlockyOS\compile\toolchain\gnu-efi-build\x86_64\/lib/\libefi.a(math.o)
 .debug_loclists
                0x000000000000607c      0x151 C:\GitHub\BlockyOS\compile\toolchain\gnu-efi-build\x86_64\/lib/\libgnuefi.a(reloc_x86_64.o)

.debug_rnglists
                0x0000000000000000      0x4cf
 .debug_rnglists
                0x0000000000000000       0x54 C:\GitHub\BlockyOS\compile\toolchain\gnu-efi-build\x86_64\/lib/\libefi.a(entry.o)
 .debug_rnglists
                0x0000000000000054       0xce C:\GitHub\BlockyOS\compile\toolchain\gnu-efi-build\x86_64\/lib/\libefi.a(misc.o)
 .debug_rnglists
                0x0000000000000122       0x2b C:\GitHub\BlockyOS\compile\toolchain\gnu-efi-build\x86_64\/lib/\libefi.a(str.o)
 .debug_rnglists
                0x000000000000014d       0x28 C:\GitHub\BlockyOS\compile\toolchain\gnu-efi-build\x86_64\/lib/\libefi.a(efirtlib.o)
 .debug_rnglists
                0x0000000000000175       0x61 C:\GitHub\BlockyOS\compile\toolchain\gnu-efi-build\x86_64\/lib/\libefi.a(rtstr.o)
 .debug_rnglists
                0x00000000000001d6      0x14f C:\GitHub\BlockyOS\compile\toolchain\gnu-efi-build\x86_64\/lib/\libefi.a(print.o)
 .debug_rnglists
                0x0000000000000325      0x105 C:\GitHub\BlockyOS\compile\toolchain\gnu-efi-build\x86_64\/lib/\libefi.a(va_print.o)
 .debug_rnglists
                0x000000000000042a       0xa5 C:\GitHub\BlockyOS\compile\toolchain\gnu-efi-build\x86_64\/lib/\libefi.a(dpath.o)
