Initializing CGCC.MAKE build process...
Skipping C:\GitHub\BlockyOS\src\kernel\services\IO\IO.c - up to date; source=2026-09-16T16:38:35.5854557Z, stored=09/16/2026 16:38:35
Stale source detected for C:\GitHub\BlockyOS\Build\Build-nodate\root-part\libcrt.dll. source=2026-09-19T01:23:33.1616885Z, stored=09/19/2026 01:22:14, delta=n/a sec
Compiled and updated timestamp for C:\GitHub\BlockyOS\Build\Build-nodate\root-part\libcrt.dll
Skipping C:\GitHub\BlockyOS\src\kernel\services\IO\IO.def - up to date; source=2026-09-16T21:00:02.8766014Z, stored=09/16/2026 21:00:02
gcc compile/cache/c.IO.o Build/Build-nodate/root-part/libcrt.dll src/kernel/services/IO/IO.def -Wl,-nostdlib -Wl,-shared -Wl,-flinker-output=dyn -Wl,-Bsymbolic -Wl,--out-implib,C:/GitHub/BlockyOS/Build/Build-nodate/root-part/services/IO.dll.a -Wl,-Map,C:\GitHub\BlockyOS\src\kernel\services\IO\alibcrt.map -fdiagnostics-color=always -fno-diagnostics-show-highlight-colors -nostartfiles -nodefaultlibs -fno-asynchronous-unwind-tables -fno-unwind-tables -o C:/GitHub/BlockyOS/Build/Build-nodate/root-part/services/IO.dll
Build finished successfully -> C:/GitHub/BlockyOS/Build/Build-nodate/root-part/services/IO.dll


[SHELL]	PE2EXEC.MAKE
C:\GitHub\BlockyOS\tools\executable-format\exechandler.exe C:/GitHub/BlockyOS/Build/Build-nodate/root-part/services/IO.dll C:/GitHub/BlockyOS/Build/Build-nodate/root-part/services/IO.service -od -L C:/GitHub/BlockyOS/src/kernel/services/IO/IO.log

[(null):1423774320:DumpBeHeader]	Writing 2473901162563 bytes to 4096
[(null):1423774320:DumpBeHeader]	Writing 140724603453507 bytes to 140724603457536
[(null):1423774320:DumpBeHeader]	Writing 140724603453507 bytes to 140724603457536
[(null):1423774320:DumpBeHeader]	Writing 140724603453507 bytes to 140724603457536
[(null):1423774320:DumpBeHeader]	Writing 140724603453507 bytes to 140724603457536
[C:\GitHub\BlockyOS\tools\executable-format\exec.c:679:CreateResourceSection]
[(null):1423774320:DumpBeHeader]	Writing 140724603453507 bytes to 140724603457536
[C:\GitHub\BlockyOS\tools\executable-format\exec.c:145:ReadSection]	Reading 620 from 38408
	[C:\GitHub\BlockyOS\tools\executable-format\exec.c:615]
[C:\GitHub\BlockyOS\tools\executable-format\exec.c:723:CreateResourceSection][C:\GitHub\BlockyOS\tools\executable-format\exechandler.exe|-1073741819]

[SHELL]	FSFRAT.MAKE
[SHELL]	FSFRAT.MOUNT
[SHELL]	e.disk -pp C:/GitHub/BlockyOS/Build/Build-nodate/disk.img -pt ROOT -bs 2048 -lb 32 -v 1:0
[SHELL OUT]:	
[SHELL OUT]:	FSFRAT DRIVER
[SHELL OUT]:	>> 
[SHELL OUT]:	[C:\GitHub\BlockyOS\tools\filesystem\frat.c:196]  >>  Mounting FS Root: [C:/GitHub/BlockyOS/Build/Build-nodate/disk.img]
[SHELL OUT]:	Verifying Disk GPT
[SHELL OUT]:	[Parent:00007ff7e2a5d8ff] >>  C:/GitHub/BlockyOS/Build/Build-nodate/disk.img  Base: 0    ConfBlockSize: 512    Starting Disk Env ID: 
[SHELL OUT]:	Reading Bytes
[SHELL OUT]:	[Parent:00007ff7e2a5d91a] >> Reading [92 bytes(s)->1 block(s)] from LBA[1(512)-2(1024)]
[SHELL OUT]:	GPT Dump:
[SHELL OUT]:	    Sig: "EFI PART"
[SHELL OUT]:	    Rev: 65536
[SHELL OUT]:	    Header-Size: 92
[SHELL OUT]:	    Header Checksum: 1641885286
[SHELL OUT]:	    localLBA: 1
[SHELL OUT]:	    altLBA: 788482
[SHELL OUT]:	    firstUsable: 2048
[SHELL OUT]:	    lastUsable: 788480
[SHELL OUT]:	    Disk-GUID: 
[SHELL OUT]:	    Partition-Table: 2
[SHELL OUT]:	    # of Partition-Entries: 3
[SHELL OUT]:	    Partition-Entry Size: 128
[SHELL OUT]:	    Partition-Table Checksum: 2610811153
[SHELL OUT]:	Closing Disk Interface >> {C:/GitHub/BlockyOS/Build/Build-nodate/disk.img}
[SHELL OUT]:	GPT Exists? true
[SHELL OUT]:	[Parent:00007ff7e2a5eed0] >>  C:/GitHub/BlockyOS/Build/Build-nodate/disk.img  Base: 0    ConfBlockSize: 512    Starting Disk Env ID: 
[SHELL OUT]:	Reading Bytes
[SHELL OUT]:	[Parent:00007ff7e2a5eef1] >> Reading [92 bytes(s)->1 block(s)] from LBA[1(512)-2(1024)]
[SHELL OUT]:	[C:\GitHub\BlockyOS\tools\filesystem\frat.c:137]  >>  Querying Part Table
[SHELL OUT]:	Reading Bytes
[SHELL OUT]:	[Parent:00007ff7e2a5e734] >> Reading [384 bytes(s)->1 block(s)] from LBA[2(1024)-3(1536)]
[SHELL OUT]:	[C:\GitHub\BlockyOS\tools\filesystem\frat.c:145]  >>  GPT-Entry: BOOT{2048:526335 -> 524287}
[SHELL OUT]:	[C:\GitHub\BlockyOS\tools\filesystem\frat.c:159]  >>  Querying FS at 2048
[SHELL OUT]:	Reading Bytes
[SHELL OUT]:	[Parent:00007ff7e2a5ebd8] >> Reading [60 bytes(s)->1 block(s)] from LBA[2048(1048576)-2049(1049088)]
[SHELL OUT]:	FS-Root Blob:
[SHELL OUT]:	    Version: [0:524288]
[SHELL OUT]:	    Sig: 
[SHELL OUT]:	    Configured Log Sectors: 2
[SHELL OUT]:	    Configured Block Size: 0
[SHELL OUT]:	    Configured Cluster-Map Size: 16711743
[SHELL OUT]:	[C:\GitHub\BlockyOS\tools\filesystem\frat.c:145]  >>  GPT-Entry: ROOT{526336:788479 -> 262143}
[SHELL OUT]:	[C:\GitHub\BlockyOS\tools\filesystem\frat.c:159]  >>  Querying FS at 526336
[SHELL OUT]:	Reading Bytes
[SHELL OUT]:	[Parent:00007ff7e2a5ebd8] >> Reading [60 bytes(s)->1 block(s)] from LBA[526336(269484032)-526337(269484544)]
[SHELL OUT]:	FS-Root Blob:
[SHELL OUT]:	    Version: [1:0]
[SHELL OUT]:	    Sig: FRAT_FILESYSTEM
[SHELL OUT]:	    Configured Log Sectors: 5
[SHELL OUT]:	    Configured Block Size: 512
[SHELL OUT]:	    Configured Cluster-Map Size: 10240
[SHELL OUT]:	[C:\GitHub\BlockyOS\tools\filesystem\frat.c:184]  >>  FS Found at [526336]:
[SHELL OUT]:		Version-Code: [1:0]
[SHELL OUT]:		Configured Block-Size: 512
[SHELL OUT]:		Configured Cluster-Size: 10240
[SHELL OUT]:		Configured # of Log-Sectors: 5
[SHELL OUT]:		Configured Log-Size: 90
[SHELL OUT]:	[C:\GitHub\BlockyOS\tools\filesystem\frat.c:210]  >>  Found Formatted Partition: 526336:788479 -> 262143
[SHELL OUT]:	Reading Bytes
[SHELL OUT]:	[Parent:00007ff7e2a5f052] >> Reading [60 bytes(s)->1 block(s)] from LBA[526336(269484032)-526337(269484544)]
[SHELL OUT]:	[C:\GitHub\BlockyOS\tools\filesystem\frat.c:223]  >>  Root: 526336:788479 -> 262143 LBAs
[SHELL OUT]:		Version-Code: [1:0]
[SHELL OUT]:		Configured Block-Size: 512
[SHELL OUT]:		Configured Cluster-Size: 10240
[SHELL OUT]:		Configured # of Log-Sectors: 10240
[SHELL OUT]:		Configured Log-Size: 5
[SHELL OUT]:	Reading Bytes
[SHELL OUT]:	[Parent:00007ff7e2a5f396] >> Reading [2560 bytes(s)->5 block(s)] from LBA[526397(269515264)-526402(269517824)]
[SHELL OUT]:	Reading Bytes
[SHELL OUT]:	[Parent:00007ff7e2a5f438] >> Reading [10240 bytes(s)->20 block(s)] from LBA[526403(269518336)-526423(269528576)]
[SHELL OUT]:	    Verifying FS Root Items #items: 512
[SHELL OUT]:	Reading Bytes
[SHELL OUT]:	[Parent:00007ff7e2a5f6ab] >> Reading [512 bytes(s)->1 block(s)] from LBA[526424(269529088)-526425(269529600)]
[SHELL OUT]:	Reading Bytes
[SHELL OUT]:	[Parent:00007ff7e2a5f6ab] >> Reading [512 bytes(s)->1 block(s)] from LBA[526425(269529600)-526426(269530112)]
[SHELL OUT]:	Reading Bytes
[SHELL OUT]:	[Parent:00007ff7e2a5f6ab] >> Reading [512 bytes(s)->1 block(s)] from LBA[526427(269530624)-526428(269531136)]
[SHELL OUT]:	Reading Bytes
[SHELL OUT]:	[Parent:00007ff7e2a5f6ab] >> Reading [512 bytes(s)->1 block(s)] from LBA[526428(269531136)-526429(269531648)]
[SHELL OUT]:	Reading Bytes
[SHELL OUT]:	[Parent:00007ff7e2a5f6ab] >> Reading [512 bytes(s)->1 block(s)] from LBA[526429(269531648)-526430(269532160)]
[SHELL OUT]:	Closing Disk Interface >> {C:/GitHub/BlockyOS/Build/Build-nodate/disk.img}
[SHELL OUT]:	[Parent:00007ff7e2a61768] >>  C:/GitHub/BlockyOS/Build/Build-nodate/disk.img  Base: 526336    ConfBlockSize: 512    Starting Disk Env ID: 
[SHELL OUT]:	Writing Bytes
[SHELL OUT]:	[Parent:00007ff7e2a61791] >> Wrtiting [60 bytes(s)->1 block(s)] to LBA[526336(269484032)-526337(269484544)]
[SHELL OUT]:	Writing Bytes
[SHELL OUT]:	[Parent:00007ff7e2a617c8] >> Wrtiting [10240 bytes(s)->20 block(s)] to LBA[526403(269518336)-526423(269528576)]
[SHELL OUT]:	Closing Disk Interface >> {C:/GitHub/BlockyOS/Build/Build-nodate/disk.img}
[SHELL OUT]:	[0]: ""
[SHELL]	create -la fc -p SYSD/ -n IO.srv
[SHELL OUT]:	
[SHELL OUT]:	>> 
[SHELL OUT]:	>> 
[SHELL OUT]:	00000223479b6fbb:fc	00000223479b6fc1:SYSD/	00000223479b6fca:IO.sr	
[SHELL OUT]:	[	SYSD/IO.sr]
[SHELL OUT]:	Mounting File [SYSD/IO.sr] with "fc"
[SHELL OUT]:	Creating File at: ./SYSD/IO.sr
[SHELL OUT]:	Root is 00000223479b63e0
[SHELL OUT]:	Root is 00000223479b63e0
[SHELL OUT]:	Un-Mounting File [6862717351328522646:110526186581165]
[SHELL OUT]:	[Parent:00007ff7e2a61768] >>  C:/GitHub/BlockyOS/Build/Build-nodate/disk.img  Base: 526336    ConfBlockSize: 512    Starting Disk Env ID: 
[SHELL OUT]:	Writing Bytes
[SHELL OUT]:	[Parent:00007ff7e2a61791] >> Wrtiting [60 bytes(s)->1 block(s)] to LBA[526336(269484032)-526337(269484544)]
[SHELL OUT]:	Writing Bytes
[SHELL OUT]:	[Parent:00007ff7e2a617c8] >> Wrtiting [10240 bytes(s)->20 block(s)] to LBA[526403(269518336)-526423(269528576)]
[SHELL OUT]:	Closing Disk Interface >> {C:/GitHub/BlockyOS/Build/Build-nodate/disk.img}
[SHELL OUT]:	[0]: ""
[SHELL]	FSFRAT.OPEN
[SHELL]	open -p SYSD/IO.srv -a IOAPP -la f
[SHELL OUT]:	
[SHELL OUT]:	>> 
[SHELL OUT]:	>> 
[SHELL OUT]:	Mounting File [SYSD/IO.srv] with ""
[SHELL OUT]:	Root is 00000223479b63e0
[SHELL OUT]:	[0]: ""
[SHELL]	FSFRAT.WRITE
[SHELL]	fwrite -pp C:/GitHub/BlockyOS/Build/Build-nodate/root-part/services/IO.service -ia %IOAPP% -p 0 -n 0
[SHELL OUT]:	
[SHELL OUT]:	>> 
[SHELL OUT]:	>> 
Initializing CGCC.MAKE build process...
Skipping C:\GitHub\BlockyOS\src\kernel\services\IO\IO.c - up to date; source=2026-09-16T16:38:35.5854557Z, stored=09/16/2026 16:38:35
Stale source detected for C:\GitHub\BlockyOS\Build\Build-nodate\root-part\libcrt.dll. source=2026-09-19T12:10:27.7198099Z, stored=09/19/2026 01:23:33, delta=n/a sec
Compiled and updated timestamp for C:\GitHub\BlockyOS\Build\Build-nodate\root-part\libcrt.dll
Skipping C:\GitHub\BlockyOS\src\kernel\services\IO\IO.def - up to date; source=2026-09-16T21:00:02.8766014Z, stored=09/16/2026 21:00:02
gcc compile/cache/c.IO.o Build/Build-nodate/root-part/libcrt.dll src/kernel/services/IO/IO.def -Wl,-nostdlib -Wl,-shared -Wl,-flinker-output=dyn -Wl,-Bsymbolic -Wl,--out-implib,C:/GitHub/BlockyOS/Build/Build-nodate/root-part/services/IO.dll.a -Wl,-Map,C:\GitHub\BlockyOS\src\kernel\services\IO\alibcrt.map -fdiagnostics-color=always -fno-diagnostics-show-highlight-colors -nostartfiles -nodefaultlibs -fno-asynchronous-unwind-tables -fno-unwind-tables -o C:/GitHub/BlockyOS/Build/Build-nodate/root-part/services/IO.dll
Build finished successfully -> C:/GitHub/BlockyOS/Build/Build-nodate/root-part/services/IO.dll


[SHELL]	PE2EXEC.MAKE
C:\GitHub\BlockyOS\tools\executable-format\exechandler.exe C:/GitHub/BlockyOS/Build/Build-nodate/root-part/services/IO.dll C:/GitHub/BlockyOS/Build/Build-nodate/root-part/services/IO.service -od -L C:/GitHub/BlockyOS/src/kernel/services/IO/IO.log

[(null):2129400432:DumpBeHeader]	Writing 1864015806531 bytes to 4096
[(null):2129400432:DumpBeHeader]	Writing 140728898420803 bytes to 140728898424832
[(null):2129400432:DumpBeHeader]	Writing 140728898420803 bytes to 140728898424832
[(null):2129400432:DumpBeHeader]	Writing 140728898420803 bytes to 140728898424832
[(null):2129400432:DumpBeHeader]	Writing 140728898420803 bytes to 140728898424832
[C:\GitHub\BlockyOS\tools\executable-format\exec.c:679:CreateResourceSection]
[(null):2129400432:DumpBeHeader]	Writing 140728898420803 bytes to 140728898424832
[C:\GitHub\BlockyOS\tools\executable-format\exec.c:145:ReadSection]	Reading 620 from 38408
	[C:\GitHub\BlockyOS\tools\executable-format\exec.c:615]
[C:\GitHub\BlockyOS\tools\executable-format\exec.c:723:CreateResourceSection][C:\GitHub\BlockyOS\tools\executable-format\exechandler.exe|-1073741819]

[SHELL]	FSFRAT.MAKE
[SHELL]	FSFRAT.MOUNT
[SHELL]	e.disk -pp C:/GitHub/BlockyOS/Build/Build-nodate/disk.img -pt ROOT -bs 2048 -lb 32 -v 1:0
[SHELL OUT]:	
[SHELL OUT]:	FSFRAT DRIVER
[SHELL OUT]:	>> 
[SHELL OUT]:	[C:\GitHub\BlockyOS\tools\filesystem\frat.c:196]  >>  Mounting FS Root: [C:/GitHub/BlockyOS/Build/Build-nodate/disk.img]
[SHELL OUT]:	Verifying Disk GPT
[SHELL OUT]:	[Parent:00007ff749cbd8ff] >>  C:/GitHub/BlockyOS/Build/Build-nodate/disk.img  Base: 0    ConfBlockSize: 512    Starting Disk Env ID: 
[SHELL OUT]:	Reading Bytes
[SHELL OUT]:	[Parent:00007ff749cbd91a] >> Reading [92 bytes(s)->1 block(s)] from LBA[1(512)-2(1024)]
[SHELL OUT]:	GPT Dump:
[SHELL OUT]:	    Sig: "EFI PART"
[SHELL OUT]:	    Rev: 65536
[SHELL OUT]:	    Header-Size: 92
[SHELL OUT]:	    Header Checksum: 1641885286
[SHELL OUT]:	    localLBA: 1
[SHELL OUT]:	    altLBA: 788482
[SHELL OUT]:	    firstUsable: 2048
[SHELL OUT]:	    lastUsable: 788480
[SHELL OUT]:	    Disk-GUID: 
[SHELL OUT]:	    Partition-Table: 2
[SHELL OUT]:	    # of Partition-Entries: 3
[SHELL OUT]:	    Partition-Entry Size: 128
[SHELL OUT]:	    Partition-Table Checksum: 2610811153
[SHELL OUT]:	Closing Disk Interface >> {C:/GitHub/BlockyOS/Build/Build-nodate/disk.img}
[SHELL OUT]:	GPT Exists? true
[SHELL OUT]:	[Parent:00007ff749cbeed0] >>  C:/GitHub/BlockyOS/Build/Build-nodate/disk.img  Base: 0    ConfBlockSize: 512    Starting Disk Env ID: 
[SHELL OUT]:	Reading Bytes
[SHELL OUT]:	[Parent:00007ff749cbeef1] >> Reading [92 bytes(s)->1 block(s)] from LBA[1(512)-2(1024)]
[SHELL OUT]:	[C:\GitHub\BlockyOS\tools\filesystem\frat.c:137]  >>  Querying Part Table
[SHELL OUT]:	Reading Bytes
[SHELL OUT]:	[Parent:00007ff749cbe734] >> Reading [384 bytes(s)->1 block(s)] from LBA[2(1024)-3(1536)]
[SHELL OUT]:	[C:\GitHub\BlockyOS\tools\filesystem\frat.c:145]  >>  GPT-Entry: BOOT{2048:526335 -> 524287}
[SHELL OUT]:	[C:\GitHub\BlockyOS\tools\filesystem\frat.c:159]  >>  Querying FS at 2048
[SHELL OUT]:	Reading Bytes
[SHELL OUT]:	[Parent:00007ff749cbebd8] >> Reading [60 bytes(s)->1 block(s)] from LBA[2048(1048576)-2049(1049088)]
[SHELL OUT]:	FS-Root Blob:
[SHELL OUT]:	    Version: [0:524288]
[SHELL OUT]:	    Sig: 
[SHELL OUT]:	    Configured Log Sectors: 2
[SHELL OUT]:	    Configured Block Size: 0
[SHELL OUT]:	    Configured Cluster-Map Size: 16711743
[SHELL OUT]:	[C:\GitHub\BlockyOS\tools\filesystem\frat.c:145]  >>  GPT-Entry: ROOT{526336:788479 -> 262143}
[SHELL OUT]:	[C:\GitHub\BlockyOS\tools\filesystem\frat.c:159]  >>  Querying FS at 526336
[SHELL OUT]:	Reading Bytes
[SHELL OUT]:	[Parent:00007ff749cbebd8] >> Reading [60 bytes(s)->1 block(s)] from LBA[526336(269484032)-526337(269484544)]
[SHELL OUT]:	FS-Root Blob:
[SHELL OUT]:	    Version: [1:0]
[SHELL OUT]:	    Sig: FRAT_FILESYSTEM
[SHELL OUT]:	    Configured Log Sectors: 5
[SHELL OUT]:	    Configured Block Size: 512
[SHELL OUT]:	    Configured Cluster-Map Size: 10240
[SHELL OUT]:	[C:\GitHub\BlockyOS\tools\filesystem\frat.c:184]  >>  FS Found at [526336]:
[SHELL OUT]:		Version-Code: [1:0]
[SHELL OUT]:		Configured Block-Size: 512
[SHELL OUT]:		Configured Cluster-Size: 10240
[SHELL OUT]:		Configured # of Log-Sectors: 5
[SHELL OUT]:		Configured Log-Size: 90
[SHELL OUT]:	[C:\GitHub\BlockyOS\tools\filesystem\frat.c:210]  >>  Found Formatted Partition: 526336:788479 -> 262143
[SHELL OUT]:	Reading Bytes
[SHELL OUT]:	[Parent:00007ff749cbf052] >> Reading [60 bytes(s)->1 block(s)] from LBA[526336(269484032)-526337(269484544)]
[SHELL OUT]:	[C:\GitHub\BlockyOS\tools\filesystem\frat.c:223]  >>  Root: 526336:788479 -> 262143 LBAs
[SHELL OUT]:		Version-Code: [1:0]
[SHELL OUT]:		Configured Block-Size: 512
[SHELL OUT]:		Configured Cluster-Size: 10240
[SHELL OUT]:		Configured # of Log-Sectors: 10240
[SHELL OUT]:		Configured Log-Size: 5
[SHELL OUT]:	Reading Bytes
[SHELL OUT]:	[Parent:00007ff749cbf396] >> Reading [2560 bytes(s)->5 block(s)] from LBA[526397(269515264)-526402(269517824)]
[SHELL OUT]:	Reading Bytes
[SHELL OUT]:	[Parent:00007ff749cbf438] >> Reading [10240 bytes(s)->20 block(s)] from LBA[526403(269518336)-526423(269528576)]
[SHELL OUT]:	    Verifying FS Root Items #items: 512
[SHELL OUT]:	Reading Bytes
[SHELL OUT]:	[Parent:00007ff749cbf6ab] >> Reading [512 bytes(s)->1 block(s)] from LBA[526424(269529088)-526425(269529600)]
[SHELL OUT]:	Reading Bytes
[SHELL OUT]:	[Parent:00007ff749cbf6ab] >> Reading [512 bytes(s)->1 block(s)] from LBA[526425(269529600)-526426(269530112)]
[SHELL OUT]:	Reading Bytes
[SHELL OUT]:	[Parent:00007ff749cbf6ab] >> Reading [512 bytes(s)->1 block(s)] from LBA[526427(269530624)-526428(269531136)]
[SHELL OUT]:	Reading Bytes
[SHELL OUT]:	[Parent:00007ff749cbf6ab] >> Reading [512 bytes(s)->1 block(s)] from LBA[526428(269531136)-526429(269531648)]
[SHELL OUT]:	Reading Bytes
[SHELL OUT]:	[Parent:00007ff749cbf6ab] >> Reading [512 bytes(s)->1 block(s)] from LBA[526429(269531648)-526430(269532160)]
[SHELL OUT]:	Closing Disk Interface >> {C:/GitHub/BlockyOS/Build/Build-nodate/disk.img}
[SHELL OUT]:	[Parent:00007ff749cc1768] >>  C:/GitHub/BlockyOS/Build/Build-nodate/disk.img  Base: 526336    ConfBlockSize: 512    Starting Disk Env ID: 
[SHELL OUT]:	Writing Bytes
[SHELL OUT]:	[Parent:00007ff749cc1791] >> Wrtiting [60 bytes(s)->1 block(s)] to LBA[526336(269484032)-526337(269484544)]
[SHELL OUT]:	Writing Bytes
[SHELL OUT]:	[Parent:00007ff749cc17c8] >> Wrtiting [10240 bytes(s)->20 block(s)] to LBA[526403(269518336)-526423(269528576)]
[SHELL OUT]:	Closing Disk Interface >> {C:/GitHub/BlockyOS/Build/Build-nodate/disk.img}
[SHELL OUT]:	[0]: ""
[SHELL]	create -la fc -p SYSD/ -n IO.srv
[SHELL OUT]:	
[SHELL OUT]:	>> 
[SHELL OUT]:	>> 
[SHELL OUT]:	000001fb30726fbb:fc	000001fb30726fc1:SYSD/	000001fb30726fca:IO.sr	
[SHELL OUT]:	[	SYSD/IO.sr]
[SHELL OUT]:	Mounting File [SYSD/IO.sr] with "fc"
[SHELL OUT]:	Creating File at: ./SYSD/IO.sr
[SHELL OUT]:	Root is 000001fb307263e0
[SHELL OUT]:	Root is 000001fb307263e0
[SHELL OUT]:	Un-Mounting File [6862717351328522646:110526186581165]
[SHELL OUT]:	[Parent:00007ff749cc1768] >>  C:/GitHub/BlockyOS/Build/Build-nodate/disk.img  Base: 526336    ConfBlockSize: 512    Starting Disk Env ID: 
[SHELL OUT]:	Writing Bytes
[SHELL OUT]:	[Parent:00007ff749cc1791] >> Wrtiting [60 bytes(s)->1 block(s)] to LBA[526336(269484032)-526337(269484544)]
[SHELL OUT]:	Writing Bytes
[SHELL OUT]:	[Parent:00007ff749cc17c8] >> Wrtiting [10240 bytes(s)->20 block(s)] to LBA[526403(269518336)-526423(269528576)]
[SHELL OUT]:	Closing Disk Interface >> {C:/GitHub/BlockyOS/Build/Build-nodate/disk.img}
[SHELL OUT]:	[0]: ""
[SHELL]	FSFRAT.OPEN
[SHELL]	open -p SYSD/IO.srv -a IOAPP -la f
[SHELL OUT]:	
[SHELL OUT]:	>> 
[SHELL OUT]:	>> 
[SHELL OUT]:	Mounting File [SYSD/IO.srv] with ""
[SHELL OUT]:	Root is 000001fb307263e0
[SHELL OUT]:	[0]: ""
[SHELL]	FSFRAT.WRITE
[SHELL]	fwrite -pp C:/GitHub/BlockyOS/Build/Build-nodate/root-part/services/IO.service -ia %IOAPP% -p 0 -n 0
[SHELL OUT]:	
[SHELL OUT]:	>> 
[SHELL OUT]:	>> 
Initializing CGCC.MAKE build process...
Skipping C:\GitHub\BlockyOS\src\kernel\services\IO\IO.c - up to date; source=2026-09-16T16:38:35.5854557Z, stored=09/16/2026 16:38:35
Stale source detected for C:\GitHub\BlockyOS\Build\Build-nodate\root-part\libcrt.dll. source=2026-09-30T22:56:37.9811704Z, stored=09/19/2026 12:10:27, delta=n/a sec
Compiled and updated timestamp for C:\GitHub\BlockyOS\Build\Build-nodate\root-part\libcrt.dll
Skipping C:\GitHub\BlockyOS\src\kernel\services\IO\IO.def - up to date; source=2026-09-16T21:00:02.8766014Z, stored=09/16/2026 21:00:02
gcc compile/cache/c.IO.o Build/Build-nodate/root-part/libcrt.dll src/kernel/services/IO/IO.def -Wl,-nostdlib -Wl,-shared -Wl,-flinker-output=dyn -Wl,-Bsymbolic -Wl,--out-implib,C:/GitHub/BlockyOS/Build/Build-nodate/root-part/services/IO.dll.a -Wl,-Map,C:\GitHub\BlockyOS\src\kernel\services\IO\alibcrt.map -fdiagnostics-color=always -fno-diagnostics-show-highlight-colors -nostartfiles -nodefaultlibs -fno-asynchronous-unwind-tables -fno-unwind-tables -o C:/GitHub/BlockyOS/Build/Build-nodate/root-part/services/IO.dll
Build finished successfully -> C:/GitHub/BlockyOS/Build/Build-nodate/root-part/services/IO.dll


[SHELL]	PE2EXEC.MAKE
PE2EXEC is Deprecated. Generating alias...

[SHELL]	FSFRAT.MAKE
[SHELL]	FSFRAT.MOUNT
[SHELL]	e.disk -pp C:/GitHub/BlockyOS/Build/Build-nodate/disk.img -pt ROOT -bs 2048 -lb 32 -v 1:0
[SHELL OUT]:	
[SHELL OUT]:	FSFRAT DRIVER
[SHELL OUT]:	>> 
[SHELL OUT]:	[C:\GitHub\BlockyOS\tools\filesystem\frat.c:196]  >>  Mounting FS Root: [C:/GitHub/BlockyOS/Build/Build-nodate/disk.img]
[SHELL OUT]:	Verifying Disk GPT
[SHELL OUT]:	[Parent:00007ff7d83dd8ff] >>  C:/GitHub/BlockyOS/Build/Build-nodate/disk.img  Base: 0    ConfBlockSize: 512    Starting Disk Env ID: 
[SHELL OUT]:	Reading Bytes
[SHELL OUT]:	[Parent:00007ff7d83dd91a] >> Reading [92 bytes(s)->1 block(s)] from LBA[1(512)-2(1024)]
[SHELL OUT]:	GPT Dump:
[SHELL OUT]:	    Sig: "EFI PART"
[SHELL OUT]:	    Rev: 65536
[SHELL OUT]:	    Header-Size: 92
[SHELL OUT]:	    Header Checksum: 1641885286
[SHELL OUT]:	    localLBA: 1
[SHELL OUT]:	    altLBA: 788482
[SHELL OUT]:	    firstUsable: 2048
[SHELL OUT]:	    lastUsable: 788480
[SHELL OUT]:	    Disk-GUID: 
[SHELL OUT]:	    Partition-Table: 2
[SHELL OUT]:	    # of Partition-Entries: 3
[SHELL OUT]:	    Partition-Entry Size: 128
[SHELL OUT]:	    Partition-Table Checksum: 2610811153
[SHELL OUT]:	Closing Disk Interface >> {C:/GitHub/BlockyOS/Build/Build-nodate/disk.img}
[SHELL OUT]:	GPT Exists? true
[SHELL OUT]:	[Parent:00007ff7d83deed9] >>  C:/GitHub/BlockyOS/Build/Build-nodate/disk.img  Base: 0    ConfBlockSize: 512    Starting Disk Env ID: 
[SHELL OUT]:	Reading Bytes
[SHELL OUT]:	[Parent:00007ff7d83deefa] >> Reading [92 bytes(s)->1 block(s)] from LBA[1(512)-2(1024)]
[SHELL OUT]:	[C:\GitHub\BlockyOS\tools\filesystem\frat.c:137]  >>  Querying Part Table
[SHELL OUT]:	Reading Bytes
[SHELL OUT]:	[Parent:00007ff7d83de73d] >> Reading [384 bytes(s)->1 block(s)] from LBA[2(1024)-3(1536)]
[SHELL OUT]:	[C:\GitHub\BlockyOS\tools\filesystem\frat.c:145]  >>  GPT-Entry: BOOT{2048:526335 -> 524287}
[SHELL OUT]:	[C:\GitHub\BlockyOS\tools\filesystem\frat.c:159]  >>  Querying FS at 2048
[SHELL OUT]:	Reading Bytes
[SHELL OUT]:	[Parent:00007ff7d83debe1] >> Reading [60 bytes(s)->1 block(s)] from LBA[2048(1048576)-2049(1049088)]
[SHELL OUT]:	FS-Root Blob:
[SHELL OUT]:	    Version: [0:524288]
[SHELL OUT]:	    Sig: 
[SHELL OUT]:	    Configured Log Sectors: 2
[SHELL OUT]:	    Configured Block Size: 0
[SHELL OUT]:	    Configured Cluster-Map Size: 16711743
[SHELL OUT]:	[C:\GitHub\BlockyOS\tools\filesystem\frat.c:145]  >>  GPT-Entry: ROOT{526336:788479 -> 262143}
[SHELL OUT]:	[C:\GitHub\BlockyOS\tools\filesystem\frat.c:159]  >>  Querying FS at 526336
[SHELL OUT]:	Reading Bytes
[SHELL OUT]:	[Parent:00007ff7d83debe1] >> Reading [60 bytes(s)->1 block(s)] from LBA[526336(269484032)-526337(269484544)]
[SHELL OUT]:	FS-Root Blob:
[SHELL OUT]:	    Version: [1:0]
[SHELL OUT]:	    Sig: FRAT_FILESYSTEM
[SHELL OUT]:	    Configured Log Sectors: 5
[SHELL OUT]:	    Configured Block Size: 512
[SHELL OUT]:	    Configured Cluster-Map Size: 10240
[SHELL OUT]:	[C:\GitHub\BlockyOS\tools\filesystem\frat.c:184]  >>  FS Found at [526336]:
[SHELL OUT]:		Version-Code: [1:0]
[SHELL OUT]:		Configured Block-Size: 512
[SHELL OUT]:		Configured Cluster-Size: 10240
[SHELL OUT]:		Configured # of Log-Sectors: 5
[SHELL OUT]:		Configured Log-Size: 90
[SHELL OUT]:	[C:\GitHub\BlockyOS\tools\filesystem\frat.c:210]  >>  Found Formatted Partition: 526336:788479 -> 262143
[SHELL OUT]:	Reading Bytes
[SHELL OUT]:	[Parent:00007ff7d83df05b] >> Reading [60 bytes(s)->1 block(s)] from LBA[526336(269484032)-526337(269484544)]
[SHELL OUT]:	[C:\GitHub\BlockyOS\tools\filesystem\frat.c:223]  >>  Root: 526336:788479 -> 262143 LBAs
[SHELL OUT]:		Version-Code: [1:0]
[SHELL OUT]:		Configured Block-Size: 512
[SHELL OUT]:		Configured Cluster-Size: 10240
[SHELL OUT]:		Configured # of Log-Sectors: 10240
[SHELL OUT]:		Configured Log-Size: 5
[SHELL OUT]:	Reading Bytes
[SHELL OUT]:	[Parent:00007ff7d83df39f] >> Reading [2560 bytes(s)->5 block(s)] from LBA[526337(269484544)-526342(269487104)]
[SHELL OUT]:	Reading Bytes
[SHELL OUT]:	[Parent:00007ff7d83df44b] >> Reading [10240 bytes(s)->20 block(s)] from LBA[529920(271319040)-529940(271329280)]
[SHELL OUT]:	    Verifying FS Root Items #items: 512
[SHELL OUT]:	Reading Bytes
[SHELL OUT]:	[Parent:00007ff7d83df6be] >> Reading [512 bytes(s)->1 block(s)] from LBA[540672(276824064)-540673(276824576)]
[SHELL OUT]:	Reading Bytes
[SHELL OUT]:	[Parent:00007ff7d83df6be] >> Reading [512 bytes(s)->1 block(s)] from LBA[540673(276824576)-540674(276825088)]
[SHELL OUT]:	Reading Bytes
[SHELL OUT]:	[Parent:00007ff7d83df6be] >> Reading [512 bytes(s)->1 block(s)] from LBA[540675(276825600)-540676(276826112)]
[SHELL OUT]:	Reading Bytes
[SHELL OUT]:	[Parent:00007ff7d83df6be] >> Reading [512 bytes(s)->1 block(s)] from LBA[540729(276853248)-540730(276853760)]
[SHELL OUT]:	Closing Disk Interface >> {C:/GitHub/BlockyOS/Build/Build-nodate/disk.img}
[SHELL OUT]:	[Parent:00007ff7d83e1926] >>  C:/GitHub/BlockyOS/Build/Build-nodate/disk.img  Base: 526336    ConfBlockSize: 512    Starting Disk Env ID: 
[SHELL OUT]:	Writing Bytes
[SHELL OUT]:	[Parent:00007ff7d83e194f] >> Wrtiting [60 bytes(s)->1 block(s)] to LBA[526336(269484032)-526337(269484544)]
[SHELL OUT]:	Writing Bytes
[SHELL OUT]:	[Parent:00007ff7d83e1997] >> Wrtiting [10240 bytes(s)->20 block(s)] to LBA[529920(271319040)-529940(271329280)]
[SHELL OUT]:	Closing Disk Interface >> {C:/GitHub/BlockyOS/Build/Build-nodate/disk.img}
[SHELL OUT]:	[0]: ""
[SHELL]	create -la fc -p SYSD/ -n IO.srv
[SHELL OUT]:	
[SHELL OUT]:	>> 
[SHELL OUT]:	>> 
[SHELL OUT]:	0000019f61bf5f1b:fc	0000019f61bf5f21:SYSD/	0000019f61bf5f2a:IO.srv	
[SHELL OUT]:	[	SYSD/IO.srv]
[SHELL OUT]:	Mounting File [SYSD/IO.srv] with "fc"
[SHELL OUT]:	Creating File at: ./SYSD/IO.srv
[SHELL OUT]:	Root is 0000019f61bf9080
[SHELL OUT]:		Fcode: [15121476452216174457:138364061859062]
[SHELL OUT]:	Mounting Dir [SYSD] with Args: "dc"
[SHELL OUT]:	Root is 0000019f61bf9080
[SHELL OUT]:	Refreshing Dir SYSD
[SHELL OUT]:	[Parent:00007ff7d83e1a38] >>  C:/GitHub/BlockyOS/Build/Build-nodate/disk.img  Base: 526336    ConfBlockSize: 512    Starting Disk Env ID: 
[SHELL OUT]:	Reading Bytes
[SHELL OUT]:	[Parent:00007ff7d83e1ae0] >> Reading [512 bytes(s)->1 block(s)] from LBA[540674(276825088)-540675(276825600)]
[SHELL OUT]:	Closing Disk Interface >> {C:/GitHub/BlockyOS/Build/Build-nodate/disk.img}
[SHELL OUT]:	Adding Entry:[15121476452216174457:138364061859062] to Dir [SYSD:[655946151726387169:223579696255234]
[SHELL OUT]:	Refreshing Dir SYSD
[SHELL OUT]:	[Parent:00007ff7d83e1a38] >>  C:/GitHub/BlockyOS/Build/Build-nodate/disk.img  Base: 526336    ConfBlockSize: 512    Starting Disk Env ID: 
[SHELL OUT]:	Reading Bytes
[SHELL OUT]:	[Parent:00007ff7d83e1ae0] >> Reading [512 bytes(s)->1 block(s)] from LBA[540674(276825088)-540675(276825600)]
[SHELL OUT]:	Closing Disk Interface >> {C:/GitHub/BlockyOS/Build/Build-nodate/disk.img}
[SHELL OUT]:	Un-Mounting Directory [SYSD]
[SHELL OUT]:	[Parent:00007ff7d83e17ad] >>  C:/GitHub/BlockyOS/Build/Build-nodate/disk.img  Base: 526336    ConfBlockSize: 512    Starting Disk Env ID: 
[SHELL OUT]:	[Parent:00007ff7d83e1926] >>  C:/GitHub/BlockyOS/Build/Build-nodate/disk.img  Base: 526336    ConfBlockSize: 512    Starting Disk Env ID: 
[SHELL OUT]:	Writing Bytes
[SHELL OUT]:	[Parent:00007ff7d83e194f] >> Wrtiting [60 bytes(s)->1 block(s)] to LBA[526336(269484032)-526337(269484544)]
[SHELL OUT]:	Writing Bytes
[SHELL OUT]:	[Parent:00007ff7d83e1997] >> Wrtiting [10240 bytes(s)->20 block(s)] to LBA[529920(271319040)-529940(271329280)]
[SHELL OUT]:	Closing Disk Interface >> {C:/GitHub/BlockyOS/Build/Build-nodate/disk.img}
[SHELL OUT]:	Writing Bytes
[SHELL OUT]:	[Parent:00007ff7d83e18a4] >> Wrtiting [512 bytes(s)->1 block(s)] to LBA[540674(276825088)-540675(276825600)]
[SHELL OUT]:	Closing Disk Interface >> {C:/GitHub/BlockyOS/Build/Build-nodate/disk.img}
[SHELL OUT]:	Initialising File MetaData: ./\SYSD/IO.srv
[SHELL OUT]:	[Parent:00007ff7d83e0a32] >>  C:/GitHub/BlockyOS/Build/Build-nodate/disk.img  Base: 526336    ConfBlockSize: 512    Starting Disk Env ID: 
[SHELL OUT]:	Writing Bytes
[SHELL OUT]:	[Parent:00007ff7d83e0a71] >> Wrtiting [512 bytes(s)->1 block(s)] to LBA[541181(277084672)-541182(277085184)]
[SHELL OUT]:	Closing Disk Interface >> {C:/GitHub/BlockyOS/Build/Build-nodate/disk.img}
[SHELL OUT]:	Root is 0000019f61bf9080
[SHELL OUT]:	Un-Mounting File [15121476452216174457:138364061859062]
[SHELL OUT]:	[Parent:00007ff7d83e1926] >>  C:/GitHub/BlockyOS/Build/Build-nodate/disk.img  Base: 526336    ConfBlockSize: 512    Starting Disk Env ID: 
[SHELL OUT]:	Writing Bytes
[SHELL OUT]:	[Parent:00007ff7d83e194f] >> Wrtiting [60 bytes(s)->1 block(s)] to LBA[526336(269484032)-526337(269484544)]
[SHELL OUT]:	Writing Bytes
[SHELL OUT]:	[Parent:00007ff7d83e1997] >> Wrtiting [10240 bytes(s)->20 block(s)] to LBA[529920(271319040)-529940(271329280)]
[SHELL OUT]:	Closing Disk Interface >> {C:/GitHub/BlockyOS/Build/Build-nodate/disk.img}
[SHELL OUT]:	[0]: ""
[SHELL]	FSFRAT.OPEN
[SHELL]	open -p SYSD/IO.srv -a IOAPP -la f
[SHELL OUT]:	
[SHELL OUT]:	>> 
[SHELL OUT]:	>> 
[SHELL OUT]:	Mounting File [SYSD/IO.srv] with "f"
[SHELL OUT]:	Root is 0000019f61bf9080
[SHELL OUT]:	[0]: ""
[SHELL]	FSFRAT.WRITE
[SHELL]	fwrite -pp C:/GitHub/BlockyOS/Build/Build-nodate/root-part/services/IO.service -ia %IOAPP% -p 0 -n 0
[SHELL OUT]:	
[SHELL OUT]:	>> 
[SHELL OUT]:	>> 
[SHELL OUT]:	[Parent:00007ff7d83e1f16] >>  C:/GitHub/BlockyOS/Build/Build-nodate/disk.img  Base: 526336    ConfBlockSize: 512    Starting Disk Env ID: 
[SHELL OUT]:	[Parent:00007ff7d83e1e53] >>  C:/GitHub/BlockyOS/Build/Build-nodate/disk.img  Base: 526336    ConfBlockSize: 512    Starting Disk Env ID: 
[SHELL OUT]:	Reading File Info
[SHELL OUT]:	Reading Bytes
[SHELL OUT]:	[Parent:00007ff7d83e1ec2] >> Reading [512 bytes(s)->1 block(s)] from LBA[541181(277084672)-541182(277085184)]
[SHELL OUT]:	Closing Disk Interface >> {C:/GitHub/BlockyOS/Build/Build-nodate/disk.img}
[SHELL OUT]:	Writing Bytes
[SHELL OUT]:	[Parent:00007ff7d83e2010] >> Wrtiting [512 bytes(s)->1 block(s)] to LBA[541181(277084672)-541182(277085184)]
[SHELL OUT]:	Closing Disk Interface >> {C:/GitHub/BlockyOS/Build/Build-nodate/disk.img}
[SHELL OUT]:	Root is 0000019f61bf9080
[SHELL OUT]:	Adding FS Table Entry: [15121476452216174457:138364061859062], Type: FILE
[SHELL OUT]:		Writing 0x00-Block: 541182
[SHELL OUT]:	[Parent:00007ff7d83e0614] >>  C:/GitHub/BlockyOS/Build/Build-nodate/disk.img  Base: 526336    ConfBlockSize: 512    Starting Disk Env ID: 
[SHELL OUT]:	Writing Bytes
[SHELL OUT]:	[Parent:00007ff7d83e0640] >> Wrtiting [512 bytes(s)->1 block(s)] to LBA[541182(277085184)-541183(277085696)]
[SHELL OUT]:	Closing Disk Interface >> {C:/GitHub/BlockyOS/Build/Build-nodate/disk.img}
[SHELL OUT]:	Writing File Block at 541182, Item: 1.	Root: [15121476452216174457:138364061859062]
[SHELL OUT]:	[Parent:00007ff7d83e1557] >>  C:/GitHub/BlockyOS/Build/Build-nodate/disk.img  Base: 526336    ConfBlockSize: 512    Starting Disk Env ID: 
[SHELL OUT]:	Writing Bytes
[SHELL OUT]:	[Parent:00007ff7d83e1583] >> Wrtiting [512 bytes(s)->1 block(s)] to LBA[541182(277085184)-541183(277085696)]
[SHELL OUT]:	Closing Disk Interface >> {C:/GitHub/BlockyOS/Build/Build-nodate/disk.img}
[SHELL OUT]:	Adding FS Table Entry: [15121476452216174457:138364061859062], Type: FILE
[SHELL OUT]:		Writing 0x00-Block: 541183
[SHELL OUT]:	[Parent:00007ff7d83e0614] >>  C:/GitHub/BlockyOS/Build/Build-nodate/disk.img  Base: 526336    ConfBlockSize: 512    Starting Disk Env ID: 
[SHELL OUT]:	Writing Bytes
[SHELL OUT]:	[Parent:00007ff7d83e0640] >> Wrtiting [512 bytes(s)->1 block(s)] to LBA[541183(277085696)-541184(277086208)]
[SHELL OUT]:	Closing Disk Interface >> {C:/GitHub/BlockyOS/Build/Build-nodate/disk.img}
[SHELL OUT]:	Writing File Block at 541183, Item: 2.	Root: [15121476452216174457:138364061859062]
[SHELL OUT]:	[Parent:00007ff7d83e1557] >>  C:/GitHub/BlockyOS/Build/Build-nodate/disk.img  Base: 526336    ConfBlockSize: 512    Starting Disk Env ID: 
[SHELL OUT]:	Writing Bytes
[SHELL OUT]:	[Parent:00007ff7d83e1583] >> Wrtiting [512 bytes(s)->1 block(s)] to LBA[541183(277085696)-541184(277086208)]
[SHELL OUT]:	Closing Disk Interface >> {C:/GitHub/BlockyOS/Build/Build-nodate/disk.img}
[SHELL OUT]:	Adding FS Table Entry: [15121476452216174457:138364061859062], Type: FILE
[SHELL OUT]:	Invalid File Block
[SHELL OUT]:	Adding FS Table Entry: [15121476452216174457:138364061859062], Type: FILE
[SHELL OUT]:	Invalid File Block
[SHELL OUT]:	Adding FS Table Entry: [15121476452216174457:138364061859062], Type: FILE
[SHELL OUT]:	Invalid File Block
[SHELL OUT]:	Adding FS Table Entry: [15121476452216174457:138364061859062], Type: FILE
[SHELL OUT]:	Invalid File Block
[SHELL OUT]:	Adding FS Table Entry: [15121476452216174457:138364061859062], Type: FILE
[SHELL OUT]:	Invalid File Block
[SHELL OUT]:	Adding FS Table Entry: [15121476452216174457:138364061859062], Type: FILE
[SHELL OUT]:	Invalid File Block
[SHELL OUT]:	Adding FS Table Entry: [15121476452216174457:138364061859062], Type: FILE
[SHELL OUT]:	Invalid File Block
[SHELL OUT]:	Adding FS Table Entry: [15121476452216174457:138364061859062], Type: FILE
[SHELL OUT]:	Invalid File Block
[SHELL OUT]:	Adding FS Table Entry: [15121476452216174457:138364061859062], Type: FILE
[SHELL OUT]:	Invalid File Block
[SHELL OUT]:	Adding FS Table Entry: [15121476452216174457:138364061859062], Type: FILE
[SHELL OUT]:	Invalid File Block
[SHELL OUT]:	Adding FS Table Entry: [15121476452216174457:138364061859062], Type: FILE
[SHELL OUT]:	Invalid File Block
[SHELL OUT]:	Adding FS Table Entry: [15121476452216174457:138364061859062], Type: FILE
[SHELL OUT]:	Invalid File Block
[SHELL OUT]:	Adding FS Table Entry: [15121476452216174457:138364061859062], Type: FILE
[SHELL OUT]:	Invalid File Block
[SHELL OUT]:	Adding FS Table Entry: [15121476452216174457:138364061859062], Type: FILE
[SHELL OUT]:	Invalid File Block
[SHELL OUT]:	Adding FS Table Entry: [15121476452216174457:138364061859062], Type: FILE
[SHELL OUT]:	Invalid File Block
[SHELL OUT]:	Adding FS Table Entry: [15121476452216174457:138364061859062], Type: FILE
[SHELL OUT]:	Invalid File Block
[SHELL OUT]:	Adding FS Table Entry: [15121476452216174457:138364061859062], Type: FILE
[SHELL OUT]:	Invalid File Block
[SHELL OUT]:	Adding FS Table Entry: [15121476452216174457:138364061859062], Type: FILE
[SHELL OUT]:	Invalid File Block
[SHELL OUT]:	Adding FS Table Entry: [15121476452216174457:138364061859062], Type: FILE
[SHELL OUT]:	Invalid File Block
[SHELL OUT]:	Adding FS Table Entry: [15121476452216174457:138364061859062], Type: FILE
[SHELL OUT]:	Invalid File Block
[SHELL OUT]:	Adding FS Table Entry: [15121476452216174457:138364061859062], Type: FILE
[SHELL OUT]:	Invalid File Block
[SHELL OUT]:	Adding FS Table Entry: [15121476452216174457:138364061859062], Type: FILE
[SHELL OUT]:	Invalid File Block
[SHELL OUT]:	Adding FS Table Entry: [15121476452216174457:138364061859062], Type: FILE
[SHELL OUT]:	Invalid File Block
[SHELL OUT]:	Adding FS Table Entry: [15121476452216174457:138364061859062], Type: FILE
[SHELL OUT]:	Invalid File Block
[SHELL OUT]:	Adding FS Table Entry: [15121476452216174457:138364061859062], Type: FILE
[SHELL OUT]:	Invalid File Block
[SHELL OUT]:	Adding FS Table Entry: [15121476452216174457:138364061859062], Type: FILE
[SHELL OUT]:	Invalid File Block
[SHELL OUT]:	Adding FS Table Entry: [15121476452216174457:138364061859062], Type: FILE
[SHELL OUT]:	Invalid File Block
[SHELL OUT]:	Adding FS Table Entry: [15121476452216174457:138364061859062], Type: FILE
[SHELL OUT]:	Invalid File Block
[SHELL OUT]:	Adding FS Table Entry: [15121476452216174457:138364061859062], Type: FILE
[SHELL OUT]:	Invalid File Block
[SHELL OUT]:	Adding FS Table Entry: [15121476452216174457:138364061859062], Type: FILE
[SHELL OUT]:	Invalid File Block
[SHELL OUT]:	Adding FS Table Entry: [15121476452216174457:138364061859062], Type: FILE
[SHELL OUT]:	Invalid File Block
[SHELL OUT]:	Adding FS Table Entry: [15121476452216174457:138364061859062], Type: FILE
[SHELL OUT]:	Invalid File Block
[SHELL OUT]:	Adding FS Table Entry: [15121476452216174457:138364061859062], Type: FILE
[SHELL OUT]:	Invalid File Block
[SHELL OUT]:	Adding FS Table Entry: [15121476452216174457:138364061859062], Type: FILE
[SHELL OUT]:	Invalid File Block
[SHELL OUT]:	Adding FS Table Entry: [15121476452216174457:138364061859062], Type: FILE
[SHELL OUT]:	Invalid File Block
[SHELL OUT]:	Adding FS Table Entry: [15121476452216174457:138364061859062], Type: FILE
[SHELL OUT]:	Invalid File Block
[SHELL OUT]:	Adding FS Table Entry: [15121476452216174457:138364061859062], Type: FILE
[SHELL OUT]:	Invalid File Block
[SHELL OUT]:	Adding FS Table Entry: [15121476452216174457:138364061859062], Type: FILE
[SHELL OUT]:	Invalid File Block
[SHELL OUT]:	Adding FS Table Entry: [15121476452216174457:138364061859062], Type: FILE
[SHELL OUT]:	Invalid File Block
[SHELL OUT]:	Adding FS Table Entry: [15121476452216174457:138364061859062], Type: FILE
[SHELL OUT]:	Invalid File Block
[SHELL OUT]:	Adding FS Table Entry: [15121476452216174457:138364061859062], Type: FILE
[SHELL OUT]:	Invalid File Block
[SHELL OUT]:	Adding FS Table Entry: [15121476452216174457:138364061859062], Type: FILE
[SHELL OUT]:	Invalid File Block
[SHELL OUT]:	Adding FS Table Entry: [15121476452216174457:138364061859062], Type: FILE
[SHELL OUT]:	Invalid File Block
[SHELL OUT]:	Adding FS Table Entry: [15121476452216174457:138364061859062], Type: FILE
[SHELL OUT]:	Invalid File Block
[SHELL OUT]:	Adding FS Table Entry: [15121476452216174457:138364061859062], Type: FILE
[SHELL OUT]:	Invalid File Block
[SHELL OUT]:	Adding FS Table Entry: [15121476452216174457:138364061859062], Type: FILE
[SHELL OUT]:	Invalid File Block
[SHELL OUT]:	Adding FS Table Entry: [15121476452216174457:138364061859062], Type: FILE
[SHELL OUT]:	Invalid File Block
[SHELL OUT]:	Adding FS Table Entry: [15121476452216174457:138364061859062], Type: FILE
[SHELL OUT]:	Invalid File Block
[SHELL OUT]:	Adding FS Table Entry: [15121476452216174457:138364061859062], Type: FILE
[SHELL OUT]:	Invalid File Block
[SHELL OUT]:	Adding FS Table Entry: [15121476452216174457:138364061859062], Type: FILE
[SHELL OUT]:	Invalid File Block
[SHELL OUT]:	Adding FS Table Entry: [15121476452216174457:138364061859062], Type: FILE
[SHELL OUT]:	Invalid File Block
[SHELL OUT]:	Adding FS Table Entry: [15121476452216174457:138364061859062], Type: FILE
[SHELL OUT]:	Invalid File Block
[SHELL OUT]:	Adding FS Table Entry: [15121476452216174457:138364061859062], Type: FILE
[SHELL OUT]:	Invalid File Block
[SHELL OUT]:	Adding FS Table Entry: [15121476452216174457:138364061859062], Type: FILE
[SHELL OUT]:	Invalid File Block
[SHELL OUT]:	Adding FS Table Entry: [15121476452216174457:138364061859062], Type: FILE
[SHELL OUT]:	Invalid File Block
[SHELL OUT]:	Adding FS Table Entry: [15121476452216174457:138364061859062], Type: FILE
[SHELL OUT]:	Invalid File Block
[SHELL OUT]:	Adding FS Table Entry: [15121476452216174457:138364061859062], Type: FILE
[SHELL OUT]:	Invalid File Block
[SHELL OUT]:	Adding FS Table Entry: [15121476452216174457:138364061859062], Type: FILE
[SHELL OUT]:	Invalid File Block
[SHELL OUT]:	Adding FS Table Entry: [15121476452216174457:138364061859062], Type: FILE
[SHELL OUT]:	Invalid File Block
[SHELL OUT]:	Adding FS Table Entry: [15121476452216174457:138364061859062], Type: FILE
[SHELL OUT]:	Invalid File Block
[SHELL OUT]:	Adding FS Table Entry: [15121476452216174457:138364061859062], Type: FILE
[SHELL OUT]:	Invalid File Block
[SHELL OUT]:	Adding FS Table Entry: [15121476452216174457:138364061859062], Type: FILE
[SHELL OUT]:	Invalid File Block
[SHELL OUT]:	Adding FS Table Entry: [15121476452216174457:138364061859062], Type: FILE
[SHELL OUT]:	Invalid File Block
[SHELL OUT]:	Adding FS Table Entry: [15121476452216174457:138364061859062], Type: FILE
[SHELL OUT]:	Invalid File Block
[SHELL OUT]:	Adding FS Table Entry: [15121476452216174457:138364061859062], Type: FILE
[SHELL OUT]:	Invalid File Block
[SHELL OUT]:	Adding FS Table Entry: [15121476452216174457:138364061859062], Type: FILE
[SHELL OUT]:	Invalid File Block
[SHELL OUT]:	Adding FS Table Entry: [15121476452216174457:138364061859062], Type: FILE
[SHELL OUT]:	Invalid File Block
[SHELL OUT]:	Adding FS Table Entry: [15121476452216174457:138364061859062], Type: FILE
[SHELL OUT]:	Invalid File Block
[SHELL OUT]:	Adding FS Table Entry: [15121476452216174457:138364061859062], Type: FILE
[SHELL OUT]:	Invalid File Block
[SHELL OUT]:	Adding FS Table Entry: [15121476452216174457:138364061859062], Type: FILE
[SHELL OUT]:	Invalid File Block
[SHELL OUT]:	Adding FS Table Entry: [15121476452216174457:138364061859062], Type: FILE
[SHELL OUT]:	Invalid File Block
[SHELL OUT]:	Adding FS Table Entry: [15121476452216174457:138364061859062], Type: FILE
[SHELL OUT]:	Invalid File Block
[SHELL OUT]:	Adding FS Table Entry: [15121476452216174457:138364061859062], Type: FILE
[SHELL OUT]:	Invalid File Block
[SHELL OUT]:	Adding FS Table Entry: [15121476452216174457:138364061859062], Type: FILE
[SHELL OUT]:	Invalid File Block
[SHELL OUT]:	Adding FS Table Entry: [15121476452216174457:138364061859062], Type: FILE
[SHELL OUT]:	Invalid File Block
[SHELL OUT]:	Adding FS Table Entry: [15121476452216174457:138364061859062], Type: FILE
[SHELL OUT]:	Invalid File Block
[SHELL OUT]:	Adding FS Table Entry: [15121476452216174457:138364061859062], Type: FILE
[SHELL OUT]:	Invalid File Block
[SHELL OUT]:	Adding FS Table Entry: [15121476452216174457:138364061859062], Type: FILE
[SHELL OUT]:	Invalid File Block
[SHELL OUT]:	Adding FS Table Entry: [15121476452216174457:138364061859062], Type: FILE
[SHELL OUT]:	Invalid File Block
[SHELL OUT]:	Adding FS Table Entry: [15121476452216174457:138364061859062], Type: FILE
[SHELL OUT]:	Invalid File Block
[SHELL OUT]:	Adding FS Table Entry: [15121476452216174457:138364061859062], Type: FILE
[SHELL OUT]:	Invalid File Block
[SHELL OUT]:	Adding FS Table Entry: [15121476452216174457:138364061859062], Type: FILE
[SHELL OUT]:	Invalid File Block
[SHELL OUT]:	Adding FS Table Entry: [15121476452216174457:138364061859062], Type: FILE
[SHELL OUT]:	Invalid File Block
[SHELL OUT]:	Adding FS Table Entry: [15121476452216174457:138364061859062], Type: FILE
[SHELL OUT]:	Invalid File Block
[SHELL OUT]:	Adding FS Table Entry: [15121476452216174457:138364061859062], Type: FILE
[SHELL OUT]:	Invalid File Block
[SHELL OUT]:	Adding FS Table Entry: [15121476452216174457:138364061859062], Type: FILE
[SHELL OUT]:	Invalid File Block
[SHELL OUT]:	Adding FS Table Entry: [15121476452216174457:138364061859062], Type: FILE
[SHELL OUT]:	Invalid File Block
[SHELL OUT]:	Adding FS Table Entry: [15121476452216174457:138364061859062], Type: FILE
[SHELL OUT]:	Invalid File Block
[SHELL OUT]:	Adding FS Table Entry: [15121476452216174457:138364061859062], Type: FILE
[SHELL OUT]:	Invalid File Block
[SHELL OUT]:	Adding FS Table Entry: [15121476452216174457:138364061859062], Type: FILE
[SHELL OUT]:	Invalid File Block
[SHELL OUT]:	Adding FS Table Entry: [15121476452216174457:138364061859062], Type: FILE
[SHELL OUT]:	Invalid File Block
[SHELL OUT]:	Adding FS Table Entry: [15121476452216174457:138364061859062], Type: FILE
[SHELL OUT]:	Invalid File Block
[SHELL OUT]:	Adding FS Table Entry: [15121476452216174457:138364061859062], Type: FILE
[SHELL OUT]:	Invalid File Block
[SHELL OUT]:	Adding FS Table Entry: [15121476452216174457:138364061859062], Type: FILE
[SHELL OUT]:	Invalid File Block
[SHELL OUT]:	Adding FS Table Entry: [15121476452216174457:138364061859062], Type: FILE
[SHELL OUT]:	Invalid File Block
[SHELL OUT]:	Adding FS Table Entry: [15121476452216174457:138364061859062], Type: FILE
[SHELL OUT]:	Invalid File Block
[SHELL OUT]:	Adding FS Table Entry: [15121476452216174457:138364061859062], Type: FILE
[SHELL OUT]:	Invalid File Block
[SHELL OUT]:	Adding FS Table Entry: [15121476452216174457:138364061859062], Type: FILE
[SHELL OUT]:	Invalid File Block
[SHELL OUT]:	[0]: ""
Initializing CGCC.MAKE build process...
Skipping C:\GitHub\BlockyOS\src\kernel\services\IO\IO.c - up to date; source=2026-09-16T16:38:35.5854557Z, stored=09/16/2026 16:38:35
Stale source detected for C:\GitHub\BlockyOS\Build\Build-nodate\root-part\libcrt.dll. source=2026-09-30T23:01:03.0645064Z, stored=09/30/2026 22:56:37, delta=n/a sec
Compiled and updated timestamp for C:\GitHub\BlockyOS\Build\Build-nodate\root-part\libcrt.dll
Skipping C:\GitHub\BlockyOS\src\kernel\services\IO\IO.def - up to date; source=2026-09-16T21:00:02.8766014Z, stored=09/16/2026 21:00:02
gcc compile/cache/c.IO.o Build/Build-nodate/root-part/libcrt.dll src/kernel/services/IO/IO.def -Wl,-nostdlib -Wl,-shared -Wl,-flinker-output=dyn -Wl,-Bsymbolic -Wl,--out-implib,C:/GitHub/BlockyOS/Build/Build-nodate/root-part/services/IO.dll.a -Wl,-Map,C:\GitHub\BlockyOS\src\kernel\services\IO\alibcrt.map -fdiagnostics-color=always -fno-diagnostics-show-highlight-colors -nostartfiles -nodefaultlibs -fno-asynchronous-unwind-tables -fno-unwind-tables -o C:/GitHub/BlockyOS/Build/Build-nodate/root-part/services/IO.dll
Build finished successfully -> C:/GitHub/BlockyOS/Build/Build-nodate/root-part/services/IO.dll


[SHELL]	PE2EXEC.MAKE
PE2EXEC is Deprecated. Generating alias...

[SHELL]	FSFRAT.MAKE
[SHELL]	FSFRAT.MOUNT
[SHELL]	e.disk -pp C:/GitHub/BlockyOS/Build/Build-nodate/disk.img -pt ROOT -bs 2048 -lb 32 -v 1:0
[SHELL OUT]:	
[SHELL OUT]:	FSFRAT DRIVER
[SHELL OUT]:	>> 
[SHELL OUT]:	[C:\GitHub\BlockyOS\tools\filesystem\frat.c:196]  >>  Mounting FS Root: [C:/GitHub/BlockyOS/Build/Build-nodate/disk.img]
[SHELL OUT]:	Verifying Disk GPT
[SHELL OUT]:	[Parent:00007ff70776d8ff] >>  C:/GitHub/BlockyOS/Build/Build-nodate/disk.img  Base: 0    ConfBlockSize: 512    Starting Disk Env ID: 
[SHELL OUT]:	Reading Bytes
[SHELL OUT]:	[Parent:00007ff70776d91a] >> Reading [92 bytes(s)->1 block(s)] from LBA[1(512)-2(1024)]
[SHELL OUT]:	GPT Dump:
[SHELL OUT]:	    Sig: "EFI PART"
[SHELL OUT]:	    Rev: 65536
[SHELL OUT]:	    Header-Size: 92
[SHELL OUT]:	    Header Checksum: 1122413185
[SHELL OUT]:	    localLBA: 1
[SHELL OUT]:	    altLBA: 788482
[SHELL OUT]:	    firstUsable: 2048
[SHELL OUT]:	    lastUsable: 788480
[SHELL OUT]:	    Disk-GUID: 
[SHELL OUT]:	    Partition-Table: 2
[SHELL OUT]:	    # of Partition-Entries: 3
[SHELL OUT]:	    Partition-Entry Size: 128
[SHELL OUT]:	    Partition-Table Checksum: 2610811153
[SHELL OUT]:	Closing Disk Interface >> {C:/GitHub/BlockyOS/Build/Build-nodate/disk.img}
[SHELL OUT]:	GPT Exists? true
[SHELL OUT]:	[Parent:00007ff70776eed9] >>  C:/GitHub/BlockyOS/Build/Build-nodate/disk.img  Base: 0    ConfBlockSize: 512    Starting Disk Env ID: 
[SHELL OUT]:	Reading Bytes
[SHELL OUT]:	[Parent:00007ff70776eefa] >> Reading [92 bytes(s)->1 block(s)] from LBA[1(512)-2(1024)]
[SHELL OUT]:	[C:\GitHub\BlockyOS\tools\filesystem\frat.c:137]  >>  Querying Part Table
[SHELL OUT]:	Reading Bytes
[SHELL OUT]:	[Parent:00007ff70776e73d] >> Reading [384 bytes(s)->1 block(s)] from LBA[2(1024)-3(1536)]
[SHELL OUT]:	[C:\GitHub\BlockyOS\tools\filesystem\frat.c:145]  >>  GPT-Entry: BOOT{2048:526335 -> 524287}
[SHELL OUT]:	[C:\GitHub\BlockyOS\tools\filesystem\frat.c:159]  >>  Querying FS at 2048
[SHELL OUT]:	Reading Bytes
[SHELL OUT]:	[Parent:00007ff70776ebe1] >> Reading [60 bytes(s)->1 block(s)] from LBA[2048(1048576)-2049(1049088)]
[SHELL OUT]:	FS-Root Blob:
[SHELL OUT]:	    Version: [0:524288]
[SHELL OUT]:	    Sig: 
[SHELL OUT]:	    Configured Log Sectors: 2
[SHELL OUT]:	    Configured Block Size: 0
[SHELL OUT]:	    Configured Cluster-Map Size: 16711743
[SHELL OUT]:	[C:\GitHub\BlockyOS\tools\filesystem\frat.c:145]  >>  GPT-Entry: ROOT{526336:788479 -> 262143}
[SHELL OUT]:	[C:\GitHub\BlockyOS\tools\filesystem\frat.c:159]  >>  Querying FS at 526336
[SHELL OUT]:	Reading Bytes
[SHELL OUT]:	[Parent:00007ff70776ebe1] >> Reading [60 bytes(s)->1 block(s)] from LBA[526336(269484032)-526337(269484544)]
[SHELL OUT]:	FS-Root Blob:
[SHELL OUT]:	    Version: [0:1]
[SHELL OUT]:	    Sig: FRAT_FILESYSTEM
[SHELL OUT]:	    Configured Log Sectors: 32
[SHELL OUT]:	    Configured Block Size: 2048
[SHELL OUT]:	    Configured Cluster-Map Size: 2560
[SHELL OUT]:	[C:\GitHub\BlockyOS\tools\filesystem\frat.c:184]  >>  FS Found at [526336]:
[SHELL OUT]:		Version-Code: [0:1]
[SHELL OUT]:		Configured Block-Size: 2048
[SHELL OUT]:		Configured Cluster-Size: 2560
[SHELL OUT]:		Configured # of Log-Sectors: 32
[SHELL OUT]:		Configured Log-Size: 576
[SHELL OUT]:	[C:\GitHub\BlockyOS\tools\filesystem\frat.c:210]  >>  Found Formatted Partition: 526336:788479 -> 262143
[SHELL OUT]:	Reading Bytes
[SHELL OUT]:	[Parent:00007ff70776f05b] >> Reading [60 bytes(s)->1 block(s)] from LBA[526336(269484032)-526337(269484544)]
[SHELL OUT]:	[C:\GitHub\BlockyOS\tools\filesystem\frat.c:223]  >>  Root: 526336:788479 -> 262143 LBAs
[SHELL OUT]:		Version-Code: [0:1]
[SHELL OUT]:		Configured Block-Size: 2048
[SHELL OUT]:		Configured Cluster-Size: 2560
[SHELL OUT]:		Configured # of Log-Sectors: 2560
[SHELL OUT]:		Configured Log-Size: 32
[SHELL OUT]:	Reading Bytes
[SHELL OUT]:	[Parent:00007ff70776f39f] >> Reading [65536 bytes(s)->128 block(s)] from LBA[526337(269486080)-526465(269748224)]
[SHELL OUT]:	Reading Bytes
[SHELL OUT]:	[Parent:00007ff70776f44b] >> Reading [2560 bytes(s)->8 block(s)] from LBA[595968(412090368)-595976(412106752)]
[SHELL OUT]:	    Verifying FS Root Items #items: 128
[SHELL OUT]:	Reading Bytes
[SHELL OUT]:	[Parent:00007ff70776f6be] >> Reading [512 bytes(s)->4 block(s)] from LBA[600064(420478976)-600068(420487168)]
[SHELL OUT]:	Reading Bytes
[SHELL OUT]:	[Parent:00007ff70776f6be] >> Reading [512 bytes(s)->4 block(s)] from LBA[600065(420481024)-600069(420489216)]
[SHELL OUT]:	Closing Disk Interface >> {C:/GitHub/BlockyOS/Build/Build-nodate/disk.img}
[SHELL OUT]:	[Parent:00007ff707771926] >>  C:/GitHub/BlockyOS/Build/Build-nodate/disk.img  Base: 526336    ConfBlockSize: 2048    Starting Disk Env ID: 
[SHELL OUT]:	Writing Bytes
[SHELL OUT]:	[Parent:00007ff70777194f] >> Wrtiting [60 bytes(s)->4 block(s)] to LBA[526336(269484032)-526340(269492224)]
[SHELL OUT]:	Writing Bytes
[SHELL OUT]:	[Parent:00007ff707771997] >> Wrtiting [2560 bytes(s)->8 block(s)] to LBA[595968(412090368)-595976(412106752)]
[SHELL OUT]:	Closing Disk Interface >> {C:/GitHub/BlockyOS/Build/Build-nodate/disk.img}
[SHELL OUT]:	[0]: ""
[SHELL]	create -la fc -p SYSD/ -n IO.srv
[SHELL OUT]:	
[SHELL OUT]:	>> 
[SHELL OUT]:	>> 
[SHELL OUT]:	0000016a319a5f1b:fc	0000016a319a5f21:SYSD/	0000016a319a5f2a:IO.srv	
[SHELL OUT]:	[	SYSD/IO.srv]
[SHELL OUT]:	Mounting File [SYSD/IO.srv] with "fc"
[SHELL OUT]:	Creating File at: ./SYSD/IO.srv
[SHELL OUT]:	Root is 0000016a319a9080
[SHELL OUT]:		Fcode: [15121476452216174457:138364061859062]
[SHELL OUT]:	Mounting Dir [SYSD] with Args: "dc"
[SHELL OUT]:	Root is 0000016a319a9080
[SHELL OUT]:	Refreshing Dir SYSD
[SHELL OUT]:	[Parent:00007ff707771a38] >>  C:/GitHub/BlockyOS/Build/Build-nodate/disk.img  Base: 526336    ConfBlockSize: 2048    Starting Disk Env ID: 
[SHELL OUT]:	Reading Bytes
[SHELL OUT]:	[Parent:00007ff707771ae0] >> Reading [2048 bytes(s)->4 block(s)] from LBA[600066(420483072)-600070(420491264)]
[SHELL OUT]:	Closing Disk Interface >> {C:/GitHub/BlockyOS/Build/Build-nodate/disk.img}
[SHELL OUT]:	Adding Entry:[15121476452216174457:138364061859062] to Dir [SYSD:[655946151726387169:223579696255234]
[SHELL OUT]:	Refreshing Dir SYSD
[SHELL OUT]:	[Parent:00007ff707771a38] >>  C:/GitHub/BlockyOS/Build/Build-nodate/disk.img  Base: 526336    ConfBlockSize: 2048    Starting Disk Env ID: 
[SHELL OUT]:	Reading Bytes
[SHELL OUT]:	[Parent:00007ff707771ae0] >> Reading [2048 bytes(s)->4 block(s)] from LBA[600066(420483072)-600070(420491264)]
[SHELL OUT]:	Closing Disk Interface >> {C:/GitHub/BlockyOS/Build/Build-nodate/disk.img}
[SHELL OUT]:	Un-Mounting Directory [SYSD]
[SHELL OUT]:	[Parent:00007ff7077717ad] >>  C:/GitHub/BlockyOS/Build/Build-nodate/disk.img  Base: 526336    ConfBlockSize: 2048    Starting Disk Env ID: 
[SHELL OUT]:	[Parent:00007ff707771926] >>  C:/GitHub/BlockyOS/Build/Build-nodate/disk.img  Base: 526336    ConfBlockSize: 2048    Starting Disk Env ID: 
[SHELL OUT]:	Writing Bytes
[SHELL OUT]:	[Parent:00007ff70777194f] >> Wrtiting [60 bytes(s)->4 block(s)] to LBA[526336(269484032)-526340(269492224)]
[SHELL OUT]:	Writing Bytes
[SHELL OUT]:	[Parent:00007ff707771997] >> Wrtiting [2560 bytes(s)->8 block(s)] to LBA[595968(412090368)-595976(412106752)]
[SHELL OUT]:	Closing Disk Interface >> {C:/GitHub/BlockyOS/Build/Build-nodate/disk.img}
[SHELL OUT]:	Writing Bytes
[SHELL OUT]:	[Parent:00007ff7077718a4] >> Wrtiting [2048 bytes(s)->4 block(s)] to LBA[600066(420483072)-600070(420491264)]
[SHELL OUT]:	Closing Disk Interface >> {C:/GitHub/BlockyOS/Build/Build-nodate/disk.img}
[SHELL OUT]:	Initialising File MetaData: ./\SYSD/IO.srv
[SHELL OUT]:	[Parent:00007ff707770a32] >>  C:/GitHub/BlockyOS/Build/Build-nodate/disk.img  Base: 526336    ConfBlockSize: 2048    Starting Disk Env ID: 
[SHELL OUT]:	Writing Bytes
[SHELL OUT]:	[Parent:00007ff707770a71] >> Wrtiting [512 bytes(s)->4 block(s)] to LBA[600180(420716544)-600184(420724736)]
[SHELL OUT]:	Closing Disk Interface >> {C:/GitHub/BlockyOS/Build/Build-nodate/disk.img}
[SHELL OUT]:	Root is 0000016a319a9080
[SHELL OUT]:	Un-Mounting File [15121476452216174457:138364061859062]
[SHELL OUT]:	[Parent:00007ff707771926] >>  C:/GitHub/BlockyOS/Build/Build-nodate/disk.img  Base: 526336    ConfBlockSize: 2048    Starting Disk Env ID: 
[SHELL OUT]:	Writing Bytes
[SHELL OUT]:	[Parent:00007ff70777194f] >> Wrtiting [60 bytes(s)->4 block(s)] to LBA[526336(269484032)-526340(269492224)]
[SHELL OUT]:	Writing Bytes
[SHELL OUT]:	[Parent:00007ff707771997] >> Wrtiting [2560 bytes(s)->8 block(s)] to LBA[595968(412090368)-595976(412106752)]
[SHELL OUT]:	Closing Disk Interface >> {C:/GitHub/BlockyOS/Build/Build-nodate/disk.img}
[SHELL OUT]:	[0]: ""
[SHELL]	FSFRAT.OPEN
[SHELL]	open -p SYSD/IO.srv -a IOAPP -la f
[SHELL OUT]:	
[SHELL OUT]:	>> 
[SHELL OUT]:	>> 
[SHELL OUT]:	Mounting File [SYSD/IO.srv] with "f"
[SHELL OUT]:	Root is 0000016a319a9080
[SHELL OUT]:	[0]: ""
[SHELL]	FSFRAT.WRITE
[SHELL]	fwrite -pp C:/GitHub/BlockyOS/Build/Build-nodate/root-part/services/IO.service -ia %IOAPP% -p 0 -n 0
[SHELL OUT]:	
[SHELL OUT]:	>> 
[SHELL OUT]:	>> 
[SHELL OUT]:	[Parent:00007ff707771f16] >>  C:/GitHub/BlockyOS/Build/Build-nodate/disk.img  Base: 526336    ConfBlockSize: 2048    Starting Disk Env ID: 
[SHELL OUT]:	[Parent:00007ff707771e53] >>  C:/GitHub/BlockyOS/Build/Build-nodate/disk.img  Base: 526336    ConfBlockSize: 2048    Starting Disk Env ID: 
[SHELL OUT]:	Reading File Info
[SHELL OUT]:	Reading Bytes
[SHELL OUT]:	[Parent:00007ff707771ec2] >> Reading [512 bytes(s)->4 block(s)] from LBA[600180(420716544)-600184(420724736)]
[SHELL OUT]:	Closing Disk Interface >> {C:/GitHub/BlockyOS/Build/Build-nodate/disk.img}
[SHELL OUT]:	Writing Bytes
[SHELL OUT]:	[Parent:00007ff707772010] >> Wrtiting [512 bytes(s)->4 block(s)] to LBA[600180(420716544)-600184(420724736)]
[SHELL OUT]:	Closing Disk Interface >> {C:/GitHub/BlockyOS/Build/Build-nodate/disk.img}
[SHELL OUT]:	Root is 0000016a319a9080
[SHELL OUT]:	Adding FS Table Entry: [15121476452216174457:138364061859062], Type: FILE
[SHELL OUT]:		Writing 0x00-Block: 600181
[SHELL OUT]:	[Parent:00007ff707770614] >>  C:/GitHub/BlockyOS/Build/Build-nodate/disk.img  Base: 526336    ConfBlockSize: 2048    Starting Disk Env ID: 
[SHELL OUT]:	Writing Bytes
[SHELL OUT]:	[Parent:00007ff707770640] >> Wrtiting [2048 bytes(s)->4 block(s)] to LBA[600181(420718592)-600185(420726784)]
[SHELL OUT]:	Closing Disk Interface >> {C:/GitHub/BlockyOS/Build/Build-nodate/disk.img}
[SHELL OUT]:	Writing File Block at 600181, Item: 1.	Root: [15121476452216174457:138364061859062]
[SHELL OUT]:	[Parent:00007ff707771557] >>  C:/GitHub/BlockyOS/Build/Build-nodate/disk.img  Base: 526336    ConfBlockSize: 2048    Starting Disk Env ID: 
[SHELL OUT]:	Writing Bytes
[SHELL OUT]:	[Parent:00007ff707771583] >> Wrtiting [2048 bytes(s)->4 block(s)] to LBA[600181(420718592)-600185(420726784)]
[SHELL OUT]:	Closing Disk Interface >> {C:/GitHub/BlockyOS/Build/Build-nodate/disk.img}
[SHELL OUT]:	Adding FS Table Entry: [15121476452216174457:138364061859062], Type: FILE
[SHELL OUT]:		Writing 0x00-Block: 600182
[SHELL OUT]:	[Parent:00007ff707770614] >>  C:/GitHub/BlockyOS/Build/Build-nodate/disk.img  Base: 526336    ConfBlockSize: 2048    Starting Disk Env ID: 
[SHELL OUT]:	Writing Bytes
[SHELL OUT]:	[Parent:00007ff707770640] >> Wrtiting [2048 bytes(s)->4 block(s)] to LBA[600182(420720640)-600186(420728832)]
[SHELL OUT]:	Closing Disk Interface >> {C:/GitHub/BlockyOS/Build/Build-nodate/disk.img}
[SHELL OUT]:	Writing File Block at 600182, Item: 2.	Root: [15121476452216174457:138364061859062]
[SHELL OUT]:	[Parent:00007ff707771557] >>  C:/GitHub/BlockyOS/Build/Build-nodate/disk.img  Base: 526336    ConfBlockSize: 2048    Starting Disk Env ID: 
[SHELL OUT]:	Writing Bytes
[SHELL OUT]:	[Parent:00007ff707771583] >> Wrtiting [2048 bytes(s)->4 block(s)] to LBA[600182(420720640)-600186(420728832)]
[SHELL OUT]:	Closing Disk Interface >> {C:/GitHub/BlockyOS/Build/Build-nodate/disk.img}
[SHELL OUT]:	Adding FS Table Entry: [15121476452216174457:138364061859062], Type: FILE
[SHELL OUT]:		Writing 0x00-Block: 600183
[SHELL OUT]:	[Parent:00007ff707770614] >>  C:/GitHub/BlockyOS/Build/Build-nodate/disk.img  Base: 526336    ConfBlockSize: 2048    Starting Disk Env ID: 
[SHELL OUT]:	Writing Bytes
[SHELL OUT]:	[Parent:00007ff707770640] >> Wrtiting [2048 bytes(s)->4 block(s)] to LBA[600183(420722688)-600187(420730880)]
[SHELL OUT]:	Closing Disk Interface >> {C:/GitHub/BlockyOS/Build/Build-nodate/disk.img}
[SHELL OUT]:	Writing File Block at 600183, Item: 3.	Root: [15121476452216174457:138364061859062]
[SHELL OUT]:	[Parent:00007ff707771557] >>  C:/GitHub/BlockyOS/Build/Build-nodate/disk.img  Base: 526336    ConfBlockSize: 2048    Starting Disk Env ID: 
[SHELL OUT]:	Writing Bytes
[SHELL OUT]:	[Parent:00007ff707771583] >> Wrtiting [2048 bytes(s)->4 block(s)] to LBA[600183(420722688)-600187(420730880)]
[SHELL OUT]:	Closing Disk Interface >> {C:/GitHub/BlockyOS/Build/Build-nodate/disk.img}
[SHELL OUT]:	Adding FS Table Entry: [15121476452216174457:138364061859062], Type: FILE
[SHELL OUT]:		Writing 0x00-Block: 600184
[SHELL OUT]:	[Parent:00007ff707770614] >>  C:/GitHub/BlockyOS/Build/Build-nodate/disk.img  Base: 526336    ConfBlockSize: 2048    Starting Disk Env ID: 
[SHELL OUT]:	Writing Bytes
[SHELL OUT]:	[Parent:00007ff707770640] >> Wrtiting [2048 bytes(s)->4 block(s)] to LBA[600184(420724736)-600188(420732928)]
[SHELL OUT]:	Closing Disk Interface >> {C:/GitHub/BlockyOS/Build/Build-nodate/disk.img}
[SHELL OUT]:	Writing File Block at 600184, Item: 4.	Root: [15121476452216174457:138364061859062]
[SHELL OUT]:	[Parent:00007ff707771557] >>  C:/GitHub/BlockyOS/Build/Build-nodate/disk.img  Base: 526336    ConfBlockSize: 2048    Starting Disk Env ID: 
[SHELL OUT]:	Writing Bytes
[SHELL OUT]:	[Parent:00007ff707771583] >> Wrtiting [2048 bytes(s)->4 block(s)] to LBA[600184(420724736)-600188(420732928)]
[SHELL OUT]:	Closing Disk Interface >> {C:/GitHub/BlockyOS/Build/Build-nodate/disk.img}
[SHELL OUT]:	Adding FS Table Entry: [15121476452216174457:138364061859062], Type: FILE
[SHELL OUT]:		Writing 0x00-Block: 600185
[SHELL OUT]:	[Parent:00007ff707770614] >>  C:/GitHub/BlockyOS/Build/Build-nodate/disk.img  Base: 526336    ConfBlockSize: 2048    Starting Disk Env ID: 
[SHELL OUT]:	Writing Bytes
[SHELL OUT]:	[Parent:00007ff707770640] >> Wrtiting [2048 bytes(s)->4 block(s)] to LBA[600185(420726784)-600189(420734976)]
[SHELL OUT]:	Closing Disk Interface >> {C:/GitHub/BlockyOS/Build/Build-nodate/disk.img}
[SHELL OUT]:	Writing File Block at 600185, Item: 5.	Root: [15121476452216174457:138364061859062]
[SHELL OUT]:	[Parent:00007ff707771557] >>  C:/GitHub/BlockyOS/Build/Build-nodate/disk.img  Base: 526336    ConfBlockSize: 2048    Starting Disk Env ID: 
[SHELL OUT]:	Writing Bytes
[SHELL OUT]:	[Parent:00007ff707771583] >> Wrtiting [2048 bytes(s)->4 block(s)] to LBA[600185(420726784)-600189(420734976)]
[SHELL OUT]:	Closing Disk Interface >> {C:/GitHub/BlockyOS/Build/Build-nodate/disk.img}
[SHELL OUT]:	Adding FS Table Entry: [15121476452216174457:138364061859062], Type: FILE
[SHELL OUT]:		Writing 0x00-Block: 600186
[SHELL OUT]:	[Parent:00007ff707770614] >>  C:/GitHub/BlockyOS/Build/Build-nodate/disk.img  Base: 526336    ConfBlockSize: 2048    Starting Disk Env ID: 
[SHELL OUT]:	Writing Bytes
[SHELL OUT]:	[Parent:00007ff707770640] >> Wrtiting [2048 bytes(s)->4 block(s)] to LBA[600186(420728832)-600190(420737024)]
[SHELL OUT]:	Closing Disk Interface >> {C:/GitHub/BlockyOS/Build/Build-nodate/disk.img}
[SHELL OUT]:	Writing File Block at 600186, Item: 6.	Root: [15121476452216174457:138364061859062]
[SHELL OUT]:	[Parent:00007ff707771557] >>  C:/GitHub/BlockyOS/Build/Build-nodate/disk.img  Base: 526336    ConfBlockSize: 2048    Starting Disk Env ID: 
[SHELL OUT]:	Writing Bytes
[SHELL OUT]:	[Parent:00007ff707771583] >> Wrtiting [2048 bytes(s)->4 block(s)] to LBA[600186(420728832)-600190(420737024)]
[SHELL OUT]:	Closing Disk Interface >> {C:/GitHub/BlockyOS/Build/Build-nodate/disk.img}
[SHELL OUT]:	Adding FS Table Entry: [15121476452216174457:138364061859062], Type: FILE
[SHELL OUT]:		Writing 0x00-Block: 600187
[SHELL OUT]:	[Parent:00007ff707770614] >>  C:/GitHub/BlockyOS/Build/Build-nodate/disk.img  Base: 526336    ConfBlockSize: 2048    Starting Disk Env ID: 
[SHELL OUT]:	Writing Bytes
[SHELL OUT]:	[Parent:00007ff707770640] >> Wrtiting [2048 bytes(s)->4 block(s)] to LBA[600187(420730880)-600191(420739072)]
[SHELL OUT]:	Closing Disk Interface >> {C:/GitHub/BlockyOS/Build/Build-nodate/disk.img}
[SHELL OUT]:	Writing File Block at 600187, Item: 7.	Root: [15121476452216174457:138364061859062]
[SHELL OUT]:	[Parent:00007ff707771557] >>  C:/GitHub/BlockyOS/Build/Build-nodate/disk.img  Base: 526336    ConfBlockSize: 2048    Starting Disk Env ID: 
[SHELL OUT]:	Writing Bytes
[SHELL OUT]:	[Parent:00007ff707771583] >> Wrtiting [2048 bytes(s)->4 block(s)] to LBA[600187(420730880)-600191(420739072)]
[SHELL OUT]:	Closing Disk Interface >> {C:/GitHub/BlockyOS/Build/Build-nodate/disk.img}
[SHELL OUT]:	Adding FS Table Entry: [15121476452216174457:138364061859062], Type: FILE
[SHELL OUT]:		Writing 0x00-Block: 600188
[SHELL OUT]:	[Parent:00007ff707770614] >>  C:/GitHub/BlockyOS/Build/Build-nodate/disk.img  Base: 526336    ConfBlockSize: 2048    Starting Disk Env ID: 
[SHELL OUT]:	Writing Bytes
[SHELL OUT]:	[Parent:00007ff707770640] >> Wrtiting [2048 bytes(s)->4 block(s)] to LBA[600188(420732928)-600192(420741120)]
[SHELL OUT]:	Closing Disk Interface >> {C:/GitHub/BlockyOS/Build/Build-nodate/disk.img}
[SHELL OUT]:	Writing File Block at 600188, Item: 8.	Root: [15121476452216174457:138364061859062]
[SHELL OUT]:	[Parent:00007ff707771557] >>  C:/GitHub/BlockyOS/Build/Build-nodate/disk.img  Base: 526336    ConfBlockSize: 2048    Starting Disk Env ID: 
[SHELL OUT]:	Writing Bytes
[SHELL OUT]:	[Parent:00007ff707771583] >> Wrtiting [2048 bytes(s)->4 block(s)] to LBA[600188(420732928)-600192(420741120)]
[SHELL OUT]:	Closing Disk Interface >> {C:/GitHub/BlockyOS/Build/Build-nodate/disk.img}
[SHELL OUT]:	Adding FS Table Entry: [15121476452216174457:138364061859062], Type: FILE
[SHELL OUT]:		Writing 0x00-Block: 600189
[SHELL OUT]:	[Parent:00007ff707770614] >>  C:/GitHub/BlockyOS/Build/Build-nodate/disk.img  Base: 526336    ConfBlockSize: 2048    Starting Disk Env ID: 
[SHELL OUT]:	Writing Bytes
[SHELL OUT]:	[Parent:00007ff707770640] >> Wrtiting [2048 bytes(s)->4 block(s)] to LBA[600189(420734976)-600193(420743168)]
[SHELL OUT]:	Closing Disk Interface >> {C:/GitHub/BlockyOS/Build/Build-nodate/disk.img}
[SHELL OUT]:	Writing File Block at 600189, Item: 9.	Root: [15121476452216174457:138364061859062]
[SHELL OUT]:	[Parent:00007ff707771557] >>  C:/GitHub/BlockyOS/Build/Build-nodate/disk.img  Base: 526336    ConfBlockSize: 2048    Starting Disk Env ID: 
[SHELL OUT]:	Writing Bytes
[SHELL OUT]:	[Parent:00007ff707771583] >> Wrtiting [2048 bytes(s)->4 block(s)] to LBA[600189(420734976)-600193(420743168)]
[SHELL OUT]:	Closing Disk Interface >> {C:/GitHub/BlockyOS/Build/Build-nodate/disk.img}
[SHELL OUT]:	Adding FS Table Entry: [15121476452216174457:138364061859062], Type: FILE
[SHELL OUT]:		Writing 0x00-Block: 600190
[SHELL OUT]:	[Parent:00007ff707770614] >>  C:/GitHub/BlockyOS/Build/Build-nodate/disk.img  Base: 526336    ConfBlockSize: 2048    Starting Disk Env ID: 
[SHELL OUT]:	Writing Bytes
[SHELL OUT]:	[Parent:00007ff707770640] >> Wrtiting [2048 bytes(s)->4 block(s)] to LBA[600190(420737024)-600194(420745216)]
[SHELL OUT]:	Closing Disk Interface >> {C:/GitHub/BlockyOS/Build/Build-nodate/disk.img}
[SHELL OUT]:	Writing File Block at 600190, Item: 10.	Root: [15121476452216174457:138364061859062]
[SHELL OUT]:	[Parent:00007ff707771557] >>  C:/GitHub/BlockyOS/Build/Build-nodate/disk.img  Base: 526336    ConfBlockSize: 2048    Starting Disk Env ID: 
[SHELL OUT]:	Writing Bytes
[SHELL OUT]:	[Parent:00007ff707771583] >> Wrtiting [2048 bytes(s)->4 block(s)] to LBA[600190(420737024)-600194(420745216)]
[SHELL OUT]:	Closing Disk Interface >> {C:/GitHub/BlockyOS/Build/Build-nodate/disk.img}
[SHELL OUT]:	Adding FS Table Entry: [15121476452216174457:138364061859062], Type: FILE
[SHELL OUT]:		Writing 0x00-Block: 600191
[SHELL OUT]:	[Parent:00007ff707770614] >>  C:/GitHub/BlockyOS/Build/Build-nodate/disk.img  Base: 526336    ConfBlockSize: 2048    Starting Disk Env ID: 
[SHELL OUT]:	Writing Bytes
[SHELL OUT]:	[Parent:00007ff707770640] >> Wrtiting [2048 bytes(s)->4 block(s)] to LBA[600191(420739072)-600195(420747264)]
[SHELL OUT]:	Closing Disk Interface >> {C:/GitHub/BlockyOS/Build/Build-nodate/disk.img}
[SHELL OUT]:	Writing File Block at 600191, Item: 11.	Root: [15121476452216174457:138364061859062]
[SHELL OUT]:	[Parent:00007ff707771557] >>  C:/GitHub/BlockyOS/Build/Build-nodate/disk.img  Base: 526336    ConfBlockSize: 2048    Starting Disk Env ID: 
[SHELL OUT]:	Writing Bytes
[SHELL OUT]:	[Parent:00007ff707771583] >> Wrtiting [2048 bytes(s)->4 block(s)] to LBA[600191(420739072)-600195(420747264)]
[SHELL OUT]:	Closing Disk Interface >> {C:/GitHub/BlockyOS/Build/Build-nodate/disk.img}
[SHELL OUT]:	Adding FS Table Entry: [15121476452216174457:138364061859062], Type: FILE
[SHELL OUT]:	Invalid File Block
[SHELL OUT]:	Adding FS Table Entry: [15121476452216174457:138364061859062], Type: FILE
[SHELL OUT]:	Invalid File Block
[SHELL OUT]:	Adding FS Table Entry: [15121476452216174457:138364061859062], Type: FILE
[SHELL OUT]:	Invalid File Block
[SHELL OUT]:	Adding FS Table Entry: [15121476452216174457:138364061859062], Type: FILE
[SHELL OUT]:	Invalid File Block
[SHELL OUT]:	Adding FS Table Entry: [15121476452216174457:138364061859062], Type: FILE
[SHELL OUT]:	Invalid File Block
[SHELL OUT]:	Adding FS Table Entry: [15121476452216174457:138364061859062], Type: FILE
[SHELL OUT]:	Invalid File Block
[SHELL OUT]:	Adding FS Table Entry: [15121476452216174457:138364061859062], Type: FILE
[SHELL OUT]:	Invalid File Block
[SHELL OUT]:	Adding FS Table Entry: [15121476452216174457:138364061859062], Type: FILE
[SHELL OUT]:	Invalid File Block
[SHELL OUT]:	Adding FS Table Entry: [15121476452216174457:138364061859062], Type: FILE
[SHELL OUT]:	Invalid File Block
[SHELL OUT]:	Adding FS Table Entry: [15121476452216174457:138364061859062], Type: FILE
[SHELL OUT]:	Invalid File Block
[SHELL OUT]:	Adding FS Table Entry: [15121476452216174457:138364061859062], Type: FILE
[SHELL OUT]:	Invalid File Block
[SHELL OUT]:	Adding FS Table Entry: [15121476452216174457:138364061859062], Type: FILE
[SHELL OUT]:	Invalid File Block
[SHELL OUT]:	Adding FS Table Entry: [15121476452216174457:138364061859062], Type: FILE
[SHELL OUT]:	Invalid File Block
[SHELL OUT]:	Adding FS Table Entry: [15121476452216174457:138364061859062], Type: FILE
[SHELL OUT]:	Invalid File Block
[SHELL OUT]:	[0]: ""
Initializing CGCC.MAKE build process...
Skipping C:\GitHub\BlockyOS\src\kernel\services\IO\IO.c - up to date; source=2026-09-16T16:38:35.5854557Z, stored=09/16/2026 16:38:35
Stale source detected for C:\GitHub\BlockyOS\Build\Build-nodate\root-part\libcrt.dll. source=2026-09-30T23:56:20.8384479Z, stored=09/30/2026 23:01:03, delta=n/a sec
Compiled and updated timestamp for C:\GitHub\BlockyOS\Build\Build-nodate\root-part\libcrt.dll
Skipping C:\GitHub\BlockyOS\src\kernel\services\IO\IO.def - up to date; source=2026-09-16T21:00:02.8766014Z, stored=09/16/2026 21:00:02
gcc compile/cache/c.IO.o Build/Build-nodate/root-part/libcrt.dll src/kernel/services/IO/IO.def -Wl,-nostdlib -Wl,-shared -Wl,-flinker-output=dyn -Wl,-Bsymbolic -Wl,--out-implib,C:/GitHub/BlockyOS/Build/Build-nodate/root-part/services/IO.dll.a -Wl,-Map,C:\GitHub\BlockyOS\src\kernel\services\IO\alibcrt.map -fdiagnostics-color=always -fno-diagnostics-show-highlight-colors -nostartfiles -nodefaultlibs -fno-asynchronous-unwind-tables -fno-unwind-tables -o C:/GitHub/BlockyOS/Build/Build-nodate/root-part/services/IO.dll
Build finished successfully -> C:/GitHub/BlockyOS/Build/Build-nodate/root-part/services/IO.dll


[SHELL]	PE2EXEC.MAKE
PE2EXEC is Deprecated. Generating alias...

[SHELL]	FSFRAT.MAKE
[SHELL]	FSFRAT.MOUNT
[SHELL]	e.disk -pp C:/GitHub/BlockyOS/Build/Build-nodate/disk.img -pt ROOT -bs 2048 -lb 32 -v 1:0
[SHELL OUT]:	
[SHELL OUT]:	FSFRAT DRIVER
[SHELL OUT]:	>> 
[SHELL OUT]:	[C:\GitHub\BlockyOS\tools\filesystem\frat.c:196]  >>  Mounting FS Root: [C:/GitHub/BlockyOS/Build/Build-nodate/disk.img]
[SHELL OUT]:	Verifying Disk GPT
[SHELL OUT]:	[Parent:00007ff6544bd8ff] >>  C:/GitHub/BlockyOS/Build/Build-nodate/disk.img  Base: 0    ConfBlockSize: 512    Starting Disk Env ID: 
[SHELL OUT]:	Reading Bytes
[SHELL OUT]:	[Parent:00007ff6544bd91a] >> Reading [92 bytes(s)->1 block(s)] from LBA[1(512)-2(1024)]
[SHELL OUT]:	GPT Dump:
[SHELL OUT]:	    Sig: "EFI PART"
[SHELL OUT]:	    Rev: 65536
[SHELL OUT]:	    Header-Size: 92
[SHELL OUT]:	    Header Checksum: 4226402716
[SHELL OUT]:	    localLBA: 1
[SHELL OUT]:	    altLBA: 2230305
[SHELL OUT]:	    firstUsable: 2048
[SHELL OUT]:	    lastUsable: 2230303
[SHELL OUT]:	    Disk-GUID: 
[SHELL OUT]:	    Partition-Table: 2
[SHELL OUT]:	    # of Partition-Entries: 3
[SHELL OUT]:	    Partition-Entry Size: 128
[SHELL OUT]:	    Partition-Table Checksum: 414906729
[SHELL OUT]:	Closing Disk Interface >> {C:/GitHub/BlockyOS/Build/Build-nodate/disk.img}
[SHELL OUT]:	GPT Exists? true
[SHELL OUT]:	[Parent:00007ff6544beed9] >>  C:/GitHub/BlockyOS/Build/Build-nodate/disk.img  Base: 0    ConfBlockSize: 512    Starting Disk Env ID: 
[SHELL OUT]:	Reading Bytes
[SHELL OUT]:	[Parent:00007ff6544beefa] >> Reading [92 bytes(s)->1 block(s)] from LBA[1(512)-2(1024)]
[SHELL OUT]:	[C:\GitHub\BlockyOS\tools\filesystem\frat.c:137]  >>  Querying Part Table
[SHELL OUT]:	Reading Bytes
[SHELL OUT]:	[Parent:00007ff6544be73d] >> Reading [384 bytes(s)->1 block(s)] from LBA[2(1024)-3(1536)]
[SHELL OUT]:	[C:\GitHub\BlockyOS\tools\filesystem\frat.c:145]  >>  GPT-Entry: BOOT{2048:133119 -> 131071}
[SHELL OUT]:	[C:\GitHub\BlockyOS\tools\filesystem\frat.c:159]  >>  Querying FS at 2048
[SHELL OUT]:	Reading Bytes
[SHELL OUT]:	[Parent:00007ff6544bebe1] >> Reading [60 bytes(s)->1 block(s)] from LBA[2048(1048576)-2049(1049088)]
[SHELL OUT]:	FS-Root Blob:
[SHELL OUT]:	    Version: [0:131072]
[SHELL OUT]:	    Sig: 
[SHELL OUT]:	    Configured Log Sectors: 2
[SHELL OUT]:	    Configured Block Size: 0
[SHELL OUT]:	    Configured Cluster-Map Size: 16711743
[SHELL OUT]:	[C:\GitHub\BlockyOS\tools\filesystem\frat.c:145]  >>  GPT-Entry: ROOT{133120:2230271 -> 2097151}
[SHELL OUT]:	[C:\GitHub\BlockyOS\tools\filesystem\frat.c:159]  >>  Querying FS at 133120
[SHELL OUT]:	Reading Bytes
[SHELL OUT]:	[Parent:00007ff6544bebe1] >> Reading [60 bytes(s)->1 block(s)] from LBA[133120(68157440)-133121(68157952)]
[SHELL OUT]:	FS-Root Blob:
[SHELL OUT]:	    Version: [0:1]
[SHELL OUT]:	    Sig: FRAT_FILESYSTEM
[SHELL OUT]:	    Configured Log Sectors: 32
[SHELL OUT]:	    Configured Block Size: 2048
[SHELL OUT]:	    Configured Cluster-Map Size: 20480
[SHELL OUT]:	[C:\GitHub\BlockyOS\tools\filesystem\frat.c:184]  >>  FS Found at [133120]:
[SHELL OUT]:		Version-Code: [0:1]
[SHELL OUT]:		Configured Block-Size: 2048
[SHELL OUT]:		Configured Cluster-Size: 20480
[SHELL OUT]:		Configured # of Log-Sectors: 32
[SHELL OUT]:		Configured Log-Size: 576
[SHELL OUT]:	[C:\GitHub\BlockyOS\tools\filesystem\frat.c:210]  >>  Found Formatted Partition: 133120:2230271 -> 2097151
[SHELL OUT]:	Reading Bytes
[SHELL OUT]:	[Parent:00007ff6544bf05b] >> Reading [60 bytes(s)->1 block(s)] from LBA[133120(68157440)-133121(68157952)]
[SHELL OUT]:	[C:\GitHub\BlockyOS\tools\filesystem\frat.c:223]  >>  Root: 133120:2230271 -> 2097151 LBAs
[SHELL OUT]:		Version-Code: [0:1]
[SHELL OUT]:		Configured Block-Size: 2048
[SHELL OUT]:		Configured Cluster-Size: 20480
[SHELL OUT]:		Configured # of Log-Sectors: 20480
[SHELL OUT]:		Configured Log-Size: 32
[SHELL OUT]:	Reading Bytes
[SHELL OUT]:	[Parent:00007ff6544bf39f] >> Reading [65536 bytes(s)->128 block(s)] from LBA[133121(68159488)-133249(68421632)]
[SHELL OUT]:	Reading Bytes
[SHELL OUT]:	[Parent:00007ff6544bf44b] >> Reading [20480 bytes(s)->40 block(s)] from LBA[202752(210763776)-202792(210845696)]
[SHELL OUT]:	    Verifying FS Root Items #items: 1024
[SHELL OUT]:	Reading Bytes
[SHELL OUT]:	[Parent:00007ff6544bf6be] >> Reading [512 bytes(s)->4 block(s)] from LBA[225280(256901120)-225284(256909312)]
[SHELL OUT]:	Reading Bytes
[SHELL OUT]:	[Parent:00007ff6544bf6be] >> Reading [512 bytes(s)->4 block(s)] from LBA[225281(256903168)-225285(256911360)]
[SHELL OUT]:	Closing Disk Interface >> {C:/GitHub/BlockyOS/Build/Build-nodate/disk.img}
[SHELL OUT]:	[Parent:00007ff6544c1926] >>  C:/GitHub/BlockyOS/Build/Build-nodate/disk.img  Base: 133120    ConfBlockSize: 2048    Starting Disk Env ID: 
[SHELL OUT]:	Writing Bytes
[SHELL OUT]:	[Parent:00007ff6544c194f] >> Wrtiting [60 bytes(s)->4 block(s)] to LBA[133120(68157440)-133124(68165632)]
[SHELL OUT]:	Writing Bytes
[SHELL OUT]:	[Parent:00007ff6544c1997] >> Wrtiting [20480 bytes(s)->40 block(s)] to LBA[202752(210763776)-202792(210845696)]
[SHELL OUT]:	Closing Disk Interface >> {C:/GitHub/BlockyOS/Build/Build-nodate/disk.img}
[SHELL OUT]:	[0]: ""
[SHELL]	create -la fc -p SYSD/ -n IO.srv
[SHELL OUT]:	
[SHELL OUT]:	>> 
[SHELL OUT]:	>> 
[SHELL OUT]:	000002105e3c5f1b:fc	000002105e3c5f21:SYSD/	000002105e3c5f2a:IO.srv	
[SHELL OUT]:	[	SYSD/IO.srv]
[SHELL OUT]:	Mounting File [SYSD/IO.srv] with "fc"
[SHELL OUT]:	Creating File at: ./SYSD/IO.srv
[SHELL OUT]:	Root is 000002105e3c9080
[SHELL OUT]:		Fcode: [15121476452216174457:138364061859062]
[SHELL OUT]:	Mounting Dir [SYSD] with Args: "dc"
[SHELL OUT]:	Root is 000002105e3c9080
[SHELL OUT]:	Refreshing Dir SYSD
[SHELL OUT]:	[Parent:00007ff6544c1a38] >>  C:/GitHub/BlockyOS/Build/Build-nodate/disk.img  Base: 133120    ConfBlockSize: 2048    Starting Disk Env ID: 
[SHELL OUT]:	Reading Bytes
[SHELL OUT]:	[Parent:00007ff6544c1ae0] >> Reading [2048 bytes(s)->4 block(s)] from LBA[225282(256905216)-225286(256913408)]
[SHELL OUT]:	Closing Disk Interface >> {C:/GitHub/BlockyOS/Build/Build-nodate/disk.img}
[SHELL OUT]:	Adding Entry:[15121476452216174457:138364061859062] to Dir [SYSD:[655946151726387169:223579696255234]
[SHELL OUT]:	Refreshing Dir SYSD
[SHELL OUT]:	[Parent:00007ff6544c1a38] >>  C:/GitHub/BlockyOS/Build/Build-nodate/disk.img  Base: 133120    ConfBlockSize: 2048    Starting Disk Env ID: 
[SHELL OUT]:	Reading Bytes
[SHELL OUT]:	[Parent:00007ff6544c1ae0] >> Reading [2048 bytes(s)->4 block(s)] from LBA[225282(256905216)-225286(256913408)]
[SHELL OUT]:	Closing Disk Interface >> {C:/GitHub/BlockyOS/Build/Build-nodate/disk.img}
[SHELL OUT]:	Un-Mounting Directory [SYSD]
[SHELL OUT]:	[Parent:00007ff6544c17ad] >>  C:/GitHub/BlockyOS/Build/Build-nodate/disk.img  Base: 133120    ConfBlockSize: 2048    Starting Disk Env ID: 
[SHELL OUT]:	[Parent:00007ff6544c1926] >>  C:/GitHub/BlockyOS/Build/Build-nodate/disk.img  Base: 133120    ConfBlockSize: 2048    Starting Disk Env ID: 
[SHELL OUT]:	Writing Bytes
[SHELL OUT]:	[Parent:00007ff6544c194f] >> Wrtiting [60 bytes(s)->4 block(s)] to LBA[133120(68157440)-133124(68165632)]
[SHELL OUT]:	Writing Bytes
[SHELL OUT]:	[Parent:00007ff6544c1997] >> Wrtiting [20480 bytes(s)->40 block(s)] to LBA[202752(210763776)-202792(210845696)]
[SHELL OUT]:	Closing Disk Interface >> {C:/GitHub/BlockyOS/Build/Build-nodate/disk.img}
[SHELL OUT]:	Writing Bytes
[SHELL OUT]:	[Parent:00007ff6544c18a4] >> Wrtiting [2048 bytes(s)->4 block(s)] to LBA[225282(256905216)-225286(256913408)]
[SHELL OUT]:	Closing Disk Interface >> {C:/GitHub/BlockyOS/Build/Build-nodate/disk.img}
[SHELL OUT]:	Initialising File MetaData: ./\SYSD/IO.srv
[SHELL OUT]:	[Parent:00007ff6544c0a32] >>  C:/GitHub/BlockyOS/Build/Build-nodate/disk.img  Base: 133120    ConfBlockSize: 2048    Starting Disk Env ID: 
[SHELL OUT]:	Writing Bytes
[SHELL OUT]:	[Parent:00007ff6544c0a71] >> Wrtiting [512 bytes(s)->4 block(s)] to LBA[225396(257138688)-225400(257146880)]
[SHELL OUT]:	Closing Disk Interface >> {C:/GitHub/BlockyOS/Build/Build-nodate/disk.img}
[SHELL OUT]:	Root is 000002105e3c9080
[SHELL OUT]:	Un-Mounting File [15121476452216174457:138364061859062]
[SHELL OUT]:	[Parent:00007ff6544c1926] >>  C:/GitHub/BlockyOS/Build/Build-nodate/disk.img  Base: 133120    ConfBlockSize: 2048    Starting Disk Env ID: 
[SHELL OUT]:	Writing Bytes
[SHELL OUT]:	[Parent:00007ff6544c194f] >> Wrtiting [60 bytes(s)->4 block(s)] to LBA[133120(68157440)-133124(68165632)]
[SHELL OUT]:	Writing Bytes
[SHELL OUT]:	[Parent:00007ff6544c1997] >> Wrtiting [20480 bytes(s)->40 block(s)] to LBA[202752(210763776)-202792(210845696)]
[SHELL OUT]:	Closing Disk Interface >> {C:/GitHub/BlockyOS/Build/Build-nodate/disk.img}
[SHELL OUT]:	[0]: ""
[SHELL]	FSFRAT.OPEN
[SHELL]	open -p SYSD/IO.srv -a IOAPP -la f
[SHELL OUT]:	
[SHELL OUT]:	>> 
[SHELL OUT]:	>> 
[SHELL OUT]:	Mounting File [SYSD/IO.srv] with "f"
[SHELL OUT]:	Root is 000002105e3c9080
[SHELL OUT]:	[0]: ""
[SHELL]	FSFRAT.WRITE
[SHELL]	fwrite -pp C:/GitHub/BlockyOS/Build/Build-nodate/root-part/services/IO.service -ia %IOAPP% -p 0 -n 0
[SHELL OUT]:	
[SHELL OUT]:	>> 
[SHELL OUT]:	>> 
[SHELL OUT]:	[Parent:00007ff6544c1f16] >>  C:/GitHub/BlockyOS/Build/Build-nodate/disk.img  Base: 133120    ConfBlockSize: 2048    Starting Disk Env ID: 
[SHELL OUT]:	[Parent:00007ff6544c1e53] >>  C:/GitHub/BlockyOS/Build/Build-nodate/disk.img  Base: 133120    ConfBlockSize: 2048    Starting Disk Env ID: 
[SHELL OUT]:	Reading File Info
[SHELL OUT]:	Reading Bytes
[SHELL OUT]:	[Parent:00007ff6544c1ec2] >> Reading [512 bytes(s)->4 block(s)] from LBA[225396(257138688)-225400(257146880)]
[SHELL OUT]:	Closing Disk Interface >> {C:/GitHub/BlockyOS/Build/Build-nodate/disk.img}
[SHELL OUT]:	Writing Bytes
[SHELL OUT]:	[Parent:00007ff6544c2010] >> Wrtiting [512 bytes(s)->4 block(s)] to LBA[225396(257138688)-225400(257146880)]
[SHELL OUT]:	Closing Disk Interface >> {C:/GitHub/BlockyOS/Build/Build-nodate/disk.img}
[SHELL OUT]:	Root is 000002105e3c9080
[SHELL OUT]:	Adding FS Table Entry: [15121476452216174457:138364061859062], Type: FILE
[SHELL OUT]:		Writing 0x00-Block: 225397
[SHELL OUT]:	[Parent:00007ff6544c0614] >>  C:/GitHub/BlockyOS/Build/Build-nodate/disk.img  Base: 133120    ConfBlockSize: 2048    Starting Disk Env ID: 
[SHELL OUT]:	Writing Bytes
[SHELL OUT]:	[Parent:00007ff6544c0640] >> Wrtiting [2048 bytes(s)->4 block(s)] to LBA[225397(257140736)-225401(257148928)]
[SHELL OUT]:	Closing Disk Interface >> {C:/GitHub/BlockyOS/Build/Build-nodate/disk.img}
[SHELL OUT]:	Writing File Block at 225397, Item: 1.	Root: [15121476452216174457:138364061859062]
[SHELL OUT]:	[Parent:00007ff6544c1557] >>  C:/GitHub/BlockyOS/Build/Build-nodate/disk.img  Base: 133120    ConfBlockSize: 2048    Starting Disk Env ID: 
[SHELL OUT]:	Writing Bytes
[SHELL OUT]:	[Parent:00007ff6544c1583] >> Wrtiting [2048 bytes(s)->4 block(s)] to LBA[225397(257140736)-225401(257148928)]
[SHELL OUT]:	Closing Disk Interface >> {C:/GitHub/BlockyOS/Build/Build-nodate/disk.img}
[SHELL OUT]:	Adding FS Table Entry: [15121476452216174457:138364061859062], Type: FILE
[SHELL OUT]:		Writing 0x00-Block: 225398
[SHELL OUT]:	[Parent:00007ff6544c0614] >>  C:/GitHub/BlockyOS/Build/Build-nodate/disk.img  Base: 133120    ConfBlockSize: 2048    Starting Disk Env ID: 
[SHELL OUT]:	Writing Bytes
[SHELL OUT]:	[Parent:00007ff6544c0640] >> Wrtiting [2048 bytes(s)->4 block(s)] to LBA[225398(257142784)-225402(257150976)]
[SHELL OUT]:	Closing Disk Interface >> {C:/GitHub/BlockyOS/Build/Build-nodate/disk.img}
[SHELL OUT]:	Writing File Block at 225398, Item: 2.	Root: [15121476452216174457:138364061859062]
[SHELL OUT]:	[Parent:00007ff6544c1557] >>  C:/GitHub/BlockyOS/Build/Build-nodate/disk.img  Base: 133120    ConfBlockSize: 2048    Starting Disk Env ID: 
[SHELL OUT]:	Writing Bytes
[SHELL OUT]:	[Parent:00007ff6544c1583] >> Wrtiting [2048 bytes(s)->4 block(s)] to LBA[225398(257142784)-225402(257150976)]
[SHELL OUT]:	Closing Disk Interface >> {C:/GitHub/BlockyOS/Build/Build-nodate/disk.img}
[SHELL OUT]:	Adding FS Table Entry: [15121476452216174457:138364061859062], Type: FILE
[SHELL OUT]:		Writing 0x00-Block: 225399
[SHELL OUT]:	[Parent:00007ff6544c0614] >>  C:/GitHub/BlockyOS/Build/Build-nodate/disk.img  Base: 133120    ConfBlockSize: 2048    Starting Disk Env ID: 
[SHELL OUT]:	Writing Bytes
[SHELL OUT]:	[Parent:00007ff6544c0640] >> Wrtiting [2048 bytes(s)->4 block(s)] to LBA[225399(257144832)-225403(257153024)]
[SHELL OUT]:	Closing Disk Interface >> {C:/GitHub/BlockyOS/Build/Build-nodate/disk.img}
[SHELL OUT]:	Writing File Block at 225399, Item: 3.	Root: [15121476452216174457:138364061859062]
[SHELL OUT]:	[Parent:00007ff6544c1557] >>  C:/GitHub/BlockyOS/Build/Build-nodate/disk.img  Base: 133120    ConfBlockSize: 2048    Starting Disk Env ID: 
[SHELL OUT]:	Writing Bytes
[SHELL OUT]:	[Parent:00007ff6544c1583] >> Wrtiting [2048 bytes(s)->4 block(s)] to LBA[225399(257144832)-225403(257153024)]
[SHELL OUT]:	Closing Disk Interface >> {C:/GitHub/BlockyOS/Build/Build-nodate/disk.img}
[SHELL OUT]:	Adding FS Table Entry: [15121476452216174457:138364061859062], Type: FILE
[SHELL OUT]:		Writing 0x00-Block: 225400
[SHELL OUT]:	[Parent:00007ff6544c0614] >>  C:/GitHub/BlockyOS/Build/Build-nodate/disk.img  Base: 133120    ConfBlockSize: 2048    Starting Disk Env ID: 
[SHELL OUT]:	Writing Bytes
[SHELL OUT]:	[Parent:00007ff6544c0640] >> Wrtiting [2048 bytes(s)->4 block(s)] to LBA[225400(257146880)-225404(257155072)]
[SHELL OUT]:	Closing Disk Interface >> {C:/GitHub/BlockyOS/Build/Build-nodate/disk.img}
[SHELL OUT]:	Writing File Block at 225400, Item: 4.	Root: [15121476452216174457:138364061859062]
[SHELL OUT]:	[Parent:00007ff6544c1557] >>  C:/GitHub/BlockyOS/Build/Build-nodate/disk.img  Base: 133120    ConfBlockSize: 2048    Starting Disk Env ID: 
[SHELL OUT]:	Writing Bytes
[SHELL OUT]:	[Parent:00007ff6544c1583] >> Wrtiting [2048 bytes(s)->4 block(s)] to LBA[225400(257146880)-225404(257155072)]
[SHELL OUT]:	Closing Disk Interface >> {C:/GitHub/BlockyOS/Build/Build-nodate/disk.img}
[SHELL OUT]:	Adding FS Table Entry: [15121476452216174457:138364061859062], Type: FILE
[SHELL OUT]:		Writing 0x00-Block: 225401
[SHELL OUT]:	[Parent:00007ff6544c0614] >>  C:/GitHub/BlockyOS/Build/Build-nodate/disk.img  Base: 133120    ConfBlockSize: 2048    Starting Disk Env ID: 
[SHELL OUT]:	Writing Bytes
[SHELL OUT]:	[Parent:00007ff6544c0640] >> Wrtiting [2048 bytes(s)->4 block(s)] to LBA[225401(257148928)-225405(257157120)]
[SHELL OUT]:	Closing Disk Interface >> {C:/GitHub/BlockyOS/Build/Build-nodate/disk.img}
[SHELL OUT]:	Writing File Block at 225401, Item: 5.	Root: [15121476452216174457:138364061859062]
[SHELL OUT]:	[Parent:00007ff6544c1557] >>  C:/GitHub/BlockyOS/Build/Build-nodate/disk.img  Base: 133120    ConfBlockSize: 2048    Starting Disk Env ID: 
[SHELL OUT]:	Writing Bytes
[SHELL OUT]:	[Parent:00007ff6544c1583] >> Wrtiting [2048 bytes(s)->4 block(s)] to LBA[225401(257148928)-225405(257157120)]
[SHELL OUT]:	Closing Disk Interface >> {C:/GitHub/BlockyOS/Build/Build-nodate/disk.img}
[SHELL OUT]:	Adding FS Table Entry: [15121476452216174457:138364061859062], Type: FILE
[SHELL OUT]:		Writing 0x00-Block: 225402
[SHELL OUT]:	[Parent:00007ff6544c0614] >>  C:/GitHub/BlockyOS/Build/Build-nodate/disk.img  Base: 133120    ConfBlockSize: 2048    Starting Disk Env ID: 
[SHELL OUT]:	Writing Bytes
[SHELL OUT]:	[Parent:00007ff6544c0640] >> Wrtiting [2048 bytes(s)->4 block(s)] to LBA[225402(257150976)-225406(257159168)]
[SHELL OUT]:	Closing Disk Interface >> {C:/GitHub/BlockyOS/Build/Build-nodate/disk.img}
[SHELL OUT]:	Writing File Block at 225402, Item: 6.	Root: [15121476452216174457:138364061859062]
[SHELL OUT]:	[Parent:00007ff6544c1557] >>  C:/GitHub/BlockyOS/Build/Build-nodate/disk.img  Base: 133120    ConfBlockSize: 2048    Starting Disk Env ID: 
[SHELL OUT]:	Writing Bytes
[SHELL OUT]:	[Parent:00007ff6544c1583] >> Wrtiting [2048 bytes(s)->4 block(s)] to LBA[225402(257150976)-225406(257159168)]
[SHELL OUT]:	Closing Disk Interface >> {C:/GitHub/BlockyOS/Build/Build-nodate/disk.img}
[SHELL OUT]:	Adding FS Table Entry: [15121476452216174457:138364061859062], Type: FILE
[SHELL OUT]:		Writing 0x00-Block: 225403
[SHELL OUT]:	[Parent:00007ff6544c0614] >>  C:/GitHub/BlockyOS/Build/Build-nodate/disk.img  Base: 133120    ConfBlockSize: 2048    Starting Disk Env ID: 
[SHELL OUT]:	Writing Bytes
[SHELL OUT]:	[Parent:00007ff6544c0640] >> Wrtiting [2048 bytes(s)->4 block(s)] to LBA[225403(257153024)-225407(257161216)]
[SHELL OUT]:	Closing Disk Interface >> {C:/GitHub/BlockyOS/Build/Build-nodate/disk.img}
[SHELL OUT]:	Writing File Block at 225403, Item: 7.	Root: [15121476452216174457:138364061859062]
[SHELL OUT]:	[Parent:00007ff6544c1557] >>  C:/GitHub/BlockyOS/Build/Build-nodate/disk.img  Base: 133120    ConfBlockSize: 2048    Starting Disk Env ID: 
[SHELL OUT]:	Writing Bytes
[SHELL OUT]:	[Parent:00007ff6544c1583] >> Wrtiting [2048 bytes(s)->4 block(s)] to LBA[225403(257153024)-225407(257161216)]
[SHELL OUT]:	Closing Disk Interface >> {C:/GitHub/BlockyOS/Build/Build-nodate/disk.img}
[SHELL OUT]:	Adding FS Table Entry: [15121476452216174457:138364061859062], Type: FILE
[SHELL OUT]:		Writing 0x00-Block: 225404
[SHELL OUT]:	[Parent:00007ff6544c0614] >>  C:/GitHub/BlockyOS/Build/Build-nodate/disk.img  Base: 133120    ConfBlockSize: 2048    Starting Disk Env ID: 
[SHELL OUT]:	Writing Bytes
[SHELL OUT]:	[Parent:00007ff6544c0640] >> Wrtiting [2048 bytes(s)->4 block(s)] to LBA[225404(257155072)-225408(257163264)]
[SHELL OUT]:	Closing Disk Interface >> {C:/GitHub/BlockyOS/Build/Build-nodate/disk.img}
[SHELL OUT]:	Writing File Block at 225404, Item: 8.	Root: [15121476452216174457:138364061859062]
[SHELL OUT]:	[Parent:00007ff6544c1557] >>  C:/GitHub/BlockyOS/Build/Build-nodate/disk.img  Base: 133120    ConfBlockSize: 2048    Starting Disk Env ID: 
[SHELL OUT]:	Writing Bytes
[SHELL OUT]:	[Parent:00007ff6544c1583] >> Wrtiting [2048 bytes(s)->4 block(s)] to LBA[225404(257155072)-225408(257163264)]
[SHELL OUT]:	Closing Disk Interface >> {C:/GitHub/BlockyOS/Build/Build-nodate/disk.img}
[SHELL OUT]:	Adding FS Table Entry: [15121476452216174457:138364061859062], Type: FILE
[SHELL OUT]:		Writing 0x00-Block: 225405
[SHELL OUT]:	[Parent:00007ff6544c0614] >>  C:/GitHub/BlockyOS/Build/Build-nodate/disk.img  Base: 133120    ConfBlockSize: 2048    Starting Disk Env ID: 
[SHELL OUT]:	Writing Bytes
[SHELL OUT]:	[Parent:00007ff6544c0640] >> Wrtiting [2048 bytes(s)->4 block(s)] to LBA[225405(257157120)-225409(257165312)]
[SHELL OUT]:	Closing Disk Interface >> {C:/GitHub/BlockyOS/Build/Build-nodate/disk.img}
[SHELL OUT]:	Writing File Block at 225405, Item: 9.	Root: [15121476452216174457:138364061859062]
[SHELL OUT]:	[Parent:00007ff6544c1557] >>  C:/GitHub/BlockyOS/Build/Build-nodate/disk.img  Base: 133120    ConfBlockSize: 2048    Starting Disk Env ID: 
[SHELL OUT]:	Writing Bytes
[SHELL OUT]:	[Parent:00007ff6544c1583] >> Wrtiting [2048 bytes(s)->4 block(s)] to LBA[225405(257157120)-225409(257165312)]
[SHELL OUT]:	Closing Disk Interface >> {C:/GitHub/BlockyOS/Build/Build-nodate/disk.img}
[SHELL OUT]:	Adding FS Table Entry: [15121476452216174457:138364061859062], Type: FILE
[SHELL OUT]:		Writing 0x00-Block: 225406
[SHELL OUT]:	[Parent:00007ff6544c0614] >>  C:/GitHub/BlockyOS/Build/Build-nodate/disk.img  Base: 133120    ConfBlockSize: 2048    Starting Disk Env ID: 
[SHELL OUT]:	Writing Bytes
[SHELL OUT]:	[Parent:00007ff6544c0640] >> Wrtiting [2048 bytes(s)->4 block(s)] to LBA[225406(257159168)-225410(257167360)]
[SHELL OUT]:	Closing Disk Interface >> {C:/GitHub/BlockyOS/Build/Build-nodate/disk.img}
[SHELL OUT]:	Writing File Block at 225406, Item: 10.	Root: [15121476452216174457:138364061859062]
[SHELL OUT]:	[Parent:00007ff6544c1557] >>  C:/GitHub/BlockyOS/Build/Build-nodate/disk.img  Base: 133120    ConfBlockSize: 2048    Starting Disk Env ID: 
[SHELL OUT]:	Writing Bytes
[SHELL OUT]:	[Parent:00007ff6544c1583] >> Wrtiting [2048 bytes(s)->4 block(s)] to LBA[225406(257159168)-225410(257167360)]
[SHELL OUT]:	Closing Disk Interface >> {C:/GitHub/BlockyOS/Build/Build-nodate/disk.img}
[SHELL OUT]:	Adding FS Table Entry: [15121476452216174457:138364061859062], Type: FILE
[SHELL OUT]:		Writing 0x00-Block: 225407
[SHELL OUT]:	[Parent:00007ff6544c0614] >>  C:/GitHub/BlockyOS/Build/Build-nodate/disk.img  Base: 133120    ConfBlockSize: 2048    Starting Disk Env ID: 
[SHELL OUT]:	Writing Bytes
[SHELL OUT]:	[Parent:00007ff6544c0640] >> Wrtiting [2048 bytes(s)->4 block(s)] to LBA[225407(257161216)-225411(257169408)]
[SHELL OUT]:	Closing Disk Interface >> {C:/GitHub/BlockyOS/Build/Build-nodate/disk.img}
[SHELL OUT]:	Writing File Block at 225407, Item: 11.	Root: [15121476452216174457:138364061859062]
[SHELL OUT]:	[Parent:00007ff6544c1557] >>  C:/GitHub/BlockyOS/Build/Build-nodate/disk.img  Base: 133120    ConfBlockSize: 2048    Starting Disk Env ID: 
[SHELL OUT]:	Writing Bytes
[SHELL OUT]:	[Parent:00007ff6544c1583] >> Wrtiting [2048 bytes(s)->4 block(s)] to LBA[225407(257161216)-225411(257169408)]
[SHELL OUT]:	Closing Disk Interface >> {C:/GitHub/BlockyOS/Build/Build-nodate/disk.img}
[SHELL OUT]:	Adding FS Table Entry: [15121476452216174457:138364061859062], Type: FILE
[SHELL OUT]:		Writing 0x00-Block: 225408
[SHELL OUT]:	[Parent:00007ff6544c0614] >>  C:/GitHub/BlockyOS/Build/Build-nodate/disk.img  Base: 133120    ConfBlockSize: 2048    Starting Disk Env ID: 
[SHELL OUT]:	Writing Bytes
[SHELL OUT]:	[Parent:00007ff6544c0640] >> Wrtiting [2048 bytes(s)->4 block(s)] to LBA[225408(257163264)-225412(257171456)]
[SHELL OUT]:	Closing Disk Interface >> {C:/GitHub/BlockyOS/Build/Build-nodate/disk.img}
[SHELL OUT]:	Writing File Block at 225408, Item: 12.	Root: [15121476452216174457:138364061859062]
[SHELL OUT]:	[Parent:00007ff6544c1557] >>  C:/GitHub/BlockyOS/Build/Build-nodate/disk.img  Base: 133120    ConfBlockSize: 2048    Starting Disk Env ID: 
[SHELL OUT]:	Writing Bytes
[SHELL OUT]:	[Parent:00007ff6544c1583] >> Wrtiting [2048 bytes(s)->4 block(s)] to LBA[225408(257163264)-225412(257171456)]
[SHELL OUT]:	Closing Disk Interface >> {C:/GitHub/BlockyOS/Build/Build-nodate/disk.img}
[SHELL OUT]:	Adding FS Table Entry: [15121476452216174457:138364061859062], Type: FILE
[SHELL OUT]:		Writing 0x00-Block: 225409
[SHELL OUT]:	[Parent:00007ff6544c0614] >>  C:/GitHub/BlockyOS/Build/Build-nodate/disk.img  Base: 133120    ConfBlockSize: 2048    Starting Disk Env ID: 
[SHELL OUT]:	Writing Bytes
[SHELL OUT]:	[Parent:00007ff6544c0640] >> Wrtiting [2048 bytes(s)->4 block(s)] to LBA[225409(257165312)-225413(257173504)]
[SHELL OUT]:	Closing Disk Interface >> {C:/GitHub/BlockyOS/Build/Build-nodate/disk.img}
[SHELL OUT]:	Writing File Block at 225409, Item: 13.	Root: [15121476452216174457:138364061859062]
[SHELL OUT]:	[Parent:00007ff6544c1557] >>  C:/GitHub/BlockyOS/Build/Build-nodate/disk.img  Base: 133120    ConfBlockSize: 2048    Starting Disk Env ID: 
[SHELL OUT]:	Writing Bytes
[SHELL OUT]:	[Parent:00007ff6544c1583] >> Wrtiting [2048 bytes(s)->4 block(s)] to LBA[225409(257165312)-225413(257173504)]
[SHELL OUT]:	Closing Disk Interface >> {C:/GitHub/BlockyOS/Build/Build-nodate/disk.img}
[SHELL OUT]:	Adding FS Table Entry: [15121476452216174457:138364061859062], Type: FILE
[SHELL OUT]:		Writing 0x00-Block: 225410
[SHELL OUT]:	[Parent:00007ff6544c0614] >>  C:/GitHub/BlockyOS/Build/Build-nodate/disk.img  Base: 133120    ConfBlockSize: 2048    Starting Disk Env ID: 
[SHELL OUT]:	Writing Bytes
[SHELL OUT]:	[Parent:00007ff6544c0640] >> Wrtiting [2048 bytes(s)->4 block(s)] to LBA[225410(257167360)-225414(257175552)]
[SHELL OUT]:	Closing Disk Interface >> {C:/GitHub/BlockyOS/Build/Build-nodate/disk.img}
[SHELL OUT]:	Writing File Block at 225410, Item: 14.	Root: [15121476452216174457:138364061859062]
[SHELL OUT]:	[Parent:00007ff6544c1557] >>  C:/GitHub/BlockyOS/Build/Build-nodate/disk.img  Base: 133120    ConfBlockSize: 2048    Starting Disk Env ID: 
[SHELL OUT]:	Writing Bytes
[SHELL OUT]:	[Parent:00007ff6544c1583] >> Wrtiting [2048 bytes(s)->4 block(s)] to LBA[225410(257167360)-225414(257175552)]
[SHELL OUT]:	Closing Disk Interface >> {C:/GitHub/BlockyOS/Build/Build-nodate/disk.img}
[SHELL OUT]:	Adding FS Table Entry: [15121476452216174457:138364061859062], Type: FILE
[SHELL OUT]:		Writing 0x00-Block: 225411
[SHELL OUT]:	[Parent:00007ff6544c0614] >>  C:/GitHub/BlockyOS/Build/Build-nodate/disk.img  Base: 133120    ConfBlockSize: 2048    Starting Disk Env ID: 
[SHELL OUT]:	Writing Bytes
[SHELL OUT]:	[Parent:00007ff6544c0640] >> Wrtiting [2048 bytes(s)->4 block(s)] to LBA[225411(257169408)-225415(257177600)]
[SHELL OUT]:	Closing Disk Interface >> {C:/GitHub/BlockyOS/Build/Build-nodate/disk.img}
[SHELL OUT]:	Writing File Block at 225411, Item: 15.	Root: [15121476452216174457:138364061859062]
[SHELL OUT]:	[Parent:00007ff6544c1557] >>  C:/GitHub/BlockyOS/Build/Build-nodate/disk.img  Base: 133120    ConfBlockSize: 2048    Starting Disk Env ID: 
[SHELL OUT]:	Writing Bytes
[SHELL OUT]:	[Parent:00007ff6544c1583] >> Wrtiting [2048 bytes(s)->4 block(s)] to LBA[225411(257169408)-225415(257177600)]
[SHELL OUT]:	Closing Disk Interface >> {C:/GitHub/BlockyOS/Build/Build-nodate/disk.img}
[SHELL OUT]:	Adding FS Table Entry: [15121476452216174457:138364061859062], Type: FILE
[SHELL OUT]:		Writing 0x00-Block: 225412
[SHELL OUT]:	[Parent:00007ff6544c0614] >>  C:/GitHub/BlockyOS/Build/Build-nodate/disk.img  Base: 133120    ConfBlockSize: 2048    Starting Disk Env ID: 
[SHELL OUT]:	Writing Bytes
[SHELL OUT]:	[Parent:00007ff6544c0640] >> Wrtiting [2048 bytes(s)->4 block(s)] to LBA[225412(257171456)-225416(257179648)]
[SHELL OUT]:	Closing Disk Interface >> {C:/GitHub/BlockyOS/Build/Build-nodate/disk.img}
[SHELL OUT]:	Writing File Block at 225412, Item: 16.	Root: [15121476452216174457:138364061859062]
[SHELL OUT]:	[Parent:00007ff6544c1557] >>  C:/GitHub/BlockyOS/Build/Build-nodate/disk.img  Base: 133120    ConfBlockSize: 2048    Starting Disk Env ID: 
[SHELL OUT]:	Writing Bytes
[SHELL OUT]:	[Parent:00007ff6544c1583] >> Wrtiting [2048 bytes(s)->4 block(s)] to LBA[225412(257171456)-225416(257179648)]
[SHELL OUT]:	Closing Disk Interface >> {C:/GitHub/BlockyOS/Build/Build-nodate/disk.img}
[SHELL OUT]:	Adding FS Table Entry: [15121476452216174457:138364061859062], Type: FILE
[SHELL OUT]:		Writing 0x00-Block: 225413
[SHELL OUT]:	[Parent:00007ff6544c0614] >>  C:/GitHub/BlockyOS/Build/Build-nodate/disk.img  Base: 133120    ConfBlockSize: 2048    Starting Disk Env ID: 
[SHELL OUT]:	Writing Bytes
[SHELL OUT]:	[Parent:00007ff6544c0640] >> Wrtiting [2048 bytes(s)->4 block(s)] to LBA[225413(257173504)-225417(257181696)]
[SHELL OUT]:	Closing Disk Interface >> {C:/GitHub/BlockyOS/Build/Build-nodate/disk.img}
[SHELL OUT]:	Writing File Block at 225413, Item: 17.	Root: [15121476452216174457:138364061859062]
[SHELL OUT]:	[Parent:00007ff6544c1557] >>  C:/GitHub/BlockyOS/Build/Build-nodate/disk.img  Base: 133120    ConfBlockSize: 2048    Starting Disk Env ID: 
[SHELL OUT]:	Writing Bytes
[SHELL OUT]:	[Parent:00007ff6544c1583] >> Wrtiting [2048 bytes(s)->4 block(s)] to LBA[225413(257173504)-225417(257181696)]
[SHELL OUT]:	Closing Disk Interface >> {C:/GitHub/BlockyOS/Build/Build-nodate/disk.img}
[SHELL OUT]:	Adding FS Table Entry: [15121476452216174457:138364061859062], Type: FILE
[SHELL OUT]:		Writing 0x00-Block: 225414
[SHELL OUT]:	[Parent:00007ff6544c0614] >>  C:/GitHub/BlockyOS/Build/Build-nodate/disk.img  Base: 133120    ConfBlockSize: 2048    Starting Disk Env ID: 
[SHELL OUT]:	Writing Bytes
[SHELL OUT]:	[Parent:00007ff6544c0640] >> Wrtiting [2048 bytes(s)->4 block(s)] to LBA[225414(257175552)-225418(257183744)]
[SHELL OUT]:	Closing Disk Interface >> {C:/GitHub/BlockyOS/Build/Build-nodate/disk.img}
[SHELL OUT]:	Writing File Block at 225414, Item: 18.	Root: [15121476452216174457:138364061859062]
[SHELL OUT]:	[Parent:00007ff6544c1557] >>  C:/GitHub/BlockyOS/Build/Build-nodate/disk.img  Base: 133120    ConfBlockSize: 2048    Starting Disk Env ID: 
[SHELL OUT]:	Writing Bytes
[SHELL OUT]:	[Parent:00007ff6544c1583] >> Wrtiting [2048 bytes(s)->4 block(s)] to LBA[225414(257175552)-225418(257183744)]
[SHELL OUT]:	Closing Disk Interface >> {C:/GitHub/BlockyOS/Build/Build-nodate/disk.img}
[SHELL OUT]:	Adding FS Table Entry: [15121476452216174457:138364061859062], Type: FILE
[SHELL OUT]:		Writing 0x00-Block: 225415
[SHELL OUT]:	[Parent:00007ff6544c0614] >>  C:/GitHub/BlockyOS/Build/Build-nodate/disk.img  Base: 133120    ConfBlockSize: 2048    Starting Disk Env ID: 
[SHELL OUT]:	Writing Bytes
[SHELL OUT]:	[Parent:00007ff6544c0640] >> Wrtiting [2048 bytes(s)->4 block(s)] to LBA[225415(257177600)-225419(257185792)]
[SHELL OUT]:	Closing Disk Interface >> {C:/GitHub/BlockyOS/Build/Build-nodate/disk.img}
[SHELL OUT]:	Writing File Block at 225415, Item: 19.	Root: [15121476452216174457:138364061859062]
[SHELL OUT]:	[Parent:00007ff6544c1557] >>  C:/GitHub/BlockyOS/Build/Build-nodate/disk.img  Base: 133120    ConfBlockSize: 2048    Starting Disk Env ID: 
[SHELL OUT]:	Writing Bytes
[SHELL OUT]:	[Parent:00007ff6544c1583] >> Wrtiting [2048 bytes(s)->4 block(s)] to LBA[225415(257177600)-225419(257185792)]
[SHELL OUT]:	Closing Disk Interface >> {C:/GitHub/BlockyOS/Build/Build-nodate/disk.img}
[SHELL OUT]:	Adding FS Table Entry: [15121476452216174457:138364061859062], Type: FILE
[SHELL OUT]:		Writing 0x00-Block: 225416
[SHELL OUT]:	[Parent:00007ff6544c0614] >>  C:/GitHub/BlockyOS/Build/Build-nodate/disk.img  Base: 133120    ConfBlockSize: 2048    Starting Disk Env ID: 
[SHELL OUT]:	Writing Bytes
[SHELL OUT]:	[Parent:00007ff6544c0640] >> Wrtiting [2048 bytes(s)->4 block(s)] to LBA[225416(257179648)-225420(257187840)]
[SHELL OUT]:	Closing Disk Interface >> {C:/GitHub/BlockyOS/Build/Build-nodate/disk.img}
[SHELL OUT]:	Writing File Block at 225416, Item: 20.	Root: [15121476452216174457:138364061859062]
[SHELL OUT]:	[Parent:00007ff6544c1557] >>  C:/GitHub/BlockyOS/Build/Build-nodate/disk.img  Base: 133120    ConfBlockSize: 2048    Starting Disk Env ID: 
[SHELL OUT]:	Writing Bytes
[SHELL OUT]:	[Parent:00007ff6544c1583] >> Wrtiting [2048 bytes(s)->4 block(s)] to LBA[225416(257179648)-225420(257187840)]
[SHELL OUT]:	Closing Disk Interface >> {C:/GitHub/BlockyOS/Build/Build-nodate/disk.img}
[SHELL OUT]:	Adding FS Table Entry: [15121476452216174457:138364061859062], Type: FILE
[SHELL OUT]:		Writing 0x00-Block: 225417
[SHELL OUT]:	[Parent:00007ff6544c0614] >>  C:/GitHub/BlockyOS/Build/Build-nodate/disk.img  Base: 133120    ConfBlockSize: 2048    Starting Disk Env ID: 
[SHELL OUT]:	Writing Bytes
[SHELL OUT]:	[Parent:00007ff6544c0640] >> Wrtiting [2048 bytes(s)->4 block(s)] to LBA[225417(257181696)-225421(257189888)]
[SHELL OUT]:	Closing Disk Interface >> {C:/GitHub/BlockyOS/Build/Build-nodate/disk.img}
[SHELL OUT]:	Writing File Block at 225417, Item: 21.	Root: [15121476452216174457:138364061859062]
[SHELL OUT]:	[Parent:00007ff6544c1557] >>  C:/GitHub/BlockyOS/Build/Build-nodate/disk.img  Base: 133120    ConfBlockSize: 2048    Starting Disk Env ID: 
[SHELL OUT]:	Writing Bytes
[SHELL OUT]:	[Parent:00007ff6544c1583] >> Wrtiting [2048 bytes(s)->4 block(s)] to LBA[225417(257181696)-225421(257189888)]
[SHELL OUT]:	Closing Disk Interface >> {C:/GitHub/BlockyOS/Build/Build-nodate/disk.img}
[SHELL OUT]:	Adding FS Table Entry: [15121476452216174457:138364061859062], Type: FILE
[SHELL OUT]:		Writing 0x00-Block: 225418
[SHELL OUT]:	[Parent:00007ff6544c0614] >>  C:/GitHub/BlockyOS/Build/Build-nodate/disk.img  Base: 133120    ConfBlockSize: 2048    Starting Disk Env ID: 
[SHELL OUT]:	Writing Bytes
[SHELL OUT]:	[Parent:00007ff6544c0640] >> Wrtiting [2048 bytes(s)->4 block(s)] to LBA[225418(257183744)-225422(257191936)]
[SHELL OUT]:	Closing Disk Interface >> {C:/GitHub/BlockyOS/Build/Build-nodate/disk.img}
[SHELL OUT]:	Writing File Block at 225418, Item: 22.	Root: [15121476452216174457:138364061859062]
[SHELL OUT]:	[Parent:00007ff6544c1557] >>  C:/GitHub/BlockyOS/Build/Build-nodate/disk.img  Base: 133120    ConfBlockSize: 2048    Starting Disk Env ID: 
[SHELL OUT]:	Writing Bytes
[SHELL OUT]:	[Parent:00007ff6544c1583] >> Wrtiting [2048 bytes(s)->4 block(s)] to LBA[225418(257183744)-225422(257191936)]
[SHELL OUT]:	Closing Disk Interface >> {C:/GitHub/BlockyOS/Build/Build-nodate/disk.img}
[SHELL OUT]:	Adding FS Table Entry: [15121476452216174457:138364061859062], Type: FILE
[SHELL OUT]:		Writing 0x00-Block: 225419
[SHELL OUT]:	[Parent:00007ff6544c0614] >>  C:/GitHub/BlockyOS/Build/Build-nodate/disk.img  Base: 133120    ConfBlockSize: 2048    Starting Disk Env ID: 
[SHELL OUT]:	Writing Bytes
[SHELL OUT]:	[Parent:00007ff6544c0640] >> Wrtiting [2048 bytes(s)->4 block(s)] to LBA[225419(257185792)-225423(257193984)]
[SHELL OUT]:	Closing Disk Interface >> {C:/GitHub/BlockyOS/Build/Build-nodate/disk.img}
[SHELL OUT]:	Writing File Block at 225419, Item: 23.	Root: [15121476452216174457:138364061859062]
[SHELL OUT]:	[Parent:00007ff6544c1557] >>  C:/GitHub/BlockyOS/Build/Build-nodate/disk.img  Base: 133120    ConfBlockSize: 2048    Starting Disk Env ID: 
[SHELL OUT]:	Writing Bytes
[SHELL OUT]:	[Parent:00007ff6544c1583] >> Wrtiting [2048 bytes(s)->4 block(s)] to LBA[225419(257185792)-225423(257193984)]
[SHELL OUT]:	Closing Disk Interface >> {C:/GitHub/BlockyOS/Build/Build-nodate/disk.img}
[SHELL OUT]:	Adding FS Table Entry: [15121476452216174457:138364061859062], Type: FILE
[SHELL OUT]:		Writing 0x00-Block: 225420
[SHELL OUT]:	[Parent:00007ff6544c0614] >>  C:/GitHub/BlockyOS/Build/Build-nodate/disk.img  Base: 133120    ConfBlockSize: 2048    Starting Disk Env ID: 
[SHELL OUT]:	Writing Bytes
[SHELL OUT]:	[Parent:00007ff6544c0640] >> Wrtiting [2048 bytes(s)->4 block(s)] to LBA[225420(257187840)-225424(257196032)]
[SHELL OUT]:	Closing Disk Interface >> {C:/GitHub/BlockyOS/Build/Build-nodate/disk.img}
[SHELL OUT]:	Writing File Block at 225420, Item: 24.	Root: [15121476452216174457:138364061859062]
[SHELL OUT]:	[Parent:00007ff6544c1557] >>  C:/GitHub/BlockyOS/Build/Build-nodate/disk.img  Base: 133120    ConfBlockSize: 2048    Starting Disk Env ID: 
[SHELL OUT]:	Writing Bytes
[SHELL OUT]:	[Parent:00007ff6544c1583] >> Wrtiting [2048 bytes(s)->4 block(s)] to LBA[225420(257187840)-225424(257196032)]
[SHELL OUT]:	Closing Disk Interface >> {C:/GitHub/BlockyOS/Build/Build-nodate/disk.img}
[SHELL OUT]:	Adding FS Table Entry: [15121476452216174457:138364061859062], Type: FILE
[SHELL OUT]:		Writing 0x00-Block: 225421
[SHELL OUT]:	[Parent:00007ff6544c0614] >>  C:/GitHub/BlockyOS/Build/Build-nodate/disk.img  Base: 133120    ConfBlockSize: 2048    Starting Disk Env ID: 
[SHELL OUT]:	Writing Bytes
[SHELL OUT]:	[Parent:00007ff6544c0640] >> Wrtiting [2048 bytes(s)->4 block(s)] to LBA[225421(257189888)-225425(257198080)]
[SHELL OUT]:	Closing Disk Interface >> {C:/GitHub/BlockyOS/Build/Build-nodate/disk.img}
[SHELL OUT]:	Writing File Block at 225421, Item: 25.	Root: [15121476452216174457:138364061859062]
[SHELL OUT]:	[Parent:00007ff6544c1557] >>  C:/GitHub/BlockyOS/Build/Build-nodate/disk.img  Base: 133120    ConfBlockSize: 2048    Starting Disk Env ID: 
[SHELL OUT]:	Writing Bytes
[SHELL OUT]:	[Parent:00007ff6544c1583] >> Wrtiting [2048 bytes(s)->4 block(s)] to LBA[225421(257189888)-225425(257198080)]
[SHELL OUT]:	Closing Disk Interface >> {C:/GitHub/BlockyOS/Build/Build-nodate/disk.img}
[SHELL OUT]:	[0]: ""
Initializing CGCC.MAKE build process...
Skipping C:\GitHub\BlockyOS\src\kernel\services\IO\IO.c - up to date; source=2026-09-16T16:38:35.5854557Z, stored=09/16/2026 16:38:35
Stale source detected for C:\GitHub\BlockyOS\Build\Build-nodate\root-part\libcrt.dll. source=2026-09-30T23:58:06.3738617Z, stored=09/30/2026 23:56:20, delta=n/a sec
Compiled and updated timestamp for C:\GitHub\BlockyOS\Build\Build-nodate\root-part\libcrt.dll
Skipping C:\GitHub\BlockyOS\src\kernel\services\IO\IO.def - up to date; source=2026-09-16T21:00:02.8766014Z, stored=09/16/2026 21:00:02
gcc compile/cache/c.IO.o Build/Build-nodate/root-part/libcrt.dll src/kernel/services/IO/IO.def -Wl,-nostdlib -Wl,-shared -Wl,-flinker-output=dyn -Wl,-Bsymbolic -Wl,--out-implib,C:/GitHub/BlockyOS/Build/Build-nodate/root-part/services/IO.dll.a -Wl,-Map,C:\GitHub\BlockyOS\src\kernel\services\IO\alibcrt.map -fdiagnostics-color=always -fno-diagnostics-show-highlight-colors -nostartfiles -nodefaultlibs -fno-asynchronous-unwind-tables -fno-unwind-tables -o C:/GitHub/BlockyOS/Build/Build-nodate/root-part/services/IO.dll
Build finished successfully -> C:/GitHub/BlockyOS/Build/Build-nodate/root-part/services/IO.dll


[SHELL]	PE2EXEC.MAKE
PE2EXEC is Deprecated. Generating alias...

[SHELL]	FSFRAT.MAKE
[SHELL]	FSFRAT.MOUNT
[SHELL]	e.disk -pp C:/GitHub/BlockyOS/Build/Build-nodate/disk.img -pt ROOT -bs 2048 -lb 32 -v 1:0
[SHELL OUT]:	
[SHELL OUT]:	FSFRAT DRIVER
[SHELL OUT]:	>> 
[SHELL OUT]:	[C:\GitHub\BlockyOS\tools\filesystem\frat.c:196]  >>  Mounting FS Root: [C:/GitHub/BlockyOS/Build/Build-nodate/disk.img]
[SHELL OUT]:	Verifying Disk GPT
[SHELL OUT]:	[Parent:00007ff6544bd8ff] >>  C:/GitHub/BlockyOS/Build/Build-nodate/disk.img  Base: 0    ConfBlockSize: 512    Starting Disk Env ID: 
[SHELL OUT]:	Reading Bytes
[SHELL OUT]:	[Parent:00007ff6544bd91a] >> Reading [92 bytes(s)->1 block(s)] from LBA[1(512)-2(1024)]
[SHELL OUT]:	GPT Dump:
[SHELL OUT]:	    Sig: "EFI PART"
[SHELL OUT]:	    Rev: 65536
[SHELL OUT]:	    Header-Size: 92
[SHELL OUT]:	    Header Checksum: 2663437838
[SHELL OUT]:	    localLBA: 1
[SHELL OUT]:	    altLBA: 788482
[SHELL OUT]:	    firstUsable: 2048
[SHELL OUT]:	    lastUsable: 788480
[SHELL OUT]:	    Disk-GUID: 
[SHELL OUT]:	    Partition-Table: 2
[SHELL OUT]:	    # of Partition-Entries: 3
[SHELL OUT]:	    Partition-Entry Size: 128
[SHELL OUT]:	    Partition-Table Checksum: 2610811153
[SHELL OUT]:	Closing Disk Interface >> {C:/GitHub/BlockyOS/Build/Build-nodate/disk.img}
[SHELL OUT]:	GPT Exists? true
[SHELL OUT]:	[Parent:00007ff6544beed9] >>  C:/GitHub/BlockyOS/Build/Build-nodate/disk.img  Base: 0    ConfBlockSize: 512    Starting Disk Env ID: 
[SHELL OUT]:	Reading Bytes
[SHELL OUT]:	[Parent:00007ff6544beefa] >> Reading [92 bytes(s)->1 block(s)] from LBA[1(512)-2(1024)]
[SHELL OUT]:	[C:\GitHub\BlockyOS\tools\filesystem\frat.c:137]  >>  Querying Part Table
[SHELL OUT]:	Reading Bytes
[SHELL OUT]:	[Parent:00007ff6544be73d] >> Reading [384 bytes(s)->1 block(s)] from LBA[2(1024)-3(1536)]
[SHELL OUT]:	[C:\GitHub\BlockyOS\tools\filesystem\frat.c:145]  >>  GPT-Entry: BOOT{2048:526335 -> 524287}
[SHELL OUT]:	[C:\GitHub\BlockyOS\tools\filesystem\frat.c:159]  >>  Querying FS at 2048
[SHELL OUT]:	Reading Bytes
[SHELL OUT]:	[Parent:00007ff6544bebe1] >> Reading [60 bytes(s)->1 block(s)] from LBA[2048(1048576)-2049(1049088)]
[SHELL OUT]:	FS-Root Blob:
[SHELL OUT]:	    Version: [0:524288]
[SHELL OUT]:	    Sig: 
[SHELL OUT]:	    Configured Log Sectors: 2
[SHELL OUT]:	    Configured Block Size: 0
[SHELL OUT]:	    Configured Cluster-Map Size: 16711743
[SHELL OUT]:	[C:\GitHub\BlockyOS\tools\filesystem\frat.c:145]  >>  GPT-Entry: ROOT{526336:788479 -> 262143}
[SHELL OUT]:	[C:\GitHub\BlockyOS\tools\filesystem\frat.c:159]  >>  Querying FS at 526336
[SHELL OUT]:	Reading Bytes
[SHELL OUT]:	[Parent:00007ff6544bebe1] >> Reading [60 bytes(s)->1 block(s)] from LBA[526336(269484032)-526337(269484544)]
[SHELL OUT]:	FS-Root Blob:
[SHELL OUT]:	    Version: [0:1]
[SHELL OUT]:	    Sig: FRAT_FILESYSTEM
[SHELL OUT]:	    Configured Log Sectors: 32
[SHELL OUT]:	    Configured Block Size: 2048
[SHELL OUT]:	    Configured Cluster-Map Size: 2560
[SHELL OUT]:	[C:\GitHub\BlockyOS\tools\filesystem\frat.c:184]  >>  FS Found at [526336]:
[SHELL OUT]:		Version-Code: [0:1]
[SHELL OUT]:		Configured Block-Size: 2048
[SHELL OUT]:		Configured Cluster-Size: 2560
[SHELL OUT]:		Configured # of Log-Sectors: 32
[SHELL OUT]:		Configured Log-Size: 576
[SHELL OUT]:	[C:\GitHub\BlockyOS\tools\filesystem\frat.c:210]  >>  Found Formatted Partition: 526336:788479 -> 262143
[SHELL OUT]:	Reading Bytes
[SHELL OUT]:	[Parent:00007ff6544bf05b] >> Reading [60 bytes(s)->1 block(s)] from LBA[526336(269484032)-526337(269484544)]
[SHELL OUT]:	[C:\GitHub\BlockyOS\tools\filesystem\frat.c:223]  >>  Root: 526336:788479 -> 262143 LBAs
[SHELL OUT]:		Version-Code: [0:1]
[SHELL OUT]:		Configured Block-Size: 2048
[SHELL OUT]:		Configured Cluster-Size: 2560
[SHELL OUT]:		Configured # of Log-Sectors: 2560
[SHELL OUT]:		Configured Log-Size: 32
[SHELL OUT]:	Reading Bytes
[SHELL OUT]:	[Parent:00007ff6544bf39f] >> Reading [65536 bytes(s)->128 block(s)] from LBA[526337(269486080)-526465(269748224)]
[SHELL OUT]:	Reading Bytes
[SHELL OUT]:	[Parent:00007ff6544bf44b] >> Reading [2560 bytes(s)->8 block(s)] from LBA[595968(412090368)-595976(412106752)]
[SHELL OUT]:	    Verifying FS Root Items #items: 128
[SHELL OUT]:	Reading Bytes
[SHELL OUT]:	[Parent:00007ff6544bf6be] >> Reading [512 bytes(s)->4 block(s)] from LBA[600064(420478976)-600068(420487168)]
[SHELL OUT]:	Reading Bytes
[SHELL OUT]:	[Parent:00007ff6544bf6be] >> Reading [512 bytes(s)->4 block(s)] from LBA[600065(420481024)-600069(420489216)]
[SHELL OUT]:	Closing Disk Interface >> {C:/GitHub/BlockyOS/Build/Build-nodate/disk.img}
[SHELL OUT]:	[Parent:00007ff6544c1926] >>  C:/GitHub/BlockyOS/Build/Build-nodate/disk.img  Base: 526336    ConfBlockSize: 2048    Starting Disk Env ID: 
[SHELL OUT]:	Writing Bytes
[SHELL OUT]:	[Parent:00007ff6544c194f] >> Wrtiting [60 bytes(s)->4 block(s)] to LBA[526336(269484032)-526340(269492224)]
[SHELL OUT]:	Writing Bytes
[SHELL OUT]:	[Parent:00007ff6544c1997] >> Wrtiting [2560 bytes(s)->8 block(s)] to LBA[595968(412090368)-595976(412106752)]
[SHELL OUT]:	Closing Disk Interface >> {C:/GitHub/BlockyOS/Build/Build-nodate/disk.img}
[SHELL OUT]:	[0]: ""
[SHELL]	create -la fc -p SYSD/ -n IO.srv
[SHELL OUT]:	
[SHELL OUT]:	>> 
[SHELL OUT]:	>> 
[SHELL OUT]:	000002291cf85f1b:fc	000002291cf85f21:SYSD/	000002291cf85f2a:IO.srv	
[SHELL OUT]:	[	SYSD/IO.srv]
[SHELL OUT]:	Mounting File [SYSD/IO.srv] with "fc"
[SHELL OUT]:	Creating File at: ./SYSD/IO.srv
[SHELL OUT]:	Root is 000002291cf89080
[SHELL OUT]:		Fcode: [15121476452216174457:138364061859062]
[SHELL OUT]:	Mounting Dir [SYSD] with Args: "dc"
[SHELL OUT]:	Root is 000002291cf89080
[SHELL OUT]:	Refreshing Dir SYSD
[SHELL OUT]:	[Parent:00007ff6544c1a38] >>  C:/GitHub/BlockyOS/Build/Build-nodate/disk.img  Base: 526336    ConfBlockSize: 2048    Starting Disk Env ID: 
[SHELL OUT]:	Reading Bytes
[SHELL OUT]:	[Parent:00007ff6544c1ae0] >> Reading [2048 bytes(s)->4 block(s)] from LBA[600066(420483072)-600070(420491264)]
[SHELL OUT]:	Closing Disk Interface >> {C:/GitHub/BlockyOS/Build/Build-nodate/disk.img}
[SHELL OUT]:	Adding Entry:[15121476452216174457:138364061859062] to Dir [SYSD:[655946151726387169:223579696255234]
[SHELL OUT]:	Refreshing Dir SYSD
[SHELL OUT]:	[Parent:00007ff6544c1a38] >>  C:/GitHub/BlockyOS/Build/Build-nodate/disk.img  Base: 526336    ConfBlockSize: 2048    Starting Disk Env ID: 
[SHELL OUT]:	Reading Bytes
[SHELL OUT]:	[Parent:00007ff6544c1ae0] >> Reading [2048 bytes(s)->4 block(s)] from LBA[600066(420483072)-600070(420491264)]
[SHELL OUT]:	Closing Disk Interface >> {C:/GitHub/BlockyOS/Build/Build-nodate/disk.img}
[SHELL OUT]:	Un-Mounting Directory [SYSD]
[SHELL OUT]:	[Parent:00007ff6544c17ad] >>  C:/GitHub/BlockyOS/Build/Build-nodate/disk.img  Base: 526336    ConfBlockSize: 2048    Starting Disk Env ID: 
[SHELL OUT]:	[Parent:00007ff6544c1926] >>  C:/GitHub/BlockyOS/Build/Build-nodate/disk.img  Base: 526336    ConfBlockSize: 2048    Starting Disk Env ID: 
[SHELL OUT]:	Writing Bytes
[SHELL OUT]:	[Parent:00007ff6544c194f] >> Wrtiting [60 bytes(s)->4 block(s)] to LBA[526336(269484032)-526340(269492224)]
[SHELL OUT]:	Writing Bytes
[SHELL OUT]:	[Parent:00007ff6544c1997] >> Wrtiting [2560 bytes(s)->8 block(s)] to LBA[595968(412090368)-595976(412106752)]
[SHELL OUT]:	Closing Disk Interface >> {C:/GitHub/BlockyOS/Build/Build-nodate/disk.img}
[SHELL OUT]:	Writing Bytes
[SHELL OUT]:	[Parent:00007ff6544c18a4] >> Wrtiting [2048 bytes(s)->4 block(s)] to LBA[600066(420483072)-600070(420491264)]
[SHELL OUT]:	Closing Disk Interface >> {C:/GitHub/BlockyOS/Build/Build-nodate/disk.img}
[SHELL OUT]:	Initialising File MetaData: ./\SYSD/IO.srv
[SHELL OUT]:	[Parent:00007ff6544c0a32] >>  C:/GitHub/BlockyOS/Build/Build-nodate/disk.img  Base: 526336    ConfBlockSize: 2048    Starting Disk Env ID: 
[SHELL OUT]:	Writing Bytes
[SHELL OUT]:	[Parent:00007ff6544c0a71] >> Wrtiting [512 bytes(s)->4 block(s)] to LBA[600180(420716544)-600184(420724736)]
[SHELL OUT]:	Closing Disk Interface >> {C:/GitHub/BlockyOS/Build/Build-nodate/disk.img}
[SHELL OUT]:	Root is 000002291cf89080
[SHELL OUT]:	Un-Mounting File [15121476452216174457:138364061859062]
[SHELL OUT]:	[Parent:00007ff6544c1926] >>  C:/GitHub/BlockyOS/Build/Build-nodate/disk.img  Base: 526336    ConfBlockSize: 2048    Starting Disk Env ID: 
[SHELL OUT]:	Writing Bytes
[SHELL OUT]:	[Parent:00007ff6544c194f] >> Wrtiting [60 bytes(s)->4 block(s)] to LBA[526336(269484032)-526340(269492224)]
[SHELL OUT]:	Writing Bytes
[SHELL OUT]:	[Parent:00007ff6544c1997] >> Wrtiting [2560 bytes(s)->8 block(s)] to LBA[595968(412090368)-595976(412106752)]
[SHELL OUT]:	Closing Disk Interface >> {C:/GitHub/BlockyOS/Build/Build-nodate/disk.img}
[SHELL OUT]:	[0]: ""
[SHELL]	FSFRAT.OPEN
[SHELL]	open -p SYSD/IO.srv -a IOAPP -la f
[SHELL OUT]:	
[SHELL OUT]:	>> 
[SHELL OUT]:	>> 
[SHELL OUT]:	Mounting File [SYSD/IO.srv] with "f"
[SHELL OUT]:	Root is 000002291cf89080
[SHELL OUT]:	[0]: ""
[SHELL]	FSFRAT.WRITE
[SHELL]	fwrite -pp C:/GitHub/BlockyOS/Build/Build-nodate/root-part/services/IO.service -ia %IOAPP% -p 0 -n 0
[SHELL OUT]:	
[SHELL OUT]:	>> 
[SHELL OUT]:	>> 
[SHELL OUT]:	[Parent:00007ff6544c1f16] >>  C:/GitHub/BlockyOS/Build/Build-nodate/disk.img  Base: 526336    ConfBlockSize: 2048    Starting Disk Env ID: 
[SHELL OUT]:	[Parent:00007ff6544c1e53] >>  C:/GitHub/BlockyOS/Build/Build-nodate/disk.img  Base: 526336    ConfBlockSize: 2048    Starting Disk Env ID: 
[SHELL OUT]:	Reading File Info
[SHELL OUT]:	Reading Bytes
[SHELL OUT]:	[Parent:00007ff6544c1ec2] >> Reading [512 bytes(s)->4 block(s)] from LBA[600180(420716544)-600184(420724736)]
[SHELL OUT]:	Closing Disk Interface >> {C:/GitHub/BlockyOS/Build/Build-nodate/disk.img}
[SHELL OUT]:	Writing Bytes
[SHELL OUT]:	[Parent:00007ff6544c2010] >> Wrtiting [512 bytes(s)->4 block(s)] to LBA[600180(420716544)-600184(420724736)]
[SHELL OUT]:	Closing Disk Interface >> {C:/GitHub/BlockyOS/Build/Build-nodate/disk.img}
[SHELL OUT]:	Root is 000002291cf89080
[SHELL OUT]:	Adding FS Table Entry: [15121476452216174457:138364061859062], Type: FILE
[SHELL OUT]:		Writing 0x00-Block: 600181
[SHELL OUT]:	[Parent:00007ff6544c0614] >>  C:/GitHub/BlockyOS/Build/Build-nodate/disk.img  Base: 526336    ConfBlockSize: 2048    Starting Disk Env ID: 
[SHELL OUT]:	Writing Bytes
[SHELL OUT]:	[Parent:00007ff6544c0640] >> Wrtiting [2048 bytes(s)->4 block(s)] to LBA[600181(420718592)-600185(420726784)]
[SHELL OUT]:	Closing Disk Interface >> {C:/GitHub/BlockyOS/Build/Build-nodate/disk.img}
[SHELL OUT]:	Writing File Block at 600181, Item: 1.	Root: [15121476452216174457:138364061859062]
[SHELL OUT]:	[Parent:00007ff6544c1557] >>  C:/GitHub/BlockyOS/Build/Build-nodate/disk.img  Base: 526336    ConfBlockSize: 2048    Starting Disk Env ID: 
[SHELL OUT]:	Writing Bytes
[SHELL OUT]:	[Parent:00007ff6544c1583] >> Wrtiting [2048 bytes(s)->4 block(s)] to LBA[600181(420718592)-600185(420726784)]
[SHELL OUT]:	Closing Disk Interface >> {C:/GitHub/BlockyOS/Build/Build-nodate/disk.img}
[SHELL OUT]:	Adding FS Table Entry: [15121476452216174457:138364061859062], Type: FILE
[SHELL OUT]:		Writing 0x00-Block: 600182
[SHELL OUT]:	[Parent:00007ff6544c0614] >>  C:/GitHub/BlockyOS/Build/Build-nodate/disk.img  Base: 526336    ConfBlockSize: 2048    Starting Disk Env ID: 
[SHELL OUT]:	Writing Bytes
[SHELL OUT]:	[Parent:00007ff6544c0640] >> Wrtiting [2048 bytes(s)->4 block(s)] to LBA[600182(420720640)-600186(420728832)]
[SHELL OUT]:	Closing Disk Interface >> {C:/GitHub/BlockyOS/Build/Build-nodate/disk.img}
[SHELL OUT]:	Writing File Block at 600182, Item: 2.	Root: [15121476452216174457:138364061859062]
[SHELL OUT]:	[Parent:00007ff6544c1557] >>  C:/GitHub/BlockyOS/Build/Build-nodate/disk.img  Base: 526336    ConfBlockSize: 2048    Starting Disk Env ID: 
[SHELL OUT]:	Writing Bytes
[SHELL OUT]:	[Parent:00007ff6544c1583] >> Wrtiting [2048 bytes(s)->4 block(s)] to LBA[600182(420720640)-600186(420728832)]
[SHELL OUT]:	Closing Disk Interface >> {C:/GitHub/BlockyOS/Build/Build-nodate/disk.img}
[SHELL OUT]:	Adding FS Table Entry: [15121476452216174457:138364061859062], Type: FILE
[SHELL OUT]:		Writing 0x00-Block: 600183
[SHELL OUT]:	[Parent:00007ff6544c0614] >>  C:/GitHub/BlockyOS/Build/Build-nodate/disk.img  Base: 526336    ConfBlockSize: 2048    Starting Disk Env ID: 
[SHELL OUT]:	Writing Bytes
[SHELL OUT]:	[Parent:00007ff6544c0640] >> Wrtiting [2048 bytes(s)->4 block(s)] to LBA[600183(420722688)-600187(420730880)]
[SHELL OUT]:	Closing Disk Interface >> {C:/GitHub/BlockyOS/Build/Build-nodate/disk.img}
[SHELL OUT]:	Writing File Block at 600183, Item: 3.	Root: [15121476452216174457:138364061859062]
[SHELL OUT]:	[Parent:00007ff6544c1557] >>  C:/GitHub/BlockyOS/Build/Build-nodate/disk.img  Base: 526336    ConfBlockSize: 2048    Starting Disk Env ID: 
[SHELL OUT]:	Writing Bytes
[SHELL OUT]:	[Parent:00007ff6544c1583] >> Wrtiting [2048 bytes(s)->4 block(s)] to LBA[600183(420722688)-600187(420730880)]
[SHELL OUT]:	Closing Disk Interface >> {C:/GitHub/BlockyOS/Build/Build-nodate/disk.img}
[SHELL OUT]:	Adding FS Table Entry: [15121476452216174457:138364061859062], Type: FILE
[SHELL OUT]:		Writing 0x00-Block: 600184
[SHELL OUT]:	[Parent:00007ff6544c0614] >>  C:/GitHub/BlockyOS/Build/Build-nodate/disk.img  Base: 526336    ConfBlockSize: 2048    Starting Disk Env ID: 
[SHELL OUT]:	Writing Bytes
[SHELL OUT]:	[Parent:00007ff6544c0640] >> Wrtiting [2048 bytes(s)->4 block(s)] to LBA[600184(420724736)-600188(420732928)]
[SHELL OUT]:	Closing Disk Interface >> {C:/GitHub/BlockyOS/Build/Build-nodate/disk.img}
[SHELL OUT]:	Writing File Block at 600184, Item: 4.	Root: [15121476452216174457:138364061859062]
[SHELL OUT]:	[Parent:00007ff6544c1557] >>  C:/GitHub/BlockyOS/Build/Build-nodate/disk.img  Base: 526336    ConfBlockSize: 2048    Starting Disk Env ID: 
[SHELL OUT]:	Writing Bytes
[SHELL OUT]:	[Parent:00007ff6544c1583] >> Wrtiting [2048 bytes(s)->4 block(s)] to LBA[600184(420724736)-600188(420732928)]
[SHELL OUT]:	Closing Disk Interface >> {C:/GitHub/BlockyOS/Build/Build-nodate/disk.img}
[SHELL OUT]:	Adding FS Table Entry: [15121476452216174457:138364061859062], Type: FILE
[SHELL OUT]:		Writing 0x00-Block: 600185
[SHELL OUT]:	[Parent:00007ff6544c0614] >>  C:/GitHub/BlockyOS/Build/Build-nodate/disk.img  Base: 526336    ConfBlockSize: 2048    Starting Disk Env ID: 
[SHELL OUT]:	Writing Bytes
[SHELL OUT]:	[Parent:00007ff6544c0640] >> Wrtiting [2048 bytes(s)->4 block(s)] to LBA[600185(420726784)-600189(420734976)]
[SHELL OUT]:	Closing Disk Interface >> {C:/GitHub/BlockyOS/Build/Build-nodate/disk.img}
[SHELL OUT]:	Writing File Block at 600185, Item: 5.	Root: [15121476452216174457:138364061859062]
[SHELL OUT]:	[Parent:00007ff6544c1557] >>  C:/GitHub/BlockyOS/Build/Build-nodate/disk.img  Base: 526336    ConfBlockSize: 2048    Starting Disk Env ID: 
[SHELL OUT]:	Writing Bytes
[SHELL OUT]:	[Parent:00007ff6544c1583] >> Wrtiting [2048 bytes(s)->4 block(s)] to LBA[600185(420726784)-600189(420734976)]
[SHELL OUT]:	Closing Disk Interface >> {C:/GitHub/BlockyOS/Build/Build-nodate/disk.img}
[SHELL OUT]:	Adding FS Table Entry: [15121476452216174457:138364061859062], Type: FILE
[SHELL OUT]:		Writing 0x00-Block: 600186
[SHELL OUT]:	[Parent:00007ff6544c0614] >>  C:/GitHub/BlockyOS/Build/Build-nodate/disk.img  Base: 526336    ConfBlockSize: 2048    Starting Disk Env ID: 
[SHELL OUT]:	Writing Bytes
[SHELL OUT]:	[Parent:00007ff6544c0640] >> Wrtiting [2048 bytes(s)->4 block(s)] to LBA[600186(420728832)-600190(420737024)]
[SHELL OUT]:	Closing Disk Interface >> {C:/GitHub/BlockyOS/Build/Build-nodate/disk.img}
[SHELL OUT]:	Writing File Block at 600186, Item: 6.	Root: [15121476452216174457:138364061859062]
[SHELL OUT]:	[Parent:00007ff6544c1557] >>  C:/GitHub/BlockyOS/Build/Build-nodate/disk.img  Base: 526336    ConfBlockSize: 2048    Starting Disk Env ID: 
[SHELL OUT]:	Writing Bytes
[SHELL OUT]:	[Parent:00007ff6544c1583] >> Wrtiting [2048 bytes(s)->4 block(s)] to LBA[600186(420728832)-600190(420737024)]
[SHELL OUT]:	Closing Disk Interface >> {C:/GitHub/BlockyOS/Build/Build-nodate/disk.img}
[SHELL OUT]:	Adding FS Table Entry: [15121476452216174457:138364061859062], Type: FILE
[SHELL OUT]:		Writing 0x00-Block: 600187
[SHELL OUT]:	[Parent:00007ff6544c0614] >>  C:/GitHub/BlockyOS/Build/Build-nodate/disk.img  Base: 526336    ConfBlockSize: 2048    Starting Disk Env ID: 
[SHELL OUT]:	Writing Bytes
[SHELL OUT]:	[Parent:00007ff6544c0640] >> Wrtiting [2048 bytes(s)->4 block(s)] to LBA[600187(420730880)-600191(420739072)]
[SHELL OUT]:	Closing Disk Interface >> {C:/GitHub/BlockyOS/Build/Build-nodate/disk.img}
[SHELL OUT]:	Writing File Block at 600187, Item: 7.	Root: [15121476452216174457:138364061859062]
[SHELL OUT]:	[Parent:00007ff6544c1557] >>  C:/GitHub/BlockyOS/Build/Build-nodate/disk.img  Base: 526336    ConfBlockSize: 2048    Starting Disk Env ID: 
[SHELL OUT]:	Writing Bytes
[SHELL OUT]:	[Parent:00007ff6544c1583] >> Wrtiting [2048 bytes(s)->4 block(s)] to LBA[600187(420730880)-600191(420739072)]
[SHELL OUT]:	Closing Disk Interface >> {C:/GitHub/BlockyOS/Build/Build-nodate/disk.img}
[SHELL OUT]:	Adding FS Table Entry: [15121476452216174457:138364061859062], Type: FILE
[SHELL OUT]:		Writing 0x00-Block: 600188
[SHELL OUT]:	[Parent:00007ff6544c0614] >>  C:/GitHub/BlockyOS/Build/Build-nodate/disk.img  Base: 526336    ConfBlockSize: 2048    Starting Disk Env ID: 
[SHELL OUT]:	Writing Bytes
[SHELL OUT]:	[Parent:00007ff6544c0640] >> Wrtiting [2048 bytes(s)->4 block(s)] to LBA[600188(420732928)-600192(420741120)]
[SHELL OUT]:	Closing Disk Interface >> {C:/GitHub/BlockyOS/Build/Build-nodate/disk.img}
[SHELL OUT]:	Writing File Block at 600188, Item: 8.	Root: [15121476452216174457:138364061859062]
[SHELL OUT]:	[Parent:00007ff6544c1557] >>  C:/GitHub/BlockyOS/Build/Build-nodate/disk.img  Base: 526336    ConfBlockSize: 2048    Starting Disk Env ID: 
[SHELL OUT]:	Writing Bytes
[SHELL OUT]:	[Parent:00007ff6544c1583] >> Wrtiting [2048 bytes(s)->4 block(s)] to LBA[600188(420732928)-600192(420741120)]
[SHELL OUT]:	Closing Disk Interface >> {C:/GitHub/BlockyOS/Build/Build-nodate/disk.img}
[SHELL OUT]:	Adding FS Table Entry: [15121476452216174457:138364061859062], Type: FILE
[SHELL OUT]:		Writing 0x00-Block: 600189
[SHELL OUT]:	[Parent:00007ff6544c0614] >>  C:/GitHub/BlockyOS/Build/Build-nodate/disk.img  Base: 526336    ConfBlockSize: 2048    Starting Disk Env ID: 
[SHELL OUT]:	Writing Bytes
[SHELL OUT]:	[Parent:00007ff6544c0640] >> Wrtiting [2048 bytes(s)->4 block(s)] to LBA[600189(420734976)-600193(420743168)]
[SHELL OUT]:	Closing Disk Interface >> {C:/GitHub/BlockyOS/Build/Build-nodate/disk.img}
[SHELL OUT]:	Writing File Block at 600189, Item: 9.	Root: [15121476452216174457:138364061859062]
[SHELL OUT]:	[Parent:00007ff6544c1557] >>  C:/GitHub/BlockyOS/Build/Build-nodate/disk.img  Base: 526336    ConfBlockSize: 2048    Starting Disk Env ID: 
[SHELL OUT]:	Writing Bytes
[SHELL OUT]:	[Parent:00007ff6544c1583] >> Wrtiting [2048 bytes(s)->4 block(s)] to LBA[600189(420734976)-600193(420743168)]
[SHELL OUT]:	Closing Disk Interface >> {C:/GitHub/BlockyOS/Build/Build-nodate/disk.img}
[SHELL OUT]:	Adding FS Table Entry: [15121476452216174457:138364061859062], Type: FILE
[SHELL OUT]:		Writing 0x00-Block: 600190
[SHELL OUT]:	[Parent:00007ff6544c0614] >>  C:/GitHub/BlockyOS/Build/Build-nodate/disk.img  Base: 526336    ConfBlockSize: 2048    Starting Disk Env ID: 
[SHELL OUT]:	Writing Bytes
[SHELL OUT]:	[Parent:00007ff6544c0640] >> Wrtiting [2048 bytes(s)->4 block(s)] to LBA[600190(420737024)-600194(420745216)]
[SHELL OUT]:	Closing Disk Interface >> {C:/GitHub/BlockyOS/Build/Build-nodate/disk.img}
[SHELL OUT]:	Writing File Block at 600190, Item: 10.	Root: [15121476452216174457:138364061859062]
[SHELL OUT]:	[Parent:00007ff6544c1557] >>  C:/GitHub/BlockyOS/Build/Build-nodate/disk.img  Base: 526336    ConfBlockSize: 2048    Starting Disk Env ID: 
[SHELL OUT]:	Writing Bytes
[SHELL OUT]:	[Parent:00007ff6544c1583] >> Wrtiting [2048 bytes(s)->4 block(s)] to LBA[600190(420737024)-600194(420745216)]
[SHELL OUT]:	Closing Disk Interface >> {C:/GitHub/BlockyOS/Build/Build-nodate/disk.img}
[SHELL OUT]:	Adding FS Table Entry: [15121476452216174457:138364061859062], Type: FILE
[SHELL OUT]:		Writing 0x00-Block: 600191
[SHELL OUT]:	[Parent:00007ff6544c0614] >>  C:/GitHub/BlockyOS/Build/Build-nodate/disk.img  Base: 526336    ConfBlockSize: 2048    Starting Disk Env ID: 
[SHELL OUT]:	Writing Bytes
[SHELL OUT]:	[Parent:00007ff6544c0640] >> Wrtiting [2048 bytes(s)->4 block(s)] to LBA[600191(420739072)-600195(420747264)]
[SHELL OUT]:	Closing Disk Interface >> {C:/GitHub/BlockyOS/Build/Build-nodate/disk.img}
[SHELL OUT]:	Writing File Block at 600191, Item: 11.	Root: [15121476452216174457:138364061859062]
[SHELL OUT]:	[Parent:00007ff6544c1557] >>  C:/GitHub/BlockyOS/Build/Build-nodate/disk.img  Base: 526336    ConfBlockSize: 2048    Starting Disk Env ID: 
[SHELL OUT]:	Writing Bytes
[SHELL OUT]:	[Parent:00007ff6544c1583] >> Wrtiting [2048 bytes(s)->4 block(s)] to LBA[600191(420739072)-600195(420747264)]
[SHELL OUT]:	Closing Disk Interface >> {C:/GitHub/BlockyOS/Build/Build-nodate/disk.img}
[SHELL OUT]:	Adding FS Table Entry: [15121476452216174457:138364061859062], Type: FILE
[SHELL OUT]:	Invalid File Block
[SHELL OUT]:	Adding FS Table Entry: [15121476452216174457:138364061859062], Type: FILE
[SHELL OUT]:	Invalid File Block
[SHELL OUT]:	Adding FS Table Entry: [15121476452216174457:138364061859062], Type: FILE
[SHELL OUT]:	Invalid File Block
[SHELL OUT]:	Adding FS Table Entry: [15121476452216174457:138364061859062], Type: FILE
[SHELL OUT]:	Invalid File Block
[SHELL OUT]:	Adding FS Table Entry: [15121476452216174457:138364061859062], Type: FILE
[SHELL OUT]:	Invalid File Block
[SHELL OUT]:	Adding FS Table Entry: [15121476452216174457:138364061859062], Type: FILE
[SHELL OUT]:	Invalid File Block
[SHELL OUT]:	Adding FS Table Entry: [15121476452216174457:138364061859062], Type: FILE
[SHELL OUT]:	Invalid File Block
[SHELL OUT]:	Adding FS Table Entry: [15121476452216174457:138364061859062], Type: FILE
[SHELL OUT]:	Invalid File Block
[SHELL OUT]:	Adding FS Table Entry: [15121476452216174457:138364061859062], Type: FILE
[SHELL OUT]:	Invalid File Block
[SHELL OUT]:	Adding FS Table Entry: [15121476452216174457:138364061859062], Type: FILE
[SHELL OUT]:	Invalid File Block
[SHELL OUT]:	Adding FS Table Entry: [15121476452216174457:138364061859062], Type: FILE
[SHELL OUT]:	Invalid File Block
[SHELL OUT]:	Adding FS Table Entry: [15121476452216174457:138364061859062], Type: FILE
[SHELL OUT]:	Invalid File Block
[SHELL OUT]:	Adding FS Table Entry: [15121476452216174457:138364061859062], Type: FILE
[SHELL OUT]:	Invalid File Block
[SHELL OUT]:	Adding FS Table Entry: [15121476452216174457:138364061859062], Type: FILE
[SHELL OUT]:	Invalid File Block
[SHELL OUT]:	[0]: ""
Initializing CGCC.MAKE build process...
Skipping C:\GitHub\BlockyOS\src\kernel\services\IO\IO.c - up to date; source=2026-09-16T16:38:35.5854557Z, stored=09/16/2026 16:38:35
Stale source detected for C:\GitHub\BlockyOS\Build\Build-nodate\root-part\libcrt.dll. source=2026-10-01T00:01:00.8579474Z, stored=09/30/2026 23:58:06, delta=n/a sec
Compiled and updated timestamp for C:\GitHub\BlockyOS\Build\Build-nodate\root-part\libcrt.dll
Skipping C:\GitHub\BlockyOS\src\kernel\services\IO\IO.def - up to date; source=2026-09-16T21:00:02.8766014Z, stored=09/16/2026 21:00:02
gcc compile/cache/c.IO.o Build/Build-nodate/root-part/libcrt.dll src/kernel/services/IO/IO.def -Wl,-nostdlib -Wl,-shared -Wl,-flinker-output=dyn -Wl,-Bsymbolic -Wl,--out-implib,C:/GitHub/BlockyOS/Build/Build-nodate/root-part/services/IO.dll.a -Wl,-Map,C:\GitHub\BlockyOS\src\kernel\services\IO\alibcrt.map -fdiagnostics-color=always -fno-diagnostics-show-highlight-colors -nostartfiles -nodefaultlibs -fno-asynchronous-unwind-tables -fno-unwind-tables -o C:/GitHub/BlockyOS/Build/Build-nodate/root-part/services/IO.dll
Build finished successfully -> C:/GitHub/BlockyOS/Build/Build-nodate/root-part/services/IO.dll


[SHELL]	PE2EXEC.MAKE
PE2EXEC is Deprecated. Generating alias...

[SHELL]	FSFRAT.MAKE
[SHELL]	FSFRAT.MOUNT
[SHELL]	e.disk -pp C:/GitHub/BlockyOS/Build/Build-nodate/disk.img -pt ROOT -bs 2048 -lb 32 -v 1:0
[SHELL OUT]:	
[SHELL OUT]:	FSFRAT DRIVER
[SHELL OUT]:	>> 
[SHELL OUT]:	[C:\GitHub\BlockyOS\tools\filesystem\frat.c:196]  >>  Mounting FS Root: [C:/GitHub/BlockyOS/Build/Build-nodate/disk.img]
[SHELL OUT]:	Verifying Disk GPT
[SHELL OUT]:	[Parent:00007ff6544bd8ff] >>  C:/GitHub/BlockyOS/Build/Build-nodate/disk.img  Base: 0    ConfBlockSize: 512    Starting Disk Env ID: 
[SHELL OUT]:	Reading Bytes
[SHELL OUT]:	[Parent:00007ff6544bd91a] >> Reading [92 bytes(s)->1 block(s)] from LBA[1(512)-2(1024)]
[SHELL OUT]:	GPT Dump:
[SHELL OUT]:	    Sig: "EFI PART"
[SHELL OUT]:	    Rev: 65536
[SHELL OUT]:	    Header-Size: 92
[SHELL OUT]:	    Header Checksum: 2621714706
[SHELL OUT]:	    localLBA: 1
[SHELL OUT]:	    altLBA: 2230273
[SHELL OUT]:	    firstUsable: 2048
[SHELL OUT]:	    lastUsable: 2230271
[SHELL OUT]:	    Disk-GUID: 
[SHELL OUT]:	    Partition-Table: 2
[SHELL OUT]:	    # of Partition-Entries: 2
[SHELL OUT]:	    Partition-Entry Size: 128
[SHELL OUT]:	    Partition-Table Checksum: 896708427
[SHELL OUT]:	Closing Disk Interface >> {C:/GitHub/BlockyOS/Build/Build-nodate/disk.img}
[SHELL OUT]:	GPT Exists? true
[SHELL OUT]:	[Parent:00007ff6544beed9] >>  C:/GitHub/BlockyOS/Build/Build-nodate/disk.img  Base: 0    ConfBlockSize: 512    Starting Disk Env ID: 
[SHELL OUT]:	Reading Bytes
[SHELL OUT]:	[Parent:00007ff6544beefa] >> Reading [92 bytes(s)->1 block(s)] from LBA[1(512)-2(1024)]
[SHELL OUT]:	[C:\GitHub\BlockyOS\tools\filesystem\frat.c:137]  >>  Querying Part Table
[SHELL OUT]:	Reading Bytes
[SHELL OUT]:	[Parent:00007ff6544be73d] >> Reading [256 bytes(s)->1 block(s)] from LBA[2(1024)-3(1536)]
[SHELL OUT]:	[C:\GitHub\BlockyOS\tools\filesystem\frat.c:145]  >>  GPT-Entry: BOOT{2048:133119 -> 131071}
[SHELL OUT]:	[C:\GitHub\BlockyOS\tools\filesystem\frat.c:159]  >>  Querying FS at 2048
[SHELL OUT]:	Reading Bytes
[SHELL OUT]:	[Parent:00007ff6544bebe1] >> Reading [60 bytes(s)->1 block(s)] from LBA[2048(1048576)-2049(1049088)]
[SHELL OUT]:	FS-Root Blob:
[SHELL OUT]:	    Version: [0:131072]
[SHELL OUT]:	    Sig: 
[SHELL OUT]:	    Configured Log Sectors: 2
[SHELL OUT]:	    Configured Block Size: 0
[SHELL OUT]:	    Configured Cluster-Map Size: 16711743
[SHELL OUT]:	[C:\GitHub\BlockyOS\tools\filesystem\frat.c:145]  >>  GPT-Entry: ROOT{133120:2230271 -> 2097151}
[SHELL OUT]:	[C:\GitHub\BlockyOS\tools\filesystem\frat.c:159]  >>  Querying FS at 133120
[SHELL OUT]:	Reading Bytes
[SHELL OUT]:	[Parent:00007ff6544bebe1] >> Reading [60 bytes(s)->1 block(s)] from LBA[133120(68157440)-133121(68157952)]
[SHELL OUT]:	FS-Root Blob:
[SHELL OUT]:	    Version: [0:1]
[SHELL OUT]:	    Sig: FRAT_FILESYSTEM
[SHELL OUT]:	    Configured Log Sectors: 32
[SHELL OUT]:	    Configured Block Size: 2048
[SHELL OUT]:	    Configured Cluster-Map Size: 20480
[SHELL OUT]:	[C:\GitHub\BlockyOS\tools\filesystem\frat.c:184]  >>  FS Found at [133120]:
[SHELL OUT]:		Version-Code: [0:1]
[SHELL OUT]:		Configured Block-Size: 2048
[SHELL OUT]:		Configured Cluster-Size: 20480
[SHELL OUT]:		Configured # of Log-Sectors: 32
[SHELL OUT]:		Configured Log-Size: 576
[SHELL OUT]:	[C:\GitHub\BlockyOS\tools\filesystem\frat.c:210]  >>  Found Formatted Partition: 133120:2230271 -> 2097151
[SHELL OUT]:	Reading Bytes
[SHELL OUT]:	[Parent:00007ff6544bf05b] >> Reading [60 bytes(s)->1 block(s)] from LBA[133120(68157440)-133121(68157952)]
[SHELL OUT]:	[C:\GitHub\BlockyOS\tools\filesystem\frat.c:223]  >>  Root: 133120:2230271 -> 2097151 LBAs
[SHELL OUT]:		Version-Code: [0:1]
[SHELL OUT]:		Configured Block-Size: 2048
[SHELL OUT]:		Configured Cluster-Size: 20480
[SHELL OUT]:		Configured # of Log-Sectors: 20480
[SHELL OUT]:		Configured Log-Size: 32
[SHELL OUT]:	Reading Bytes
[SHELL OUT]:	[Parent:00007ff6544bf39f] >> Reading [65536 bytes(s)->128 block(s)] from LBA[133121(68159488)-133249(68421632)]
[SHELL OUT]:	Reading Bytes
[SHELL OUT]:	[Parent:00007ff6544bf44b] >> Reading [20480 bytes(s)->40 block(s)] from LBA[202752(210763776)-202792(210845696)]
[SHELL OUT]:	    Verifying FS Root Items #items: 1024
[SHELL OUT]:	Reading Bytes
[SHELL OUT]:	[Parent:00007ff6544bf6be] >> Reading [512 bytes(s)->4 block(s)] from LBA[225280(256901120)-225284(256909312)]
[SHELL OUT]:	Reading Bytes
[SHELL OUT]:	[Parent:00007ff6544bf6be] >> Reading [512 bytes(s)->4 block(s)] from LBA[225281(256903168)-225285(256911360)]
[SHELL OUT]:	Closing Disk Interface >> {C:/GitHub/BlockyOS/Build/Build-nodate/disk.img}
[SHELL OUT]:	[Parent:00007ff6544c1926] >>  C:/GitHub/BlockyOS/Build/Build-nodate/disk.img  Base: 133120    ConfBlockSize: 2048    Starting Disk Env ID: 
[SHELL OUT]:	Writing Bytes
[SHELL OUT]:	[Parent:00007ff6544c194f] >> Wrtiting [60 bytes(s)->4 block(s)] to LBA[133120(68157440)-133124(68165632)]
[SHELL OUT]:	Writing Bytes
[SHELL OUT]:	[Parent:00007ff6544c1997] >> Wrtiting [20480 bytes(s)->40 block(s)] to LBA[202752(210763776)-202792(210845696)]
[SHELL OUT]:	Closing Disk Interface >> {C:/GitHub/BlockyOS/Build/Build-nodate/disk.img}
[SHELL OUT]:	[0]: ""
[SHELL]	create -la fc -p SYSD/ -n IO.srv
[SHELL OUT]:	
[SHELL OUT]:	>> 
[SHELL OUT]:	>> 
[SHELL OUT]:	000001f1382d5f1b:fc	000001f1382d5f21:SYSD/	000001f1382d5f2a:IO.srv	
[SHELL OUT]:	[	SYSD/IO.srv]
[SHELL OUT]:	Mounting File [SYSD/IO.srv] with "fc"
[SHELL OUT]:	Creating File at: ./SYSD/IO.srv
[SHELL OUT]:	Root is 000001f1382d9080
[SHELL OUT]:		Fcode: [15121476452216174457:138364061859062]
[SHELL OUT]:	Mounting Dir [SYSD] with Args: "dc"
[SHELL OUT]:	Root is 000001f1382d9080
[SHELL OUT]:	Refreshing Dir SYSD
[SHELL OUT]:	[Parent:00007ff6544c1a38] >>  C:/GitHub/BlockyOS/Build/Build-nodate/disk.img  Base: 133120    ConfBlockSize: 2048    Starting Disk Env ID: 
[SHELL OUT]:	Reading Bytes
[SHELL OUT]:	[Parent:00007ff6544c1ae0] >> Reading [2048 bytes(s)->4 block(s)] from LBA[225282(256905216)-225286(256913408)]
[SHELL OUT]:	Closing Disk Interface >> {C:/GitHub/BlockyOS/Build/Build-nodate/disk.img}
[SHELL OUT]:	Adding Entry:[15121476452216174457:138364061859062] to Dir [SYSD:[655946151726387169:223579696255234]
[SHELL OUT]:	Refreshing Dir SYSD
[SHELL OUT]:	[Parent:00007ff6544c1a38] >>  C:/GitHub/BlockyOS/Build/Build-nodate/disk.img  Base: 133120    ConfBlockSize: 2048    Starting Disk Env ID: 
[SHELL OUT]:	Reading Bytes
[SHELL OUT]:	[Parent:00007ff6544c1ae0] >> Reading [2048 bytes(s)->4 block(s)] from LBA[225282(256905216)-225286(256913408)]
[SHELL OUT]:	Closing Disk Interface >> {C:/GitHub/BlockyOS/Build/Build-nodate/disk.img}
[SHELL OUT]:	Un-Mounting Directory [SYSD]
[SHELL OUT]:	[Parent:00007ff6544c17ad] >>  C:/GitHub/BlockyOS/Build/Build-nodate/disk.img  Base: 133120    ConfBlockSize: 2048    Starting Disk Env ID: 
[SHELL OUT]:	[Parent:00007ff6544c1926] >>  C:/GitHub/BlockyOS/Build/Build-nodate/disk.img  Base: 133120    ConfBlockSize: 2048    Starting Disk Env ID: 
[SHELL OUT]:	Writing Bytes
[SHELL OUT]:	[Parent:00007ff6544c194f] >> Wrtiting [60 bytes(s)->4 block(s)] to LBA[133120(68157440)-133124(68165632)]
[SHELL OUT]:	Writing Bytes
[SHELL OUT]:	[Parent:00007ff6544c1997] >> Wrtiting [20480 bytes(s)->40 block(s)] to LBA[202752(210763776)-202792(210845696)]
[SHELL OUT]:	Closing Disk Interface >> {C:/GitHub/BlockyOS/Build/Build-nodate/disk.img}
[SHELL OUT]:	Writing Bytes
[SHELL OUT]:	[Parent:00007ff6544c18a4] >> Wrtiting [2048 bytes(s)->4 block(s)] to LBA[225282(256905216)-225286(256913408)]
[SHELL OUT]:	Closing Disk Interface >> {C:/GitHub/BlockyOS/Build/Build-nodate/disk.img}
[SHELL OUT]:	Initialising File MetaData: ./\SYSD/IO.srv
[SHELL OUT]:	[Parent:00007ff6544c0a32] >>  C:/GitHub/BlockyOS/Build/Build-nodate/disk.img  Base: 133120    ConfBlockSize: 2048    Starting Disk Env ID: 
[SHELL OUT]:	Writing Bytes
[SHELL OUT]:	[Parent:00007ff6544c0a71] >> Wrtiting [512 bytes(s)->4 block(s)] to LBA[225396(257138688)-225400(257146880)]
[SHELL OUT]:	Closing Disk Interface >> {C:/GitHub/BlockyOS/Build/Build-nodate/disk.img}
[SHELL OUT]:	Root is 000001f1382d9080
[SHELL OUT]:	Un-Mounting File [15121476452216174457:138364061859062]
[SHELL OUT]:	[Parent:00007ff6544c1926] >>  C:/GitHub/BlockyOS/Build/Build-nodate/disk.img  Base: 133120    ConfBlockSize: 2048    Starting Disk Env ID: 
[SHELL OUT]:	Writing Bytes
[SHELL OUT]:	[Parent:00007ff6544c194f] >> Wrtiting [60 bytes(s)->4 block(s)] to LBA[133120(68157440)-133124(68165632)]
[SHELL OUT]:	Writing Bytes
[SHELL OUT]:	[Parent:00007ff6544c1997] >> Wrtiting [20480 bytes(s)->40 block(s)] to LBA[202752(210763776)-202792(210845696)]
[SHELL OUT]:	Closing Disk Interface >> {C:/GitHub/BlockyOS/Build/Build-nodate/disk.img}
[SHELL OUT]:	[0]: ""
[SHELL]	FSFRAT.OPEN
[SHELL]	open -p SYSD/IO.srv -a IOAPP -la f
[SHELL OUT]:	
[SHELL OUT]:	>> 
[SHELL OUT]:	>> 
[SHELL OUT]:	Mounting File [SYSD/IO.srv] with "f"
[SHELL OUT]:	Root is 000001f1382d9080
[SHELL OUT]:	[0]: ""
[SHELL]	FSFRAT.WRITE
[SHELL]	fwrite -pp C:/GitHub/BlockyOS/Build/Build-nodate/root-part/services/IO.service -ia %IOAPP% -p 0 -n 0
[SHELL OUT]:	
[SHELL OUT]:	>> 
[SHELL OUT]:	>> 
[SHELL OUT]:	[Parent:00007ff6544c1f16] >>  C:/GitHub/BlockyOS/Build/Build-nodate/disk.img  Base: 133120    ConfBlockSize: 2048    Starting Disk Env ID: 
[SHELL OUT]:	[Parent:00007ff6544c1e53] >>  C:/GitHub/BlockyOS/Build/Build-nodate/disk.img  Base: 133120    ConfBlockSize: 2048    Starting Disk Env ID: 
[SHELL OUT]:	Reading File Info
[SHELL OUT]:	Reading Bytes
[SHELL OUT]:	[Parent:00007ff6544c1ec2] >> Reading [512 bytes(s)->4 block(s)] from LBA[225396(257138688)-225400(257146880)]
[SHELL OUT]:	Closing Disk Interface >> {C:/GitHub/BlockyOS/Build/Build-nodate/disk.img}
[SHELL OUT]:	Writing Bytes
[SHELL OUT]:	[Parent:00007ff6544c2010] >> Wrtiting [512 bytes(s)->4 block(s)] to LBA[225396(257138688)-225400(257146880)]
[SHELL OUT]:	Closing Disk Interface >> {C:/GitHub/BlockyOS/Build/Build-nodate/disk.img}
[SHELL OUT]:	Root is 000001f1382d9080
[SHELL OUT]:	Adding FS Table Entry: [15121476452216174457:138364061859062], Type: FILE
[SHELL OUT]:		Writing 0x00-Block: 225397
[SHELL OUT]:	[Parent:00007ff6544c0614] >>  C:/GitHub/BlockyOS/Build/Build-nodate/disk.img  Base: 133120    ConfBlockSize: 2048    Starting Disk Env ID: 
[SHELL OUT]:	Writing Bytes
[SHELL OUT]:	[Parent:00007ff6544c0640] >> Wrtiting [2048 bytes(s)->4 block(s)] to LBA[225397(257140736)-225401(257148928)]
[SHELL OUT]:	Closing Disk Interface >> {C:/GitHub/BlockyOS/Build/Build-nodate/disk.img}
[SHELL OUT]:	Writing File Block at 225397, Item: 1.	Root: [15121476452216174457:138364061859062]
[SHELL OUT]:	[Parent:00007ff6544c1557] >>  C:/GitHub/BlockyOS/Build/Build-nodate/disk.img  Base: 133120    ConfBlockSize: 2048    Starting Disk Env ID: 
[SHELL OUT]:	Writing Bytes
[SHELL OUT]:	[Parent:00007ff6544c1583] >> Wrtiting [2048 bytes(s)->4 block(s)] to LBA[225397(257140736)-225401(257148928)]
[SHELL OUT]:	Closing Disk Interface >> {C:/GitHub/BlockyOS/Build/Build-nodate/disk.img}
[SHELL OUT]:	Adding FS Table Entry: [15121476452216174457:138364061859062], Type: FILE
[SHELL OUT]:		Writing 0x00-Block: 225398
[SHELL OUT]:	[Parent:00007ff6544c0614] >>  C:/GitHub/BlockyOS/Build/Build-nodate/disk.img  Base: 133120    ConfBlockSize: 2048    Starting Disk Env ID: 
[SHELL OUT]:	Writing Bytes
[SHELL OUT]:	[Parent:00007ff6544c0640] >> Wrtiting [2048 bytes(s)->4 block(s)] to LBA[225398(257142784)-225402(257150976)]
[SHELL OUT]:	Closing Disk Interface >> {C:/GitHub/BlockyOS/Build/Build-nodate/disk.img}
[SHELL OUT]:	Writing File Block at 225398, Item: 2.	Root: [15121476452216174457:138364061859062]
[SHELL OUT]:	[Parent:00007ff6544c1557] >>  C:/GitHub/BlockyOS/Build/Build-nodate/disk.img  Base: 133120    ConfBlockSize: 2048    Starting Disk Env ID: 
[SHELL OUT]:	Writing Bytes
[SHELL OUT]:	[Parent:00007ff6544c1583] >> Wrtiting [2048 bytes(s)->4 block(s)] to LBA[225398(257142784)-225402(257150976)]
[SHELL OUT]:	Closing Disk Interface >> {C:/GitHub/BlockyOS/Build/Build-nodate/disk.img}
[SHELL OUT]:	Adding FS Table Entry: [15121476452216174457:138364061859062], Type: FILE
[SHELL OUT]:		Writing 0x00-Block: 225399
[SHELL OUT]:	[Parent:00007ff6544c0614] >>  C:/GitHub/BlockyOS/Build/Build-nodate/disk.img  Base: 133120    ConfBlockSize: 2048    Starting Disk Env ID: 
[SHELL OUT]:	Writing Bytes
[SHELL OUT]:	[Parent:00007ff6544c0640] >> Wrtiting [2048 bytes(s)->4 block(s)] to LBA[225399(257144832)-225403(257153024)]
[SHELL OUT]:	Closing Disk Interface >> {C:/GitHub/BlockyOS/Build/Build-nodate/disk.img}
[SHELL OUT]:	Writing File Block at 225399, Item: 3.	Root: [15121476452216174457:138364061859062]
[SHELL OUT]:	[Parent:00007ff6544c1557] >>  C:/GitHub/BlockyOS/Build/Build-nodate/disk.img  Base: 133120    ConfBlockSize: 2048    Starting Disk Env ID: 
[SHELL OUT]:	Writing Bytes
[SHELL OUT]:	[Parent:00007ff6544c1583] >> Wrtiting [2048 bytes(s)->4 block(s)] to LBA[225399(257144832)-225403(257153024)]
[SHELL OUT]:	Closing Disk Interface >> {C:/GitHub/BlockyOS/Build/Build-nodate/disk.img}
[SHELL OUT]:	Adding FS Table Entry: [15121476452216174457:138364061859062], Type: FILE
[SHELL OUT]:		Writing 0x00-Block: 225400
[SHELL OUT]:	[Parent:00007ff6544c0614] >>  C:/GitHub/BlockyOS/Build/Build-nodate/disk.img  Base: 133120    ConfBlockSize: 2048    Starting Disk Env ID: 
[SHELL OUT]:	Writing Bytes
[SHELL OUT]:	[Parent:00007ff6544c0640] >> Wrtiting [2048 bytes(s)->4 block(s)] to LBA[225400(257146880)-225404(257155072)]
[SHELL OUT]:	Closing Disk Interface >> {C:/GitHub/BlockyOS/Build/Build-nodate/disk.img}
[SHELL OUT]:	Writing File Block at 225400, Item: 4.	Root: [15121476452216174457:138364061859062]
[SHELL OUT]:	[Parent:00007ff6544c1557] >>  C:/GitHub/BlockyOS/Build/Build-nodate/disk.img  Base: 133120    ConfBlockSize: 2048    Starting Disk Env ID: 
[SHELL OUT]:	Writing Bytes
[SHELL OUT]:	[Parent:00007ff6544c1583] >> Wrtiting [2048 bytes(s)->4 block(s)] to LBA[225400(257146880)-225404(257155072)]
[SHELL OUT]:	Closing Disk Interface >> {C:/GitHub/BlockyOS/Build/Build-nodate/disk.img}
[SHELL OUT]:	Adding FS Table Entry: [15121476452216174457:138364061859062], Type: FILE
[SHELL OUT]:		Writing 0x00-Block: 225401
[SHELL OUT]:	[Parent:00007ff6544c0614] >>  C:/GitHub/BlockyOS/Build/Build-nodate/disk.img  Base: 133120    ConfBlockSize: 2048    Starting Disk Env ID: 
[SHELL OUT]:	Writing Bytes
[SHELL OUT]:	[Parent:00007ff6544c0640] >> Wrtiting [2048 bytes(s)->4 block(s)] to LBA[225401(257148928)-225405(257157120)]
[SHELL OUT]:	Closing Disk Interface >> {C:/GitHub/BlockyOS/Build/Build-nodate/disk.img}
[SHELL OUT]:	Writing File Block at 225401, Item: 5.	Root: [15121476452216174457:138364061859062]
[SHELL OUT]:	[Parent:00007ff6544c1557] >>  C:/GitHub/BlockyOS/Build/Build-nodate/disk.img  Base: 133120    ConfBlockSize: 2048    Starting Disk Env ID: 
[SHELL OUT]:	Writing Bytes
[SHELL OUT]:	[Parent:00007ff6544c1583] >> Wrtiting [2048 bytes(s)->4 block(s)] to LBA[225401(257148928)-225405(257157120)]
[SHELL OUT]:	Closing Disk Interface >> {C:/GitHub/BlockyOS/Build/Build-nodate/disk.img}
[SHELL OUT]:	Adding FS Table Entry: [15121476452216174457:138364061859062], Type: FILE
[SHELL OUT]:		Writing 0x00-Block: 225402
[SHELL OUT]:	[Parent:00007ff6544c0614] >>  C:/GitHub/BlockyOS/Build/Build-nodate/disk.img  Base: 133120    ConfBlockSize: 2048    Starting Disk Env ID: 
[SHELL OUT]:	Writing Bytes
[SHELL OUT]:	[Parent:00007ff6544c0640] >> Wrtiting [2048 bytes(s)->4 block(s)] to LBA[225402(257150976)-225406(257159168)]
[SHELL OUT]:	Closing Disk Interface >> {C:/GitHub/BlockyOS/Build/Build-nodate/disk.img}
[SHELL OUT]:	Writing File Block at 225402, Item: 6.	Root: [15121476452216174457:138364061859062]
[SHELL OUT]:	[Parent:00007ff6544c1557] >>  C:/GitHub/BlockyOS/Build/Build-nodate/disk.img  Base: 133120    ConfBlockSize: 2048    Starting Disk Env ID: 
[SHELL OUT]:	Writing Bytes
[SHELL OUT]:	[Parent:00007ff6544c1583] >> Wrtiting [2048 bytes(s)->4 block(s)] to LBA[225402(257150976)-225406(257159168)]
[SHELL OUT]:	Closing Disk Interface >> {C:/GitHub/BlockyOS/Build/Build-nodate/disk.img}
[SHELL OUT]:	Adding FS Table Entry: [15121476452216174457:138364061859062], Type: FILE
[SHELL OUT]:		Writing 0x00-Block: 225403
[SHELL OUT]:	[Parent:00007ff6544c0614] >>  C:/GitHub/BlockyOS/Build/Build-nodate/disk.img  Base: 133120    ConfBlockSize: 2048    Starting Disk Env ID: 
[SHELL OUT]:	Writing Bytes
[SHELL OUT]:	[Parent:00007ff6544c0640] >> Wrtiting [2048 bytes(s)->4 block(s)] to LBA[225403(257153024)-225407(257161216)]
[SHELL OUT]:	Closing Disk Interface >> {C:/GitHub/BlockyOS/Build/Build-nodate/disk.img}
[SHELL OUT]:	Writing File Block at 225403, Item: 7.	Root: [15121476452216174457:138364061859062]
[SHELL OUT]:	[Parent:00007ff6544c1557] >>  C:/GitHub/BlockyOS/Build/Build-nodate/disk.img  Base: 133120    ConfBlockSize: 2048    Starting Disk Env ID: 
[SHELL OUT]:	Writing Bytes
[SHELL OUT]:	[Parent:00007ff6544c1583] >> Wrtiting [2048 bytes(s)->4 block(s)] to LBA[225403(257153024)-225407(257161216)]
[SHELL OUT]:	Closing Disk Interface >> {C:/GitHub/BlockyOS/Build/Build-nodate/disk.img}
[SHELL OUT]:	Adding FS Table Entry: [15121476452216174457:138364061859062], Type: FILE
[SHELL OUT]:		Writing 0x00-Block: 225404
[SHELL OUT]:	[Parent:00007ff6544c0614] >>  C:/GitHub/BlockyOS/Build/Build-nodate/disk.img  Base: 133120    ConfBlockSize: 2048    Starting Disk Env ID: 
[SHELL OUT]:	Writing Bytes
[SHELL OUT]:	[Parent:00007ff6544c0640] >> Wrtiting [2048 bytes(s)->4 block(s)] to LBA[225404(257155072)-225408(257163264)]
[SHELL OUT]:	Closing Disk Interface >> {C:/GitHub/BlockyOS/Build/Build-nodate/disk.img}
[SHELL OUT]:	Writing File Block at 225404, Item: 8.	Root: [15121476452216174457:138364061859062]
[SHELL OUT]:	[Parent:00007ff6544c1557] >>  C:/GitHub/BlockyOS/Build/Build-nodate/disk.img  Base: 133120    ConfBlockSize: 2048    Starting Disk Env ID: 
[SHELL OUT]:	Writing Bytes
[SHELL OUT]:	[Parent:00007ff6544c1583] >> Wrtiting [2048 bytes(s)->4 block(s)] to LBA[225404(257155072)-225408(257163264)]
[SHELL OUT]:	Closing Disk Interface >> {C:/GitHub/BlockyOS/Build/Build-nodate/disk.img}
[SHELL OUT]:	Adding FS Table Entry: [15121476452216174457:138364061859062], Type: FILE
[SHELL OUT]:		Writing 0x00-Block: 225405
[SHELL OUT]:	[Parent:00007ff6544c0614] >>  C:/GitHub/BlockyOS/Build/Build-nodate/disk.img  Base: 133120    ConfBlockSize: 2048    Starting Disk Env ID: 
[SHELL OUT]:	Writing Bytes
[SHELL OUT]:	[Parent:00007ff6544c0640] >> Wrtiting [2048 bytes(s)->4 block(s)] to LBA[225405(257157120)-225409(257165312)]
[SHELL OUT]:	Closing Disk Interface >> {C:/GitHub/BlockyOS/Build/Build-nodate/disk.img}
[SHELL OUT]:	Writing File Block at 225405, Item: 9.	Root: [15121476452216174457:138364061859062]
[SHELL OUT]:	[Parent:00007ff6544c1557] >>  C:/GitHub/BlockyOS/Build/Build-nodate/disk.img  Base: 133120    ConfBlockSize: 2048    Starting Disk Env ID: 
[SHELL OUT]:	Writing Bytes
[SHELL OUT]:	[Parent:00007ff6544c1583] >> Wrtiting [2048 bytes(s)->4 block(s)] to LBA[225405(257157120)-225409(257165312)]
[SHELL OUT]:	Closing Disk Interface >> {C:/GitHub/BlockyOS/Build/Build-nodate/disk.img}
[SHELL OUT]:	Adding FS Table Entry: [15121476452216174457:138364061859062], Type: FILE
[SHELL OUT]:		Writing 0x00-Block: 225406
[SHELL OUT]:	[Parent:00007ff6544c0614] >>  C:/GitHub/BlockyOS/Build/Build-nodate/disk.img  Base: 133120    ConfBlockSize: 2048    Starting Disk Env ID: 
[SHELL OUT]:	Writing Bytes
[SHELL OUT]:	[Parent:00007ff6544c0640] >> Wrtiting [2048 bytes(s)->4 block(s)] to LBA[225406(257159168)-225410(257167360)]
[SHELL OUT]:	Closing Disk Interface >> {C:/GitHub/BlockyOS/Build/Build-nodate/disk.img}
[SHELL OUT]:	Writing File Block at 225406, Item: 10.	Root: [15121476452216174457:138364061859062]
[SHELL OUT]:	[Parent:00007ff6544c1557] >>  C:/GitHub/BlockyOS/Build/Build-nodate/disk.img  Base: 133120    ConfBlockSize: 2048    Starting Disk Env ID: 
[SHELL OUT]:	Writing Bytes
[SHELL OUT]:	[Parent:00007ff6544c1583] >> Wrtiting [2048 bytes(s)->4 block(s)] to LBA[225406(257159168)-225410(257167360)]
[SHELL OUT]:	Closing Disk Interface >> {C:/GitHub/BlockyOS/Build/Build-nodate/disk.img}
[SHELL OUT]:	Adding FS Table Entry: [15121476452216174457:138364061859062], Type: FILE
[SHELL OUT]:		Writing 0x00-Block: 225407
[SHELL OUT]:	[Parent:00007ff6544c0614] >>  C:/GitHub/BlockyOS/Build/Build-nodate/disk.img  Base: 133120    ConfBlockSize: 2048    Starting Disk Env ID: 
[SHELL OUT]:	Writing Bytes
[SHELL OUT]:	[Parent:00007ff6544c0640] >> Wrtiting [2048 bytes(s)->4 block(s)] to LBA[225407(257161216)-225411(257169408)]
[SHELL OUT]:	Closing Disk Interface >> {C:/GitHub/BlockyOS/Build/Build-nodate/disk.img}
[SHELL OUT]:	Writing File Block at 225407, Item: 11.	Root: [15121476452216174457:138364061859062]
[SHELL OUT]:	[Parent:00007ff6544c1557] >>  C:/GitHub/BlockyOS/Build/Build-nodate/disk.img  Base: 133120    ConfBlockSize: 2048    Starting Disk Env ID: 
[SHELL OUT]:	Writing Bytes
[SHELL OUT]:	[Parent:00007ff6544c1583] >> Wrtiting [2048 bytes(s)->4 block(s)] to LBA[225407(257161216)-225411(257169408)]
[SHELL OUT]:	Closing Disk Interface >> {C:/GitHub/BlockyOS/Build/Build-nodate/disk.img}
[SHELL OUT]:	Adding FS Table Entry: [15121476452216174457:138364061859062], Type: FILE
[SHELL OUT]:		Writing 0x00-Block: 225408
[SHELL OUT]:	[Parent:00007ff6544c0614] >>  C:/GitHub/BlockyOS/Build/Build-nodate/disk.img  Base: 133120    ConfBlockSize: 2048    Starting Disk Env ID: 
[SHELL OUT]:	Writing Bytes
[SHELL OUT]:	[Parent:00007ff6544c0640] >> Wrtiting [2048 bytes(s)->4 block(s)] to LBA[225408(257163264)-225412(257171456)]
[SHELL OUT]:	Closing Disk Interface >> {C:/GitHub/BlockyOS/Build/Build-nodate/disk.img}
[SHELL OUT]:	Writing File Block at 225408, Item: 12.	Root: [15121476452216174457:138364061859062]
[SHELL OUT]:	[Parent:00007ff6544c1557] >>  C:/GitHub/BlockyOS/Build/Build-nodate/disk.img  Base: 133120    ConfBlockSize: 2048    Starting Disk Env ID: 
[SHELL OUT]:	Writing Bytes
[SHELL OUT]:	[Parent:00007ff6544c1583] >> Wrtiting [2048 bytes(s)->4 block(s)] to LBA[225408(257163264)-225412(257171456)]
[SHELL OUT]:	Closing Disk Interface >> {C:/GitHub/BlockyOS/Build/Build-nodate/disk.img}
[SHELL OUT]:	Adding FS Table Entry: [15121476452216174457:138364061859062], Type: FILE
[SHELL OUT]:		Writing 0x00-Block: 225409
[SHELL OUT]:	[Parent:00007ff6544c0614] >>  C:/GitHub/BlockyOS/Build/Build-nodate/disk.img  Base: 133120    ConfBlockSize: 2048    Starting Disk Env ID: 
[SHELL OUT]:	Writing Bytes
[SHELL OUT]:	[Parent:00007ff6544c0640] >> Wrtiting [2048 bytes(s)->4 block(s)] to LBA[225409(257165312)-225413(257173504)]
[SHELL OUT]:	Closing Disk Interface >> {C:/GitHub/BlockyOS/Build/Build-nodate/disk.img}
[SHELL OUT]:	Writing File Block at 225409, Item: 13.	Root: [15121476452216174457:138364061859062]
[SHELL OUT]:	[Parent:00007ff6544c1557] >>  C:/GitHub/BlockyOS/Build/Build-nodate/disk.img  Base: 133120    ConfBlockSize: 2048    Starting Disk Env ID: 
[SHELL OUT]:	Writing Bytes
[SHELL OUT]:	[Parent:00007ff6544c1583] >> Wrtiting [2048 bytes(s)->4 block(s)] to LBA[225409(257165312)-225413(257173504)]
[SHELL OUT]:	Closing Disk Interface >> {C:/GitHub/BlockyOS/Build/Build-nodate/disk.img}
[SHELL OUT]:	Adding FS Table Entry: [15121476452216174457:138364061859062], Type: FILE
[SHELL OUT]:		Writing 0x00-Block: 225410
[SHELL OUT]:	[Parent:00007ff6544c0614] >>  C:/GitHub/BlockyOS/Build/Build-nodate/disk.img  Base: 133120    ConfBlockSize: 2048    Starting Disk Env ID: 
[SHELL OUT]:	Writing Bytes
[SHELL OUT]:	[Parent:00007ff6544c0640] >> Wrtiting [2048 bytes(s)->4 block(s)] to LBA[225410(257167360)-225414(257175552)]
[SHELL OUT]:	Closing Disk Interface >> {C:/GitHub/BlockyOS/Build/Build-nodate/disk.img}
[SHELL OUT]:	Writing File Block at 225410, Item: 14.	Root: [15121476452216174457:138364061859062]
[SHELL OUT]:	[Parent:00007ff6544c1557] >>  C:/GitHub/BlockyOS/Build/Build-nodate/disk.img  Base: 133120    ConfBlockSize: 2048    Starting Disk Env ID: 
[SHELL OUT]:	Writing Bytes
[SHELL OUT]:	[Parent:00007ff6544c1583] >> Wrtiting [2048 bytes(s)->4 block(s)] to LBA[225410(257167360)-225414(257175552)]
[SHELL OUT]:	Closing Disk Interface >> {C:/GitHub/BlockyOS/Build/Build-nodate/disk.img}
[SHELL OUT]:	Adding FS Table Entry: [15121476452216174457:138364061859062], Type: FILE
[SHELL OUT]:		Writing 0x00-Block: 225411
[SHELL OUT]:	[Parent:00007ff6544c0614] >>  C:/GitHub/BlockyOS/Build/Build-nodate/disk.img  Base: 133120    ConfBlockSize: 2048    Starting Disk Env ID: 
[SHELL OUT]:	Writing Bytes
[SHELL OUT]:	[Parent:00007ff6544c0640] >> Wrtiting [2048 bytes(s)->4 block(s)] to LBA[225411(257169408)-225415(257177600)]
[SHELL OUT]:	Closing Disk Interface >> {C:/GitHub/BlockyOS/Build/Build-nodate/disk.img}
[SHELL OUT]:	Writing File Block at 225411, Item: 15.	Root: [15121476452216174457:138364061859062]
[SHELL OUT]:	[Parent:00007ff6544c1557] >>  C:/GitHub/BlockyOS/Build/Build-nodate/disk.img  Base: 133120    ConfBlockSize: 2048    Starting Disk Env ID: 
[SHELL OUT]:	Writing Bytes
[SHELL OUT]:	[Parent:00007ff6544c1583] >> Wrtiting [2048 bytes(s)->4 block(s)] to LBA[225411(257169408)-225415(257177600)]
[SHELL OUT]:	Closing Disk Interface >> {C:/GitHub/BlockyOS/Build/Build-nodate/disk.img}
[SHELL OUT]:	Adding FS Table Entry: [15121476452216174457:138364061859062], Type: FILE
[SHELL OUT]:		Writing 0x00-Block: 225412
[SHELL OUT]:	[Parent:00007ff6544c0614] >>  C:/GitHub/BlockyOS/Build/Build-nodate/disk.img  Base: 133120    ConfBlockSize: 2048    Starting Disk Env ID: 
[SHELL OUT]:	Writing Bytes
[SHELL OUT]:	[Parent:00007ff6544c0640] >> Wrtiting [2048 bytes(s)->4 block(s)] to LBA[225412(257171456)-225416(257179648)]
[SHELL OUT]:	Closing Disk Interface >> {C:/GitHub/BlockyOS/Build/Build-nodate/disk.img}
[SHELL OUT]:	Writing File Block at 225412, Item: 16.	Root: [15121476452216174457:138364061859062]
[SHELL OUT]:	[Parent:00007ff6544c1557] >>  C:/GitHub/BlockyOS/Build/Build-nodate/disk.img  Base: 133120    ConfBlockSize: 2048    Starting Disk Env ID: 
[SHELL OUT]:	Writing Bytes
[SHELL OUT]:	[Parent:00007ff6544c1583] >> Wrtiting [2048 bytes(s)->4 block(s)] to LBA[225412(257171456)-225416(257179648)]
[SHELL OUT]:	Closing Disk Interface >> {C:/GitHub/BlockyOS/Build/Build-nodate/disk.img}
[SHELL OUT]:	Adding FS Table Entry: [15121476452216174457:138364061859062], Type: FILE
[SHELL OUT]:		Writing 0x00-Block: 225413
[SHELL OUT]:	[Parent:00007ff6544c0614] >>  C:/GitHub/BlockyOS/Build/Build-nodate/disk.img  Base: 133120    ConfBlockSize: 2048    Starting Disk Env ID: 
[SHELL OUT]:	Writing Bytes
[SHELL OUT]:	[Parent:00007ff6544c0640] >> Wrtiting [2048 bytes(s)->4 block(s)] to LBA[225413(257173504)-225417(257181696)]
[SHELL OUT]:	Closing Disk Interface >> {C:/GitHub/BlockyOS/Build/Build-nodate/disk.img}
[SHELL OUT]:	Writing File Block at 225413, Item: 17.	Root: [15121476452216174457:138364061859062]
[SHELL OUT]:	[Parent:00007ff6544c1557] >>  C:/GitHub/BlockyOS/Build/Build-nodate/disk.img  Base: 133120    ConfBlockSize: 2048    Starting Disk Env ID: 
[SHELL OUT]:	Writing Bytes
[SHELL OUT]:	[Parent:00007ff6544c1583] >> Wrtiting [2048 bytes(s)->4 block(s)] to LBA[225413(257173504)-225417(257181696)]
[SHELL OUT]:	Closing Disk Interface >> {C:/GitHub/BlockyOS/Build/Build-nodate/disk.img}
[SHELL OUT]:	Adding FS Table Entry: [15121476452216174457:138364061859062], Type: FILE
[SHELL OUT]:		Writing 0x00-Block: 225414
[SHELL OUT]:	[Parent:00007ff6544c0614] >>  C:/GitHub/BlockyOS/Build/Build-nodate/disk.img  Base: 133120    ConfBlockSize: 2048    Starting Disk Env ID: 
[SHELL OUT]:	Writing Bytes
[SHELL OUT]:	[Parent:00007ff6544c0640] >> Wrtiting [2048 bytes(s)->4 block(s)] to LBA[225414(257175552)-225418(257183744)]
[SHELL OUT]:	Closing Disk Interface >> {C:/GitHub/BlockyOS/Build/Build-nodate/disk.img}
[SHELL OUT]:	Writing File Block at 225414, Item: 18.	Root: [15121476452216174457:138364061859062]
[SHELL OUT]:	[Parent:00007ff6544c1557] >>  C:/GitHub/BlockyOS/Build/Build-nodate/disk.img  Base: 133120    ConfBlockSize: 2048    Starting Disk Env ID: 
[SHELL OUT]:	Writing Bytes
[SHELL OUT]:	[Parent:00007ff6544c1583] >> Wrtiting [2048 bytes(s)->4 block(s)] to LBA[225414(257175552)-225418(257183744)]
[SHELL OUT]:	Closing Disk Interface >> {C:/GitHub/BlockyOS/Build/Build-nodate/disk.img}
[SHELL OUT]:	Adding FS Table Entry: [15121476452216174457:138364061859062], Type: FILE
[SHELL OUT]:		Writing 0x00-Block: 225415
[SHELL OUT]:	[Parent:00007ff6544c0614] >>  C:/GitHub/BlockyOS/Build/Build-nodate/disk.img  Base: 133120    ConfBlockSize: 2048    Starting Disk Env ID: 
[SHELL OUT]:	Writing Bytes
[SHELL OUT]:	[Parent:00007ff6544c0640] >> Wrtiting [2048 bytes(s)->4 block(s)] to LBA[225415(257177600)-225419(257185792)]
[SHELL OUT]:	Closing Disk Interface >> {C:/GitHub/BlockyOS/Build/Build-nodate/disk.img}
[SHELL OUT]:	Writing File Block at 225415, Item: 19.	Root: [15121476452216174457:138364061859062]
[SHELL OUT]:	[Parent:00007ff6544c1557] >>  C:/GitHub/BlockyOS/Build/Build-nodate/disk.img  Base: 133120    ConfBlockSize: 2048    Starting Disk Env ID: 
[SHELL OUT]:	Writing Bytes
[SHELL OUT]:	[Parent:00007ff6544c1583] >> Wrtiting [2048 bytes(s)->4 block(s)] to LBA[225415(257177600)-225419(257185792)]
[SHELL OUT]:	Closing Disk Interface >> {C:/GitHub/BlockyOS/Build/Build-nodate/disk.img}
[SHELL OUT]:	Adding FS Table Entry: [15121476452216174457:138364061859062], Type: FILE
[SHELL OUT]:		Writing 0x00-Block: 225416
[SHELL OUT]:	[Parent:00007ff6544c0614] >>  C:/GitHub/BlockyOS/Build/Build-nodate/disk.img  Base: 133120    ConfBlockSize: 2048    Starting Disk Env ID: 
[SHELL OUT]:	Writing Bytes
[SHELL OUT]:	[Parent:00007ff6544c0640] >> Wrtiting [2048 bytes(s)->4 block(s)] to LBA[225416(257179648)-225420(257187840)]
[SHELL OUT]:	Closing Disk Interface >> {C:/GitHub/BlockyOS/Build/Build-nodate/disk.img}
[SHELL OUT]:	Writing File Block at 225416, Item: 20.	Root: [15121476452216174457:138364061859062]
[SHELL OUT]:	[Parent:00007ff6544c1557] >>  C:/GitHub/BlockyOS/Build/Build-nodate/disk.img  Base: 133120    ConfBlockSize: 2048    Starting Disk Env ID: 
[SHELL OUT]:	Writing Bytes
[SHELL OUT]:	[Parent:00007ff6544c1583] >> Wrtiting [2048 bytes(s)->4 block(s)] to LBA[225416(257179648)-225420(257187840)]
[SHELL OUT]:	Closing Disk Interface >> {C:/GitHub/BlockyOS/Build/Build-nodate/disk.img}
[SHELL OUT]:	Adding FS Table Entry: [15121476452216174457:138364061859062], Type: FILE
[SHELL OUT]:		Writing 0x00-Block: 225417
[SHELL OUT]:	[Parent:00007ff6544c0614] >>  C:/GitHub/BlockyOS/Build/Build-nodate/disk.img  Base: 133120    ConfBlockSize: 2048    Starting Disk Env ID: 
[SHELL OUT]:	Writing Bytes
[SHELL OUT]:	[Parent:00007ff6544c0640] >> Wrtiting [2048 bytes(s)->4 block(s)] to LBA[225417(257181696)-225421(257189888)]
[SHELL OUT]:	Closing Disk Interface >> {C:/GitHub/BlockyOS/Build/Build-nodate/disk.img}
[SHELL OUT]:	Writing File Block at 225417, Item: 21.	Root: [15121476452216174457:138364061859062]
[SHELL OUT]:	[Parent:00007ff6544c1557] >>  C:/GitHub/BlockyOS/Build/Build-nodate/disk.img  Base: 133120    ConfBlockSize: 2048    Starting Disk Env ID: 
[SHELL OUT]:	Writing Bytes
[SHELL OUT]:	[Parent:00007ff6544c1583] >> Wrtiting [2048 bytes(s)->4 block(s)] to LBA[225417(257181696)-225421(257189888)]
[SHELL OUT]:	Closing Disk Interface >> {C:/GitHub/BlockyOS/Build/Build-nodate/disk.img}
[SHELL OUT]:	Adding FS Table Entry: [15121476452216174457:138364061859062], Type: FILE
[SHELL OUT]:		Writing 0x00-Block: 225418
[SHELL OUT]:	[Parent:00007ff6544c0614] >>  C:/GitHub/BlockyOS/Build/Build-nodate/disk.img  Base: 133120    ConfBlockSize: 2048    Starting Disk Env ID: 
[SHELL OUT]:	Writing Bytes
[SHELL OUT]:	[Parent:00007ff6544c0640] >> Wrtiting [2048 bytes(s)->4 block(s)] to LBA[225418(257183744)-225422(257191936)]
[SHELL OUT]:	Closing Disk Interface >> {C:/GitHub/BlockyOS/Build/Build-nodate/disk.img}
[SHELL OUT]:	Writing File Block at 225418, Item: 22.	Root: [15121476452216174457:138364061859062]
[SHELL OUT]:	[Parent:00007ff6544c1557] >>  C:/GitHub/BlockyOS/Build/Build-nodate/disk.img  Base: 133120    ConfBlockSize: 2048    Starting Disk Env ID: 
[SHELL OUT]:	Writing Bytes
[SHELL OUT]:	[Parent:00007ff6544c1583] >> Wrtiting [2048 bytes(s)->4 block(s)] to LBA[225418(257183744)-225422(257191936)]
[SHELL OUT]:	Closing Disk Interface >> {C:/GitHub/BlockyOS/Build/Build-nodate/disk.img}
[SHELL OUT]:	Adding FS Table Entry: [15121476452216174457:138364061859062], Type: FILE
[SHELL OUT]:		Writing 0x00-Block: 225419
[SHELL OUT]:	[Parent:00007ff6544c0614] >>  C:/GitHub/BlockyOS/Build/Build-nodate/disk.img  Base: 133120    ConfBlockSize: 2048    Starting Disk Env ID: 
[SHELL OUT]:	Writing Bytes
[SHELL OUT]:	[Parent:00007ff6544c0640] >> Wrtiting [2048 bytes(s)->4 block(s)] to LBA[225419(257185792)-225423(257193984)]
[SHELL OUT]:	Closing Disk Interface >> {C:/GitHub/BlockyOS/Build/Build-nodate/disk.img}
[SHELL OUT]:	Writing File Block at 225419, Item: 23.	Root: [15121476452216174457:138364061859062]
[SHELL OUT]:	[Parent:00007ff6544c1557] >>  C:/GitHub/BlockyOS/Build/Build-nodate/disk.img  Base: 133120    ConfBlockSize: 2048    Starting Disk Env ID: 
[SHELL OUT]:	Writing Bytes
[SHELL OUT]:	[Parent:00007ff6544c1583] >> Wrtiting [2048 bytes(s)->4 block(s)] to LBA[225419(257185792)-225423(257193984)]
[SHELL OUT]:	Closing Disk Interface >> {C:/GitHub/BlockyOS/Build/Build-nodate/disk.img}
[SHELL OUT]:	Adding FS Table Entry: [15121476452216174457:138364061859062], Type: FILE
[SHELL OUT]:		Writing 0x00-Block: 225420
[SHELL OUT]:	[Parent:00007ff6544c0614] >>  C:/GitHub/BlockyOS/Build/Build-nodate/disk.img  Base: 133120    ConfBlockSize: 2048    Starting Disk Env ID: 
[SHELL OUT]:	Writing Bytes
[SHELL OUT]:	[Parent:00007ff6544c0640] >> Wrtiting [2048 bytes(s)->4 block(s)] to LBA[225420(257187840)-225424(257196032)]
[SHELL OUT]:	Closing Disk Interface >> {C:/GitHub/BlockyOS/Build/Build-nodate/disk.img}
[SHELL OUT]:	Writing File Block at 225420, Item: 24.	Root: [15121476452216174457:138364061859062]
[SHELL OUT]:	[Parent:00007ff6544c1557] >>  C:/GitHub/BlockyOS/Build/Build-nodate/disk.img  Base: 133120    ConfBlockSize: 2048    Starting Disk Env ID: 
[SHELL OUT]:	Writing Bytes
[SHELL OUT]:	[Parent:00007ff6544c1583] >> Wrtiting [2048 bytes(s)->4 block(s)] to LBA[225420(257187840)-225424(257196032)]
[SHELL OUT]:	Closing Disk Interface >> {C:/GitHub/BlockyOS/Build/Build-nodate/disk.img}
[SHELL OUT]:	Adding FS Table Entry: [15121476452216174457:138364061859062], Type: FILE
[SHELL OUT]:		Writing 0x00-Block: 225421
[SHELL OUT]:	[Parent:00007ff6544c0614] >>  C:/GitHub/BlockyOS/Build/Build-nodate/disk.img  Base: 133120    ConfBlockSize: 2048    Starting Disk Env ID: 
[SHELL OUT]:	Writing Bytes
[SHELL OUT]:	[Parent:00007ff6544c0640] >> Wrtiting [2048 bytes(s)->4 block(s)] to LBA[225421(257189888)-225425(257198080)]
[SHELL OUT]:	Closing Disk Interface >> {C:/GitHub/BlockyOS/Build/Build-nodate/disk.img}
[SHELL OUT]:	Writing File Block at 225421, Item: 25.	Root: [15121476452216174457:138364061859062]
[SHELL OUT]:	[Parent:00007ff6544c1557] >>  C:/GitHub/BlockyOS/Build/Build-nodate/disk.img  Base: 133120    ConfBlockSize: 2048    Starting Disk Env ID: 
[SHELL OUT]:	Writing Bytes
[SHELL OUT]:	[Parent:00007ff6544c1583] >> Wrtiting [2048 bytes(s)->4 block(s)] to LBA[225421(257189888)-225425(257198080)]
[SHELL OUT]:	Closing Disk Interface >> {C:/GitHub/BlockyOS/Build/Build-nodate/disk.img}
[SHELL OUT]:	[0]: ""
Initializing CGCC.MAKE build process...
Skipping C:\GitHub\BlockyOS\src\kernel\services\IO\IO.c - up to date; source=2026-09-16T16:38:35.5854557Z, stored=09/16/2026 16:38:35
Stale source detected for C:\GitHub\BlockyOS\Build\Build-nodate\root-part\libcrt.dll. source=2026-10-02T00:05:12.3954554Z, stored=10/01/2026 00:01:00, delta=+22896252.395 sec
Compiled and updated timestamp for C:\GitHub\BlockyOS\Build\Build-nodate\root-part\libcrt.dll
Skipping C:\GitHub\BlockyOS\src\kernel\services\IO\IO.def - up to date; source=2026-09-16T21:00:02.8766014Z, stored=09/16/2026 21:00:02
gcc compile/cache/c.IO.o Build/Build-nodate/root-part/libcrt.dll src/kernel/services/IO/IO.def -Wl,-nostdlib -Wl,-shared -Wl,-flinker-output=dyn -Wl,-Bsymbolic -Wl,--out-implib,C:/GitHub/BlockyOS/Build/Build-nodate/root-part/services/IO.dll.a -Wl,-Map,C:\GitHub\BlockyOS\src\kernel\services\IO\alibcrt.map -fdiagnostics-color=always -fno-diagnostics-show-highlight-colors -nostartfiles -nodefaultlibs -fno-asynchronous-unwind-tables -fno-unwind-tables -o C:/GitHub/BlockyOS/Build/Build-nodate/root-part/services/IO.dll
Build finished successfully -> C:/GitHub/BlockyOS/Build/Build-nodate/root-part/services/IO.dll


[SHELL]	FSFRAT.MAKE
[SHELL]	FSFRAT.MOUNT
[SHELL]	e.disk -pp C:/GitHub/BlockyOS/Build/Build-nodate/disk.img -pt ROOT -bs 2048 -lb 32 -v 1:0
[SHELL OUT]:	
[SHELL OUT]:	FSFRAT DRIVER
[SHELL OUT]:	>> 
[SHELL OUT]:	[C:\GitHub\BlockyOS\tools\filesystem\frat.c:196]  >>  Mounting FS Root: [C:/GitHub/BlockyOS/Build/Build-nodate/disk.img]
[SHELL OUT]:	Verifying Disk GPT
[SHELL OUT]:	[Parent:00007ff641c7d8ff] >>  C:/GitHub/BlockyOS/Build/Build-nodate/disk.img  Base: 0    ConfBlockSize: 512    Starting Disk Env ID: 
[SHELL OUT]:	Reading Bytes
[SHELL OUT]:	[Parent:00007ff641c7d91a] >> Reading [92 bytes(s)->1 block(s)] from LBA[1(512)-2(1024)]
[SHELL OUT]:	GPT Dump:
[SHELL OUT]:	    Sig: "EFI PART"
[SHELL OUT]:	    Rev: 65536
[SHELL OUT]:	    Header-Size: 92
[SHELL OUT]:	    Header Checksum: 2621714706
[SHELL OUT]:	    localLBA: 1
[SHELL OUT]:	    altLBA: 2230273
[SHELL OUT]:	    firstUsable: 2048
[SHELL OUT]:	    lastUsable: 2230271
[SHELL OUT]:	    Disk-GUID: 
[SHELL OUT]:	    Partition-Table: 2
[SHELL OUT]:	    # of Partition-Entries: 2
[SHELL OUT]:	    Partition-Entry Size: 128
[SHELL OUT]:	    Partition-Table Checksum: 896708427
[SHELL OUT]:	Closing Disk Interface >> {C:/GitHub/BlockyOS/Build/Build-nodate/disk.img}
[SHELL OUT]:	GPT Exists? true
[SHELL OUT]:	[Parent:00007ff641c7eed9] >>  C:/GitHub/BlockyOS/Build/Build-nodate/disk.img  Base: 0    ConfBlockSize: 512    Starting Disk Env ID: 
[SHELL OUT]:	Reading Bytes
[SHELL OUT]:	[Parent:00007ff641c7eefa] >> Reading [92 bytes(s)->1 block(s)] from LBA[1(512)-2(1024)]
[SHELL OUT]:	[C:\GitHub\BlockyOS\tools\filesystem\frat.c:137]  >>  Querying Part Table
[SHELL OUT]:	Reading Bytes
[SHELL OUT]:	[Parent:00007ff641c7e73d] >> Reading [256 bytes(s)->1 block(s)] from LBA[2(1024)-3(1536)]
[SHELL OUT]:	[C:\GitHub\BlockyOS\tools\filesystem\frat.c:145]  >>  GPT-Entry: BOOT{2048:133119 -> 131071}
[SHELL OUT]:	[C:\GitHub\BlockyOS\tools\filesystem\frat.c:159]  >>  Querying FS at 2048
[SHELL OUT]:	Reading Bytes
[SHELL OUT]:	[Parent:00007ff641c7ebe1] >> Reading [60 bytes(s)->1 block(s)] from LBA[2048(1048576)-2049(1049088)]
[SHELL OUT]:	FS-Root Blob:
[SHELL OUT]:	    Version: [0:131072]
[SHELL OUT]:	    Sig: 
[SHELL OUT]:	    Configured Log Sectors: 2
[SHELL OUT]:	    Configured Block Size: 0
[SHELL OUT]:	    Configured Cluster-Map Size: 16711743
[SHELL OUT]:	[C:\GitHub\BlockyOS\tools\filesystem\frat.c:145]  >>  GPT-Entry: ROOT{133120:2230271 -> 2097151}
[SHELL OUT]:	[C:\GitHub\BlockyOS\tools\filesystem\frat.c:159]  >>  Querying FS at 133120
[SHELL OUT]:	Reading Bytes
[SHELL OUT]:	[Parent:00007ff641c7ebe1] >> Reading [60 bytes(s)->1 block(s)] from LBA[133120(68157440)-133121(68157952)]
[SHELL OUT]:	FS-Root Blob:
[SHELL OUT]:	    Version: [0:1]
[SHELL OUT]:	    Sig: FRAT_FILESYSTEM
[SHELL OUT]:	    Configured Log Sectors: 32
[SHELL OUT]:	    Configured Block Size: 2048
[SHELL OUT]:	    Configured Cluster-Map Size: 20480
[SHELL OUT]:	[C:\GitHub\BlockyOS\tools\filesystem\frat.c:184]  >>  FS Found at [133120]:
[SHELL OUT]:		Version-Code: [0:1]
[SHELL OUT]:		Configured Block-Size: 2048
[SHELL OUT]:		Configured Cluster-Size: 20480
[SHELL OUT]:		Configured # of Log-Sectors: 32
[SHELL OUT]:		Configured Log-Size: 576
[SHELL OUT]:	[C:\GitHub\BlockyOS\tools\filesystem\frat.c:210]  >>  Found Formatted Partition: 133120:2230271 -> 2097151
[SHELL OUT]:	Reading Bytes
[SHELL OUT]:	[Parent:00007ff641c7f05b] >> Reading [60 bytes(s)->1 block(s)] from LBA[133120(68157440)-133121(68157952)]
[SHELL OUT]:	[C:\GitHub\BlockyOS\tools\filesystem\frat.c:223]  >>  Root: 133120:2230271 -> 2097151 LBAs
[SHELL OUT]:		Version-Code: [0:1]
[SHELL OUT]:		Configured Block-Size: 2048
[SHELL OUT]:		Configured Cluster-Size: 20480
[SHELL OUT]:		Configured # of Log-Sectors: 20480
[SHELL OUT]:		Configured Log-Size: 32
[SHELL OUT]:	Reading Bytes
[SHELL OUT]:	[Parent:00007ff641c7f39f] >> Reading [65536 bytes(s)->128 block(s)] from LBA[133121(68159488)-133249(68421632)]
[SHELL OUT]:	Reading Bytes
[SHELL OUT]:	[Parent:00007ff641c7f44b] >> Reading [20480 bytes(s)->40 block(s)] from LBA[202752(210763776)-202792(210845696)]
[SHELL OUT]:	    Verifying FS Root Items #items: 1024
[SHELL OUT]:	Reading Bytes
[SHELL OUT]:	[Parent:00007ff641c7f6be] >> Reading [512 bytes(s)->4 block(s)] from LBA[225280(256901120)-225284(256909312)]
[SHELL OUT]:	Reading Bytes
[SHELL OUT]:	[Parent:00007ff641c7f6be] >> Reading [512 bytes(s)->4 block(s)] from LBA[225281(256903168)-225285(256911360)]
[SHELL OUT]:	Reading Bytes
[SHELL OUT]:	[Parent:00007ff641c7f6be] >> Reading [512 bytes(s)->4 block(s)] from LBA[225396(257138688)-225400(257146880)]
[SHELL OUT]:	Reading Bytes
[SHELL OUT]:	[Parent:00007ff641c7f6be] >> Reading [512 bytes(s)->4 block(s)] from LBA[225422(257191936)-225426(257200128)]
[SHELL OUT]:	Reading Bytes
[SHELL OUT]:	[Parent:00007ff641c7f6be] >> Reading [512 bytes(s)->4 block(s)] from LBA[225431(257210368)-225435(257218560)]
[SHELL OUT]:	Reading Bytes
[SHELL OUT]:	[Parent:00007ff641c7f6be] >> Reading [512 bytes(s)->4 block(s)] from LBA[225446(257241088)-225450(257249280)]
[SHELL OUT]:	Closing Disk Interface >> {C:/GitHub/BlockyOS/Build/Build-nodate/disk.img}
[SHELL OUT]:	[Parent:00007ff641c81926] >>  C:/GitHub/BlockyOS/Build/Build-nodate/disk.img  Base: 133120    ConfBlockSize: 2048    Starting Disk Env ID: 
[SHELL OUT]:	Writing Bytes
[SHELL OUT]:	[Parent:00007ff641c8194f] >> Wrtiting [60 bytes(s)->4 block(s)] to LBA[133120(68157440)-133124(68165632)]
[SHELL OUT]:	Writing Bytes
[SHELL OUT]:	[Parent:00007ff641c81997] >> Wrtiting [20480 bytes(s)->40 block(s)] to LBA[202752(210763776)-202792(210845696)]
[SHELL OUT]:	Closing Disk Interface >> {C:/GitHub/BlockyOS/Build/Build-nodate/disk.img}
[SHELL OUT]:	[0]: ""
[SHELL]	create -la fc -p SYSD/ -n IO.dll
[SHELL OUT]:	
[SHELL OUT]:	>> 
[SHELL OUT]:	>> 
[SHELL OUT]:	0000020249685e9b:fc	0000020249685ea1:SYSD/	0000020249685eaa:IO.dll	
[SHELL OUT]:	[	SYSD/IO.dll]
[SHELL OUT]:	Mounting File [SYSD/IO.dll] with "fc"
[SHELL OUT]:	Creating File at: ./SYSD/IO.dll
[SHELL OUT]:	Root is 0000020249689000
[SHELL OUT]:		Fcode: [1742780011519050388:147156532550678]
[SHELL OUT]:	Mounting Dir [SYSD] with Args: "dc"
[SHELL OUT]:	Root is 0000020249689000
[SHELL OUT]:	Refreshing Dir SYSD
[SHELL OUT]:	[Parent:00007ff641c81a38] >>  C:/GitHub/BlockyOS/Build/Build-nodate/disk.img  Base: 133120    ConfBlockSize: 2048    Starting Disk Env ID: 
[SHELL OUT]:	Reading Bytes
[SHELL OUT]:	[Parent:00007ff641c81ae0] >> Reading [2048 bytes(s)->4 block(s)] from LBA[225282(256905216)-225286(256913408)]
[SHELL OUT]:	Closing Disk Interface >> {C:/GitHub/BlockyOS/Build/Build-nodate/disk.img}
[SHELL OUT]:	Adding Entry:[1742780011519050388:147156532550678] to Dir [SYSD:[655946151726387169:223579696255234]
[SHELL OUT]:	Refreshing Dir SYSD
[SHELL OUT]:	[Parent:00007ff641c81a38] >>  C:/GitHub/BlockyOS/Build/Build-nodate/disk.img  Base: 133120    ConfBlockSize: 2048    Starting Disk Env ID: 
[SHELL OUT]:	Reading Bytes
[SHELL OUT]:	[Parent:00007ff641c81ae0] >> Reading [2048 bytes(s)->4 block(s)] from LBA[225282(256905216)-225286(256913408)]
[SHELL OUT]:	Closing Disk Interface >> {C:/GitHub/BlockyOS/Build/Build-nodate/disk.img}
[SHELL OUT]:	Un-Mounting Directory [SYSD]
[SHELL OUT]:	[Parent:00007ff641c817ad] >>  C:/GitHub/BlockyOS/Build/Build-nodate/disk.img  Base: 133120    ConfBlockSize: 2048    Starting Disk Env ID: 
[SHELL OUT]:	[Parent:00007ff641c81926] >>  C:/GitHub/BlockyOS/Build/Build-nodate/disk.img  Base: 133120    ConfBlockSize: 2048    Starting Disk Env ID: 
[SHELL OUT]:	Writing Bytes
[SHELL OUT]:	[Parent:00007ff641c8194f] >> Wrtiting [60 bytes(s)->4 block(s)] to LBA[133120(68157440)-133124(68165632)]
[SHELL OUT]:	Writing Bytes
[SHELL OUT]:	[Parent:00007ff641c81997] >> Wrtiting [20480 bytes(s)->40 block(s)] to LBA[202752(210763776)-202792(210845696)]
[SHELL OUT]:	Closing Disk Interface >> {C:/GitHub/BlockyOS/Build/Build-nodate/disk.img}
[SHELL OUT]:	Writing Bytes
[SHELL OUT]:	[Parent:00007ff641c818a4] >> Wrtiting [2048 bytes(s)->4 block(s)] to LBA[225282(256905216)-225286(256913408)]
[SHELL OUT]:	Closing Disk Interface >> {C:/GitHub/BlockyOS/Build/Build-nodate/disk.img}
[SHELL OUT]:	Initialising File MetaData: ./\SYSD/IO.dll
[SHELL OUT]:	[Parent:00007ff641c80a32] >>  C:/GitHub/BlockyOS/Build/Build-nodate/disk.img  Base: 133120    ConfBlockSize: 2048    Starting Disk Env ID: 
[SHELL OUT]:	Writing Bytes
[SHELL OUT]:	[Parent:00007ff641c80a71] >> Wrtiting [512 bytes(s)->4 block(s)] to LBA[225560(257474560)-225564(257482752)]
[SHELL OUT]:	Closing Disk Interface >> {C:/GitHub/BlockyOS/Build/Build-nodate/disk.img}
[SHELL OUT]:	Root is 0000020249689000
[SHELL OUT]:	Un-Mounting File [1742780011519050388:147156532550678]
[SHELL OUT]:	[Parent:00007ff641c81926] >>  C:/GitHub/BlockyOS/Build/Build-nodate/disk.img  Base: 133120    ConfBlockSize: 2048    Starting Disk Env ID: 
[SHELL OUT]:	Writing Bytes
[SHELL OUT]:	[Parent:00007ff641c8194f] >> Wrtiting [60 bytes(s)->4 block(s)] to LBA[133120(68157440)-133124(68165632)]
[SHELL OUT]:	Writing Bytes
[SHELL OUT]:	[Parent:00007ff641c81997] >> Wrtiting [20480 bytes(s)->40 block(s)] to LBA[202752(210763776)-202792(210845696)]
[SHELL OUT]:	Closing Disk Interface >> {C:/GitHub/BlockyOS/Build/Build-nodate/disk.img}
[SHELL OUT]:	[0]: ""
[SHELL]	FSFRAT.OPEN
[SHELL]	open -p SYSD/IO.dll -a IO -la f
[SHELL OUT]:	
[SHELL OUT]:	>> 
[SHELL OUT]:	>> 
[SHELL OUT]:	Mounting File [SYSD/IO.dll] with "f"
[SHELL OUT]:	Root is 0000020249689000
[SHELL OUT]:	[0]: ""
[SHELL]	FSFRAT.WRITE
[SHELL]	fwrite -pp C:/GitHub/BlockyOS/Build/Build-nodate/root-part/services/IO.dll -ia %IO% -p 0 -n 0
[SHELL OUT]:	
[SHELL OUT]:	>> 
[SHELL OUT]:	>> 
[SHELL OUT]:	[Parent:00007ff641c81f16] >>  C:/GitHub/BlockyOS/Build/Build-nodate/disk.img  Base: 133120    ConfBlockSize: 2048    Starting Disk Env ID: 
[SHELL OUT]:	[Parent:00007ff641c81e53] >>  C:/GitHub/BlockyOS/Build/Build-nodate/disk.img  Base: 133120    ConfBlockSize: 2048    Starting Disk Env ID: 
[SHELL OUT]:	Reading File Info
[SHELL OUT]:	Reading Bytes
[SHELL OUT]:	[Parent:00007ff641c81ec2] >> Reading [512 bytes(s)->4 block(s)] from LBA[225560(257474560)-225564(257482752)]
[SHELL OUT]:	Closing Disk Interface >> {C:/GitHub/BlockyOS/Build/Build-nodate/disk.img}
[SHELL OUT]:	Writing Bytes
[SHELL OUT]:	[Parent:00007ff641c82010] >> Wrtiting [512 bytes(s)->4 block(s)] to LBA[225560(257474560)-225564(257482752)]
[SHELL OUT]:	Closing Disk Interface >> {C:/GitHub/BlockyOS/Build/Build-nodate/disk.img}
[SHELL OUT]:	Root is 0000020249689000
[SHELL OUT]:	Adding FS Table Entry: [1742780011519050388:147156532550678], Type: FILE
[SHELL OUT]:		Writing 0x00-Block: 225561
[SHELL OUT]:	[Parent:00007ff641c80614] >>  C:/GitHub/BlockyOS/Build/Build-nodate/disk.img  Base: 133120    ConfBlockSize: 2048    Starting Disk Env ID: 
[SHELL OUT]:	Writing Bytes
[SHELL OUT]:	[Parent:00007ff641c80640] >> Wrtiting [2048 bytes(s)->4 block(s)] to LBA[225561(257476608)-225565(257484800)]
[SHELL OUT]:	Closing Disk Interface >> {C:/GitHub/BlockyOS/Build/Build-nodate/disk.img}
[SHELL OUT]:	Writing File Block at 225561, Item: 1.	Root: [1742780011519050388:147156532550678]
[SHELL OUT]:	[Parent:00007ff641c81557] >>  C:/GitHub/BlockyOS/Build/Build-nodate/disk.img  Base: 133120    ConfBlockSize: 2048    Starting Disk Env ID: 
[SHELL OUT]:	Writing Bytes
[SHELL OUT]:	[Parent:00007ff641c81583] >> Wrtiting [2048 bytes(s)->4 block(s)] to LBA[225561(257476608)-225565(257484800)]
[SHELL OUT]:	Closing Disk Interface >> {C:/GitHub/BlockyOS/Build/Build-nodate/disk.img}
[SHELL OUT]:	Adding FS Table Entry: [1742780011519050388:147156532550678], Type: FILE
[SHELL OUT]:		Writing 0x00-Block: 225562
[SHELL OUT]:	[Parent:00007ff641c80614] >>  C:/GitHub/BlockyOS/Build/Build-nodate/disk.img  Base: 133120    ConfBlockSize: 2048    Starting Disk Env ID: 
[SHELL OUT]:	Writing Bytes
[SHELL OUT]:	[Parent:00007ff641c80640] >> Wrtiting [2048 bytes(s)->4 block(s)] to LBA[225562(257478656)-225566(257486848)]
[SHELL OUT]:	Closing Disk Interface >> {C:/GitHub/BlockyOS/Build/Build-nodate/disk.img}
[SHELL OUT]:	Writing File Block at 225562, Item: 2.	Root: [1742780011519050388:147156532550678]
[SHELL OUT]:	[Parent:00007ff641c81557] >>  C:/GitHub/BlockyOS/Build/Build-nodate/disk.img  Base: 133120    ConfBlockSize: 2048    Starting Disk Env ID: 
[SHELL OUT]:	Writing Bytes
[SHELL OUT]:	[Parent:00007ff641c81583] >> Wrtiting [2048 bytes(s)->4 block(s)] to LBA[225562(257478656)-225566(257486848)]
[SHELL OUT]:	Closing Disk Interface >> {C:/GitHub/BlockyOS/Build/Build-nodate/disk.img}
[SHELL OUT]:	Adding FS Table Entry: [1742780011519050388:147156532550678], Type: FILE
[SHELL OUT]:		Writing 0x00-Block: 225563
[SHELL OUT]:	[Parent:00007ff641c80614] >>  C:/GitHub/BlockyOS/Build/Build-nodate/disk.img  Base: 133120    ConfBlockSize: 2048    Starting Disk Env ID: 
[SHELL OUT]:	Writing Bytes
[SHELL OUT]:	[Parent:00007ff641c80640] >> Wrtiting [2048 bytes(s)->4 block(s)] to LBA[225563(257480704)-225567(257488896)]
[SHELL OUT]:	Closing Disk Interface >> {C:/GitHub/BlockyOS/Build/Build-nodate/disk.img}
[SHELL OUT]:	Writing File Block at 225563, Item: 3.	Root: [1742780011519050388:147156532550678]
[SHELL OUT]:	[Parent:00007ff641c81557] >>  C:/GitHub/BlockyOS/Build/Build-nodate/disk.img  Base: 133120    ConfBlockSize: 2048    Starting Disk Env ID: 
[SHELL OUT]:	Writing Bytes
[SHELL OUT]:	[Parent:00007ff641c81583] >> Wrtiting [2048 bytes(s)->4 block(s)] to LBA[225563(257480704)-225567(257488896)]
[SHELL OUT]:	Closing Disk Interface >> {C:/GitHub/BlockyOS/Build/Build-nodate/disk.img}
[SHELL OUT]:	Adding FS Table Entry: [1742780011519050388:147156532550678], Type: FILE
[SHELL OUT]:		Writing 0x00-Block: 225564
[SHELL OUT]:	[Parent:00007ff641c80614] >>  C:/GitHub/BlockyOS/Build/Build-nodate/disk.img  Base: 133120    ConfBlockSize: 2048    Starting Disk Env ID: 
[SHELL OUT]:	Writing Bytes
[SHELL OUT]:	[Parent:00007ff641c80640] >> Wrtiting [2048 bytes(s)->4 block(s)] to LBA[225564(257482752)-225568(257490944)]
[SHELL OUT]:	Closing Disk Interface >> {C:/GitHub/BlockyOS/Build/Build-nodate/disk.img}
[SHELL OUT]:	Writing File Block at 225564, Item: 4.	Root: [1742780011519050388:147156532550678]
[SHELL OUT]:	[Parent:00007ff641c81557] >>  C:/GitHub/BlockyOS/Build/Build-nodate/disk.img  Base: 133120    ConfBlockSize: 2048    Starting Disk Env ID: 
[SHELL OUT]:	Writing Bytes
[SHELL OUT]:	[Parent:00007ff641c81583] >> Wrtiting [2048 bytes(s)->4 block(s)] to LBA[225564(257482752)-225568(257490944)]
[SHELL OUT]:	Closing Disk Interface >> {C:/GitHub/BlockyOS/Build/Build-nodate/disk.img}
[SHELL OUT]:	Adding FS Table Entry: [1742780011519050388:147156532550678], Type: FILE
[SHELL OUT]:		Writing 0x00-Block: 225565
[SHELL OUT]:	[Parent:00007ff641c80614] >>  C:/GitHub/BlockyOS/Build/Build-nodate/disk.img  Base: 133120    ConfBlockSize: 2048    Starting Disk Env ID: 
[SHELL OUT]:	Writing Bytes
[SHELL OUT]:	[Parent:00007ff641c80640] >> Wrtiting [2048 bytes(s)->4 block(s)] to LBA[225565(257484800)-225569(257492992)]
[SHELL OUT]:	Closing Disk Interface >> {C:/GitHub/BlockyOS/Build/Build-nodate/disk.img}
[SHELL OUT]:	Writing File Block at 225565, Item: 5.	Root: [1742780011519050388:147156532550678]
[SHELL OUT]:	[Parent:00007ff641c81557] >>  C:/GitHub/BlockyOS/Build/Build-nodate/disk.img  Base: 133120    ConfBlockSize: 2048    Starting Disk Env ID: 
[SHELL OUT]:	Writing Bytes
[SHELL OUT]:	[Parent:00007ff641c81583] >> Wrtiting [2048 bytes(s)->4 block(s)] to LBA[225565(257484800)-225569(257492992)]
[SHELL OUT]:	Closing Disk Interface >> {C:/GitHub/BlockyOS/Build/Build-nodate/disk.img}
[SHELL OUT]:	Adding FS Table Entry: [1742780011519050388:147156532550678], Type: FILE
[SHELL OUT]:		Writing 0x00-Block: 225566
[SHELL OUT]:	[Parent:00007ff641c80614] >>  C:/GitHub/BlockyOS/Build/Build-nodate/disk.img  Base: 133120    ConfBlockSize: 2048    Starting Disk Env ID: 
[SHELL OUT]:	Writing Bytes
[SHELL OUT]:	[Parent:00007ff641c80640] >> Wrtiting [2048 bytes(s)->4 block(s)] to LBA[225566(257486848)-225570(257495040)]
[SHELL OUT]:	Closing Disk Interface >> {C:/GitHub/BlockyOS/Build/Build-nodate/disk.img}
[SHELL OUT]:	Writing File Block at 225566, Item: 6.	Root: [1742780011519050388:147156532550678]
[SHELL OUT]:	[Parent:00007ff641c81557] >>  C:/GitHub/BlockyOS/Build/Build-nodate/disk.img  Base: 133120    ConfBlockSize: 2048    Starting Disk Env ID: 
[SHELL OUT]:	Writing Bytes
[SHELL OUT]:	[Parent:00007ff641c81583] >> Wrtiting [2048 bytes(s)->4 block(s)] to LBA[225566(257486848)-225570(257495040)]
[SHELL OUT]:	Closing Disk Interface >> {C:/GitHub/BlockyOS/Build/Build-nodate/disk.img}
[SHELL OUT]:	Adding FS Table Entry: [1742780011519050388:147156532550678], Type: FILE
[SHELL OUT]:		Writing 0x00-Block: 225567
[SHELL OUT]:	[Parent:00007ff641c80614] >>  C:/GitHub/BlockyOS/Build/Build-nodate/disk.img  Base: 133120    ConfBlockSize: 2048    Starting Disk Env ID: 
[SHELL OUT]:	Writing Bytes
[SHELL OUT]:	[Parent:00007ff641c80640] >> Wrtiting [2048 bytes(s)->4 block(s)] to LBA[225567(257488896)-225571(257497088)]
[SHELL OUT]:	Closing Disk Interface >> {C:/GitHub/BlockyOS/Build/Build-nodate/disk.img}
[SHELL OUT]:	Writing File Block at 225567, Item: 7.	Root: [1742780011519050388:147156532550678]
[SHELL OUT]:	[Parent:00007ff641c81557] >>  C:/GitHub/BlockyOS/Build/Build-nodate/disk.img  Base: 133120    ConfBlockSize: 2048    Starting Disk Env ID: 
[SHELL OUT]:	Writing Bytes
[SHELL OUT]:	[Parent:00007ff641c81583] >> Wrtiting [2048 bytes(s)->4 block(s)] to LBA[225567(257488896)-225571(257497088)]
[SHELL OUT]:	Closing Disk Interface >> {C:/GitHub/BlockyOS/Build/Build-nodate/disk.img}
[SHELL OUT]:	Adding FS Table Entry: [1742780011519050388:147156532550678], Type: FILE
[SHELL OUT]:		Writing 0x00-Block: 225568
[SHELL OUT]:	[Parent:00007ff641c80614] >>  C:/GitHub/BlockyOS/Build/Build-nodate/disk.img  Base: 133120    ConfBlockSize: 2048    Starting Disk Env ID: 
[SHELL OUT]:	Writing Bytes
[SHELL OUT]:	[Parent:00007ff641c80640] >> Wrtiting [2048 bytes(s)->4 block(s)] to LBA[225568(257490944)-225572(257499136)]
[SHELL OUT]:	Closing Disk Interface >> {C:/GitHub/BlockyOS/Build/Build-nodate/disk.img}
[SHELL OUT]:	Writing File Block at 225568, Item: 8.	Root: [1742780011519050388:147156532550678]
[SHELL OUT]:	[Parent:00007ff641c81557] >>  C:/GitHub/BlockyOS/Build/Build-nodate/disk.img  Base: 133120    ConfBlockSize: 2048    Starting Disk Env ID: 
[SHELL OUT]:	Writing Bytes
[SHELL OUT]:	[Parent:00007ff641c81583] >> Wrtiting [2048 bytes(s)->4 block(s)] to LBA[225568(257490944)-225572(257499136)]
[SHELL OUT]:	Closing Disk Interface >> {C:/GitHub/BlockyOS/Build/Build-nodate/disk.img}
[SHELL OUT]:	Adding FS Table Entry: [1742780011519050388:147156532550678], Type: FILE
[SHELL OUT]:		Writing 0x00-Block: 225569
[SHELL OUT]:	[Parent:00007ff641c80614] >>  C:/GitHub/BlockyOS/Build/Build-nodate/disk.img  Base: 133120    ConfBlockSize: 2048    Starting Disk Env ID: 
[SHELL OUT]:	Writing Bytes
[SHELL OUT]:	[Parent:00007ff641c80640] >> Wrtiting [2048 bytes(s)->4 block(s)] to LBA[225569(257492992)-225573(257501184)]
[SHELL OUT]:	Closing Disk Interface >> {C:/GitHub/BlockyOS/Build/Build-nodate/disk.img}
[SHELL OUT]:	Writing File Block at 225569, Item: 9.	Root: [1742780011519050388:147156532550678]
[SHELL OUT]:	[Parent:00007ff641c81557] >>  C:/GitHub/BlockyOS/Build/Build-nodate/disk.img  Base: 133120    ConfBlockSize: 2048    Starting Disk Env ID: 
[SHELL OUT]:	Writing Bytes
[SHELL OUT]:	[Parent:00007ff641c81583] >> Wrtiting [2048 bytes(s)->4 block(s)] to LBA[225569(257492992)-225573(257501184)]
[SHELL OUT]:	Closing Disk Interface >> {C:/GitHub/BlockyOS/Build/Build-nodate/disk.img}
[SHELL OUT]:	Adding FS Table Entry: [1742780011519050388:147156532550678], Type: FILE
[SHELL OUT]:		Writing 0x00-Block: 225570
[SHELL OUT]:	[Parent:00007ff641c80614] >>  C:/GitHub/BlockyOS/Build/Build-nodate/disk.img  Base: 133120    ConfBlockSize: 2048    Starting Disk Env ID: 
[SHELL OUT]:	Writing Bytes
[SHELL OUT]:	[Parent:00007ff641c80640] >> Wrtiting [2048 bytes(s)->4 block(s)] to LBA[225570(257495040)-225574(257503232)]
[SHELL OUT]:	Closing Disk Interface >> {C:/GitHub/BlockyOS/Build/Build-nodate/disk.img}
[SHELL OUT]:	Writing File Block at 225570, Item: 10.	Root: [1742780011519050388:147156532550678]
[SHELL OUT]:	[Parent:00007ff641c81557] >>  C:/GitHub/BlockyOS/Build/Build-nodate/disk.img  Base: 133120    ConfBlockSize: 2048    Starting Disk Env ID: 
[SHELL OUT]:	Writing Bytes
[SHELL OUT]:	[Parent:00007ff641c81583] >> Wrtiting [2048 bytes(s)->4 block(s)] to LBA[225570(257495040)-225574(257503232)]
[SHELL OUT]:	Closing Disk Interface >> {C:/GitHub/BlockyOS/Build/Build-nodate/disk.img}
[SHELL OUT]:	Adding FS Table Entry: [1742780011519050388:147156532550678], Type: FILE
[SHELL OUT]:		Writing 0x00-Block: 225571
[SHELL OUT]:	[Parent:00007ff641c80614] >>  C:/GitHub/BlockyOS/Build/Build-nodate/disk.img  Base: 133120    ConfBlockSize: 2048    Starting Disk Env ID: 
[SHELL OUT]:	Writing Bytes
[SHELL OUT]:	[Parent:00007ff641c80640] >> Wrtiting [2048 bytes(s)->4 block(s)] to LBA[225571(257497088)-225575(257505280)]
[SHELL OUT]:	Closing Disk Interface >> {C:/GitHub/BlockyOS/Build/Build-nodate/disk.img}
[SHELL OUT]:	Writing File Block at 225571, Item: 11.	Root: [1742780011519050388:147156532550678]
[SHELL OUT]:	[Parent:00007ff641c81557] >>  C:/GitHub/BlockyOS/Build/Build-nodate/disk.img  Base: 133120    ConfBlockSize: 2048    Starting Disk Env ID: 
[SHELL OUT]:	Writing Bytes
[SHELL OUT]:	[Parent:00007ff641c81583] >> Wrtiting [2048 bytes(s)->4 block(s)] to LBA[225571(257497088)-225575(257505280)]
[SHELL OUT]:	Closing Disk Interface >> {C:/GitHub/BlockyOS/Build/Build-nodate/disk.img}
[SHELL OUT]:	Adding FS Table Entry: [1742780011519050388:147156532550678], Type: FILE
[SHELL OUT]:		Writing 0x00-Block: 225572
[SHELL OUT]:	[Parent:00007ff641c80614] >>  C:/GitHub/BlockyOS/Build/Build-nodate/disk.img  Base: 133120    ConfBlockSize: 2048    Starting Disk Env ID: 
[SHELL OUT]:	Writing Bytes
[SHELL OUT]:	[Parent:00007ff641c80640] >> Wrtiting [2048 bytes(s)->4 block(s)] to LBA[225572(257499136)-225576(257507328)]
[SHELL OUT]:	Closing Disk Interface >> {C:/GitHub/BlockyOS/Build/Build-nodate/disk.img}
[SHELL OUT]:	Writing File Block at 225572, Item: 12.	Root: [1742780011519050388:147156532550678]
[SHELL OUT]:	[Parent:00007ff641c81557] >>  C:/GitHub/BlockyOS/Build/Build-nodate/disk.img  Base: 133120    ConfBlockSize: 2048    Starting Disk Env ID: 
[SHELL OUT]:	Writing Bytes
[SHELL OUT]:	[Parent:00007ff641c81583] >> Wrtiting [2048 bytes(s)->4 block(s)] to LBA[225572(257499136)-225576(257507328)]
[SHELL OUT]:	Closing Disk Interface >> {C:/GitHub/BlockyOS/Build/Build-nodate/disk.img}
[SHELL OUT]:	Adding FS Table Entry: [1742780011519050388:147156532550678], Type: FILE
[SHELL OUT]:		Writing 0x00-Block: 225573
[SHELL OUT]:	[Parent:00007ff641c80614] >>  C:/GitHub/BlockyOS/Build/Build-nodate/disk.img  Base: 133120    ConfBlockSize: 2048    Starting Disk Env ID: 
[SHELL OUT]:	Writing Bytes
[SHELL OUT]:	[Parent:00007ff641c80640] >> Wrtiting [2048 bytes(s)->4 block(s)] to LBA[225573(257501184)-225577(257509376)]
[SHELL OUT]:	Closing Disk Interface >> {C:/GitHub/BlockyOS/Build/Build-nodate/disk.img}
[SHELL OUT]:	Writing File Block at 225573, Item: 13.	Root: [1742780011519050388:147156532550678]
[SHELL OUT]:	[Parent:00007ff641c81557] >>  C:/GitHub/BlockyOS/Build/Build-nodate/disk.img  Base: 133120    ConfBlockSize: 2048    Starting Disk Env ID: 
[SHELL OUT]:	Writing Bytes
[SHELL OUT]:	[Parent:00007ff641c81583] >> Wrtiting [2048 bytes(s)->4 block(s)] to LBA[225573(257501184)-225577(257509376)]
[SHELL OUT]:	Closing Disk Interface >> {C:/GitHub/BlockyOS/Build/Build-nodate/disk.img}
[SHELL OUT]:	Adding FS Table Entry: [1742780011519050388:147156532550678], Type: FILE
[SHELL OUT]:		Writing 0x00-Block: 225574
[SHELL OUT]:	[Parent:00007ff641c80614] >>  C:/GitHub/BlockyOS/Build/Build-nodate/disk.img  Base: 133120    ConfBlockSize: 2048    Starting Disk Env ID: 
[SHELL OUT]:	Writing Bytes
[SHELL OUT]:	[Parent:00007ff641c80640] >> Wrtiting [2048 bytes(s)->4 block(s)] to LBA[225574(257503232)-225578(257511424)]
[SHELL OUT]:	Closing Disk Interface >> {C:/GitHub/BlockyOS/Build/Build-nodate/disk.img}
[SHELL OUT]:	Writing File Block at 225574, Item: 14.	Root: [1742780011519050388:147156532550678]
[SHELL OUT]:	[Parent:00007ff641c81557] >>  C:/GitHub/BlockyOS/Build/Build-nodate/disk.img  Base: 133120    ConfBlockSize: 2048    Starting Disk Env ID: 
[SHELL OUT]:	Writing Bytes
[SHELL OUT]:	[Parent:00007ff641c81583] >> Wrtiting [2048 bytes(s)->4 block(s)] to LBA[225574(257503232)-225578(257511424)]
[SHELL OUT]:	Closing Disk Interface >> {C:/GitHub/BlockyOS/Build/Build-nodate/disk.img}
[SHELL OUT]:	Adding FS Table Entry: [1742780011519050388:147156532550678], Type: FILE
[SHELL OUT]:		Writing 0x00-Block: 225575
[SHELL OUT]:	[Parent:00007ff641c80614] >>  C:/GitHub/BlockyOS/Build/Build-nodate/disk.img  Base: 133120    ConfBlockSize: 2048    Starting Disk Env ID: 
[SHELL OUT]:	Writing Bytes
[SHELL OUT]:	[Parent:00007ff641c80640] >> Wrtiting [2048 bytes(s)->4 block(s)] to LBA[225575(257505280)-225579(257513472)]
[SHELL OUT]:	Closing Disk Interface >> {C:/GitHub/BlockyOS/Build/Build-nodate/disk.img}
[SHELL OUT]:	Writing File Block at 225575, Item: 15.	Root: [1742780011519050388:147156532550678]
[SHELL OUT]:	[Parent:00007ff641c81557] >>  C:/GitHub/BlockyOS/Build/Build-nodate/disk.img  Base: 133120    ConfBlockSize: 2048    Starting Disk Env ID: 
[SHELL OUT]:	Writing Bytes
[SHELL OUT]:	[Parent:00007ff641c81583] >> Wrtiting [2048 bytes(s)->4 block(s)] to LBA[225575(257505280)-225579(257513472)]
[SHELL OUT]:	Closing Disk Interface >> {C:/GitHub/BlockyOS/Build/Build-nodate/disk.img}
[SHELL OUT]:	Adding FS Table Entry: [1742780011519050388:147156532550678], Type: FILE
[SHELL OUT]:		Writing 0x00-Block: 225576
[SHELL OUT]:	[Parent:00007ff641c80614] >>  C:/GitHub/BlockyOS/Build/Build-nodate/disk.img  Base: 133120    ConfBlockSize: 2048    Starting Disk Env ID: 
[SHELL OUT]:	Writing Bytes
[SHELL OUT]:	[Parent:00007ff641c80640] >> Wrtiting [2048 bytes(s)->4 block(s)] to LBA[225576(257507328)-225580(257515520)]
[SHELL OUT]:	Closing Disk Interface >> {C:/GitHub/BlockyOS/Build/Build-nodate/disk.img}
[SHELL OUT]:	Writing File Block at 225576, Item: 16.	Root: [1742780011519050388:147156532550678]
[SHELL OUT]:	[Parent:00007ff641c81557] >>  C:/GitHub/BlockyOS/Build/Build-nodate/disk.img  Base: 133120    ConfBlockSize: 2048    Starting Disk Env ID: 
[SHELL OUT]:	Writing Bytes
[SHELL OUT]:	[Parent:00007ff641c81583] >> Wrtiting [2048 bytes(s)->4 block(s)] to LBA[225576(257507328)-225580(257515520)]
[SHELL OUT]:	Closing Disk Interface >> {C:/GitHub/BlockyOS/Build/Build-nodate/disk.img}
[SHELL OUT]:	Adding FS Table Entry: [1742780011519050388:147156532550678], Type: FILE
[SHELL OUT]:		Writing 0x00-Block: 225577
[SHELL OUT]:	[Parent:00007ff641c80614] >>  C:/GitHub/BlockyOS/Build/Build-nodate/disk.img  Base: 133120    ConfBlockSize: 2048    Starting Disk Env ID: 
[SHELL OUT]:	Writing Bytes
[SHELL OUT]:	[Parent:00007ff641c80640] >> Wrtiting [2048 bytes(s)->4 block(s)] to LBA[225577(257509376)-225581(257517568)]
[SHELL OUT]:	Closing Disk Interface >> {C:/GitHub/BlockyOS/Build/Build-nodate/disk.img}
[SHELL OUT]:	Writing File Block at 225577, Item: 17.	Root: [1742780011519050388:147156532550678]
[SHELL OUT]:	[Parent:00007ff641c81557] >>  C:/GitHub/BlockyOS/Build/Build-nodate/disk.img  Base: 133120    ConfBlockSize: 2048    Starting Disk Env ID: 
[SHELL OUT]:	Writing Bytes
[SHELL OUT]:	[Parent:00007ff641c81583] >> Wrtiting [2048 bytes(s)->4 block(s)] to LBA[225577(257509376)-225581(257517568)]
[SHELL OUT]:	Closing Disk Interface >> {C:/GitHub/BlockyOS/Build/Build-nodate/disk.img}
[SHELL OUT]:	Adding FS Table Entry: [1742780011519050388:147156532550678], Type: FILE
[SHELL OUT]:		Writing 0x00-Block: 225578
[SHELL OUT]:	[Parent:00007ff641c80614] >>  C:/GitHub/BlockyOS/Build/Build-nodate/disk.img  Base: 133120    ConfBlockSize: 2048    Starting Disk Env ID: 
[SHELL OUT]:	Writing Bytes
[SHELL OUT]:	[Parent:00007ff641c80640] >> Wrtiting [2048 bytes(s)->4 block(s)] to LBA[225578(257511424)-225582(257519616)]
[SHELL OUT]:	Closing Disk Interface >> {C:/GitHub/BlockyOS/Build/Build-nodate/disk.img}
[SHELL OUT]:	Writing File Block at 225578, Item: 18.	Root: [1742780011519050388:147156532550678]
[SHELL OUT]:	[Parent:00007ff641c81557] >>  C:/GitHub/BlockyOS/Build/Build-nodate/disk.img  Base: 133120    ConfBlockSize: 2048    Starting Disk Env ID: 
[SHELL OUT]:	Writing Bytes
[SHELL OUT]:	[Parent:00007ff641c81583] >> Wrtiting [2048 bytes(s)->4 block(s)] to LBA[225578(257511424)-225582(257519616)]
[SHELL OUT]:	Closing Disk Interface >> {C:/GitHub/BlockyOS/Build/Build-nodate/disk.img}
[SHELL OUT]:	Adding FS Table Entry: [1742780011519050388:147156532550678], Type: FILE
[SHELL OUT]:		Writing 0x00-Block: 225579
[SHELL OUT]:	[Parent:00007ff641c80614] >>  C:/GitHub/BlockyOS/Build/Build-nodate/disk.img  Base: 133120    ConfBlockSize: 2048    Starting Disk Env ID: 
[SHELL OUT]:	Writing Bytes
[SHELL OUT]:	[Parent:00007ff641c80640] >> Wrtiting [2048 bytes(s)->4 block(s)] to LBA[225579(257513472)-225583(257521664)]
[SHELL OUT]:	Closing Disk Interface >> {C:/GitHub/BlockyOS/Build/Build-nodate/disk.img}
[SHELL OUT]:	Writing File Block at 225579, Item: 19.	Root: [1742780011519050388:147156532550678]
[SHELL OUT]:	[Parent:00007ff641c81557] >>  C:/GitHub/BlockyOS/Build/Build-nodate/disk.img  Base: 133120    ConfBlockSize: 2048    Starting Disk Env ID: 
[SHELL OUT]:	Writing Bytes
[SHELL OUT]:	[Parent:00007ff641c81583] >> Wrtiting [2048 bytes(s)->4 block(s)] to LBA[225579(257513472)-225583(257521664)]
[SHELL OUT]:	Closing Disk Interface >> {C:/GitHub/BlockyOS/Build/Build-nodate/disk.img}
[SHELL OUT]:	Adding FS Table Entry: [1742780011519050388:147156532550678], Type: FILE
[SHELL OUT]:		Writing 0x00-Block: 225580
[SHELL OUT]:	[Parent:00007ff641c80614] >>  C:/GitHub/BlockyOS/Build/Build-nodate/disk.img  Base: 133120    ConfBlockSize: 2048    Starting Disk Env ID: 
[SHELL OUT]:	Writing Bytes
[SHELL OUT]:	[Parent:00007ff641c80640] >> Wrtiting [2048 bytes(s)->4 block(s)] to LBA[225580(257515520)-225584(257523712)]
[SHELL OUT]:	Closing Disk Interface >> {C:/GitHub/BlockyOS/Build/Build-nodate/disk.img}
[SHELL OUT]:	Writing File Block at 225580, Item: 20.	Root: [1742780011519050388:147156532550678]
[SHELL OUT]:	[Parent:00007ff641c81557] >>  C:/GitHub/BlockyOS/Build/Build-nodate/disk.img  Base: 133120    ConfBlockSize: 2048    Starting Disk Env ID: 
[SHELL OUT]:	Writing Bytes
[SHELL OUT]:	[Parent:00007ff641c81583] >> Wrtiting [2048 bytes(s)->4 block(s)] to LBA[225580(257515520)-225584(257523712)]
[SHELL OUT]:	Closing Disk Interface >> {C:/GitHub/BlockyOS/Build/Build-nodate/disk.img}
[SHELL OUT]:	Adding FS Table Entry: [1742780011519050388:147156532550678], Type: FILE
[SHELL OUT]:		Writing 0x00-Block: 225581
[SHELL OUT]:	[Parent:00007ff641c80614] >>  C:/GitHub/BlockyOS/Build/Build-nodate/disk.img  Base: 133120    ConfBlockSize: 2048    Starting Disk Env ID: 
[SHELL OUT]:	Writing Bytes
[SHELL OUT]:	[Parent:00007ff641c80640] >> Wrtiting [2048 bytes(s)->4 block(s)] to LBA[225581(257517568)-225585(257525760)]
[SHELL OUT]:	Closing Disk Interface >> {C:/GitHub/BlockyOS/Build/Build-nodate/disk.img}
[SHELL OUT]:	Writing File Block at 225581, Item: 21.	Root: [1742780011519050388:147156532550678]
[SHELL OUT]:	[Parent:00007ff641c81557] >>  C:/GitHub/BlockyOS/Build/Build-nodate/disk.img  Base: 133120    ConfBlockSize: 2048    Starting Disk Env ID: 
[SHELL OUT]:	Writing Bytes
[SHELL OUT]:	[Parent:00007ff641c81583] >> Wrtiting [2048 bytes(s)->4 block(s)] to LBA[225581(257517568)-225585(257525760)]
[SHELL OUT]:	Closing Disk Interface >> {C:/GitHub/BlockyOS/Build/Build-nodate/disk.img}
[SHELL OUT]:	Adding FS Table Entry: [1742780011519050388:147156532550678], Type: FILE
[SHELL OUT]:		Writing 0x00-Block: 225582
[SHELL OUT]:	[Parent:00007ff641c80614] >>  C:/GitHub/BlockyOS/Build/Build-nodate/disk.img  Base: 133120    ConfBlockSize: 2048    Starting Disk Env ID: 
[SHELL OUT]:	Writing Bytes
[SHELL OUT]:	[Parent:00007ff641c80640] >> Wrtiting [2048 bytes(s)->4 block(s)] to LBA[225582(257519616)-225586(257527808)]
[SHELL OUT]:	Closing Disk Interface >> {C:/GitHub/BlockyOS/Build/Build-nodate/disk.img}
[SHELL OUT]:	Writing File Block at 225582, Item: 22.	Root: [1742780011519050388:147156532550678]
[SHELL OUT]:	[Parent:00007ff641c81557] >>  C:/GitHub/BlockyOS/Build/Build-nodate/disk.img  Base: 133120    ConfBlockSize: 2048    Starting Disk Env ID: 
[SHELL OUT]:	Writing Bytes
[SHELL OUT]:	[Parent:00007ff641c81583] >> Wrtiting [2048 bytes(s)->4 block(s)] to LBA[225582(257519616)-225586(257527808)]
[SHELL OUT]:	Closing Disk Interface >> {C:/GitHub/BlockyOS/Build/Build-nodate/disk.img}
[SHELL OUT]:	Adding FS Table Entry: [1742780011519050388:147156532550678], Type: FILE
[SHELL OUT]:		Writing 0x00-Block: 225583
[SHELL OUT]:	[Parent:00007ff641c80614] >>  C:/GitHub/BlockyOS/Build/Build-nodate/disk.img  Base: 133120    ConfBlockSize: 2048    Starting Disk Env ID: 
[SHELL OUT]:	Writing Bytes
[SHELL OUT]:	[Parent:00007ff641c80640] >> Wrtiting [2048 bytes(s)->4 block(s)] to LBA[225583(257521664)-225587(257529856)]
[SHELL OUT]:	Closing Disk Interface >> {C:/GitHub/BlockyOS/Build/Build-nodate/disk.img}
[SHELL OUT]:	Writing File Block at 225583, Item: 23.	Root: [1742780011519050388:147156532550678]
[SHELL OUT]:	[Parent:00007ff641c81557] >>  C:/GitHub/BlockyOS/Build/Build-nodate/disk.img  Base: 133120    ConfBlockSize: 2048    Starting Disk Env ID: 
[SHELL OUT]:	Writing Bytes
[SHELL OUT]:	[Parent:00007ff641c81583] >> Wrtiting [2048 bytes(s)->4 block(s)] to LBA[225583(257521664)-225587(257529856)]
[SHELL OUT]:	Closing Disk Interface >> {C:/GitHub/BlockyOS/Build/Build-nodate/disk.img}
[SHELL OUT]:	Adding FS Table Entry: [1742780011519050388:147156532550678], Type: FILE
[SHELL OUT]:		Writing 0x00-Block: 225584
[SHELL OUT]:	[Parent:00007ff641c80614] >>  C:/GitHub/BlockyOS/Build/Build-nodate/disk.img  Base: 133120    ConfBlockSize: 2048    Starting Disk Env ID: 
[SHELL OUT]:	Writing Bytes
[SHELL OUT]:	[Parent:00007ff641c80640] >> Wrtiting [2048 bytes(s)->4 block(s)] to LBA[225584(257523712)-225588(257531904)]
[SHELL OUT]:	Closing Disk Interface >> {C:/GitHub/BlockyOS/Build/Build-nodate/disk.img}
[SHELL OUT]:	Writing File Block at 225584, Item: 24.	Root: [1742780011519050388:147156532550678]
[SHELL OUT]:	[Parent:00007ff641c81557] >>  C:/GitHub/BlockyOS/Build/Build-nodate/disk.img  Base: 133120    ConfBlockSize: 2048    Starting Disk Env ID: 
[SHELL OUT]:	Writing Bytes
[SHELL OUT]:	[Parent:00007ff641c81583] >> Wrtiting [2048 bytes(s)->4 block(s)] to LBA[225584(257523712)-225588(257531904)]
[SHELL OUT]:	Closing Disk Interface >> {C:/GitHub/BlockyOS/Build/Build-nodate/disk.img}
[SHELL OUT]:	Adding FS Table Entry: [1742780011519050388:147156532550678], Type: FILE
[SHELL OUT]:		Writing 0x00-Block: 225585
[SHELL OUT]:	[Parent:00007ff641c80614] >>  C:/GitHub/BlockyOS/Build/Build-nodate/disk.img  Base: 133120    ConfBlockSize: 2048    Starting Disk Env ID: 
[SHELL OUT]:	Writing Bytes
[SHELL OUT]:	[Parent:00007ff641c80640] >> Wrtiting [2048 bytes(s)->4 block(s)] to LBA[225585(257525760)-225589(257533952)]
[SHELL OUT]:	Closing Disk Interface >> {C:/GitHub/BlockyOS/Build/Build-nodate/disk.img}
[SHELL OUT]:	Writing File Block at 225585, Item: 25.	Root: [1742780011519050388:147156532550678]
[SHELL OUT]:	[Parent:00007ff641c81557] >>  C:/GitHub/BlockyOS/Build/Build-nodate/disk.img  Base: 133120    ConfBlockSize: 2048    Starting Disk Env ID: 
[SHELL OUT]:	Writing Bytes
[SHELL OUT]:	[Parent:00007ff641c81583] >> Wrtiting [2048 bytes(s)->4 block(s)] to LBA[225585(257525760)-225589(257533952)]
[SHELL OUT]:	Closing Disk Interface >> {C:/GitHub/BlockyOS/Build/Build-nodate/disk.img}
[SHELL OUT]:	[0]: ""
Initializing CGCC.MAKE build process...
Skipping C:\GitHub\BlockyOS\src\kernel\services\IO\IO.c - up to date; source=2026-09-16T16:38:35.5854557Z, stored=09/16/2026 16:38:35
Stale source detected for C:\GitHub\BlockyOS\Build\Build-nodate\root-part\libcrt.dll. source=2026-10-02T00:07:31.4968163Z, stored=10/02/2026 00:05:12, delta=+20217739.497 sec
Compiled and updated timestamp for C:\GitHub\BlockyOS\Build\Build-nodate\root-part\libcrt.dll
Skipping C:\GitHub\BlockyOS\src\kernel\services\IO\IO.def - up to date; source=2026-09-16T21:00:02.8766014Z, stored=09/16/2026 21:00:02
gcc compile/cache/c.IO.o Build/Build-nodate/root-part/libcrt.dll src/kernel/services/IO/IO.def -Wl,-nostdlib -Wl,-shared -Wl,-flinker-output=dyn -Wl,-Bsymbolic -Wl,--out-implib,C:/GitHub/BlockyOS/Build/Build-nodate/root-part/services/IO.dll.a -Wl,-Map,C:\GitHub\BlockyOS\src\kernel\services\IO\alibcrt.map -fdiagnostics-color=always -fno-diagnostics-show-highlight-colors -nostartfiles -nodefaultlibs -fno-asynchronous-unwind-tables -fno-unwind-tables -o C:/GitHub/BlockyOS/Build/Build-nodate/root-part/services/IO.dll
Build finished successfully -> C:/GitHub/BlockyOS/Build/Build-nodate/root-part/services/IO.dll


[SHELL]	FSFRAT.MAKE
[SHELL]	FSFRAT.MOUNT
[SHELL]	e.disk -pp C:/GitHub/BlockyOS/Build/Build-nodate/disk.img -pt ROOT -bs 2048 -lb 32 -v 1:0
[SHELL OUT]:	
[SHELL OUT]:	FSFRAT DRIVER
[SHELL OUT]:	>> 
[SHELL OUT]:	[C:\GitHub\BlockyOS\tools\filesystem\frat.c:196]  >>  Mounting FS Root: [C:/GitHub/BlockyOS/Build/Build-nodate/disk.img]
[SHELL OUT]:	Verifying Disk GPT
[SHELL OUT]:	[Parent:00007ff641c7d8ff] >>  C:/GitHub/BlockyOS/Build/Build-nodate/disk.img  Base: 0    ConfBlockSize: 512    Starting Disk Env ID: 
[SHELL OUT]:	Reading Bytes
[SHELL OUT]:	[Parent:00007ff641c7d91a] >> Reading [92 bytes(s)->1 block(s)] from LBA[1(512)-2(1024)]
[SHELL OUT]:	GPT Dump:
[SHELL OUT]:	    Sig: "EFI PART"
[SHELL OUT]:	    Rev: 65536
[SHELL OUT]:	    Header-Size: 92
[SHELL OUT]:	    Header Checksum: 2621714706
[SHELL OUT]:	    localLBA: 1
[SHELL OUT]:	    altLBA: 2230273
[SHELL OUT]:	    firstUsable: 2048
[SHELL OUT]:	    lastUsable: 2230271
[SHELL OUT]:	    Disk-GUID: 
[SHELL OUT]:	    Partition-Table: 2
[SHELL OUT]:	    # of Partition-Entries: 2
[SHELL OUT]:	    Partition-Entry Size: 128
[SHELL OUT]:	    Partition-Table Checksum: 896708427
[SHELL OUT]:	Closing Disk Interface >> {C:/GitHub/BlockyOS/Build/Build-nodate/disk.img}
[SHELL OUT]:	GPT Exists? true
[SHELL OUT]:	[Parent:00007ff641c7eed9] >>  C:/GitHub/BlockyOS/Build/Build-nodate/disk.img  Base: 0    ConfBlockSize: 512    Starting Disk Env ID: 
[SHELL OUT]:	Reading Bytes
[SHELL OUT]:	[Parent:00007ff641c7eefa] >> Reading [92 bytes(s)->1 block(s)] from LBA[1(512)-2(1024)]
[SHELL OUT]:	[C:\GitHub\BlockyOS\tools\filesystem\frat.c:137]  >>  Querying Part Table
[SHELL OUT]:	Reading Bytes
[SHELL OUT]:	[Parent:00007ff641c7e73d] >> Reading [256 bytes(s)->1 block(s)] from LBA[2(1024)-3(1536)]
[SHELL OUT]:	[C:\GitHub\BlockyOS\tools\filesystem\frat.c:145]  >>  GPT-Entry: BOOT{2048:133119 -> 131071}
[SHELL OUT]:	[C:\GitHub\BlockyOS\tools\filesystem\frat.c:159]  >>  Querying FS at 2048
[SHELL OUT]:	Reading Bytes
[SHELL OUT]:	[Parent:00007ff641c7ebe1] >> Reading [60 bytes(s)->1 block(s)] from LBA[2048(1048576)-2049(1049088)]
[SHELL OUT]:	FS-Root Blob:
[SHELL OUT]:	    Version: [0:131072]
[SHELL OUT]:	    Sig: 
[SHELL OUT]:	    Configured Log Sectors: 2
[SHELL OUT]:	    Configured Block Size: 0
[SHELL OUT]:	    Configured Cluster-Map Size: 16711743
[SHELL OUT]:	[C:\GitHub\BlockyOS\tools\filesystem\frat.c:145]  >>  GPT-Entry: ROOT{133120:2230271 -> 2097151}
[SHELL OUT]:	[C:\GitHub\BlockyOS\tools\filesystem\frat.c:159]  >>  Querying FS at 133120
[SHELL OUT]:	Reading Bytes
[SHELL OUT]:	[Parent:00007ff641c7ebe1] >> Reading [60 bytes(s)->1 block(s)] from LBA[133120(68157440)-133121(68157952)]
[SHELL OUT]:	FS-Root Blob:
[SHELL OUT]:	    Version: [0:1]
[SHELL OUT]:	    Sig: FRAT_FILESYSTEM
[SHELL OUT]:	    Configured Log Sectors: 32
[SHELL OUT]:	    Configured Block Size: 2048
[SHELL OUT]:	    Configured Cluster-Map Size: 20480
[SHELL OUT]:	[C:\GitHub\BlockyOS\tools\filesystem\frat.c:184]  >>  FS Found at [133120]:
[SHELL OUT]:		Version-Code: [0:1]
[SHELL OUT]:		Configured Block-Size: 2048
[SHELL OUT]:		Configured Cluster-Size: 20480
[SHELL OUT]:		Configured # of Log-Sectors: 32
[SHELL OUT]:		Configured Log-Size: 576
[SHELL OUT]:	[C:\GitHub\BlockyOS\tools\filesystem\frat.c:210]  >>  Found Formatted Partition: 133120:2230271 -> 2097151
[SHELL OUT]:	Reading Bytes
[SHELL OUT]:	[Parent:00007ff641c7f05b] >> Reading [60 bytes(s)->1 block(s)] from LBA[133120(68157440)-133121(68157952)]
[SHELL OUT]:	[C:\GitHub\BlockyOS\tools\filesystem\frat.c:223]  >>  Root: 133120:2230271 -> 2097151 LBAs
[SHELL OUT]:		Version-Code: [0:1]
[SHELL OUT]:		Configured Block-Size: 2048
[SHELL OUT]:		Configured Cluster-Size: 20480
[SHELL OUT]:		Configured # of Log-Sectors: 20480
[SHELL OUT]:		Configured Log-Size: 32
[SHELL OUT]:	Reading Bytes
[SHELL OUT]:	[Parent:00007ff641c7f39f] >> Reading [65536 bytes(s)->128 block(s)] from LBA[133121(68159488)-133249(68421632)]
[SHELL OUT]:	Reading Bytes
[SHELL OUT]:	[Parent:00007ff641c7f44b] >> Reading [20480 bytes(s)->40 block(s)] from LBA[202752(210763776)-202792(210845696)]
[SHELL OUT]:	    Verifying FS Root Items #items: 1024
[SHELL OUT]:	Reading Bytes
[SHELL OUT]:	[Parent:00007ff641c7f6be] >> Reading [512 bytes(s)->4 block(s)] from LBA[225280(256901120)-225284(256909312)]
[SHELL OUT]:	Reading Bytes
[SHELL OUT]:	[Parent:00007ff641c7f6be] >> Reading [512 bytes(s)->4 block(s)] from LBA[225281(256903168)-225285(256911360)]
[SHELL OUT]:	Reading Bytes
[SHELL OUT]:	[Parent:00007ff641c7f6be] >> Reading [512 bytes(s)->4 block(s)] from LBA[225396(257138688)-225400(257146880)]
[SHELL OUT]:	Reading Bytes
[SHELL OUT]:	[Parent:00007ff641c7f6be] >> Reading [512 bytes(s)->4 block(s)] from LBA[225422(257191936)-225426(257200128)]
[SHELL OUT]:	Reading Bytes
[SHELL OUT]:	[Parent:00007ff641c7f6be] >> Reading [512 bytes(s)->4 block(s)] from LBA[225431(257210368)-225435(257218560)]
[SHELL OUT]:	Reading Bytes
[SHELL OUT]:	[Parent:00007ff641c7f6be] >> Reading [512 bytes(s)->4 block(s)] from LBA[225446(257241088)-225450(257249280)]
[SHELL OUT]:	Reading Bytes
[SHELL OUT]:	[Parent:00007ff641c7f6be] >> Reading [512 bytes(s)->4 block(s)] from LBA[225560(257474560)-225564(257482752)]
[SHELL OUT]:	Reading Bytes
[SHELL OUT]:	[Parent:00007ff641c7f6be] >> Reading [512 bytes(s)->4 block(s)] from LBA[225586(257527808)-225590(257536000)]
[SHELL OUT]:	Reading Bytes
[SHELL OUT]:	[Parent:00007ff641c7f6be] >> Reading [512 bytes(s)->4 block(s)] from LBA[225595(257546240)-225599(257554432)]
[SHELL OUT]:	Closing Disk Interface >> {C:/GitHub/BlockyOS/Build/Build-nodate/disk.img}
[SHELL OUT]:	[Parent:00007ff641c81926] >>  C:/GitHub/BlockyOS/Build/Build-nodate/disk.img  Base: 133120    ConfBlockSize: 2048    Starting Disk Env ID: 
[SHELL OUT]:	Writing Bytes
[SHELL OUT]:	[Parent:00007ff641c8194f] >> Wrtiting [60 bytes(s)->4 block(s)] to LBA[133120(68157440)-133124(68165632)]
[SHELL OUT]:	Writing Bytes
[SHELL OUT]:	[Parent:00007ff641c81997] >> Wrtiting [20480 bytes(s)->40 block(s)] to LBA[202752(210763776)-202792(210845696)]
[SHELL OUT]:	Closing Disk Interface >> {C:/GitHub/BlockyOS/Build/Build-nodate/disk.img}
[SHELL OUT]:	[0]: ""
[SHELL]	create -la fc -p SYSD/ -n IO.dll
[SHELL OUT]:	
[SHELL OUT]:	>> 
[SHELL OUT]:	>> 
[SHELL OUT]:	0000016bf9425e9b:fc	0000016bf9425ea1:SYSD/	0000016bf9425eaa:IO.dll	
[SHELL OUT]:	[	SYSD/IO.dll]
[SHELL OUT]:	Mounting File [SYSD/IO.dll] with "fc"
[SHELL OUT]:	Creating File at: ./SYSD/IO.dll
[SHELL OUT]:	Root is 0000016bf9429000
[SHELL OUT]:	Root is 0000016bf9429000
[SHELL OUT]:	Un-Mounting File [1742780011519050388:147156532550678]
[SHELL OUT]:	[Parent:00007ff641c81926] >>  C:/GitHub/BlockyOS/Build/Build-nodate/disk.img  Base: 133120    ConfBlockSize: 2048    Starting Disk Env ID: 
[SHELL OUT]:	Writing Bytes
[SHELL OUT]:	[Parent:00007ff641c8194f] >> Wrtiting [60 bytes(s)->4 block(s)] to LBA[133120(68157440)-133124(68165632)]
[SHELL OUT]:	Writing Bytes
[SHELL OUT]:	[Parent:00007ff641c81997] >> Wrtiting [20480 bytes(s)->40 block(s)] to LBA[202752(210763776)-202792(210845696)]
[SHELL OUT]:	Closing Disk Interface >> {C:/GitHub/BlockyOS/Build/Build-nodate/disk.img}
[SHELL OUT]:	[0]: ""
[SHELL]	FSFRAT.OPEN
[SHELL]	open -p SYSD/IO.dll -a IO -la f
[SHELL OUT]:	
[SHELL OUT]:	>> 
[SHELL OUT]:	>> 
[SHELL OUT]:	Mounting File [SYSD/IO.dll] with "f"
[SHELL OUT]:	Root is 0000016bf9429000
[SHELL OUT]:	[0]: ""
[SHELL]	FSFRAT.WRITE
[SHELL]	fwrite -pp C:/GitHub/BlockyOS/Build/Build-nodate/root-part/services/IO.dll -ia %IO% -p 0 -n 0
[SHELL OUT]:	
[SHELL OUT]:	>> 
[SHELL OUT]:	>> 
[SHELL OUT]:	[Parent:00007ff641c81f16] >>  C:/GitHub/BlockyOS/Build/Build-nodate/disk.img  Base: 133120    ConfBlockSize: 2048    Starting Disk Env ID: 
[SHELL OUT]:	[Parent:00007ff641c81e53] >>  C:/GitHub/BlockyOS/Build/Build-nodate/disk.img  Base: 133120    ConfBlockSize: 2048    Starting Disk Env ID: 
[SHELL OUT]:	Reading File Info
[SHELL OUT]:	Reading Bytes
[SHELL OUT]:	[Parent:00007ff641c81ec2] >> Reading [512 bytes(s)->4 block(s)] from LBA[225560(257474560)-225564(257482752)]
[SHELL OUT]:	Closing Disk Interface >> {C:/GitHub/BlockyOS/Build/Build-nodate/disk.img}
[SHELL OUT]:	Writing Bytes
[SHELL OUT]:	[Parent:00007ff641c82010] >> Wrtiting [512 bytes(s)->4 block(s)] to LBA[225560(257474560)-225564(257482752)]
[SHELL OUT]:	Closing Disk Interface >> {C:/GitHub/BlockyOS/Build/Build-nodate/disk.img}
[SHELL OUT]:	Root is 0000016bf9429000
[SHELL OUT]:	Writing File Block at 225561, Item: 1.	Root: [1742780011519050388:147156532550678]
[SHELL OUT]:	[Parent:00007ff641c81557] >>  C:/GitHub/BlockyOS/Build/Build-nodate/disk.img  Base: 133120    ConfBlockSize: 2048    Starting Disk Env ID: 
[SHELL OUT]:	Writing Bytes
[SHELL OUT]:	[Parent:00007ff641c81583] >> Wrtiting [2048 bytes(s)->4 block(s)] to LBA[225561(257476608)-225565(257484800)]
[SHELL OUT]:	Closing Disk Interface >> {C:/GitHub/BlockyOS/Build/Build-nodate/disk.img}
[SHELL OUT]:	Writing File Block at 225562, Item: 2.	Root: [1742780011519050388:147156532550678]
[SHELL OUT]:	[Parent:00007ff641c81557] >>  C:/GitHub/BlockyOS/Build/Build-nodate/disk.img  Base: 133120    ConfBlockSize: 2048    Starting Disk Env ID: 
[SHELL OUT]:	Writing Bytes
[SHELL OUT]:	[Parent:00007ff641c81583] >> Wrtiting [2048 bytes(s)->4 block(s)] to LBA[225562(257478656)-225566(257486848)]
[SHELL OUT]:	Closing Disk Interface >> {C:/GitHub/BlockyOS/Build/Build-nodate/disk.img}
[SHELL OUT]:	Writing File Block at 225563, Item: 3.	Root: [1742780011519050388:147156532550678]
[SHELL OUT]:	[Parent:00007ff641c81557] >>  C:/GitHub/BlockyOS/Build/Build-nodate/disk.img  Base: 133120    ConfBlockSize: 2048    Starting Disk Env ID: 
[SHELL OUT]:	Writing Bytes
[SHELL OUT]:	[Parent:00007ff641c81583] >> Wrtiting [2048 bytes(s)->4 block(s)] to LBA[225563(257480704)-225567(257488896)]
[SHELL OUT]:	Closing Disk Interface >> {C:/GitHub/BlockyOS/Build/Build-nodate/disk.img}
[SHELL OUT]:	Writing File Block at 225564, Item: 4.	Root: [1742780011519050388:147156532550678]
[SHELL OUT]:	[Parent:00007ff641c81557] >>  C:/GitHub/BlockyOS/Build/Build-nodate/disk.img  Base: 133120    ConfBlockSize: 2048    Starting Disk Env ID: 
[SHELL OUT]:	Writing Bytes
[SHELL OUT]:	[Parent:00007ff641c81583] >> Wrtiting [2048 bytes(s)->4 block(s)] to LBA[225564(257482752)-225568(257490944)]
[SHELL OUT]:	Closing Disk Interface >> {C:/GitHub/BlockyOS/Build/Build-nodate/disk.img}
[SHELL OUT]:	Writing File Block at 225565, Item: 5.	Root: [1742780011519050388:147156532550678]
[SHELL OUT]:	[Parent:00007ff641c81557] >>  C:/GitHub/BlockyOS/Build/Build-nodate/disk.img  Base: 133120    ConfBlockSize: 2048    Starting Disk Env ID: 
[SHELL OUT]:	Writing Bytes
[SHELL OUT]:	[Parent:00007ff641c81583] >> Wrtiting [2048 bytes(s)->4 block(s)] to LBA[225565(257484800)-225569(257492992)]
[SHELL OUT]:	Closing Disk Interface >> {C:/GitHub/BlockyOS/Build/Build-nodate/disk.img}
[SHELL OUT]:	Writing File Block at 225566, Item: 6.	Root: [1742780011519050388:147156532550678]
[SHELL OUT]:	[Parent:00007ff641c81557] >>  C:/GitHub/BlockyOS/Build/Build-nodate/disk.img  Base: 133120    ConfBlockSize: 2048    Starting Disk Env ID: 
[SHELL OUT]:	Writing Bytes
[SHELL OUT]:	[Parent:00007ff641c81583] >> Wrtiting [2048 bytes(s)->4 block(s)] to LBA[225566(257486848)-225570(257495040)]
[SHELL OUT]:	Closing Disk Interface >> {C:/GitHub/BlockyOS/Build/Build-nodate/disk.img}
[SHELL OUT]:	Writing File Block at 225567, Item: 7.	Root: [1742780011519050388:147156532550678]
[SHELL OUT]:	[Parent:00007ff641c81557] >>  C:/GitHub/BlockyOS/Build/Build-nodate/disk.img  Base: 133120    ConfBlockSize: 2048    Starting Disk Env ID: 
[SHELL OUT]:	Writing Bytes
[SHELL OUT]:	[Parent:00007ff641c81583] >> Wrtiting [2048 bytes(s)->4 block(s)] to LBA[225567(257488896)-225571(257497088)]
[SHELL OUT]:	Closing Disk Interface >> {C:/GitHub/BlockyOS/Build/Build-nodate/disk.img}
[SHELL OUT]:	Writing File Block at 225568, Item: 8.	Root: [1742780011519050388:147156532550678]
[SHELL OUT]:	[Parent:00007ff641c81557] >>  C:/GitHub/BlockyOS/Build/Build-nodate/disk.img  Base: 133120    ConfBlockSize: 2048    Starting Disk Env ID: 
[SHELL OUT]:	Writing Bytes
[SHELL OUT]:	[Parent:00007ff641c81583] >> Wrtiting [2048 bytes(s)->4 block(s)] to LBA[225568(257490944)-225572(257499136)]
[SHELL OUT]:	Closing Disk Interface >> {C:/GitHub/BlockyOS/Build/Build-nodate/disk.img}
[SHELL OUT]:	Writing File Block at 225569, Item: 9.	Root: [1742780011519050388:147156532550678]
[SHELL OUT]:	[Parent:00007ff641c81557] >>  C:/GitHub/BlockyOS/Build/Build-nodate/disk.img  Base: 133120    ConfBlockSize: 2048    Starting Disk Env ID: 
[SHELL OUT]:	Writing Bytes
[SHELL OUT]:	[Parent:00007ff641c81583] >> Wrtiting [2048 bytes(s)->4 block(s)] to LBA[225569(257492992)-225573(257501184)]
[SHELL OUT]:	Closing Disk Interface >> {C:/GitHub/BlockyOS/Build/Build-nodate/disk.img}
[SHELL OUT]:	Writing File Block at 225570, Item: 10.	Root: [1742780011519050388:147156532550678]
[SHELL OUT]:	[Parent:00007ff641c81557] >>  C:/GitHub/BlockyOS/Build/Build-nodate/disk.img  Base: 133120    ConfBlockSize: 2048    Starting Disk Env ID: 
[SHELL OUT]:	Writing Bytes
[SHELL OUT]:	[Parent:00007ff641c81583] >> Wrtiting [2048 bytes(s)->4 block(s)] to LBA[225570(257495040)-225574(257503232)]
[SHELL OUT]:	Closing Disk Interface >> {C:/GitHub/BlockyOS/Build/Build-nodate/disk.img}
[SHELL OUT]:	Writing File Block at 225571, Item: 11.	Root: [1742780011519050388:147156532550678]
[SHELL OUT]:	[Parent:00007ff641c81557] >>  C:/GitHub/BlockyOS/Build/Build-nodate/disk.img  Base: 133120    ConfBlockSize: 2048    Starting Disk Env ID: 
[SHELL OUT]:	Writing Bytes
[SHELL OUT]:	[Parent:00007ff641c81583] >> Wrtiting [2048 bytes(s)->4 block(s)] to LBA[225571(257497088)-225575(257505280)]
[SHELL OUT]:	Closing Disk Interface >> {C:/GitHub/BlockyOS/Build/Build-nodate/disk.img}
[SHELL OUT]:	Writing File Block at 225572, Item: 12.	Root: [1742780011519050388:147156532550678]
[SHELL OUT]:	[Parent:00007ff641c81557] >>  C:/GitHub/BlockyOS/Build/Build-nodate/disk.img  Base: 133120    ConfBlockSize: 2048    Starting Disk Env ID: 
[SHELL OUT]:	Writing Bytes
[SHELL OUT]:	[Parent:00007ff641c81583] >> Wrtiting [2048 bytes(s)->4 block(s)] to LBA[225572(257499136)-225576(257507328)]
[SHELL OUT]:	Closing Disk Interface >> {C:/GitHub/BlockyOS/Build/Build-nodate/disk.img}
[SHELL OUT]:	Writing File Block at 225573, Item: 13.	Root: [1742780011519050388:147156532550678]
[SHELL OUT]:	[Parent:00007ff641c81557] >>  C:/GitHub/BlockyOS/Build/Build-nodate/disk.img  Base: 133120    ConfBlockSize: 2048    Starting Disk Env ID: 
[SHELL OUT]:	Writing Bytes
[SHELL OUT]:	[Parent:00007ff641c81583] >> Wrtiting [2048 bytes(s)->4 block(s)] to LBA[225573(257501184)-225577(257509376)]
[SHELL OUT]:	Closing Disk Interface >> {C:/GitHub/BlockyOS/Build/Build-nodate/disk.img}
[SHELL OUT]:	Writing File Block at 225574, Item: 14.	Root: [1742780011519050388:147156532550678]
[SHELL OUT]:	[Parent:00007ff641c81557] >>  C:/GitHub/BlockyOS/Build/Build-nodate/disk.img  Base: 133120    ConfBlockSize: 2048    Starting Disk Env ID: 
[SHELL OUT]:	Writing Bytes
[SHELL OUT]:	[Parent:00007ff641c81583] >> Wrtiting [2048 bytes(s)->4 block(s)] to LBA[225574(257503232)-225578(257511424)]
[SHELL OUT]:	Closing Disk Interface >> {C:/GitHub/BlockyOS/Build/Build-nodate/disk.img}
[SHELL OUT]:	Writing File Block at 225575, Item: 15.	Root: [1742780011519050388:147156532550678]
[SHELL OUT]:	[Parent:00007ff641c81557] >>  C:/GitHub/BlockyOS/Build/Build-nodate/disk.img  Base: 133120    ConfBlockSize: 2048    Starting Disk Env ID: 
[SHELL OUT]:	Writing Bytes
[SHELL OUT]:	[Parent:00007ff641c81583] >> Wrtiting [2048 bytes(s)->4 block(s)] to LBA[225575(257505280)-225579(257513472)]
[SHELL OUT]:	Closing Disk Interface >> {C:/GitHub/BlockyOS/Build/Build-nodate/disk.img}
[SHELL OUT]:	Writing File Block at 225576, Item: 16.	Root: [1742780011519050388:147156532550678]
[SHELL OUT]:	[Parent:00007ff641c81557] >>  C:/GitHub/BlockyOS/Build/Build-nodate/disk.img  Base: 133120    ConfBlockSize: 2048    Starting Disk Env ID: 
[SHELL OUT]:	Writing Bytes
[SHELL OUT]:	[Parent:00007ff641c81583] >> Wrtiting [2048 bytes(s)->4 block(s)] to LBA[225576(257507328)-225580(257515520)]
[SHELL OUT]:	Closing Disk Interface >> {C:/GitHub/BlockyOS/Build/Build-nodate/disk.img}
[SHELL OUT]:	Writing File Block at 225577, Item: 17.	Root: [1742780011519050388:147156532550678]
[SHELL OUT]:	[Parent:00007ff641c81557] >>  C:/GitHub/BlockyOS/Build/Build-nodate/disk.img  Base: 133120    ConfBlockSize: 2048    Starting Disk Env ID: 
[SHELL OUT]:	Writing Bytes
[SHELL OUT]:	[Parent:00007ff641c81583] >> Wrtiting [2048 bytes(s)->4 block(s)] to LBA[225577(257509376)-225581(257517568)]
[SHELL OUT]:	Closing Disk Interface >> {C:/GitHub/BlockyOS/Build/Build-nodate/disk.img}
[SHELL OUT]:	Writing File Block at 225578, Item: 18.	Root: [1742780011519050388:147156532550678]
[SHELL OUT]:	[Parent:00007ff641c81557] >>  C:/GitHub/BlockyOS/Build/Build-nodate/disk.img  Base: 133120    ConfBlockSize: 2048    Starting Disk Env ID: 
[SHELL OUT]:	Writing Bytes
[SHELL OUT]:	[Parent:00007ff641c81583] >> Wrtiting [2048 bytes(s)->4 block(s)] to LBA[225578(257511424)-225582(257519616)]
[SHELL OUT]:	Closing Disk Interface >> {C:/GitHub/BlockyOS/Build/Build-nodate/disk.img}
[SHELL OUT]:	Writing File Block at 225579, Item: 19.	Root: [1742780011519050388:147156532550678]
[SHELL OUT]:	[Parent:00007ff641c81557] >>  C:/GitHub/BlockyOS/Build/Build-nodate/disk.img  Base: 133120    ConfBlockSize: 2048    Starting Disk Env ID: 
[SHELL OUT]:	Writing Bytes
[SHELL OUT]:	[Parent:00007ff641c81583] >> Wrtiting [2048 bytes(s)->4 block(s)] to LBA[225579(257513472)-225583(257521664)]
[SHELL OUT]:	Closing Disk Interface >> {C:/GitHub/BlockyOS/Build/Build-nodate/disk.img}
[SHELL OUT]:	Writing File Block at 225580, Item: 20.	Root: [1742780011519050388:147156532550678]
[SHELL OUT]:	[Parent:00007ff641c81557] >>  C:/GitHub/BlockyOS/Build/Build-nodate/disk.img  Base: 133120    ConfBlockSize: 2048    Starting Disk Env ID: 
[SHELL OUT]:	Writing Bytes
[SHELL OUT]:	[Parent:00007ff641c81583] >> Wrtiting [2048 bytes(s)->4 block(s)] to LBA[225580(257515520)-225584(257523712)]
[SHELL OUT]:	Closing Disk Interface >> {C:/GitHub/BlockyOS/Build/Build-nodate/disk.img}
[SHELL OUT]:	Writing File Block at 225581, Item: 21.	Root: [1742780011519050388:147156532550678]
[SHELL OUT]:	[Parent:00007ff641c81557] >>  C:/GitHub/BlockyOS/Build/Build-nodate/disk.img  Base: 133120    ConfBlockSize: 2048    Starting Disk Env ID: 
[SHELL OUT]:	Writing Bytes
[SHELL OUT]:	[Parent:00007ff641c81583] >> Wrtiting [2048 bytes(s)->4 block(s)] to LBA[225581(257517568)-225585(257525760)]
[SHELL OUT]:	Closing Disk Interface >> {C:/GitHub/BlockyOS/Build/Build-nodate/disk.img}
[SHELL OUT]:	Writing File Block at 225582, Item: 22.	Root: [1742780011519050388:147156532550678]
[SHELL OUT]:	[Parent:00007ff641c81557] >>  C:/GitHub/BlockyOS/Build/Build-nodate/disk.img  Base: 133120    ConfBlockSize: 2048    Starting Disk Env ID: 
[SHELL OUT]:	Writing Bytes
[SHELL OUT]:	[Parent:00007ff641c81583] >> Wrtiting [2048 bytes(s)->4 block(s)] to LBA[225582(257519616)-225586(257527808)]
[SHELL OUT]:	Closing Disk Interface >> {C:/GitHub/BlockyOS/Build/Build-nodate/disk.img}
[SHELL OUT]:	Writing File Block at 225583, Item: 23.	Root: [1742780011519050388:147156532550678]
[SHELL OUT]:	[Parent:00007ff641c81557] >>  C:/GitHub/BlockyOS/Build/Build-nodate/disk.img  Base: 133120    ConfBlockSize: 2048    Starting Disk Env ID: 
[SHELL OUT]:	Writing Bytes
[SHELL OUT]:	[Parent:00007ff641c81583] >> Wrtiting [2048 bytes(s)->4 block(s)] to LBA[225583(257521664)-225587(257529856)]
[SHELL OUT]:	Closing Disk Interface >> {C:/GitHub/BlockyOS/Build/Build-nodate/disk.img}
[SHELL OUT]:	Writing File Block at 225584, Item: 24.	Root: [1742780011519050388:147156532550678]
[SHELL OUT]:	[Parent:00007ff641c81557] >>  C:/GitHub/BlockyOS/Build/Build-nodate/disk.img  Base: 133120    ConfBlockSize: 2048    Starting Disk Env ID: 
[SHELL OUT]:	Writing Bytes
[SHELL OUT]:	[Parent:00007ff641c81583] >> Wrtiting [2048 bytes(s)->4 block(s)] to LBA[225584(257523712)-225588(257531904)]
[SHELL OUT]:	Closing Disk Interface >> {C:/GitHub/BlockyOS/Build/Build-nodate/disk.img}
[SHELL OUT]:	Reading File Block at 225585, Item: 25.    Root: [1742780011519050388:147156532550678]
[SHELL OUT]:	[Parent:00007ff641c810ba] >>  C:/GitHub/BlockyOS/Build/Build-nodate/disk.img  Base: 133120    ConfBlockSize: 2048    Starting Disk Env ID: 
[SHELL OUT]:	Reading Bytes
[SHELL OUT]:	[Parent:00007ff641c810de] >> Reading [2048 bytes(s)->4 block(s)] from LBA[225585(257525760)-225589(257533952)]
[SHELL OUT]:	Closing Disk Interface >> {C:/GitHub/BlockyOS/Build/Build-nodate/disk.img}
[SHELL OUT]:	Writing File Block at 225585, Item: 25.	Root: [1742780011519050388:147156532550678]
[SHELL OUT]:	[Parent:00007ff641c81557] >>  C:/GitHub/BlockyOS/Build/Build-nodate/disk.img  Base: 133120    ConfBlockSize: 2048    Starting Disk Env ID: 
[SHELL OUT]:	Writing Bytes
[SHELL OUT]:	[Parent:00007ff641c81583] >> Wrtiting [2048 bytes(s)->4 block(s)] to LBA[225585(257525760)-225589(257533952)]
[SHELL OUT]:	Closing Disk Interface >> {C:/GitHub/BlockyOS/Build/Build-nodate/disk.img}
[SHELL OUT]:	[0]: ""
Initializing CGCC.MAKE build process...
Skipping C:\GitHub\BlockyOS\src\kernel\services\IO\IO.c - up to date; source=2026-09-16T16:38:35.5854557Z, stored=09/16/2026 16:38:35
Stale source detected for C:\GitHub\BlockyOS\Build\Build-nodate\root-part\libcrt.dll. source=2026-10-02T00:08:42.2996807Z, stored=10/02/2026 00:07:31, delta=+20217671.300 sec
Compiled and updated timestamp for C:\GitHub\BlockyOS\Build\Build-nodate\root-part\libcrt.dll
Skipping C:\GitHub\BlockyOS\src\kernel\services\IO\IO.def - up to date; source=2026-09-16T21:00:02.8766014Z, stored=09/16/2026 21:00:02
gcc compile/cache/c.IO.o Build/Build-nodate/root-part/libcrt.dll src/kernel/services/IO/IO.def -Wl,-nostdlib -Wl,-shared -Wl,-flinker-output=dyn -Wl,-Bsymbolic -Wl,--out-implib,C:/GitHub/BlockyOS/Build/Build-nodate/root-part/services/IO.dll.a -Wl,-Map,C:\GitHub\BlockyOS\src\kernel\services\IO\alibcrt.map -fdiagnostics-color=always -fno-diagnostics-show-highlight-colors -nostartfiles -nodefaultlibs -fno-asynchronous-unwind-tables -fno-unwind-tables -o C:/GitHub/BlockyOS/Build/Build-nodate/root-part/services/IO.dll
Build finished successfully -> C:/GitHub/BlockyOS/Build/Build-nodate/root-part/services/IO.dll


[SHELL]	FSFRAT.MAKE
[SHELL]	FSFRAT.MOUNT
[SHELL]	e.disk -pp C:/GitHub/BlockyOS/Build/Build-nodate/disk.img -pt ROOT -bs 2048 -lb 32 -v 1:0
[SHELL OUT]:	
[SHELL OUT]:	FSFRAT DRIVER
[SHELL OUT]:	>> 
[SHELL OUT]:	[C:\GitHub\BlockyOS\tools\filesystem\frat.c:196]  >>  Mounting FS Root: [C:/GitHub/BlockyOS/Build/Build-nodate/disk.img]
[SHELL OUT]:	Verifying Disk GPT
[SHELL OUT]:	[Parent:00007ff641c7d8ff] >>  C:/GitHub/BlockyOS/Build/Build-nodate/disk.img  Base: 0    ConfBlockSize: 512    Starting Disk Env ID: 
[SHELL OUT]:	Reading Bytes
[SHELL OUT]:	[Parent:00007ff641c7d91a] >> Reading [92 bytes(s)->1 block(s)] from LBA[1(512)-2(1024)]
[SHELL OUT]:	GPT Dump:
[SHELL OUT]:	    Sig: "EFI PART"
[SHELL OUT]:	    Rev: 65536
[SHELL OUT]:	    Header-Size: 92
[SHELL OUT]:	    Header Checksum: 2621714706
[SHELL OUT]:	    localLBA: 1
[SHELL OUT]:	    altLBA: 2230273
[SHELL OUT]:	    firstUsable: 2048
[SHELL OUT]:	    lastUsable: 2230271
[SHELL OUT]:	    Disk-GUID: 
[SHELL OUT]:	    Partition-Table: 2
[SHELL OUT]:	    # of Partition-Entries: 2
[SHELL OUT]:	    Partition-Entry Size: 128
[SHELL OUT]:	    Partition-Table Checksum: 896708427
[SHELL OUT]:	Closing Disk Interface >> {C:/GitHub/BlockyOS/Build/Build-nodate/disk.img}
[SHELL OUT]:	GPT Exists? true
[SHELL OUT]:	[Parent:00007ff641c7eed9] >>  C:/GitHub/BlockyOS/Build/Build-nodate/disk.img  Base: 0    ConfBlockSize: 512    Starting Disk Env ID: 
[SHELL OUT]:	Reading Bytes
[SHELL OUT]:	[Parent:00007ff641c7eefa] >> Reading [92 bytes(s)->1 block(s)] from LBA[1(512)-2(1024)]
[SHELL OUT]:	[C:\GitHub\BlockyOS\tools\filesystem\frat.c:137]  >>  Querying Part Table
[SHELL OUT]:	Reading Bytes
[SHELL OUT]:	[Parent:00007ff641c7e73d] >> Reading [256 bytes(s)->1 block(s)] from LBA[2(1024)-3(1536)]
[SHELL OUT]:	[C:\GitHub\BlockyOS\tools\filesystem\frat.c:145]  >>  GPT-Entry: BOOT{2048:133119 -> 131071}
[SHELL OUT]:	[C:\GitHub\BlockyOS\tools\filesystem\frat.c:159]  >>  Querying FS at 2048
[SHELL OUT]:	Reading Bytes
[SHELL OUT]:	[Parent:00007ff641c7ebe1] >> Reading [60 bytes(s)->1 block(s)] from LBA[2048(1048576)-2049(1049088)]
[SHELL OUT]:	FS-Root Blob:
[SHELL OUT]:	    Version: [0:131072]
[SHELL OUT]:	    Sig: 
[SHELL OUT]:	    Configured Log Sectors: 2
[SHELL OUT]:	    Configured Block Size: 0
[SHELL OUT]:	    Configured Cluster-Map Size: 16711743
[SHELL OUT]:	[C:\GitHub\BlockyOS\tools\filesystem\frat.c:145]  >>  GPT-Entry: ROOT{133120:2230271 -> 2097151}
[SHELL OUT]:	[C:\GitHub\BlockyOS\tools\filesystem\frat.c:159]  >>  Querying FS at 133120
[SHELL OUT]:	Reading Bytes
[SHELL OUT]:	[Parent:00007ff641c7ebe1] >> Reading [60 bytes(s)->1 block(s)] from LBA[133120(68157440)-133121(68157952)]
[SHELL OUT]:	FS-Root Blob:
[SHELL OUT]:	    Version: [0:1]
[SHELL OUT]:	    Sig: FRAT_FILESYSTEM
[SHELL OUT]:	    Configured Log Sectors: 32
[SHELL OUT]:	    Configured Block Size: 2048
[SHELL OUT]:	    Configured Cluster-Map Size: 20480
[SHELL OUT]:	[C:\GitHub\BlockyOS\tools\filesystem\frat.c:184]  >>  FS Found at [133120]:
[SHELL OUT]:		Version-Code: [0:1]
[SHELL OUT]:		Configured Block-Size: 2048
[SHELL OUT]:		Configured Cluster-Size: 20480
[SHELL OUT]:		Configured # of Log-Sectors: 32
[SHELL OUT]:		Configured Log-Size: 576
[SHELL OUT]:	[C:\GitHub\BlockyOS\tools\filesystem\frat.c:210]  >>  Found Formatted Partition: 133120:2230271 -> 2097151
[SHELL OUT]:	Reading Bytes
[SHELL OUT]:	[Parent:00007ff641c7f05b] >> Reading [60 bytes(s)->1 block(s)] from LBA[133120(68157440)-133121(68157952)]
[SHELL OUT]:	[C:\GitHub\BlockyOS\tools\filesystem\frat.c:223]  >>  Root: 133120:2230271 -> 2097151 LBAs
[SHELL OUT]:		Version-Code: [0:1]
[SHELL OUT]:		Configured Block-Size: 2048
[SHELL OUT]:		Configured Cluster-Size: 20480
[SHELL OUT]:		Configured # of Log-Sectors: 20480
[SHELL OUT]:		Configured Log-Size: 32
[SHELL OUT]:	Reading Bytes
[SHELL OUT]:	[Parent:00007ff641c7f39f] >> Reading [65536 bytes(s)->128 block(s)] from LBA[133121(68159488)-133249(68421632)]
[SHELL OUT]:	Reading Bytes
[SHELL OUT]:	[Parent:00007ff641c7f44b] >> Reading [20480 bytes(s)->40 block(s)] from LBA[202752(210763776)-202792(210845696)]
[SHELL OUT]:	    Verifying FS Root Items #items: 1024
[SHELL OUT]:	Reading Bytes
[SHELL OUT]:	[Parent:00007ff641c7f6be] >> Reading [512 bytes(s)->4 block(s)] from LBA[225280(256901120)-225284(256909312)]
[SHELL OUT]:	Reading Bytes
[SHELL OUT]:	[Parent:00007ff641c7f6be] >> Reading [512 bytes(s)->4 block(s)] from LBA[225281(256903168)-225285(256911360)]
[SHELL OUT]:	Reading Bytes
[SHELL OUT]:	[Parent:00007ff641c7f6be] >> Reading [512 bytes(s)->4 block(s)] from LBA[225396(257138688)-225400(257146880)]
[SHELL OUT]:	Reading Bytes
[SHELL OUT]:	[Parent:00007ff641c7f6be] >> Reading [512 bytes(s)->4 block(s)] from LBA[225422(257191936)-225426(257200128)]
[SHELL OUT]:	Reading Bytes
[SHELL OUT]:	[Parent:00007ff641c7f6be] >> Reading [512 bytes(s)->4 block(s)] from LBA[225431(257210368)-225435(257218560)]
[SHELL OUT]:	Reading Bytes
[SHELL OUT]:	[Parent:00007ff641c7f6be] >> Reading [512 bytes(s)->4 block(s)] from LBA[225446(257241088)-225450(257249280)]
[SHELL OUT]:	Reading Bytes
[SHELL OUT]:	[Parent:00007ff641c7f6be] >> Reading [512 bytes(s)->4 block(s)] from LBA[225560(257474560)-225564(257482752)]
[SHELL OUT]:	Reading Bytes
[SHELL OUT]:	[Parent:00007ff641c7f6be] >> Reading [512 bytes(s)->4 block(s)] from LBA[225586(257527808)-225590(257536000)]
[SHELL OUT]:	Reading Bytes
[SHELL OUT]:	[Parent:00007ff641c7f6be] >> Reading [512 bytes(s)->4 block(s)] from LBA[225595(257546240)-225599(257554432)]
[SHELL OUT]:	Closing Disk Interface >> {C:/GitHub/BlockyOS/Build/Build-nodate/disk.img}
[SHELL OUT]:	[Parent:00007ff641c81926] >>  C:/GitHub/BlockyOS/Build/Build-nodate/disk.img  Base: 133120    ConfBlockSize: 2048    Starting Disk Env ID: 
[SHELL OUT]:	Writing Bytes
[SHELL OUT]:	[Parent:00007ff641c8194f] >> Wrtiting [60 bytes(s)->4 block(s)] to LBA[133120(68157440)-133124(68165632)]
[SHELL OUT]:	Writing Bytes
[SHELL OUT]:	[Parent:00007ff641c81997] >> Wrtiting [20480 bytes(s)->40 block(s)] to LBA[202752(210763776)-202792(210845696)]
[SHELL OUT]:	Closing Disk Interface >> {C:/GitHub/BlockyOS/Build/Build-nodate/disk.img}
[SHELL OUT]:	[0]: ""
[SHELL]	create -la fc -p SYSD/ -n IO.dll
[SHELL OUT]:	
[SHELL OUT]:	>> 
[SHELL OUT]:	>> 
[SHELL OUT]:	00000255d1715e9b:fc	00000255d1715ea1:SYSD/	00000255d1715eaa:IO.dll	
[SHELL OUT]:	[	SYSD/IO.dll]
[SHELL OUT]:	Mounting File [SYSD/IO.dll] with "fc"
[SHELL OUT]:	Creating File at: ./SYSD/IO.dll
[SHELL OUT]:	Root is 00000255d1719000
[SHELL OUT]:	Root is 00000255d1719000
[SHELL OUT]:	Un-Mounting File [1742780011519050388:147156532550678]
[SHELL OUT]:	[Parent:00007ff641c81926] >>  C:/GitHub/BlockyOS/Build/Build-nodate/disk.img  Base: 133120    ConfBlockSize: 2048    Starting Disk Env ID: 
[SHELL OUT]:	Writing Bytes
[SHELL OUT]:	[Parent:00007ff641c8194f] >> Wrtiting [60 bytes(s)->4 block(s)] to LBA[133120(68157440)-133124(68165632)]
[SHELL OUT]:	Writing Bytes
[SHELL OUT]:	[Parent:00007ff641c81997] >> Wrtiting [20480 bytes(s)->40 block(s)] to LBA[202752(210763776)-202792(210845696)]
[SHELL OUT]:	Closing Disk Interface >> {C:/GitHub/BlockyOS/Build/Build-nodate/disk.img}
[SHELL OUT]:	[0]: ""
[SHELL]	FSFRAT.OPEN
[SHELL]	open -p SYSD/IO.dll -a IO -la f
[SHELL OUT]:	
[SHELL OUT]:	>> 
[SHELL OUT]:	>> 
[SHELL OUT]:	Mounting File [SYSD/IO.dll] with "f"
[SHELL OUT]:	Root is 00000255d1719000
[SHELL OUT]:	[0]: ""
[SHELL]	FSFRAT.WRITE
[SHELL]	fwrite -pp C:/GitHub/BlockyOS/Build/Build-nodate/root-part/services/IO.dll -ia %IO% -p 0 -n 0
[SHELL OUT]:	
[SHELL OUT]:	>> 
[SHELL OUT]:	>> 
[SHELL OUT]:	[Parent:00007ff641c81f16] >>  C:/GitHub/BlockyOS/Build/Build-nodate/disk.img  Base: 133120    ConfBlockSize: 2048    Starting Disk Env ID: 
[SHELL OUT]:	[Parent:00007ff641c81e53] >>  C:/GitHub/BlockyOS/Build/Build-nodate/disk.img  Base: 133120    ConfBlockSize: 2048    Starting Disk Env ID: 
[SHELL OUT]:	Reading File Info
[SHELL OUT]:	Reading Bytes
[SHELL OUT]:	[Parent:00007ff641c81ec2] >> Reading [512 bytes(s)->4 block(s)] from LBA[225560(257474560)-225564(257482752)]
[SHELL OUT]:	Closing Disk Interface >> {C:/GitHub/BlockyOS/Build/Build-nodate/disk.img}
[SHELL OUT]:	Writing Bytes
[SHELL OUT]:	[Parent:00007ff641c82010] >> Wrtiting [512 bytes(s)->4 block(s)] to LBA[225560(257474560)-225564(257482752)]
[SHELL OUT]:	Closing Disk Interface >> {C:/GitHub/BlockyOS/Build/Build-nodate/disk.img}
[SHELL OUT]:	Root is 00000255d1719000
[SHELL OUT]:	Writing File Block at 225561, Item: 1.	Root: [1742780011519050388:147156532550678]
[SHELL OUT]:	[Parent:00007ff641c81557] >>  C:/GitHub/BlockyOS/Build/Build-nodate/disk.img  Base: 133120    ConfBlockSize: 2048    Starting Disk Env ID: 
[SHELL OUT]:	Writing Bytes
[SHELL OUT]:	[Parent:00007ff641c81583] >> Wrtiting [2048 bytes(s)->4 block(s)] to LBA[225561(257476608)-225565(257484800)]
[SHELL OUT]:	Closing Disk Interface >> {C:/GitHub/BlockyOS/Build/Build-nodate/disk.img}
[SHELL OUT]:	Writing File Block at 225562, Item: 2.	Root: [1742780011519050388:147156532550678]
[SHELL OUT]:	[Parent:00007ff641c81557] >>  C:/GitHub/BlockyOS/Build/Build-nodate/disk.img  Base: 133120    ConfBlockSize: 2048    Starting Disk Env ID: 
[SHELL OUT]:	Writing Bytes
[SHELL OUT]:	[Parent:00007ff641c81583] >> Wrtiting [2048 bytes(s)->4 block(s)] to LBA[225562(257478656)-225566(257486848)]
[SHELL OUT]:	Closing Disk Interface >> {C:/GitHub/BlockyOS/Build/Build-nodate/disk.img}
[SHELL OUT]:	Writing File Block at 225563, Item: 3.	Root: [1742780011519050388:147156532550678]
[SHELL OUT]:	[Parent:00007ff641c81557] >>  C:/GitHub/BlockyOS/Build/Build-nodate/disk.img  Base: 133120    ConfBlockSize: 2048    Starting Disk Env ID: 
[SHELL OUT]:	Writing Bytes
[SHELL OUT]:	[Parent:00007ff641c81583] >> Wrtiting [2048 bytes(s)->4 block(s)] to LBA[225563(257480704)-225567(257488896)]
[SHELL OUT]:	Closing Disk Interface >> {C:/GitHub/BlockyOS/Build/Build-nodate/disk.img}
[SHELL OUT]:	Writing File Block at 225564, Item: 4.	Root: [1742780011519050388:147156532550678]
[SHELL OUT]:	[Parent:00007ff641c81557] >>  C:/GitHub/BlockyOS/Build/Build-nodate/disk.img  Base: 133120    ConfBlockSize: 2048    Starting Disk Env ID: 
[SHELL OUT]:	Writing Bytes
[SHELL OUT]:	[Parent:00007ff641c81583] >> Wrtiting [2048 bytes(s)->4 block(s)] to LBA[225564(257482752)-225568(257490944)]
[SHELL OUT]:	Closing Disk Interface >> {C:/GitHub/BlockyOS/Build/Build-nodate/disk.img}
[SHELL OUT]:	Writing File Block at 225565, Item: 5.	Root: [1742780011519050388:147156532550678]
[SHELL OUT]:	[Parent:00007ff641c81557] >>  C:/GitHub/BlockyOS/Build/Build-nodate/disk.img  Base: 133120    ConfBlockSize: 2048    Starting Disk Env ID: 
[SHELL OUT]:	Writing Bytes
[SHELL OUT]:	[Parent:00007ff641c81583] >> Wrtiting [2048 bytes(s)->4 block(s)] to LBA[225565(257484800)-225569(257492992)]
[SHELL OUT]:	Closing Disk Interface >> {C:/GitHub/BlockyOS/Build/Build-nodate/disk.img}
[SHELL OUT]:	Writing File Block at 225566, Item: 6.	Root: [1742780011519050388:147156532550678]
[SHELL OUT]:	[Parent:00007ff641c81557] >>  C:/GitHub/BlockyOS/Build/Build-nodate/disk.img  Base: 133120    ConfBlockSize: 2048    Starting Disk Env ID: 
[SHELL OUT]:	Writing Bytes
[SHELL OUT]:	[Parent:00007ff641c81583] >> Wrtiting [2048 bytes(s)->4 block(s)] to LBA[225566(257486848)-225570(257495040)]
[SHELL OUT]:	Closing Disk Interface >> {C:/GitHub/BlockyOS/Build/Build-nodate/disk.img}
[SHELL OUT]:	Writing File Block at 225567, Item: 7.	Root: [1742780011519050388:147156532550678]
[SHELL OUT]:	[Parent:00007ff641c81557] >>  C:/GitHub/BlockyOS/Build/Build-nodate/disk.img  Base: 133120    ConfBlockSize: 2048    Starting Disk Env ID: 
[SHELL OUT]:	Writing Bytes
[SHELL OUT]:	[Parent:00007ff641c81583] >> Wrtiting [2048 bytes(s)->4 block(s)] to LBA[225567(257488896)-225571(257497088)]
[SHELL OUT]:	Closing Disk Interface >> {C:/GitHub/BlockyOS/Build/Build-nodate/disk.img}
[SHELL OUT]:	Writing File Block at 225568, Item: 8.	Root: [1742780011519050388:147156532550678]
[SHELL OUT]:	[Parent:00007ff641c81557] >>  C:/GitHub/BlockyOS/Build/Build-nodate/disk.img  Base: 133120    ConfBlockSize: 2048    Starting Disk Env ID: 
[SHELL OUT]:	Writing Bytes
[SHELL OUT]:	[Parent:00007ff641c81583] >> Wrtiting [2048 bytes(s)->4 block(s)] to LBA[225568(257490944)-225572(257499136)]
[SHELL OUT]:	Closing Disk Interface >> {C:/GitHub/BlockyOS/Build/Build-nodate/disk.img}
[SHELL OUT]:	Writing File Block at 225569, Item: 9.	Root: [1742780011519050388:147156532550678]
[SHELL OUT]:	[Parent:00007ff641c81557] >>  C:/GitHub/BlockyOS/Build/Build-nodate/disk.img  Base: 133120    ConfBlockSize: 2048    Starting Disk Env ID: 
[SHELL OUT]:	Writing Bytes
[SHELL OUT]:	[Parent:00007ff641c81583] >> Wrtiting [2048 bytes(s)->4 block(s)] to LBA[225569(257492992)-225573(257501184)]
[SHELL OUT]:	Closing Disk Interface >> {C:/GitHub/BlockyOS/Build/Build-nodate/disk.img}
[SHELL OUT]:	Writing File Block at 225570, Item: 10.	Root: [1742780011519050388:147156532550678]
[SHELL OUT]:	[Parent:00007ff641c81557] >>  C:/GitHub/BlockyOS/Build/Build-nodate/disk.img  Base: 133120    ConfBlockSize: 2048    Starting Disk Env ID: 
[SHELL OUT]:	Writing Bytes
[SHELL OUT]:	[Parent:00007ff641c81583] >> Wrtiting [2048 bytes(s)->4 block(s)] to LBA[225570(257495040)-225574(257503232)]
[SHELL OUT]:	Closing Disk Interface >> {C:/GitHub/BlockyOS/Build/Build-nodate/disk.img}
[SHELL OUT]:	Writing File Block at 225571, Item: 11.	Root: [1742780011519050388:147156532550678]
[SHELL OUT]:	[Parent:00007ff641c81557] >>  C:/GitHub/BlockyOS/Build/Build-nodate/disk.img  Base: 133120    ConfBlockSize: 2048    Starting Disk Env ID: 
[SHELL OUT]:	Writing Bytes
[SHELL OUT]:	[Parent:00007ff641c81583] >> Wrtiting [2048 bytes(s)->4 block(s)] to LBA[225571(257497088)-225575(257505280)]
[SHELL OUT]:	Closing Disk Interface >> {C:/GitHub/BlockyOS/Build/Build-nodate/disk.img}
[SHELL OUT]:	Writing File Block at 225572, Item: 12.	Root: [1742780011519050388:147156532550678]
[SHELL OUT]:	[Parent:00007ff641c81557] >>  C:/GitHub/BlockyOS/Build/Build-nodate/disk.img  Base: 133120    ConfBlockSize: 2048    Starting Disk Env ID: 
[SHELL OUT]:	Writing Bytes
[SHELL OUT]:	[Parent:00007ff641c81583] >> Wrtiting [2048 bytes(s)->4 block(s)] to LBA[225572(257499136)-225576(257507328)]
[SHELL OUT]:	Closing Disk Interface >> {C:/GitHub/BlockyOS/Build/Build-nodate/disk.img}
[SHELL OUT]:	Writing File Block at 225573, Item: 13.	Root: [1742780011519050388:147156532550678]
[SHELL OUT]:	[Parent:00007ff641c81557] >>  C:/GitHub/BlockyOS/Build/Build-nodate/disk.img  Base: 133120    ConfBlockSize: 2048    Starting Disk Env ID: 
[SHELL OUT]:	Writing Bytes
[SHELL OUT]:	[Parent:00007ff641c81583] >> Wrtiting [2048 bytes(s)->4 block(s)] to LBA[225573(257501184)-225577(257509376)]
[SHELL OUT]:	Closing Disk Interface >> {C:/GitHub/BlockyOS/Build/Build-nodate/disk.img}
[SHELL OUT]:	Writing File Block at 225574, Item: 14.	Root: [1742780011519050388:147156532550678]
[SHELL OUT]:	[Parent:00007ff641c81557] >>  C:/GitHub/BlockyOS/Build/Build-nodate/disk.img  Base: 133120    ConfBlockSize: 2048    Starting Disk Env ID: 
[SHELL OUT]:	Writing Bytes
[SHELL OUT]:	[Parent:00007ff641c81583] >> Wrtiting [2048 bytes(s)->4 block(s)] to LBA[225574(257503232)-225578(257511424)]
[SHELL OUT]:	Closing Disk Interface >> {C:/GitHub/BlockyOS/Build/Build-nodate/disk.img}
[SHELL OUT]:	Writing File Block at 225575, Item: 15.	Root: [1742780011519050388:147156532550678]
[SHELL OUT]:	[Parent:00007ff641c81557] >>  C:/GitHub/BlockyOS/Build/Build-nodate/disk.img  Base: 133120    ConfBlockSize: 2048    Starting Disk Env ID: 
[SHELL OUT]:	Writing Bytes
[SHELL OUT]:	[Parent:00007ff641c81583] >> Wrtiting [2048 bytes(s)->4 block(s)] to LBA[225575(257505280)-225579(257513472)]
[SHELL OUT]:	Closing Disk Interface >> {C:/GitHub/BlockyOS/Build/Build-nodate/disk.img}
[SHELL OUT]:	Writing File Block at 225576, Item: 16.	Root: [1742780011519050388:147156532550678]
[SHELL OUT]:	[Parent:00007ff641c81557] >>  C:/GitHub/BlockyOS/Build/Build-nodate/disk.img  Base: 133120    ConfBlockSize: 2048    Starting Disk Env ID: 
[SHELL OUT]:	Writing Bytes
[SHELL OUT]:	[Parent:00007ff641c81583] >> Wrtiting [2048 bytes(s)->4 block(s)] to LBA[225576(257507328)-225580(257515520)]
[SHELL OUT]:	Closing Disk Interface >> {C:/GitHub/BlockyOS/Build/Build-nodate/disk.img}
[SHELL OUT]:	Writing File Block at 225577, Item: 17.	Root: [1742780011519050388:147156532550678]
[SHELL OUT]:	[Parent:00007ff641c81557] >>  C:/GitHub/BlockyOS/Build/Build-nodate/disk.img  Base: 133120    ConfBlockSize: 2048    Starting Disk Env ID: 
[SHELL OUT]:	Writing Bytes
[SHELL OUT]:	[Parent:00007ff641c81583] >> Wrtiting [2048 bytes(s)->4 block(s)] to LBA[225577(257509376)-225581(257517568)]
[SHELL OUT]:	Closing Disk Interface >> {C:/GitHub/BlockyOS/Build/Build-nodate/disk.img}
[SHELL OUT]:	Writing File Block at 225578, Item: 18.	Root: [1742780011519050388:147156532550678]
[SHELL OUT]:	[Parent:00007ff641c81557] >>  C:/GitHub/BlockyOS/Build/Build-nodate/disk.img  Base: 133120    ConfBlockSize: 2048    Starting Disk Env ID: 
[SHELL OUT]:	Writing Bytes
[SHELL OUT]:	[Parent:00007ff641c81583] >> Wrtiting [2048 bytes(s)->4 block(s)] to LBA[225578(257511424)-225582(257519616)]
[SHELL OUT]:	Closing Disk Interface >> {C:/GitHub/BlockyOS/Build/Build-nodate/disk.img}
[SHELL OUT]:	Writing File Block at 225579, Item: 19.	Root: [1742780011519050388:147156532550678]
[SHELL OUT]:	[Parent:00007ff641c81557] >>  C:/GitHub/BlockyOS/Build/Build-nodate/disk.img  Base: 133120    ConfBlockSize: 2048    Starting Disk Env ID: 
[SHELL OUT]:	Writing Bytes
[SHELL OUT]:	[Parent:00007ff641c81583] >> Wrtiting [2048 bytes(s)->4 block(s)] to LBA[225579(257513472)-225583(257521664)]
[SHELL OUT]:	Closing Disk Interface >> {C:/GitHub/BlockyOS/Build/Build-nodate/disk.img}
[SHELL OUT]:	Writing File Block at 225580, Item: 20.	Root: [1742780011519050388:147156532550678]
[SHELL OUT]:	[Parent:00007ff641c81557] >>  C:/GitHub/BlockyOS/Build/Build-nodate/disk.img  Base: 133120    ConfBlockSize: 2048    Starting Disk Env ID: 
[SHELL OUT]:	Writing Bytes
[SHELL OUT]:	[Parent:00007ff641c81583] >> Wrtiting [2048 bytes(s)->4 block(s)] to LBA[225580(257515520)-225584(257523712)]
[SHELL OUT]:	Closing Disk Interface >> {C:/GitHub/BlockyOS/Build/Build-nodate/disk.img}
[SHELL OUT]:	Writing File Block at 225581, Item: 21.	Root: [1742780011519050388:147156532550678]
[SHELL OUT]:	[Parent:00007ff641c81557] >>  C:/GitHub/BlockyOS/Build/Build-nodate/disk.img  Base: 133120    ConfBlockSize: 2048    Starting Disk Env ID: 
[SHELL OUT]:	Writing Bytes
[SHELL OUT]:	[Parent:00007ff641c81583] >> Wrtiting [2048 bytes(s)->4 block(s)] to LBA[225581(257517568)-225585(257525760)]
[SHELL OUT]:	Closing Disk Interface >> {C:/GitHub/BlockyOS/Build/Build-nodate/disk.img}
[SHELL OUT]:	Writing File Block at 225582, Item: 22.	Root: [1742780011519050388:147156532550678]
[SHELL OUT]:	[Parent:00007ff641c81557] >>  C:/GitHub/BlockyOS/Build/Build-nodate/disk.img  Base: 133120    ConfBlockSize: 2048    Starting Disk Env ID: 
[SHELL OUT]:	Writing Bytes
[SHELL OUT]:	[Parent:00007ff641c81583] >> Wrtiting [2048 bytes(s)->4 block(s)] to LBA[225582(257519616)-225586(257527808)]
[SHELL OUT]:	Closing Disk Interface >> {C:/GitHub/BlockyOS/Build/Build-nodate/disk.img}
[SHELL OUT]:	Writing File Block at 225583, Item: 23.	Root: [1742780011519050388:147156532550678]
[SHELL OUT]:	[Parent:00007ff641c81557] >>  C:/GitHub/BlockyOS/Build/Build-nodate/disk.img  Base: 133120    ConfBlockSize: 2048    Starting Disk Env ID: 
[SHELL OUT]:	Writing Bytes
[SHELL OUT]:	[Parent:00007ff641c81583] >> Wrtiting [2048 bytes(s)->4 block(s)] to LBA[225583(257521664)-225587(257529856)]
[SHELL OUT]:	Closing Disk Interface >> {C:/GitHub/BlockyOS/Build/Build-nodate/disk.img}
[SHELL OUT]:	Writing File Block at 225584, Item: 24.	Root: [1742780011519050388:147156532550678]
[SHELL OUT]:	[Parent:00007ff641c81557] >>  C:/GitHub/BlockyOS/Build/Build-nodate/disk.img  Base: 133120    ConfBlockSize: 2048    Starting Disk Env ID: 
[SHELL OUT]:	Writing Bytes
[SHELL OUT]:	[Parent:00007ff641c81583] >> Wrtiting [2048 bytes(s)->4 block(s)] to LBA[225584(257523712)-225588(257531904)]
[SHELL OUT]:	Closing Disk Interface >> {C:/GitHub/BlockyOS/Build/Build-nodate/disk.img}
[SHELL OUT]:	Reading File Block at 225585, Item: 25.    Root: [1742780011519050388:147156532550678]
[SHELL OUT]:	[Parent:00007ff641c810ba] >>  C:/GitHub/BlockyOS/Build/Build-nodate/disk.img  Base: 133120    ConfBlockSize: 2048    Starting Disk Env ID: 
[SHELL OUT]:	Reading Bytes
[SHELL OUT]:	[Parent:00007ff641c810de] >> Reading [2048 bytes(s)->4 block(s)] from LBA[225585(257525760)-225589(257533952)]
[SHELL OUT]:	Closing Disk Interface >> {C:/GitHub/BlockyOS/Build/Build-nodate/disk.img}
[SHELL OUT]:	Writing File Block at 225585, Item: 25.	Root: [1742780011519050388:147156532550678]
[SHELL OUT]:	[Parent:00007ff641c81557] >>  C:/GitHub/BlockyOS/Build/Build-nodate/disk.img  Base: 133120    ConfBlockSize: 2048    Starting Disk Env ID: 
[SHELL OUT]:	Writing Bytes
[SHELL OUT]:	[Parent:00007ff641c81583] >> Wrtiting [2048 bytes(s)->4 block(s)] to LBA[225585(257525760)-225589(257533952)]
[SHELL OUT]:	Closing Disk Interface >> {C:/GitHub/BlockyOS/Build/Build-nodate/disk.img}
[SHELL OUT]:	[0]: ""
Initializing CGCC.MAKE build process...
Skipping C:\GitHub\BlockyOS\src\kernel\services\IO\IO.c - up to date; source=2026-09-16T16:38:35.5854557Z, stored=09/16/2026 16:38:35
Stale source detected for C:\GitHub\BlockyOS\Build\Build-nodate\root-part\libcrt.dll. source=2026-10-02T01:24:49.2224809Z, stored=10/02/2026 00:08:42, delta=+20222167.222 sec
Compiled and updated timestamp for C:\GitHub\BlockyOS\Build\Build-nodate\root-part\libcrt.dll
Skipping C:\GitHub\BlockyOS\src\kernel\services\IO\IO.def - up to date; source=2026-09-16T21:00:02.8766014Z, stored=09/16/2026 21:00:02
gcc compile/cache/c.IO.o Build/Build-nodate/root-part/libcrt.dll src/kernel/services/IO/IO.def -Wl,-nostdlib -Wl,-shared -Wl,-flinker-output=dyn -Wl,-Bsymbolic -Wl,--out-implib,C:/GitHub/BlockyOS/Build/Build-nodate/root-part/services/IO.dll.a -Wl,-Map,C:\GitHub\BlockyOS\src\kernel\services\IO\alibcrt.map -fdiagnostics-color=always -fno-diagnostics-show-highlight-colors -nostartfiles -nodefaultlibs -fno-asynchronous-unwind-tables -fno-unwind-tables -o C:/GitHub/BlockyOS/Build/Build-nodate/root-part/services/IO.dll
Build finished successfully -> C:/GitHub/BlockyOS/Build/Build-nodate/root-part/services/IO.dll


[SHELL]	FSFRAT.MAKE
[SHELL]	FSFRAT.MOUNT
[SHELL]	e.disk -pp C:/GitHub/BlockyOS/Build/Build-nodate/disk.img -pt ROOT -bs 2048 -lb 32 -v 1:0
[SHELL OUT]:	
[SHELL OUT]:	FSFRAT DRIVER
[SHELL OUT]:	>> 
[SHELL OUT]:	[C:\GitHub\BlockyOS\tools\filesystem\frat.c:196]  >>  Mounting FS Root: [C:/GitHub/BlockyOS/Build/Build-nodate/disk.img]
[SHELL OUT]:	Verifying Disk GPT
[SHELL OUT]:	[Parent:00007ff6f3cbd8ff] >>  C:/GitHub/BlockyOS/Build/Build-nodate/disk.img  Base: 0    ConfBlockSize: 512    Starting Disk Env ID: 
[SHELL OUT]:	Reading Bytes
[SHELL OUT]:	[Parent:00007ff6f3cbd91a] >> Reading [92 bytes(s)->1 block(s)] from LBA[1(512)-2(1024)]
[SHELL OUT]:	GPT Dump:
[SHELL OUT]:	    Sig: "EFI PART"
[SHELL OUT]:	    Rev: 65536
[SHELL OUT]:	    Header-Size: 92
[SHELL OUT]:	    Header Checksum: 2621714706
[SHELL OUT]:	    localLBA: 1
[SHELL OUT]:	    altLBA: 2230273
[SHELL OUT]:	    firstUsable: 2048
[SHELL OUT]:	    lastUsable: 2230271
[SHELL OUT]:	    Disk-GUID: 
[SHELL OUT]:	    Partition-Table: 2
[SHELL OUT]:	    # of Partition-Entries: 2
[SHELL OUT]:	    Partition-Entry Size: 128
[SHELL OUT]:	    Partition-Table Checksum: 896708427
[SHELL OUT]:	Closing Disk Interface >> {C:/GitHub/BlockyOS/Build/Build-nodate/disk.img}
[SHELL OUT]:	GPT Exists? true
[SHELL OUT]:	[Parent:00007ff6f3cbeed9] >>  C:/GitHub/BlockyOS/Build/Build-nodate/disk.img  Base: 0    ConfBlockSize: 512    Starting Disk Env ID: 
[SHELL OUT]:	Reading Bytes
[SHELL OUT]:	[Parent:00007ff6f3cbeefa] >> Reading [92 bytes(s)->1 block(s)] from LBA[1(512)-2(1024)]
[SHELL OUT]:	[C:\GitHub\BlockyOS\tools\filesystem\frat.c:137]  >>  Querying Part Table
[SHELL OUT]:	Reading Bytes
[SHELL OUT]:	[Parent:00007ff6f3cbe73d] >> Reading [256 bytes(s)->1 block(s)] from LBA[2(1024)-3(1536)]
[SHELL OUT]:	[C:\GitHub\BlockyOS\tools\filesystem\frat.c:145]  >>  GPT-Entry: BOOT{2048:133119 -> 131071}
[SHELL OUT]:	[C:\GitHub\BlockyOS\tools\filesystem\frat.c:159]  >>  Querying FS at 2048
[SHELL OUT]:	Reading Bytes
[SHELL OUT]:	[Parent:00007ff6f3cbebe1] >> Reading [60 bytes(s)->1 block(s)] from LBA[2048(1048576)-2049(1049088)]
[SHELL OUT]:	FS-Root Blob:
[SHELL OUT]:	    Version: [0:131072]
[SHELL OUT]:	    Sig: 
[SHELL OUT]:	    Configured Log Sectors: 2
[SHELL OUT]:	    Configured Block Size: 0
[SHELL OUT]:	    Configured Cluster-Map Size: 16711743
[SHELL OUT]:	[C:\GitHub\BlockyOS\tools\filesystem\frat.c:145]  >>  GPT-Entry: ROOT{133120:2230271 -> 2097151}
[SHELL OUT]:	[C:\GitHub\BlockyOS\tools\filesystem\frat.c:159]  >>  Querying FS at 133120
[SHELL OUT]:	Reading Bytes
[SHELL OUT]:	[Parent:00007ff6f3cbebe1] >> Reading [60 bytes(s)->1 block(s)] from LBA[133120(68157440)-133121(68157952)]
[SHELL OUT]:	FS-Root Blob:
[SHELL OUT]:	    Version: [0:1]
[SHELL OUT]:	    Sig: FRAT_FILESYSTEM
[SHELL OUT]:	    Configured Log Sectors: 32
[SHELL OUT]:	    Configured Block Size: 2048
[SHELL OUT]:	    Configured Cluster-Map Size: 20480
[SHELL OUT]:	[C:\GitHub\BlockyOS\tools\filesystem\frat.c:184]  >>  FS Found at [133120]:
[SHELL OUT]:		Version-Code: [0:1]
[SHELL OUT]:		Configured Block-Size: 2048
[SHELL OUT]:		Configured Cluster-Size: 20480
[SHELL OUT]:		Configured # of Log-Sectors: 32
[SHELL OUT]:		Configured Log-Size: 576
[SHELL OUT]:	[C:\GitHub\BlockyOS\tools\filesystem\frat.c:210]  >>  Found Formatted Partition: 133120:2230271 -> 2097151
[SHELL OUT]:	Reading Bytes
[SHELL OUT]:	[Parent:00007ff6f3cbf05b] >> Reading [60 bytes(s)->1 block(s)] from LBA[133120(68157440)-133121(68157952)]
[SHELL OUT]:	[C:\GitHub\BlockyOS\tools\filesystem\frat.c:223]  >>  Root: 133120:2230271 -> 2097151 LBAs
[SHELL OUT]:		Version-Code: [0:1]
[SHELL OUT]:		Configured Block-Size: 2048
[SHELL OUT]:		Configured Cluster-Size: 20480
[SHELL OUT]:		Configured # of Log-Sectors: 20480
[SHELL OUT]:		Configured Log-Size: 32
[SHELL OUT]:	Reading Bytes
[SHELL OUT]:	[Parent:00007ff6f3cbf39f] >> Reading [65536 bytes(s)->128 block(s)] from LBA[133121(68159488)-133249(68421632)]
[SHELL OUT]:	Reading Bytes
[SHELL OUT]:	[Parent:00007ff6f3cbf44b] >> Reading [20480 bytes(s)->40 block(s)] from LBA[202752(210763776)-202792(210845696)]
[SHELL OUT]:	    Verifying FS Root Items #items: 1024
[SHELL OUT]:	Reading Bytes
[SHELL OUT]:	[Parent:00007ff6f3cbf6be] >> Reading [512 bytes(s)->4 block(s)] from LBA[225280(256901120)-225284(256909312)]
[SHELL OUT]:	Reading Bytes
[SHELL OUT]:	[Parent:00007ff6f3cbf6be] >> Reading [512 bytes(s)->4 block(s)] from LBA[225281(256903168)-225285(256911360)]
[SHELL OUT]:	Reading Bytes
[SHELL OUT]:	[Parent:00007ff6f3cbf6be] >> Reading [512 bytes(s)->4 block(s)] from LBA[225396(257138688)-225400(257146880)]
[SHELL OUT]:	Reading Bytes
[SHELL OUT]:	[Parent:00007ff6f3cbf6be] >> Reading [512 bytes(s)->4 block(s)] from LBA[225422(257191936)-225426(257200128)]
[SHELL OUT]:	Reading Bytes
[SHELL OUT]:	[Parent:00007ff6f3cbf6be] >> Reading [512 bytes(s)->4 block(s)] from LBA[225431(257210368)-225435(257218560)]
[SHELL OUT]:	Reading Bytes
[SHELL OUT]:	[Parent:00007ff6f3cbf6be] >> Reading [512 bytes(s)->4 block(s)] from LBA[225446(257241088)-225450(257249280)]
[SHELL OUT]:	Reading Bytes
[SHELL OUT]:	[Parent:00007ff6f3cbf6be] >> Reading [512 bytes(s)->4 block(s)] from LBA[225560(257474560)-225564(257482752)]
[SHELL OUT]:	Reading Bytes
[SHELL OUT]:	[Parent:00007ff6f3cbf6be] >> Reading [512 bytes(s)->4 block(s)] from LBA[225586(257527808)-225590(257536000)]
[SHELL OUT]:	Reading Bytes
[SHELL OUT]:	[Parent:00007ff6f3cbf6be] >> Reading [512 bytes(s)->4 block(s)] from LBA[225595(257546240)-225599(257554432)]
[SHELL OUT]:	Closing Disk Interface >> {C:/GitHub/BlockyOS/Build/Build-nodate/disk.img}
[SHELL OUT]:	[Parent:00007ff6f3cc1926] >>  C:/GitHub/BlockyOS/Build/Build-nodate/disk.img  Base: 133120    ConfBlockSize: 2048    Starting Disk Env ID: 
[SHELL OUT]:	Writing Bytes
[SHELL OUT]:	[Parent:00007ff6f3cc194f] >> Wrtiting [60 bytes(s)->4 block(s)] to LBA[133120(68157440)-133124(68165632)]
[SHELL OUT]:	Writing Bytes
[SHELL OUT]:	[Parent:00007ff6f3cc1997] >> Wrtiting [20480 bytes(s)->40 block(s)] to LBA[202752(210763776)-202792(210845696)]
[SHELL OUT]:	Closing Disk Interface >> {C:/GitHub/BlockyOS/Build/Build-nodate/disk.img}
[SHELL OUT]:	[0]: ""
[SHELL]	create -la fc -p SYSD/ -n IO.dll
[SHELL OUT]:	
[SHELL OUT]:	>> 
[SHELL OUT]:	>> 
[SHELL OUT]:	000001db35565ecb:fc	000001db35565ed1:SYSD/	000001db35565eda:IO.dll	
[SHELL OUT]:	[	SYSD/IO.dll]
[SHELL OUT]:	Mounting File [SYSD/IO.dll] with "fc"
[SHELL OUT]:	Creating File at: ./SYSD/IO.dll
[SHELL OUT]:	Root is 000001db35569030
[SHELL OUT]:	Root is 000001db35569030
[SHELL OUT]:	Un-Mounting File [1742780011519050388:147156532550678]
[SHELL OUT]:	[Parent:00007ff6f3cc1926] >>  C:/GitHub/BlockyOS/Build/Build-nodate/disk.img  Base: 133120    ConfBlockSize: 2048    Starting Disk Env ID: 
[SHELL OUT]:	Writing Bytes
[SHELL OUT]:	[Parent:00007ff6f3cc194f] >> Wrtiting [60 bytes(s)->4 block(s)] to LBA[133120(68157440)-133124(68165632)]
[SHELL OUT]:	Writing Bytes
[SHELL OUT]:	[Parent:00007ff6f3cc1997] >> Wrtiting [20480 bytes(s)->40 block(s)] to LBA[202752(210763776)-202792(210845696)]
[SHELL OUT]:	Closing Disk Interface >> {C:/GitHub/BlockyOS/Build/Build-nodate/disk.img}
[SHELL OUT]:	[0]: ""
[SHELL]	FSFRAT.OPEN
[SHELL]	open -p SYSD/IO.dll -a IO -la f
[SHELL OUT]:	
[SHELL OUT]:	>> 
[SHELL OUT]:	>> 
[SHELL OUT]:	Mounting File [SYSD/IO.dll] with "f"
[SHELL OUT]:	Root is 000001db35569030
[SHELL OUT]:	[0]: ""
[SHELL]	FSFRAT.WRITE
[SHELL]	fwrite -pp C:/GitHub/BlockyOS/Build/Build-nodate/root-part/services/IO.dll -ia %IO% -p 0 -n 0
[SHELL OUT]:	
[SHELL OUT]:	>> 
[SHELL OUT]:	>> 
[SHELL OUT]:	[Parent:00007ff6f3cc1f16] >>  C:/GitHub/BlockyOS/Build/Build-nodate/disk.img  Base: 133120    ConfBlockSize: 2048    Starting Disk Env ID: 
[SHELL OUT]:	[Parent:00007ff6f3cc1e53] >>  C:/GitHub/BlockyOS/Build/Build-nodate/disk.img  Base: 133120    ConfBlockSize: 2048    Starting Disk Env ID: 
[SHELL OUT]:	Reading File Info
[SHELL OUT]:	Reading Bytes
[SHELL OUT]:	[Parent:00007ff6f3cc1ec2] >> Reading [512 bytes(s)->4 block(s)] from LBA[225560(257474560)-225564(257482752)]
[SHELL OUT]:	Closing Disk Interface >> {C:/GitHub/BlockyOS/Build/Build-nodate/disk.img}
[SHELL OUT]:	Writing Bytes
[SHELL OUT]:	[Parent:00007ff6f3cc2010] >> Wrtiting [512 bytes(s)->4 block(s)] to LBA[225560(257474560)-225564(257482752)]
[SHELL OUT]:	Closing Disk Interface >> {C:/GitHub/BlockyOS/Build/Build-nodate/disk.img}
[SHELL OUT]:	Root is 000001db35569030
[SHELL OUT]:	Writing File Block at 225561, Item: 1.	Root: [1742780011519050388:147156532550678]
[SHELL OUT]:	[Parent:00007ff6f3cc1557] >>  C:/GitHub/BlockyOS/Build/Build-nodate/disk.img  Base: 133120    ConfBlockSize: 2048    Starting Disk Env ID: 
[SHELL OUT]:	Writing Bytes
[SHELL OUT]:	[Parent:00007ff6f3cc1583] >> Wrtiting [2048 bytes(s)->4 block(s)] to LBA[225561(257476608)-225565(257484800)]
[SHELL OUT]:	Closing Disk Interface >> {C:/GitHub/BlockyOS/Build/Build-nodate/disk.img}
[SHELL OUT]:	Writing File Block at 225562, Item: 2.	Root: [1742780011519050388:147156532550678]
[SHELL OUT]:	[Parent:00007ff6f3cc1557] >>  C:/GitHub/BlockyOS/Build/Build-nodate/disk.img  Base: 133120    ConfBlockSize: 2048    Starting Disk Env ID: 
[SHELL OUT]:	Writing Bytes
[SHELL OUT]:	[Parent:00007ff6f3cc1583] >> Wrtiting [2048 bytes(s)->4 block(s)] to LBA[225562(257478656)-225566(257486848)]
[SHELL OUT]:	Closing Disk Interface >> {C:/GitHub/BlockyOS/Build/Build-nodate/disk.img}
[SHELL OUT]:	Writing File Block at 225563, Item: 3.	Root: [1742780011519050388:147156532550678]
[SHELL OUT]:	[Parent:00007ff6f3cc1557] >>  C:/GitHub/BlockyOS/Build/Build-nodate/disk.img  Base: 133120    ConfBlockSize: 2048    Starting Disk Env ID: 
[SHELL OUT]:	Writing Bytes
[SHELL OUT]:	[Parent:00007ff6f3cc1583] >> Wrtiting [2048 bytes(s)->4 block(s)] to LBA[225563(257480704)-225567(257488896)]
[SHELL OUT]:	Closing Disk Interface >> {C:/GitHub/BlockyOS/Build/Build-nodate/disk.img}
[SHELL OUT]:	Writing File Block at 225564, Item: 4.	Root: [1742780011519050388:147156532550678]
[SHELL OUT]:	[Parent:00007ff6f3cc1557] >>  C:/GitHub/BlockyOS/Build/Build-nodate/disk.img  Base: 133120    ConfBlockSize: 2048    Starting Disk Env ID: 
[SHELL OUT]:	Writing Bytes
[SHELL OUT]:	[Parent:00007ff6f3cc1583] >> Wrtiting [2048 bytes(s)->4 block(s)] to LBA[225564(257482752)-225568(257490944)]
[SHELL OUT]:	Closing Disk Interface >> {C:/GitHub/BlockyOS/Build/Build-nodate/disk.img}
[SHELL OUT]:	Writing File Block at 225565, Item: 5.	Root: [1742780011519050388:147156532550678]
[SHELL OUT]:	[Parent:00007ff6f3cc1557] >>  C:/GitHub/BlockyOS/Build/Build-nodate/disk.img  Base: 133120    ConfBlockSize: 2048    Starting Disk Env ID: 
[SHELL OUT]:	Writing Bytes
[SHELL OUT]:	[Parent:00007ff6f3cc1583] >> Wrtiting [2048 bytes(s)->4 block(s)] to LBA[225565(257484800)-225569(257492992)]
[SHELL OUT]:	Closing Disk Interface >> {C:/GitHub/BlockyOS/Build/Build-nodate/disk.img}
[SHELL OUT]:	Writing File Block at 225566, Item: 6.	Root: [1742780011519050388:147156532550678]
[SHELL OUT]:	[Parent:00007ff6f3cc1557] >>  C:/GitHub/BlockyOS/Build/Build-nodate/disk.img  Base: 133120    ConfBlockSize: 2048    Starting Disk Env ID: 
[SHELL OUT]:	Writing Bytes
[SHELL OUT]:	[Parent:00007ff6f3cc1583] >> Wrtiting [2048 bytes(s)->4 block(s)] to LBA[225566(257486848)-225570(257495040)]
[SHELL OUT]:	Closing Disk Interface >> {C:/GitHub/BlockyOS/Build/Build-nodate/disk.img}
[SHELL OUT]:	Writing File Block at 225567, Item: 7.	Root: [1742780011519050388:147156532550678]
[SHELL OUT]:	[Parent:00007ff6f3cc1557] >>  C:/GitHub/BlockyOS/Build/Build-nodate/disk.img  Base: 133120    ConfBlockSize: 2048    Starting Disk Env ID: 
[SHELL OUT]:	Writing Bytes
[SHELL OUT]:	[Parent:00007ff6f3cc1583] >> Wrtiting [2048 bytes(s)->4 block(s)] to LBA[225567(257488896)-225571(257497088)]
[SHELL OUT]:	Closing Disk Interface >> {C:/GitHub/BlockyOS/Build/Build-nodate/disk.img}
[SHELL OUT]:	Writing File Block at 225568, Item: 8.	Root: [1742780011519050388:147156532550678]
[SHELL OUT]:	[Parent:00007ff6f3cc1557] >>  C:/GitHub/BlockyOS/Build/Build-nodate/disk.img  Base: 133120    ConfBlockSize: 2048    Starting Disk Env ID: 
[SHELL OUT]:	Writing Bytes
[SHELL OUT]:	[Parent:00007ff6f3cc1583] >> Wrtiting [2048 bytes(s)->4 block(s)] to LBA[225568(257490944)-225572(257499136)]
[SHELL OUT]:	Closing Disk Interface >> {C:/GitHub/BlockyOS/Build/Build-nodate/disk.img}
[SHELL OUT]:	Writing File Block at 225569, Item: 9.	Root: [1742780011519050388:147156532550678]
[SHELL OUT]:	[Parent:00007ff6f3cc1557] >>  C:/GitHub/BlockyOS/Build/Build-nodate/disk.img  Base: 133120    ConfBlockSize: 2048    Starting Disk Env ID: 
[SHELL OUT]:	Writing Bytes
[SHELL OUT]:	[Parent:00007ff6f3cc1583] >> Wrtiting [2048 bytes(s)->4 block(s)] to LBA[225569(257492992)-225573(257501184)]
[SHELL OUT]:	Closing Disk Interface >> {C:/GitHub/BlockyOS/Build/Build-nodate/disk.img}
[SHELL OUT]:	Writing File Block at 225570, Item: 10.	Root: [1742780011519050388:147156532550678]
[SHELL OUT]:	[Parent:00007ff6f3cc1557] >>  C:/GitHub/BlockyOS/Build/Build-nodate/disk.img  Base: 133120    ConfBlockSize: 2048    Starting Disk Env ID: 
[SHELL OUT]:	Writing Bytes
[SHELL OUT]:	[Parent:00007ff6f3cc1583] >> Wrtiting [2048 bytes(s)->4 block(s)] to LBA[225570(257495040)-225574(257503232)]
[SHELL OUT]:	Closing Disk Interface >> {C:/GitHub/BlockyOS/Build/Build-nodate/disk.img}
[SHELL OUT]:	Writing File Block at 225571, Item: 11.	Root: [1742780011519050388:147156532550678]
[SHELL OUT]:	[Parent:00007ff6f3cc1557] >>  C:/GitHub/BlockyOS/Build/Build-nodate/disk.img  Base: 133120    ConfBlockSize: 2048    Starting Disk Env ID: 
[SHELL OUT]:	Writing Bytes
[SHELL OUT]:	[Parent:00007ff6f3cc1583] >> Wrtiting [2048 bytes(s)->4 block(s)] to LBA[225571(257497088)-225575(257505280)]
[SHELL OUT]:	Closing Disk Interface >> {C:/GitHub/BlockyOS/Build/Build-nodate/disk.img}
[SHELL OUT]:	Writing File Block at 225572, Item: 12.	Root: [1742780011519050388:147156532550678]
[SHELL OUT]:	[Parent:00007ff6f3cc1557] >>  C:/GitHub/BlockyOS/Build/Build-nodate/disk.img  Base: 133120    ConfBlockSize: 2048    Starting Disk Env ID: 
[SHELL OUT]:	Writing Bytes
[SHELL OUT]:	[Parent:00007ff6f3cc1583] >> Wrtiting [2048 bytes(s)->4 block(s)] to LBA[225572(257499136)-225576(257507328)]
[SHELL OUT]:	Closing Disk Interface >> {C:/GitHub/BlockyOS/Build/Build-nodate/disk.img}
[SHELL OUT]:	Writing File Block at 225573, Item: 13.	Root: [1742780011519050388:147156532550678]
[SHELL OUT]:	[Parent:00007ff6f3cc1557] >>  C:/GitHub/BlockyOS/Build/Build-nodate/disk.img  Base: 133120    ConfBlockSize: 2048    Starting Disk Env ID: 
[SHELL OUT]:	Writing Bytes
[SHELL OUT]:	[Parent:00007ff6f3cc1583] >> Wrtiting [2048 bytes(s)->4 block(s)] to LBA[225573(257501184)-225577(257509376)]
[SHELL OUT]:	Closing Disk Interface >> {C:/GitHub/BlockyOS/Build/Build-nodate/disk.img}
[SHELL OUT]:	Writing File Block at 225574, Item: 14.	Root: [1742780011519050388:147156532550678]
[SHELL OUT]:	[Parent:00007ff6f3cc1557] >>  C:/GitHub/BlockyOS/Build/Build-nodate/disk.img  Base: 133120    ConfBlockSize: 2048    Starting Disk Env ID: 
[SHELL OUT]:	Writing Bytes
[SHELL OUT]:	[Parent:00007ff6f3cc1583] >> Wrtiting [2048 bytes(s)->4 block(s)] to LBA[225574(257503232)-225578(257511424)]
[SHELL OUT]:	Closing Disk Interface >> {C:/GitHub/BlockyOS/Build/Build-nodate/disk.img}
[SHELL OUT]:	Writing File Block at 225575, Item: 15.	Root: [1742780011519050388:147156532550678]
[SHELL OUT]:	[Parent:00007ff6f3cc1557] >>  C:/GitHub/BlockyOS/Build/Build-nodate/disk.img  Base: 133120    ConfBlockSize: 2048    Starting Disk Env ID: 
[SHELL OUT]:	Writing Bytes
[SHELL OUT]:	[Parent:00007ff6f3cc1583] >> Wrtiting [2048 bytes(s)->4 block(s)] to LBA[225575(257505280)-225579(257513472)]
[SHELL OUT]:	Closing Disk Interface >> {C:/GitHub/BlockyOS/Build/Build-nodate/disk.img}
[SHELL OUT]:	Writing File Block at 225576, Item: 16.	Root: [1742780011519050388:147156532550678]
[SHELL OUT]:	[Parent:00007ff6f3cc1557] >>  C:/GitHub/BlockyOS/Build/Build-nodate/disk.img  Base: 133120    ConfBlockSize: 2048    Starting Disk Env ID: 
[SHELL OUT]:	Writing Bytes
[SHELL OUT]:	[Parent:00007ff6f3cc1583] >> Wrtiting [2048 bytes(s)->4 block(s)] to LBA[225576(257507328)-225580(257515520)]
[SHELL OUT]:	Closing Disk Interface >> {C:/GitHub/BlockyOS/Build/Build-nodate/disk.img}
[SHELL OUT]:	Writing File Block at 225577, Item: 17.	Root: [1742780011519050388:147156532550678]
[SHELL OUT]:	[Parent:00007ff6f3cc1557] >>  C:/GitHub/BlockyOS/Build/Build-nodate/disk.img  Base: 133120    ConfBlockSize: 2048    Starting Disk Env ID: 
[SHELL OUT]:	Writing Bytes
[SHELL OUT]:	[Parent:00007ff6f3cc1583] >> Wrtiting [2048 bytes(s)->4 block(s)] to LBA[225577(257509376)-225581(257517568)]
[SHELL OUT]:	Closing Disk Interface >> {C:/GitHub/BlockyOS/Build/Build-nodate/disk.img}
[SHELL OUT]:	Writing File Block at 225578, Item: 18.	Root: [1742780011519050388:147156532550678]
[SHELL OUT]:	[Parent:00007ff6f3cc1557] >>  C:/GitHub/BlockyOS/Build/Build-nodate/disk.img  Base: 133120    ConfBlockSize: 2048    Starting Disk Env ID: 
[SHELL OUT]:	Writing Bytes
[SHELL OUT]:	[Parent:00007ff6f3cc1583] >> Wrtiting [2048 bytes(s)->4 block(s)] to LBA[225578(257511424)-225582(257519616)]
[SHELL OUT]:	Closing Disk Interface >> {C:/GitHub/BlockyOS/Build/Build-nodate/disk.img}
[SHELL OUT]:	Writing File Block at 225579, Item: 19.	Root: [1742780011519050388:147156532550678]
[SHELL OUT]:	[Parent:00007ff6f3cc1557] >>  C:/GitHub/BlockyOS/Build/Build-nodate/disk.img  Base: 133120    ConfBlockSize: 2048    Starting Disk Env ID: 
[SHELL OUT]:	Writing Bytes
[SHELL OUT]:	[Parent:00007ff6f3cc1583] >> Wrtiting [2048 bytes(s)->4 block(s)] to LBA[225579(257513472)-225583(257521664)]
[SHELL OUT]:	Closing Disk Interface >> {C:/GitHub/BlockyOS/Build/Build-nodate/disk.img}
[SHELL OUT]:	Writing File Block at 225580, Item: 20.	Root: [1742780011519050388:147156532550678]
[SHELL OUT]:	[Parent:00007ff6f3cc1557] >>  C:/GitHub/BlockyOS/Build/Build-nodate/disk.img  Base: 133120    ConfBlockSize: 2048    Starting Disk Env ID: 
[SHELL OUT]:	Writing Bytes
[SHELL OUT]:	[Parent:00007ff6f3cc1583] >> Wrtiting [2048 bytes(s)->4 block(s)] to LBA[225580(257515520)-225584(257523712)]
[SHELL OUT]:	Closing Disk Interface >> {C:/GitHub/BlockyOS/Build/Build-nodate/disk.img}
[SHELL OUT]:	Writing File Block at 225581, Item: 21.	Root: [1742780011519050388:147156532550678]
[SHELL OUT]:	[Parent:00007ff6f3cc1557] >>  C:/GitHub/BlockyOS/Build/Build-nodate/disk.img  Base: 133120    ConfBlockSize: 2048    Starting Disk Env ID: 
[SHELL OUT]:	Writing Bytes
[SHELL OUT]:	[Parent:00007ff6f3cc1583] >> Wrtiting [2048 bytes(s)->4 block(s)] to LBA[225581(257517568)-225585(257525760)]
[SHELL OUT]:	Closing Disk Interface >> {C:/GitHub/BlockyOS/Build/Build-nodate/disk.img}
[SHELL OUT]:	Writing File Block at 225582, Item: 22.	Root: [1742780011519050388:147156532550678]
[SHELL OUT]:	[Parent:00007ff6f3cc1557] >>  C:/GitHub/BlockyOS/Build/Build-nodate/disk.img  Base: 133120    ConfBlockSize: 2048    Starting Disk Env ID: 
[SHELL OUT]:	Writing Bytes
[SHELL OUT]:	[Parent:00007ff6f3cc1583] >> Wrtiting [2048 bytes(s)->4 block(s)] to LBA[225582(257519616)-225586(257527808)]
[SHELL OUT]:	Closing Disk Interface >> {C:/GitHub/BlockyOS/Build/Build-nodate/disk.img}
[SHELL OUT]:	Writing File Block at 225583, Item: 23.	Root: [1742780011519050388:147156532550678]
[SHELL OUT]:	[Parent:00007ff6f3cc1557] >>  C:/GitHub/BlockyOS/Build/Build-nodate/disk.img  Base: 133120    ConfBlockSize: 2048    Starting Disk Env ID: 
[SHELL OUT]:	Writing Bytes
[SHELL OUT]:	[Parent:00007ff6f3cc1583] >> Wrtiting [2048 bytes(s)->4 block(s)] to LBA[225583(257521664)-225587(257529856)]
[SHELL OUT]:	Closing Disk Interface >> {C:/GitHub/BlockyOS/Build/Build-nodate/disk.img}
[SHELL OUT]:	Writing File Block at 225584, Item: 24.	Root: [1742780011519050388:147156532550678]
[SHELL OUT]:	[Parent:00007ff6f3cc1557] >>  C:/GitHub/BlockyOS/Build/Build-nodate/disk.img  Base: 133120    ConfBlockSize: 2048    Starting Disk Env ID: 
[SHELL OUT]:	Writing Bytes
[SHELL OUT]:	[Parent:00007ff6f3cc1583] >> Wrtiting [2048 bytes(s)->4 block(s)] to LBA[225584(257523712)-225588(257531904)]
[SHELL OUT]:	Closing Disk Interface >> {C:/GitHub/BlockyOS/Build/Build-nodate/disk.img}
[SHELL OUT]:	Reading File Block at 225585, Item: 25.    Root: [1742780011519050388:147156532550678]
[SHELL OUT]:	[Parent:00007ff6f3cc10ba] >>  C:/GitHub/BlockyOS/Build/Build-nodate/disk.img  Base: 133120    ConfBlockSize: 2048    Starting Disk Env ID: 
[SHELL OUT]:	Reading Bytes
[SHELL OUT]:	[Parent:00007ff6f3cc10de] >> Reading [2048 bytes(s)->4 block(s)] from LBA[225585(257525760)-225589(257533952)]
[SHELL OUT]:	Closing Disk Interface >> {C:/GitHub/BlockyOS/Build/Build-nodate/disk.img}
[SHELL OUT]:	Writing File Block at 225585, Item: 25.	Root: [1742780011519050388:147156532550678]
[SHELL OUT]:	[Parent:00007ff6f3cc1557] >>  C:/GitHub/BlockyOS/Build/Build-nodate/disk.img  Base: 133120    ConfBlockSize: 2048    Starting Disk Env ID: 
[SHELL OUT]:	Writing Bytes
[SHELL OUT]:	[Parent:00007ff6f3cc1583] >> Wrtiting [2048 bytes(s)->4 block(s)] to LBA[225585(257525760)-225589(257533952)]
[SHELL OUT]:	Closing Disk Interface >> {C:/GitHub/BlockyOS/Build/Build-nodate/disk.img}
[SHELL OUT]:	[0]: ""
Initializing CGCC.MAKE build process...
Skipping C:\GitHub\BlockyOS\src\kernel\services\IO\IO.c - up to date; source=2026-09-16T16:38:35.5854557Z, stored=09/16/2026 16:38:35
Stale source detected for C:\GitHub\BlockyOS\Build\Build-nodate\root-part\libcrt.dll. source=2026-10-02T01:31:26.3226043Z, stored=10/02/2026 01:24:49, delta=+20217997.323 sec
Compiled and updated timestamp for C:\GitHub\BlockyOS\Build\Build-nodate\root-part\libcrt.dll
Skipping C:\GitHub\BlockyOS\src\kernel\services\IO\IO.def - up to date; source=2026-09-16T21:00:02.8766014Z, stored=09/16/2026 21:00:02
gcc compile/cache/c.IO.o Build/Build-nodate/root-part/libcrt.dll src/kernel/services/IO/IO.def -Wl,-nostdlib -Wl,-shared -Wl,-flinker-output=dyn -Wl,-Bsymbolic -Wl,--out-implib,C:/GitHub/BlockyOS/Build/Build-nodate/root-part/services/IO.dll.a -Wl,-Map,C:\GitHub\BlockyOS\src\kernel\services\IO\alibcrt.map -fdiagnostics-color=always -fno-diagnostics-show-highlight-colors -nostartfiles -nodefaultlibs -fno-asynchronous-unwind-tables -fno-unwind-tables -o C:/GitHub/BlockyOS/Build/Build-nodate/root-part/services/IO.dll
Build finished successfully -> C:/GitHub/BlockyOS/Build/Build-nodate/root-part/services/IO.dll


[SHELL]	FSFRAT.MAKE
[SHELL]	FSFRAT.MOUNT
[SHELL]	e.disk -pp C:/GitHub/BlockyOS/Build/Build-nodate/disk.img -pt ROOT -bs 2048 -lb 32 -v 1:0
[SHELL OUT]:	
[SHELL OUT]:	FSFRAT DRIVER
[SHELL OUT]:	>> 
[SHELL OUT]:	[C:\GitHub\BlockyOS\tools\filesystem\frat.c:196]  >>  Mounting FS Root: [C:/GitHub/BlockyOS/Build/Build-nodate/disk.img]
[SHELL OUT]:	Verifying Disk GPT
[SHELL OUT]:	[Parent:00007ff6f3cbd8ff] >>  C:/GitHub/BlockyOS/Build/Build-nodate/disk.img  Base: 0    ConfBlockSize: 512    Starting Disk Env ID: 
[SHELL OUT]:	Reading Bytes
[SHELL OUT]:	[Parent:00007ff6f3cbd91a] >> Reading [92 bytes(s)->1 block(s)] from LBA[1(512)-2(1024)]
[SHELL OUT]:	GPT Dump:
[SHELL OUT]:	    Sig: "EFI PART"
[SHELL OUT]:	    Rev: 65536
[SHELL OUT]:	    Header-Size: 92
[SHELL OUT]:	    Header Checksum: 2621714706
[SHELL OUT]:	    localLBA: 1
[SHELL OUT]:	    altLBA: 2230273
[SHELL OUT]:	    firstUsable: 2048
[SHELL OUT]:	    lastUsable: 2230271
[SHELL OUT]:	    Disk-GUID: 
[SHELL OUT]:	    Partition-Table: 2
[SHELL OUT]:	    # of Partition-Entries: 2
[SHELL OUT]:	    Partition-Entry Size: 128
[SHELL OUT]:	    Partition-Table Checksum: 896708427
[SHELL OUT]:	Closing Disk Interface >> {C:/GitHub/BlockyOS/Build/Build-nodate/disk.img}
[SHELL OUT]:	GPT Exists? true
[SHELL OUT]:	[Parent:00007ff6f3cbeed9] >>  C:/GitHub/BlockyOS/Build/Build-nodate/disk.img  Base: 0    ConfBlockSize: 512    Starting Disk Env ID: 
[SHELL OUT]:	Reading Bytes
[SHELL OUT]:	[Parent:00007ff6f3cbeefa] >> Reading [92 bytes(s)->1 block(s)] from LBA[1(512)-2(1024)]
[SHELL OUT]:	[C:\GitHub\BlockyOS\tools\filesystem\frat.c:137]  >>  Querying Part Table
[SHELL OUT]:	Reading Bytes
[SHELL OUT]:	[Parent:00007ff6f3cbe73d] >> Reading [256 bytes(s)->1 block(s)] from LBA[2(1024)-3(1536)]
[SHELL OUT]:	[C:\GitHub\BlockyOS\tools\filesystem\frat.c:145]  >>  GPT-Entry: BOOT{2048:133119 -> 131071}
[SHELL OUT]:	[C:\GitHub\BlockyOS\tools\filesystem\frat.c:159]  >>  Querying FS at 2048
[SHELL OUT]:	Reading Bytes
[SHELL OUT]:	[Parent:00007ff6f3cbebe1] >> Reading [60 bytes(s)->1 block(s)] from LBA[2048(1048576)-2049(1049088)]
[SHELL OUT]:	FS-Root Blob:
[SHELL OUT]:	    Version: [0:131072]
[SHELL OUT]:	    Sig: 
[SHELL OUT]:	    Configured Log Sectors: 2
[SHELL OUT]:	    Configured Block Size: 0
[SHELL OUT]:	    Configured Cluster-Map Size: 16711743
[SHELL OUT]:	[C:\GitHub\BlockyOS\tools\filesystem\frat.c:145]  >>  GPT-Entry: ROOT{133120:2230271 -> 2097151}
[SHELL OUT]:	[C:\GitHub\BlockyOS\tools\filesystem\frat.c:159]  >>  Querying FS at 133120
[SHELL OUT]:	Reading Bytes
[SHELL OUT]:	[Parent:00007ff6f3cbebe1] >> Reading [60 bytes(s)->1 block(s)] from LBA[133120(68157440)-133121(68157952)]
[SHELL OUT]:	FS-Root Blob:
[SHELL OUT]:	    Version: [0:1]
[SHELL OUT]:	    Sig: FRAT_FILESYSTEM
[SHELL OUT]:	    Configured Log Sectors: 32
[SHELL OUT]:	    Configured Block Size: 2048
[SHELL OUT]:	    Configured Cluster-Map Size: 20480
[SHELL OUT]:	[C:\GitHub\BlockyOS\tools\filesystem\frat.c:184]  >>  FS Found at [133120]:
[SHELL OUT]:		Version-Code: [0:1]
[SHELL OUT]:		Configured Block-Size: 2048
[SHELL OUT]:		Configured Cluster-Size: 20480
[SHELL OUT]:		Configured # of Log-Sectors: 32
[SHELL OUT]:		Configured Log-Size: 576
[SHELL OUT]:	[C:\GitHub\BlockyOS\tools\filesystem\frat.c:210]  >>  Found Formatted Partition: 133120:2230271 -> 2097151
[SHELL OUT]:	Reading Bytes
[SHELL OUT]:	[Parent:00007ff6f3cbf05b] >> Reading [60 bytes(s)->1 block(s)] from LBA[133120(68157440)-133121(68157952)]
[SHELL OUT]:	[C:\GitHub\BlockyOS\tools\filesystem\frat.c:223]  >>  Root: 133120:2230271 -> 2097151 LBAs
[SHELL OUT]:		Version-Code: [0:1]
[SHELL OUT]:		Configured Block-Size: 2048
[SHELL OUT]:		Configured Cluster-Size: 20480
[SHELL OUT]:		Configured # of Log-Sectors: 20480
[SHELL OUT]:		Configured Log-Size: 32
[SHELL OUT]:	Reading Bytes
[SHELL OUT]:	[Parent:00007ff6f3cbf39f] >> Reading [65536 bytes(s)->128 block(s)] from LBA[133121(68159488)-133249(68421632)]
[SHELL OUT]:	Reading Bytes
[SHELL OUT]:	[Parent:00007ff6f3cbf44b] >> Reading [20480 bytes(s)->40 block(s)] from LBA[202752(210763776)-202792(210845696)]
[SHELL OUT]:	    Verifying FS Root Items #items: 1024
[SHELL OUT]:	Reading Bytes
[SHELL OUT]:	[Parent:00007ff6f3cbf6be] >> Reading [512 bytes(s)->4 block(s)] from LBA[225280(256901120)-225284(256909312)]
[SHELL OUT]:	Reading Bytes
[SHELL OUT]:	[Parent:00007ff6f3cbf6be] >> Reading [512 bytes(s)->4 block(s)] from LBA[225281(256903168)-225285(256911360)]
[SHELL OUT]:	Reading Bytes
[SHELL OUT]:	[Parent:00007ff6f3cbf6be] >> Reading [512 bytes(s)->4 block(s)] from LBA[225396(257138688)-225400(257146880)]
[SHELL OUT]:	Reading Bytes
[SHELL OUT]:	[Parent:00007ff6f3cbf6be] >> Reading [512 bytes(s)->4 block(s)] from LBA[225422(257191936)-225426(257200128)]
[SHELL OUT]:	Reading Bytes
[SHELL OUT]:	[Parent:00007ff6f3cbf6be] >> Reading [512 bytes(s)->4 block(s)] from LBA[225431(257210368)-225435(257218560)]
[SHELL OUT]:	Reading Bytes
[SHELL OUT]:	[Parent:00007ff6f3cbf6be] >> Reading [512 bytes(s)->4 block(s)] from LBA[225446(257241088)-225450(257249280)]
[SHELL OUT]:	Reading Bytes
[SHELL OUT]:	[Parent:00007ff6f3cbf6be] >> Reading [512 bytes(s)->4 block(s)] from LBA[225560(257474560)-225564(257482752)]
[SHELL OUT]:	Reading Bytes
[SHELL OUT]:	[Parent:00007ff6f3cbf6be] >> Reading [512 bytes(s)->4 block(s)] from LBA[225586(257527808)-225590(257536000)]
[SHELL OUT]:	Reading Bytes
[SHELL OUT]:	[Parent:00007ff6f3cbf6be] >> Reading [512 bytes(s)->4 block(s)] from LBA[225595(257546240)-225599(257554432)]
[SHELL OUT]:	Closing Disk Interface >> {C:/GitHub/BlockyOS/Build/Build-nodate/disk.img}
[SHELL OUT]:	[Parent:00007ff6f3cc1926] >>  C:/GitHub/BlockyOS/Build/Build-nodate/disk.img  Base: 133120    ConfBlockSize: 2048    Starting Disk Env ID: 
[SHELL OUT]:	Writing Bytes
[SHELL OUT]:	[Parent:00007ff6f3cc194f] >> Wrtiting [60 bytes(s)->4 block(s)] to LBA[133120(68157440)-133124(68165632)]
[SHELL OUT]:	Writing Bytes
[SHELL OUT]:	[Parent:00007ff6f3cc1997] >> Wrtiting [20480 bytes(s)->40 block(s)] to LBA[202752(210763776)-202792(210845696)]
[SHELL OUT]:	Closing Disk Interface >> {C:/GitHub/BlockyOS/Build/Build-nodate/disk.img}
[SHELL OUT]:	[0]: ""
[SHELL]	create -la fc -p SYSD/ -n IO.dll
[SHELL OUT]:	
[SHELL OUT]:	>> 
[SHELL OUT]:	>> 
[SHELL OUT]:	0000027880705ecb:fc	0000027880705ed1:SYSD/	0000027880705eda:IO.dll	
[SHELL OUT]:	[	SYSD/IO.dll]
[SHELL OUT]:	Mounting File [SYSD/IO.dll] with "fc"
[SHELL OUT]:	Creating File at: ./SYSD/IO.dll
[SHELL OUT]:	Root is 0000027880709030
[SHELL OUT]:	Root is 0000027880709030
[SHELL OUT]:	Un-Mounting File [1742780011519050388:147156532550678]
[SHELL OUT]:	[Parent:00007ff6f3cc1926] >>  C:/GitHub/BlockyOS/Build/Build-nodate/disk.img  Base: 133120    ConfBlockSize: 2048    Starting Disk Env ID: 
[SHELL OUT]:	Writing Bytes
[SHELL OUT]:	[Parent:00007ff6f3cc194f] >> Wrtiting [60 bytes(s)->4 block(s)] to LBA[133120(68157440)-133124(68165632)]
[SHELL OUT]:	Writing Bytes
[SHELL OUT]:	[Parent:00007ff6f3cc1997] >> Wrtiting [20480 bytes(s)->40 block(s)] to LBA[202752(210763776)-202792(210845696)]
[SHELL OUT]:	Closing Disk Interface >> {C:/GitHub/BlockyOS/Build/Build-nodate/disk.img}
[SHELL OUT]:	[0]: ""
[SHELL]	FSFRAT.OPEN
[SHELL]	open -p SYSD/IO.dll -a IO -la f
[SHELL OUT]:	
[SHELL OUT]:	>> 
[SHELL OUT]:	>> 
[SHELL OUT]:	Mounting File [SYSD/IO.dll] with "f"
[SHELL OUT]:	Root is 0000027880709030
[SHELL OUT]:	[0]: ""
[SHELL]	FSFRAT.WRITE
[SHELL]	fwrite -pp C:/GitHub/BlockyOS/Build/Build-nodate/root-part/services/IO.dll -ia %IO% -p 0 -n 0
[SHELL OUT]:	
[SHELL OUT]:	>> 
[SHELL OUT]:	>> 
[SHELL OUT]:	[Parent:00007ff6f3cc1f16] >>  C:/GitHub/BlockyOS/Build/Build-nodate/disk.img  Base: 133120    ConfBlockSize: 2048    Starting Disk Env ID: 
[SHELL OUT]:	[Parent:00007ff6f3cc1e53] >>  C:/GitHub/BlockyOS/Build/Build-nodate/disk.img  Base: 133120    ConfBlockSize: 2048    Starting Disk Env ID: 
[SHELL OUT]:	Reading File Info
[SHELL OUT]:	Reading Bytes
[SHELL OUT]:	[Parent:00007ff6f3cc1ec2] >> Reading [512 bytes(s)->4 block(s)] from LBA[225560(257474560)-225564(257482752)]
[SHELL OUT]:	Closing Disk Interface >> {C:/GitHub/BlockyOS/Build/Build-nodate/disk.img}
[SHELL OUT]:	Writing Bytes
[SHELL OUT]:	[Parent:00007ff6f3cc2010] >> Wrtiting [512 bytes(s)->4 block(s)] to LBA[225560(257474560)-225564(257482752)]
[SHELL OUT]:	Closing Disk Interface >> {C:/GitHub/BlockyOS/Build/Build-nodate/disk.img}
[SHELL OUT]:	Root is 0000027880709030
[SHELL OUT]:	Writing File Block at 225561, Item: 1.	Root: [1742780011519050388:147156532550678]
[SHELL OUT]:	[Parent:00007ff6f3cc1557] >>  C:/GitHub/BlockyOS/Build/Build-nodate/disk.img  Base: 133120    ConfBlockSize: 2048    Starting Disk Env ID: 
[SHELL OUT]:	Writing Bytes
[SHELL OUT]:	[Parent:00007ff6f3cc1583] >> Wrtiting [2048 bytes(s)->4 block(s)] to LBA[225561(257476608)-225565(257484800)]
[SHELL OUT]:	Closing Disk Interface >> {C:/GitHub/BlockyOS/Build/Build-nodate/disk.img}
[SHELL OUT]:	Writing File Block at 225562, Item: 2.	Root: [1742780011519050388:147156532550678]
[SHELL OUT]:	[Parent:00007ff6f3cc1557] >>  C:/GitHub/BlockyOS/Build/Build-nodate/disk.img  Base: 133120    ConfBlockSize: 2048    Starting Disk Env ID: 
[SHELL OUT]:	Writing Bytes
[SHELL OUT]:	[Parent:00007ff6f3cc1583] >> Wrtiting [2048 bytes(s)->4 block(s)] to LBA[225562(257478656)-225566(257486848)]
[SHELL OUT]:	Closing Disk Interface >> {C:/GitHub/BlockyOS/Build/Build-nodate/disk.img}
[SHELL OUT]:	Writing File Block at 225563, Item: 3.	Root: [1742780011519050388:147156532550678]
[SHELL OUT]:	[Parent:00007ff6f3cc1557] >>  C:/GitHub/BlockyOS/Build/Build-nodate/disk.img  Base: 133120    ConfBlockSize: 2048    Starting Disk Env ID: 
[SHELL OUT]:	Writing Bytes
[SHELL OUT]:	[Parent:00007ff6f3cc1583] >> Wrtiting [2048 bytes(s)->4 block(s)] to LBA[225563(257480704)-225567(257488896)]
[SHELL OUT]:	Closing Disk Interface >> {C:/GitHub/BlockyOS/Build/Build-nodate/disk.img}
[SHELL OUT]:	Writing File Block at 225564, Item: 4.	Root: [1742780011519050388:147156532550678]
[SHELL OUT]:	[Parent:00007ff6f3cc1557] >>  C:/GitHub/BlockyOS/Build/Build-nodate/disk.img  Base: 133120    ConfBlockSize: 2048    Starting Disk Env ID: 
[SHELL OUT]:	Writing Bytes
[SHELL OUT]:	[Parent:00007ff6f3cc1583] >> Wrtiting [2048 bytes(s)->4 block(s)] to LBA[225564(257482752)-225568(257490944)]
[SHELL OUT]:	Closing Disk Interface >> {C:/GitHub/BlockyOS/Build/Build-nodate/disk.img}
[SHELL OUT]:	Writing File Block at 225565, Item: 5.	Root: [1742780011519050388:147156532550678]
[SHELL OUT]:	[Parent:00007ff6f3cc1557] >>  C:/GitHub/BlockyOS/Build/Build-nodate/disk.img  Base: 133120    ConfBlockSize: 2048    Starting Disk Env ID: 
[SHELL OUT]:	Writing Bytes
[SHELL OUT]:	[Parent:00007ff6f3cc1583] >> Wrtiting [2048 bytes(s)->4 block(s)] to LBA[225565(257484800)-225569(257492992)]
[SHELL OUT]:	Closing Disk Interface >> {C:/GitHub/BlockyOS/Build/Build-nodate/disk.img}
[SHELL OUT]:	Writing File Block at 225566, Item: 6.	Root: [1742780011519050388:147156532550678]
[SHELL OUT]:	[Parent:00007ff6f3cc1557] >>  C:/GitHub/BlockyOS/Build/Build-nodate/disk.img  Base: 133120    ConfBlockSize: 2048    Starting Disk Env ID: 
[SHELL OUT]:	Writing Bytes
[SHELL OUT]:	[Parent:00007ff6f3cc1583] >> Wrtiting [2048 bytes(s)->4 block(s)] to LBA[225566(257486848)-225570(257495040)]
[SHELL OUT]:	Closing Disk Interface >> {C:/GitHub/BlockyOS/Build/Build-nodate/disk.img}
[SHELL OUT]:	Writing File Block at 225567, Item: 7.	Root: [1742780011519050388:147156532550678]
[SHELL OUT]:	[Parent:00007ff6f3cc1557] >>  C:/GitHub/BlockyOS/Build/Build-nodate/disk.img  Base: 133120    ConfBlockSize: 2048    Starting Disk Env ID: 
[SHELL OUT]:	Writing Bytes
[SHELL OUT]:	[Parent:00007ff6f3cc1583] >> Wrtiting [2048 bytes(s)->4 block(s)] to LBA[225567(257488896)-225571(257497088)]
[SHELL OUT]:	Closing Disk Interface >> {C:/GitHub/BlockyOS/Build/Build-nodate/disk.img}
[SHELL OUT]:	Writing File Block at 225568, Item: 8.	Root: [1742780011519050388:147156532550678]
[SHELL OUT]:	[Parent:00007ff6f3cc1557] >>  C:/GitHub/BlockyOS/Build/Build-nodate/disk.img  Base: 133120    ConfBlockSize: 2048    Starting Disk Env ID: 
[SHELL OUT]:	Writing Bytes
[SHELL OUT]:	[Parent:00007ff6f3cc1583] >> Wrtiting [2048 bytes(s)->4 block(s)] to LBA[225568(257490944)-225572(257499136)]
[SHELL OUT]:	Closing Disk Interface >> {C:/GitHub/BlockyOS/Build/Build-nodate/disk.img}
[SHELL OUT]:	Writing File Block at 225569, Item: 9.	Root: [1742780011519050388:147156532550678]
[SHELL OUT]:	[Parent:00007ff6f3cc1557] >>  C:/GitHub/BlockyOS/Build/Build-nodate/disk.img  Base: 133120    ConfBlockSize: 2048    Starting Disk Env ID: 
[SHELL OUT]:	Writing Bytes
[SHELL OUT]:	[Parent:00007ff6f3cc1583] >> Wrtiting [2048 bytes(s)->4 block(s)] to LBA[225569(257492992)-225573(257501184)]
[SHELL OUT]:	Closing Disk Interface >> {C:/GitHub/BlockyOS/Build/Build-nodate/disk.img}
[SHELL OUT]:	Writing File Block at 225570, Item: 10.	Root: [1742780011519050388:147156532550678]
[SHELL OUT]:	[Parent:00007ff6f3cc1557] >>  C:/GitHub/BlockyOS/Build/Build-nodate/disk.img  Base: 133120    ConfBlockSize: 2048    Starting Disk Env ID: 
[SHELL OUT]:	Writing Bytes
[SHELL OUT]:	[Parent:00007ff6f3cc1583] >> Wrtiting [2048 bytes(s)->4 block(s)] to LBA[225570(257495040)-225574(257503232)]
[SHELL OUT]:	Closing Disk Interface >> {C:/GitHub/BlockyOS/Build/Build-nodate/disk.img}
[SHELL OUT]:	Writing File Block at 225571, Item: 11.	Root: [1742780011519050388:147156532550678]
[SHELL OUT]:	[Parent:00007ff6f3cc1557] >>  C:/GitHub/BlockyOS/Build/Build-nodate/disk.img  Base: 133120    ConfBlockSize: 2048    Starting Disk Env ID: 
[SHELL OUT]:	Writing Bytes
[SHELL OUT]:	[Parent:00007ff6f3cc1583] >> Wrtiting [2048 bytes(s)->4 block(s)] to LBA[225571(257497088)-225575(257505280)]
[SHELL OUT]:	Closing Disk Interface >> {C:/GitHub/BlockyOS/Build/Build-nodate/disk.img}
[SHELL OUT]:	Writing File Block at 225572, Item: 12.	Root: [1742780011519050388:147156532550678]
[SHELL OUT]:	[Parent:00007ff6f3cc1557] >>  C:/GitHub/BlockyOS/Build/Build-nodate/disk.img  Base: 133120    ConfBlockSize: 2048    Starting Disk Env ID: 
[SHELL OUT]:	Writing Bytes
[SHELL OUT]:	[Parent:00007ff6f3cc1583] >> Wrtiting [2048 bytes(s)->4 block(s)] to LBA[225572(257499136)-225576(257507328)]
[SHELL OUT]:	Closing Disk Interface >> {C:/GitHub/BlockyOS/Build/Build-nodate/disk.img}
[SHELL OUT]:	Writing File Block at 225573, Item: 13.	Root: [1742780011519050388:147156532550678]
[SHELL OUT]:	[Parent:00007ff6f3cc1557] >>  C:/GitHub/BlockyOS/Build/Build-nodate/disk.img  Base: 133120    ConfBlockSize: 2048    Starting Disk Env ID: 
[SHELL OUT]:	Writing Bytes
[SHELL OUT]:	[Parent:00007ff6f3cc1583] >> Wrtiting [2048 bytes(s)->4 block(s)] to LBA[225573(257501184)-225577(257509376)]
[SHELL OUT]:	Closing Disk Interface >> {C:/GitHub/BlockyOS/Build/Build-nodate/disk.img}
[SHELL OUT]:	Writing File Block at 225574, Item: 14.	Root: [1742780011519050388:147156532550678]
[SHELL OUT]:	[Parent:00007ff6f3cc1557] >>  C:/GitHub/BlockyOS/Build/Build-nodate/disk.img  Base: 133120    ConfBlockSize: 2048    Starting Disk Env ID: 
[SHELL OUT]:	Writing Bytes
[SHELL OUT]:	[Parent:00007ff6f3cc1583] >> Wrtiting [2048 bytes(s)->4 block(s)] to LBA[225574(257503232)-225578(257511424)]
[SHELL OUT]:	Closing Disk Interface >> {C:/GitHub/BlockyOS/Build/Build-nodate/disk.img}
[SHELL OUT]:	Writing File Block at 225575, Item: 15.	Root: [1742780011519050388:147156532550678]
[SHELL OUT]:	[Parent:00007ff6f3cc1557] >>  C:/GitHub/BlockyOS/Build/Build-nodate/disk.img  Base: 133120    ConfBlockSize: 2048    Starting Disk Env ID: 
[SHELL OUT]:	Writing Bytes
[SHELL OUT]:	[Parent:00007ff6f3cc1583] >> Wrtiting [2048 bytes(s)->4 block(s)] to LBA[225575(257505280)-225579(257513472)]
[SHELL OUT]:	Closing Disk Interface >> {C:/GitHub/BlockyOS/Build/Build-nodate/disk.img}
[SHELL OUT]:	Writing File Block at 225576, Item: 16.	Root: [1742780011519050388:147156532550678]
[SHELL OUT]:	[Parent:00007ff6f3cc1557] >>  C:/GitHub/BlockyOS/Build/Build-nodate/disk.img  Base: 133120    ConfBlockSize: 2048    Starting Disk Env ID: 
[SHELL OUT]:	Writing Bytes
[SHELL OUT]:	[Parent:00007ff6f3cc1583] >> Wrtiting [2048 bytes(s)->4 block(s)] to LBA[225576(257507328)-225580(257515520)]
[SHELL OUT]:	Closing Disk Interface >> {C:/GitHub/BlockyOS/Build/Build-nodate/disk.img}
[SHELL OUT]:	Writing File Block at 225577, Item: 17.	Root: [1742780011519050388:147156532550678]
[SHELL OUT]:	[Parent:00007ff6f3cc1557] >>  C:/GitHub/BlockyOS/Build/Build-nodate/disk.img  Base: 133120    ConfBlockSize: 2048    Starting Disk Env ID: 
[SHELL OUT]:	Writing Bytes
[SHELL OUT]:	[Parent:00007ff6f3cc1583] >> Wrtiting [2048 bytes(s)->4 block(s)] to LBA[225577(257509376)-225581(257517568)]
[SHELL OUT]:	Closing Disk Interface >> {C:/GitHub/BlockyOS/Build/Build-nodate/disk.img}
[SHELL OUT]:	Writing File Block at 225578, Item: 18.	Root: [1742780011519050388:147156532550678]
[SHELL OUT]:	[Parent:00007ff6f3cc1557] >>  C:/GitHub/BlockyOS/Build/Build-nodate/disk.img  Base: 133120    ConfBlockSize: 2048    Starting Disk Env ID: 
[SHELL OUT]:	Writing Bytes
[SHELL OUT]:	[Parent:00007ff6f3cc1583] >> Wrtiting [2048 bytes(s)->4 block(s)] to LBA[225578(257511424)-225582(257519616)]
[SHELL OUT]:	Closing Disk Interface >> {C:/GitHub/BlockyOS/Build/Build-nodate/disk.img}
[SHELL OUT]:	Writing File Block at 225579, Item: 19.	Root: [1742780011519050388:147156532550678]
[SHELL OUT]:	[Parent:00007ff6f3cc1557] >>  C:/GitHub/BlockyOS/Build/Build-nodate/disk.img  Base: 133120    ConfBlockSize: 2048    Starting Disk Env ID: 
[SHELL OUT]:	Writing Bytes
[SHELL OUT]:	[Parent:00007ff6f3cc1583] >> Wrtiting [2048 bytes(s)->4 block(s)] to LBA[225579(257513472)-225583(257521664)]
[SHELL OUT]:	Closing Disk Interface >> {C:/GitHub/BlockyOS/Build/Build-nodate/disk.img}
[SHELL OUT]:	Writing File Block at 225580, Item: 20.	Root: [1742780011519050388:147156532550678]
[SHELL OUT]:	[Parent:00007ff6f3cc1557] >>  C:/GitHub/BlockyOS/Build/Build-nodate/disk.img  Base: 133120    ConfBlockSize: 2048    Starting Disk Env ID: 
[SHELL OUT]:	Writing Bytes
[SHELL OUT]:	[Parent:00007ff6f3cc1583] >> Wrtiting [2048 bytes(s)->4 block(s)] to LBA[225580(257515520)-225584(257523712)]
[SHELL OUT]:	Closing Disk Interface >> {C:/GitHub/BlockyOS/Build/Build-nodate/disk.img}
[SHELL OUT]:	Writing File Block at 225581, Item: 21.	Root: [1742780011519050388:147156532550678]
[SHELL OUT]:	[Parent:00007ff6f3cc1557] >>  C:/GitHub/BlockyOS/Build/Build-nodate/disk.img  Base: 133120    ConfBlockSize: 2048    Starting Disk Env ID: 
[SHELL OUT]:	Writing Bytes
[SHELL OUT]:	[Parent:00007ff6f3cc1583] >> Wrtiting [2048 bytes(s)->4 block(s)] to LBA[225581(257517568)-225585(257525760)]
[SHELL OUT]:	Closing Disk Interface >> {C:/GitHub/BlockyOS/Build/Build-nodate/disk.img}
[SHELL OUT]:	Writing File Block at 225582, Item: 22.	Root: [1742780011519050388:147156532550678]
[SHELL OUT]:	[Parent:00007ff6f3cc1557] >>  C:/GitHub/BlockyOS/Build/Build-nodate/disk.img  Base: 133120    ConfBlockSize: 2048    Starting Disk Env ID: 
[SHELL OUT]:	Writing Bytes
[SHELL OUT]:	[Parent:00007ff6f3cc1583] >> Wrtiting [2048 bytes(s)->4 block(s)] to LBA[225582(257519616)-225586(257527808)]
[SHELL OUT]:	Closing Disk Interface >> {C:/GitHub/BlockyOS/Build/Build-nodate/disk.img}
[SHELL OUT]:	Writing File Block at 225583, Item: 23.	Root: [1742780011519050388:147156532550678]
[SHELL OUT]:	[Parent:00007ff6f3cc1557] >>  C:/GitHub/BlockyOS/Build/Build-nodate/disk.img  Base: 133120    ConfBlockSize: 2048    Starting Disk Env ID: 
[SHELL OUT]:	Writing Bytes
[SHELL OUT]:	[Parent:00007ff6f3cc1583] >> Wrtiting [2048 bytes(s)->4 block(s)] to LBA[225583(257521664)-225587(257529856)]
[SHELL OUT]:	Closing Disk Interface >> {C:/GitHub/BlockyOS/Build/Build-nodate/disk.img}
[SHELL OUT]:	Writing File Block at 225584, Item: 24.	Root: [1742780011519050388:147156532550678]
[SHELL OUT]:	[Parent:00007ff6f3cc1557] >>  C:/GitHub/BlockyOS/Build/Build-nodate/disk.img  Base: 133120    ConfBlockSize: 2048    Starting Disk Env ID: 
[SHELL OUT]:	Writing Bytes
[SHELL OUT]:	[Parent:00007ff6f3cc1583] >> Wrtiting [2048 bytes(s)->4 block(s)] to LBA[225584(257523712)-225588(257531904)]
[SHELL OUT]:	Closing Disk Interface >> {C:/GitHub/BlockyOS/Build/Build-nodate/disk.img}
[SHELL OUT]:	Reading File Block at 225585, Item: 25.    Root: [1742780011519050388:147156532550678]
[SHELL OUT]:	[Parent:00007ff6f3cc10ba] >>  C:/GitHub/BlockyOS/Build/Build-nodate/disk.img  Base: 133120    ConfBlockSize: 2048    Starting Disk Env ID: 
[SHELL OUT]:	Reading Bytes
[SHELL OUT]:	[Parent:00007ff6f3cc10de] >> Reading [2048 bytes(s)->4 block(s)] from LBA[225585(257525760)-225589(257533952)]
[SHELL OUT]:	Closing Disk Interface >> {C:/GitHub/BlockyOS/Build/Build-nodate/disk.img}
[SHELL OUT]:	Writing File Block at 225585, Item: 25.	Root: [1742780011519050388:147156532550678]
[SHELL OUT]:	[Parent:00007ff6f3cc1557] >>  C:/GitHub/BlockyOS/Build/Build-nodate/disk.img  Base: 133120    ConfBlockSize: 2048    Starting Disk Env ID: 
[SHELL OUT]:	Writing Bytes
[SHELL OUT]:	[Parent:00007ff6f3cc1583] >> Wrtiting [2048 bytes(s)->4 block(s)] to LBA[225585(257525760)-225589(257533952)]
[SHELL OUT]:	Closing Disk Interface >> {C:/GitHub/BlockyOS/Build/Build-nodate/disk.img}
[SHELL OUT]:	[0]: ""
Initializing CGCC.MAKE build process...
Skipping C:\GitHub\BlockyOS\src\kernel\services\IO\IO.c - up to date; source=2026-09-16T16:38:35.5854557Z, stored=09/16/2026 16:38:35
Stale source detected for C:\GitHub\BlockyOS\Build\Build-nodate\root-part\libcrt.dll. source=2026-10-02T01:34:11.0619761Z, stored=10/02/2026 01:31:26, delta=+20217765.062 sec
Compiled and updated timestamp for C:\GitHub\BlockyOS\Build\Build-nodate\root-part\libcrt.dll
Skipping C:\GitHub\BlockyOS\src\kernel\services\IO\IO.def - up to date; source=2026-09-16T21:00:02.8766014Z, stored=09/16/2026 21:00:02
gcc compile/cache/c.IO.o Build/Build-nodate/root-part/libcrt.dll src/kernel/services/IO/IO.def -Wl,-nostdlib -Wl,-shared -Wl,-flinker-output=dyn -Wl,-Bsymbolic -Wl,--out-implib,C:/GitHub/BlockyOS/Build/Build-nodate/root-part/services/IO.dll.a -Wl,-Map,C:\GitHub\BlockyOS\src\kernel\services\IO\alibcrt.map -fdiagnostics-color=always -fno-diagnostics-show-highlight-colors -nostartfiles -nodefaultlibs -fno-asynchronous-unwind-tables -fno-unwind-tables -o C:/GitHub/BlockyOS/Build/Build-nodate/root-part/services/IO.dll
Build finished successfully -> C:/GitHub/BlockyOS/Build/Build-nodate/root-part/services/IO.dll


[SHELL]	FSFRAT.MAKE
[SHELL]	FSFRAT.MOUNT
[SHELL]	e.disk -pp C:/GitHub/BlockyOS/Build/Build-nodate/disk.img -pt ROOT -bs 2048 -lb 32 -v 1:0
[SHELL OUT]:	
[SHELL OUT]:	FSFRAT DRIVER
[SHELL OUT]:	>> 
[SHELL OUT]:	[C:\GitHub\BlockyOS\tools\filesystem\frat.c:196]  >>  Mounting FS Root: [C:/GitHub/BlockyOS/Build/Build-nodate/disk.img]
[SHELL OUT]:	Verifying Disk GPT
[SHELL OUT]:	[Parent:00007ff6f3cbd8ff] >>  C:/GitHub/BlockyOS/Build/Build-nodate/disk.img  Base: 0    ConfBlockSize: 512    Starting Disk Env ID: 
[SHELL OUT]:	Reading Bytes
[SHELL OUT]:	[Parent:00007ff6f3cbd91a] >> Reading [92 bytes(s)->1 block(s)] from LBA[1(512)-2(1024)]
[SHELL OUT]:	GPT Dump:
[SHELL OUT]:	    Sig: "EFI PART"
[SHELL OUT]:	    Rev: 65536
[SHELL OUT]:	    Header-Size: 92
[SHELL OUT]:	    Header Checksum: 2621714706
[SHELL OUT]:	    localLBA: 1
[SHELL OUT]:	    altLBA: 2230273
[SHELL OUT]:	    firstUsable: 2048
[SHELL OUT]:	    lastUsable: 2230271
[SHELL OUT]:	    Disk-GUID: 
[SHELL OUT]:	    Partition-Table: 2
[SHELL OUT]:	    # of Partition-Entries: 2
[SHELL OUT]:	    Partition-Entry Size: 128
[SHELL OUT]:	    Partition-Table Checksum: 896708427
[SHELL OUT]:	Closing Disk Interface >> {C:/GitHub/BlockyOS/Build/Build-nodate/disk.img}
[SHELL OUT]:	GPT Exists? true
[SHELL OUT]:	[Parent:00007ff6f3cbeed9] >>  C:/GitHub/BlockyOS/Build/Build-nodate/disk.img  Base: 0    ConfBlockSize: 512    Starting Disk Env ID: 
[SHELL OUT]:	Reading Bytes
[SHELL OUT]:	[Parent:00007ff6f3cbeefa] >> Reading [92 bytes(s)->1 block(s)] from LBA[1(512)-2(1024)]
[SHELL OUT]:	[C:\GitHub\BlockyOS\tools\filesystem\frat.c:137]  >>  Querying Part Table
[SHELL OUT]:	Reading Bytes
[SHELL OUT]:	[Parent:00007ff6f3cbe73d] >> Reading [256 bytes(s)->1 block(s)] from LBA[2(1024)-3(1536)]
[SHELL OUT]:	[C:\GitHub\BlockyOS\tools\filesystem\frat.c:145]  >>  GPT-Entry: BOOT{2048:133119 -> 131071}
[SHELL OUT]:	[C:\GitHub\BlockyOS\tools\filesystem\frat.c:159]  >>  Querying FS at 2048
[SHELL OUT]:	Reading Bytes
[SHELL OUT]:	[Parent:00007ff6f3cbebe1] >> Reading [60 bytes(s)->1 block(s)] from LBA[2048(1048576)-2049(1049088)]
[SHELL OUT]:	FS-Root Blob:
[SHELL OUT]:	    Version: [0:131072]
[SHELL OUT]:	    Sig: 
[SHELL OUT]:	    Configured Log Sectors: 2
[SHELL OUT]:	    Configured Block Size: 0
[SHELL OUT]:	    Configured Cluster-Map Size: 16711743
[SHELL OUT]:	[C:\GitHub\BlockyOS\tools\filesystem\frat.c:145]  >>  GPT-Entry: ROOT{133120:2230271 -> 2097151}
[SHELL OUT]:	[C:\GitHub\BlockyOS\tools\filesystem\frat.c:159]  >>  Querying FS at 133120
[SHELL OUT]:	Reading Bytes
[SHELL OUT]:	[Parent:00007ff6f3cbebe1] >> Reading [60 bytes(s)->1 block(s)] from LBA[133120(68157440)-133121(68157952)]
[SHELL OUT]:	FS-Root Blob:
[SHELL OUT]:	    Version: [0:1]
[SHELL OUT]:	    Sig: FRAT_FILESYSTEM
[SHELL OUT]:	    Configured Log Sectors: 32
[SHELL OUT]:	    Configured Block Size: 2048
[SHELL OUT]:	    Configured Cluster-Map Size: 20480
[SHELL OUT]:	[C:\GitHub\BlockyOS\tools\filesystem\frat.c:184]  >>  FS Found at [133120]:
[SHELL OUT]:		Version-Code: [0:1]
[SHELL OUT]:		Configured Block-Size: 2048
[SHELL OUT]:		Configured Cluster-Size: 20480
[SHELL OUT]:		Configured # of Log-Sectors: 32
[SHELL OUT]:		Configured Log-Size: 576
[SHELL OUT]:	[C:\GitHub\BlockyOS\tools\filesystem\frat.c:210]  >>  Found Formatted Partition: 133120:2230271 -> 2097151
[SHELL OUT]:	Reading Bytes
[SHELL OUT]:	[Parent:00007ff6f3cbf05b] >> Reading [60 bytes(s)->1 block(s)] from LBA[133120(68157440)-133121(68157952)]
[SHELL OUT]:	[C:\GitHub\BlockyOS\tools\filesystem\frat.c:223]  >>  Root: 133120:2230271 -> 2097151 LBAs
[SHELL OUT]:		Version-Code: [0:1]
[SHELL OUT]:		Configured Block-Size: 2048
[SHELL OUT]:		Configured Cluster-Size: 20480
[SHELL OUT]:		Configured # of Log-Sectors: 20480
[SHELL OUT]:		Configured Log-Size: 32
[SHELL OUT]:	Reading Bytes
[SHELL OUT]:	[Parent:00007ff6f3cbf39f] >> Reading [65536 bytes(s)->128 block(s)] from LBA[133121(68159488)-133249(68421632)]
[SHELL OUT]:	Reading Bytes
[SHELL OUT]:	[Parent:00007ff6f3cbf44b] >> Reading [20480 bytes(s)->40 block(s)] from LBA[202752(210763776)-202792(210845696)]
[SHELL OUT]:	    Verifying FS Root Items #items: 1024
[SHELL OUT]:	Reading Bytes
[SHELL OUT]:	[Parent:00007ff6f3cbf6be] >> Reading [512 bytes(s)->4 block(s)] from LBA[225280(256901120)-225284(256909312)]
[SHELL OUT]:	Reading Bytes
[SHELL OUT]:	[Parent:00007ff6f3cbf6be] >> Reading [512 bytes(s)->4 block(s)] from LBA[225281(256903168)-225285(256911360)]
[SHELL OUT]:	Reading Bytes
[SHELL OUT]:	[Parent:00007ff6f3cbf6be] >> Reading [512 bytes(s)->4 block(s)] from LBA[225396(257138688)-225400(257146880)]
[SHELL OUT]:	Reading Bytes
[SHELL OUT]:	[Parent:00007ff6f3cbf6be] >> Reading [512 bytes(s)->4 block(s)] from LBA[225422(257191936)-225426(257200128)]
[SHELL OUT]:	Reading Bytes
[SHELL OUT]:	[Parent:00007ff6f3cbf6be] >> Reading [512 bytes(s)->4 block(s)] from LBA[225431(257210368)-225435(257218560)]
[SHELL OUT]:	Reading Bytes
[SHELL OUT]:	[Parent:00007ff6f3cbf6be] >> Reading [512 bytes(s)->4 block(s)] from LBA[225446(257241088)-225450(257249280)]
[SHELL OUT]:	Reading Bytes
[SHELL OUT]:	[Parent:00007ff6f3cbf6be] >> Reading [512 bytes(s)->4 block(s)] from LBA[225560(257474560)-225564(257482752)]
[SHELL OUT]:	Reading Bytes
[SHELL OUT]:	[Parent:00007ff6f3cbf6be] >> Reading [512 bytes(s)->4 block(s)] from LBA[225586(257527808)-225590(257536000)]
[SHELL OUT]:	Reading Bytes
[SHELL OUT]:	[Parent:00007ff6f3cbf6be] >> Reading [512 bytes(s)->4 block(s)] from LBA[225595(257546240)-225599(257554432)]
[SHELL OUT]:	Closing Disk Interface >> {C:/GitHub/BlockyOS/Build/Build-nodate/disk.img}
[SHELL OUT]:	[Parent:00007ff6f3cc1926] >>  C:/GitHub/BlockyOS/Build/Build-nodate/disk.img  Base: 133120    ConfBlockSize: 2048    Starting Disk Env ID: 
[SHELL OUT]:	Writing Bytes
[SHELL OUT]:	[Parent:00007ff6f3cc194f] >> Wrtiting [60 bytes(s)->4 block(s)] to LBA[133120(68157440)-133124(68165632)]
[SHELL OUT]:	Writing Bytes
[SHELL OUT]:	[Parent:00007ff6f3cc1997] >> Wrtiting [20480 bytes(s)->40 block(s)] to LBA[202752(210763776)-202792(210845696)]
[SHELL OUT]:	Closing Disk Interface >> {C:/GitHub/BlockyOS/Build/Build-nodate/disk.img}
[SHELL OUT]:	[0]: ""
[SHELL]	create -la fc -p SYSD/ -n IO.dll
[SHELL OUT]:	
[SHELL OUT]:	>> 
[SHELL OUT]:	>> 
[SHELL OUT]:	000002140dff5ecb:fc	000002140dff5ed1:SYSD/	000002140dff5eda:IO.dll	
[SHELL OUT]:	[	SYSD/IO.dll]
[SHELL OUT]:	Mounting File [SYSD/IO.dll] with "fc"
[SHELL OUT]:	Creating File at: ./SYSD/IO.dll
[SHELL OUT]:	Root is 000002140dff9030
[SHELL OUT]:	Root is 000002140dff9030
[SHELL OUT]:	Un-Mounting File [1742780011519050388:147156532550678]
[SHELL OUT]:	[Parent:00007ff6f3cc1926] >>  C:/GitHub/BlockyOS/Build/Build-nodate/disk.img  Base: 133120    ConfBlockSize: 2048    Starting Disk Env ID: 
[SHELL OUT]:	Writing Bytes
[SHELL OUT]:	[Parent:00007ff6f3cc194f] >> Wrtiting [60 bytes(s)->4 block(s)] to LBA[133120(68157440)-133124(68165632)]
[SHELL OUT]:	Writing Bytes
[SHELL OUT]:	[Parent:00007ff6f3cc1997] >> Wrtiting [20480 bytes(s)->40 block(s)] to LBA[202752(210763776)-202792(210845696)]
[SHELL OUT]:	Closing Disk Interface >> {C:/GitHub/BlockyOS/Build/Build-nodate/disk.img}
[SHELL OUT]:	[0]: ""
[SHELL]	FSFRAT.OPEN
[SHELL]	open -p SYSD/IO.dll -a IO -la f
[SHELL OUT]:	
[SHELL OUT]:	>> 
[SHELL OUT]:	>> 
[SHELL OUT]:	Mounting File [SYSD/IO.dll] with "f"
[SHELL OUT]:	Root is 000002140dff9030
[SHELL OUT]:	[0]: ""
[SHELL]	FSFRAT.WRITE
[SHELL]	fwrite -pp C:/GitHub/BlockyOS/Build/Build-nodate/root-part/services/IO.dll -ia %IO% -p 0 -n 0
[SHELL OUT]:	
[SHELL OUT]:	>> 
[SHELL OUT]:	>> 
[SHELL OUT]:	[Parent:00007ff6f3cc1f16] >>  C:/GitHub/BlockyOS/Build/Build-nodate/disk.img  Base: 133120    ConfBlockSize: 2048    Starting Disk Env ID: 
[SHELL OUT]:	[Parent:00007ff6f3cc1e53] >>  C:/GitHub/BlockyOS/Build/Build-nodate/disk.img  Base: 133120    ConfBlockSize: 2048    Starting Disk Env ID: 
[SHELL OUT]:	Reading File Info
[SHELL OUT]:	Reading Bytes
[SHELL OUT]:	[Parent:00007ff6f3cc1ec2] >> Reading [512 bytes(s)->4 block(s)] from LBA[225560(257474560)-225564(257482752)]
[SHELL OUT]:	Closing Disk Interface >> {C:/GitHub/BlockyOS/Build/Build-nodate/disk.img}
[SHELL OUT]:	Writing Bytes
[SHELL OUT]:	[Parent:00007ff6f3cc2010] >> Wrtiting [512 bytes(s)->4 block(s)] to LBA[225560(257474560)-225564(257482752)]
[SHELL OUT]:	Closing Disk Interface >> {C:/GitHub/BlockyOS/Build/Build-nodate/disk.img}
[SHELL OUT]:	Root is 000002140dff9030
[SHELL OUT]:	Writing File Block at 225561, Item: 1.	Root: [1742780011519050388:147156532550678]
[SHELL OUT]:	[Parent:00007ff6f3cc1557] >>  C:/GitHub/BlockyOS/Build/Build-nodate/disk.img  Base: 133120    ConfBlockSize: 2048    Starting Disk Env ID: 
[SHELL OUT]:	Writing Bytes
[SHELL OUT]:	[Parent:00007ff6f3cc1583] >> Wrtiting [2048 bytes(s)->4 block(s)] to LBA[225561(257476608)-225565(257484800)]
[SHELL OUT]:	Closing Disk Interface >> {C:/GitHub/BlockyOS/Build/Build-nodate/disk.img}
[SHELL OUT]:	Writing File Block at 225562, Item: 2.	Root: [1742780011519050388:147156532550678]
[SHELL OUT]:	[Parent:00007ff6f3cc1557] >>  C:/GitHub/BlockyOS/Build/Build-nodate/disk.img  Base: 133120    ConfBlockSize: 2048    Starting Disk Env ID: 
[SHELL OUT]:	Writing Bytes
[SHELL OUT]:	[Parent:00007ff6f3cc1583] >> Wrtiting [2048 bytes(s)->4 block(s)] to LBA[225562(257478656)-225566(257486848)]
[SHELL OUT]:	Closing Disk Interface >> {C:/GitHub/BlockyOS/Build/Build-nodate/disk.img}
[SHELL OUT]:	Writing File Block at 225563, Item: 3.	Root: [1742780011519050388:147156532550678]
[SHELL OUT]:	[Parent:00007ff6f3cc1557] >>  C:/GitHub/BlockyOS/Build/Build-nodate/disk.img  Base: 133120    ConfBlockSize: 2048    Starting Disk Env ID: 
[SHELL OUT]:	Writing Bytes
[SHELL OUT]:	[Parent:00007ff6f3cc1583] >> Wrtiting [2048 bytes(s)->4 block(s)] to LBA[225563(257480704)-225567(257488896)]
[SHELL OUT]:	Closing Disk Interface >> {C:/GitHub/BlockyOS/Build/Build-nodate/disk.img}
[SHELL OUT]:	Writing File Block at 225564, Item: 4.	Root: [1742780011519050388:147156532550678]
[SHELL OUT]:	[Parent:00007ff6f3cc1557] >>  C:/GitHub/BlockyOS/Build/Build-nodate/disk.img  Base: 133120    ConfBlockSize: 2048    Starting Disk Env ID: 
[SHELL OUT]:	Writing Bytes
[SHELL OUT]:	[Parent:00007ff6f3cc1583] >> Wrtiting [2048 bytes(s)->4 block(s)] to LBA[225564(257482752)-225568(257490944)]
[SHELL OUT]:	Closing Disk Interface >> {C:/GitHub/BlockyOS/Build/Build-nodate/disk.img}
[SHELL OUT]:	Writing File Block at 225565, Item: 5.	Root: [1742780011519050388:147156532550678]
[SHELL OUT]:	[Parent:00007ff6f3cc1557] >>  C:/GitHub/BlockyOS/Build/Build-nodate/disk.img  Base: 133120    ConfBlockSize: 2048    Starting Disk Env ID: 
[SHELL OUT]:	Writing Bytes
[SHELL OUT]:	[Parent:00007ff6f3cc1583] >> Wrtiting [2048 bytes(s)->4 block(s)] to LBA[225565(257484800)-225569(257492992)]
[SHELL OUT]:	Closing Disk Interface >> {C:/GitHub/BlockyOS/Build/Build-nodate/disk.img}
[SHELL OUT]:	Writing File Block at 225566, Item: 6.	Root: [1742780011519050388:147156532550678]
[SHELL OUT]:	[Parent:00007ff6f3cc1557] >>  C:/GitHub/BlockyOS/Build/Build-nodate/disk.img  Base: 133120    ConfBlockSize: 2048    Starting Disk Env ID: 
[SHELL OUT]:	Writing Bytes
[SHELL OUT]:	[Parent:00007ff6f3cc1583] >> Wrtiting [2048 bytes(s)->4 block(s)] to LBA[225566(257486848)-225570(257495040)]
[SHELL OUT]:	Closing Disk Interface >> {C:/GitHub/BlockyOS/Build/Build-nodate/disk.img}
[SHELL OUT]:	Writing File Block at 225567, Item: 7.	Root: [1742780011519050388:147156532550678]
[SHELL OUT]:	[Parent:00007ff6f3cc1557] >>  C:/GitHub/BlockyOS/Build/Build-nodate/disk.img  Base: 133120    ConfBlockSize: 2048    Starting Disk Env ID: 
[SHELL OUT]:	Writing Bytes
[SHELL OUT]:	[Parent:00007ff6f3cc1583] >> Wrtiting [2048 bytes(s)->4 block(s)] to LBA[225567(257488896)-225571(257497088)]
[SHELL OUT]:	Closing Disk Interface >> {C:/GitHub/BlockyOS/Build/Build-nodate/disk.img}
[SHELL OUT]:	Writing File Block at 225568, Item: 8.	Root: [1742780011519050388:147156532550678]
[SHELL OUT]:	[Parent:00007ff6f3cc1557] >>  C:/GitHub/BlockyOS/Build/Build-nodate/disk.img  Base: 133120    ConfBlockSize: 2048    Starting Disk Env ID: 
[SHELL OUT]:	Writing Bytes
[SHELL OUT]:	[Parent:00007ff6f3cc1583] >> Wrtiting [2048 bytes(s)->4 block(s)] to LBA[225568(257490944)-225572(257499136)]
[SHELL OUT]:	Closing Disk Interface >> {C:/GitHub/BlockyOS/Build/Build-nodate/disk.img}
[SHELL OUT]:	Writing File Block at 225569, Item: 9.	Root: [1742780011519050388:147156532550678]
[SHELL OUT]:	[Parent:00007ff6f3cc1557] >>  C:/GitHub/BlockyOS/Build/Build-nodate/disk.img  Base: 133120    ConfBlockSize: 2048    Starting Disk Env ID: 
[SHELL OUT]:	Writing Bytes
[SHELL OUT]:	[Parent:00007ff6f3cc1583] >> Wrtiting [2048 bytes(s)->4 block(s)] to LBA[225569(257492992)-225573(257501184)]
[SHELL OUT]:	Closing Disk Interface >> {C:/GitHub/BlockyOS/Build/Build-nodate/disk.img}
[SHELL OUT]:	Writing File Block at 225570, Item: 10.	Root: [1742780011519050388:147156532550678]
[SHELL OUT]:	[Parent:00007ff6f3cc1557] >>  C:/GitHub/BlockyOS/Build/Build-nodate/disk.img  Base: 133120    ConfBlockSize: 2048    Starting Disk Env ID: 
[SHELL OUT]:	Writing Bytes
[SHELL OUT]:	[Parent:00007ff6f3cc1583] >> Wrtiting [2048 bytes(s)->4 block(s)] to LBA[225570(257495040)-225574(257503232)]
[SHELL OUT]:	Closing Disk Interface >> {C:/GitHub/BlockyOS/Build/Build-nodate/disk.img}
[SHELL OUT]:	Writing File Block at 225571, Item: 11.	Root: [1742780011519050388:147156532550678]
[SHELL OUT]:	[Parent:00007ff6f3cc1557] >>  C:/GitHub/BlockyOS/Build/Build-nodate/disk.img  Base: 133120    ConfBlockSize: 2048    Starting Disk Env ID: 
[SHELL OUT]:	Writing Bytes
[SHELL OUT]:	[Parent:00007ff6f3cc1583] >> Wrtiting [2048 bytes(s)->4 block(s)] to LBA[225571(257497088)-225575(257505280)]
[SHELL OUT]:	Closing Disk Interface >> {C:/GitHub/BlockyOS/Build/Build-nodate/disk.img}
[SHELL OUT]:	Writing File Block at 225572, Item: 12.	Root: [1742780011519050388:147156532550678]
[SHELL OUT]:	[Parent:00007ff6f3cc1557] >>  C:/GitHub/BlockyOS/Build/Build-nodate/disk.img  Base: 133120    ConfBlockSize: 2048    Starting Disk Env ID: 
[SHELL OUT]:	Writing Bytes
[SHELL OUT]:	[Parent:00007ff6f3cc1583] >> Wrtiting [2048 bytes(s)->4 block(s)] to LBA[225572(257499136)-225576(257507328)]
[SHELL OUT]:	Closing Disk Interface >> {C:/GitHub/BlockyOS/Build/Build-nodate/disk.img}
[SHELL OUT]:	Writing File Block at 225573, Item: 13.	Root: [1742780011519050388:147156532550678]
[SHELL OUT]:	[Parent:00007ff6f3cc1557] >>  C:/GitHub/BlockyOS/Build/Build-nodate/disk.img  Base: 133120    ConfBlockSize: 2048    Starting Disk Env ID: 
[SHELL OUT]:	Writing Bytes
[SHELL OUT]:	[Parent:00007ff6f3cc1583] >> Wrtiting [2048 bytes(s)->4 block(s)] to LBA[225573(257501184)-225577(257509376)]
[SHELL OUT]:	Closing Disk Interface >> {C:/GitHub/BlockyOS/Build/Build-nodate/disk.img}
[SHELL OUT]:	Writing File Block at 225574, Item: 14.	Root: [1742780011519050388:147156532550678]
[SHELL OUT]:	[Parent:00007ff6f3cc1557] >>  C:/GitHub/BlockyOS/Build/Build-nodate/disk.img  Base: 133120    ConfBlockSize: 2048    Starting Disk Env ID: 
[SHELL OUT]:	Writing Bytes
[SHELL OUT]:	[Parent:00007ff6f3cc1583] >> Wrtiting [2048 bytes(s)->4 block(s)] to LBA[225574(257503232)-225578(257511424)]
[SHELL OUT]:	Closing Disk Interface >> {C:/GitHub/BlockyOS/Build/Build-nodate/disk.img}
[SHELL OUT]:	Writing File Block at 225575, Item: 15.	Root: [1742780011519050388:147156532550678]
[SHELL OUT]:	[Parent:00007ff6f3cc1557] >>  C:/GitHub/BlockyOS/Build/Build-nodate/disk.img  Base: 133120    ConfBlockSize: 2048    Starting Disk Env ID: 
[SHELL OUT]:	Writing Bytes
[SHELL OUT]:	[Parent:00007ff6f3cc1583] >> Wrtiting [2048 bytes(s)->4 block(s)] to LBA[225575(257505280)-225579(257513472)]
[SHELL OUT]:	Closing Disk Interface >> {C:/GitHub/BlockyOS/Build/Build-nodate/disk.img}
[SHELL OUT]:	Writing File Block at 225576, Item: 16.	Root: [1742780011519050388:147156532550678]
[SHELL OUT]:	[Parent:00007ff6f3cc1557] >>  C:/GitHub/BlockyOS/Build/Build-nodate/disk.img  Base: 133120    ConfBlockSize: 2048    Starting Disk Env ID: 
[SHELL OUT]:	Writing Bytes
[SHELL OUT]:	[Parent:00007ff6f3cc1583] >> Wrtiting [2048 bytes(s)->4 block(s)] to LBA[225576(257507328)-225580(257515520)]
[SHELL OUT]:	Closing Disk Interface >> {C:/GitHub/BlockyOS/Build/Build-nodate/disk.img}
[SHELL OUT]:	Writing File Block at 225577, Item: 17.	Root: [1742780011519050388:147156532550678]
[SHELL OUT]:	[Parent:00007ff6f3cc1557] >>  C:/GitHub/BlockyOS/Build/Build-nodate/disk.img  Base: 133120    ConfBlockSize: 2048    Starting Disk Env ID: 
[SHELL OUT]:	Writing Bytes
[SHELL OUT]:	[Parent:00007ff6f3cc1583] >> Wrtiting [2048 bytes(s)->4 block(s)] to LBA[225577(257509376)-225581(257517568)]
[SHELL OUT]:	Closing Disk Interface >> {C:/GitHub/BlockyOS/Build/Build-nodate/disk.img}
[SHELL OUT]:	Writing File Block at 225578, Item: 18.	Root: [1742780011519050388:147156532550678]
[SHELL OUT]:	[Parent:00007ff6f3cc1557] >>  C:/GitHub/BlockyOS/Build/Build-nodate/disk.img  Base: 133120    ConfBlockSize: 2048    Starting Disk Env ID: 
[SHELL OUT]:	Writing Bytes
[SHELL OUT]:	[Parent:00007ff6f3cc1583] >> Wrtiting [2048 bytes(s)->4 block(s)] to LBA[225578(257511424)-225582(257519616)]
[SHELL OUT]:	Closing Disk Interface >> {C:/GitHub/BlockyOS/Build/Build-nodate/disk.img}
[SHELL OUT]:	Writing File Block at 225579, Item: 19.	Root: [1742780011519050388:147156532550678]
[SHELL OUT]:	[Parent:00007ff6f3cc1557] >>  C:/GitHub/BlockyOS/Build/Build-nodate/disk.img  Base: 133120    ConfBlockSize: 2048    Starting Disk Env ID: 
[SHELL OUT]:	Writing Bytes
[SHELL OUT]:	[Parent:00007ff6f3cc1583] >> Wrtiting [2048 bytes(s)->4 block(s)] to LBA[225579(257513472)-225583(257521664)]
[SHELL OUT]:	Closing Disk Interface >> {C:/GitHub/BlockyOS/Build/Build-nodate/disk.img}
[SHELL OUT]:	Writing File Block at 225580, Item: 20.	Root: [1742780011519050388:147156532550678]
[SHELL OUT]:	[Parent:00007ff6f3cc1557] >>  C:/GitHub/BlockyOS/Build/Build-nodate/disk.img  Base: 133120    ConfBlockSize: 2048    Starting Disk Env ID: 
[SHELL OUT]:	Writing Bytes
[SHELL OUT]:	[Parent:00007ff6f3cc1583] >> Wrtiting [2048 bytes(s)->4 block(s)] to LBA[225580(257515520)-225584(257523712)]
[SHELL OUT]:	Closing Disk Interface >> {C:/GitHub/BlockyOS/Build/Build-nodate/disk.img}
[SHELL OUT]:	Writing File Block at 225581, Item: 21.	Root: [1742780011519050388:147156532550678]
[SHELL OUT]:	[Parent:00007ff6f3cc1557] >>  C:/GitHub/BlockyOS/Build/Build-nodate/disk.img  Base: 133120    ConfBlockSize: 2048    Starting Disk Env ID: 
[SHELL OUT]:	Writing Bytes
[SHELL OUT]:	[Parent:00007ff6f3cc1583] >> Wrtiting [2048 bytes(s)->4 block(s)] to LBA[225581(257517568)-225585(257525760)]
[SHELL OUT]:	Closing Disk Interface >> {C:/GitHub/BlockyOS/Build/Build-nodate/disk.img}
[SHELL OUT]:	Writing File Block at 225582, Item: 22.	Root: [1742780011519050388:147156532550678]
[SHELL OUT]:	[Parent:00007ff6f3cc1557] >>  C:/GitHub/BlockyOS/Build/Build-nodate/disk.img  Base: 133120    ConfBlockSize: 2048    Starting Disk Env ID: 
[SHELL OUT]:	Writing Bytes
[SHELL OUT]:	[Parent:00007ff6f3cc1583] >> Wrtiting [2048 bytes(s)->4 block(s)] to LBA[225582(257519616)-225586(257527808)]
[SHELL OUT]:	Closing Disk Interface >> {C:/GitHub/BlockyOS/Build/Build-nodate/disk.img}
[SHELL OUT]:	Writing File Block at 225583, Item: 23.	Root: [1742780011519050388:147156532550678]
[SHELL OUT]:	[Parent:00007ff6f3cc1557] >>  C:/GitHub/BlockyOS/Build/Build-nodate/disk.img  Base: 133120    ConfBlockSize: 2048    Starting Disk Env ID: 
[SHELL OUT]:	Writing Bytes
[SHELL OUT]:	[Parent:00007ff6f3cc1583] >> Wrtiting [2048 bytes(s)->4 block(s)] to LBA[225583(257521664)-225587(257529856)]
[SHELL OUT]:	Closing Disk Interface >> {C:/GitHub/BlockyOS/Build/Build-nodate/disk.img}
[SHELL OUT]:	Writing File Block at 225584, Item: 24.	Root: [1742780011519050388:147156532550678]
[SHELL OUT]:	[Parent:00007ff6f3cc1557] >>  C:/GitHub/BlockyOS/Build/Build-nodate/disk.img  Base: 133120    ConfBlockSize: 2048    Starting Disk Env ID: 
[SHELL OUT]:	Writing Bytes
[SHELL OUT]:	[Parent:00007ff6f3cc1583] >> Wrtiting [2048 bytes(s)->4 block(s)] to LBA[225584(257523712)-225588(257531904)]
[SHELL OUT]:	Closing Disk Interface >> {C:/GitHub/BlockyOS/Build/Build-nodate/disk.img}
[SHELL OUT]:	Reading File Block at 225585, Item: 25.    Root: [1742780011519050388:147156532550678]
[SHELL OUT]:	[Parent:00007ff6f3cc10ba] >>  C:/GitHub/BlockyOS/Build/Build-nodate/disk.img  Base: 133120    ConfBlockSize: 2048    Starting Disk Env ID: 
[SHELL OUT]:	Reading Bytes
[SHELL OUT]:	[Parent:00007ff6f3cc10de] >> Reading [2048 bytes(s)->4 block(s)] from LBA[225585(257525760)-225589(257533952)]
[SHELL OUT]:	Closing Disk Interface >> {C:/GitHub/BlockyOS/Build/Build-nodate/disk.img}
[SHELL OUT]:	Writing File Block at 225585, Item: 25.	Root: [1742780011519050388:147156532550678]
[SHELL OUT]:	[Parent:00007ff6f3cc1557] >>  C:/GitHub/BlockyOS/Build/Build-nodate/disk.img  Base: 133120    ConfBlockSize: 2048    Starting Disk Env ID: 
[SHELL OUT]:	Writing Bytes
[SHELL OUT]:	[Parent:00007ff6f3cc1583] >> Wrtiting [2048 bytes(s)->4 block(s)] to LBA[225585(257525760)-225589(257533952)]
[SHELL OUT]:	Closing Disk Interface >> {C:/GitHub/BlockyOS/Build/Build-nodate/disk.img}
[SHELL OUT]:	[0]: ""
Initializing CGCC.MAKE build process...
Skipping C:\GitHub\BlockyOS\src\kernel\services\IO\IO.c - up to date; source=2026-09-16T16:38:35.5854557Z, stored=09/16/2026 16:38:35
Stale source detected for C:\GitHub\BlockyOS\Build\Build-nodate\root-part\libcrt.dll. source=2026-10-02T17:00:28.4792926Z, stored=10/02/2026 01:34:11, delta=+20273177.479 sec
Compiled and updated timestamp for C:\GitHub\BlockyOS\Build\Build-nodate\root-part\libcrt.dll
Skipping C:\GitHub\BlockyOS\src\kernel\services\IO\IO.def - up to date; source=2026-09-16T21:00:02.8766014Z, stored=09/16/2026 21:00:02
gcc compile/cache/c.IO.o Build/Build-nodate/root-part/libcrt.dll src/kernel/services/IO/IO.def -Wl,-nostdlib -Wl,-shared -Wl,-flinker-output=dyn -Wl,-Bsymbolic -Wl,--out-implib,C:/GitHub/BlockyOS/Build/Build-nodate/root-part/services/IO.dll.a -Wl,-Map,C:\GitHub\BlockyOS\src\kernel\services\IO\alibcrt.map -fdiagnostics-color=always -fno-diagnostics-show-highlight-colors -nostartfiles -nodefaultlibs -fno-asynchronous-unwind-tables -fno-unwind-tables -o C:/GitHub/BlockyOS/Build/Build-nodate/root-part/services/IO.dll
Build finished successfully -> C:/GitHub/BlockyOS/Build/Build-nodate/root-part/services/IO.dll


[SHELL]	FSFRAT.MAKE
[SHELL]	FSFRAT.MOUNT
[SHELL]	e.disk -pp C:/GitHub/BlockyOS/Build/Build-nodate/disk.img -pt ROOT -bs 2048 -lb 32 -v 1:0
[SHELL OUT]:	
[SHELL OUT]:	FSFRAT DRIVER
[SHELL OUT]:	>> 
[SHELL OUT]:	[C:\GitHub\BlockyOS\tools\filesystem\frat.c:196]  >>  Mounting FS Root: [C:/GitHub/BlockyOS/Build/Build-nodate/disk.img]
[SHELL OUT]:	Verifying Disk GPT
[SHELL OUT]:	[Parent:00007ff79a7dd8ff] >>  C:/GitHub/BlockyOS/Build/Build-nodate/disk.img  Base: 0    ConfBlockSize: 512    Starting Disk Env ID: 
[SHELL OUT]:	Reading Bytes
[SHELL OUT]:	[Parent:00007ff79a7dd91a] >> Reading [92 bytes(s)->1 block(s)] from LBA[1(512)-2(1024)]
[SHELL OUT]:	GPT Dump:
[SHELL OUT]:	    Sig: "EFI PART"
[SHELL OUT]:	    Rev: 65536
[SHELL OUT]:	    Header-Size: 92
[SHELL OUT]:	    Header Checksum: 2621714706
[SHELL OUT]:	    localLBA: 1
[SHELL OUT]:	    altLBA: 2230273
[SHELL OUT]:	    firstUsable: 2048
[SHELL OUT]:	    lastUsable: 2230271
[SHELL OUT]:	    Disk-GUID: 
[SHELL OUT]:	    Partition-Table: 2
[SHELL OUT]:	    # of Partition-Entries: 2
[SHELL OUT]:	    Partition-Entry Size: 128
[SHELL OUT]:	    Partition-Table Checksum: 896708427
[SHELL OUT]:	Closing Disk Interface >> {C:/GitHub/BlockyOS/Build/Build-nodate/disk.img}
[SHELL OUT]:	GPT Exists? true
[SHELL OUT]:	[Parent:00007ff79a7deed9] >>  C:/GitHub/BlockyOS/Build/Build-nodate/disk.img  Base: 0    ConfBlockSize: 512    Starting Disk Env ID: 
[SHELL OUT]:	Reading Bytes
[SHELL OUT]:	[Parent:00007ff79a7deefa] >> Reading [92 bytes(s)->1 block(s)] from LBA[1(512)-2(1024)]
[SHELL OUT]:	[C:\GitHub\BlockyOS\tools\filesystem\frat.c:137]  >>  Querying Part Table
[SHELL OUT]:	Reading Bytes
[SHELL OUT]:	[Parent:00007ff79a7de73d] >> Reading [256 bytes(s)->1 block(s)] from LBA[2(1024)-3(1536)]
[SHELL OUT]:	[C:\GitHub\BlockyOS\tools\filesystem\frat.c:145]  >>  GPT-Entry: BOOT{2048:133119 -> 131071}
[SHELL OUT]:	[C:\GitHub\BlockyOS\tools\filesystem\frat.c:159]  >>  Querying FS at 2048
[SHELL OUT]:	Reading Bytes
[SHELL OUT]:	[Parent:00007ff79a7debe1] >> Reading [60 bytes(s)->1 block(s)] from LBA[2048(1048576)-2049(1049088)]
[SHELL OUT]:	FS-Root Blob:
[SHELL OUT]:	    Version: [0:131072]
[SHELL OUT]:	    Sig: 
[SHELL OUT]:	    Configured Log Sectors: 2
[SHELL OUT]:	    Configured Block Size: 0
[SHELL OUT]:	    Configured Cluster-Map Size: 16711743
[SHELL OUT]:	[C:\GitHub\BlockyOS\tools\filesystem\frat.c:145]  >>  GPT-Entry: ROOT{133120:2230271 -> 2097151}
[SHELL OUT]:	[C:\GitHub\BlockyOS\tools\filesystem\frat.c:159]  >>  Querying FS at 133120
[SHELL OUT]:	Reading Bytes
[SHELL OUT]:	[Parent:00007ff79a7debe1] >> Reading [60 bytes(s)->1 block(s)] from LBA[133120(68157440)-133121(68157952)]
[SHELL OUT]:	FS-Root Blob:
[SHELL OUT]:	    Version: [0:1]
[SHELL OUT]:	    Sig: FRAT_FILESYSTEM
[SHELL OUT]:	    Configured Log Sectors: 32
[SHELL OUT]:	    Configured Block Size: 2048
[SHELL OUT]:	    Configured Cluster-Map Size: 20480
[SHELL OUT]:	[C:\GitHub\BlockyOS\tools\filesystem\frat.c:184]  >>  FS Found at [133120]:
[SHELL OUT]:		Version-Code: [0:1]
[SHELL OUT]:		Configured Block-Size: 2048
[SHELL OUT]:		Configured Cluster-Size: 20480
[SHELL OUT]:		Configured # of Log-Sectors: 32
[SHELL OUT]:		Configured Log-Size: 576
[SHELL OUT]:	[C:\GitHub\BlockyOS\tools\filesystem\frat.c:210]  >>  Found Formatted Partition: 133120:2230271 -> 2097151
[SHELL OUT]:	Reading Bytes
[SHELL OUT]:	[Parent:00007ff79a7df05b] >> Reading [60 bytes(s)->1 block(s)] from LBA[133120(68157440)-133121(68157952)]
[SHELL OUT]:	[C:\GitHub\BlockyOS\tools\filesystem\frat.c:223]  >>  Root: 133120:2230271 -> 2097151 LBAs
[SHELL OUT]:		Version-Code: [0:1]
[SHELL OUT]:		Configured Block-Size: 2048
[SHELL OUT]:		Configured Cluster-Size: 20480
[SHELL OUT]:		Configured # of Log-Sectors: 20480
[SHELL OUT]:		Configured Log-Size: 32
[SHELL OUT]:	Reading Bytes
[SHELL OUT]:	[Parent:00007ff79a7df39f] >> Reading [65536 bytes(s)->128 block(s)] from LBA[133121(68159488)-133249(68421632)]
[SHELL OUT]:	Reading Bytes
[SHELL OUT]:	[Parent:00007ff79a7df44b] >> Reading [20480 bytes(s)->40 block(s)] from LBA[202752(210763776)-202792(210845696)]
[SHELL OUT]:	    Verifying FS Root Items #items: 1024
[SHELL OUT]:	Reading Bytes
[SHELL OUT]:	[Parent:00007ff79a7df6be] >> Reading [512 bytes(s)->4 block(s)] from LBA[225280(256901120)-225284(256909312)]
[SHELL OUT]:	Reading Bytes
[SHELL OUT]:	[Parent:00007ff79a7df6be] >> Reading [512 bytes(s)->4 block(s)] from LBA[225281(256903168)-225285(256911360)]
[SHELL OUT]:	Reading Bytes
[SHELL OUT]:	[Parent:00007ff79a7df6be] >> Reading [512 bytes(s)->4 block(s)] from LBA[225396(257138688)-225400(257146880)]
[SHELL OUT]:	Reading Bytes
[SHELL OUT]:	[Parent:00007ff79a7df6be] >> Reading [512 bytes(s)->4 block(s)] from LBA[225422(257191936)-225426(257200128)]
[SHELL OUT]:	Reading Bytes
[SHELL OUT]:	[Parent:00007ff79a7df6be] >> Reading [512 bytes(s)->4 block(s)] from LBA[225431(257210368)-225435(257218560)]
[SHELL OUT]:	Reading Bytes
[SHELL OUT]:	[Parent:00007ff79a7df6be] >> Reading [512 bytes(s)->4 block(s)] from LBA[225446(257241088)-225450(257249280)]
[SHELL OUT]:	Reading Bytes
[SHELL OUT]:	[Parent:00007ff79a7df6be] >> Reading [512 bytes(s)->4 block(s)] from LBA[225560(257474560)-225564(257482752)]
[SHELL OUT]:	Reading Bytes
[SHELL OUT]:	[Parent:00007ff79a7df6be] >> Reading [512 bytes(s)->4 block(s)] from LBA[225586(257527808)-225590(257536000)]
[SHELL OUT]:	Reading Bytes
[SHELL OUT]:	[Parent:00007ff79a7df6be] >> Reading [512 bytes(s)->4 block(s)] from LBA[225595(257546240)-225599(257554432)]
[SHELL OUT]:	Closing Disk Interface >> {C:/GitHub/BlockyOS/Build/Build-nodate/disk.img}
[SHELL OUT]:	[Parent:00007ff79a7e1926] >>  C:/GitHub/BlockyOS/Build/Build-nodate/disk.img  Base: 133120    ConfBlockSize: 2048    Starting Disk Env ID: 
[SHELL OUT]:	Writing Bytes
[SHELL OUT]:	[Parent:00007ff79a7e194f] >> Wrtiting [60 bytes(s)->4 block(s)] to LBA[133120(68157440)-133124(68165632)]
[SHELL OUT]:	Writing Bytes
[SHELL OUT]:	[Parent:00007ff79a7e1997] >> Wrtiting [20480 bytes(s)->40 block(s)] to LBA[202752(210763776)-202792(210845696)]
[SHELL OUT]:	Closing Disk Interface >> {C:/GitHub/BlockyOS/Build/Build-nodate/disk.img}
[SHELL OUT]:	[0]: ""
[SHELL]	create -la fc -p SYSD/ -n IO.dll
[SHELL OUT]:	
[SHELL OUT]:	>> 
[SHELL OUT]:	>> 
[SHELL OUT]:	0000024a290b5ecb:fc	0000024a290b5ed1:SYSD/	0000024a290b5eda:IO.dll	
[SHELL OUT]:	[	SYSD/IO.dll]
[SHELL OUT]:	Mounting File [SYSD/IO.dll] with "fc"
[SHELL OUT]:	Creating File at: ./SYSD/IO.dll
[SHELL OUT]:	Root is 0000024a290b9030
[SHELL OUT]:	Root is 0000024a290b9030
[SHELL OUT]:	Un-Mounting File [1742780011519050388:147156532550678]
[SHELL OUT]:	[Parent:00007ff79a7e1926] >>  C:/GitHub/BlockyOS/Build/Build-nodate/disk.img  Base: 133120    ConfBlockSize: 2048    Starting Disk Env ID: 
[SHELL OUT]:	Writing Bytes
[SHELL OUT]:	[Parent:00007ff79a7e194f] >> Wrtiting [60 bytes(s)->4 block(s)] to LBA[133120(68157440)-133124(68165632)]
[SHELL OUT]:	Writing Bytes
[SHELL OUT]:	[Parent:00007ff79a7e1997] >> Wrtiting [20480 bytes(s)->40 block(s)] to LBA[202752(210763776)-202792(210845696)]
[SHELL OUT]:	Closing Disk Interface >> {C:/GitHub/BlockyOS/Build/Build-nodate/disk.img}
[SHELL OUT]:	[0]: ""
[SHELL]	FSFRAT.OPEN
[SHELL]	open -p SYSD/IO.dll -a IO -la f
[SHELL OUT]:	
[SHELL OUT]:	>> 
[SHELL OUT]:	>> 
[SHELL OUT]:	Mounting File [SYSD/IO.dll] with "f"
[SHELL OUT]:	Root is 0000024a290b9030
[SHELL OUT]:	[0]: ""
[SHELL]	FSFRAT.WRITE
[SHELL]	fwrite -pp C:/GitHub/BlockyOS/Build/Build-nodate/root-part/services/IO.dll -ia %IO% -p 0 -n 0
[SHELL OUT]:	
[SHELL OUT]:	>> 
[SHELL OUT]:	>> 
[SHELL OUT]:	[Parent:00007ff79a7e1f16] >>  C:/GitHub/BlockyOS/Build/Build-nodate/disk.img  Base: 133120    ConfBlockSize: 2048    Starting Disk Env ID: 
[SHELL OUT]:	[Parent:00007ff79a7e1e53] >>  C:/GitHub/BlockyOS/Build/Build-nodate/disk.img  Base: 133120    ConfBlockSize: 2048    Starting Disk Env ID: 
[SHELL OUT]:	Reading File Info
[SHELL OUT]:	Reading Bytes
[SHELL OUT]:	[Parent:00007ff79a7e1ec2] >> Reading [512 bytes(s)->4 block(s)] from LBA[225560(257474560)-225564(257482752)]
[SHELL OUT]:	Closing Disk Interface >> {C:/GitHub/BlockyOS/Build/Build-nodate/disk.img}
[SHELL OUT]:	Writing Bytes
[SHELL OUT]:	[Parent:00007ff79a7e2010] >> Wrtiting [512 bytes(s)->4 block(s)] to LBA[225560(257474560)-225564(257482752)]
[SHELL OUT]:	Closing Disk Interface >> {C:/GitHub/BlockyOS/Build/Build-nodate/disk.img}
[SHELL OUT]:	Root is 0000024a290b9030
[SHELL OUT]:	Writing File Block at 225561, Item: 1.	Root: [1742780011519050388:147156532550678]
[SHELL OUT]:	[Parent:00007ff79a7e1557] >>  C:/GitHub/BlockyOS/Build/Build-nodate/disk.img  Base: 133120    ConfBlockSize: 2048    Starting Disk Env ID: 
[SHELL OUT]:	Writing Bytes
[SHELL OUT]:	[Parent:00007ff79a7e1583] >> Wrtiting [2048 bytes(s)->4 block(s)] to LBA[225561(257476608)-225565(257484800)]
[SHELL OUT]:	Closing Disk Interface >> {C:/GitHub/BlockyOS/Build/Build-nodate/disk.img}
[SHELL OUT]:	Writing File Block at 225562, Item: 2.	Root: [1742780011519050388:147156532550678]
[SHELL OUT]:	[Parent:00007ff79a7e1557] >>  C:/GitHub/BlockyOS/Build/Build-nodate/disk.img  Base: 133120    ConfBlockSize: 2048    Starting Disk Env ID: 
[SHELL OUT]:	Writing Bytes
[SHELL OUT]:	[Parent:00007ff79a7e1583] >> Wrtiting [2048 bytes(s)->4 block(s)] to LBA[225562(257478656)-225566(257486848)]
[SHELL OUT]:	Closing Disk Interface >> {C:/GitHub/BlockyOS/Build/Build-nodate/disk.img}
[SHELL OUT]:	Writing File Block at 225563, Item: 3.	Root: [1742780011519050388:147156532550678]
[SHELL OUT]:	[Parent:00007ff79a7e1557] >>  C:/GitHub/BlockyOS/Build/Build-nodate/disk.img  Base: 133120    ConfBlockSize: 2048    Starting Disk Env ID: 
[SHELL OUT]:	Writing Bytes
[SHELL OUT]:	[Parent:00007ff79a7e1583] >> Wrtiting [2048 bytes(s)->4 block(s)] to LBA[225563(257480704)-225567(257488896)]
[SHELL OUT]:	Closing Disk Interface >> {C:/GitHub/BlockyOS/Build/Build-nodate/disk.img}
[SHELL OUT]:	Writing File Block at 225564, Item: 4.	Root: [1742780011519050388:147156532550678]
[SHELL OUT]:	[Parent:00007ff79a7e1557] >>  C:/GitHub/BlockyOS/Build/Build-nodate/disk.img  Base: 133120    ConfBlockSize: 2048    Starting Disk Env ID: 
[SHELL OUT]:	Writing Bytes
[SHELL OUT]:	[Parent:00007ff79a7e1583] >> Wrtiting [2048 bytes(s)->4 block(s)] to LBA[225564(257482752)-225568(257490944)]
[SHELL OUT]:	Closing Disk Interface >> {C:/GitHub/BlockyOS/Build/Build-nodate/disk.img}
[SHELL OUT]:	Writing File Block at 225565, Item: 5.	Root: [1742780011519050388:147156532550678]
[SHELL OUT]:	[Parent:00007ff79a7e1557] >>  C:/GitHub/BlockyOS/Build/Build-nodate/disk.img  Base: 133120    ConfBlockSize: 2048    Starting Disk Env ID: 
[SHELL OUT]:	Writing Bytes
[SHELL OUT]:	[Parent:00007ff79a7e1583] >> Wrtiting [2048 bytes(s)->4 block(s)] to LBA[225565(257484800)-225569(257492992)]
[SHELL OUT]:	Closing Disk Interface >> {C:/GitHub/BlockyOS/Build/Build-nodate/disk.img}
[SHELL OUT]:	Writing File Block at 225566, Item: 6.	Root: [1742780011519050388:147156532550678]
[SHELL OUT]:	[Parent:00007ff79a7e1557] >>  C:/GitHub/BlockyOS/Build/Build-nodate/disk.img  Base: 133120    ConfBlockSize: 2048    Starting Disk Env ID: 
[SHELL OUT]:	Writing Bytes
[SHELL OUT]:	[Parent:00007ff79a7e1583] >> Wrtiting [2048 bytes(s)->4 block(s)] to LBA[225566(257486848)-225570(257495040)]
[SHELL OUT]:	Closing Disk Interface >> {C:/GitHub/BlockyOS/Build/Build-nodate/disk.img}
[SHELL OUT]:	Writing File Block at 225567, Item: 7.	Root: [1742780011519050388:147156532550678]
[SHELL OUT]:	[Parent:00007ff79a7e1557] >>  C:/GitHub/BlockyOS/Build/Build-nodate/disk.img  Base: 133120    ConfBlockSize: 2048    Starting Disk Env ID: 
[SHELL OUT]:	Writing Bytes
[SHELL OUT]:	[Parent:00007ff79a7e1583] >> Wrtiting [2048 bytes(s)->4 block(s)] to LBA[225567(257488896)-225571(257497088)]
[SHELL OUT]:	Closing Disk Interface >> {C:/GitHub/BlockyOS/Build/Build-nodate/disk.img}
[SHELL OUT]:	Writing File Block at 225568, Item: 8.	Root: [1742780011519050388:147156532550678]
[SHELL OUT]:	[Parent:00007ff79a7e1557] >>  C:/GitHub/BlockyOS/Build/Build-nodate/disk.img  Base: 133120    ConfBlockSize: 2048    Starting Disk Env ID: 
[SHELL OUT]:	Writing Bytes
[SHELL OUT]:	[Parent:00007ff79a7e1583] >> Wrtiting [2048 bytes(s)->4 block(s)] to LBA[225568(257490944)-225572(257499136)]
[SHELL OUT]:	Closing Disk Interface >> {C:/GitHub/BlockyOS/Build/Build-nodate/disk.img}
[SHELL OUT]:	Writing File Block at 225569, Item: 9.	Root: [1742780011519050388:147156532550678]
[SHELL OUT]:	[Parent:00007ff79a7e1557] >>  C:/GitHub/BlockyOS/Build/Build-nodate/disk.img  Base: 133120    ConfBlockSize: 2048    Starting Disk Env ID: 
[SHELL OUT]:	Writing Bytes
[SHELL OUT]:	[Parent:00007ff79a7e1583] >> Wrtiting [2048 bytes(s)->4 block(s)] to LBA[225569(257492992)-225573(257501184)]
[SHELL OUT]:	Closing Disk Interface >> {C:/GitHub/BlockyOS/Build/Build-nodate/disk.img}
[SHELL OUT]:	Writing File Block at 225570, Item: 10.	Root: [1742780011519050388:147156532550678]
[SHELL OUT]:	[Parent:00007ff79a7e1557] >>  C:/GitHub/BlockyOS/Build/Build-nodate/disk.img  Base: 133120    ConfBlockSize: 2048    Starting Disk Env ID: 
[SHELL OUT]:	Writing Bytes
[SHELL OUT]:	[Parent:00007ff79a7e1583] >> Wrtiting [2048 bytes(s)->4 block(s)] to LBA[225570(257495040)-225574(257503232)]
[SHELL OUT]:	Closing Disk Interface >> {C:/GitHub/BlockyOS/Build/Build-nodate/disk.img}
[SHELL OUT]:	Writing File Block at 225571, Item: 11.	Root: [1742780011519050388:147156532550678]
[SHELL OUT]:	[Parent:00007ff79a7e1557] >>  C:/GitHub/BlockyOS/Build/Build-nodate/disk.img  Base: 133120    ConfBlockSize: 2048    Starting Disk Env ID: 
[SHELL OUT]:	Writing Bytes
[SHELL OUT]:	[Parent:00007ff79a7e1583] >> Wrtiting [2048 bytes(s)->4 block(s)] to LBA[225571(257497088)-225575(257505280)]
[SHELL OUT]:	Closing Disk Interface >> {C:/GitHub/BlockyOS/Build/Build-nodate/disk.img}
[SHELL OUT]:	Writing File Block at 225572, Item: 12.	Root: [1742780011519050388:147156532550678]
[SHELL OUT]:	[Parent:00007ff79a7e1557] >>  C:/GitHub/BlockyOS/Build/Build-nodate/disk.img  Base: 133120    ConfBlockSize: 2048    Starting Disk Env ID: 
[SHELL OUT]:	Writing Bytes
[SHELL OUT]:	[Parent:00007ff79a7e1583] >> Wrtiting [2048 bytes(s)->4 block(s)] to LBA[225572(257499136)-225576(257507328)]
[SHELL OUT]:	Closing Disk Interface >> {C:/GitHub/BlockyOS/Build/Build-nodate/disk.img}
[SHELL OUT]:	Writing File Block at 225573, Item: 13.	Root: [1742780011519050388:147156532550678]
[SHELL OUT]:	[Parent:00007ff79a7e1557] >>  C:/GitHub/BlockyOS/Build/Build-nodate/disk.img  Base: 133120    ConfBlockSize: 2048    Starting Disk Env ID: 
[SHELL OUT]:	Writing Bytes
[SHELL OUT]:	[Parent:00007ff79a7e1583] >> Wrtiting [2048 bytes(s)->4 block(s)] to LBA[225573(257501184)-225577(257509376)]
[SHELL OUT]:	Closing Disk Interface >> {C:/GitHub/BlockyOS/Build/Build-nodate/disk.img}
[SHELL OUT]:	Writing File Block at 225574, Item: 14.	Root: [1742780011519050388:147156532550678]
[SHELL OUT]:	[Parent:00007ff79a7e1557] >>  C:/GitHub/BlockyOS/Build/Build-nodate/disk.img  Base: 133120    ConfBlockSize: 2048    Starting Disk Env ID: 
[SHELL OUT]:	Writing Bytes
[SHELL OUT]:	[Parent:00007ff79a7e1583] >> Wrtiting [2048 bytes(s)->4 block(s)] to LBA[225574(257503232)-225578(257511424)]
[SHELL OUT]:	Closing Disk Interface >> {C:/GitHub/BlockyOS/Build/Build-nodate/disk.img}
[SHELL OUT]:	Writing File Block at 225575, Item: 15.	Root: [1742780011519050388:147156532550678]
[SHELL OUT]:	[Parent:00007ff79a7e1557] >>  C:/GitHub/BlockyOS/Build/Build-nodate/disk.img  Base: 133120    ConfBlockSize: 2048    Starting Disk Env ID: 
[SHELL OUT]:	Writing Bytes
[SHELL OUT]:	[Parent:00007ff79a7e1583] >> Wrtiting [2048 bytes(s)->4 block(s)] to LBA[225575(257505280)-225579(257513472)]
[SHELL OUT]:	Closing Disk Interface >> {C:/GitHub/BlockyOS/Build/Build-nodate/disk.img}
[SHELL OUT]:	Writing File Block at 225576, Item: 16.	Root: [1742780011519050388:147156532550678]
[SHELL OUT]:	[Parent:00007ff79a7e1557] >>  C:/GitHub/BlockyOS/Build/Build-nodate/disk.img  Base: 133120    ConfBlockSize: 2048    Starting Disk Env ID: 
[SHELL OUT]:	Writing Bytes
[SHELL OUT]:	[Parent:00007ff79a7e1583] >> Wrtiting [2048 bytes(s)->4 block(s)] to LBA[225576(257507328)-225580(257515520)]
[SHELL OUT]:	Closing Disk Interface >> {C:/GitHub/BlockyOS/Build/Build-nodate/disk.img}
[SHELL OUT]:	Writing File Block at 225577, Item: 17.	Root: [1742780011519050388:147156532550678]
[SHELL OUT]:	[Parent:00007ff79a7e1557] >>  C:/GitHub/BlockyOS/Build/Build-nodate/disk.img  Base: 133120    ConfBlockSize: 2048    Starting Disk Env ID: 
[SHELL OUT]:	Writing Bytes
[SHELL OUT]:	[Parent:00007ff79a7e1583] >> Wrtiting [2048 bytes(s)->4 block(s)] to LBA[225577(257509376)-225581(257517568)]
[SHELL OUT]:	Closing Disk Interface >> {C:/GitHub/BlockyOS/Build/Build-nodate/disk.img}
[SHELL OUT]:	Writing File Block at 225578, Item: 18.	Root: [1742780011519050388:147156532550678]
[SHELL OUT]:	[Parent:00007ff79a7e1557] >>  C:/GitHub/BlockyOS/Build/Build-nodate/disk.img  Base: 133120    ConfBlockSize: 2048    Starting Disk Env ID: 
[SHELL OUT]:	Writing Bytes
[SHELL OUT]:	[Parent:00007ff79a7e1583] >> Wrtiting [2048 bytes(s)->4 block(s)] to LBA[225578(257511424)-225582(257519616)]
[SHELL OUT]:	Closing Disk Interface >> {C:/GitHub/BlockyOS/Build/Build-nodate/disk.img}
[SHELL OUT]:	Writing File Block at 225579, Item: 19.	Root: [1742780011519050388:147156532550678]
[SHELL OUT]:	[Parent:00007ff79a7e1557] >>  C:/GitHub/BlockyOS/Build/Build-nodate/disk.img  Base: 133120    ConfBlockSize: 2048    Starting Disk Env ID: 
[SHELL OUT]:	Writing Bytes
[SHELL OUT]:	[Parent:00007ff79a7e1583] >> Wrtiting [2048 bytes(s)->4 block(s)] to LBA[225579(257513472)-225583(257521664)]
[SHELL OUT]:	Closing Disk Interface >> {C:/GitHub/BlockyOS/Build/Build-nodate/disk.img}
[SHELL OUT]:	Writing File Block at 225580, Item: 20.	Root: [1742780011519050388:147156532550678]
[SHELL OUT]:	[Parent:00007ff79a7e1557] >>  C:/GitHub/BlockyOS/Build/Build-nodate/disk.img  Base: 133120    ConfBlockSize: 2048    Starting Disk Env ID: 
[SHELL OUT]:	Writing Bytes
[SHELL OUT]:	[Parent:00007ff79a7e1583] >> Wrtiting [2048 bytes(s)->4 block(s)] to LBA[225580(257515520)-225584(257523712)]
[SHELL OUT]:	Closing Disk Interface >> {C:/GitHub/BlockyOS/Build/Build-nodate/disk.img}
[SHELL OUT]:	Writing File Block at 225581, Item: 21.	Root: [1742780011519050388:147156532550678]
[SHELL OUT]:	[Parent:00007ff79a7e1557] >>  C:/GitHub/BlockyOS/Build/Build-nodate/disk.img  Base: 133120    ConfBlockSize: 2048    Starting Disk Env ID: 
[SHELL OUT]:	Writing Bytes
[SHELL OUT]:	[Parent:00007ff79a7e1583] >> Wrtiting [2048 bytes(s)->4 block(s)] to LBA[225581(257517568)-225585(257525760)]
[SHELL OUT]:	Closing Disk Interface >> {C:/GitHub/BlockyOS/Build/Build-nodate/disk.img}
[SHELL OUT]:	Writing File Block at 225582, Item: 22.	Root: [1742780011519050388:147156532550678]
[SHELL OUT]:	[Parent:00007ff79a7e1557] >>  C:/GitHub/BlockyOS/Build/Build-nodate/disk.img  Base: 133120    ConfBlockSize: 2048    Starting Disk Env ID: 
[SHELL OUT]:	Writing Bytes
[SHELL OUT]:	[Parent:00007ff79a7e1583] >> Wrtiting [2048 bytes(s)->4 block(s)] to LBA[225582(257519616)-225586(257527808)]
[SHELL OUT]:	Closing Disk Interface >> {C:/GitHub/BlockyOS/Build/Build-nodate/disk.img}
[SHELL OUT]:	Writing File Block at 225583, Item: 23.	Root: [1742780011519050388:147156532550678]
[SHELL OUT]:	[Parent:00007ff79a7e1557] >>  C:/GitHub/BlockyOS/Build/Build-nodate/disk.img  Base: 133120    ConfBlockSize: 2048    Starting Disk Env ID: 
[SHELL OUT]:	Writing Bytes
[SHELL OUT]:	[Parent:00007ff79a7e1583] >> Wrtiting [2048 bytes(s)->4 block(s)] to LBA[225583(257521664)-225587(257529856)]
[SHELL OUT]:	Closing Disk Interface >> {C:/GitHub/BlockyOS/Build/Build-nodate/disk.img}
[SHELL OUT]:	Writing File Block at 225584, Item: 24.	Root: [1742780011519050388:147156532550678]
[SHELL OUT]:	[Parent:00007ff79a7e1557] >>  C:/GitHub/BlockyOS/Build/Build-nodate/disk.img  Base: 133120    ConfBlockSize: 2048    Starting Disk Env ID: 
[SHELL OUT]:	Writing Bytes
[SHELL OUT]:	[Parent:00007ff79a7e1583] >> Wrtiting [2048 bytes(s)->4 block(s)] to LBA[225584(257523712)-225588(257531904)]
[SHELL OUT]:	Closing Disk Interface >> {C:/GitHub/BlockyOS/Build/Build-nodate/disk.img}
[SHELL OUT]:	Reading File Block at 225585, Item: 25.    Root: [1742780011519050388:147156532550678]
[SHELL OUT]:	[Parent:00007ff79a7e10ba] >>  C:/GitHub/BlockyOS/Build/Build-nodate/disk.img  Base: 133120    ConfBlockSize: 2048    Starting Disk Env ID: 
[SHELL OUT]:	Reading Bytes
[SHELL OUT]:	[Parent:00007ff79a7e10de] >> Reading [2048 bytes(s)->4 block(s)] from LBA[225585(257525760)-225589(257533952)]
[SHELL OUT]:	Closing Disk Interface >> {C:/GitHub/BlockyOS/Build/Build-nodate/disk.img}
[SHELL OUT]:	Writing File Block at 225585, Item: 25.	Root: [1742780011519050388:147156532550678]
[SHELL OUT]:	[Parent:00007ff79a7e1557] >>  C:/GitHub/BlockyOS/Build/Build-nodate/disk.img  Base: 133120    ConfBlockSize: 2048    Starting Disk Env ID: 
[SHELL OUT]:	Writing Bytes
[SHELL OUT]:	[Parent:00007ff79a7e1583] >> Wrtiting [2048 bytes(s)->4 block(s)] to LBA[225585(257525760)-225589(257533952)]
[SHELL OUT]:	Closing Disk Interface >> {C:/GitHub/BlockyOS/Build/Build-nodate/disk.img}
[SHELL OUT]:	[0]: ""
Initializing CGCC.MAKE build process...
Skipping C:\GitHub\BlockyOS\src\kernel\services\IO\IO.c - up to date; source=2026-09-16T16:38:35.5854557Z, stored=09/16/2026 16:38:35
Stale source detected for C:\GitHub\BlockyOS\Build\Build-nodate\root-part\libcrt.dll. source=2026-10-02T17:09:11.8923391Z, stored=10/02/2026 17:00:28, delta=+20218123.892 sec
Compiled and updated timestamp for C:\GitHub\BlockyOS\Build\Build-nodate\root-part\libcrt.dll
Skipping C:\GitHub\BlockyOS\src\kernel\services\IO\IO.def - up to date; source=2026-09-16T21:00:02.8766014Z, stored=09/16/2026 21:00:02
gcc compile/cache/c.IO.o Build/Build-nodate/root-part/libcrt.dll src/kernel/services/IO/IO.def -Wl,-nostdlib -Wl,-shared -Wl,-flinker-output=dyn -Wl,-Bsymbolic -Wl,--out-implib,C:/GitHub/BlockyOS/Build/Build-nodate/root-part/services/IO.dll.a -Wl,-Map,C:\GitHub\BlockyOS\src\kernel\services\IO\alibcrt.map -fdiagnostics-color=always -fno-diagnostics-show-highlight-colors -nostartfiles -nodefaultlibs -fno-asynchronous-unwind-tables -fno-unwind-tables -o C:/GitHub/BlockyOS/Build/Build-nodate/root-part/services/IO.dll
Build finished successfully -> C:/GitHub/BlockyOS/Build/Build-nodate/root-part/services/IO.dll


[SHELL]	FSFRAT.MAKE
[SHELL]	FSFRAT.MOUNT
[SHELL]	e.disk -pp C:/GitHub/BlockyOS/Build/Build-nodate/disk.img -pt ROOT -bs 2048 -lb 32 -v 1:0
[SHELL OUT]:	
[SHELL OUT]:	FSFRAT DRIVER
[SHELL OUT]:	>> 
[SHELL OUT]:	[C:\GitHub\BlockyOS\tools\filesystem\frat.c:196]  >>  Mounting FS Root: [C:/GitHub/BlockyOS/Build/Build-nodate/disk.img]
[SHELL OUT]:	Verifying Disk GPT
[SHELL OUT]:	[Parent:00007ff7b402d8ff] >>  C:/GitHub/BlockyOS/Build/Build-nodate/disk.img  Base: 0    ConfBlockSize: 512    Starting Disk Env ID: 
[SHELL OUT]:	Reading Bytes
[SHELL OUT]:	[Parent:00007ff7b402d91a] >> Reading [92 bytes(s)->1 block(s)] from LBA[1(512)-2(1024)]
[SHELL OUT]:	GPT Dump:
[SHELL OUT]:	    Sig: "EFI PART"
[SHELL OUT]:	    Rev: 65536
[SHELL OUT]:	    Header-Size: 92
[SHELL OUT]:	    Header Checksum: 2621714706
[SHELL OUT]:	    localLBA: 1
[SHELL OUT]:	    altLBA: 2230273
[SHELL OUT]:	    firstUsable: 2048
[SHELL OUT]:	    lastUsable: 2230271
[SHELL OUT]:	    Disk-GUID: 
[SHELL OUT]:	    Partition-Table: 2
[SHELL OUT]:	    # of Partition-Entries: 2
[SHELL OUT]:	    Partition-Entry Size: 128
[SHELL OUT]:	    Partition-Table Checksum: 896708427
[SHELL OUT]:	Closing Disk Interface >> {C:/GitHub/BlockyOS/Build/Build-nodate/disk.img}
[SHELL OUT]:	GPT Exists? true
[SHELL OUT]:	[Parent:00007ff7b402eed9] >>  C:/GitHub/BlockyOS/Build/Build-nodate/disk.img  Base: 0    ConfBlockSize: 512    Starting Disk Env ID: 
[SHELL OUT]:	Reading Bytes
[SHELL OUT]:	[Parent:00007ff7b402eefa] >> Reading [92 bytes(s)->1 block(s)] from LBA[1(512)-2(1024)]
[SHELL OUT]:	[C:\GitHub\BlockyOS\tools\filesystem\frat.c:137]  >>  Querying Part Table
[SHELL OUT]:	Reading Bytes
[SHELL OUT]:	[Parent:00007ff7b402e73d] >> Reading [256 bytes(s)->1 block(s)] from LBA[2(1024)-3(1536)]
[SHELL OUT]:	[C:\GitHub\BlockyOS\tools\filesystem\frat.c:145]  >>  GPT-Entry: BOOT{2048:133119 -> 131071}
[SHELL OUT]:	[C:\GitHub\BlockyOS\tools\filesystem\frat.c:159]  >>  Querying FS at 2048
[SHELL OUT]:	Reading Bytes
[SHELL OUT]:	[Parent:00007ff7b402ebe1] >> Reading [60 bytes(s)->1 block(s)] from LBA[2048(1048576)-2049(1049088)]
[SHELL OUT]:	FS-Root Blob:
[SHELL OUT]:	    Version: [0:131072]
[SHELL OUT]:	    Sig: 
[SHELL OUT]:	    Configured Log Sectors: 2
[SHELL OUT]:	    Configured Block Size: 0
[SHELL OUT]:	    Configured Cluster-Map Size: 16711743
[SHELL OUT]:	[C:\GitHub\BlockyOS\tools\filesystem\frat.c:145]  >>  GPT-Entry: ROOT{133120:2230271 -> 2097151}
[SHELL OUT]:	[C:\GitHub\BlockyOS\tools\filesystem\frat.c:159]  >>  Querying FS at 133120
[SHELL OUT]:	Reading Bytes
[SHELL OUT]:	[Parent:00007ff7b402ebe1] >> Reading [60 bytes(s)->1 block(s)] from LBA[133120(68157440)-133121(68157952)]
[SHELL OUT]:	FS-Root Blob:
[SHELL OUT]:	    Version: [0:1]
[SHELL OUT]:	    Sig: FRAT_FILESYSTEM
[SHELL OUT]:	    Configured Log Sectors: 32
[SHELL OUT]:	    Configured Block Size: 2048
[SHELL OUT]:	    Configured Cluster-Map Size: 20480
[SHELL OUT]:	[C:\GitHub\BlockyOS\tools\filesystem\frat.c:184]  >>  FS Found at [133120]:
[SHELL OUT]:		Version-Code: [0:1]
[SHELL OUT]:		Configured Block-Size: 2048
[SHELL OUT]:		Configured Cluster-Size: 20480
[SHELL OUT]:		Configured # of Log-Sectors: 32
[SHELL OUT]:		Configured Log-Size: 576
[SHELL OUT]:	[C:\GitHub\BlockyOS\tools\filesystem\frat.c:210]  >>  Found Formatted Partition: 133120:2230271 -> 2097151
[SHELL OUT]:	Reading Bytes
[SHELL OUT]:	[Parent:00007ff7b402f05b] >> Reading [60 bytes(s)->1 block(s)] from LBA[133120(68157440)-133121(68157952)]
[SHELL OUT]:	[C:\GitHub\BlockyOS\tools\filesystem\frat.c:223]  >>  Root: 133120:2230271 -> 2097151 LBAs
[SHELL OUT]:		Version-Code: [0:1]
[SHELL OUT]:		Configured Block-Size: 2048
[SHELL OUT]:		Configured Cluster-Size: 20480
[SHELL OUT]:		Configured # of Log-Sectors: 20480
[SHELL OUT]:		Configured Log-Size: 32
[SHELL OUT]:	Reading Bytes
[SHELL OUT]:	[Parent:00007ff7b402f39f] >> Reading [65536 bytes(s)->128 block(s)] from LBA[133121(68159488)-133249(68421632)]
[SHELL OUT]:	Reading Bytes
[SHELL OUT]:	[Parent:00007ff7b402f44b] >> Reading [20480 bytes(s)->40 block(s)] from LBA[202752(210763776)-202792(210845696)]
[SHELL OUT]:	    Verifying FS Root Items #items: 1024
[SHELL OUT]:	Reading Bytes
[SHELL OUT]:	[Parent:00007ff7b402f6be] >> Reading [512 bytes(s)->4 block(s)] from LBA[225280(256901120)-225284(256909312)]
[SHELL OUT]:	Reading Bytes
[SHELL OUT]:	[Parent:00007ff7b402f6be] >> Reading [512 bytes(s)->4 block(s)] from LBA[225281(256903168)-225285(256911360)]
[SHELL OUT]:	Reading Bytes
[SHELL OUT]:	[Parent:00007ff7b402f6be] >> Reading [512 bytes(s)->4 block(s)] from LBA[225396(257138688)-225400(257146880)]
[SHELL OUT]:	Reading Bytes
[SHELL OUT]:	[Parent:00007ff7b402f6be] >> Reading [512 bytes(s)->4 block(s)] from LBA[225422(257191936)-225426(257200128)]
[SHELL OUT]:	Reading Bytes
[SHELL OUT]:	[Parent:00007ff7b402f6be] >> Reading [512 bytes(s)->4 block(s)] from LBA[225431(257210368)-225435(257218560)]
[SHELL OUT]:	Reading Bytes
[SHELL OUT]:	[Parent:00007ff7b402f6be] >> Reading [512 bytes(s)->4 block(s)] from LBA[225446(257241088)-225450(257249280)]
[SHELL OUT]:	Reading Bytes
[SHELL OUT]:	[Parent:00007ff7b402f6be] >> Reading [512 bytes(s)->4 block(s)] from LBA[225560(257474560)-225564(257482752)]
[SHELL OUT]:	Reading Bytes
[SHELL OUT]:	[Parent:00007ff7b402f6be] >> Reading [512 bytes(s)->4 block(s)] from LBA[225586(257527808)-225590(257536000)]
[SHELL OUT]:	Reading Bytes
[SHELL OUT]:	[Parent:00007ff7b402f6be] >> Reading [512 bytes(s)->4 block(s)] from LBA[225595(257546240)-225599(257554432)]
[SHELL OUT]:	Reading Bytes
[SHELL OUT]:	[Parent:00007ff7b402f6be] >> Reading [512 bytes(s)->4 block(s)] from LBA[225610(257576960)-225614(257585152)]
[SHELL OUT]:	Closing Disk Interface >> {C:/GitHub/BlockyOS/Build/Build-nodate/disk.img}
[SHELL OUT]:	[Parent:00007ff7b4031926] >>  C:/GitHub/BlockyOS/Build/Build-nodate/disk.img  Base: 133120    ConfBlockSize: 2048    Starting Disk Env ID: 
[SHELL OUT]:	Writing Bytes
[SHELL OUT]:	[Parent:00007ff7b403194f] >> Wrtiting [60 bytes(s)->4 block(s)] to LBA[133120(68157440)-133124(68165632)]
[SHELL OUT]:	Writing Bytes
[SHELL OUT]:	[Parent:00007ff7b4031997] >> Wrtiting [20480 bytes(s)->40 block(s)] to LBA[202752(210763776)-202792(210845696)]
[SHELL OUT]:	Closing Disk Interface >> {C:/GitHub/BlockyOS/Build/Build-nodate/disk.img}
[SHELL OUT]:	[0]: ""
[SHELL]	create -la fc -p SYSD/ -n IO.dll
[SHELL OUT]:	
[SHELL OUT]:	>> 
[SHELL OUT]:	>> 
[SHELL OUT]:	0000017326695ecb:fc	0000017326695ed1:SYSD/	0000017326695eda:IO.dll	
[SHELL OUT]:	[	SYSD/IO.dll]
[SHELL OUT]:	Mounting File [SYSD/IO.dll] with "fc"
[SHELL OUT]:	Creating File at: ./SYSD/IO.dll
[SHELL OUT]:	Root is 0000017326699030
[SHELL OUT]:	Root is 0000017326699030
[SHELL OUT]:	Un-Mounting File [1742780011519050388:147156532550678]
[SHELL OUT]:	[Parent:00007ff7b4031926] >>  C:/GitHub/BlockyOS/Build/Build-nodate/disk.img  Base: 133120    ConfBlockSize: 2048    Starting Disk Env ID: 
[SHELL OUT]:	Writing Bytes
[SHELL OUT]:	[Parent:00007ff7b403194f] >> Wrtiting [60 bytes(s)->4 block(s)] to LBA[133120(68157440)-133124(68165632)]
[SHELL OUT]:	Writing Bytes
[SHELL OUT]:	[Parent:00007ff7b4031997] >> Wrtiting [20480 bytes(s)->40 block(s)] to LBA[202752(210763776)-202792(210845696)]
[SHELL OUT]:	Closing Disk Interface >> {C:/GitHub/BlockyOS/Build/Build-nodate/disk.img}
[SHELL OUT]:	[0]: ""
[SHELL]	FSFRAT.OPEN
[SHELL]	open -p SYSD/IO.dll -a IO -la f
[SHELL OUT]:	
[SHELL OUT]:	>> 
[SHELL OUT]:	>> 
[SHELL OUT]:	Mounting File [SYSD/IO.dll] with "f"
[SHELL OUT]:	Root is 0000017326699030
[SHELL OUT]:	[0]: ""
[SHELL]	FSFRAT.WRITE
[SHELL]	fwrite -pp C:/GitHub/BlockyOS/Build/Build-nodate/root-part/services/IO.dll -ia %IO% -p 0 -n 0
[SHELL OUT]:	
[SHELL OUT]:	>> 
[SHELL OUT]:	>> 
[SHELL OUT]:	[Parent:00007ff7b4031f16] >>  C:/GitHub/BlockyOS/Build/Build-nodate/disk.img  Base: 133120    ConfBlockSize: 2048    Starting Disk Env ID: 
[SHELL OUT]:	[Parent:00007ff7b4031e53] >>  C:/GitHub/BlockyOS/Build/Build-nodate/disk.img  Base: 133120    ConfBlockSize: 2048    Starting Disk Env ID: 
[SHELL OUT]:	Reading File Info
[SHELL OUT]:	Reading Bytes
[SHELL OUT]:	[Parent:00007ff7b4031ec2] >> Reading [512 bytes(s)->4 block(s)] from LBA[225560(257474560)-225564(257482752)]
[SHELL OUT]:	Closing Disk Interface >> {C:/GitHub/BlockyOS/Build/Build-nodate/disk.img}
[SHELL OUT]:	Writing Bytes
[SHELL OUT]:	[Parent:00007ff7b4032010] >> Wrtiting [512 bytes(s)->4 block(s)] to LBA[225560(257474560)-225564(257482752)]
[SHELL OUT]:	Closing Disk Interface >> {C:/GitHub/BlockyOS/Build/Build-nodate/disk.img}
[SHELL OUT]:	Root is 0000017326699030
[SHELL OUT]:	Writing File Block at 225561, Item: 1.	Root: [1742780011519050388:147156532550678]
[SHELL OUT]:	[Parent:00007ff7b4031557] >>  C:/GitHub/BlockyOS/Build/Build-nodate/disk.img  Base: 133120    ConfBlockSize: 2048    Starting Disk Env ID: 
[SHELL OUT]:	Writing Bytes
[SHELL OUT]:	[Parent:00007ff7b4031583] >> Wrtiting [2048 bytes(s)->4 block(s)] to LBA[225561(257476608)-225565(257484800)]
[SHELL OUT]:	Closing Disk Interface >> {C:/GitHub/BlockyOS/Build/Build-nodate/disk.img}
[SHELL OUT]:	Writing File Block at 225562, Item: 2.	Root: [1742780011519050388:147156532550678]
[SHELL OUT]:	[Parent:00007ff7b4031557] >>  C:/GitHub/BlockyOS/Build/Build-nodate/disk.img  Base: 133120    ConfBlockSize: 2048    Starting Disk Env ID: 
[SHELL OUT]:	Writing Bytes
[SHELL OUT]:	[Parent:00007ff7b4031583] >> Wrtiting [2048 bytes(s)->4 block(s)] to LBA[225562(257478656)-225566(257486848)]
[SHELL OUT]:	Closing Disk Interface >> {C:/GitHub/BlockyOS/Build/Build-nodate/disk.img}
[SHELL OUT]:	Writing File Block at 225563, Item: 3.	Root: [1742780011519050388:147156532550678]
[SHELL OUT]:	[Parent:00007ff7b4031557] >>  C:/GitHub/BlockyOS/Build/Build-nodate/disk.img  Base: 133120    ConfBlockSize: 2048    Starting Disk Env ID: 
[SHELL OUT]:	Writing Bytes
[SHELL OUT]:	[Parent:00007ff7b4031583] >> Wrtiting [2048 bytes(s)->4 block(s)] to LBA[225563(257480704)-225567(257488896)]
[SHELL OUT]:	Closing Disk Interface >> {C:/GitHub/BlockyOS/Build/Build-nodate/disk.img}
[SHELL OUT]:	Writing File Block at 225564, Item: 4.	Root: [1742780011519050388:147156532550678]
[SHELL OUT]:	[Parent:00007ff7b4031557] >>  C:/GitHub/BlockyOS/Build/Build-nodate/disk.img  Base: 133120    ConfBlockSize: 2048    Starting Disk Env ID: 
[SHELL OUT]:	Writing Bytes
[SHELL OUT]:	[Parent:00007ff7b4031583] >> Wrtiting [2048 bytes(s)->4 block(s)] to LBA[225564(257482752)-225568(257490944)]
[SHELL OUT]:	Closing Disk Interface >> {C:/GitHub/BlockyOS/Build/Build-nodate/disk.img}
[SHELL OUT]:	Writing File Block at 225565, Item: 5.	Root: [1742780011519050388:147156532550678]
[SHELL OUT]:	[Parent:00007ff7b4031557] >>  C:/GitHub/BlockyOS/Build/Build-nodate/disk.img  Base: 133120    ConfBlockSize: 2048    Starting Disk Env ID: 
[SHELL OUT]:	Writing Bytes
[SHELL OUT]:	[Parent:00007ff7b4031583] >> Wrtiting [2048 bytes(s)->4 block(s)] to LBA[225565(257484800)-225569(257492992)]
[SHELL OUT]:	Closing Disk Interface >> {C:/GitHub/BlockyOS/Build/Build-nodate/disk.img}
[SHELL OUT]:	Writing File Block at 225566, Item: 6.	Root: [1742780011519050388:147156532550678]
[SHELL OUT]:	[Parent:00007ff7b4031557] >>  C:/GitHub/BlockyOS/Build/Build-nodate/disk.img  Base: 133120    ConfBlockSize: 2048    Starting Disk Env ID: 
[SHELL OUT]:	Writing Bytes
[SHELL OUT]:	[Parent:00007ff7b4031583] >> Wrtiting [2048 bytes(s)->4 block(s)] to LBA[225566(257486848)-225570(257495040)]
[SHELL OUT]:	Closing Disk Interface >> {C:/GitHub/BlockyOS/Build/Build-nodate/disk.img}
[SHELL OUT]:	Writing File Block at 225567, Item: 7.	Root: [1742780011519050388:147156532550678]
[SHELL OUT]:	[Parent:00007ff7b4031557] >>  C:/GitHub/BlockyOS/Build/Build-nodate/disk.img  Base: 133120    ConfBlockSize: 2048    Starting Disk Env ID: 
[SHELL OUT]:	Writing Bytes
[SHELL OUT]:	[Parent:00007ff7b4031583] >> Wrtiting [2048 bytes(s)->4 block(s)] to LBA[225567(257488896)-225571(257497088)]
[SHELL OUT]:	Closing Disk Interface >> {C:/GitHub/BlockyOS/Build/Build-nodate/disk.img}
[SHELL OUT]:	Writing File Block at 225568, Item: 8.	Root: [1742780011519050388:147156532550678]
[SHELL OUT]:	[Parent:00007ff7b4031557] >>  C:/GitHub/BlockyOS/Build/Build-nodate/disk.img  Base: 133120    ConfBlockSize: 2048    Starting Disk Env ID: 
[SHELL OUT]:	Writing Bytes
[SHELL OUT]:	[Parent:00007ff7b4031583] >> Wrtiting [2048 bytes(s)->4 block(s)] to LBA[225568(257490944)-225572(257499136)]
[SHELL OUT]:	Closing Disk Interface >> {C:/GitHub/BlockyOS/Build/Build-nodate/disk.img}
[SHELL OUT]:	Writing File Block at 225569, Item: 9.	Root: [1742780011519050388:147156532550678]
[SHELL OUT]:	[Parent:00007ff7b4031557] >>  C:/GitHub/BlockyOS/Build/Build-nodate/disk.img  Base: 133120    ConfBlockSize: 2048    Starting Disk Env ID: 
[SHELL OUT]:	Writing Bytes
[SHELL OUT]:	[Parent:00007ff7b4031583] >> Wrtiting [2048 bytes(s)->4 block(s)] to LBA[225569(257492992)-225573(257501184)]
[SHELL OUT]:	Closing Disk Interface >> {C:/GitHub/BlockyOS/Build/Build-nodate/disk.img}
[SHELL OUT]:	Writing File Block at 225570, Item: 10.	Root: [1742780011519050388:147156532550678]
[SHELL OUT]:	[Parent:00007ff7b4031557] >>  C:/GitHub/BlockyOS/Build/Build-nodate/disk.img  Base: 133120    ConfBlockSize: 2048    Starting Disk Env ID: 
[SHELL OUT]:	Writing Bytes
[SHELL OUT]:	[Parent:00007ff7b4031583] >> Wrtiting [2048 bytes(s)->4 block(s)] to LBA[225570(257495040)-225574(257503232)]
[SHELL OUT]:	Closing Disk Interface >> {C:/GitHub/BlockyOS/Build/Build-nodate/disk.img}
[SHELL OUT]:	Writing File Block at 225571, Item: 11.	Root: [1742780011519050388:147156532550678]
[SHELL OUT]:	[Parent:00007ff7b4031557] >>  C:/GitHub/BlockyOS/Build/Build-nodate/disk.img  Base: 133120    ConfBlockSize: 2048    Starting Disk Env ID: 
[SHELL OUT]:	Writing Bytes
[SHELL OUT]:	[Parent:00007ff7b4031583] >> Wrtiting [2048 bytes(s)->4 block(s)] to LBA[225571(257497088)-225575(257505280)]
[SHELL OUT]:	Closing Disk Interface >> {C:/GitHub/BlockyOS/Build/Build-nodate/disk.img}
[SHELL OUT]:	Writing File Block at 225572, Item: 12.	Root: [1742780011519050388:147156532550678]
[SHELL OUT]:	[Parent:00007ff7b4031557] >>  C:/GitHub/BlockyOS/Build/Build-nodate/disk.img  Base: 133120    ConfBlockSize: 2048    Starting Disk Env ID: 
[SHELL OUT]:	Writing Bytes
[SHELL OUT]:	[Parent:00007ff7b4031583] >> Wrtiting [2048 bytes(s)->4 block(s)] to LBA[225572(257499136)-225576(257507328)]
[SHELL OUT]:	Closing Disk Interface >> {C:/GitHub/BlockyOS/Build/Build-nodate/disk.img}
[SHELL OUT]:	Writing File Block at 225573, Item: 13.	Root: [1742780011519050388:147156532550678]
[SHELL OUT]:	[Parent:00007ff7b4031557] >>  C:/GitHub/BlockyOS/Build/Build-nodate/disk.img  Base: 133120    ConfBlockSize: 2048    Starting Disk Env ID: 
[SHELL OUT]:	Writing Bytes
[SHELL OUT]:	[Parent:00007ff7b4031583] >> Wrtiting [2048 bytes(s)->4 block(s)] to LBA[225573(257501184)-225577(257509376)]
[SHELL OUT]:	Closing Disk Interface >> {C:/GitHub/BlockyOS/Build/Build-nodate/disk.img}
[SHELL OUT]:	Writing File Block at 225574, Item: 14.	Root: [1742780011519050388:147156532550678]
[SHELL OUT]:	[Parent:00007ff7b4031557] >>  C:/GitHub/BlockyOS/Build/Build-nodate/disk.img  Base: 133120    ConfBlockSize: 2048    Starting Disk Env ID: 
[SHELL OUT]:	Writing Bytes
[SHELL OUT]:	[Parent:00007ff7b4031583] >> Wrtiting [2048 bytes(s)->4 block(s)] to LBA[225574(257503232)-225578(257511424)]
[SHELL OUT]:	Closing Disk Interface >> {C:/GitHub/BlockyOS/Build/Build-nodate/disk.img}
[SHELL OUT]:	Writing File Block at 225575, Item: 15.	Root: [1742780011519050388:147156532550678]
[SHELL OUT]:	[Parent:00007ff7b4031557] >>  C:/GitHub/BlockyOS/Build/Build-nodate/disk.img  Base: 133120    ConfBlockSize: 2048    Starting Disk Env ID: 
[SHELL OUT]:	Writing Bytes
[SHELL OUT]:	[Parent:00007ff7b4031583] >> Wrtiting [2048 bytes(s)->4 block(s)] to LBA[225575(257505280)-225579(257513472)]
[SHELL OUT]:	Closing Disk Interface >> {C:/GitHub/BlockyOS/Build/Build-nodate/disk.img}
[SHELL OUT]:	Writing File Block at 225576, Item: 16.	Root: [1742780011519050388:147156532550678]
[SHELL OUT]:	[Parent:00007ff7b4031557] >>  C:/GitHub/BlockyOS/Build/Build-nodate/disk.img  Base: 133120    ConfBlockSize: 2048    Starting Disk Env ID: 
[SHELL OUT]:	Writing Bytes
[SHELL OUT]:	[Parent:00007ff7b4031583] >> Wrtiting [2048 bytes(s)->4 block(s)] to LBA[225576(257507328)-225580(257515520)]
[SHELL OUT]:	Closing Disk Interface >> {C:/GitHub/BlockyOS/Build/Build-nodate/disk.img}
[SHELL OUT]:	Writing File Block at 225577, Item: 17.	Root: [1742780011519050388:147156532550678]
[SHELL OUT]:	[Parent:00007ff7b4031557] >>  C:/GitHub/BlockyOS/Build/Build-nodate/disk.img  Base: 133120    ConfBlockSize: 2048    Starting Disk Env ID: 
[SHELL OUT]:	Writing Bytes
[SHELL OUT]:	[Parent:00007ff7b4031583] >> Wrtiting [2048 bytes(s)->4 block(s)] to LBA[225577(257509376)-225581(257517568)]
[SHELL OUT]:	Closing Disk Interface >> {C:/GitHub/BlockyOS/Build/Build-nodate/disk.img}
[SHELL OUT]:	Writing File Block at 225578, Item: 18.	Root: [1742780011519050388:147156532550678]
[SHELL OUT]:	[Parent:00007ff7b4031557] >>  C:/GitHub/BlockyOS/Build/Build-nodate/disk.img  Base: 133120    ConfBlockSize: 2048    Starting Disk Env ID: 
[SHELL OUT]:	Writing Bytes
[SHELL OUT]:	[Parent:00007ff7b4031583] >> Wrtiting [2048 bytes(s)->4 block(s)] to LBA[225578(257511424)-225582(257519616)]
[SHELL OUT]:	Closing Disk Interface >> {C:/GitHub/BlockyOS/Build/Build-nodate/disk.img}
[SHELL OUT]:	Writing File Block at 225579, Item: 19.	Root: [1742780011519050388:147156532550678]
[SHELL OUT]:	[Parent:00007ff7b4031557] >>  C:/GitHub/BlockyOS/Build/Build-nodate/disk.img  Base: 133120    ConfBlockSize: 2048    Starting Disk Env ID: 
[SHELL OUT]:	Writing Bytes
[SHELL OUT]:	[Parent:00007ff7b4031583] >> Wrtiting [2048 bytes(s)->4 block(s)] to LBA[225579(257513472)-225583(257521664)]
[SHELL OUT]:	Closing Disk Interface >> {C:/GitHub/BlockyOS/Build/Build-nodate/disk.img}
[SHELL OUT]:	Writing File Block at 225580, Item: 20.	Root: [1742780011519050388:147156532550678]
[SHELL OUT]:	[Parent:00007ff7b4031557] >>  C:/GitHub/BlockyOS/Build/Build-nodate/disk.img  Base: 133120    ConfBlockSize: 2048    Starting Disk Env ID: 
[SHELL OUT]:	Writing Bytes
[SHELL OUT]:	[Parent:00007ff7b4031583] >> Wrtiting [2048 bytes(s)->4 block(s)] to LBA[225580(257515520)-225584(257523712)]
[SHELL OUT]:	Closing Disk Interface >> {C:/GitHub/BlockyOS/Build/Build-nodate/disk.img}
[SHELL OUT]:	Writing File Block at 225581, Item: 21.	Root: [1742780011519050388:147156532550678]
[SHELL OUT]:	[Parent:00007ff7b4031557] >>  C:/GitHub/BlockyOS/Build/Build-nodate/disk.img  Base: 133120    ConfBlockSize: 2048    Starting Disk Env ID: 
[SHELL OUT]:	Writing Bytes
[SHELL OUT]:	[Parent:00007ff7b4031583] >> Wrtiting [2048 bytes(s)->4 block(s)] to LBA[225581(257517568)-225585(257525760)]
[SHELL OUT]:	Closing Disk Interface >> {C:/GitHub/BlockyOS/Build/Build-nodate/disk.img}
[SHELL OUT]:	Writing File Block at 225582, Item: 22.	Root: [1742780011519050388:147156532550678]
[SHELL OUT]:	[Parent:00007ff7b4031557] >>  C:/GitHub/BlockyOS/Build/Build-nodate/disk.img  Base: 133120    ConfBlockSize: 2048    Starting Disk Env ID: 
[SHELL OUT]:	Writing Bytes
[SHELL OUT]:	[Parent:00007ff7b4031583] >> Wrtiting [2048 bytes(s)->4 block(s)] to LBA[225582(257519616)-225586(257527808)]
[SHELL OUT]:	Closing Disk Interface >> {C:/GitHub/BlockyOS/Build/Build-nodate/disk.img}
[SHELL OUT]:	Writing File Block at 225583, Item: 23.	Root: [1742780011519050388:147156532550678]
[SHELL OUT]:	[Parent:00007ff7b4031557] >>  C:/GitHub/BlockyOS/Build/Build-nodate/disk.img  Base: 133120    ConfBlockSize: 2048    Starting Disk Env ID: 
[SHELL OUT]:	Writing Bytes
[SHELL OUT]:	[Parent:00007ff7b4031583] >> Wrtiting [2048 bytes(s)->4 block(s)] to LBA[225583(257521664)-225587(257529856)]
[SHELL OUT]:	Closing Disk Interface >> {C:/GitHub/BlockyOS/Build/Build-nodate/disk.img}
[SHELL OUT]:	Writing File Block at 225584, Item: 24.	Root: [1742780011519050388:147156532550678]
[SHELL OUT]:	[Parent:00007ff7b4031557] >>  C:/GitHub/BlockyOS/Build/Build-nodate/disk.img  Base: 133120    ConfBlockSize: 2048    Starting Disk Env ID: 
[SHELL OUT]:	Writing Bytes
[SHELL OUT]:	[Parent:00007ff7b4031583] >> Wrtiting [2048 bytes(s)->4 block(s)] to LBA[225584(257523712)-225588(257531904)]
[SHELL OUT]:	Closing Disk Interface >> {C:/GitHub/BlockyOS/Build/Build-nodate/disk.img}
[SHELL OUT]:	Reading File Block at 225585, Item: 25.    Root: [1742780011519050388:147156532550678]
[SHELL OUT]:	[Parent:00007ff7b40310ba] >>  C:/GitHub/BlockyOS/Build/Build-nodate/disk.img  Base: 133120    ConfBlockSize: 2048    Starting Disk Env ID: 
[SHELL OUT]:	Reading Bytes
[SHELL OUT]:	[Parent:00007ff7b40310de] >> Reading [2048 bytes(s)->4 block(s)] from LBA[225585(257525760)-225589(257533952)]
[SHELL OUT]:	Closing Disk Interface >> {C:/GitHub/BlockyOS/Build/Build-nodate/disk.img}
[SHELL OUT]:	Writing File Block at 225585, Item: 25.	Root: [1742780011519050388:147156532550678]
[SHELL OUT]:	[Parent:00007ff7b4031557] >>  C:/GitHub/BlockyOS/Build/Build-nodate/disk.img  Base: 133120    ConfBlockSize: 2048    Starting Disk Env ID: 
[SHELL OUT]:	Writing Bytes
[SHELL OUT]:	[Parent:00007ff7b4031583] >> Wrtiting [2048 bytes(s)->4 block(s)] to LBA[225585(257525760)-225589(257533952)]
[SHELL OUT]:	Closing Disk Interface >> {C:/GitHub/BlockyOS/Build/Build-nodate/disk.img}
[SHELL OUT]:	[0]: ""
Initializing CGCC.MAKE build process...
Skipping C:\GitHub\BlockyOS\src\kernel\services\IO\IO.c - up to date; source=2026-09-16T16:38:35.5854557Z, stored=09/16/2026 16:38:35
Stale source detected for C:\GitHub\BlockyOS\Build\Build-nodate\root-part\libcrt.dll. source=2026-10-02T17:13:51.6400237Z, stored=10/02/2026 17:09:11, delta=+20217880.640 sec
Compiled and updated timestamp for C:\GitHub\BlockyOS\Build\Build-nodate\root-part\libcrt.dll
Skipping C:\GitHub\BlockyOS\src\kernel\services\IO\IO.def - up to date; source=2026-09-16T21:00:02.8766014Z, stored=09/16/2026 21:00:02
gcc compile/cache/c.IO.o Build/Build-nodate/root-part/libcrt.dll src/kernel/services/IO/IO.def -Wl,-nostdlib -Wl,-shared -Wl,-flinker-output=dyn -Wl,-Bsymbolic -Wl,--out-implib,C:/GitHub/BlockyOS/Build/Build-nodate/root-part/services/IO.dll.a -Wl,-Map,C:\GitHub\BlockyOS\src\kernel\services\IO\alibcrt.map -fdiagnostics-color=always -fno-diagnostics-show-highlight-colors -nostartfiles -nodefaultlibs -fno-asynchronous-unwind-tables -fno-unwind-tables -o C:/GitHub/BlockyOS/Build/Build-nodate/root-part/services/IO.dll
Build finished successfully -> C:/GitHub/BlockyOS/Build/Build-nodate/root-part/services/IO.dll


[SHELL]	FSFRAT.MAKE
[SHELL]	FSFRAT.MOUNT
[SHELL]	e.disk -pp C:/GitHub/BlockyOS/Build/Build-nodate/disk.img -pt ROOT -bs 2048 -lb 32 -v 1:0
[SHELL OUT]:	
[SHELL OUT]:	FSFRAT DRIVER
[SHELL OUT]:	>> 
[SHELL OUT]:	[C:\GitHub\BlockyOS\tools\filesystem\frat.c:196]  >>  Mounting FS Root: [C:/GitHub/BlockyOS/Build/Build-nodate/disk.img]
[SHELL OUT]:	Verifying Disk GPT
[SHELL OUT]:	[Parent:00007ff795b3d8ff] >>  C:/GitHub/BlockyOS/Build/Build-nodate/disk.img  Base: 0    ConfBlockSize: 512    Starting Disk Env ID: 
[SHELL OUT]:	Reading Bytes
[SHELL OUT]:	[Parent:00007ff795b3d91a] >> Reading [92 bytes(s)->1 block(s)] from LBA[1(512)-2(1024)]
[SHELL OUT]:	GPT Dump:
[SHELL OUT]:	    Sig: "EFI PART"
[SHELL OUT]:	    Rev: 65536
[SHELL OUT]:	    Header-Size: 92
[SHELL OUT]:	    Header Checksum: 2621714706
[SHELL OUT]:	    localLBA: 1
[SHELL OUT]:	    altLBA: 2230273
[SHELL OUT]:	    firstUsable: 2048
[SHELL OUT]:	    lastUsable: 2230271
[SHELL OUT]:	    Disk-GUID: 
[SHELL OUT]:	    Partition-Table: 2
[SHELL OUT]:	    # of Partition-Entries: 2
[SHELL OUT]:	    Partition-Entry Size: 128
[SHELL OUT]:	    Partition-Table Checksum: 896708427
[SHELL OUT]:	Closing Disk Interface >> {C:/GitHub/BlockyOS/Build/Build-nodate/disk.img}
[SHELL OUT]:	GPT Exists? true
[SHELL OUT]:	[Parent:00007ff795b3eed9] >>  C:/GitHub/BlockyOS/Build/Build-nodate/disk.img  Base: 0    ConfBlockSize: 512    Starting Disk Env ID: 
[SHELL OUT]:	Reading Bytes
[SHELL OUT]:	[Parent:00007ff795b3eefa] >> Reading [92 bytes(s)->1 block(s)] from LBA[1(512)-2(1024)]
[SHELL OUT]:	[C:\GitHub\BlockyOS\tools\filesystem\frat.c:137]  >>  Querying Part Table
[SHELL OUT]:	Reading Bytes
[SHELL OUT]:	[Parent:00007ff795b3e73d] >> Reading [256 bytes(s)->1 block(s)] from LBA[2(1024)-3(1536)]
[SHELL OUT]:	[C:\GitHub\BlockyOS\tools\filesystem\frat.c:145]  >>  GPT-Entry: BOOT{2048:133119 -> 131071}
[SHELL OUT]:	[C:\GitHub\BlockyOS\tools\filesystem\frat.c:159]  >>  Querying FS at 2048
[SHELL OUT]:	Reading Bytes
[SHELL OUT]:	[Parent:00007ff795b3ebe1] >> Reading [60 bytes(s)->1 block(s)] from LBA[2048(1048576)-2049(1049088)]
[SHELL OUT]:	FS-Root Blob:
[SHELL OUT]:	    Version: [0:131072]
[SHELL OUT]:	    Sig: 
[SHELL OUT]:	    Configured Log Sectors: 2
[SHELL OUT]:	    Configured Block Size: 0
[SHELL OUT]:	    Configured Cluster-Map Size: 16711743
[SHELL OUT]:	[C:\GitHub\BlockyOS\tools\filesystem\frat.c:145]  >>  GPT-Entry: ROOT{133120:2230271 -> 2097151}
[SHELL OUT]:	[C:\GitHub\BlockyOS\tools\filesystem\frat.c:159]  >>  Querying FS at 133120
[SHELL OUT]:	Reading Bytes
[SHELL OUT]:	[Parent:00007ff795b3ebe1] >> Reading [60 bytes(s)->1 block(s)] from LBA[133120(68157440)-133121(68157952)]
[SHELL OUT]:	FS-Root Blob:
[SHELL OUT]:	    Version: [0:1]
[SHELL OUT]:	    Sig: FRAT_FILESYSTEM
[SHELL OUT]:	    Configured Log Sectors: 32
[SHELL OUT]:	    Configured Block Size: 2048
[SHELL OUT]:	    Configured Cluster-Map Size: 20480
[SHELL OUT]:	[C:\GitHub\BlockyOS\tools\filesystem\frat.c:184]  >>  FS Found at [133120]:
[SHELL OUT]:		Version-Code: [0:1]
[SHELL OUT]:		Configured Block-Size: 2048
[SHELL OUT]:		Configured Cluster-Size: 20480
[SHELL OUT]:		Configured # of Log-Sectors: 32
[SHELL OUT]:		Configured Log-Size: 576
[SHELL OUT]:	[C:\GitHub\BlockyOS\tools\filesystem\frat.c:210]  >>  Found Formatted Partition: 133120:2230271 -> 2097151
[SHELL OUT]:	Reading Bytes
[SHELL OUT]:	[Parent:00007ff795b3f05b] >> Reading [60 bytes(s)->1 block(s)] from LBA[133120(68157440)-133121(68157952)]
[SHELL OUT]:	[C:\GitHub\BlockyOS\tools\filesystem\frat.c:223]  >>  Root: 133120:2230271 -> 2097151 LBAs
[SHELL OUT]:		Version-Code: [0:1]
[SHELL OUT]:		Configured Block-Size: 2048
[SHELL OUT]:		Configured Cluster-Size: 20480
[SHELL OUT]:		Configured # of Log-Sectors: 20480
[SHELL OUT]:		Configured Log-Size: 32
[SHELL OUT]:	Reading Bytes
[SHELL OUT]:	[Parent:00007ff795b3f39f] >> Reading [65536 bytes(s)->128 block(s)] from LBA[133121(68159488)-133249(68421632)]
[SHELL OUT]:	Reading Bytes
[SHELL OUT]:	[Parent:00007ff795b3f44b] >> Reading [20480 bytes(s)->40 block(s)] from LBA[202752(210763776)-202792(210845696)]
[SHELL OUT]:	    Verifying FS Root Items #items: 1024
[SHELL OUT]:	Reading Bytes
[SHELL OUT]:	[Parent:00007ff795b3f6be] >> Reading [512 bytes(s)->4 block(s)] from LBA[225280(256901120)-225284(256909312)]
[SHELL OUT]:	Reading Bytes
[SHELL OUT]:	[Parent:00007ff795b3f6be] >> Reading [512 bytes(s)->4 block(s)] from LBA[225281(256903168)-225285(256911360)]
[SHELL OUT]:	Reading Bytes
[SHELL OUT]:	[Parent:00007ff795b3f6be] >> Reading [512 bytes(s)->4 block(s)] from LBA[225396(257138688)-225400(257146880)]
[SHELL OUT]:	Reading Bytes
[SHELL OUT]:	[Parent:00007ff795b3f6be] >> Reading [512 bytes(s)->4 block(s)] from LBA[225422(257191936)-225426(257200128)]
[SHELL OUT]:	Reading Bytes
[SHELL OUT]:	[Parent:00007ff795b3f6be] >> Reading [512 bytes(s)->4 block(s)] from LBA[225431(257210368)-225435(257218560)]
[SHELL OUT]:	Reading Bytes
[SHELL OUT]:	[Parent:00007ff795b3f6be] >> Reading [512 bytes(s)->4 block(s)] from LBA[225446(257241088)-225450(257249280)]
[SHELL OUT]:	Reading Bytes
[SHELL OUT]:	[Parent:00007ff795b3f6be] >> Reading [512 bytes(s)->4 block(s)] from LBA[225560(257474560)-225564(257482752)]
[SHELL OUT]:	Reading Bytes
[SHELL OUT]:	[Parent:00007ff795b3f6be] >> Reading [512 bytes(s)->4 block(s)] from LBA[225586(257527808)-225590(257536000)]
[SHELL OUT]:	Reading Bytes
[SHELL OUT]:	[Parent:00007ff795b3f6be] >> Reading [512 bytes(s)->4 block(s)] from LBA[225595(257546240)-225599(257554432)]
[SHELL OUT]:	Reading Bytes
[SHELL OUT]:	[Parent:00007ff795b3f6be] >> Reading [512 bytes(s)->4 block(s)] from LBA[225610(257576960)-225614(257585152)]
[SHELL OUT]:	Closing Disk Interface >> {C:/GitHub/BlockyOS/Build/Build-nodate/disk.img}
[SHELL OUT]:	[Parent:00007ff795b41926] >>  C:/GitHub/BlockyOS/Build/Build-nodate/disk.img  Base: 133120    ConfBlockSize: 2048    Starting Disk Env ID: 
[SHELL OUT]:	Writing Bytes
[SHELL OUT]:	[Parent:00007ff795b4194f] >> Wrtiting [60 bytes(s)->4 block(s)] to LBA[133120(68157440)-133124(68165632)]
[SHELL OUT]:	Writing Bytes
[SHELL OUT]:	[Parent:00007ff795b41997] >> Wrtiting [20480 bytes(s)->40 block(s)] to LBA[202752(210763776)-202792(210845696)]
[SHELL OUT]:	Closing Disk Interface >> {C:/GitHub/BlockyOS/Build/Build-nodate/disk.img}
[SHELL OUT]:	[0]: ""
[SHELL]	create -la fc -p SYSD/ -n IO.dll
[SHELL OUT]:	
[SHELL OUT]:	>> 
[SHELL OUT]:	>> 
[SHELL OUT]:	000002a23a5c5ecb:fc	000002a23a5c5ed1:SYSD/	000002a23a5c5eda:IO.dll	
[SHELL OUT]:	[	SYSD/IO.dll]
[SHELL OUT]:	Mounting File [SYSD/IO.dll] with "fc"
[SHELL OUT]:	Creating File at: ./SYSD/IO.dll
[SHELL OUT]:	Root is 000002a23a5c9030
[SHELL OUT]:	Root is 000002a23a5c9030
[SHELL OUT]:	Un-Mounting File [1742780011519050388:147156532550678]
[SHELL OUT]:	[Parent:00007ff795b41926] >>  C:/GitHub/BlockyOS/Build/Build-nodate/disk.img  Base: 133120    ConfBlockSize: 2048    Starting Disk Env ID: 
[SHELL OUT]:	Writing Bytes
[SHELL OUT]:	[Parent:00007ff795b4194f] >> Wrtiting [60 bytes(s)->4 block(s)] to LBA[133120(68157440)-133124(68165632)]
[SHELL OUT]:	Writing Bytes
[SHELL OUT]:	[Parent:00007ff795b41997] >> Wrtiting [20480 bytes(s)->40 block(s)] to LBA[202752(210763776)-202792(210845696)]
[SHELL OUT]:	Closing Disk Interface >> {C:/GitHub/BlockyOS/Build/Build-nodate/disk.img}
[SHELL OUT]:	[0]: ""
[SHELL]	FSFRAT.OPEN
[SHELL]	open -p SYSD/IO.dll -a IO -la f
[SHELL OUT]:	
[SHELL OUT]:	>> 
[SHELL OUT]:	>> 
[SHELL OUT]:	Mounting File [SYSD/IO.dll] with "f"
[SHELL OUT]:	Root is 000002a23a5c9030
[SHELL OUT]:	[0]: ""
[SHELL]	FSFRAT.WRITE
[SHELL]	fwrite -pp C:/GitHub/BlockyOS/Build/Build-nodate/root-part/services/IO.dll -ia %IO% -p 0 -n 0
[SHELL OUT]:	
[SHELL OUT]:	>> 
[SHELL OUT]:	>> 
[SHELL OUT]:	[Parent:00007ff795b41f16] >>  C:/GitHub/BlockyOS/Build/Build-nodate/disk.img  Base: 133120    ConfBlockSize: 2048    Starting Disk Env ID: 
[SHELL OUT]:	[Parent:00007ff795b41e53] >>  C:/GitHub/BlockyOS/Build/Build-nodate/disk.img  Base: 133120    ConfBlockSize: 2048    Starting Disk Env ID: 
[SHELL OUT]:	Reading File Info
[SHELL OUT]:	Reading Bytes
[SHELL OUT]:	[Parent:00007ff795b41ec2] >> Reading [512 bytes(s)->4 block(s)] from LBA[225560(257474560)-225564(257482752)]
[SHELL OUT]:	Closing Disk Interface >> {C:/GitHub/BlockyOS/Build/Build-nodate/disk.img}
[SHELL OUT]:	Writing Bytes
[SHELL OUT]:	[Parent:00007ff795b42010] >> Wrtiting [512 bytes(s)->4 block(s)] to LBA[225560(257474560)-225564(257482752)]
[SHELL OUT]:	Closing Disk Interface >> {C:/GitHub/BlockyOS/Build/Build-nodate/disk.img}
[SHELL OUT]:	Root is 000002a23a5c9030
[SHELL OUT]:	Writing File Block at 225561, Item: 1.	Root: [1742780011519050388:147156532550678]
[SHELL OUT]:	[Parent:00007ff795b41557] >>  C:/GitHub/BlockyOS/Build/Build-nodate/disk.img  Base: 133120    ConfBlockSize: 2048    Starting Disk Env ID: 
[SHELL OUT]:	Writing Bytes
[SHELL OUT]:	[Parent:00007ff795b41583] >> Wrtiting [2048 bytes(s)->4 block(s)] to LBA[225561(257476608)-225565(257484800)]
[SHELL OUT]:	Closing Disk Interface >> {C:/GitHub/BlockyOS/Build/Build-nodate/disk.img}
[SHELL OUT]:	Writing File Block at 225562, Item: 2.	Root: [1742780011519050388:147156532550678]
[SHELL OUT]:	[Parent:00007ff795b41557] >>  C:/GitHub/BlockyOS/Build/Build-nodate/disk.img  Base: 133120    ConfBlockSize: 2048    Starting Disk Env ID: 
[SHELL OUT]:	Writing Bytes
[SHELL OUT]:	[Parent:00007ff795b41583] >> Wrtiting [2048 bytes(s)->4 block(s)] to LBA[225562(257478656)-225566(257486848)]
[SHELL OUT]:	Closing Disk Interface >> {C:/GitHub/BlockyOS/Build/Build-nodate/disk.img}
[SHELL OUT]:	Writing File Block at 225563, Item: 3.	Root: [1742780011519050388:147156532550678]
[SHELL OUT]:	[Parent:00007ff795b41557] >>  C:/GitHub/BlockyOS/Build/Build-nodate/disk.img  Base: 133120    ConfBlockSize: 2048    Starting Disk Env ID: 
[SHELL OUT]:	Writing Bytes
[SHELL OUT]:	[Parent:00007ff795b41583] >> Wrtiting [2048 bytes(s)->4 block(s)] to LBA[225563(257480704)-225567(257488896)]
[SHELL OUT]:	Closing Disk Interface >> {C:/GitHub/BlockyOS/Build/Build-nodate/disk.img}
[SHELL OUT]:	Writing File Block at 225564, Item: 4.	Root: [1742780011519050388:147156532550678]
[SHELL OUT]:	[Parent:00007ff795b41557] >>  C:/GitHub/BlockyOS/Build/Build-nodate/disk.img  Base: 133120    ConfBlockSize: 2048    Starting Disk Env ID: 
[SHELL OUT]:	Writing Bytes
[SHELL OUT]:	[Parent:00007ff795b41583] >> Wrtiting [2048 bytes(s)->4 block(s)] to LBA[225564(257482752)-225568(257490944)]
[SHELL OUT]:	Closing Disk Interface >> {C:/GitHub/BlockyOS/Build/Build-nodate/disk.img}
[SHELL OUT]:	Writing File Block at 225565, Item: 5.	Root: [1742780011519050388:147156532550678]
[SHELL OUT]:	[Parent:00007ff795b41557] >>  C:/GitHub/BlockyOS/Build/Build-nodate/disk.img  Base: 133120    ConfBlockSize: 2048    Starting Disk Env ID: 
[SHELL OUT]:	Writing Bytes
[SHELL OUT]:	[Parent:00007ff795b41583] >> Wrtiting [2048 bytes(s)->4 block(s)] to LBA[225565(257484800)-225569(257492992)]
[SHELL OUT]:	Closing Disk Interface >> {C:/GitHub/BlockyOS/Build/Build-nodate/disk.img}
[SHELL OUT]:	Writing File Block at 225566, Item: 6.	Root: [1742780011519050388:147156532550678]
[SHELL OUT]:	[Parent:00007ff795b41557] >>  C:/GitHub/BlockyOS/Build/Build-nodate/disk.img  Base: 133120    ConfBlockSize: 2048    Starting Disk Env ID: 
[SHELL OUT]:	Writing Bytes
[SHELL OUT]:	[Parent:00007ff795b41583] >> Wrtiting [2048 bytes(s)->4 block(s)] to LBA[225566(257486848)-225570(257495040)]
[SHELL OUT]:	Closing Disk Interface >> {C:/GitHub/BlockyOS/Build/Build-nodate/disk.img}
[SHELL OUT]:	Writing File Block at 225567, Item: 7.	Root: [1742780011519050388:147156532550678]
[SHELL OUT]:	[Parent:00007ff795b41557] >>  C:/GitHub/BlockyOS/Build/Build-nodate/disk.img  Base: 133120    ConfBlockSize: 2048    Starting Disk Env ID: 
[SHELL OUT]:	Writing Bytes
[SHELL OUT]:	[Parent:00007ff795b41583] >> Wrtiting [2048 bytes(s)->4 block(s)] to LBA[225567(257488896)-225571(257497088)]
[SHELL OUT]:	Closing Disk Interface >> {C:/GitHub/BlockyOS/Build/Build-nodate/disk.img}
[SHELL OUT]:	Writing File Block at 225568, Item: 8.	Root: [1742780011519050388:147156532550678]
[SHELL OUT]:	[Parent:00007ff795b41557] >>  C:/GitHub/BlockyOS/Build/Build-nodate/disk.img  Base: 133120    ConfBlockSize: 2048    Starting Disk Env ID: 
[SHELL OUT]:	Writing Bytes
[SHELL OUT]:	[Parent:00007ff795b41583] >> Wrtiting [2048 bytes(s)->4 block(s)] to LBA[225568(257490944)-225572(257499136)]
[SHELL OUT]:	Closing Disk Interface >> {C:/GitHub/BlockyOS/Build/Build-nodate/disk.img}
[SHELL OUT]:	Writing File Block at 225569, Item: 9.	Root: [1742780011519050388:147156532550678]
[SHELL OUT]:	[Parent:00007ff795b41557] >>  C:/GitHub/BlockyOS/Build/Build-nodate/disk.img  Base: 133120    ConfBlockSize: 2048    Starting Disk Env ID: 
[SHELL OUT]:	Writing Bytes
[SHELL OUT]:	[Parent:00007ff795b41583] >> Wrtiting [2048 bytes(s)->4 block(s)] to LBA[225569(257492992)-225573(257501184)]
[SHELL OUT]:	Closing Disk Interface >> {C:/GitHub/BlockyOS/Build/Build-nodate/disk.img}
[SHELL OUT]:	Writing File Block at 225570, Item: 10.	Root: [1742780011519050388:147156532550678]
[SHELL OUT]:	[Parent:00007ff795b41557] >>  C:/GitHub/BlockyOS/Build/Build-nodate/disk.img  Base: 133120    ConfBlockSize: 2048    Starting Disk Env ID: 
[SHELL OUT]:	Writing Bytes
[SHELL OUT]:	[Parent:00007ff795b41583] >> Wrtiting [2048 bytes(s)->4 block(s)] to LBA[225570(257495040)-225574(257503232)]
[SHELL OUT]:	Closing Disk Interface >> {C:/GitHub/BlockyOS/Build/Build-nodate/disk.img}
[SHELL OUT]:	Writing File Block at 225571, Item: 11.	Root: [1742780011519050388:147156532550678]
[SHELL OUT]:	[Parent:00007ff795b41557] >>  C:/GitHub/BlockyOS/Build/Build-nodate/disk.img  Base: 133120    ConfBlockSize: 2048    Starting Disk Env ID: 
[SHELL OUT]:	Writing Bytes
[SHELL OUT]:	[Parent:00007ff795b41583] >> Wrtiting [2048 bytes(s)->4 block(s)] to LBA[225571(257497088)-225575(257505280)]
[SHELL OUT]:	Closing Disk Interface >> {C:/GitHub/BlockyOS/Build/Build-nodate/disk.img}
[SHELL OUT]:	Writing File Block at 225572, Item: 12.	Root: [1742780011519050388:147156532550678]
[SHELL OUT]:	[Parent:00007ff795b41557] >>  C:/GitHub/BlockyOS/Build/Build-nodate/disk.img  Base: 133120    ConfBlockSize: 2048    Starting Disk Env ID: 
[SHELL OUT]:	Writing Bytes
[SHELL OUT]:	[Parent:00007ff795b41583] >> Wrtiting [2048 bytes(s)->4 block(s)] to LBA[225572(257499136)-225576(257507328)]
[SHELL OUT]:	Closing Disk Interface >> {C:/GitHub/BlockyOS/Build/Build-nodate/disk.img}
[SHELL OUT]:	Writing File Block at 225573, Item: 13.	Root: [1742780011519050388:147156532550678]
[SHELL OUT]:	[Parent:00007ff795b41557] >>  C:/GitHub/BlockyOS/Build/Build-nodate/disk.img  Base: 133120    ConfBlockSize: 2048    Starting Disk Env ID: 
[SHELL OUT]:	Writing Bytes
[SHELL OUT]:	[Parent:00007ff795b41583] >> Wrtiting [2048 bytes(s)->4 block(s)] to LBA[225573(257501184)-225577(257509376)]
[SHELL OUT]:	Closing Disk Interface >> {C:/GitHub/BlockyOS/Build/Build-nodate/disk.img}
[SHELL OUT]:	Writing File Block at 225574, Item: 14.	Root: [1742780011519050388:147156532550678]
[SHELL OUT]:	[Parent:00007ff795b41557] >>  C:/GitHub/BlockyOS/Build/Build-nodate/disk.img  Base: 133120    ConfBlockSize: 2048    Starting Disk Env ID: 
[SHELL OUT]:	Writing Bytes
[SHELL OUT]:	[Parent:00007ff795b41583] >> Wrtiting [2048 bytes(s)->4 block(s)] to LBA[225574(257503232)-225578(257511424)]
[SHELL OUT]:	Closing Disk Interface >> {C:/GitHub/BlockyOS/Build/Build-nodate/disk.img}
[SHELL OUT]:	Writing File Block at 225575, Item: 15.	Root: [1742780011519050388:147156532550678]
[SHELL OUT]:	[Parent:00007ff795b41557] >>  C:/GitHub/BlockyOS/Build/Build-nodate/disk.img  Base: 133120    ConfBlockSize: 2048    Starting Disk Env ID: 
[SHELL OUT]:	Writing Bytes
[SHELL OUT]:	[Parent:00007ff795b41583] >> Wrtiting [2048 bytes(s)->4 block(s)] to LBA[225575(257505280)-225579(257513472)]
[SHELL OUT]:	Closing Disk Interface >> {C:/GitHub/BlockyOS/Build/Build-nodate/disk.img}
[SHELL OUT]:	Writing File Block at 225576, Item: 16.	Root: [1742780011519050388:147156532550678]
[SHELL OUT]:	[Parent:00007ff795b41557] >>  C:/GitHub/BlockyOS/Build/Build-nodate/disk.img  Base: 133120    ConfBlockSize: 2048    Starting Disk Env ID: 
[SHELL OUT]:	Writing Bytes
[SHELL OUT]:	[Parent:00007ff795b41583] >> Wrtiting [2048 bytes(s)->4 block(s)] to LBA[225576(257507328)-225580(257515520)]
[SHELL OUT]:	Closing Disk Interface >> {C:/GitHub/BlockyOS/Build/Build-nodate/disk.img}
[SHELL OUT]:	Writing File Block at 225577, Item: 17.	Root: [1742780011519050388:147156532550678]
[SHELL OUT]:	[Parent:00007ff795b41557] >>  C:/GitHub/BlockyOS/Build/Build-nodate/disk.img  Base: 133120    ConfBlockSize: 2048    Starting Disk Env ID: 
[SHELL OUT]:	Writing Bytes
[SHELL OUT]:	[Parent:00007ff795b41583] >> Wrtiting [2048 bytes(s)->4 block(s)] to LBA[225577(257509376)-225581(257517568)]
[SHELL OUT]:	Closing Disk Interface >> {C:/GitHub/BlockyOS/Build/Build-nodate/disk.img}
[SHELL OUT]:	Writing File Block at 225578, Item: 18.	Root: [1742780011519050388:147156532550678]
[SHELL OUT]:	[Parent:00007ff795b41557] >>  C:/GitHub/BlockyOS/Build/Build-nodate/disk.img  Base: 133120    ConfBlockSize: 2048    Starting Disk Env ID: 
[SHELL OUT]:	Writing Bytes
[SHELL OUT]:	[Parent:00007ff795b41583] >> Wrtiting [2048 bytes(s)->4 block(s)] to LBA[225578(257511424)-225582(257519616)]
[SHELL OUT]:	Closing Disk Interface >> {C:/GitHub/BlockyOS/Build/Build-nodate/disk.img}
[SHELL OUT]:	Writing File Block at 225579, Item: 19.	Root: [1742780011519050388:147156532550678]
[SHELL OUT]:	[Parent:00007ff795b41557] >>  C:/GitHub/BlockyOS/Build/Build-nodate/disk.img  Base: 133120    ConfBlockSize: 2048    Starting Disk Env ID: 
[SHELL OUT]:	Writing Bytes
[SHELL OUT]:	[Parent:00007ff795b41583] >> Wrtiting [2048 bytes(s)->4 block(s)] to LBA[225579(257513472)-225583(257521664)]
[SHELL OUT]:	Closing Disk Interface >> {C:/GitHub/BlockyOS/Build/Build-nodate/disk.img}
[SHELL OUT]:	Writing File Block at 225580, Item: 20.	Root: [1742780011519050388:147156532550678]
[SHELL OUT]:	[Parent:00007ff795b41557] >>  C:/GitHub/BlockyOS/Build/Build-nodate/disk.img  Base: 133120    ConfBlockSize: 2048    Starting Disk Env ID: 
[SHELL OUT]:	Writing Bytes
[SHELL OUT]:	[Parent:00007ff795b41583] >> Wrtiting [2048 bytes(s)->4 block(s)] to LBA[225580(257515520)-225584(257523712)]
[SHELL OUT]:	Closing Disk Interface >> {C:/GitHub/BlockyOS/Build/Build-nodate/disk.img}
[SHELL OUT]:	Writing File Block at 225581, Item: 21.	Root: [1742780011519050388:147156532550678]
[SHELL OUT]:	[Parent:00007ff795b41557] >>  C:/GitHub/BlockyOS/Build/Build-nodate/disk.img  Base: 133120    ConfBlockSize: 2048    Starting Disk Env ID: 
[SHELL OUT]:	Writing Bytes
[SHELL OUT]:	[Parent:00007ff795b41583] >> Wrtiting [2048 bytes(s)->4 block(s)] to LBA[225581(257517568)-225585(257525760)]
[SHELL OUT]:	Closing Disk Interface >> {C:/GitHub/BlockyOS/Build/Build-nodate/disk.img}
[SHELL OUT]:	Writing File Block at 225582, Item: 22.	Root: [1742780011519050388:147156532550678]
[SHELL OUT]:	[Parent:00007ff795b41557] >>  C:/GitHub/BlockyOS/Build/Build-nodate/disk.img  Base: 133120    ConfBlockSize: 2048    Starting Disk Env ID: 
[SHELL OUT]:	Writing Bytes
[SHELL OUT]:	[Parent:00007ff795b41583] >> Wrtiting [2048 bytes(s)->4 block(s)] to LBA[225582(257519616)-225586(257527808)]
[SHELL OUT]:	Closing Disk Interface >> {C:/GitHub/BlockyOS/Build/Build-nodate/disk.img}
[SHELL OUT]:	Writing File Block at 225583, Item: 23.	Root: [1742780011519050388:147156532550678]
[SHELL OUT]:	[Parent:00007ff795b41557] >>  C:/GitHub/BlockyOS/Build/Build-nodate/disk.img  Base: 133120    ConfBlockSize: 2048    Starting Disk Env ID: 
[SHELL OUT]:	Writing Bytes
[SHELL OUT]:	[Parent:00007ff795b41583] >> Wrtiting [2048 bytes(s)->4 block(s)] to LBA[225583(257521664)-225587(257529856)]
[SHELL OUT]:	Closing Disk Interface >> {C:/GitHub/BlockyOS/Build/Build-nodate/disk.img}
[SHELL OUT]:	Writing File Block at 225584, Item: 24.	Root: [1742780011519050388:147156532550678]
[SHELL OUT]:	[Parent:00007ff795b41557] >>  C:/GitHub/BlockyOS/Build/Build-nodate/disk.img  Base: 133120    ConfBlockSize: 2048    Starting Disk Env ID: 
[SHELL OUT]:	Writing Bytes
[SHELL OUT]:	[Parent:00007ff795b41583] >> Wrtiting [2048 bytes(s)->4 block(s)] to LBA[225584(257523712)-225588(257531904)]
[SHELL OUT]:	Closing Disk Interface >> {C:/GitHub/BlockyOS/Build/Build-nodate/disk.img}
[SHELL OUT]:	Reading File Block at 225585, Item: 25.    Root: [1742780011519050388:147156532550678]
[SHELL OUT]:	[Parent:00007ff795b410ba] >>  C:/GitHub/BlockyOS/Build/Build-nodate/disk.img  Base: 133120    ConfBlockSize: 2048    Starting Disk Env ID: 
[SHELL OUT]:	Reading Bytes
[SHELL OUT]:	[Parent:00007ff795b410de] >> Reading [2048 bytes(s)->4 block(s)] from LBA[225585(257525760)-225589(257533952)]
[SHELL OUT]:	Closing Disk Interface >> {C:/GitHub/BlockyOS/Build/Build-nodate/disk.img}
[SHELL OUT]:	Writing File Block at 225585, Item: 25.	Root: [1742780011519050388:147156532550678]
[SHELL OUT]:	[Parent:00007ff795b41557] >>  C:/GitHub/BlockyOS/Build/Build-nodate/disk.img  Base: 133120    ConfBlockSize: 2048    Starting Disk Env ID: 
[SHELL OUT]:	Writing Bytes
[SHELL OUT]:	[Parent:00007ff795b41583] >> Wrtiting [2048 bytes(s)->4 block(s)] to LBA[225585(257525760)-225589(257533952)]
[SHELL OUT]:	Closing Disk Interface >> {C:/GitHub/BlockyOS/Build/Build-nodate/disk.img}
[SHELL OUT]:	[0]: ""
Initializing CGCC.MAKE build process...
Skipping C:\GitHub\BlockyOS\src\kernel\services\IO\IO.c - up to date; source=2026-09-16T16:38:35.5854557Z, stored=09/16/2026 16:38:35
Stale source detected for C:\GitHub\BlockyOS\Build\Build-nodate\root-part\libcrt.dll. source=2026-10-02T17:23:03.2668414Z, stored=10/02/2026 17:13:51, delta=+20218152.267 sec
Compiled and updated timestamp for C:\GitHub\BlockyOS\Build\Build-nodate\root-part\libcrt.dll
Skipping C:\GitHub\BlockyOS\src\kernel\services\IO\IO.def - up to date; source=2026-09-16T21:00:02.8766014Z, stored=09/16/2026 21:00:02
gcc compile/cache/c.IO.o Build/Build-nodate/root-part/libcrt.dll src/kernel/services/IO/IO.def -Wl,-nostdlib -Wl,-shared -Wl,-flinker-output=dyn -Wl,-Bsymbolic -Wl,--out-implib,C:/GitHub/BlockyOS/Build/Build-nodate/root-part/services/IO.dll.a -Wl,-Map,C:\GitHub\BlockyOS\src\kernel\services\IO\alibcrt.map -fdiagnostics-color=always -fno-diagnostics-show-highlight-colors -nostartfiles -nodefaultlibs -fno-asynchronous-unwind-tables -fno-unwind-tables -o C:/GitHub/BlockyOS/Build/Build-nodate/root-part/services/IO.dll
Build finished successfully -> C:/GitHub/BlockyOS/Build/Build-nodate/root-part/services/IO.dll


[SHELL]	FSFRAT.MAKE
[SHELL]	FSFRAT.MOUNT
[SHELL]	e.disk -pp C:/GitHub/BlockyOS/Build/Build-nodate/disk.img -pt ROOT -bs 2048 -lb 32 -v 1:0
[SHELL OUT]:	
[SHELL OUT]:	FSFRAT DRIVER
[SHELL OUT]:	>> 
[SHELL OUT]:	[C:\GitHub\BlockyOS\tools\filesystem\frat.c:196]  >>  Mounting FS Root: [C:/GitHub/BlockyOS/Build/Build-nodate/disk.img]
[SHELL OUT]:	Verifying Disk GPT
[SHELL OUT]:	[Parent:00007ff795b3d8ff] >>  C:/GitHub/BlockyOS/Build/Build-nodate/disk.img  Base: 0    ConfBlockSize: 512    Starting Disk Env ID: 
[SHELL OUT]:	Reading Bytes
[SHELL OUT]:	[Parent:00007ff795b3d91a] >> Reading [92 bytes(s)->1 block(s)] from LBA[1(512)-2(1024)]
[SHELL OUT]:	GPT Dump:
[SHELL OUT]:	    Sig: "EFI PART"
[SHELL OUT]:	    Rev: 65536
[SHELL OUT]:	    Header-Size: 92
[SHELL OUT]:	    Header Checksum: 2621714706
[SHELL OUT]:	    localLBA: 1
[SHELL OUT]:	    altLBA: 2230273
[SHELL OUT]:	    firstUsable: 2048
[SHELL OUT]:	    lastUsable: 2230271
[SHELL OUT]:	    Disk-GUID: 
[SHELL OUT]:	    Partition-Table: 2
[SHELL OUT]:	    # of Partition-Entries: 2
[SHELL OUT]:	    Partition-Entry Size: 128
[SHELL OUT]:	    Partition-Table Checksum: 896708427
[SHELL OUT]:	Closing Disk Interface >> {C:/GitHub/BlockyOS/Build/Build-nodate/disk.img}
[SHELL OUT]:	GPT Exists? true
[SHELL OUT]:	[Parent:00007ff795b3eed9] >>  C:/GitHub/BlockyOS/Build/Build-nodate/disk.img  Base: 0    ConfBlockSize: 512    Starting Disk Env ID: 
[SHELL OUT]:	Reading Bytes
[SHELL OUT]:	[Parent:00007ff795b3eefa] >> Reading [92 bytes(s)->1 block(s)] from LBA[1(512)-2(1024)]
[SHELL OUT]:	[C:\GitHub\BlockyOS\tools\filesystem\frat.c:137]  >>  Querying Part Table
[SHELL OUT]:	Reading Bytes
[SHELL OUT]:	[Parent:00007ff795b3e73d] >> Reading [256 bytes(s)->1 block(s)] from LBA[2(1024)-3(1536)]
[SHELL OUT]:	[C:\GitHub\BlockyOS\tools\filesystem\frat.c:145]  >>  GPT-Entry: BOOT{2048:133119 -> 131071}
[SHELL OUT]:	[C:\GitHub\BlockyOS\tools\filesystem\frat.c:159]  >>  Querying FS at 2048
[SHELL OUT]:	Reading Bytes
[SHELL OUT]:	[Parent:00007ff795b3ebe1] >> Reading [60 bytes(s)->1 block(s)] from LBA[2048(1048576)-2049(1049088)]
[SHELL OUT]:	FS-Root Blob:
[SHELL OUT]:	    Version: [0:131072]
[SHELL OUT]:	    Sig: 
[SHELL OUT]:	    Configured Log Sectors: 2
[SHELL OUT]:	    Configured Block Size: 0
[SHELL OUT]:	    Configured Cluster-Map Size: 16711743
[SHELL OUT]:	[C:\GitHub\BlockyOS\tools\filesystem\frat.c:145]  >>  GPT-Entry: ROOT{133120:2230271 -> 2097151}
[SHELL OUT]:	[C:\GitHub\BlockyOS\tools\filesystem\frat.c:159]  >>  Querying FS at 133120
[SHELL OUT]:	Reading Bytes
[SHELL OUT]:	[Parent:00007ff795b3ebe1] >> Reading [60 bytes(s)->1 block(s)] from LBA[133120(68157440)-133121(68157952)]
[SHELL OUT]:	FS-Root Blob:
[SHELL OUT]:	    Version: [0:1]
[SHELL OUT]:	    Sig: FRAT_FILESYSTEM
[SHELL OUT]:	    Configured Log Sectors: 32
[SHELL OUT]:	    Configured Block Size: 2048
[SHELL OUT]:	    Configured Cluster-Map Size: 20480
[SHELL OUT]:	[C:\GitHub\BlockyOS\tools\filesystem\frat.c:184]  >>  FS Found at [133120]:
[SHELL OUT]:		Version-Code: [0:1]
[SHELL OUT]:		Configured Block-Size: 2048
[SHELL OUT]:		Configured Cluster-Size: 20480
[SHELL OUT]:		Configured # of Log-Sectors: 32
[SHELL OUT]:		Configured Log-Size: 576
[SHELL OUT]:	[C:\GitHub\BlockyOS\tools\filesystem\frat.c:210]  >>  Found Formatted Partition: 133120:2230271 -> 2097151
[SHELL OUT]:	Reading Bytes
[SHELL OUT]:	[Parent:00007ff795b3f05b] >> Reading [60 bytes(s)->1 block(s)] from LBA[133120(68157440)-133121(68157952)]
[SHELL OUT]:	[C:\GitHub\BlockyOS\tools\filesystem\frat.c:223]  >>  Root: 133120:2230271 -> 2097151 LBAs
[SHELL OUT]:		Version-Code: [0:1]
[SHELL OUT]:		Configured Block-Size: 2048
[SHELL OUT]:		Configured Cluster-Size: 20480
[SHELL OUT]:		Configured # of Log-Sectors: 20480
[SHELL OUT]:		Configured Log-Size: 32
[SHELL OUT]:	Reading Bytes
[SHELL OUT]:	[Parent:00007ff795b3f39f] >> Reading [65536 bytes(s)->128 block(s)] from LBA[133121(68159488)-133249(68421632)]
[SHELL OUT]:	Reading Bytes
[SHELL OUT]:	[Parent:00007ff795b3f44b] >> Reading [20480 bytes(s)->40 block(s)] from LBA[202752(210763776)-202792(210845696)]
[SHELL OUT]:	    Verifying FS Root Items #items: 1024
[SHELL OUT]:	Reading Bytes
[SHELL OUT]:	[Parent:00007ff795b3f6be] >> Reading [512 bytes(s)->4 block(s)] from LBA[225280(256901120)-225284(256909312)]
[SHELL OUT]:	Reading Bytes
[SHELL OUT]:	[Parent:00007ff795b3f6be] >> Reading [512 bytes(s)->4 block(s)] from LBA[225281(256903168)-225285(256911360)]
[SHELL OUT]:	Reading Bytes
[SHELL OUT]:	[Parent:00007ff795b3f6be] >> Reading [512 bytes(s)->4 block(s)] from LBA[225396(257138688)-225400(257146880)]
[SHELL OUT]:	Reading Bytes
[SHELL OUT]:	[Parent:00007ff795b3f6be] >> Reading [512 bytes(s)->4 block(s)] from LBA[225422(257191936)-225426(257200128)]
[SHELL OUT]:	Reading Bytes
[SHELL OUT]:	[Parent:00007ff795b3f6be] >> Reading [512 bytes(s)->4 block(s)] from LBA[225431(257210368)-225435(257218560)]
[SHELL OUT]:	Reading Bytes
[SHELL OUT]:	[Parent:00007ff795b3f6be] >> Reading [512 bytes(s)->4 block(s)] from LBA[225446(257241088)-225450(257249280)]
[SHELL OUT]:	Reading Bytes
[SHELL OUT]:	[Parent:00007ff795b3f6be] >> Reading [512 bytes(s)->4 block(s)] from LBA[225560(257474560)-225564(257482752)]
[SHELL OUT]:	Reading Bytes
[SHELL OUT]:	[Parent:00007ff795b3f6be] >> Reading [512 bytes(s)->4 block(s)] from LBA[225586(257527808)-225590(257536000)]
[SHELL OUT]:	Reading Bytes
[SHELL OUT]:	[Parent:00007ff795b3f6be] >> Reading [512 bytes(s)->4 block(s)] from LBA[225595(257546240)-225599(257554432)]
[SHELL OUT]:	Reading Bytes
[SHELL OUT]:	[Parent:00007ff795b3f6be] >> Reading [512 bytes(s)->4 block(s)] from LBA[225610(257576960)-225614(257585152)]
[SHELL OUT]:	Closing Disk Interface >> {C:/GitHub/BlockyOS/Build/Build-nodate/disk.img}
[SHELL OUT]:	[Parent:00007ff795b41926] >>  C:/GitHub/BlockyOS/Build/Build-nodate/disk.img  Base: 133120    ConfBlockSize: 2048    Starting Disk Env ID: 
[SHELL OUT]:	Writing Bytes
[SHELL OUT]:	[Parent:00007ff795b4194f] >> Wrtiting [60 bytes(s)->4 block(s)] to LBA[133120(68157440)-133124(68165632)]
[SHELL OUT]:	Writing Bytes
[SHELL OUT]:	[Parent:00007ff795b41997] >> Wrtiting [20480 bytes(s)->40 block(s)] to LBA[202752(210763776)-202792(210845696)]
[SHELL OUT]:	Closing Disk Interface >> {C:/GitHub/BlockyOS/Build/Build-nodate/disk.img}
[SHELL OUT]:	[0]: ""
[SHELL]	create -la fc -p SYSD/ -n IO.dll
[SHELL OUT]:	
[SHELL OUT]:	>> 
[SHELL OUT]:	>> 
[SHELL OUT]:	000001d9a98c5ecb:fc	000001d9a98c5ed1:SYSD/	000001d9a98c5eda:IO.dll	
[SHELL OUT]:	[	SYSD/IO.dll]
[SHELL OUT]:	Mounting File [SYSD/IO.dll] with "fc"
[SHELL OUT]:	Creating File at: ./SYSD/IO.dll
[SHELL OUT]:	Root is 000001d9a98c9030
[SHELL OUT]:	Root is 000001d9a98c9030
[SHELL OUT]:	Un-Mounting File [1742780011519050388:147156532550678]
[SHELL OUT]:	[Parent:00007ff795b41926] >>  C:/GitHub/BlockyOS/Build/Build-nodate/disk.img  Base: 133120    ConfBlockSize: 2048    Starting Disk Env ID: 
[SHELL OUT]:	Writing Bytes
[SHELL OUT]:	[Parent:00007ff795b4194f] >> Wrtiting [60 bytes(s)->4 block(s)] to LBA[133120(68157440)-133124(68165632)]
[SHELL OUT]:	Writing Bytes
[SHELL OUT]:	[Parent:00007ff795b41997] >> Wrtiting [20480 bytes(s)->40 block(s)] to LBA[202752(210763776)-202792(210845696)]
[SHELL OUT]:	Closing Disk Interface >> {C:/GitHub/BlockyOS/Build/Build-nodate/disk.img}
[SHELL OUT]:	[0]: ""
[SHELL]	FSFRAT.OPEN
[SHELL]	open -p SYSD/IO.dll -a IO -la f
[SHELL OUT]:	
[SHELL OUT]:	>> 
[SHELL OUT]:	>> 
[SHELL OUT]:	Mounting File [SYSD/IO.dll] with "f"
[SHELL OUT]:	Root is 000001d9a98c9030
[SHELL OUT]:	[0]: ""
[SHELL]	FSFRAT.WRITE
[SHELL]	fwrite -pp C:/GitHub/BlockyOS/Build/Build-nodate/root-part/services/IO.dll -ia %IO% -p 0 -n 0
[SHELL OUT]:	
[SHELL OUT]:	>> 
[SHELL OUT]:	>> 
[SHELL OUT]:	[Parent:00007ff795b41f16] >>  C:/GitHub/BlockyOS/Build/Build-nodate/disk.img  Base: 133120    ConfBlockSize: 2048    Starting Disk Env ID: 
[SHELL OUT]:	[Parent:00007ff795b41e53] >>  C:/GitHub/BlockyOS/Build/Build-nodate/disk.img  Base: 133120    ConfBlockSize: 2048    Starting Disk Env ID: 
[SHELL OUT]:	Reading File Info
[SHELL OUT]:	Reading Bytes
[SHELL OUT]:	[Parent:00007ff795b41ec2] >> Reading [512 bytes(s)->4 block(s)] from LBA[225560(257474560)-225564(257482752)]
[SHELL OUT]:	Closing Disk Interface >> {C:/GitHub/BlockyOS/Build/Build-nodate/disk.img}
[SHELL OUT]:	Writing Bytes
[SHELL OUT]:	[Parent:00007ff795b42010] >> Wrtiting [512 bytes(s)->4 block(s)] to LBA[225560(257474560)-225564(257482752)]
[SHELL OUT]:	Closing Disk Interface >> {C:/GitHub/BlockyOS/Build/Build-nodate/disk.img}
[SHELL OUT]:	Root is 000001d9a98c9030
[SHELL OUT]:	Writing File Block at 225561, Item: 1.	Root: [1742780011519050388:147156532550678]
[SHELL OUT]:	[Parent:00007ff795b41557] >>  C:/GitHub/BlockyOS/Build/Build-nodate/disk.img  Base: 133120    ConfBlockSize: 2048    Starting Disk Env ID: 
[SHELL OUT]:	Writing Bytes
[SHELL OUT]:	[Parent:00007ff795b41583] >> Wrtiting [2048 bytes(s)->4 block(s)] to LBA[225561(257476608)-225565(257484800)]
[SHELL OUT]:	Closing Disk Interface >> {C:/GitHub/BlockyOS/Build/Build-nodate/disk.img}
[SHELL OUT]:	Writing File Block at 225562, Item: 2.	Root: [1742780011519050388:147156532550678]
[SHELL OUT]:	[Parent:00007ff795b41557] >>  C:/GitHub/BlockyOS/Build/Build-nodate/disk.img  Base: 133120    ConfBlockSize: 2048    Starting Disk Env ID: 
[SHELL OUT]:	Writing Bytes
[SHELL OUT]:	[Parent:00007ff795b41583] >> Wrtiting [2048 bytes(s)->4 block(s)] to LBA[225562(257478656)-225566(257486848)]
[SHELL OUT]:	Closing Disk Interface >> {C:/GitHub/BlockyOS/Build/Build-nodate/disk.img}
[SHELL OUT]:	Writing File Block at 225563, Item: 3.	Root: [1742780011519050388:147156532550678]
[SHELL OUT]:	[Parent:00007ff795b41557] >>  C:/GitHub/BlockyOS/Build/Build-nodate/disk.img  Base: 133120    ConfBlockSize: 2048    Starting Disk Env ID: 
[SHELL OUT]:	Writing Bytes
[SHELL OUT]:	[Parent:00007ff795b41583] >> Wrtiting [2048 bytes(s)->4 block(s)] to LBA[225563(257480704)-225567(257488896)]
[SHELL OUT]:	Closing Disk Interface >> {C:/GitHub/BlockyOS/Build/Build-nodate/disk.img}
[SHELL OUT]:	Writing File Block at 225564, Item: 4.	Root: [1742780011519050388:147156532550678]
[SHELL OUT]:	[Parent:00007ff795b41557] >>  C:/GitHub/BlockyOS/Build/Build-nodate/disk.img  Base: 133120    ConfBlockSize: 2048    Starting Disk Env ID: 
[SHELL OUT]:	Writing Bytes
[SHELL OUT]:	[Parent:00007ff795b41583] >> Wrtiting [2048 bytes(s)->4 block(s)] to LBA[225564(257482752)-225568(257490944)]
[SHELL OUT]:	Closing Disk Interface >> {C:/GitHub/BlockyOS/Build/Build-nodate/disk.img}
[SHELL OUT]:	Writing File Block at 225565, Item: 5.	Root: [1742780011519050388:147156532550678]
[SHELL OUT]:	[Parent:00007ff795b41557] >>  C:/GitHub/BlockyOS/Build/Build-nodate/disk.img  Base: 133120    ConfBlockSize: 2048    Starting Disk Env ID: 
[SHELL OUT]:	Writing Bytes
[SHELL OUT]:	[Parent:00007ff795b41583] >> Wrtiting [2048 bytes(s)->4 block(s)] to LBA[225565(257484800)-225569(257492992)]
[SHELL OUT]:	Closing Disk Interface >> {C:/GitHub/BlockyOS/Build/Build-nodate/disk.img}
[SHELL OUT]:	Writing File Block at 225566, Item: 6.	Root: [1742780011519050388:147156532550678]
[SHELL OUT]:	[Parent:00007ff795b41557] >>  C:/GitHub/BlockyOS/Build/Build-nodate/disk.img  Base: 133120    ConfBlockSize: 2048    Starting Disk Env ID: 
[SHELL OUT]:	Writing Bytes
[SHELL OUT]:	[Parent:00007ff795b41583] >> Wrtiting [2048 bytes(s)->4 block(s)] to LBA[225566(257486848)-225570(257495040)]
[SHELL OUT]:	Closing Disk Interface >> {C:/GitHub/BlockyOS/Build/Build-nodate/disk.img}
[SHELL OUT]:	Writing File Block at 225567, Item: 7.	Root: [1742780011519050388:147156532550678]
[SHELL OUT]:	[Parent:00007ff795b41557] >>  C:/GitHub/BlockyOS/Build/Build-nodate/disk.img  Base: 133120    ConfBlockSize: 2048    Starting Disk Env ID: 
[SHELL OUT]:	Writing Bytes
[SHELL OUT]:	[Parent:00007ff795b41583] >> Wrtiting [2048 bytes(s)->4 block(s)] to LBA[225567(257488896)-225571(257497088)]
[SHELL OUT]:	Closing Disk Interface >> {C:/GitHub/BlockyOS/Build/Build-nodate/disk.img}
[SHELL OUT]:	Writing File Block at 225568, Item: 8.	Root: [1742780011519050388:147156532550678]
[SHELL OUT]:	[Parent:00007ff795b41557] >>  C:/GitHub/BlockyOS/Build/Build-nodate/disk.img  Base: 133120    ConfBlockSize: 2048    Starting Disk Env ID: 
[SHELL OUT]:	Writing Bytes
[SHELL OUT]:	[Parent:00007ff795b41583] >> Wrtiting [2048 bytes(s)->4 block(s)] to LBA[225568(257490944)-225572(257499136)]
[SHELL OUT]:	Closing Disk Interface >> {C:/GitHub/BlockyOS/Build/Build-nodate/disk.img}
[SHELL OUT]:	Writing File Block at 225569, Item: 9.	Root: [1742780011519050388:147156532550678]
[SHELL OUT]:	[Parent:00007ff795b41557] >>  C:/GitHub/BlockyOS/Build/Build-nodate/disk.img  Base: 133120    ConfBlockSize: 2048    Starting Disk Env ID: 
[SHELL OUT]:	Writing Bytes
[SHELL OUT]:	[Parent:00007ff795b41583] >> Wrtiting [2048 bytes(s)->4 block(s)] to LBA[225569(257492992)-225573(257501184)]
[SHELL OUT]:	Closing Disk Interface >> {C:/GitHub/BlockyOS/Build/Build-nodate/disk.img}
[SHELL OUT]:	Writing File Block at 225570, Item: 10.	Root: [1742780011519050388:147156532550678]
[SHELL OUT]:	[Parent:00007ff795b41557] >>  C:/GitHub/BlockyOS/Build/Build-nodate/disk.img  Base: 133120    ConfBlockSize: 2048    Starting Disk Env ID: 
[SHELL OUT]:	Writing Bytes
[SHELL OUT]:	[Parent:00007ff795b41583] >> Wrtiting [2048 bytes(s)->4 block(s)] to LBA[225570(257495040)-225574(257503232)]
[SHELL OUT]:	Closing Disk Interface >> {C:/GitHub/BlockyOS/Build/Build-nodate/disk.img}
[SHELL OUT]:	Writing File Block at 225571, Item: 11.	Root: [1742780011519050388:147156532550678]
[SHELL OUT]:	[Parent:00007ff795b41557] >>  C:/GitHub/BlockyOS/Build/Build-nodate/disk.img  Base: 133120    ConfBlockSize: 2048    Starting Disk Env ID: 
[SHELL OUT]:	Writing Bytes
[SHELL OUT]:	[Parent:00007ff795b41583] >> Wrtiting [2048 bytes(s)->4 block(s)] to LBA[225571(257497088)-225575(257505280)]
[SHELL OUT]:	Closing Disk Interface >> {C:/GitHub/BlockyOS/Build/Build-nodate/disk.img}
[SHELL OUT]:	Writing File Block at 225572, Item: 12.	Root: [1742780011519050388:147156532550678]
[SHELL OUT]:	[Parent:00007ff795b41557] >>  C:/GitHub/BlockyOS/Build/Build-nodate/disk.img  Base: 133120    ConfBlockSize: 2048    Starting Disk Env ID: 
[SHELL OUT]:	Writing Bytes
[SHELL OUT]:	[Parent:00007ff795b41583] >> Wrtiting [2048 bytes(s)->4 block(s)] to LBA[225572(257499136)-225576(257507328)]
[SHELL OUT]:	Closing Disk Interface >> {C:/GitHub/BlockyOS/Build/Build-nodate/disk.img}
[SHELL OUT]:	Writing File Block at 225573, Item: 13.	Root: [1742780011519050388:147156532550678]
[SHELL OUT]:	[Parent:00007ff795b41557] >>  C:/GitHub/BlockyOS/Build/Build-nodate/disk.img  Base: 133120    ConfBlockSize: 2048    Starting Disk Env ID: 
[SHELL OUT]:	Writing Bytes
[SHELL OUT]:	[Parent:00007ff795b41583] >> Wrtiting [2048 bytes(s)->4 block(s)] to LBA[225573(257501184)-225577(257509376)]
[SHELL OUT]:	Closing Disk Interface >> {C:/GitHub/BlockyOS/Build/Build-nodate/disk.img}
[SHELL OUT]:	Writing File Block at 225574, Item: 14.	Root: [1742780011519050388:147156532550678]
[SHELL OUT]:	[Parent:00007ff795b41557] >>  C:/GitHub/BlockyOS/Build/Build-nodate/disk.img  Base: 133120    ConfBlockSize: 2048    Starting Disk Env ID: 
[SHELL OUT]:	Writing Bytes
[SHELL OUT]:	[Parent:00007ff795b41583] >> Wrtiting [2048 bytes(s)->4 block(s)] to LBA[225574(257503232)-225578(257511424)]
[SHELL OUT]:	Closing Disk Interface >> {C:/GitHub/BlockyOS/Build/Build-nodate/disk.img}
[SHELL OUT]:	Writing File Block at 225575, Item: 15.	Root: [1742780011519050388:147156532550678]
[SHELL OUT]:	[Parent:00007ff795b41557] >>  C:/GitHub/BlockyOS/Build/Build-nodate/disk.img  Base: 133120    ConfBlockSize: 2048    Starting Disk Env ID: 
[SHELL OUT]:	Writing Bytes
[SHELL OUT]:	[Parent:00007ff795b41583] >> Wrtiting [2048 bytes(s)->4 block(s)] to LBA[225575(257505280)-225579(257513472)]
[SHELL OUT]:	Closing Disk Interface >> {C:/GitHub/BlockyOS/Build/Build-nodate/disk.img}
[SHELL OUT]:	Writing File Block at 225576, Item: 16.	Root: [1742780011519050388:147156532550678]
[SHELL OUT]:	[Parent:00007ff795b41557] >>  C:/GitHub/BlockyOS/Build/Build-nodate/disk.img  Base: 133120    ConfBlockSize: 2048    Starting Disk Env ID: 
[SHELL OUT]:	Writing Bytes
[SHELL OUT]:	[Parent:00007ff795b41583] >> Wrtiting [2048 bytes(s)->4 block(s)] to LBA[225576(257507328)-225580(257515520)]
[SHELL OUT]:	Closing Disk Interface >> {C:/GitHub/BlockyOS/Build/Build-nodate/disk.img}
[SHELL OUT]:	Writing File Block at 225577, Item: 17.	Root: [1742780011519050388:147156532550678]
[SHELL OUT]:	[Parent:00007ff795b41557] >>  C:/GitHub/BlockyOS/Build/Build-nodate/disk.img  Base: 133120    ConfBlockSize: 2048    Starting Disk Env ID: 
[SHELL OUT]:	Writing Bytes
[SHELL OUT]:	[Parent:00007ff795b41583] >> Wrtiting [2048 bytes(s)->4 block(s)] to LBA[225577(257509376)-225581(257517568)]
[SHELL OUT]:	Closing Disk Interface >> {C:/GitHub/BlockyOS/Build/Build-nodate/disk.img}
[SHELL OUT]:	Writing File Block at 225578, Item: 18.	Root: [1742780011519050388:147156532550678]
[SHELL OUT]:	[Parent:00007ff795b41557] >>  C:/GitHub/BlockyOS/Build/Build-nodate/disk.img  Base: 133120    ConfBlockSize: 2048    Starting Disk Env ID: 
[SHELL OUT]:	Writing Bytes
[SHELL OUT]:	[Parent:00007ff795b41583] >> Wrtiting [2048 bytes(s)->4 block(s)] to LBA[225578(257511424)-225582(257519616)]
[SHELL OUT]:	Closing Disk Interface >> {C:/GitHub/BlockyOS/Build/Build-nodate/disk.img}
[SHELL OUT]:	Writing File Block at 225579, Item: 19.	Root: [1742780011519050388:147156532550678]
[SHELL OUT]:	[Parent:00007ff795b41557] >>  C:/GitHub/BlockyOS/Build/Build-nodate/disk.img  Base: 133120    ConfBlockSize: 2048    Starting Disk Env ID: 
[SHELL OUT]:	Writing Bytes
[SHELL OUT]:	[Parent:00007ff795b41583] >> Wrtiting [2048 bytes(s)->4 block(s)] to LBA[225579(257513472)-225583(257521664)]
[SHELL OUT]:	Closing Disk Interface >> {C:/GitHub/BlockyOS/Build/Build-nodate/disk.img}
[SHELL OUT]:	Writing File Block at 225580, Item: 20.	Root: [1742780011519050388:147156532550678]
[SHELL OUT]:	[Parent:00007ff795b41557] >>  C:/GitHub/BlockyOS/Build/Build-nodate/disk.img  Base: 133120    ConfBlockSize: 2048    Starting Disk Env ID: 
[SHELL OUT]:	Writing Bytes
[SHELL OUT]:	[Parent:00007ff795b41583] >> Wrtiting [2048 bytes(s)->4 block(s)] to LBA[225580(257515520)-225584(257523712)]
[SHELL OUT]:	Closing Disk Interface >> {C:/GitHub/BlockyOS/Build/Build-nodate/disk.img}
[SHELL OUT]:	Writing File Block at 225581, Item: 21.	Root: [1742780011519050388:147156532550678]
[SHELL OUT]:	[Parent:00007ff795b41557] >>  C:/GitHub/BlockyOS/Build/Build-nodate/disk.img  Base: 133120    ConfBlockSize: 2048    Starting Disk Env ID: 
[SHELL OUT]:	Writing Bytes
[SHELL OUT]:	[Parent:00007ff795b41583] >> Wrtiting [2048 bytes(s)->4 block(s)] to LBA[225581(257517568)-225585(257525760)]
[SHELL OUT]:	Closing Disk Interface >> {C:/GitHub/BlockyOS/Build/Build-nodate/disk.img}
[SHELL OUT]:	Writing File Block at 225582, Item: 22.	Root: [1742780011519050388:147156532550678]
[SHELL OUT]:	[Parent:00007ff795b41557] >>  C:/GitHub/BlockyOS/Build/Build-nodate/disk.img  Base: 133120    ConfBlockSize: 2048    Starting Disk Env ID: 
[SHELL OUT]:	Writing Bytes
[SHELL OUT]:	[Parent:00007ff795b41583] >> Wrtiting [2048 bytes(s)->4 block(s)] to LBA[225582(257519616)-225586(257527808)]
[SHELL OUT]:	Closing Disk Interface >> {C:/GitHub/BlockyOS/Build/Build-nodate/disk.img}
[SHELL OUT]:	Writing File Block at 225583, Item: 23.	Root: [1742780011519050388:147156532550678]
[SHELL OUT]:	[Parent:00007ff795b41557] >>  C:/GitHub/BlockyOS/Build/Build-nodate/disk.img  Base: 133120    ConfBlockSize: 2048    Starting Disk Env ID: 
[SHELL OUT]:	Writing Bytes
[SHELL OUT]:	[Parent:00007ff795b41583] >> Wrtiting [2048 bytes(s)->4 block(s)] to LBA[225583(257521664)-225587(257529856)]
[SHELL OUT]:	Closing Disk Interface >> {C:/GitHub/BlockyOS/Build/Build-nodate/disk.img}
[SHELL OUT]:	Writing File Block at 225584, Item: 24.	Root: [1742780011519050388:147156532550678]
[SHELL OUT]:	[Parent:00007ff795b41557] >>  C:/GitHub/BlockyOS/Build/Build-nodate/disk.img  Base: 133120    ConfBlockSize: 2048    Starting Disk Env ID: 
[SHELL OUT]:	Writing Bytes
[SHELL OUT]:	[Parent:00007ff795b41583] >> Wrtiting [2048 bytes(s)->4 block(s)] to LBA[225584(257523712)-225588(257531904)]
[SHELL OUT]:	Closing Disk Interface >> {C:/GitHub/BlockyOS/Build/Build-nodate/disk.img}
[SHELL OUT]:	Reading File Block at 225585, Item: 25.    Root: [1742780011519050388:147156532550678]
[SHELL OUT]:	[Parent:00007ff795b410ba] >>  C:/GitHub/BlockyOS/Build/Build-nodate/disk.img  Base: 133120    ConfBlockSize: 2048    Starting Disk Env ID: 
[SHELL OUT]:	Reading Bytes
[SHELL OUT]:	[Parent:00007ff795b410de] >> Reading [2048 bytes(s)->4 block(s)] from LBA[225585(257525760)-225589(257533952)]
[SHELL OUT]:	Closing Disk Interface >> {C:/GitHub/BlockyOS/Build/Build-nodate/disk.img}
[SHELL OUT]:	Writing File Block at 225585, Item: 25.	Root: [1742780011519050388:147156532550678]
[SHELL OUT]:	[Parent:00007ff795b41557] >>  C:/GitHub/BlockyOS/Build/Build-nodate/disk.img  Base: 133120    ConfBlockSize: 2048    Starting Disk Env ID: 
[SHELL OUT]:	Writing Bytes
[SHELL OUT]:	[Parent:00007ff795b41583] >> Wrtiting [2048 bytes(s)->4 block(s)] to LBA[225585(257525760)-225589(257533952)]
[SHELL OUT]:	Closing Disk Interface >> {C:/GitHub/BlockyOS/Build/Build-nodate/disk.img}
[SHELL OUT]:	[0]: ""
Initializing CGCC.MAKE build process...
Skipping C:\GitHub\BlockyOS\src\kernel\services\IO\IO.c - up to date; source=2026-09-16T16:38:35.5854557Z, stored=09/16/2026 16:38:35
Stale source detected for C:\GitHub\BlockyOS\Build\Build-nodate\root-part\libcrt.dll. source=2026-10-02T17:24:32.6233724Z, stored=10/02/2026 17:23:03, delta=+20217689.623 sec
Compiled and updated timestamp for C:\GitHub\BlockyOS\Build\Build-nodate\root-part\libcrt.dll
Skipping C:\GitHub\BlockyOS\src\kernel\services\IO\IO.def - up to date; source=2026-09-16T21:00:02.8766014Z, stored=09/16/2026 21:00:02
gcc compile/cache/c.IO.o Build/Build-nodate/root-part/libcrt.dll src/kernel/services/IO/IO.def -Wl,-nostdlib -Wl,-shared -Wl,-flinker-output=dyn -Wl,-Bsymbolic -Wl,--out-implib,C:/GitHub/BlockyOS/Build/Build-nodate/root-part/services/IO.dll.a -Wl,-Map,C:\GitHub\BlockyOS\src\kernel\services\IO\alibcrt.map -fdiagnostics-color=always -fno-diagnostics-show-highlight-colors -nostartfiles -nodefaultlibs -fno-asynchronous-unwind-tables -fno-unwind-tables -o C:/GitHub/BlockyOS/Build/Build-nodate/root-part/services/IO.dll
Build finished successfully -> C:/GitHub/BlockyOS/Build/Build-nodate/root-part/services/IO.dll


[SHELL]	FSFRAT.MAKE
[SHELL]	FSFRAT.MOUNT
[SHELL]	e.disk -pp C:/GitHub/BlockyOS/Build/Build-nodate/disk.img -pt ROOT -bs 2048 -lb 32 -v 1:0
[SHELL OUT]:	
[SHELL OUT]:	FSFRAT DRIVER
[SHELL OUT]:	>> 
[SHELL OUT]:	[C:\GitHub\BlockyOS\tools\filesystem\frat.c:196]  >>  Mounting FS Root: [C:/GitHub/BlockyOS/Build/Build-nodate/disk.img]
[SHELL OUT]:	Verifying Disk GPT
[SHELL OUT]:	[Parent:00007ff795b3d8ff] >>  C:/GitHub/BlockyOS/Build/Build-nodate/disk.img  Base: 0    ConfBlockSize: 512    Starting Disk Env ID: 
[SHELL OUT]:	Reading Bytes
[SHELL OUT]:	[Parent:00007ff795b3d91a] >> Reading [92 bytes(s)->1 block(s)] from LBA[1(512)-2(1024)]
[SHELL OUT]:	GPT Dump:
[SHELL OUT]:	    Sig: "EFI PART"
[SHELL OUT]:	    Rev: 65536
[SHELL OUT]:	    Header-Size: 92
[SHELL OUT]:	    Header Checksum: 2621714706
[SHELL OUT]:	    localLBA: 1
[SHELL OUT]:	    altLBA: 2230273
[SHELL OUT]:	    firstUsable: 2048
[SHELL OUT]:	    lastUsable: 2230271
[SHELL OUT]:	    Disk-GUID: 
[SHELL OUT]:	    Partition-Table: 2
[SHELL OUT]:	    # of Partition-Entries: 2
[SHELL OUT]:	    Partition-Entry Size: 128
[SHELL OUT]:	    Partition-Table Checksum: 896708427
[SHELL OUT]:	Closing Disk Interface >> {C:/GitHub/BlockyOS/Build/Build-nodate/disk.img}
[SHELL OUT]:	GPT Exists? true
[SHELL OUT]:	[Parent:00007ff795b3eed9] >>  C:/GitHub/BlockyOS/Build/Build-nodate/disk.img  Base: 0    ConfBlockSize: 512    Starting Disk Env ID: 
[SHELL OUT]:	Reading Bytes
[SHELL OUT]:	[Parent:00007ff795b3eefa] >> Reading [92 bytes(s)->1 block(s)] from LBA[1(512)-2(1024)]
[SHELL OUT]:	[C:\GitHub\BlockyOS\tools\filesystem\frat.c:137]  >>  Querying Part Table
[SHELL OUT]:	Reading Bytes
[SHELL OUT]:	[Parent:00007ff795b3e73d] >> Reading [256 bytes(s)->1 block(s)] from LBA[2(1024)-3(1536)]
[SHELL OUT]:	[C:\GitHub\BlockyOS\tools\filesystem\frat.c:145]  >>  GPT-Entry: BOOT{2048:133119 -> 131071}
[SHELL OUT]:	[C:\GitHub\BlockyOS\tools\filesystem\frat.c:159]  >>  Querying FS at 2048
[SHELL OUT]:	Reading Bytes
[SHELL OUT]:	[Parent:00007ff795b3ebe1] >> Reading [60 bytes(s)->1 block(s)] from LBA[2048(1048576)-2049(1049088)]
[SHELL OUT]:	FS-Root Blob:
[SHELL OUT]:	    Version: [0:131072]
[SHELL OUT]:	    Sig: 
[SHELL OUT]:	    Configured Log Sectors: 2
[SHELL OUT]:	    Configured Block Size: 0
[SHELL OUT]:	    Configured Cluster-Map Size: 16711743
[SHELL OUT]:	[C:\GitHub\BlockyOS\tools\filesystem\frat.c:145]  >>  GPT-Entry: ROOT{133120:2230271 -> 2097151}
[SHELL OUT]:	[C:\GitHub\BlockyOS\tools\filesystem\frat.c:159]  >>  Querying FS at 133120
[SHELL OUT]:	Reading Bytes
[SHELL OUT]:	[Parent:00007ff795b3ebe1] >> Reading [60 bytes(s)->1 block(s)] from LBA[133120(68157440)-133121(68157952)]
[SHELL OUT]:	FS-Root Blob:
[SHELL OUT]:	    Version: [0:1]
[SHELL OUT]:	    Sig: FRAT_FILESYSTEM
[SHELL OUT]:	    Configured Log Sectors: 32
[SHELL OUT]:	    Configured Block Size: 2048
[SHELL OUT]:	    Configured Cluster-Map Size: 20480
[SHELL OUT]:	[C:\GitHub\BlockyOS\tools\filesystem\frat.c:184]  >>  FS Found at [133120]:
[SHELL OUT]:		Version-Code: [0:1]
[SHELL OUT]:		Configured Block-Size: 2048
[SHELL OUT]:		Configured Cluster-Size: 20480
[SHELL OUT]:		Configured # of Log-Sectors: 32
[SHELL OUT]:		Configured Log-Size: 576
[SHELL OUT]:	[C:\GitHub\BlockyOS\tools\filesystem\frat.c:210]  >>  Found Formatted Partition: 133120:2230271 -> 2097151
[SHELL OUT]:	Reading Bytes
[SHELL OUT]:	[Parent:00007ff795b3f05b] >> Reading [60 bytes(s)->1 block(s)] from LBA[133120(68157440)-133121(68157952)]
[SHELL OUT]:	[C:\GitHub\BlockyOS\tools\filesystem\frat.c:223]  >>  Root: 133120:2230271 -> 2097151 LBAs
[SHELL OUT]:		Version-Code: [0:1]
[SHELL OUT]:		Configured Block-Size: 2048
[SHELL OUT]:		Configured Cluster-Size: 20480
[SHELL OUT]:		Configured # of Log-Sectors: 20480
[SHELL OUT]:		Configured Log-Size: 32
[SHELL OUT]:	Reading Bytes
[SHELL OUT]:	[Parent:00007ff795b3f39f] >> Reading [65536 bytes(s)->128 block(s)] from LBA[133121(68159488)-133249(68421632)]
[SHELL OUT]:	Reading Bytes
[SHELL OUT]:	[Parent:00007ff795b3f44b] >> Reading [20480 bytes(s)->40 block(s)] from LBA[202752(210763776)-202792(210845696)]
[SHELL OUT]:	    Verifying FS Root Items #items: 1024
[SHELL OUT]:	Reading Bytes
[SHELL OUT]:	[Parent:00007ff795b3f6be] >> Reading [512 bytes(s)->4 block(s)] from LBA[225280(256901120)-225284(256909312)]
[SHELL OUT]:	Reading Bytes
[SHELL OUT]:	[Parent:00007ff795b3f6be] >> Reading [512 bytes(s)->4 block(s)] from LBA[225281(256903168)-225285(256911360)]
[SHELL OUT]:	Reading Bytes
[SHELL OUT]:	[Parent:00007ff795b3f6be] >> Reading [512 bytes(s)->4 block(s)] from LBA[225396(257138688)-225400(257146880)]
[SHELL OUT]:	Reading Bytes
[SHELL OUT]:	[Parent:00007ff795b3f6be] >> Reading [512 bytes(s)->4 block(s)] from LBA[225422(257191936)-225426(257200128)]
[SHELL OUT]:	Reading Bytes
[SHELL OUT]:	[Parent:00007ff795b3f6be] >> Reading [512 bytes(s)->4 block(s)] from LBA[225431(257210368)-225435(257218560)]
[SHELL OUT]:	Reading Bytes
[SHELL OUT]:	[Parent:00007ff795b3f6be] >> Reading [512 bytes(s)->4 block(s)] from LBA[225446(257241088)-225450(257249280)]
[SHELL OUT]:	Reading Bytes
[SHELL OUT]:	[Parent:00007ff795b3f6be] >> Reading [512 bytes(s)->4 block(s)] from LBA[225560(257474560)-225564(257482752)]
[SHELL OUT]:	Reading Bytes
[SHELL OUT]:	[Parent:00007ff795b3f6be] >> Reading [512 bytes(s)->4 block(s)] from LBA[225586(257527808)-225590(257536000)]
[SHELL OUT]:	Reading Bytes
[SHELL OUT]:	[Parent:00007ff795b3f6be] >> Reading [512 bytes(s)->4 block(s)] from LBA[225595(257546240)-225599(257554432)]
[SHELL OUT]:	Reading Bytes
[SHELL OUT]:	[Parent:00007ff795b3f6be] >> Reading [512 bytes(s)->4 block(s)] from LBA[225610(257576960)-225614(257585152)]
[SHELL OUT]:	Closing Disk Interface >> {C:/GitHub/BlockyOS/Build/Build-nodate/disk.img}
[SHELL OUT]:	[Parent:00007ff795b41926] >>  C:/GitHub/BlockyOS/Build/Build-nodate/disk.img  Base: 133120    ConfBlockSize: 2048    Starting Disk Env ID: 
[SHELL OUT]:	Writing Bytes
[SHELL OUT]:	[Parent:00007ff795b4194f] >> Wrtiting [60 bytes(s)->4 block(s)] to LBA[133120(68157440)-133124(68165632)]
[SHELL OUT]:	Writing Bytes
[SHELL OUT]:	[Parent:00007ff795b41997] >> Wrtiting [20480 bytes(s)->40 block(s)] to LBA[202752(210763776)-202792(210845696)]
[SHELL OUT]:	Closing Disk Interface >> {C:/GitHub/BlockyOS/Build/Build-nodate/disk.img}
[SHELL OUT]:	[0]: ""
[SHELL]	create -la fc -p SYSD/ -n IO.dll
[SHELL OUT]:	
[SHELL OUT]:	>> 
[SHELL OUT]:	>> 
[SHELL OUT]:	000001949f7e5ecb:fc	000001949f7e5ed1:SYSD/	000001949f7e5eda:IO.dll	
[SHELL OUT]:	[	SYSD/IO.dll]
[SHELL OUT]:	Mounting File [SYSD/IO.dll] with "fc"
[SHELL OUT]:	Creating File at: ./SYSD/IO.dll
[SHELL OUT]:	Root is 000001949f7e9030
[SHELL OUT]:	Root is 000001949f7e9030
[SHELL OUT]:	Un-Mounting File [1742780011519050388:147156532550678]
[SHELL OUT]:	[Parent:00007ff795b41926] >>  C:/GitHub/BlockyOS/Build/Build-nodate/disk.img  Base: 133120    ConfBlockSize: 2048    Starting Disk Env ID: 
[SHELL OUT]:	Writing Bytes
[SHELL OUT]:	[Parent:00007ff795b4194f] >> Wrtiting [60 bytes(s)->4 block(s)] to LBA[133120(68157440)-133124(68165632)]
[SHELL OUT]:	Writing Bytes
[SHELL OUT]:	[Parent:00007ff795b41997] >> Wrtiting [20480 bytes(s)->40 block(s)] to LBA[202752(210763776)-202792(210845696)]
[SHELL OUT]:	Closing Disk Interface >> {C:/GitHub/BlockyOS/Build/Build-nodate/disk.img}
[SHELL OUT]:	[0]: ""
[SHELL]	FSFRAT.OPEN
[SHELL]	open -p SYSD/IO.dll -a IO -la f
[SHELL OUT]:	
[SHELL OUT]:	>> 
[SHELL OUT]:	>> 
[SHELL OUT]:	Mounting File [SYSD/IO.dll] with "f"
[SHELL OUT]:	Root is 000001949f7e9030
[SHELL OUT]:	[0]: ""
[SHELL]	FSFRAT.WRITE
[SHELL]	fwrite -pp C:/GitHub/BlockyOS/Build/Build-nodate/root-part/services/IO.dll -ia %IO% -p 0 -n 0
[SHELL OUT]:	
[SHELL OUT]:	>> 
[SHELL OUT]:	>> 
[SHELL OUT]:	[Parent:00007ff795b41f16] >>  C:/GitHub/BlockyOS/Build/Build-nodate/disk.img  Base: 133120    ConfBlockSize: 2048    Starting Disk Env ID: 
[SHELL OUT]:	[Parent:00007ff795b41e53] >>  C:/GitHub/BlockyOS/Build/Build-nodate/disk.img  Base: 133120    ConfBlockSize: 2048    Starting Disk Env ID: 
[SHELL OUT]:	Reading File Info
[SHELL OUT]:	Reading Bytes
[SHELL OUT]:	[Parent:00007ff795b41ec2] >> Reading [512 bytes(s)->4 block(s)] from LBA[225560(257474560)-225564(257482752)]
[SHELL OUT]:	Closing Disk Interface >> {C:/GitHub/BlockyOS/Build/Build-nodate/disk.img}
[SHELL OUT]:	Writing Bytes
[SHELL OUT]:	[Parent:00007ff795b42010] >> Wrtiting [512 bytes(s)->4 block(s)] to LBA[225560(257474560)-225564(257482752)]
[SHELL OUT]:	Closing Disk Interface >> {C:/GitHub/BlockyOS/Build/Build-nodate/disk.img}
[SHELL OUT]:	Root is 000001949f7e9030
[SHELL OUT]:	Writing File Block at 225561, Item: 1.	Root: [1742780011519050388:147156532550678]
[SHELL OUT]:	[Parent:00007ff795b41557] >>  C:/GitHub/BlockyOS/Build/Build-nodate/disk.img  Base: 133120    ConfBlockSize: 2048    Starting Disk Env ID: 
[SHELL OUT]:	Writing Bytes
[SHELL OUT]:	[Parent:00007ff795b41583] >> Wrtiting [2048 bytes(s)->4 block(s)] to LBA[225561(257476608)-225565(257484800)]
[SHELL OUT]:	Closing Disk Interface >> {C:/GitHub/BlockyOS/Build/Build-nodate/disk.img}
[SHELL OUT]:	Writing File Block at 225562, Item: 2.	Root: [1742780011519050388:147156532550678]
[SHELL OUT]:	[Parent:00007ff795b41557] >>  C:/GitHub/BlockyOS/Build/Build-nodate/disk.img  Base: 133120    ConfBlockSize: 2048    Starting Disk Env ID: 
[SHELL OUT]:	Writing Bytes
[SHELL OUT]:	[Parent:00007ff795b41583] >> Wrtiting [2048 bytes(s)->4 block(s)] to LBA[225562(257478656)-225566(257486848)]
[SHELL OUT]:	Closing Disk Interface >> {C:/GitHub/BlockyOS/Build/Build-nodate/disk.img}
[SHELL OUT]:	Writing File Block at 225563, Item: 3.	Root: [1742780011519050388:147156532550678]
[SHELL OUT]:	[Parent:00007ff795b41557] >>  C:/GitHub/BlockyOS/Build/Build-nodate/disk.img  Base: 133120    ConfBlockSize: 2048    Starting Disk Env ID: 
[SHELL OUT]:	Writing Bytes
[SHELL OUT]:	[Parent:00007ff795b41583] >> Wrtiting [2048 bytes(s)->4 block(s)] to LBA[225563(257480704)-225567(257488896)]
[SHELL OUT]:	Closing Disk Interface >> {C:/GitHub/BlockyOS/Build/Build-nodate/disk.img}
[SHELL OUT]:	Writing File Block at 225564, Item: 4.	Root: [1742780011519050388:147156532550678]
[SHELL OUT]:	[Parent:00007ff795b41557] >>  C:/GitHub/BlockyOS/Build/Build-nodate/disk.img  Base: 133120    ConfBlockSize: 2048    Starting Disk Env ID: 
[SHELL OUT]:	Writing Bytes
[SHELL OUT]:	[Parent:00007ff795b41583] >> Wrtiting [2048 bytes(s)->4 block(s)] to LBA[225564(257482752)-225568(257490944)]
[SHELL OUT]:	Closing Disk Interface >> {C:/GitHub/BlockyOS/Build/Build-nodate/disk.img}
[SHELL OUT]:	Writing File Block at 225565, Item: 5.	Root: [1742780011519050388:147156532550678]
[SHELL OUT]:	[Parent:00007ff795b41557] >>  C:/GitHub/BlockyOS/Build/Build-nodate/disk.img  Base: 133120    ConfBlockSize: 2048    Starting Disk Env ID: 
[SHELL OUT]:	Writing Bytes
[SHELL OUT]:	[Parent:00007ff795b41583] >> Wrtiting [2048 bytes(s)->4 block(s)] to LBA[225565(257484800)-225569(257492992)]
[SHELL OUT]:	Closing Disk Interface >> {C:/GitHub/BlockyOS/Build/Build-nodate/disk.img}
[SHELL OUT]:	Writing File Block at 225566, Item: 6.	Root: [1742780011519050388:147156532550678]
[SHELL OUT]:	[Parent:00007ff795b41557] >>  C:/GitHub/BlockyOS/Build/Build-nodate/disk.img  Base: 133120    ConfBlockSize: 2048    Starting Disk Env ID: 
[SHELL OUT]:	Writing Bytes
[SHELL OUT]:	[Parent:00007ff795b41583] >> Wrtiting [2048 bytes(s)->4 block(s)] to LBA[225566(257486848)-225570(257495040)]
[SHELL OUT]:	Closing Disk Interface >> {C:/GitHub/BlockyOS/Build/Build-nodate/disk.img}
[SHELL OUT]:	Writing File Block at 225567, Item: 7.	Root: [1742780011519050388:147156532550678]
[SHELL OUT]:	[Parent:00007ff795b41557] >>  C:/GitHub/BlockyOS/Build/Build-nodate/disk.img  Base: 133120    ConfBlockSize: 2048    Starting Disk Env ID: 
[SHELL OUT]:	Writing Bytes
[SHELL OUT]:	[Parent:00007ff795b41583] >> Wrtiting [2048 bytes(s)->4 block(s)] to LBA[225567(257488896)-225571(257497088)]
[SHELL OUT]:	Closing Disk Interface >> {C:/GitHub/BlockyOS/Build/Build-nodate/disk.img}
[SHELL OUT]:	Writing File Block at 225568, Item: 8.	Root: [1742780011519050388:147156532550678]
[SHELL OUT]:	[Parent:00007ff795b41557] >>  C:/GitHub/BlockyOS/Build/Build-nodate/disk.img  Base: 133120    ConfBlockSize: 2048    Starting Disk Env ID: 
[SHELL OUT]:	Writing Bytes
[SHELL OUT]:	[Parent:00007ff795b41583] >> Wrtiting [2048 bytes(s)->4 block(s)] to LBA[225568(257490944)-225572(257499136)]
[SHELL OUT]:	Closing Disk Interface >> {C:/GitHub/BlockyOS/Build/Build-nodate/disk.img}
[SHELL OUT]:	Writing File Block at 225569, Item: 9.	Root: [1742780011519050388:147156532550678]
[SHELL OUT]:	[Parent:00007ff795b41557] >>  C:/GitHub/BlockyOS/Build/Build-nodate/disk.img  Base: 133120    ConfBlockSize: 2048    Starting Disk Env ID: 
[SHELL OUT]:	Writing Bytes
[SHELL OUT]:	[Parent:00007ff795b41583] >> Wrtiting [2048 bytes(s)->4 block(s)] to LBA[225569(257492992)-225573(257501184)]
[SHELL OUT]:	Closing Disk Interface >> {C:/GitHub/BlockyOS/Build/Build-nodate/disk.img}
[SHELL OUT]:	Writing File Block at 225570, Item: 10.	Root: [1742780011519050388:147156532550678]
[SHELL OUT]:	[Parent:00007ff795b41557] >>  C:/GitHub/BlockyOS/Build/Build-nodate/disk.img  Base: 133120    ConfBlockSize: 2048    Starting Disk Env ID: 
[SHELL OUT]:	Writing Bytes
[SHELL OUT]:	[Parent:00007ff795b41583] >> Wrtiting [2048 bytes(s)->4 block(s)] to LBA[225570(257495040)-225574(257503232)]
[SHELL OUT]:	Closing Disk Interface >> {C:/GitHub/BlockyOS/Build/Build-nodate/disk.img}
[SHELL OUT]:	Writing File Block at 225571, Item: 11.	Root: [1742780011519050388:147156532550678]
[SHELL OUT]:	[Parent:00007ff795b41557] >>  C:/GitHub/BlockyOS/Build/Build-nodate/disk.img  Base: 133120    ConfBlockSize: 2048    Starting Disk Env ID: 
[SHELL OUT]:	Writing Bytes
[SHELL OUT]:	[Parent:00007ff795b41583] >> Wrtiting [2048 bytes(s)->4 block(s)] to LBA[225571(257497088)-225575(257505280)]
[SHELL OUT]:	Closing Disk Interface >> {C:/GitHub/BlockyOS/Build/Build-nodate/disk.img}
[SHELL OUT]:	Writing File Block at 225572, Item: 12.	Root: [1742780011519050388:147156532550678]
[SHELL OUT]:	[Parent:00007ff795b41557] >>  C:/GitHub/BlockyOS/Build/Build-nodate/disk.img  Base: 133120    ConfBlockSize: 2048    Starting Disk Env ID: 
[SHELL OUT]:	Writing Bytes
[SHELL OUT]:	[Parent:00007ff795b41583] >> Wrtiting [2048 bytes(s)->4 block(s)] to LBA[225572(257499136)-225576(257507328)]
[SHELL OUT]:	Closing Disk Interface >> {C:/GitHub/BlockyOS/Build/Build-nodate/disk.img}
[SHELL OUT]:	Writing File Block at 225573, Item: 13.	Root: [1742780011519050388:147156532550678]
[SHELL OUT]:	[Parent:00007ff795b41557] >>  C:/GitHub/BlockyOS/Build/Build-nodate/disk.img  Base: 133120    ConfBlockSize: 2048    Starting Disk Env ID: 
[SHELL OUT]:	Writing Bytes
[SHELL OUT]:	[Parent:00007ff795b41583] >> Wrtiting [2048 bytes(s)->4 block(s)] to LBA[225573(257501184)-225577(257509376)]
[SHELL OUT]:	Closing Disk Interface >> {C:/GitHub/BlockyOS/Build/Build-nodate/disk.img}
[SHELL OUT]:	Writing File Block at 225574, Item: 14.	Root: [1742780011519050388:147156532550678]
[SHELL OUT]:	[Parent:00007ff795b41557] >>  C:/GitHub/BlockyOS/Build/Build-nodate/disk.img  Base: 133120    ConfBlockSize: 2048    Starting Disk Env ID: 
[SHELL OUT]:	Writing Bytes
[SHELL OUT]:	[Parent:00007ff795b41583] >> Wrtiting [2048 bytes(s)->4 block(s)] to LBA[225574(257503232)-225578(257511424)]
[SHELL OUT]:	Closing Disk Interface >> {C:/GitHub/BlockyOS/Build/Build-nodate/disk.img}
[SHELL OUT]:	Writing File Block at 225575, Item: 15.	Root: [1742780011519050388:147156532550678]
[SHELL OUT]:	[Parent:00007ff795b41557] >>  C:/GitHub/BlockyOS/Build/Build-nodate/disk.img  Base: 133120    ConfBlockSize: 2048    Starting Disk Env ID: 
[SHELL OUT]:	Writing Bytes
[SHELL OUT]:	[Parent:00007ff795b41583] >> Wrtiting [2048 bytes(s)->4 block(s)] to LBA[225575(257505280)-225579(257513472)]
[SHELL OUT]:	Closing Disk Interface >> {C:/GitHub/BlockyOS/Build/Build-nodate/disk.img}
[SHELL OUT]:	Writing File Block at 225576, Item: 16.	Root: [1742780011519050388:147156532550678]
[SHELL OUT]:	[Parent:00007ff795b41557] >>  C:/GitHub/BlockyOS/Build/Build-nodate/disk.img  Base: 133120    ConfBlockSize: 2048    Starting Disk Env ID: 
[SHELL OUT]:	Writing Bytes
[SHELL OUT]:	[Parent:00007ff795b41583] >> Wrtiting [2048 bytes(s)->4 block(s)] to LBA[225576(257507328)-225580(257515520)]
[SHELL OUT]:	Closing Disk Interface >> {C:/GitHub/BlockyOS/Build/Build-nodate/disk.img}
[SHELL OUT]:	Writing File Block at 225577, Item: 17.	Root: [1742780011519050388:147156532550678]
[SHELL OUT]:	[Parent:00007ff795b41557] >>  C:/GitHub/BlockyOS/Build/Build-nodate/disk.img  Base: 133120    ConfBlockSize: 2048    Starting Disk Env ID: 
[SHELL OUT]:	Writing Bytes
[SHELL OUT]:	[Parent:00007ff795b41583] >> Wrtiting [2048 bytes(s)->4 block(s)] to LBA[225577(257509376)-225581(257517568)]
[SHELL OUT]:	Closing Disk Interface >> {C:/GitHub/BlockyOS/Build/Build-nodate/disk.img}
[SHELL OUT]:	Writing File Block at 225578, Item: 18.	Root: [1742780011519050388:147156532550678]
[SHELL OUT]:	[Parent:00007ff795b41557] >>  C:/GitHub/BlockyOS/Build/Build-nodate/disk.img  Base: 133120    ConfBlockSize: 2048    Starting Disk Env ID: 
[SHELL OUT]:	Writing Bytes
[SHELL OUT]:	[Parent:00007ff795b41583] >> Wrtiting [2048 bytes(s)->4 block(s)] to LBA[225578(257511424)-225582(257519616)]
[SHELL OUT]:	Closing Disk Interface >> {C:/GitHub/BlockyOS/Build/Build-nodate/disk.img}
[SHELL OUT]:	Writing File Block at 225579, Item: 19.	Root: [1742780011519050388:147156532550678]
[SHELL OUT]:	[Parent:00007ff795b41557] >>  C:/GitHub/BlockyOS/Build/Build-nodate/disk.img  Base: 133120    ConfBlockSize: 2048    Starting Disk Env ID: 
[SHELL OUT]:	Writing Bytes
[SHELL OUT]:	[Parent:00007ff795b41583] >> Wrtiting [2048 bytes(s)->4 block(s)] to LBA[225579(257513472)-225583(257521664)]
[SHELL OUT]:	Closing Disk Interface >> {C:/GitHub/BlockyOS/Build/Build-nodate/disk.img}
[SHELL OUT]:	Writing File Block at 225580, Item: 20.	Root: [1742780011519050388:147156532550678]
[SHELL OUT]:	[Parent:00007ff795b41557] >>  C:/GitHub/BlockyOS/Build/Build-nodate/disk.img  Base: 133120    ConfBlockSize: 2048    Starting Disk Env ID: 
[SHELL OUT]:	Writing Bytes
[SHELL OUT]:	[Parent:00007ff795b41583] >> Wrtiting [2048 bytes(s)->4 block(s)] to LBA[225580(257515520)-225584(257523712)]
[SHELL OUT]:	Closing Disk Interface >> {C:/GitHub/BlockyOS/Build/Build-nodate/disk.img}
[SHELL OUT]:	Writing File Block at 225581, Item: 21.	Root: [1742780011519050388:147156532550678]
[SHELL OUT]:	[Parent:00007ff795b41557] >>  C:/GitHub/BlockyOS/Build/Build-nodate/disk.img  Base: 133120    ConfBlockSize: 2048    Starting Disk Env ID: 
[SHELL OUT]:	Writing Bytes
[SHELL OUT]:	[Parent:00007ff795b41583] >> Wrtiting [2048 bytes(s)->4 block(s)] to LBA[225581(257517568)-225585(257525760)]
[SHELL OUT]:	Closing Disk Interface >> {C:/GitHub/BlockyOS/Build/Build-nodate/disk.img}
[SHELL OUT]:	Writing File Block at 225582, Item: 22.	Root: [1742780011519050388:147156532550678]
[SHELL OUT]:	[Parent:00007ff795b41557] >>  C:/GitHub/BlockyOS/Build/Build-nodate/disk.img  Base: 133120    ConfBlockSize: 2048    Starting Disk Env ID: 
[SHELL OUT]:	Writing Bytes
[SHELL OUT]:	[Parent:00007ff795b41583] >> Wrtiting [2048 bytes(s)->4 block(s)] to LBA[225582(257519616)-225586(257527808)]
[SHELL OUT]:	Closing Disk Interface >> {C:/GitHub/BlockyOS/Build/Build-nodate/disk.img}
[SHELL OUT]:	Writing File Block at 225583, Item: 23.	Root: [1742780011519050388:147156532550678]
[SHELL OUT]:	[Parent:00007ff795b41557] >>  C:/GitHub/BlockyOS/Build/Build-nodate/disk.img  Base: 133120    ConfBlockSize: 2048    Starting Disk Env ID: 
[SHELL OUT]:	Writing Bytes
[SHELL OUT]:	[Parent:00007ff795b41583] >> Wrtiting [2048 bytes(s)->4 block(s)] to LBA[225583(257521664)-225587(257529856)]
[SHELL OUT]:	Closing Disk Interface >> {C:/GitHub/BlockyOS/Build/Build-nodate/disk.img}
[SHELL OUT]:	Writing File Block at 225584, Item: 24.	Root: [1742780011519050388:147156532550678]
[SHELL OUT]:	[Parent:00007ff795b41557] >>  C:/GitHub/BlockyOS/Build/Build-nodate/disk.img  Base: 133120    ConfBlockSize: 2048    Starting Disk Env ID: 
[SHELL OUT]:	Writing Bytes
[SHELL OUT]:	[Parent:00007ff795b41583] >> Wrtiting [2048 bytes(s)->4 block(s)] to LBA[225584(257523712)-225588(257531904)]
[SHELL OUT]:	Closing Disk Interface >> {C:/GitHub/BlockyOS/Build/Build-nodate/disk.img}
[SHELL OUT]:	Reading File Block at 225585, Item: 25.    Root: [1742780011519050388:147156532550678]
[SHELL OUT]:	[Parent:00007ff795b410ba] >>  C:/GitHub/BlockyOS/Build/Build-nodate/disk.img  Base: 133120    ConfBlockSize: 2048    Starting Disk Env ID: 
[SHELL OUT]:	Reading Bytes
[SHELL OUT]:	[Parent:00007ff795b410de] >> Reading [2048 bytes(s)->4 block(s)] from LBA[225585(257525760)-225589(257533952)]
[SHELL OUT]:	Closing Disk Interface >> {C:/GitHub/BlockyOS/Build/Build-nodate/disk.img}
[SHELL OUT]:	Writing File Block at 225585, Item: 25.	Root: [1742780011519050388:147156532550678]
[SHELL OUT]:	[Parent:00007ff795b41557] >>  C:/GitHub/BlockyOS/Build/Build-nodate/disk.img  Base: 133120    ConfBlockSize: 2048    Starting Disk Env ID: 
[SHELL OUT]:	Writing Bytes
[SHELL OUT]:	[Parent:00007ff795b41583] >> Wrtiting [2048 bytes(s)->4 block(s)] to LBA[225585(257525760)-225589(257533952)]
[SHELL OUT]:	Closing Disk Interface >> {C:/GitHub/BlockyOS/Build/Build-nodate/disk.img}
[SHELL OUT]:	[0]: ""
Initializing CGCC.MAKE build process...
Skipping C:\GitHub\BlockyOS\src\kernel\services\IO\IO.c - up to date; source=2026-09-16T16:38:35.5854557Z, stored=09/16/2026 16:38:35
Stale source detected for C:\GitHub\BlockyOS\Build\Build-nodate\root-part\libcrt.dll. source=2026-10-02T17:36:11.4640461Z, stored=10/02/2026 17:24:32, delta=+20218299.464 sec
Compiled and updated timestamp for C:\GitHub\BlockyOS\Build\Build-nodate\root-part\libcrt.dll
Skipping C:\GitHub\BlockyOS\src\kernel\services\IO\IO.def - up to date; source=2026-09-16T21:00:02.8766014Z, stored=09/16/2026 21:00:02
gcc compile/cache/c.IO.o Build/Build-nodate/root-part/libcrt.dll src/kernel/services/IO/IO.def -Wl,-nostdlib -Wl,-shared -Wl,-flinker-output=dyn -Wl,-Bsymbolic -Wl,--out-implib,C:/GitHub/BlockyOS/Build/Build-nodate/root-part/services/IO.dll.a -Wl,-Map,C:\GitHub\BlockyOS\src\kernel\services\IO\alibcrt.map -fdiagnostics-color=always -fno-diagnostics-show-highlight-colors -nostartfiles -nodefaultlibs -fno-asynchronous-unwind-tables -fno-unwind-tables -o C:/GitHub/BlockyOS/Build/Build-nodate/root-part/services/IO.dll
Build finished successfully -> C:/GitHub/BlockyOS/Build/Build-nodate/root-part/services/IO.dll


[SHELL]	FSFRAT.MAKE
[SHELL]	FSFRAT.MOUNT
[SHELL]	e.disk -pp C:/GitHub/BlockyOS/Build/Build-nodate/disk.img -pt ROOT -bs 2048 -lb 32 -v 1:0
[SHELL OUT]:	
[SHELL OUT]:	FSFRAT DRIVER
[SHELL OUT]:	>> 
[SHELL OUT]:	[C:\GitHub\BlockyOS\tools\filesystem\frat.c:196]  >>  Mounting FS Root: [C:/GitHub/BlockyOS/Build/Build-nodate/disk.img]
[SHELL OUT]:	Verifying Disk GPT
[SHELL OUT]:	[Parent:00007ff6692ed8ff] >>  C:/GitHub/BlockyOS/Build/Build-nodate/disk.img  Base: 0    ConfBlockSize: 512    Starting Disk Env ID: 
[SHELL OUT]:	Reading Bytes
[SHELL OUT]:	[Parent:00007ff6692ed91a] >> Reading [92 bytes(s)->1 block(s)] from LBA[1(512)-2(1024)]
[SHELL OUT]:	GPT Dump:
[SHELL OUT]:	    Sig: "EFI PART"
[SHELL OUT]:	    Rev: 65536
[SHELL OUT]:	    Header-Size: 92
[SHELL OUT]:	    Header Checksum: 2621714706
[SHELL OUT]:	    localLBA: 1
[SHELL OUT]:	    altLBA: 2230273
[SHELL OUT]:	    firstUsable: 2048
[SHELL OUT]:	    lastUsable: 2230271
[SHELL OUT]:	    Disk-GUID: 
[SHELL OUT]:	    Partition-Table: 2
[SHELL OUT]:	    # of Partition-Entries: 2
[SHELL OUT]:	    Partition-Entry Size: 128
[SHELL OUT]:	    Partition-Table Checksum: 896708427
[SHELL OUT]:	Closing Disk Interface >> {C:/GitHub/BlockyOS/Build/Build-nodate/disk.img}
[SHELL OUT]:	GPT Exists? true
[SHELL OUT]:	[Parent:00007ff6692eeed9] >>  C:/GitHub/BlockyOS/Build/Build-nodate/disk.img  Base: 0    ConfBlockSize: 512    Starting Disk Env ID: 
[SHELL OUT]:	Reading Bytes
[SHELL OUT]:	[Parent:00007ff6692eeefa] >> Reading [92 bytes(s)->1 block(s)] from LBA[1(512)-2(1024)]
[SHELL OUT]:	[C:\GitHub\BlockyOS\tools\filesystem\frat.c:137]  >>  Querying Part Table
[SHELL OUT]:	Reading Bytes
[SHELL OUT]:	[Parent:00007ff6692ee73d] >> Reading [256 bytes(s)->1 block(s)] from LBA[2(1024)-3(1536)]
[SHELL OUT]:	[C:\GitHub\BlockyOS\tools\filesystem\frat.c:145]  >>  GPT-Entry: BOOT{2048:133119 -> 131071}
[SHELL OUT]:	[C:\GitHub\BlockyOS\tools\filesystem\frat.c:159]  >>  Querying FS at 2048
[SHELL OUT]:	Reading Bytes
[SHELL OUT]:	[Parent:00007ff6692eebe1] >> Reading [60 bytes(s)->1 block(s)] from LBA[2048(1048576)-2049(1049088)]
[SHELL OUT]:	FS-Root Blob:
[SHELL OUT]:	    Version: [0:131072]
[SHELL OUT]:	    Sig: 
[SHELL OUT]:	    Configured Log Sectors: 2
[SHELL OUT]:	    Configured Block Size: 0
[SHELL OUT]:	    Configured Cluster-Map Size: 16711743
[SHELL OUT]:	[C:\GitHub\BlockyOS\tools\filesystem\frat.c:145]  >>  GPT-Entry: ROOT{133120:2230271 -> 2097151}
[SHELL OUT]:	[C:\GitHub\BlockyOS\tools\filesystem\frat.c:159]  >>  Querying FS at 133120
[SHELL OUT]:	Reading Bytes
[SHELL OUT]:	[Parent:00007ff6692eebe1] >> Reading [60 bytes(s)->1 block(s)] from LBA[133120(68157440)-133121(68157952)]
[SHELL OUT]:	FS-Root Blob:
[SHELL OUT]:	    Version: [0:1]
[SHELL OUT]:	    Sig: FRAT_FILESYSTEM
[SHELL OUT]:	    Configured Log Sectors: 32
[SHELL OUT]:	    Configured Block Size: 2048
[SHELL OUT]:	    Configured Cluster-Map Size: 20480
[SHELL OUT]:	[C:\GitHub\BlockyOS\tools\filesystem\frat.c:184]  >>  FS Found at [133120]:
[SHELL OUT]:		Version-Code: [0:1]
[SHELL OUT]:		Configured Block-Size: 2048
[SHELL OUT]:		Configured Cluster-Size: 20480
[SHELL OUT]:		Configured # of Log-Sectors: 32
[SHELL OUT]:		Configured Log-Size: 576
[SHELL OUT]:	[C:\GitHub\BlockyOS\tools\filesystem\frat.c:210]  >>  Found Formatted Partition: 133120:2230271 -> 2097151
[SHELL OUT]:	Reading Bytes
[SHELL OUT]:	[Parent:00007ff6692ef05b] >> Reading [60 bytes(s)->1 block(s)] from LBA[133120(68157440)-133121(68157952)]
[SHELL OUT]:	[C:\GitHub\BlockyOS\tools\filesystem\frat.c:223]  >>  Root: 133120:2230271 -> 2097151 LBAs
[SHELL OUT]:		Version-Code: [0:1]
[SHELL OUT]:		Configured Block-Size: 2048
[SHELL OUT]:		Configured Cluster-Size: 20480
[SHELL OUT]:		Configured # of Log-Sectors: 20480
[SHELL OUT]:		Configured Log-Size: 32
[SHELL OUT]:	Reading Bytes
[SHELL OUT]:	[Parent:00007ff6692ef39f] >> Reading [65536 bytes(s)->128 block(s)] from LBA[133121(68159488)-133249(68421632)]
[SHELL OUT]:	Reading Bytes
[SHELL OUT]:	[Parent:00007ff6692ef44b] >> Reading [20480 bytes(s)->40 block(s)] from LBA[202752(210763776)-202792(210845696)]
[SHELL OUT]:	    Verifying FS Root Items #items: 1024
[SHELL OUT]:	Reading Bytes
[SHELL OUT]:	[Parent:00007ff6692ef6be] >> Reading [512 bytes(s)->4 block(s)] from LBA[225280(256901120)-225284(256909312)]
[SHELL OUT]:	Reading Bytes
[SHELL OUT]:	[Parent:00007ff6692ef6be] >> Reading [512 bytes(s)->4 block(s)] from LBA[225281(256903168)-225285(256911360)]
[SHELL OUT]:	Reading Bytes
[SHELL OUT]:	[Parent:00007ff6692ef6be] >> Reading [512 bytes(s)->4 block(s)] from LBA[225396(257138688)-225400(257146880)]
[SHELL OUT]:	Reading Bytes
[SHELL OUT]:	[Parent:00007ff6692ef6be] >> Reading [512 bytes(s)->4 block(s)] from LBA[225422(257191936)-225426(257200128)]
[SHELL OUT]:	Reading Bytes
[SHELL OUT]:	[Parent:00007ff6692ef6be] >> Reading [512 bytes(s)->4 block(s)] from LBA[225431(257210368)-225435(257218560)]
[SHELL OUT]:	Reading Bytes
[SHELL OUT]:	[Parent:00007ff6692ef6be] >> Reading [512 bytes(s)->4 block(s)] from LBA[225446(257241088)-225450(257249280)]
[SHELL OUT]:	Reading Bytes
[SHELL OUT]:	[Parent:00007ff6692ef6be] >> Reading [512 bytes(s)->4 block(s)] from LBA[225560(257474560)-225564(257482752)]
[SHELL OUT]:	Reading Bytes
[SHELL OUT]:	[Parent:00007ff6692ef6be] >> Reading [512 bytes(s)->4 block(s)] from LBA[225586(257527808)-225590(257536000)]
[SHELL OUT]:	Reading Bytes
[SHELL OUT]:	[Parent:00007ff6692ef6be] >> Reading [512 bytes(s)->4 block(s)] from LBA[225595(257546240)-225599(257554432)]
[SHELL OUT]:	Reading Bytes
[SHELL OUT]:	[Parent:00007ff6692ef6be] >> Reading [512 bytes(s)->4 block(s)] from LBA[225610(257576960)-225614(257585152)]
[SHELL OUT]:	Closing Disk Interface >> {C:/GitHub/BlockyOS/Build/Build-nodate/disk.img}
[SHELL OUT]:	[Parent:00007ff6692f1926] >>  C:/GitHub/BlockyOS/Build/Build-nodate/disk.img  Base: 133120    ConfBlockSize: 2048    Starting Disk Env ID: 
[SHELL OUT]:	Writing Bytes
[SHELL OUT]:	[Parent:00007ff6692f194f] >> Wrtiting [60 bytes(s)->4 block(s)] to LBA[133120(68157440)-133124(68165632)]
[SHELL OUT]:	Writing Bytes
[SHELL OUT]:	[Parent:00007ff6692f1997] >> Wrtiting [20480 bytes(s)->40 block(s)] to LBA[202752(210763776)-202792(210845696)]
[SHELL OUT]:	Closing Disk Interface >> {C:/GitHub/BlockyOS/Build/Build-nodate/disk.img}
[SHELL OUT]:	[0]: ""
[SHELL]	create -la fc -p SYSD/ -n IO.dll
[SHELL OUT]:	
[SHELL OUT]:	>> 
[SHELL OUT]:	>> 
[SHELL OUT]:	000001e401a95ecb:fc	000001e401a95ed1:SYSD/	000001e401a95eda:IO.dll	
[SHELL OUT]:	[	SYSD/IO.dll]
[SHELL OUT]:	Mounting File [SYSD/IO.dll] with "fc"
[SHELL OUT]:	Creating File at: ./SYSD/IO.dll
[SHELL OUT]:	Root is 000001e401a99030
[SHELL OUT]:	Root is 000001e401a99030
[SHELL OUT]:	Un-Mounting File [1742780011519050388:147156532550678]
[SHELL OUT]:	[Parent:00007ff6692f1926] >>  C:/GitHub/BlockyOS/Build/Build-nodate/disk.img  Base: 133120    ConfBlockSize: 2048    Starting Disk Env ID: 
[SHELL OUT]:	Writing Bytes
[SHELL OUT]:	[Parent:00007ff6692f194f] >> Wrtiting [60 bytes(s)->4 block(s)] to LBA[133120(68157440)-133124(68165632)]
[SHELL OUT]:	Writing Bytes
[SHELL OUT]:	[Parent:00007ff6692f1997] >> Wrtiting [20480 bytes(s)->40 block(s)] to LBA[202752(210763776)-202792(210845696)]
[SHELL OUT]:	Closing Disk Interface >> {C:/GitHub/BlockyOS/Build/Build-nodate/disk.img}
[SHELL OUT]:	[0]: ""
[SHELL]	FSFRAT.OPEN
[SHELL]	open -p SYSD/IO.dll -a IO -la f
[SHELL OUT]:	
[SHELL OUT]:	>> 
[SHELL OUT]:	>> 
[SHELL OUT]:	Mounting File [SYSD/IO.dll] with "f"
[SHELL OUT]:	Root is 000001e401a99030
[SHELL OUT]:	[0]: ""
[SHELL]	FSFRAT.WRITE
[SHELL]	fwrite -pp C:/GitHub/BlockyOS/Build/Build-nodate/root-part/services/IO.dll -ia %IO% -p 0 -n 0
[SHELL OUT]:	
[SHELL OUT]:	>> 
[SHELL OUT]:	>> 
[SHELL OUT]:	[Parent:00007ff6692f1f16] >>  C:/GitHub/BlockyOS/Build/Build-nodate/disk.img  Base: 133120    ConfBlockSize: 2048    Starting Disk Env ID: 
[SHELL OUT]:	[Parent:00007ff6692f1e53] >>  C:/GitHub/BlockyOS/Build/Build-nodate/disk.img  Base: 133120    ConfBlockSize: 2048    Starting Disk Env ID: 
[SHELL OUT]:	Reading File Info
[SHELL OUT]:	Reading Bytes
[SHELL OUT]:	[Parent:00007ff6692f1ec2] >> Reading [512 bytes(s)->4 block(s)] from LBA[225560(257474560)-225564(257482752)]
[SHELL OUT]:	Closing Disk Interface >> {C:/GitHub/BlockyOS/Build/Build-nodate/disk.img}
[SHELL OUT]:	Writing Bytes
[SHELL OUT]:	[Parent:00007ff6692f2010] >> Wrtiting [512 bytes(s)->4 block(s)] to LBA[225560(257474560)-225564(257482752)]
[SHELL OUT]:	Closing Disk Interface >> {C:/GitHub/BlockyOS/Build/Build-nodate/disk.img}
[SHELL OUT]:	Root is 000001e401a99030
[SHELL OUT]:	Writing File Block at 225561, Item: 1.	Root: [1742780011519050388:147156532550678]
[SHELL OUT]:	[Parent:00007ff6692f1557] >>  C:/GitHub/BlockyOS/Build/Build-nodate/disk.img  Base: 133120    ConfBlockSize: 2048    Starting Disk Env ID: 
[SHELL OUT]:	Writing Bytes
[SHELL OUT]:	[Parent:00007ff6692f1583] >> Wrtiting [2048 bytes(s)->4 block(s)] to LBA[225561(257476608)-225565(257484800)]
[SHELL OUT]:	Closing Disk Interface >> {C:/GitHub/BlockyOS/Build/Build-nodate/disk.img}
[SHELL OUT]:	Writing File Block at 225562, Item: 2.	Root: [1742780011519050388:147156532550678]
[SHELL OUT]:	[Parent:00007ff6692f1557] >>  C:/GitHub/BlockyOS/Build/Build-nodate/disk.img  Base: 133120    ConfBlockSize: 2048    Starting Disk Env ID: 
[SHELL OUT]:	Writing Bytes
[SHELL OUT]:	[Parent:00007ff6692f1583] >> Wrtiting [2048 bytes(s)->4 block(s)] to LBA[225562(257478656)-225566(257486848)]
[SHELL OUT]:	Closing Disk Interface >> {C:/GitHub/BlockyOS/Build/Build-nodate/disk.img}
[SHELL OUT]:	Writing File Block at 225563, Item: 3.	Root: [1742780011519050388:147156532550678]
[SHELL OUT]:	[Parent:00007ff6692f1557] >>  C:/GitHub/BlockyOS/Build/Build-nodate/disk.img  Base: 133120    ConfBlockSize: 2048    Starting Disk Env ID: 
[SHELL OUT]:	Writing Bytes
[SHELL OUT]:	[Parent:00007ff6692f1583] >> Wrtiting [2048 bytes(s)->4 block(s)] to LBA[225563(257480704)-225567(257488896)]
[SHELL OUT]:	Closing Disk Interface >> {C:/GitHub/BlockyOS/Build/Build-nodate/disk.img}
[SHELL OUT]:	Writing File Block at 225564, Item: 4.	Root: [1742780011519050388:147156532550678]
[SHELL OUT]:	[Parent:00007ff6692f1557] >>  C:/GitHub/BlockyOS/Build/Build-nodate/disk.img  Base: 133120    ConfBlockSize: 2048    Starting Disk Env ID: 
[SHELL OUT]:	Writing Bytes
[SHELL OUT]:	[Parent:00007ff6692f1583] >> Wrtiting [2048 bytes(s)->4 block(s)] to LBA[225564(257482752)-225568(257490944)]
[SHELL OUT]:	Closing Disk Interface >> {C:/GitHub/BlockyOS/Build/Build-nodate/disk.img}
[SHELL OUT]:	Writing File Block at 225565, Item: 5.	Root: [1742780011519050388:147156532550678]
[SHELL OUT]:	[Parent:00007ff6692f1557] >>  C:/GitHub/BlockyOS/Build/Build-nodate/disk.img  Base: 133120    ConfBlockSize: 2048    Starting Disk Env ID: 
[SHELL OUT]:	Writing Bytes
[SHELL OUT]:	[Parent:00007ff6692f1583] >> Wrtiting [2048 bytes(s)->4 block(s)] to LBA[225565(257484800)-225569(257492992)]
[SHELL OUT]:	Closing Disk Interface >> {C:/GitHub/BlockyOS/Build/Build-nodate/disk.img}
[SHELL OUT]:	Writing File Block at 225566, Item: 6.	Root: [1742780011519050388:147156532550678]
[SHELL OUT]:	[Parent:00007ff6692f1557] >>  C:/GitHub/BlockyOS/Build/Build-nodate/disk.img  Base: 133120    ConfBlockSize: 2048    Starting Disk Env ID: 
[SHELL OUT]:	Writing Bytes
[SHELL OUT]:	[Parent:00007ff6692f1583] >> Wrtiting [2048 bytes(s)->4 block(s)] to LBA[225566(257486848)-225570(257495040)]
[SHELL OUT]:	Closing Disk Interface >> {C:/GitHub/BlockyOS/Build/Build-nodate/disk.img}
[SHELL OUT]:	Writing File Block at 225567, Item: 7.	Root: [1742780011519050388:147156532550678]
[SHELL OUT]:	[Parent:00007ff6692f1557] >>  C:/GitHub/BlockyOS/Build/Build-nodate/disk.img  Base: 133120    ConfBlockSize: 2048    Starting Disk Env ID: 
[SHELL OUT]:	Writing Bytes
[SHELL OUT]:	[Parent:00007ff6692f1583] >> Wrtiting [2048 bytes(s)->4 block(s)] to LBA[225567(257488896)-225571(257497088)]
[SHELL OUT]:	Closing Disk Interface >> {C:/GitHub/BlockyOS/Build/Build-nodate/disk.img}
[SHELL OUT]:	Writing File Block at 225568, Item: 8.	Root: [1742780011519050388:147156532550678]
[SHELL OUT]:	[Parent:00007ff6692f1557] >>  C:/GitHub/BlockyOS/Build/Build-nodate/disk.img  Base: 133120    ConfBlockSize: 2048    Starting Disk Env ID: 
[SHELL OUT]:	Writing Bytes
[SHELL OUT]:	[Parent:00007ff6692f1583] >> Wrtiting [2048 bytes(s)->4 block(s)] to LBA[225568(257490944)-225572(257499136)]
[SHELL OUT]:	Closing Disk Interface >> {C:/GitHub/BlockyOS/Build/Build-nodate/disk.img}
[SHELL OUT]:	Writing File Block at 225569, Item: 9.	Root: [1742780011519050388:147156532550678]
[SHELL OUT]:	[Parent:00007ff6692f1557] >>  C:/GitHub/BlockyOS/Build/Build-nodate/disk.img  Base: 133120    ConfBlockSize: 2048    Starting Disk Env ID: 
[SHELL OUT]:	Writing Bytes
[SHELL OUT]:	[Parent:00007ff6692f1583] >> Wrtiting [2048 bytes(s)->4 block(s)] to LBA[225569(257492992)-225573(257501184)]
[SHELL OUT]:	Closing Disk Interface >> {C:/GitHub/BlockyOS/Build/Build-nodate/disk.img}
[SHELL OUT]:	Writing File Block at 225570, Item: 10.	Root: [1742780011519050388:147156532550678]
[SHELL OUT]:	[Parent:00007ff6692f1557] >>  C:/GitHub/BlockyOS/Build/Build-nodate/disk.img  Base: 133120    ConfBlockSize: 2048    Starting Disk Env ID: 
[SHELL OUT]:	Writing Bytes
[SHELL OUT]:	[Parent:00007ff6692f1583] >> Wrtiting [2048 bytes(s)->4 block(s)] to LBA[225570(257495040)-225574(257503232)]
[SHELL OUT]:	Closing Disk Interface >> {C:/GitHub/BlockyOS/Build/Build-nodate/disk.img}
[SHELL OUT]:	Writing File Block at 225571, Item: 11.	Root: [1742780011519050388:147156532550678]
[SHELL OUT]:	[Parent:00007ff6692f1557] >>  C:/GitHub/BlockyOS/Build/Build-nodate/disk.img  Base: 133120    ConfBlockSize: 2048    Starting Disk Env ID: 
[SHELL OUT]:	Writing Bytes
[SHELL OUT]:	[Parent:00007ff6692f1583] >> Wrtiting [2048 bytes(s)->4 block(s)] to LBA[225571(257497088)-225575(257505280)]
[SHELL OUT]:	Closing Disk Interface >> {C:/GitHub/BlockyOS/Build/Build-nodate/disk.img}
[SHELL OUT]:	Writing File Block at 225572, Item: 12.	Root: [1742780011519050388:147156532550678]
[SHELL OUT]:	[Parent:00007ff6692f1557] >>  C:/GitHub/BlockyOS/Build/Build-nodate/disk.img  Base: 133120    ConfBlockSize: 2048    Starting Disk Env ID: 
[SHELL OUT]:	Writing Bytes
[SHELL OUT]:	[Parent:00007ff6692f1583] >> Wrtiting [2048 bytes(s)->4 block(s)] to LBA[225572(257499136)-225576(257507328)]
[SHELL OUT]:	Closing Disk Interface >> {C:/GitHub/BlockyOS/Build/Build-nodate/disk.img}
[SHELL OUT]:	Writing File Block at 225573, Item: 13.	Root: [1742780011519050388:147156532550678]
[SHELL OUT]:	[Parent:00007ff6692f1557] >>  C:/GitHub/BlockyOS/Build/Build-nodate/disk.img  Base: 133120    ConfBlockSize: 2048    Starting Disk Env ID: 
[SHELL OUT]:	Writing Bytes
[SHELL OUT]:	[Parent:00007ff6692f1583] >> Wrtiting [2048 bytes(s)->4 block(s)] to LBA[225573(257501184)-225577(257509376)]
[SHELL OUT]:	Closing Disk Interface >> {C:/GitHub/BlockyOS/Build/Build-nodate/disk.img}
[SHELL OUT]:	Writing File Block at 225574, Item: 14.	Root: [1742780011519050388:147156532550678]
[SHELL OUT]:	[Parent:00007ff6692f1557] >>  C:/GitHub/BlockyOS/Build/Build-nodate/disk.img  Base: 133120    ConfBlockSize: 2048    Starting Disk Env ID: 
[SHELL OUT]:	Writing Bytes
[SHELL OUT]:	[Parent:00007ff6692f1583] >> Wrtiting [2048 bytes(s)->4 block(s)] to LBA[225574(257503232)-225578(257511424)]
[SHELL OUT]:	Closing Disk Interface >> {C:/GitHub/BlockyOS/Build/Build-nodate/disk.img}
[SHELL OUT]:	Writing File Block at 225575, Item: 15.	Root: [1742780011519050388:147156532550678]
[SHELL OUT]:	[Parent:00007ff6692f1557] >>  C:/GitHub/BlockyOS/Build/Build-nodate/disk.img  Base: 133120    ConfBlockSize: 2048    Starting Disk Env ID: 
[SHELL OUT]:	Writing Bytes
[SHELL OUT]:	[Parent:00007ff6692f1583] >> Wrtiting [2048 bytes(s)->4 block(s)] to LBA[225575(257505280)-225579(257513472)]
[SHELL OUT]:	Closing Disk Interface >> {C:/GitHub/BlockyOS/Build/Build-nodate/disk.img}
[SHELL OUT]:	Writing File Block at 225576, Item: 16.	Root: [1742780011519050388:147156532550678]
[SHELL OUT]:	[Parent:00007ff6692f1557] >>  C:/GitHub/BlockyOS/Build/Build-nodate/disk.img  Base: 133120    ConfBlockSize: 2048    Starting Disk Env ID: 
[SHELL OUT]:	Writing Bytes
[SHELL OUT]:	[Parent:00007ff6692f1583] >> Wrtiting [2048 bytes(s)->4 block(s)] to LBA[225576(257507328)-225580(257515520)]
[SHELL OUT]:	Closing Disk Interface >> {C:/GitHub/BlockyOS/Build/Build-nodate/disk.img}
[SHELL OUT]:	Writing File Block at 225577, Item: 17.	Root: [1742780011519050388:147156532550678]
[SHELL OUT]:	[Parent:00007ff6692f1557] >>  C:/GitHub/BlockyOS/Build/Build-nodate/disk.img  Base: 133120    ConfBlockSize: 2048    Starting Disk Env ID: 
[SHELL OUT]:	Writing Bytes
[SHELL OUT]:	[Parent:00007ff6692f1583] >> Wrtiting [2048 bytes(s)->4 block(s)] to LBA[225577(257509376)-225581(257517568)]
[SHELL OUT]:	Closing Disk Interface >> {C:/GitHub/BlockyOS/Build/Build-nodate/disk.img}
[SHELL OUT]:	Writing File Block at 225578, Item: 18.	Root: [1742780011519050388:147156532550678]
[SHELL OUT]:	[Parent:00007ff6692f1557] >>  C:/GitHub/BlockyOS/Build/Build-nodate/disk.img  Base: 133120    ConfBlockSize: 2048    Starting Disk Env ID: 
[SHELL OUT]:	Writing Bytes
[SHELL OUT]:	[Parent:00007ff6692f1583] >> Wrtiting [2048 bytes(s)->4 block(s)] to LBA[225578(257511424)-225582(257519616)]
[SHELL OUT]:	Closing Disk Interface >> {C:/GitHub/BlockyOS/Build/Build-nodate/disk.img}
[SHELL OUT]:	Writing File Block at 225579, Item: 19.	Root: [1742780011519050388:147156532550678]
[SHELL OUT]:	[Parent:00007ff6692f1557] >>  C:/GitHub/BlockyOS/Build/Build-nodate/disk.img  Base: 133120    ConfBlockSize: 2048    Starting Disk Env ID: 
[SHELL OUT]:	Writing Bytes
[SHELL OUT]:	[Parent:00007ff6692f1583] >> Wrtiting [2048 bytes(s)->4 block(s)] to LBA[225579(257513472)-225583(257521664)]
[SHELL OUT]:	Closing Disk Interface >> {C:/GitHub/BlockyOS/Build/Build-nodate/disk.img}
[SHELL OUT]:	Writing File Block at 225580, Item: 20.	Root: [1742780011519050388:147156532550678]
[SHELL OUT]:	[Parent:00007ff6692f1557] >>  C:/GitHub/BlockyOS/Build/Build-nodate/disk.img  Base: 133120    ConfBlockSize: 2048    Starting Disk Env ID: 
[SHELL OUT]:	Writing Bytes
[SHELL OUT]:	[Parent:00007ff6692f1583] >> Wrtiting [2048 bytes(s)->4 block(s)] to LBA[225580(257515520)-225584(257523712)]
[SHELL OUT]:	Closing Disk Interface >> {C:/GitHub/BlockyOS/Build/Build-nodate/disk.img}
[SHELL OUT]:	Writing File Block at 225581, Item: 21.	Root: [1742780011519050388:147156532550678]
[SHELL OUT]:	[Parent:00007ff6692f1557] >>  C:/GitHub/BlockyOS/Build/Build-nodate/disk.img  Base: 133120    ConfBlockSize: 2048    Starting Disk Env ID: 
[SHELL OUT]:	Writing Bytes
[SHELL OUT]:	[Parent:00007ff6692f1583] >> Wrtiting [2048 bytes(s)->4 block(s)] to LBA[225581(257517568)-225585(257525760)]
[SHELL OUT]:	Closing Disk Interface >> {C:/GitHub/BlockyOS/Build/Build-nodate/disk.img}
[SHELL OUT]:	Writing File Block at 225582, Item: 22.	Root: [1742780011519050388:147156532550678]
[SHELL OUT]:	[Parent:00007ff6692f1557] >>  C:/GitHub/BlockyOS/Build/Build-nodate/disk.img  Base: 133120    ConfBlockSize: 2048    Starting Disk Env ID: 
[SHELL OUT]:	Writing Bytes
[SHELL OUT]:	[Parent:00007ff6692f1583] >> Wrtiting [2048 bytes(s)->4 block(s)] to LBA[225582(257519616)-225586(257527808)]
[SHELL OUT]:	Closing Disk Interface >> {C:/GitHub/BlockyOS/Build/Build-nodate/disk.img}
[SHELL OUT]:	Writing File Block at 225583, Item: 23.	Root: [1742780011519050388:147156532550678]
[SHELL OUT]:	[Parent:00007ff6692f1557] >>  C:/GitHub/BlockyOS/Build/Build-nodate/disk.img  Base: 133120    ConfBlockSize: 2048    Starting Disk Env ID: 
[SHELL OUT]:	Writing Bytes
[SHELL OUT]:	[Parent:00007ff6692f1583] >> Wrtiting [2048 bytes(s)->4 block(s)] to LBA[225583(257521664)-225587(257529856)]
[SHELL OUT]:	Closing Disk Interface >> {C:/GitHub/BlockyOS/Build/Build-nodate/disk.img}
[SHELL OUT]:	Writing File Block at 225584, Item: 24.	Root: [1742780011519050388:147156532550678]
[SHELL OUT]:	[Parent:00007ff6692f1557] >>  C:/GitHub/BlockyOS/Build/Build-nodate/disk.img  Base: 133120    ConfBlockSize: 2048    Starting Disk Env ID: 
[SHELL OUT]:	Writing Bytes
[SHELL OUT]:	[Parent:00007ff6692f1583] >> Wrtiting [2048 bytes(s)->4 block(s)] to LBA[225584(257523712)-225588(257531904)]
[SHELL OUT]:	Closing Disk Interface >> {C:/GitHub/BlockyOS/Build/Build-nodate/disk.img}
[SHELL OUT]:	Reading File Block at 225585, Item: 25.    Root: [1742780011519050388:147156532550678]
[SHELL OUT]:	[Parent:00007ff6692f10ba] >>  C:/GitHub/BlockyOS/Build/Build-nodate/disk.img  Base: 133120    ConfBlockSize: 2048    Starting Disk Env ID: 
[SHELL OUT]:	Reading Bytes
[SHELL OUT]:	[Parent:00007ff6692f10de] >> Reading [2048 bytes(s)->4 block(s)] from LBA[225585(257525760)-225589(257533952)]
[SHELL OUT]:	Closing Disk Interface >> {C:/GitHub/BlockyOS/Build/Build-nodate/disk.img}
[SHELL OUT]:	Writing File Block at 225585, Item: 25.	Root: [1742780011519050388:147156532550678]
[SHELL OUT]:	[Parent:00007ff6692f1557] >>  C:/GitHub/BlockyOS/Build/Build-nodate/disk.img  Base: 133120    ConfBlockSize: 2048    Starting Disk Env ID: 
[SHELL OUT]:	Writing Bytes
[SHELL OUT]:	[Parent:00007ff6692f1583] >> Wrtiting [2048 bytes(s)->4 block(s)] to LBA[225585(257525760)-225589(257533952)]
[SHELL OUT]:	Closing Disk Interface >> {C:/GitHub/BlockyOS/Build/Build-nodate/disk.img}
[SHELL OUT]:	[0]: ""
Initializing CGCC.MAKE build process...
Skipping C:\GitHub\BlockyOS\src\kernel\services\IO\IO.c - up to date; source=2026-09-16T16:38:35.5854557Z, stored=09/16/2026 16:38:35
Stale source detected for C:\GitHub\BlockyOS\Build\Build-nodate\root-part\libcrt.dll. source=2026-10-02T17:44:30.8401339Z, stored=10/02/2026 17:36:11, delta=+20218099.840 sec
Compiled and updated timestamp for C:\GitHub\BlockyOS\Build\Build-nodate\root-part\libcrt.dll
Skipping C:\GitHub\BlockyOS\src\kernel\services\IO\IO.def - up to date; source=2026-09-16T21:00:02.8766014Z, stored=09/16/2026 21:00:02
gcc compile/cache/c.IO.o Build/Build-nodate/root-part/libcrt.dll src/kernel/services/IO/IO.def -Wl,-nostdlib -Wl,-shared -Wl,-flinker-output=dyn -Wl,-Bsymbolic -Wl,--out-implib,C:/GitHub/BlockyOS/Build/Build-nodate/root-part/services/IO.dll.a -Wl,-Map,C:\GitHub\BlockyOS\src\kernel\services\IO\alibcrt.map -fdiagnostics-color=always -fno-diagnostics-show-highlight-colors -nostartfiles -nodefaultlibs -fno-asynchronous-unwind-tables -fno-unwind-tables -o C:/GitHub/BlockyOS/Build/Build-nodate/root-part/services/IO.dll
Build finished successfully -> C:/GitHub/BlockyOS/Build/Build-nodate/root-part/services/IO.dll


[SHELL]	FSFRAT.MAKE
[SHELL]	FSFRAT.MOUNT
[SHELL]	e.disk -pp C:/GitHub/BlockyOS/Build/Build-nodate/disk.img -pt ROOT -bs 2048 -lb 32 -v 1:0
[SHELL OUT]:	
[SHELL OUT]:	FSFRAT DRIVER
[SHELL OUT]:	>> 
[SHELL OUT]:	[C:\GitHub\BlockyOS\tools\filesystem\frat.c:196]  >>  Mounting FS Root: [C:/GitHub/BlockyOS/Build/Build-nodate/disk.img]
[SHELL OUT]:	Verifying Disk GPT
[SHELL OUT]:	[Parent:00007ff6692ed8ff] >>  C:/GitHub/BlockyOS/Build/Build-nodate/disk.img  Base: 0    ConfBlockSize: 512    Starting Disk Env ID: 
[SHELL OUT]:	Reading Bytes
[SHELL OUT]:	[Parent:00007ff6692ed91a] >> Reading [92 bytes(s)->1 block(s)] from LBA[1(512)-2(1024)]
[SHELL OUT]:	GPT Dump:
[SHELL OUT]:	    Sig: "EFI PART"
[SHELL OUT]:	    Rev: 65536
[SHELL OUT]:	    Header-Size: 92
[SHELL OUT]:	    Header Checksum: 2621714706
[SHELL OUT]:	    localLBA: 1
[SHELL OUT]:	    altLBA: 2230273
[SHELL OUT]:	    firstUsable: 2048
[SHELL OUT]:	    lastUsable: 2230271
[SHELL OUT]:	    Disk-GUID: 
[SHELL OUT]:	    Partition-Table: 2
[SHELL OUT]:	    # of Partition-Entries: 2
[SHELL OUT]:	    Partition-Entry Size: 128
[SHELL OUT]:	    Partition-Table Checksum: 896708427
[SHELL OUT]:	Closing Disk Interface >> {C:/GitHub/BlockyOS/Build/Build-nodate/disk.img}
[SHELL OUT]:	GPT Exists? true
[SHELL OUT]:	[Parent:00007ff6692eeed9] >>  C:/GitHub/BlockyOS/Build/Build-nodate/disk.img  Base: 0    ConfBlockSize: 512    Starting Disk Env ID: 
[SHELL OUT]:	Reading Bytes
[SHELL OUT]:	[Parent:00007ff6692eeefa] >> Reading [92 bytes(s)->1 block(s)] from LBA[1(512)-2(1024)]
[SHELL OUT]:	[C:\GitHub\BlockyOS\tools\filesystem\frat.c:137]  >>  Querying Part Table
[SHELL OUT]:	Reading Bytes
[SHELL OUT]:	[Parent:00007ff6692ee73d] >> Reading [256 bytes(s)->1 block(s)] from LBA[2(1024)-3(1536)]
[SHELL OUT]:	[C:\GitHub\BlockyOS\tools\filesystem\frat.c:145]  >>  GPT-Entry: BOOT{2048:133119 -> 131071}
[SHELL OUT]:	[C:\GitHub\BlockyOS\tools\filesystem\frat.c:159]  >>  Querying FS at 2048
[SHELL OUT]:	Reading Bytes
[SHELL OUT]:	[Parent:00007ff6692eebe1] >> Reading [60 bytes(s)->1 block(s)] from LBA[2048(1048576)-2049(1049088)]
[SHELL OUT]:	FS-Root Blob:
[SHELL OUT]:	    Version: [0:131072]
[SHELL OUT]:	    Sig: 
[SHELL OUT]:	    Configured Log Sectors: 2
[SHELL OUT]:	    Configured Block Size: 0
[SHELL OUT]:	    Configured Cluster-Map Size: 16711743
[SHELL OUT]:	[C:\GitHub\BlockyOS\tools\filesystem\frat.c:145]  >>  GPT-Entry: ROOT{133120:2230271 -> 2097151}
[SHELL OUT]:	[C:\GitHub\BlockyOS\tools\filesystem\frat.c:159]  >>  Querying FS at 133120
[SHELL OUT]:	Reading Bytes
[SHELL OUT]:	[Parent:00007ff6692eebe1] >> Reading [60 bytes(s)->1 block(s)] from LBA[133120(68157440)-133121(68157952)]
[SHELL OUT]:	FS-Root Blob:
[SHELL OUT]:	    Version: [0:1]
[SHELL OUT]:	    Sig: FRAT_FILESYSTEM
[SHELL OUT]:	    Configured Log Sectors: 32
[SHELL OUT]:	    Configured Block Size: 2048
[SHELL OUT]:	    Configured Cluster-Map Size: 20480
[SHELL OUT]:	[C:\GitHub\BlockyOS\tools\filesystem\frat.c:184]  >>  FS Found at [133120]:
[SHELL OUT]:		Version-Code: [0:1]
[SHELL OUT]:		Configured Block-Size: 2048
[SHELL OUT]:		Configured Cluster-Size: 20480
[SHELL OUT]:		Configured # of Log-Sectors: 32
[SHELL OUT]:		Configured Log-Size: 576
[SHELL OUT]:	[C:\GitHub\BlockyOS\tools\filesystem\frat.c:210]  >>  Found Formatted Partition: 133120:2230271 -> 2097151
[SHELL OUT]:	Reading Bytes
[SHELL OUT]:	[Parent:00007ff6692ef05b] >> Reading [60 bytes(s)->1 block(s)] from LBA[133120(68157440)-133121(68157952)]
[SHELL OUT]:	[C:\GitHub\BlockyOS\tools\filesystem\frat.c:223]  >>  Root: 133120:2230271 -> 2097151 LBAs
[SHELL OUT]:		Version-Code: [0:1]
[SHELL OUT]:		Configured Block-Size: 2048
[SHELL OUT]:		Configured Cluster-Size: 20480
[SHELL OUT]:		Configured # of Log-Sectors: 20480
[SHELL OUT]:		Configured Log-Size: 32
[SHELL OUT]:	Reading Bytes
[SHELL OUT]:	[Parent:00007ff6692ef39f] >> Reading [65536 bytes(s)->128 block(s)] from LBA[133121(68159488)-133249(68421632)]
[SHELL OUT]:	Reading Bytes
[SHELL OUT]:	[Parent:00007ff6692ef44b] >> Reading [20480 bytes(s)->40 block(s)] from LBA[202752(210763776)-202792(210845696)]
[SHELL OUT]:	    Verifying FS Root Items #items: 1024
[SHELL OUT]:	Reading Bytes
[SHELL OUT]:	[Parent:00007ff6692ef6be] >> Reading [512 bytes(s)->4 block(s)] from LBA[225280(256901120)-225284(256909312)]
[SHELL OUT]:	Reading Bytes
[SHELL OUT]:	[Parent:00007ff6692ef6be] >> Reading [512 bytes(s)->4 block(s)] from LBA[225281(256903168)-225285(256911360)]
[SHELL OUT]:	Reading Bytes
[SHELL OUT]:	[Parent:00007ff6692ef6be] >> Reading [512 bytes(s)->4 block(s)] from LBA[225396(257138688)-225400(257146880)]
[SHELL OUT]:	Reading Bytes
[SHELL OUT]:	[Parent:00007ff6692ef6be] >> Reading [512 bytes(s)->4 block(s)] from LBA[225422(257191936)-225426(257200128)]
[SHELL OUT]:	Reading Bytes
[SHELL OUT]:	[Parent:00007ff6692ef6be] >> Reading [512 bytes(s)->4 block(s)] from LBA[225431(257210368)-225435(257218560)]
[SHELL OUT]:	Reading Bytes
[SHELL OUT]:	[Parent:00007ff6692ef6be] >> Reading [512 bytes(s)->4 block(s)] from LBA[225446(257241088)-225450(257249280)]
[SHELL OUT]:	Reading Bytes
[SHELL OUT]:	[Parent:00007ff6692ef6be] >> Reading [512 bytes(s)->4 block(s)] from LBA[225560(257474560)-225564(257482752)]
[SHELL OUT]:	Reading Bytes
[SHELL OUT]:	[Parent:00007ff6692ef6be] >> Reading [512 bytes(s)->4 block(s)] from LBA[225586(257527808)-225590(257536000)]
[SHELL OUT]:	Reading Bytes
[SHELL OUT]:	[Parent:00007ff6692ef6be] >> Reading [512 bytes(s)->4 block(s)] from LBA[225595(257546240)-225599(257554432)]
[SHELL OUT]:	Reading Bytes
[SHELL OUT]:	[Parent:00007ff6692ef6be] >> Reading [512 bytes(s)->4 block(s)] from LBA[225610(257576960)-225614(257585152)]
[SHELL OUT]:	Closing Disk Interface >> {C:/GitHub/BlockyOS/Build/Build-nodate/disk.img}
[SHELL OUT]:	[Parent:00007ff6692f1926] >>  C:/GitHub/BlockyOS/Build/Build-nodate/disk.img  Base: 133120    ConfBlockSize: 2048    Starting Disk Env ID: 
[SHELL OUT]:	Writing Bytes
[SHELL OUT]:	[Parent:00007ff6692f194f] >> Wrtiting [60 bytes(s)->4 block(s)] to LBA[133120(68157440)-133124(68165632)]
[SHELL OUT]:	Writing Bytes
[SHELL OUT]:	[Parent:00007ff6692f1997] >> Wrtiting [20480 bytes(s)->40 block(s)] to LBA[202752(210763776)-202792(210845696)]
[SHELL OUT]:	Closing Disk Interface >> {C:/GitHub/BlockyOS/Build/Build-nodate/disk.img}
[SHELL OUT]:	[0]: ""
[SHELL]	create -la fc -p SYSD/ -n IO.dll
[SHELL OUT]:	
[SHELL OUT]:	>> 
[SHELL OUT]:	>> 
[SHELL OUT]:	0000026c0cd45ecb:fc	0000026c0cd45ed1:SYSD/	0000026c0cd45eda:IO.dll	
[SHELL OUT]:	[	SYSD/IO.dll]
[SHELL OUT]:	Mounting File [SYSD/IO.dll] with "fc"
[SHELL OUT]:	Creating File at: ./SYSD/IO.dll
[SHELL OUT]:	Root is 0000026c0cd49030
[SHELL OUT]:	Root is 0000026c0cd49030
[SHELL OUT]:	Un-Mounting File [1742780011519050388:147156532550678]
[SHELL OUT]:	[Parent:00007ff6692f1926] >>  C:/GitHub/BlockyOS/Build/Build-nodate/disk.img  Base: 133120    ConfBlockSize: 2048    Starting Disk Env ID: 
[SHELL OUT]:	Writing Bytes
[SHELL OUT]:	[Parent:00007ff6692f194f] >> Wrtiting [60 bytes(s)->4 block(s)] to LBA[133120(68157440)-133124(68165632)]
[SHELL OUT]:	Writing Bytes
[SHELL OUT]:	[Parent:00007ff6692f1997] >> Wrtiting [20480 bytes(s)->40 block(s)] to LBA[202752(210763776)-202792(210845696)]
[SHELL OUT]:	Closing Disk Interface >> {C:/GitHub/BlockyOS/Build/Build-nodate/disk.img}
[SHELL OUT]:	[0]: ""
[SHELL]	FSFRAT.OPEN
[SHELL]	open -p SYSD/IO.dll -a IO -la f
[SHELL OUT]:	
[SHELL OUT]:	>> 
[SHELL OUT]:	>> 
[SHELL OUT]:	Mounting File [SYSD/IO.dll] with "f"
[SHELL OUT]:	Root is 0000026c0cd49030
[SHELL OUT]:	[0]: ""
[SHELL]	FSFRAT.WRITE
[SHELL]	fwrite -pp C:/GitHub/BlockyOS/Build/Build-nodate/root-part/services/IO.dll -ia %IO% -p 0 -n 0
[SHELL OUT]:	
[SHELL OUT]:	>> 
[SHELL OUT]:	>> 
[SHELL OUT]:	[Parent:00007ff6692f1f16] >>  C:/GitHub/BlockyOS/Build/Build-nodate/disk.img  Base: 133120    ConfBlockSize: 2048    Starting Disk Env ID: 
[SHELL OUT]:	[Parent:00007ff6692f1e53] >>  C:/GitHub/BlockyOS/Build/Build-nodate/disk.img  Base: 133120    ConfBlockSize: 2048    Starting Disk Env ID: 
[SHELL OUT]:	Reading File Info
[SHELL OUT]:	Reading Bytes
[SHELL OUT]:	[Parent:00007ff6692f1ec2] >> Reading [512 bytes(s)->4 block(s)] from LBA[225560(257474560)-225564(257482752)]
[SHELL OUT]:	Closing Disk Interface >> {C:/GitHub/BlockyOS/Build/Build-nodate/disk.img}
[SHELL OUT]:	Writing Bytes
[SHELL OUT]:	[Parent:00007ff6692f2010] >> Wrtiting [512 bytes(s)->4 block(s)] to LBA[225560(257474560)-225564(257482752)]
[SHELL OUT]:	Closing Disk Interface >> {C:/GitHub/BlockyOS/Build/Build-nodate/disk.img}
[SHELL OUT]:	Root is 0000026c0cd49030
[SHELL OUT]:	Writing File Block at 225561, Item: 1.	Root: [1742780011519050388:147156532550678]
[SHELL OUT]:	[Parent:00007ff6692f1557] >>  C:/GitHub/BlockyOS/Build/Build-nodate/disk.img  Base: 133120    ConfBlockSize: 2048    Starting Disk Env ID: 
[SHELL OUT]:	Writing Bytes
[SHELL OUT]:	[Parent:00007ff6692f1583] >> Wrtiting [2048 bytes(s)->4 block(s)] to LBA[225561(257476608)-225565(257484800)]
[SHELL OUT]:	Closing Disk Interface >> {C:/GitHub/BlockyOS/Build/Build-nodate/disk.img}
[SHELL OUT]:	Writing File Block at 225562, Item: 2.	Root: [1742780011519050388:147156532550678]
[SHELL OUT]:	[Parent:00007ff6692f1557] >>  C:/GitHub/BlockyOS/Build/Build-nodate/disk.img  Base: 133120    ConfBlockSize: 2048    Starting Disk Env ID: 
[SHELL OUT]:	Writing Bytes
[SHELL OUT]:	[Parent:00007ff6692f1583] >> Wrtiting [2048 bytes(s)->4 block(s)] to LBA[225562(257478656)-225566(257486848)]
[SHELL OUT]:	Closing Disk Interface >> {C:/GitHub/BlockyOS/Build/Build-nodate/disk.img}
[SHELL OUT]:	Writing File Block at 225563, Item: 3.	Root: [1742780011519050388:147156532550678]
[SHELL OUT]:	[Parent:00007ff6692f1557] >>  C:/GitHub/BlockyOS/Build/Build-nodate/disk.img  Base: 133120    ConfBlockSize: 2048    Starting Disk Env ID: 
[SHELL OUT]:	Writing Bytes
[SHELL OUT]:	[Parent:00007ff6692f1583] >> Wrtiting [2048 bytes(s)->4 block(s)] to LBA[225563(257480704)-225567(257488896)]
[SHELL OUT]:	Closing Disk Interface >> {C:/GitHub/BlockyOS/Build/Build-nodate/disk.img}
[SHELL OUT]:	Writing File Block at 225564, Item: 4.	Root: [1742780011519050388:147156532550678]
[SHELL OUT]:	[Parent:00007ff6692f1557] >>  C:/GitHub/BlockyOS/Build/Build-nodate/disk.img  Base: 133120    ConfBlockSize: 2048    Starting Disk Env ID: 
[SHELL OUT]:	Writing Bytes
[SHELL OUT]:	[Parent:00007ff6692f1583] >> Wrtiting [2048 bytes(s)->4 block(s)] to LBA[225564(257482752)-225568(257490944)]
[SHELL OUT]:	Closing Disk Interface >> {C:/GitHub/BlockyOS/Build/Build-nodate/disk.img}
[SHELL OUT]:	Writing File Block at 225565, Item: 5.	Root: [1742780011519050388:147156532550678]
[SHELL OUT]:	[Parent:00007ff6692f1557] >>  C:/GitHub/BlockyOS/Build/Build-nodate/disk.img  Base: 133120    ConfBlockSize: 2048    Starting Disk Env ID: 
[SHELL OUT]:	Writing Bytes
[SHELL OUT]:	[Parent:00007ff6692f1583] >> Wrtiting [2048 bytes(s)->4 block(s)] to LBA[225565(257484800)-225569(257492992)]
[SHELL OUT]:	Closing Disk Interface >> {C:/GitHub/BlockyOS/Build/Build-nodate/disk.img}
[SHELL OUT]:	Writing File Block at 225566, Item: 6.	Root: [1742780011519050388:147156532550678]
[SHELL OUT]:	[Parent:00007ff6692f1557] >>  C:/GitHub/BlockyOS/Build/Build-nodate/disk.img  Base: 133120    ConfBlockSize: 2048    Starting Disk Env ID: 
[SHELL OUT]:	Writing Bytes
[SHELL OUT]:	[Parent:00007ff6692f1583] >> Wrtiting [2048 bytes(s)->4 block(s)] to LBA[225566(257486848)-225570(257495040)]
[SHELL OUT]:	Closing Disk Interface >> {C:/GitHub/BlockyOS/Build/Build-nodate/disk.img}
[SHELL OUT]:	Writing File Block at 225567, Item: 7.	Root: [1742780011519050388:147156532550678]
[SHELL OUT]:	[Parent:00007ff6692f1557] >>  C:/GitHub/BlockyOS/Build/Build-nodate/disk.img  Base: 133120    ConfBlockSize: 2048    Starting Disk Env ID: 
[SHELL OUT]:	Writing Bytes
[SHELL OUT]:	[Parent:00007ff6692f1583] >> Wrtiting [2048 bytes(s)->4 block(s)] to LBA[225567(257488896)-225571(257497088)]
[SHELL OUT]:	Closing Disk Interface >> {C:/GitHub/BlockyOS/Build/Build-nodate/disk.img}
[SHELL OUT]:	Writing File Block at 225568, Item: 8.	Root: [1742780011519050388:147156532550678]
[SHELL OUT]:	[Parent:00007ff6692f1557] >>  C:/GitHub/BlockyOS/Build/Build-nodate/disk.img  Base: 133120    ConfBlockSize: 2048    Starting Disk Env ID: 
[SHELL OUT]:	Writing Bytes
[SHELL OUT]:	[Parent:00007ff6692f1583] >> Wrtiting [2048 bytes(s)->4 block(s)] to LBA[225568(257490944)-225572(257499136)]
[SHELL OUT]:	Closing Disk Interface >> {C:/GitHub/BlockyOS/Build/Build-nodate/disk.img}
[SHELL OUT]:	Writing File Block at 225569, Item: 9.	Root: [1742780011519050388:147156532550678]
[SHELL OUT]:	[Parent:00007ff6692f1557] >>  C:/GitHub/BlockyOS/Build/Build-nodate/disk.img  Base: 133120    ConfBlockSize: 2048    Starting Disk Env ID: 
[SHELL OUT]:	Writing Bytes
[SHELL OUT]:	[Parent:00007ff6692f1583] >> Wrtiting [2048 bytes(s)->4 block(s)] to LBA[225569(257492992)-225573(257501184)]
[SHELL OUT]:	Closing Disk Interface >> {C:/GitHub/BlockyOS/Build/Build-nodate/disk.img}
[SHELL OUT]:	Writing File Block at 225570, Item: 10.	Root: [1742780011519050388:147156532550678]
[SHELL OUT]:	[Parent:00007ff6692f1557] >>  C:/GitHub/BlockyOS/Build/Build-nodate/disk.img  Base: 133120    ConfBlockSize: 2048    Starting Disk Env ID: 
[SHELL OUT]:	Writing Bytes
[SHELL OUT]:	[Parent:00007ff6692f1583] >> Wrtiting [2048 bytes(s)->4 block(s)] to LBA[225570(257495040)-225574(257503232)]
[SHELL OUT]:	Closing Disk Interface >> {C:/GitHub/BlockyOS/Build/Build-nodate/disk.img}
[SHELL OUT]:	Writing File Block at 225571, Item: 11.	Root: [1742780011519050388:147156532550678]
[SHELL OUT]:	[Parent:00007ff6692f1557] >>  C:/GitHub/BlockyOS/Build/Build-nodate/disk.img  Base: 133120    ConfBlockSize: 2048    Starting Disk Env ID: 
[SHELL OUT]:	Writing Bytes
[SHELL OUT]:	[Parent:00007ff6692f1583] >> Wrtiting [2048 bytes(s)->4 block(s)] to LBA[225571(257497088)-225575(257505280)]
[SHELL OUT]:	Closing Disk Interface >> {C:/GitHub/BlockyOS/Build/Build-nodate/disk.img}
[SHELL OUT]:	Writing File Block at 225572, Item: 12.	Root: [1742780011519050388:147156532550678]
[SHELL OUT]:	[Parent:00007ff6692f1557] >>  C:/GitHub/BlockyOS/Build/Build-nodate/disk.img  Base: 133120    ConfBlockSize: 2048    Starting Disk Env ID: 
[SHELL OUT]:	Writing Bytes
[SHELL OUT]:	[Parent:00007ff6692f1583] >> Wrtiting [2048 bytes(s)->4 block(s)] to LBA[225572(257499136)-225576(257507328)]
[SHELL OUT]:	Closing Disk Interface >> {C:/GitHub/BlockyOS/Build/Build-nodate/disk.img}
[SHELL OUT]:	Writing File Block at 225573, Item: 13.	Root: [1742780011519050388:147156532550678]
[SHELL OUT]:	[Parent:00007ff6692f1557] >>  C:/GitHub/BlockyOS/Build/Build-nodate/disk.img  Base: 133120    ConfBlockSize: 2048    Starting Disk Env ID: 
[SHELL OUT]:	Writing Bytes
[SHELL OUT]:	[Parent:00007ff6692f1583] >> Wrtiting [2048 bytes(s)->4 block(s)] to LBA[225573(257501184)-225577(257509376)]
[SHELL OUT]:	Closing Disk Interface >> {C:/GitHub/BlockyOS/Build/Build-nodate/disk.img}
[SHELL OUT]:	Writing File Block at 225574, Item: 14.	Root: [1742780011519050388:147156532550678]
[SHELL OUT]:	[Parent:00007ff6692f1557] >>  C:/GitHub/BlockyOS/Build/Build-nodate/disk.img  Base: 133120    ConfBlockSize: 2048    Starting Disk Env ID: 
[SHELL OUT]:	Writing Bytes
[SHELL OUT]:	[Parent:00007ff6692f1583] >> Wrtiting [2048 bytes(s)->4 block(s)] to LBA[225574(257503232)-225578(257511424)]
[SHELL OUT]:	Closing Disk Interface >> {C:/GitHub/BlockyOS/Build/Build-nodate/disk.img}
[SHELL OUT]:	Writing File Block at 225575, Item: 15.	Root: [1742780011519050388:147156532550678]
[SHELL OUT]:	[Parent:00007ff6692f1557] >>  C:/GitHub/BlockyOS/Build/Build-nodate/disk.img  Base: 133120    ConfBlockSize: 2048    Starting Disk Env ID: 
[SHELL OUT]:	Writing Bytes
[SHELL OUT]:	[Parent:00007ff6692f1583] >> Wrtiting [2048 bytes(s)->4 block(s)] to LBA[225575(257505280)-225579(257513472)]
[SHELL OUT]:	Closing Disk Interface >> {C:/GitHub/BlockyOS/Build/Build-nodate/disk.img}
[SHELL OUT]:	Writing File Block at 225576, Item: 16.	Root: [1742780011519050388:147156532550678]
[SHELL OUT]:	[Parent:00007ff6692f1557] >>  C:/GitHub/BlockyOS/Build/Build-nodate/disk.img  Base: 133120    ConfBlockSize: 2048    Starting Disk Env ID: 
[SHELL OUT]:	Writing Bytes
[SHELL OUT]:	[Parent:00007ff6692f1583] >> Wrtiting [2048 bytes(s)->4 block(s)] to LBA[225576(257507328)-225580(257515520)]
[SHELL OUT]:	Closing Disk Interface >> {C:/GitHub/BlockyOS/Build/Build-nodate/disk.img}
[SHELL OUT]:	Writing File Block at 225577, Item: 17.	Root: [1742780011519050388:147156532550678]
[SHELL OUT]:	[Parent:00007ff6692f1557] >>  C:/GitHub/BlockyOS/Build/Build-nodate/disk.img  Base: 133120    ConfBlockSize: 2048    Starting Disk Env ID: 
[SHELL OUT]:	Writing Bytes
[SHELL OUT]:	[Parent:00007ff6692f1583] >> Wrtiting [2048 bytes(s)->4 block(s)] to LBA[225577(257509376)-225581(257517568)]
[SHELL OUT]:	Closing Disk Interface >> {C:/GitHub/BlockyOS/Build/Build-nodate/disk.img}
[SHELL OUT]:	Writing File Block at 225578, Item: 18.	Root: [1742780011519050388:147156532550678]
[SHELL OUT]:	[Parent:00007ff6692f1557] >>  C:/GitHub/BlockyOS/Build/Build-nodate/disk.img  Base: 133120    ConfBlockSize: 2048    Starting Disk Env ID: 
[SHELL OUT]:	Writing Bytes
[SHELL OUT]:	[Parent:00007ff6692f1583] >> Wrtiting [2048 bytes(s)->4 block(s)] to LBA[225578(257511424)-225582(257519616)]
[SHELL OUT]:	Closing Disk Interface >> {C:/GitHub/BlockyOS/Build/Build-nodate/disk.img}
[SHELL OUT]:	Writing File Block at 225579, Item: 19.	Root: [1742780011519050388:147156532550678]
[SHELL OUT]:	[Parent:00007ff6692f1557] >>  C:/GitHub/BlockyOS/Build/Build-nodate/disk.img  Base: 133120    ConfBlockSize: 2048    Starting Disk Env ID: 
[SHELL OUT]:	Writing Bytes
[SHELL OUT]:	[Parent:00007ff6692f1583] >> Wrtiting [2048 bytes(s)->4 block(s)] to LBA[225579(257513472)-225583(257521664)]
[SHELL OUT]:	Closing Disk Interface >> {C:/GitHub/BlockyOS/Build/Build-nodate/disk.img}
[SHELL OUT]:	Writing File Block at 225580, Item: 20.	Root: [1742780011519050388:147156532550678]
[SHELL OUT]:	[Parent:00007ff6692f1557] >>  C:/GitHub/BlockyOS/Build/Build-nodate/disk.img  Base: 133120    ConfBlockSize: 2048    Starting Disk Env ID: 
[SHELL OUT]:	Writing Bytes
[SHELL OUT]:	[Parent:00007ff6692f1583] >> Wrtiting [2048 bytes(s)->4 block(s)] to LBA[225580(257515520)-225584(257523712)]
[SHELL OUT]:	Closing Disk Interface >> {C:/GitHub/BlockyOS/Build/Build-nodate/disk.img}
[SHELL OUT]:	Writing File Block at 225581, Item: 21.	Root: [1742780011519050388:147156532550678]
[SHELL OUT]:	[Parent:00007ff6692f1557] >>  C:/GitHub/BlockyOS/Build/Build-nodate/disk.img  Base: 133120    ConfBlockSize: 2048    Starting Disk Env ID: 
[SHELL OUT]:	Writing Bytes
[SHELL OUT]:	[Parent:00007ff6692f1583] >> Wrtiting [2048 bytes(s)->4 block(s)] to LBA[225581(257517568)-225585(257525760)]
[SHELL OUT]:	Closing Disk Interface >> {C:/GitHub/BlockyOS/Build/Build-nodate/disk.img}
[SHELL OUT]:	Writing File Block at 225582, Item: 22.	Root: [1742780011519050388:147156532550678]
[SHELL OUT]:	[Parent:00007ff6692f1557] >>  C:/GitHub/BlockyOS/Build/Build-nodate/disk.img  Base: 133120    ConfBlockSize: 2048    Starting Disk Env ID: 
[SHELL OUT]:	Writing Bytes
[SHELL OUT]:	[Parent:00007ff6692f1583] >> Wrtiting [2048 bytes(s)->4 block(s)] to LBA[225582(257519616)-225586(257527808)]
[SHELL OUT]:	Closing Disk Interface >> {C:/GitHub/BlockyOS/Build/Build-nodate/disk.img}
[SHELL OUT]:	Writing File Block at 225583, Item: 23.	Root: [1742780011519050388:147156532550678]
[SHELL OUT]:	[Parent:00007ff6692f1557] >>  C:/GitHub/BlockyOS/Build/Build-nodate/disk.img  Base: 133120    ConfBlockSize: 2048    Starting Disk Env ID: 
[SHELL OUT]:	Writing Bytes
[SHELL OUT]:	[Parent:00007ff6692f1583] >> Wrtiting [2048 bytes(s)->4 block(s)] to LBA[225583(257521664)-225587(257529856)]
[SHELL OUT]:	Closing Disk Interface >> {C:/GitHub/BlockyOS/Build/Build-nodate/disk.img}
[SHELL OUT]:	Writing File Block at 225584, Item: 24.	Root: [1742780011519050388:147156532550678]
[SHELL OUT]:	[Parent:00007ff6692f1557] >>  C:/GitHub/BlockyOS/Build/Build-nodate/disk.img  Base: 133120    ConfBlockSize: 2048    Starting Disk Env ID: 
[SHELL OUT]:	Writing Bytes
[SHELL OUT]:	[Parent:00007ff6692f1583] >> Wrtiting [2048 bytes(s)->4 block(s)] to LBA[225584(257523712)-225588(257531904)]
[SHELL OUT]:	Closing Disk Interface >> {C:/GitHub/BlockyOS/Build/Build-nodate/disk.img}
[SHELL OUT]:	Reading File Block at 225585, Item: 25.    Root: [1742780011519050388:147156532550678]
[SHELL OUT]:	[Parent:00007ff6692f10ba] >>  C:/GitHub/BlockyOS/Build/Build-nodate/disk.img  Base: 133120    ConfBlockSize: 2048    Starting Disk Env ID: 
[SHELL OUT]:	Reading Bytes
[SHELL OUT]:	[Parent:00007ff6692f10de] >> Reading [2048 bytes(s)->4 block(s)] from LBA[225585(257525760)-225589(257533952)]
[SHELL OUT]:	Closing Disk Interface >> {C:/GitHub/BlockyOS/Build/Build-nodate/disk.img}
[SHELL OUT]:	Writing File Block at 225585, Item: 25.	Root: [1742780011519050388:147156532550678]
[SHELL OUT]:	[Parent:00007ff6692f1557] >>  C:/GitHub/BlockyOS/Build/Build-nodate/disk.img  Base: 133120    ConfBlockSize: 2048    Starting Disk Env ID: 
[SHELL OUT]:	Writing Bytes
[SHELL OUT]:	[Parent:00007ff6692f1583] >> Wrtiting [2048 bytes(s)->4 block(s)] to LBA[225585(257525760)-225589(257533952)]
[SHELL OUT]:	Closing Disk Interface >> {C:/GitHub/BlockyOS/Build/Build-nodate/disk.img}
[SHELL OUT]:	[0]: ""
Initializing CGCC.MAKE build process...
Skipping C:\GitHub\BlockyOS\src\kernel\services\IO\IO.c - up to date; source=2026-09-16T16:38:35.5854557Z, stored=09/16/2026 16:38:35
Stale source detected for C:\GitHub\BlockyOS\Build\Build-nodate\root-part\libcrt.dll. source=2026-10-02T17:46:22.8522158Z, stored=10/02/2026 17:44:30, delta=+20217712.852 sec
Compiled and updated timestamp for C:\GitHub\BlockyOS\Build\Build-nodate\root-part\libcrt.dll
Skipping C:\GitHub\BlockyOS\src\kernel\services\IO\IO.def - up to date; source=2026-09-16T21:00:02.8766014Z, stored=09/16/2026 21:00:02
gcc compile/cache/c.IO.o Build/Build-nodate/root-part/libcrt.dll src/kernel/services/IO/IO.def -Wl,-nostdlib -Wl,-shared -Wl,-flinker-output=dyn -Wl,-Bsymbolic -Wl,--out-implib,C:/GitHub/BlockyOS/Build/Build-nodate/root-part/services/IO.dll.a -Wl,-Map,C:\GitHub\BlockyOS\src\kernel\services\IO\alibcrt.map -fdiagnostics-color=always -fno-diagnostics-show-highlight-colors -nostartfiles -nodefaultlibs -fno-asynchronous-unwind-tables -fno-unwind-tables -o C:/GitHub/BlockyOS/Build/Build-nodate/root-part/services/IO.dll
Build finished successfully -> C:/GitHub/BlockyOS/Build/Build-nodate/root-part/services/IO.dll


[SHELL]	FSFRAT.MAKE
[SHELL]	FSFRAT.MOUNT
[SHELL]	e.disk -pp C:/GitHub/BlockyOS/Build/Build-nodate/disk.img -pt ROOT -bs 2048 -lb 32 -v 1:0
[SHELL OUT]:	
[SHELL OUT]:	FSFRAT DRIVER
[SHELL OUT]:	>> 
[SHELL OUT]:	[C:\GitHub\BlockyOS\tools\filesystem\frat.c:196]  >>  Mounting FS Root: [C:/GitHub/BlockyOS/Build/Build-nodate/disk.img]
[SHELL OUT]:	Verifying Disk GPT
[SHELL OUT]:	[Parent:00007ff6692ed8ff] >>  C:/GitHub/BlockyOS/Build/Build-nodate/disk.img  Base: 0    ConfBlockSize: 512    Starting Disk Env ID: 
[SHELL OUT]:	Reading Bytes
[SHELL OUT]:	[Parent:00007ff6692ed91a] >> Reading [92 bytes(s)->1 block(s)] from LBA[1(512)-2(1024)]
[SHELL OUT]:	GPT Dump:
[SHELL OUT]:	    Sig: "EFI PART"
[SHELL OUT]:	    Rev: 65536
[SHELL OUT]:	    Header-Size: 92
[SHELL OUT]:	    Header Checksum: 2621714706
[SHELL OUT]:	    localLBA: 1
[SHELL OUT]:	    altLBA: 2230273
[SHELL OUT]:	    firstUsable: 2048
[SHELL OUT]:	    lastUsable: 2230271
[SHELL OUT]:	    Disk-GUID: 
[SHELL OUT]:	    Partition-Table: 2
[SHELL OUT]:	    # of Partition-Entries: 2
[SHELL OUT]:	    Partition-Entry Size: 128
[SHELL OUT]:	    Partition-Table Checksum: 896708427
[SHELL OUT]:	Closing Disk Interface >> {C:/GitHub/BlockyOS/Build/Build-nodate/disk.img}
[SHELL OUT]:	GPT Exists? true
[SHELL OUT]:	[Parent:00007ff6692eeed9] >>  C:/GitHub/BlockyOS/Build/Build-nodate/disk.img  Base: 0    ConfBlockSize: 512    Starting Disk Env ID: 
[SHELL OUT]:	Reading Bytes
[SHELL OUT]:	[Parent:00007ff6692eeefa] >> Reading [92 bytes(s)->1 block(s)] from LBA[1(512)-2(1024)]
[SHELL OUT]:	[C:\GitHub\BlockyOS\tools\filesystem\frat.c:137]  >>  Querying Part Table
[SHELL OUT]:	Reading Bytes
[SHELL OUT]:	[Parent:00007ff6692ee73d] >> Reading [256 bytes(s)->1 block(s)] from LBA[2(1024)-3(1536)]
[SHELL OUT]:	[C:\GitHub\BlockyOS\tools\filesystem\frat.c:145]  >>  GPT-Entry: BOOT{2048:133119 -> 131071}
[SHELL OUT]:	[C:\GitHub\BlockyOS\tools\filesystem\frat.c:159]  >>  Querying FS at 2048
[SHELL OUT]:	Reading Bytes
[SHELL OUT]:	[Parent:00007ff6692eebe1] >> Reading [60 bytes(s)->1 block(s)] from LBA[2048(1048576)-2049(1049088)]
[SHELL OUT]:	FS-Root Blob:
[SHELL OUT]:	    Version: [0:131072]
[SHELL OUT]:	    Sig: 
[SHELL OUT]:	    Configured Log Sectors: 2
[SHELL OUT]:	    Configured Block Size: 0
[SHELL OUT]:	    Configured Cluster-Map Size: 16711743
[SHELL OUT]:	[C:\GitHub\BlockyOS\tools\filesystem\frat.c:145]  >>  GPT-Entry: ROOT{133120:2230271 -> 2097151}
[SHELL OUT]:	[C:\GitHub\BlockyOS\tools\filesystem\frat.c:159]  >>  Querying FS at 133120
[SHELL OUT]:	Reading Bytes
[SHELL OUT]:	[Parent:00007ff6692eebe1] >> Reading [60 bytes(s)->1 block(s)] from LBA[133120(68157440)-133121(68157952)]
[SHELL OUT]:	FS-Root Blob:
[SHELL OUT]:	    Version: [0:1]
[SHELL OUT]:	    Sig: FRAT_FILESYSTEM
[SHELL OUT]:	    Configured Log Sectors: 32
[SHELL OUT]:	    Configured Block Size: 2048
[SHELL OUT]:	    Configured Cluster-Map Size: 20480
[SHELL OUT]:	[C:\GitHub\BlockyOS\tools\filesystem\frat.c:184]  >>  FS Found at [133120]:
[SHELL OUT]:		Version-Code: [0:1]
[SHELL OUT]:		Configured Block-Size: 2048
[SHELL OUT]:		Configured Cluster-Size: 20480
[SHELL OUT]:		Configured # of Log-Sectors: 32
[SHELL OUT]:		Configured Log-Size: 576
[SHELL OUT]:	[C:\GitHub\BlockyOS\tools\filesystem\frat.c:210]  >>  Found Formatted Partition: 133120:2230271 -> 2097151
[SHELL OUT]:	Reading Bytes
[SHELL OUT]:	[Parent:00007ff6692ef05b] >> Reading [60 bytes(s)->1 block(s)] from LBA[133120(68157440)-133121(68157952)]
[SHELL OUT]:	[C:\GitHub\BlockyOS\tools\filesystem\frat.c:223]  >>  Root: 133120:2230271 -> 2097151 LBAs
[SHELL OUT]:		Version-Code: [0:1]
[SHELL OUT]:		Configured Block-Size: 2048
[SHELL OUT]:		Configured Cluster-Size: 20480
[SHELL OUT]:		Configured # of Log-Sectors: 20480
[SHELL OUT]:		Configured Log-Size: 32
[SHELL OUT]:	Reading Bytes
[SHELL OUT]:	[Parent:00007ff6692ef39f] >> Reading [65536 bytes(s)->128 block(s)] from LBA[133121(68159488)-133249(68421632)]
[SHELL OUT]:	Reading Bytes
[SHELL OUT]:	[Parent:00007ff6692ef44b] >> Reading [20480 bytes(s)->40 block(s)] from LBA[202752(210763776)-202792(210845696)]
[SHELL OUT]:	    Verifying FS Root Items #items: 1024
[SHELL OUT]:	Reading Bytes
[SHELL OUT]:	[Parent:00007ff6692ef6be] >> Reading [512 bytes(s)->4 block(s)] from LBA[225280(256901120)-225284(256909312)]
[SHELL OUT]:	Reading Bytes
[SHELL OUT]:	[Parent:00007ff6692ef6be] >> Reading [512 bytes(s)->4 block(s)] from LBA[225281(256903168)-225285(256911360)]
[SHELL OUT]:	Reading Bytes
[SHELL OUT]:	[Parent:00007ff6692ef6be] >> Reading [512 bytes(s)->4 block(s)] from LBA[225396(257138688)-225400(257146880)]
[SHELL OUT]:	Reading Bytes
[SHELL OUT]:	[Parent:00007ff6692ef6be] >> Reading [512 bytes(s)->4 block(s)] from LBA[225422(257191936)-225426(257200128)]
[SHELL OUT]:	Reading Bytes
[SHELL OUT]:	[Parent:00007ff6692ef6be] >> Reading [512 bytes(s)->4 block(s)] from LBA[225431(257210368)-225435(257218560)]
[SHELL OUT]:	Reading Bytes
[SHELL OUT]:	[Parent:00007ff6692ef6be] >> Reading [512 bytes(s)->4 block(s)] from LBA[225446(257241088)-225450(257249280)]
[SHELL OUT]:	Reading Bytes
[SHELL OUT]:	[Parent:00007ff6692ef6be] >> Reading [512 bytes(s)->4 block(s)] from LBA[225560(257474560)-225564(257482752)]
[SHELL OUT]:	Reading Bytes
[SHELL OUT]:	[Parent:00007ff6692ef6be] >> Reading [512 bytes(s)->4 block(s)] from LBA[225586(257527808)-225590(257536000)]
[SHELL OUT]:	Reading Bytes
[SHELL OUT]:	[Parent:00007ff6692ef6be] >> Reading [512 bytes(s)->4 block(s)] from LBA[225595(257546240)-225599(257554432)]
[SHELL OUT]:	Reading Bytes
[SHELL OUT]:	[Parent:00007ff6692ef6be] >> Reading [512 bytes(s)->4 block(s)] from LBA[225610(257576960)-225614(257585152)]
[SHELL OUT]:	Closing Disk Interface >> {C:/GitHub/BlockyOS/Build/Build-nodate/disk.img}
[SHELL OUT]:	[Parent:00007ff6692f1926] >>  C:/GitHub/BlockyOS/Build/Build-nodate/disk.img  Base: 133120    ConfBlockSize: 2048    Starting Disk Env ID: 
[SHELL OUT]:	Writing Bytes
[SHELL OUT]:	[Parent:00007ff6692f194f] >> Wrtiting [60 bytes(s)->4 block(s)] to LBA[133120(68157440)-133124(68165632)]
[SHELL OUT]:	Writing Bytes
[SHELL OUT]:	[Parent:00007ff6692f1997] >> Wrtiting [20480 bytes(s)->40 block(s)] to LBA[202752(210763776)-202792(210845696)]
[SHELL OUT]:	Closing Disk Interface >> {C:/GitHub/BlockyOS/Build/Build-nodate/disk.img}
[SHELL OUT]:	[0]: ""
[SHELL]	create -la fc -p SYSD/ -n IO.dll
[SHELL OUT]:	
[SHELL OUT]:	>> 
[SHELL OUT]:	>> 
[SHELL OUT]:	0000023cff255ecb:fc	0000023cff255ed1:SYSD/	0000023cff255eda:IO.dll	
[SHELL OUT]:	[	SYSD/IO.dll]
[SHELL OUT]:	Mounting File [SYSD/IO.dll] with "fc"
[SHELL OUT]:	Creating File at: ./SYSD/IO.dll
[SHELL OUT]:	Root is 0000023cff259030
[SHELL OUT]:	Root is 0000023cff259030
[SHELL OUT]:	Un-Mounting File [1742780011519050388:147156532550678]
[SHELL OUT]:	[Parent:00007ff6692f1926] >>  C:/GitHub/BlockyOS/Build/Build-nodate/disk.img  Base: 133120    ConfBlockSize: 2048    Starting Disk Env ID: 
[SHELL OUT]:	Writing Bytes
[SHELL OUT]:	[Parent:00007ff6692f194f] >> Wrtiting [60 bytes(s)->4 block(s)] to LBA[133120(68157440)-133124(68165632)]
[SHELL OUT]:	Writing Bytes
[SHELL OUT]:	[Parent:00007ff6692f1997] >> Wrtiting [20480 bytes(s)->40 block(s)] to LBA[202752(210763776)-202792(210845696)]
[SHELL OUT]:	Closing Disk Interface >> {C:/GitHub/BlockyOS/Build/Build-nodate/disk.img}
[SHELL OUT]:	[0]: ""
[SHELL]	FSFRAT.OPEN
[SHELL]	open -p SYSD/IO.dll -a IO -la f
[SHELL OUT]:	
[SHELL OUT]:	>> 
[SHELL OUT]:	>> 
[SHELL OUT]:	Mounting File [SYSD/IO.dll] with "f"
[SHELL OUT]:	Root is 0000023cff259030
[SHELL OUT]:	[0]: ""
[SHELL]	FSFRAT.WRITE
[SHELL]	fwrite -pp C:/GitHub/BlockyOS/Build/Build-nodate/root-part/services/IO.dll -ia %IO% -p 0 -n 0
[SHELL OUT]:	
[SHELL OUT]:	>> 
[SHELL OUT]:	>> 
[SHELL OUT]:	[Parent:00007ff6692f1f16] >>  C:/GitHub/BlockyOS/Build/Build-nodate/disk.img  Base: 133120    ConfBlockSize: 2048    Starting Disk Env ID: 
[SHELL OUT]:	[Parent:00007ff6692f1e53] >>  C:/GitHub/BlockyOS/Build/Build-nodate/disk.img  Base: 133120    ConfBlockSize: 2048    Starting Disk Env ID: 
[SHELL OUT]:	Reading File Info
[SHELL OUT]:	Reading Bytes
[SHELL OUT]:	[Parent:00007ff6692f1ec2] >> Reading [512 bytes(s)->4 block(s)] from LBA[225560(257474560)-225564(257482752)]
[SHELL OUT]:	Closing Disk Interface >> {C:/GitHub/BlockyOS/Build/Build-nodate/disk.img}
[SHELL OUT]:	Writing Bytes
[SHELL OUT]:	[Parent:00007ff6692f2010] >> Wrtiting [512 bytes(s)->4 block(s)] to LBA[225560(257474560)-225564(257482752)]
[SHELL OUT]:	Closing Disk Interface >> {C:/GitHub/BlockyOS/Build/Build-nodate/disk.img}
[SHELL OUT]:	Root is 0000023cff259030
[SHELL OUT]:	Writing File Block at 225561, Item: 1.	Root: [1742780011519050388:147156532550678]
[SHELL OUT]:	[Parent:00007ff6692f1557] >>  C:/GitHub/BlockyOS/Build/Build-nodate/disk.img  Base: 133120    ConfBlockSize: 2048    Starting Disk Env ID: 
[SHELL OUT]:	Writing Bytes
[SHELL OUT]:	[Parent:00007ff6692f1583] >> Wrtiting [2048 bytes(s)->4 block(s)] to LBA[225561(257476608)-225565(257484800)]
[SHELL OUT]:	Closing Disk Interface >> {C:/GitHub/BlockyOS/Build/Build-nodate/disk.img}
[SHELL OUT]:	Writing File Block at 225562, Item: 2.	Root: [1742780011519050388:147156532550678]
[SHELL OUT]:	[Parent:00007ff6692f1557] >>  C:/GitHub/BlockyOS/Build/Build-nodate/disk.img  Base: 133120    ConfBlockSize: 2048    Starting Disk Env ID: 
[SHELL OUT]:	Writing Bytes
[SHELL OUT]:	[Parent:00007ff6692f1583] >> Wrtiting [2048 bytes(s)->4 block(s)] to LBA[225562(257478656)-225566(257486848)]
[SHELL OUT]:	Closing Disk Interface >> {C:/GitHub/BlockyOS/Build/Build-nodate/disk.img}
[SHELL OUT]:	Writing File Block at 225563, Item: 3.	Root: [1742780011519050388:147156532550678]
[SHELL OUT]:	[Parent:00007ff6692f1557] >>  C:/GitHub/BlockyOS/Build/Build-nodate/disk.img  Base: 133120    ConfBlockSize: 2048    Starting Disk Env ID: 
[SHELL OUT]:	Writing Bytes
[SHELL OUT]:	[Parent:00007ff6692f1583] >> Wrtiting [2048 bytes(s)->4 block(s)] to LBA[225563(257480704)-225567(257488896)]
[SHELL OUT]:	Closing Disk Interface >> {C:/GitHub/BlockyOS/Build/Build-nodate/disk.img}
[SHELL OUT]:	Writing File Block at 225564, Item: 4.	Root: [1742780011519050388:147156532550678]
[SHELL OUT]:	[Parent:00007ff6692f1557] >>  C:/GitHub/BlockyOS/Build/Build-nodate/disk.img  Base: 133120    ConfBlockSize: 2048    Starting Disk Env ID: 
[SHELL OUT]:	Writing Bytes
[SHELL OUT]:	[Parent:00007ff6692f1583] >> Wrtiting [2048 bytes(s)->4 block(s)] to LBA[225564(257482752)-225568(257490944)]
[SHELL OUT]:	Closing Disk Interface >> {C:/GitHub/BlockyOS/Build/Build-nodate/disk.img}
[SHELL OUT]:	Writing File Block at 225565, Item: 5.	Root: [1742780011519050388:147156532550678]
[SHELL OUT]:	[Parent:00007ff6692f1557] >>  C:/GitHub/BlockyOS/Build/Build-nodate/disk.img  Base: 133120    ConfBlockSize: 2048    Starting Disk Env ID: 
[SHELL OUT]:	Writing Bytes
[SHELL OUT]:	[Parent:00007ff6692f1583] >> Wrtiting [2048 bytes(s)->4 block(s)] to LBA[225565(257484800)-225569(257492992)]
[SHELL OUT]:	Closing Disk Interface >> {C:/GitHub/BlockyOS/Build/Build-nodate/disk.img}
[SHELL OUT]:	Writing File Block at 225566, Item: 6.	Root: [1742780011519050388:147156532550678]
[SHELL OUT]:	[Parent:00007ff6692f1557] >>  C:/GitHub/BlockyOS/Build/Build-nodate/disk.img  Base: 133120    ConfBlockSize: 2048    Starting Disk Env ID: 
[SHELL OUT]:	Writing Bytes
[SHELL OUT]:	[Parent:00007ff6692f1583] >> Wrtiting [2048 bytes(s)->4 block(s)] to LBA[225566(257486848)-225570(257495040)]
[SHELL OUT]:	Closing Disk Interface >> {C:/GitHub/BlockyOS/Build/Build-nodate/disk.img}
[SHELL OUT]:	Writing File Block at 225567, Item: 7.	Root: [1742780011519050388:147156532550678]
[SHELL OUT]:	[Parent:00007ff6692f1557] >>  C:/GitHub/BlockyOS/Build/Build-nodate/disk.img  Base: 133120    ConfBlockSize: 2048    Starting Disk Env ID: 
[SHELL OUT]:	Writing Bytes
[SHELL OUT]:	[Parent:00007ff6692f1583] >> Wrtiting [2048 bytes(s)->4 block(s)] to LBA[225567(257488896)-225571(257497088)]
[SHELL OUT]:	Closing Disk Interface >> {C:/GitHub/BlockyOS/Build/Build-nodate/disk.img}
[SHELL OUT]:	Writing File Block at 225568, Item: 8.	Root: [1742780011519050388:147156532550678]
[SHELL OUT]:	[Parent:00007ff6692f1557] >>  C:/GitHub/BlockyOS/Build/Build-nodate/disk.img  Base: 133120    ConfBlockSize: 2048    Starting Disk Env ID: 
[SHELL OUT]:	Writing Bytes
[SHELL OUT]:	[Parent:00007ff6692f1583] >> Wrtiting [2048 bytes(s)->4 block(s)] to LBA[225568(257490944)-225572(257499136)]
[SHELL OUT]:	Closing Disk Interface >> {C:/GitHub/BlockyOS/Build/Build-nodate/disk.img}
[SHELL OUT]:	Writing File Block at 225569, Item: 9.	Root: [1742780011519050388:147156532550678]
[SHELL OUT]:	[Parent:00007ff6692f1557] >>  C:/GitHub/BlockyOS/Build/Build-nodate/disk.img  Base: 133120    ConfBlockSize: 2048    Starting Disk Env ID: 
[SHELL OUT]:	Writing Bytes
[SHELL OUT]:	[Parent:00007ff6692f1583] >> Wrtiting [2048 bytes(s)->4 block(s)] to LBA[225569(257492992)-225573(257501184)]
[SHELL OUT]:	Closing Disk Interface >> {C:/GitHub/BlockyOS/Build/Build-nodate/disk.img}
[SHELL OUT]:	Writing File Block at 225570, Item: 10.	Root: [1742780011519050388:147156532550678]
[SHELL OUT]:	[Parent:00007ff6692f1557] >>  C:/GitHub/BlockyOS/Build/Build-nodate/disk.img  Base: 133120    ConfBlockSize: 2048    Starting Disk Env ID: 
[SHELL OUT]:	Writing Bytes
[SHELL OUT]:	[Parent:00007ff6692f1583] >> Wrtiting [2048 bytes(s)->4 block(s)] to LBA[225570(257495040)-225574(257503232)]
[SHELL OUT]:	Closing Disk Interface >> {C:/GitHub/BlockyOS/Build/Build-nodate/disk.img}
[SHELL OUT]:	Writing File Block at 225571, Item: 11.	Root: [1742780011519050388:147156532550678]
[SHELL OUT]:	[Parent:00007ff6692f1557] >>  C:/GitHub/BlockyOS/Build/Build-nodate/disk.img  Base: 133120    ConfBlockSize: 2048    Starting Disk Env ID: 
[SHELL OUT]:	Writing Bytes
[SHELL OUT]:	[Parent:00007ff6692f1583] >> Wrtiting [2048 bytes(s)->4 block(s)] to LBA[225571(257497088)-225575(257505280)]
[SHELL OUT]:	Closing Disk Interface >> {C:/GitHub/BlockyOS/Build/Build-nodate/disk.img}
[SHELL OUT]:	Writing File Block at 225572, Item: 12.	Root: [1742780011519050388:147156532550678]
[SHELL OUT]:	[Parent:00007ff6692f1557] >>  C:/GitHub/BlockyOS/Build/Build-nodate/disk.img  Base: 133120    ConfBlockSize: 2048    Starting Disk Env ID: 
[SHELL OUT]:	Writing Bytes
[SHELL OUT]:	[Parent:00007ff6692f1583] >> Wrtiting [2048 bytes(s)->4 block(s)] to LBA[225572(257499136)-225576(257507328)]
[SHELL OUT]:	Closing Disk Interface >> {C:/GitHub/BlockyOS/Build/Build-nodate/disk.img}
[SHELL OUT]:	Writing File Block at 225573, Item: 13.	Root: [1742780011519050388:147156532550678]
[SHELL OUT]:	[Parent:00007ff6692f1557] >>  C:/GitHub/BlockyOS/Build/Build-nodate/disk.img  Base: 133120    ConfBlockSize: 2048    Starting Disk Env ID: 
[SHELL OUT]:	Writing Bytes
[SHELL OUT]:	[Parent:00007ff6692f1583] >> Wrtiting [2048 bytes(s)->4 block(s)] to LBA[225573(257501184)-225577(257509376)]
[SHELL OUT]:	Closing Disk Interface >> {C:/GitHub/BlockyOS/Build/Build-nodate/disk.img}
[SHELL OUT]:	Writing File Block at 225574, Item: 14.	Root: [1742780011519050388:147156532550678]
[SHELL OUT]:	[Parent:00007ff6692f1557] >>  C:/GitHub/BlockyOS/Build/Build-nodate/disk.img  Base: 133120    ConfBlockSize: 2048    Starting Disk Env ID: 
[SHELL OUT]:	Writing Bytes
[SHELL OUT]:	[Parent:00007ff6692f1583] >> Wrtiting [2048 bytes(s)->4 block(s)] to LBA[225574(257503232)-225578(257511424)]
[SHELL OUT]:	Closing Disk Interface >> {C:/GitHub/BlockyOS/Build/Build-nodate/disk.img}
[SHELL OUT]:	Writing File Block at 225575, Item: 15.	Root: [1742780011519050388:147156532550678]
[SHELL OUT]:	[Parent:00007ff6692f1557] >>  C:/GitHub/BlockyOS/Build/Build-nodate/disk.img  Base: 133120    ConfBlockSize: 2048    Starting Disk Env ID: 
[SHELL OUT]:	Writing Bytes
[SHELL OUT]:	[Parent:00007ff6692f1583] >> Wrtiting [2048 bytes(s)->4 block(s)] to LBA[225575(257505280)-225579(257513472)]
[SHELL OUT]:	Closing Disk Interface >> {C:/GitHub/BlockyOS/Build/Build-nodate/disk.img}
[SHELL OUT]:	Writing File Block at 225576, Item: 16.	Root: [1742780011519050388:147156532550678]
[SHELL OUT]:	[Parent:00007ff6692f1557] >>  C:/GitHub/BlockyOS/Build/Build-nodate/disk.img  Base: 133120    ConfBlockSize: 2048    Starting Disk Env ID: 
[SHELL OUT]:	Writing Bytes
[SHELL OUT]:	[Parent:00007ff6692f1583] >> Wrtiting [2048 bytes(s)->4 block(s)] to LBA[225576(257507328)-225580(257515520)]
[SHELL OUT]:	Closing Disk Interface >> {C:/GitHub/BlockyOS/Build/Build-nodate/disk.img}
[SHELL OUT]:	Writing File Block at 225577, Item: 17.	Root: [1742780011519050388:147156532550678]
[SHELL OUT]:	[Parent:00007ff6692f1557] >>  C:/GitHub/BlockyOS/Build/Build-nodate/disk.img  Base: 133120    ConfBlockSize: 2048    Starting Disk Env ID: 
[SHELL OUT]:	Writing Bytes
[SHELL OUT]:	[Parent:00007ff6692f1583] >> Wrtiting [2048 bytes(s)->4 block(s)] to LBA[225577(257509376)-225581(257517568)]
[SHELL OUT]:	Closing Disk Interface >> {C:/GitHub/BlockyOS/Build/Build-nodate/disk.img}
[SHELL OUT]:	Writing File Block at 225578, Item: 18.	Root: [1742780011519050388:147156532550678]
[SHELL OUT]:	[Parent:00007ff6692f1557] >>  C:/GitHub/BlockyOS/Build/Build-nodate/disk.img  Base: 133120    ConfBlockSize: 2048    Starting Disk Env ID: 
[SHELL OUT]:	Writing Bytes
[SHELL OUT]:	[Parent:00007ff6692f1583] >> Wrtiting [2048 bytes(s)->4 block(s)] to LBA[225578(257511424)-225582(257519616)]
[SHELL OUT]:	Closing Disk Interface >> {C:/GitHub/BlockyOS/Build/Build-nodate/disk.img}
[SHELL OUT]:	Writing File Block at 225579, Item: 19.	Root: [1742780011519050388:147156532550678]
[SHELL OUT]:	[Parent:00007ff6692f1557] >>  C:/GitHub/BlockyOS/Build/Build-nodate/disk.img  Base: 133120    ConfBlockSize: 2048    Starting Disk Env ID: 
[SHELL OUT]:	Writing Bytes
[SHELL OUT]:	[Parent:00007ff6692f1583] >> Wrtiting [2048 bytes(s)->4 block(s)] to LBA[225579(257513472)-225583(257521664)]
[SHELL OUT]:	Closing Disk Interface >> {C:/GitHub/BlockyOS/Build/Build-nodate/disk.img}
[SHELL OUT]:	Writing File Block at 225580, Item: 20.	Root: [1742780011519050388:147156532550678]
[SHELL OUT]:	[Parent:00007ff6692f1557] >>  C:/GitHub/BlockyOS/Build/Build-nodate/disk.img  Base: 133120    ConfBlockSize: 2048    Starting Disk Env ID: 
[SHELL OUT]:	Writing Bytes
[SHELL OUT]:	[Parent:00007ff6692f1583] >> Wrtiting [2048 bytes(s)->4 block(s)] to LBA[225580(257515520)-225584(257523712)]
[SHELL OUT]:	Closing Disk Interface >> {C:/GitHub/BlockyOS/Build/Build-nodate/disk.img}
[SHELL OUT]:	Writing File Block at 225581, Item: 21.	Root: [1742780011519050388:147156532550678]
[SHELL OUT]:	[Parent:00007ff6692f1557] >>  C:/GitHub/BlockyOS/Build/Build-nodate/disk.img  Base: 133120    ConfBlockSize: 2048    Starting Disk Env ID: 
[SHELL OUT]:	Writing Bytes
[SHELL OUT]:	[Parent:00007ff6692f1583] >> Wrtiting [2048 bytes(s)->4 block(s)] to LBA[225581(257517568)-225585(257525760)]
[SHELL OUT]:	Closing Disk Interface >> {C:/GitHub/BlockyOS/Build/Build-nodate/disk.img}
[SHELL OUT]:	Writing File Block at 225582, Item: 22.	Root: [1742780011519050388:147156532550678]
[SHELL OUT]:	[Parent:00007ff6692f1557] >>  C:/GitHub/BlockyOS/Build/Build-nodate/disk.img  Base: 133120    ConfBlockSize: 2048    Starting Disk Env ID: 
[SHELL OUT]:	Writing Bytes
[SHELL OUT]:	[Parent:00007ff6692f1583] >> Wrtiting [2048 bytes(s)->4 block(s)] to LBA[225582(257519616)-225586(257527808)]
[SHELL OUT]:	Closing Disk Interface >> {C:/GitHub/BlockyOS/Build/Build-nodate/disk.img}
[SHELL OUT]:	Writing File Block at 225583, Item: 23.	Root: [1742780011519050388:147156532550678]
[SHELL OUT]:	[Parent:00007ff6692f1557] >>  C:/GitHub/BlockyOS/Build/Build-nodate/disk.img  Base: 133120    ConfBlockSize: 2048    Starting Disk Env ID: 
[SHELL OUT]:	Writing Bytes
[SHELL OUT]:	[Parent:00007ff6692f1583] >> Wrtiting [2048 bytes(s)->4 block(s)] to LBA[225583(257521664)-225587(257529856)]
[SHELL OUT]:	Closing Disk Interface >> {C:/GitHub/BlockyOS/Build/Build-nodate/disk.img}
[SHELL OUT]:	Writing File Block at 225584, Item: 24.	Root: [1742780011519050388:147156532550678]
[SHELL OUT]:	[Parent:00007ff6692f1557] >>  C:/GitHub/BlockyOS/Build/Build-nodate/disk.img  Base: 133120    ConfBlockSize: 2048    Starting Disk Env ID: 
[SHELL OUT]:	Writing Bytes
[SHELL OUT]:	[Parent:00007ff6692f1583] >> Wrtiting [2048 bytes(s)->4 block(s)] to LBA[225584(257523712)-225588(257531904)]
[SHELL OUT]:	Closing Disk Interface >> {C:/GitHub/BlockyOS/Build/Build-nodate/disk.img}
[SHELL OUT]:	Reading File Block at 225585, Item: 25.    Root: [1742780011519050388:147156532550678]
[SHELL OUT]:	[Parent:00007ff6692f10ba] >>  C:/GitHub/BlockyOS/Build/Build-nodate/disk.img  Base: 133120    ConfBlockSize: 2048    Starting Disk Env ID: 
[SHELL OUT]:	Reading Bytes
[SHELL OUT]:	[Parent:00007ff6692f10de] >> Reading [2048 bytes(s)->4 block(s)] from LBA[225585(257525760)-225589(257533952)]
[SHELL OUT]:	Closing Disk Interface >> {C:/GitHub/BlockyOS/Build/Build-nodate/disk.img}
[SHELL OUT]:	Writing File Block at 225585, Item: 25.	Root: [1742780011519050388:147156532550678]
[SHELL OUT]:	[Parent:00007ff6692f1557] >>  C:/GitHub/BlockyOS/Build/Build-nodate/disk.img  Base: 133120    ConfBlockSize: 2048    Starting Disk Env ID: 
[SHELL OUT]:	Writing Bytes
[SHELL OUT]:	[Parent:00007ff6692f1583] >> Wrtiting [2048 bytes(s)->4 block(s)] to LBA[225585(257525760)-225589(257533952)]
[SHELL OUT]:	Closing Disk Interface >> {C:/GitHub/BlockyOS/Build/Build-nodate/disk.img}
[SHELL OUT]:	[0]: ""
Initializing CGCC.MAKE build process...
Stale source detected for C:\GitHub\BlockyOS\src\kernel\services\IO\IO.c. source=2026-09-16T16:38:35.5854557Z, stored=none, delta=n/a sec
gcc -c C:/GitHub/BlockyOS/src/kernel/services/IO/IO.c -o C:/GitHub/BlockyOS/compile/cache/c.IO.o -nostdlib -O0 --std=c99 -ffreestanding -m64 -mno-red-zone -fno-stack-protector -fno-builtin -funsigned-bitfields -funsigned-char -fsso-struct=little-endian -fno-leading-underscore -fdiagnostics-color=always -fdiagnostics-urls=always -fno-diagnostics-show-highlight-colors -fomit-frame-pointer -foptimize-crc -foptimize-strlen -finline-atomics -fno-inline -mcmodel=small -fno-stack-protector -nostdinc -fno-pie -fno-pic -I C:/GitHub/BlockyOS/src -I C:/GitHub/BlockyOS/
In file included from C:/GitHub/BlockyOS/src/kernel/libcrt/math/math.h:5,
                 from C:/GitHub/BlockyOS/src/kernel/libcrt/memory/memory.h:3,
                 from C:/GitHub/BlockyOS/src/kernel/libcrt/hardware/ACPI/RSDP/RSDT.h:5,
                 from C:/GitHub/BlockyOS/src/kernel/libcrt/hardware/ACPI/RSDP/MADT.h:3,
                 from C:/GitHub/BlockyOS/src/kernel/libcrt/hardware/IDT/APIC/LocalAPIC.h:6,
                 from C:/GitHub/BlockyOS/src/kernel/libcrt/hardware/IDT/ISR.h:5,
                 from C:/GitHub/BlockyOS/src/kernel/services/IO/service.h:6,
                 from C:/GitHub/BlockyOS/src/kernel/services/IO/controllers/AHCI.h:1,
                 from C:/GitHub/BlockyOS/src/kernel/services/IO/IO.c:1:
C:/GitHub/BlockyOS/src/kernel/libcrt/math/float.h:42:9: warning: 'NaNf' redefined
   42 | #define NaNf    (__builtin_nanf(""))
      |         ^~~~
C:/GitHub/BlockyOS/src/kernel/libcrt/math/float.h:25:9: note: this is the location of the previous definition
   25 | #define NaNf            (__builtin_nanf (""))
      |         ^~~~
C:/GitHub/BlockyOS/src/kernel/libcrt/math/float.h:50:9: warning: 'SNaNf' redefined
   50 | #define SNaNf    (__builtin_nansf(""))
      |         ^~~~~
C:/GitHub/BlockyOS/src/kernel/libcrt/math/float.h:26:9: note: this is the location of the previous definition
   26 | #define SNaNf           (__builtin_nansf (""))
      |         ^~~~~
C:/GitHub/BlockyOS/src/kernel/libcrt/math/float.h:51:9: warning: 'SNaNd' redefined
   51 | #define SNaNd    (__builtin_nans(""))
      |         ^~~~~
C:/GitHub/BlockyOS/src/kernel/libcrt/math/float.h:27:9: note: this is the location of the previous definition
   27 | #define SNaNd           (__builtin_nans (""))
      |         ^~~~~
C:/GitHub/BlockyOS/src/kernel/libcrt/math/float.h:52:9: warning: 'SNaNld' redefined
   52 | #define SNaNld   (__builtin_nansl(""))
      |         ^~~~~~
C:/GitHub/BlockyOS/src/kernel/libcrt/math/float.h:28:9: note: this is the location of the previous definition
   28 | #define SNaNld          (__builtin_nansl (""))
      |         ^~~~~~
In file included from C:/GitHub/BlockyOS/src/kernel/libcrt/hardware/ACPI/ACPI.h:6,
                 from C:/GitHub/BlockyOS/src/kernel/libcrt/hardware/ACPI/RSDP/RSDT.h:6:
C:/GitHub/BlockyOS/src/kernel/libcrt/memory/allocator/malloc.h:91:1: warning: 'restrict' attribute directive ignored [-Wattributes]
   91 | LibAPI volatile void *mrealloc(volatile void *__attribute__((restrict)) ptr, size_t new);
      | ^~~~~~
C:/GitHub/BlockyOS/src/kernel/libcrt/memory/allocator/malloc.h:92:1: warning: 'restrict' attribute directive ignored [-Wattributes]
   92 | LibAPI ml_t descinfo(volatile void *__attribute__((restrict)) ptr);
      | ^~~~~~
C:/GitHub/BlockyOS/src/kernel/libcrt/memory/allocator/malloc.h:95:1: warning: 'restrict' attribute directive ignored [-Wattributes]
   95 | LibAPI void mfree(void *__attribute__((restrict)) ptr);
      | ^~~~~~
C:/GitHub/BlockyOS/src/kernel/libcrt/hardware/IDT/ISR.h:33:1: warning: 'naked' attribute only applies to functions [-Wattributes]
   33 | typedef void *__sysvabi __naked(*ISRCallback)(InterruptStackFrame *Frame);
      | ^~~~~~~
In file included from C:/GitHub/BlockyOS/src/kernel/services/IO/service.h:15:
C:/GitHub/BlockyOS/src/kernel/services/IO/controllers/_NVMe.h:121:1: warning: 'packed' attribute ignored [-Wattributes]
  121 | typedef uint128_t NVMeAdminCommandStruct(DirectiveRecieve, PTR);
      | ^~~~~~~
C:/GitHub/BlockyOS/src/kernel/services/IO/controllers/_NVMe.h:132:1: warning: 'packed' attribute ignored [-Wattributes]
  132 | typedef uint128_t NVMeAdminCommandStruct(DirectiveSend, PTR);
      | ^~~~~~~
C:/GitHub/BlockyOS/src/kernel/services/IO/controllers/_NVMe.h:143:1: warning: 'packed' attribute ignored [-Wattributes]
  143 | typedef uint128_t NVMeAdminCommandStruct(GetFeatures, PTR);
      | ^~~~~~~
C:/GitHub/BlockyOS/src/kernel/services/IO/controllers/_NVMe.h:200:1: warning: 'packed' attribute ignored [-Wattributes]
  200 | typedef uint128_t NVMeAdminCommandStruct(GetLogPage, PTR);
      | ^~~~~~~
C:/GitHub/BlockyOS/src/kernel/services/IO/controllers/_NVMe.h:292:1: warning: 'packed' attribute ignored [-Wattributes]
  292 | typedef uint32_t NVMeLogStruct(ChangedNamespaceList); // 4096 bytes
      | ^~~~~~~
C:/GitHub/BlockyOS/src/kernel/services/IO/controllers/AHCI.h: In function 'AHCISearchOpenCommandSlot':
C:/GitHub/BlockyOS/src/kernel/services/IO/controllers/AHCI.h:656:20: warning: comparison between pointer and integer
  656 |         for(; slot < MS->HostCapability.NumberOfCommandSlots; ++(*slot)){
      |                    ^
C:/GitHub/BlockyOS/src/kernel/services/IO/controllers/AHCI.h:658:134: warning: passing argument 1 of 'MapVirtual' discards 'volatile' qualifier from pointer target type [-Wdiscarded-qualifiers]
  658 |                         return MapVirtual((HBACommandHeader *)((uint64_t)Port->CommandListBaseHigh << 32) + Port->CommandListBaseLow + *slot);
      |                                           ~~~~~~~~~~~~~~~~~~~~~~~~~~~~~~~~~~~~~~~~~~~~~~~~~~~~~~~~~~~~~~~~~~~~~~~~~~~~~~~~~~~~~~~~~~~^~~~~~~
In file included from C:/GitHub/BlockyOS/src/kernel/libcrt/hardware/ACPI/ACPI.h:5:
C:/GitHub/BlockyOS/src/kernel/libcrt/hardware/paging/paging.h:336:31: note: expected 'void *' but argument is of type 'volatile HBACommandHeader *'
  336 | LibAPI void *MapVirtual(void *Physical);
      |                         ~~~~~~^~~~~~~~
C:/GitHub/BlockyOS/src/kernel/services/IO/controllers/AHCI.h: In function 'AHCIReadBytes':
C:/GitHub/BlockyOS/src/kernel/services/IO/controllers/AHCI.h:696:75: warning: passing argument 1 of 'SafeAllocatePages' discards 'volatile' qualifier from pointer target type [-Wdiscarded-qualifiers]
  696 |                 HBADevicePort *This = SafeAllocatePages(Controller->Ports + Device,
      |                                                         ~~~~~~~~~~~~~~~~~~^~~~~~~~
C:/GitHub/BlockyOS/src/kernel/libcrt/memory/allocator/malloc.h:13:38: note: expected 'void *' but argument is of type 'volatile HBADevicePort *'
   13 | LibAPI void *SafeAllocatePages(void *Physical, uint32_t Bytes, PageAllocationFlags Flags, uint8_t ProtectionKey, uint8_t Align);
      |                                ~~~~~~^~~~~~~~
C:/GitHub/BlockyOS/src/kernel/services/IO/controllers/AHCI.h: In function 'AHCIWriteBytes':
C:/GitHub/BlockyOS/src/kernel/services/IO/controllers/AHCI.h:750:75: warning: passing argument 1 of 'SafeAllocatePages' discards 'volatile' qualifier from pointer target type [-Wdiscarded-qualifiers]
  750 |                 HBADevicePort *This = SafeAllocatePages(Controller->Ports + Device, sizeof(HBADevicePort),
      |                                                         ~~~~~~~~~~~~~~~~~~^~~~~~~~
C:/GitHub/BlockyOS/src/kernel/libcrt/memory/allocator/malloc.h:13:38: note: expected 'void *' but argument is of type 'volatile HBADevicePort *'
   13 | LibAPI void *SafeAllocatePages(void *Physical, uint32_t Bytes, PageAllocationFlags Flags, uint8_t ProtectionKey, uint8_t Align);
      |                                ~~~~~~^~~~~~~~
In file included from C:/GitHub/BlockyOS/src/kernel/services/IO/IO.c:2:
C:/GitHub/BlockyOS/src/kernel/services/IO/controllers/ATAPI.h: In function 'ATAPIISR':
C:/GitHub/BlockyOS/src/kernel/services/IO/controllers/ATAPI.h:118:42: warning: cast to pointer from integer of different size [-Wint-to-pointer-cast]
  118 |         ATAPIInterruptStackHeader *IST = (ATAPIInterruptStackHeader *)Frame->StackHeader, *Previous = NULL;
      |                                          ^
C:/GitHub/BlockyOS/src/kernel/services/IO/controllers/ATAPI.h: In function 'UpdateATAPIInterruptStackHeader':
C:/GitHub/BlockyOS/src/kernel/services/IO/controllers/ATAPI.h:131:29: warning: assignment discards 'volatile' qualifier from pointer target type [-Wdiscarded-qualifiers]
  131 |                 ATAPI->Next = mcalloc(1, sizeof(ATAPIInterruptStackHeader));
      |                             ^
C:/GitHub/BlockyOS/src/kernel/services/IO/controllers/ATAPI.h:138:29: warning: assignment discards 'volatile' qualifier from pointer target type [-Wdiscarded-qualifiers]
  138 |                 ATAPI->Next = mcalloc(1, sizeof(ATAPIInterruptStackHeader));
      |                             ^
C:/GitHub/BlockyOS/src/kernel/services/IO/controllers/ATAPI.h: In function 'ATAPISectorSize':
C:/GitHub/BlockyOS/src/kernel/services/IO/controllers/ATAPI.h:204:83: warning: left shift count >= width of type [-Wshift-count-overflow]
  204 |         return ((queue.Primary? _ATAPISectorSize(queue.Slave, pcmd, pctrl): 0x00) << 32) +
      |                                                                                   ^~
C:/GitHub/BlockyOS/src/kernel/services/IO/controllers/ATAPI.h: In function '_ATAPIReadRaw':
C:/GitHub/BlockyOS/src/kernel/services/IO/controllers/ATAPI.h:252:37: warning: cast from pointer to integer of different size [-Wpointer-to-int-cast]
  252 |                 __outl(bmba + 0x04, (uint32_t)MapPhysical(bf));
      |                                     ^
C:/GitHub/BlockyOS/src/kernel/services/IO/controllers/ATAPI.h: In function '_ATAPIWriteRaw':
C:/GitHub/BlockyOS/src/kernel/services/IO/controllers/ATAPI.h:325:29: warning: cast from pointer to integer of different size [-Wpointer-to-int-cast]
  325 |         __outl(bmba + 0x04, (uint32_t)MapPhysical(bf));
      |                             ^
In file included from C:/GitHub/BlockyOS/src/kernel/services/IO/IO.c:3:
C:/GitHub/BlockyOS/src/kernel/services/IO/controllers/NVMe.h: In function 'UpdateNVMeInterruptStackFrame':
C:/GitHub/BlockyOS/src/kernel/services/IO/controllers/NVMe.h:47:34: warning: assignment discards 'volatile' qualifier from pointer target type [-Wdiscarded-qualifiers]
   47 |                         SH->Next = mcalloc(11, sizeof(NVMeInterruptStackHeader));
      |                                  ^
C:/GitHub/BlockyOS/src/kernel/services/IO/controllers/NVMe.h: In function 'NVMePollController':
C:/GitHub/BlockyOS/src/kernel/services/IO/controllers/NVMe.h:88:44: warning: initialization discards 'volatile' qualifier from pointer target type [-Wdiscarded-qualifiers]
   88 |     NVMeIdentifyController_t *Controller = mmalloc(sizeof(NVMeIdentifyController_t));
      |                                            ^~~~~~~
C:/GitHub/BlockyOS/src/kernel/services/IO/controllers/NVMe.h: In function 'ConfigureNVMeController':
C:/GitHub/BlockyOS/src/kernel/services/IO/controllers/NVMe.h:107:43: warning: cast to pointer from integer of different size [-Wint-to-pointer-cast]
  107 |         if(dev && AllocateInterruptVector((uint8_t *)Vector)){
      |                                           ^
C:/GitHub/BlockyOS/src/kernel/services/IO/controllers/NVMe.h:130:72: warning: conversion from 'long long unsigned int' to 'unsigned char:4' changes value from '16' to '0' [-Woverflow]
  130 |                 cntrl->ControllerConfiguration.IOCompletionQueueSize = sizeof(NVMeCompletionQueueSlot_t);
      |                                                                        ^~~~~~
C:/GitHub/BlockyOS/src/kernel/services/IO/controllers/NVMe.h:131:72: warning: conversion from 'long long unsigned int' to 'unsigned char:4' changes value from '68' to '4' [-Woverflow]
  131 |                 cntrl->ControllerConfiguration.IOSubmissionQueueSize = sizeof(NVMeSubmissionQueueSlot_t);
      |                                                                        ^~~~~~
C:/GitHub/BlockyOS/src/kernel/services/IO/controllers/NVMe.h:138:51: warning: initialization discards 'volatile' qualifier from pointer target type [-Wdiscarded-qualifiers]
  138 |                 NVMeInterruptStackHeader *_temp = mcalloc(1, sizeof(NVMeInterruptStackHeader));
      |                                                   ^~~~~~~
C:/GitHub/BlockyOS/src/kernel/services/IO/controllers/NVMe.h:149:32: warning: initialization discards 'volatile' qualifier from pointer target type [-Wdiscarded-qualifiers]
  149 |                         ._SQ = mcalloc(32, sizeof(uint16_t)),
      |                                ^~~~~~~
C:/GitHub/BlockyOS/src/kernel/services/IO/controllers/NVMe.h:150:32: warning: initialization discards 'volatile' qualifier from pointer target type [-Wdiscarded-qualifiers]
  150 |                         ._CQ = mcalloc(32, sizeof(uint16_t)),
      |                                ^~~~~~~
C:/GitHub/BlockyOS/src/kernel/services/IO/controllers/NVMe.h:151:39: warning: initialization discards 'volatile' qualifier from pointer target type [-Wdiscarded-qualifiers]
  151 |                         .NPerCQueue = mcalloc(32, sizeof(uint32_t)),
      |                                       ^~~~~~~
C:/GitHub/BlockyOS/src/kernel/services/IO/controllers/NVMe.h:152:39: warning: initialization discards 'volatile' qualifier from pointer target type [-Wdiscarded-qualifiers]
  152 |                         .NPerSQueue = mcalloc(32, sizeof(uint32_t)),
      |                                       ^~~~~~~
C:/GitHub/BlockyOS/src/kernel/services/IO/controllers/NVMe.h:153:40: warning: initialization discards 'volatile' qualifier from pointer target type [-Wdiscarded-qualifiers]
  153 |                         .Submissions = mcalloc(32, sizeof(NVMeSubmissionQueueSlot_t)),
      |                                        ^~~~~~~
C:/GitHub/BlockyOS/src/kernel/services/IO/controllers/NVMe.h:154:40: warning: initialization discards 'volatile' qualifier from pointer target type [-Wdiscarded-qualifiers]
  154 |                         .Completions = mcalloc(32, sizeof(NVMeSubmissionQueueSlot_t)),
      |                                        ^~~~~~~
C:/GitHub/BlockyOS/src/kernel/services/IO/controllers/NVMe.h: In function 'NVMePollNamespace':
C:/GitHub/BlockyOS/src/kernel/services/IO/controllers/NVMe.h:169:50: warning: initialization discards 'volatile' qualifier from pointer target type [-Wdiscarded-qualifiers]
  169 |         NVMeIdentifyNamespaceData_t *Namespace = mmalloc(sizeof(NVMeIdentifyNamespaceData_t));
      |                                                  ^~~~~~~
C:/GitHub/BlockyOS/src/kernel/services/IO/controllers/NVMe.h: In function 'NVMeAllocateIOSubmissionQueues':
C:/GitHub/BlockyOS/src/kernel/services/IO/controllers/NVMe.h:233:34: warning: assignment discards 'volatile' qualifier from pointer target type [-Wdiscarded-qualifiers]
  233 |                 hnd->Submissions = mrealloc(hnd->Submissions, sizeof(void *) * (hnd->NSubmissions + 32));
      |                                  ^
C:/GitHub/BlockyOS/src/kernel/services/IO/controllers/NVMe.h:234:33: warning: assignment discards 'volatile' qualifier from pointer target type [-Wdiscarded-qualifiers]
  234 |                 hnd->NPerSQueue = mrealloc(hnd->NPerSQueue, sizeof(uint32_t) * (hnd->NSubmissions + 32));
      |                                 ^
C:/GitHub/BlockyOS/src/kernel/services/IO/controllers/NVMe.h:235:26: warning: assignment discards 'volatile' qualifier from pointer target type [-Wdiscarded-qualifiers]
  235 |                 hnd->_SQ = mrealloc(hnd->_SQ, sizeof(uint16_t) * (hnd->NSubmissions + 32));
      |                          ^
C:/GitHub/BlockyOS/src/kernel/services/IO/controllers/NVMe.h: In function 'NVMeAllocateIOCompletionQueue':
C:/GitHub/BlockyOS/src/kernel/services/IO/controllers/NVMe.h:272:34: warning: assignment discards 'volatile' qualifier from pointer target type [-Wdiscarded-qualifiers]
  272 |                 hnd->Completions = mrealloc(hnd->Completions, sizeof(void *) * (hnd->NCompletions + 32));
      |                                  ^
C:/GitHub/BlockyOS/src/kernel/services/IO/controllers/NVMe.h:273:33: warning: assignment discards 'volatile' qualifier from pointer target type [-Wdiscarded-qualifiers]
  273 |                 hnd->NPerCQueue = mrealloc(hnd->NPerCQueue, sizeof(uint32_t) * (hnd->NCompletions + 32));
      |                                 ^
C:/GitHub/BlockyOS/src/kernel/services/IO/controllers/NVMe.h:274:26: warning: assignment discards 'volatile' qualifier from pointer target type [-Wdiscarded-qualifiers]
  274 |                 hnd->_CQ = mrealloc(hnd->_CQ, sizeof(uint16_t) * (hnd->NCompletions + 32));
      |                          ^
C:/GitHub/BlockyOS/src/kernel/services/IO/IO.c: In function 'GetMassStorageLogicalBlockSize':
C:/GitHub/BlockyOS/src/kernel/services/IO/IO.c:53:19: warning: comparison between pointer and integer
   53 |         if(Handle == UINT64_MAX || Handle == 0x1){return ATAPISectorSize((*(ATAPIQueue *)Handle));}
      |                   ^~
C:/GitHub/BlockyOS/src/kernel/services/IO/IO.c:53:43: warning: comparison between pointer and integer
   53 |         if(Handle == UINT64_MAX || Handle == 0x1){return ATAPISectorSize((*(ATAPIQueue *)Handle));}
      |                                           ^~
C:/GitHub/BlockyOS/src/kernel/services/IO/IO.c: In function 'MassStorageRead':
C:/GitHub/BlockyOS/src/kernel/services/IO/IO.c:138:22: warning: initialization discards 'volatile' qualifier from pointer target type [-Wdiscarded-qualifiers]
  138 |         void *Temp = mcalloc(1, __roundup(Bytes, LBS));
      |                      ^~~~~~~
C:/GitHub/BlockyOS/src/kernel/services/IO/IO.c: In function 'MassStorageWrite':
C:/GitHub/BlockyOS/src/kernel/services/IO/IO.c:147:22: warning: initialization discards 'volatile' qualifier from pointer target type [-Wdiscarded-qualifiers]
  147 |         void *Temp = mcalloc(1, __roundup(Bytes, LBS));
      |                      ^~~~~~~
C:/GitHub/BlockyOS/src/kernel/services/IO/IO.c: In function 'OpenRawHandle':
C:/GitHub/BlockyOS/src/kernel/services/IO/IO.c:156:21: warning: initialization discards 'volatile' qualifier from pointer target type [-Wdiscarded-qualifiers]
  156 |         rawenv re = mcalloc(1, sizeof(renv_t));
      |                     ^~~~~~~
C:/GitHub/BlockyOS/src/kernel/services/IO/IO.c: In function 'ReadRawHandleBlocks':
C:/GitHub/BlockyOS/src/kernel/services/IO/IO.c:180:21: warning: initialization discards 'volatile' qualifier from pointer target type [-Wdiscarded-qualifiers]
  180 |         void *Out = mcalloc(re->CalcBlocks, __roundup(re->RealBlockSize * BLOCKS, re->RealBlockSize));
      |                     ^~~~~~~
C:/GitHub/BlockyOS/src/kernel/services/IO/IO.c: In function 'WriteRawHandleBlocks':
C:/GitHub/BlockyOS/src/kernel/services/IO/IO.c:190:20: warning: initialization discards 'volatile' qualifier from pointer target type [-Wdiscarded-qualifiers]
  190 |         void *In = mcalloc(re->CalcBlocks, __roundup(re->RealBlockSize * BLOCKS, re->RealBlockSize));
      |                    ^~~~~~~
In file included from C:/GitHub/BlockyOS/src/kernel/services/IO/controllers/_ATAPI.h:6,
                 from C:/GitHub/BlockyOS/src/kernel/services/IO/service.h:14:
C:/GitHub/BlockyOS/src/kernel/libcrt/hardware/PIT.h: At top level:
C:/GitHub/BlockyOS/src/kernel/libcrt/hardware/PIT.h:17:20: warning: inline function 'SleepS' declared but never defined
   17 | LibAPI inline void SleepS(uint32_t seconds);
      |                    ^~~~~~
Compiled and updated timestamp for C:\GitHub\BlockyOS\src\kernel\services\IO\IO.c
Stale source detected for C:\GitHub\BlockyOS\Build\Build-nodate\root-part\libcrt.dll. source=2026-10-02T17:47:31.1399436Z, stored=none, delta=n/a sec
Compiled and updated timestamp for C:\GitHub\BlockyOS\Build\Build-nodate\root-part\libcrt.dll
Stale source detected for C:\GitHub\BlockyOS\src\kernel\services\IO\IO.def. source=2026-09-16T21:00:02.8766014Z, stored=none, delta=n/a sec
Compiled and updated timestamp for C:\GitHub\BlockyOS\src\kernel\services\IO\IO.def
gcc compile/cache/c.IO.o Build/Build-nodate/root-part/libcrt.dll src/kernel/services/IO/IO.def -Wl,-nostdlib -Wl,-shared -Wl,-flinker-output=dyn -Wl,-Bsymbolic -Wl,--out-implib,C:/GitHub/BlockyOS/Build/Build-nodate/root-part/services/IO.dll.a -Wl,-Map,C:\GitHub\BlockyOS\src\kernel\services\IO\alibcrt.map -fdiagnostics-color=always -fno-diagnostics-show-highlight-colors -nostartfiles -nodefaultlibs -fno-asynchronous-unwind-tables -fno-unwind-tables -o C:/GitHub/BlockyOS/Build/Build-nodate/root-part/services/IO.dll
Build finished successfully -> C:/GitHub/BlockyOS/Build/Build-nodate/root-part/services/IO.dll


[SHELL]	FSFRAT.MAKE
[SHELL]	FSFRAT.MOUNT
[SHELL]	e.disk -pp C:/GitHub/BlockyOS/Build/Build-nodate/disk.img -pt ROOT -bs 2048 -lb 32 -v 1:0
[SHELL OUT]:	
[SHELL OUT]:	FSFRAT DRIVER
[SHELL OUT]:	>> 
[SHELL OUT]:	[C:\GitHub\BlockyOS\tools\filesystem\frat.c:196]  >>  Mounting FS Root: [C:/GitHub/BlockyOS/Build/Build-nodate/disk.img]
[SHELL OUT]:	Verifying Disk GPT
[SHELL OUT]:	[Parent:00007ff6692ed8ff] >>  C:/GitHub/BlockyOS/Build/Build-nodate/disk.img  Base: 0    ConfBlockSize: 512    Starting Disk Env ID: 
[SHELL OUT]:	Reading Bytes
[SHELL OUT]:	[Parent:00007ff6692ed91a] >> Reading [92 bytes(s)->1 block(s)] from LBA[1(512)-2(1024)]
[SHELL OUT]:	GPT Dump:
[SHELL OUT]:	    Sig: "EFI PART"
[SHELL OUT]:	    Rev: 65536
[SHELL OUT]:	    Header-Size: 92
[SHELL OUT]:	    Header Checksum: 2621714706
[SHELL OUT]:	    localLBA: 1
[SHELL OUT]:	    altLBA: 2230273
[SHELL OUT]:	    firstUsable: 2048
[SHELL OUT]:	    lastUsable: 2230271
[SHELL OUT]:	    Disk-GUID: 
[SHELL OUT]:	    Partition-Table: 2
[SHELL OUT]:	    # of Partition-Entries: 2
[SHELL OUT]:	    Partition-Entry Size: 128
[SHELL OUT]:	    Partition-Table Checksum: 896708427
[SHELL OUT]:	Closing Disk Interface >> {C:/GitHub/BlockyOS/Build/Build-nodate/disk.img}
[SHELL OUT]:	GPT Exists? true
[SHELL OUT]:	[Parent:00007ff6692eeed9] >>  C:/GitHub/BlockyOS/Build/Build-nodate/disk.img  Base: 0    ConfBlockSize: 512    Starting Disk Env ID: 
[SHELL OUT]:	Reading Bytes
[SHELL OUT]:	[Parent:00007ff6692eeefa] >> Reading [92 bytes(s)->1 block(s)] from LBA[1(512)-2(1024)]
[SHELL OUT]:	[C:\GitHub\BlockyOS\tools\filesystem\frat.c:137]  >>  Querying Part Table
[SHELL OUT]:	Reading Bytes
[SHELL OUT]:	[Parent:00007ff6692ee73d] >> Reading [256 bytes(s)->1 block(s)] from LBA[2(1024)-3(1536)]
[SHELL OUT]:	[C:\GitHub\BlockyOS\tools\filesystem\frat.c:145]  >>  GPT-Entry: BOOT{2048:133119 -> 131071}
[SHELL OUT]:	[C:\GitHub\BlockyOS\tools\filesystem\frat.c:159]  >>  Querying FS at 2048
[SHELL OUT]:	Reading Bytes
[SHELL OUT]:	[Parent:00007ff6692eebe1] >> Reading [60 bytes(s)->1 block(s)] from LBA[2048(1048576)-2049(1049088)]
[SHELL OUT]:	FS-Root Blob:
[SHELL OUT]:	    Version: [0:131072]
[SHELL OUT]:	    Sig: 
[SHELL OUT]:	    Configured Log Sectors: 2
[SHELL OUT]:	    Configured Block Size: 0
[SHELL OUT]:	    Configured Cluster-Map Size: 16711743
[SHELL OUT]:	[C:\GitHub\BlockyOS\tools\filesystem\frat.c:145]  >>  GPT-Entry: ROOT{133120:2230271 -> 2097151}
[SHELL OUT]:	[C:\GitHub\BlockyOS\tools\filesystem\frat.c:159]  >>  Querying FS at 133120
[SHELL OUT]:	Reading Bytes
[SHELL OUT]:	[Parent:00007ff6692eebe1] >> Reading [60 bytes(s)->1 block(s)] from LBA[133120(68157440)-133121(68157952)]
[SHELL OUT]:	FS-Root Blob:
[SHELL OUT]:	    Version: [0:1]
[SHELL OUT]:	    Sig: FRAT_FILESYSTEM
[SHELL OUT]:	    Configured Log Sectors: 32
[SHELL OUT]:	    Configured Block Size: 2048
[SHELL OUT]:	    Configured Cluster-Map Size: 20480
[SHELL OUT]:	[C:\GitHub\BlockyOS\tools\filesystem\frat.c:184]  >>  FS Found at [133120]:
[SHELL OUT]:		Version-Code: [0:1]
[SHELL OUT]:		Configured Block-Size: 2048
[SHELL OUT]:		Configured Cluster-Size: 20480
[SHELL OUT]:		Configured # of Log-Sectors: 32
[SHELL OUT]:		Configured Log-Size: 576
[SHELL OUT]:	[C:\GitHub\BlockyOS\tools\filesystem\frat.c:210]  >>  Found Formatted Partition: 133120:2230271 -> 2097151
[SHELL OUT]:	Reading Bytes
[SHELL OUT]:	[Parent:00007ff6692ef05b] >> Reading [60 bytes(s)->1 block(s)] from LBA[133120(68157440)-133121(68157952)]
[SHELL OUT]:	[C:\GitHub\BlockyOS\tools\filesystem\frat.c:223]  >>  Root: 133120:2230271 -> 2097151 LBAs
[SHELL OUT]:		Version-Code: [0:1]
[SHELL OUT]:		Configured Block-Size: 2048
[SHELL OUT]:		Configured Cluster-Size: 20480
[SHELL OUT]:		Configured # of Log-Sectors: 20480
[SHELL OUT]:		Configured Log-Size: 32
[SHELL OUT]:	Reading Bytes
[SHELL OUT]:	[Parent:00007ff6692ef39f] >> Reading [65536 bytes(s)->128 block(s)] from LBA[133121(68159488)-133249(68421632)]
[SHELL OUT]:	Reading Bytes
[SHELL OUT]:	[Parent:00007ff6692ef44b] >> Reading [20480 bytes(s)->40 block(s)] from LBA[202752(210763776)-202792(210845696)]
[SHELL OUT]:	    Verifying FS Root Items #items: 1024
[SHELL OUT]:	Reading Bytes
[SHELL OUT]:	[Parent:00007ff6692ef6be] >> Reading [512 bytes(s)->4 block(s)] from LBA[225280(256901120)-225284(256909312)]
[SHELL OUT]:	Reading Bytes
[SHELL OUT]:	[Parent:00007ff6692ef6be] >> Reading [512 bytes(s)->4 block(s)] from LBA[225281(256903168)-225285(256911360)]
[SHELL OUT]:	Reading Bytes
[SHELL OUT]:	[Parent:00007ff6692ef6be] >> Reading [512 bytes(s)->4 block(s)] from LBA[225396(257138688)-225400(257146880)]
[SHELL OUT]:	Reading Bytes
[SHELL OUT]:	[Parent:00007ff6692ef6be] >> Reading [512 bytes(s)->4 block(s)] from LBA[225422(257191936)-225426(257200128)]
[SHELL OUT]:	Reading Bytes
[SHELL OUT]:	[Parent:00007ff6692ef6be] >> Reading [512 bytes(s)->4 block(s)] from LBA[225431(257210368)-225435(257218560)]
[SHELL OUT]:	Reading Bytes
[SHELL OUT]:	[Parent:00007ff6692ef6be] >> Reading [512 bytes(s)->4 block(s)] from LBA[225446(257241088)-225450(257249280)]
[SHELL OUT]:	Reading Bytes
[SHELL OUT]:	[Parent:00007ff6692ef6be] >> Reading [512 bytes(s)->4 block(s)] from LBA[225560(257474560)-225564(257482752)]
[SHELL OUT]:	Reading Bytes
[SHELL OUT]:	[Parent:00007ff6692ef6be] >> Reading [512 bytes(s)->4 block(s)] from LBA[225586(257527808)-225590(257536000)]
[SHELL OUT]:	Reading Bytes
[SHELL OUT]:	[Parent:00007ff6692ef6be] >> Reading [512 bytes(s)->4 block(s)] from LBA[225595(257546240)-225599(257554432)]
[SHELL OUT]:	Reading Bytes
[SHELL OUT]:	[Parent:00007ff6692ef6be] >> Reading [512 bytes(s)->4 block(s)] from LBA[225610(257576960)-225614(257585152)]
[SHELL OUT]:	Closing Disk Interface >> {C:/GitHub/BlockyOS/Build/Build-nodate/disk.img}
[SHELL OUT]:	[Parent:00007ff6692f1926] >>  C:/GitHub/BlockyOS/Build/Build-nodate/disk.img  Base: 133120    ConfBlockSize: 2048    Starting Disk Env ID: 
[SHELL OUT]:	Writing Bytes
[SHELL OUT]:	[Parent:00007ff6692f194f] >> Wrtiting [60 bytes(s)->4 block(s)] to LBA[133120(68157440)-133124(68165632)]
[SHELL OUT]:	Writing Bytes
[SHELL OUT]:	[Parent:00007ff6692f1997] >> Wrtiting [20480 bytes(s)->40 block(s)] to LBA[202752(210763776)-202792(210845696)]
[SHELL OUT]:	Closing Disk Interface >> {C:/GitHub/BlockyOS/Build/Build-nodate/disk.img}
[SHELL OUT]:	[0]: ""
[SHELL]	create -la fc -p SYSD/ -n IO.dll
[SHELL OUT]:	
[SHELL OUT]:	>> 
[SHELL OUT]:	>> 
[SHELL OUT]:	000002b21fcd5ecb:fc	000002b21fcd5ed1:SYSD/	000002b21fcd5eda:IO.dll	
[SHELL OUT]:	[	SYSD/IO.dll]
[SHELL OUT]:	Mounting File [SYSD/IO.dll] with "fc"
[SHELL OUT]:	Creating File at: ./SYSD/IO.dll
[SHELL OUT]:	Root is 000002b21fcd9030
[SHELL OUT]:	Root is 000002b21fcd9030
[SHELL OUT]:	Un-Mounting File [1742780011519050388:147156532550678]
[SHELL OUT]:	[Parent:00007ff6692f1926] >>  C:/GitHub/BlockyOS/Build/Build-nodate/disk.img  Base: 133120    ConfBlockSize: 2048    Starting Disk Env ID: 
[SHELL OUT]:	Writing Bytes
[SHELL OUT]:	[Parent:00007ff6692f194f] >> Wrtiting [60 bytes(s)->4 block(s)] to LBA[133120(68157440)-133124(68165632)]
[SHELL OUT]:	Writing Bytes
[SHELL OUT]:	[Parent:00007ff6692f1997] >> Wrtiting [20480 bytes(s)->40 block(s)] to LBA[202752(210763776)-202792(210845696)]
[SHELL OUT]:	Closing Disk Interface >> {C:/GitHub/BlockyOS/Build/Build-nodate/disk.img}
[SHELL OUT]:	[0]: ""
[SHELL]	FSFRAT.OPEN
[SHELL]	open -p SYSD/IO.dll -a IO -la f
[SHELL OUT]:	
[SHELL OUT]:	>> 
[SHELL OUT]:	>> 
[SHELL OUT]:	Mounting File [SYSD/IO.dll] with "f"
[SHELL OUT]:	Root is 000002b21fcd9030
[SHELL OUT]:	[0]: ""
[SHELL]	FSFRAT.WRITE
[SHELL]	fwrite -pp C:/GitHub/BlockyOS/Build/Build-nodate/root-part/services/IO.dll -ia %IO% -p 0 -n 0
[SHELL OUT]:	
[SHELL OUT]:	>> 
[SHELL OUT]:	>> 
[SHELL OUT]:	[Parent:00007ff6692f1f16] >>  C:/GitHub/BlockyOS/Build/Build-nodate/disk.img  Base: 133120    ConfBlockSize: 2048    Starting Disk Env ID: 
[SHELL OUT]:	[Parent:00007ff6692f1e53] >>  C:/GitHub/BlockyOS/Build/Build-nodate/disk.img  Base: 133120    ConfBlockSize: 2048    Starting Disk Env ID: 
[SHELL OUT]:	Reading File Info
[SHELL OUT]:	Reading Bytes
[SHELL OUT]:	[Parent:00007ff6692f1ec2] >> Reading [512 bytes(s)->4 block(s)] from LBA[225560(257474560)-225564(257482752)]
[SHELL OUT]:	Closing Disk Interface >> {C:/GitHub/BlockyOS/Build/Build-nodate/disk.img}
[SHELL OUT]:	Writing Bytes
[SHELL OUT]:	[Parent:00007ff6692f2010] >> Wrtiting [512 bytes(s)->4 block(s)] to LBA[225560(257474560)-225564(257482752)]
[SHELL OUT]:	Closing Disk Interface >> {C:/GitHub/BlockyOS/Build/Build-nodate/disk.img}
[SHELL OUT]:	Root is 000002b21fcd9030
[SHELL OUT]:	Writing File Block at 225561, Item: 1.	Root: [1742780011519050388:147156532550678]
[SHELL OUT]:	[Parent:00007ff6692f1557] >>  C:/GitHub/BlockyOS/Build/Build-nodate/disk.img  Base: 133120    ConfBlockSize: 2048    Starting Disk Env ID: 
[SHELL OUT]:	Writing Bytes
[SHELL OUT]:	[Parent:00007ff6692f1583] >> Wrtiting [2048 bytes(s)->4 block(s)] to LBA[225561(257476608)-225565(257484800)]
[SHELL OUT]:	Closing Disk Interface >> {C:/GitHub/BlockyOS/Build/Build-nodate/disk.img}
[SHELL OUT]:	Writing File Block at 225562, Item: 2.	Root: [1742780011519050388:147156532550678]
[SHELL OUT]:	[Parent:00007ff6692f1557] >>  C:/GitHub/BlockyOS/Build/Build-nodate/disk.img  Base: 133120    ConfBlockSize: 2048    Starting Disk Env ID: 
[SHELL OUT]:	Writing Bytes
[SHELL OUT]:	[Parent:00007ff6692f1583] >> Wrtiting [2048 bytes(s)->4 block(s)] to LBA[225562(257478656)-225566(257486848)]
[SHELL OUT]:	Closing Disk Interface >> {C:/GitHub/BlockyOS/Build/Build-nodate/disk.img}
[SHELL OUT]:	Writing File Block at 225563, Item: 3.	Root: [1742780011519050388:147156532550678]
[SHELL OUT]:	[Parent:00007ff6692f1557] >>  C:/GitHub/BlockyOS/Build/Build-nodate/disk.img  Base: 133120    ConfBlockSize: 2048    Starting Disk Env ID: 
[SHELL OUT]:	Writing Bytes
[SHELL OUT]:	[Parent:00007ff6692f1583] >> Wrtiting [2048 bytes(s)->4 block(s)] to LBA[225563(257480704)-225567(257488896)]
[SHELL OUT]:	Closing Disk Interface >> {C:/GitHub/BlockyOS/Build/Build-nodate/disk.img}
[SHELL OUT]:	Writing File Block at 225564, Item: 4.	Root: [1742780011519050388:147156532550678]
[SHELL OUT]:	[Parent:00007ff6692f1557] >>  C:/GitHub/BlockyOS/Build/Build-nodate/disk.img  Base: 133120    ConfBlockSize: 2048    Starting Disk Env ID: 
[SHELL OUT]:	Writing Bytes
[SHELL OUT]:	[Parent:00007ff6692f1583] >> Wrtiting [2048 bytes(s)->4 block(s)] to LBA[225564(257482752)-225568(257490944)]
[SHELL OUT]:	Closing Disk Interface >> {C:/GitHub/BlockyOS/Build/Build-nodate/disk.img}
[SHELL OUT]:	Writing File Block at 225565, Item: 5.	Root: [1742780011519050388:147156532550678]
[SHELL OUT]:	[Parent:00007ff6692f1557] >>  C:/GitHub/BlockyOS/Build/Build-nodate/disk.img  Base: 133120    ConfBlockSize: 2048    Starting Disk Env ID: 
[SHELL OUT]:	Writing Bytes
[SHELL OUT]:	[Parent:00007ff6692f1583] >> Wrtiting [2048 bytes(s)->4 block(s)] to LBA[225565(257484800)-225569(257492992)]
[SHELL OUT]:	Closing Disk Interface >> {C:/GitHub/BlockyOS/Build/Build-nodate/disk.img}
[SHELL OUT]:	Writing File Block at 225566, Item: 6.	Root: [1742780011519050388:147156532550678]
[SHELL OUT]:	[Parent:00007ff6692f1557] >>  C:/GitHub/BlockyOS/Build/Build-nodate/disk.img  Base: 133120    ConfBlockSize: 2048    Starting Disk Env ID: 
[SHELL OUT]:	Writing Bytes
[SHELL OUT]:	[Parent:00007ff6692f1583] >> Wrtiting [2048 bytes(s)->4 block(s)] to LBA[225566(257486848)-225570(257495040)]
[SHELL OUT]:	Closing Disk Interface >> {C:/GitHub/BlockyOS/Build/Build-nodate/disk.img}
[SHELL OUT]:	Writing File Block at 225567, Item: 7.	Root: [1742780011519050388:147156532550678]
[SHELL OUT]:	[Parent:00007ff6692f1557] >>  C:/GitHub/BlockyOS/Build/Build-nodate/disk.img  Base: 133120    ConfBlockSize: 2048    Starting Disk Env ID: 
[SHELL OUT]:	Writing Bytes
[SHELL OUT]:	[Parent:00007ff6692f1583] >> Wrtiting [2048 bytes(s)->4 block(s)] to LBA[225567(257488896)-225571(257497088)]
[SHELL OUT]:	Closing Disk Interface >> {C:/GitHub/BlockyOS/Build/Build-nodate/disk.img}
[SHELL OUT]:	Writing File Block at 225568, Item: 8.	Root: [1742780011519050388:147156532550678]
[SHELL OUT]:	[Parent:00007ff6692f1557] >>  C:/GitHub/BlockyOS/Build/Build-nodate/disk.img  Base: 133120    ConfBlockSize: 2048    Starting Disk Env ID: 
[SHELL OUT]:	Writing Bytes
[SHELL OUT]:	[Parent:00007ff6692f1583] >> Wrtiting [2048 bytes(s)->4 block(s)] to LBA[225568(257490944)-225572(257499136)]
[SHELL OUT]:	Closing Disk Interface >> {C:/GitHub/BlockyOS/Build/Build-nodate/disk.img}
[SHELL OUT]:	Writing File Block at 225569, Item: 9.	Root: [1742780011519050388:147156532550678]
[SHELL OUT]:	[Parent:00007ff6692f1557] >>  C:/GitHub/BlockyOS/Build/Build-nodate/disk.img  Base: 133120    ConfBlockSize: 2048    Starting Disk Env ID: 
[SHELL OUT]:	Writing Bytes
[SHELL OUT]:	[Parent:00007ff6692f1583] >> Wrtiting [2048 bytes(s)->4 block(s)] to LBA[225569(257492992)-225573(257501184)]
[SHELL OUT]:	Closing Disk Interface >> {C:/GitHub/BlockyOS/Build/Build-nodate/disk.img}
[SHELL OUT]:	Writing File Block at 225570, Item: 10.	Root: [1742780011519050388:147156532550678]
[SHELL OUT]:	[Parent:00007ff6692f1557] >>  C:/GitHub/BlockyOS/Build/Build-nodate/disk.img  Base: 133120    ConfBlockSize: 2048    Starting Disk Env ID: 
[SHELL OUT]:	Writing Bytes
[SHELL OUT]:	[Parent:00007ff6692f1583] >> Wrtiting [2048 bytes(s)->4 block(s)] to LBA[225570(257495040)-225574(257503232)]
[SHELL OUT]:	Closing Disk Interface >> {C:/GitHub/BlockyOS/Build/Build-nodate/disk.img}
[SHELL OUT]:	Writing File Block at 225571, Item: 11.	Root: [1742780011519050388:147156532550678]
[SHELL OUT]:	[Parent:00007ff6692f1557] >>  C:/GitHub/BlockyOS/Build/Build-nodate/disk.img  Base: 133120    ConfBlockSize: 2048    Starting Disk Env ID: 
[SHELL OUT]:	Writing Bytes
[SHELL OUT]:	[Parent:00007ff6692f1583] >> Wrtiting [2048 bytes(s)->4 block(s)] to LBA[225571(257497088)-225575(257505280)]
[SHELL OUT]:	Closing Disk Interface >> {C:/GitHub/BlockyOS/Build/Build-nodate/disk.img}
[SHELL OUT]:	Writing File Block at 225572, Item: 12.	Root: [1742780011519050388:147156532550678]
[SHELL OUT]:	[Parent:00007ff6692f1557] >>  C:/GitHub/BlockyOS/Build/Build-nodate/disk.img  Base: 133120    ConfBlockSize: 2048    Starting Disk Env ID: 
[SHELL OUT]:	Writing Bytes
[SHELL OUT]:	[Parent:00007ff6692f1583] >> Wrtiting [2048 bytes(s)->4 block(s)] to LBA[225572(257499136)-225576(257507328)]
[SHELL OUT]:	Closing Disk Interface >> {C:/GitHub/BlockyOS/Build/Build-nodate/disk.img}
[SHELL OUT]:	Writing File Block at 225573, Item: 13.	Root: [1742780011519050388:147156532550678]
[SHELL OUT]:	[Parent:00007ff6692f1557] >>  C:/GitHub/BlockyOS/Build/Build-nodate/disk.img  Base: 133120    ConfBlockSize: 2048    Starting Disk Env ID: 
[SHELL OUT]:	Writing Bytes
[SHELL OUT]:	[Parent:00007ff6692f1583] >> Wrtiting [2048 bytes(s)->4 block(s)] to LBA[225573(257501184)-225577(257509376)]
[SHELL OUT]:	Closing Disk Interface >> {C:/GitHub/BlockyOS/Build/Build-nodate/disk.img}
[SHELL OUT]:	Writing File Block at 225574, Item: 14.	Root: [1742780011519050388:147156532550678]
[SHELL OUT]:	[Parent:00007ff6692f1557] >>  C:/GitHub/BlockyOS/Build/Build-nodate/disk.img  Base: 133120    ConfBlockSize: 2048    Starting Disk Env ID: 
[SHELL OUT]:	Writing Bytes
[SHELL OUT]:	[Parent:00007ff6692f1583] >> Wrtiting [2048 bytes(s)->4 block(s)] to LBA[225574(257503232)-225578(257511424)]
[SHELL OUT]:	Closing Disk Interface >> {C:/GitHub/BlockyOS/Build/Build-nodate/disk.img}
[SHELL OUT]:	Writing File Block at 225575, Item: 15.	Root: [1742780011519050388:147156532550678]
[SHELL OUT]:	[Parent:00007ff6692f1557] >>  C:/GitHub/BlockyOS/Build/Build-nodate/disk.img  Base: 133120    ConfBlockSize: 2048    Starting Disk Env ID: 
[SHELL OUT]:	Writing Bytes
[SHELL OUT]:	[Parent:00007ff6692f1583] >> Wrtiting [2048 bytes(s)->4 block(s)] to LBA[225575(257505280)-225579(257513472)]
[SHELL OUT]:	Closing Disk Interface >> {C:/GitHub/BlockyOS/Build/Build-nodate/disk.img}
[SHELL OUT]:	Writing File Block at 225576, Item: 16.	Root: [1742780011519050388:147156532550678]
[SHELL OUT]:	[Parent:00007ff6692f1557] >>  C:/GitHub/BlockyOS/Build/Build-nodate/disk.img  Base: 133120    ConfBlockSize: 2048    Starting Disk Env ID: 
[SHELL OUT]:	Writing Bytes
[SHELL OUT]:	[Parent:00007ff6692f1583] >> Wrtiting [2048 bytes(s)->4 block(s)] to LBA[225576(257507328)-225580(257515520)]
[SHELL OUT]:	Closing Disk Interface >> {C:/GitHub/BlockyOS/Build/Build-nodate/disk.img}
[SHELL OUT]:	Writing File Block at 225577, Item: 17.	Root: [1742780011519050388:147156532550678]
[SHELL OUT]:	[Parent:00007ff6692f1557] >>  C:/GitHub/BlockyOS/Build/Build-nodate/disk.img  Base: 133120    ConfBlockSize: 2048    Starting Disk Env ID: 
[SHELL OUT]:	Writing Bytes
[SHELL OUT]:	[Parent:00007ff6692f1583] >> Wrtiting [2048 bytes(s)->4 block(s)] to LBA[225577(257509376)-225581(257517568)]
[SHELL OUT]:	Closing Disk Interface >> {C:/GitHub/BlockyOS/Build/Build-nodate/disk.img}
[SHELL OUT]:	Writing File Block at 225578, Item: 18.	Root: [1742780011519050388:147156532550678]
[SHELL OUT]:	[Parent:00007ff6692f1557] >>  C:/GitHub/BlockyOS/Build/Build-nodate/disk.img  Base: 133120    ConfBlockSize: 2048    Starting Disk Env ID: 
[SHELL OUT]:	Writing Bytes
[SHELL OUT]:	[Parent:00007ff6692f1583] >> Wrtiting [2048 bytes(s)->4 block(s)] to LBA[225578(257511424)-225582(257519616)]
[SHELL OUT]:	Closing Disk Interface >> {C:/GitHub/BlockyOS/Build/Build-nodate/disk.img}
[SHELL OUT]:	Writing File Block at 225579, Item: 19.	Root: [1742780011519050388:147156532550678]
[SHELL OUT]:	[Parent:00007ff6692f1557] >>  C:/GitHub/BlockyOS/Build/Build-nodate/disk.img  Base: 133120    ConfBlockSize: 2048    Starting Disk Env ID: 
[SHELL OUT]:	Writing Bytes
[SHELL OUT]:	[Parent:00007ff6692f1583] >> Wrtiting [2048 bytes(s)->4 block(s)] to LBA[225579(257513472)-225583(257521664)]
[SHELL OUT]:	Closing Disk Interface >> {C:/GitHub/BlockyOS/Build/Build-nodate/disk.img}
[SHELL OUT]:	Writing File Block at 225580, Item: 20.	Root: [1742780011519050388:147156532550678]
[SHELL OUT]:	[Parent:00007ff6692f1557] >>  C:/GitHub/BlockyOS/Build/Build-nodate/disk.img  Base: 133120    ConfBlockSize: 2048    Starting Disk Env ID: 
[SHELL OUT]:	Writing Bytes
[SHELL OUT]:	[Parent:00007ff6692f1583] >> Wrtiting [2048 bytes(s)->4 block(s)] to LBA[225580(257515520)-225584(257523712)]
[SHELL OUT]:	Closing Disk Interface >> {C:/GitHub/BlockyOS/Build/Build-nodate/disk.img}
[SHELL OUT]:	Writing File Block at 225581, Item: 21.	Root: [1742780011519050388:147156532550678]
[SHELL OUT]:	[Parent:00007ff6692f1557] >>  C:/GitHub/BlockyOS/Build/Build-nodate/disk.img  Base: 133120    ConfBlockSize: 2048    Starting Disk Env ID: 
[SHELL OUT]:	Writing Bytes
[SHELL OUT]:	[Parent:00007ff6692f1583] >> Wrtiting [2048 bytes(s)->4 block(s)] to LBA[225581(257517568)-225585(257525760)]
[SHELL OUT]:	Closing Disk Interface >> {C:/GitHub/BlockyOS/Build/Build-nodate/disk.img}
[SHELL OUT]:	Writing File Block at 225582, Item: 22.	Root: [1742780011519050388:147156532550678]
[SHELL OUT]:	[Parent:00007ff6692f1557] >>  C:/GitHub/BlockyOS/Build/Build-nodate/disk.img  Base: 133120    ConfBlockSize: 2048    Starting Disk Env ID: 
[SHELL OUT]:	Writing Bytes
[SHELL OUT]:	[Parent:00007ff6692f1583] >> Wrtiting [2048 bytes(s)->4 block(s)] to LBA[225582(257519616)-225586(257527808)]
[SHELL OUT]:	Closing Disk Interface >> {C:/GitHub/BlockyOS/Build/Build-nodate/disk.img}
[SHELL OUT]:	Writing File Block at 225583, Item: 23.	Root: [1742780011519050388:147156532550678]
[SHELL OUT]:	[Parent:00007ff6692f1557] >>  C:/GitHub/BlockyOS/Build/Build-nodate/disk.img  Base: 133120    ConfBlockSize: 2048    Starting Disk Env ID: 
[SHELL OUT]:	Writing Bytes
[SHELL OUT]:	[Parent:00007ff6692f1583] >> Wrtiting [2048 bytes(s)->4 block(s)] to LBA[225583(257521664)-225587(257529856)]
[SHELL OUT]:	Closing Disk Interface >> {C:/GitHub/BlockyOS/Build/Build-nodate/disk.img}
[SHELL OUT]:	Writing File Block at 225584, Item: 24.	Root: [1742780011519050388:147156532550678]
[SHELL OUT]:	[Parent:00007ff6692f1557] >>  C:/GitHub/BlockyOS/Build/Build-nodate/disk.img  Base: 133120    ConfBlockSize: 2048    Starting Disk Env ID: 
[SHELL OUT]:	Writing Bytes
[SHELL OUT]:	[Parent:00007ff6692f1583] >> Wrtiting [2048 bytes(s)->4 block(s)] to LBA[225584(257523712)-225588(257531904)]
[SHELL OUT]:	Closing Disk Interface >> {C:/GitHub/BlockyOS/Build/Build-nodate/disk.img}
[SHELL OUT]:	Reading File Block at 225585, Item: 25.    Root: [1742780011519050388:147156532550678]
[SHELL OUT]:	[Parent:00007ff6692f10ba] >>  C:/GitHub/BlockyOS/Build/Build-nodate/disk.img  Base: 133120    ConfBlockSize: 2048    Starting Disk Env ID: 
[SHELL OUT]:	Reading Bytes
[SHELL OUT]:	[Parent:00007ff6692f10de] >> Reading [2048 bytes(s)->4 block(s)] from LBA[225585(257525760)-225589(257533952)]
[SHELL OUT]:	Closing Disk Interface >> {C:/GitHub/BlockyOS/Build/Build-nodate/disk.img}
[SHELL OUT]:	Writing File Block at 225585, Item: 25.	Root: [1742780011519050388:147156532550678]
[SHELL OUT]:	[Parent:00007ff6692f1557] >>  C:/GitHub/BlockyOS/Build/Build-nodate/disk.img  Base: 133120    ConfBlockSize: 2048    Starting Disk Env ID: 
[SHELL OUT]:	Writing Bytes
[SHELL OUT]:	[Parent:00007ff6692f1583] >> Wrtiting [2048 bytes(s)->4 block(s)] to LBA[225585(257525760)-225589(257533952)]
[SHELL OUT]:	Closing Disk Interface >> {C:/GitHub/BlockyOS/Build/Build-nodate/disk.img}
[SHELL OUT]:	[0]: ""
Initializing CGCC.MAKE build process...
Skipping C:\GitHub\BlockyOS\src\kernel\services\IO\IO.c - up to date; source=2026-09-16T16:38:35.5854557Z, stored=09/16/2026 16:38:35
Stale source detected for C:\GitHub\BlockyOS\Build\Build-nodate\root-part\libcrt.dll. source=2026-10-02T17:50:26.4065337Z, stored=10/02/2026 17:47:31, delta=+20217775.407 sec
Compiled and updated timestamp for C:\GitHub\BlockyOS\Build\Build-nodate\root-part\libcrt.dll
Skipping C:\GitHub\BlockyOS\src\kernel\services\IO\IO.def - up to date; source=2026-09-16T21:00:02.8766014Z, stored=09/16/2026 21:00:02
gcc compile/cache/c.IO.o Build/Build-nodate/root-part/libcrt.dll src/kernel/services/IO/IO.def -Wl,-nostdlib -Wl,-shared -Wl,-flinker-output=dyn -Wl,-Bsymbolic -Wl,--out-implib,C:/GitHub/BlockyOS/Build/Build-nodate/root-part/services/IO.dll.a -Wl,-Map,C:\GitHub\BlockyOS\src\kernel\services\IO\alibcrt.map -fdiagnostics-color=always -fno-diagnostics-show-highlight-colors -nostartfiles -nodefaultlibs -fno-asynchronous-unwind-tables -fno-unwind-tables -o C:/GitHub/BlockyOS/Build/Build-nodate/root-part/services/IO.dll
Build finished successfully -> C:/GitHub/BlockyOS/Build/Build-nodate/root-part/services/IO.dll


[SHELL]	FSFRAT.MAKE
[SHELL]	FSFRAT.MOUNT
[SHELL]	e.disk -pp C:/GitHub/BlockyOS/Build/Build-nodate/disk.img -pt ROOT -bs 2048 -lb 32 -v 1:0
[SHELL OUT]:	
[SHELL OUT]:	FSFRAT DRIVER
[SHELL OUT]:	>> 
[SHELL OUT]:	[C:\GitHub\BlockyOS\tools\filesystem\frat.c:196]  >>  Mounting FS Root: [C:/GitHub/BlockyOS/Build/Build-nodate/disk.img]
[SHELL OUT]:	Verifying Disk GPT
[SHELL OUT]:	[Parent:00007ff6692ed8ff] >>  C:/GitHub/BlockyOS/Build/Build-nodate/disk.img  Base: 0    ConfBlockSize: 512    Starting Disk Env ID: 
[SHELL OUT]:	Reading Bytes
[SHELL OUT]:	[Parent:00007ff6692ed91a] >> Reading [92 bytes(s)->1 block(s)] from LBA[1(512)-2(1024)]
[SHELL OUT]:	GPT Dump:
[SHELL OUT]:	    Sig: "EFI PART"
[SHELL OUT]:	    Rev: 65536
[SHELL OUT]:	    Header-Size: 92
[SHELL OUT]:	    Header Checksum: 2621714706
[SHELL OUT]:	    localLBA: 1
[SHELL OUT]:	    altLBA: 2230273
[SHELL OUT]:	    firstUsable: 2048
[SHELL OUT]:	    lastUsable: 2230271
[SHELL OUT]:	    Disk-GUID: 
[SHELL OUT]:	    Partition-Table: 2
[SHELL OUT]:	    # of Partition-Entries: 2
[SHELL OUT]:	    Partition-Entry Size: 128
[SHELL OUT]:	    Partition-Table Checksum: 896708427
[SHELL OUT]:	Closing Disk Interface >> {C:/GitHub/BlockyOS/Build/Build-nodate/disk.img}
[SHELL OUT]:	GPT Exists? true
[SHELL OUT]:	[Parent:00007ff6692eeed9] >>  C:/GitHub/BlockyOS/Build/Build-nodate/disk.img  Base: 0    ConfBlockSize: 512    Starting Disk Env ID: 
[SHELL OUT]:	Reading Bytes
[SHELL OUT]:	[Parent:00007ff6692eeefa] >> Reading [92 bytes(s)->1 block(s)] from LBA[1(512)-2(1024)]
[SHELL OUT]:	[C:\GitHub\BlockyOS\tools\filesystem\frat.c:137]  >>  Querying Part Table
[SHELL OUT]:	Reading Bytes
[SHELL OUT]:	[Parent:00007ff6692ee73d] >> Reading [256 bytes(s)->1 block(s)] from LBA[2(1024)-3(1536)]
[SHELL OUT]:	[C:\GitHub\BlockyOS\tools\filesystem\frat.c:145]  >>  GPT-Entry: BOOT{2048:133119 -> 131071}
[SHELL OUT]:	[C:\GitHub\BlockyOS\tools\filesystem\frat.c:159]  >>  Querying FS at 2048
[SHELL OUT]:	Reading Bytes
[SHELL OUT]:	[Parent:00007ff6692eebe1] >> Reading [60 bytes(s)->1 block(s)] from LBA[2048(1048576)-2049(1049088)]
[SHELL OUT]:	FS-Root Blob:
[SHELL OUT]:	    Version: [0:131072]
[SHELL OUT]:	    Sig: 
[SHELL OUT]:	    Configured Log Sectors: 2
[SHELL OUT]:	    Configured Block Size: 0
[SHELL OUT]:	    Configured Cluster-Map Size: 16711743
[SHELL OUT]:	[C:\GitHub\BlockyOS\tools\filesystem\frat.c:145]  >>  GPT-Entry: ROOT{133120:2230271 -> 2097151}
[SHELL OUT]:	[C:\GitHub\BlockyOS\tools\filesystem\frat.c:159]  >>  Querying FS at 133120
[SHELL OUT]:	Reading Bytes
[SHELL OUT]:	[Parent:00007ff6692eebe1] >> Reading [60 bytes(s)->1 block(s)] from LBA[133120(68157440)-133121(68157952)]
[SHELL OUT]:	FS-Root Blob:
[SHELL OUT]:	    Version: [0:1]
[SHELL OUT]:	    Sig: FRAT_FILESYSTEM
[SHELL OUT]:	    Configured Log Sectors: 32
[SHELL OUT]:	    Configured Block Size: 2048
[SHELL OUT]:	    Configured Cluster-Map Size: 20480
[SHELL OUT]:	[C:\GitHub\BlockyOS\tools\filesystem\frat.c:184]  >>  FS Found at [133120]:
[SHELL OUT]:		Version-Code: [0:1]
[SHELL OUT]:		Configured Block-Size: 2048
[SHELL OUT]:		Configured Cluster-Size: 20480
[SHELL OUT]:		Configured # of Log-Sectors: 32
[SHELL OUT]:		Configured Log-Size: 576
[SHELL OUT]:	[C:\GitHub\BlockyOS\tools\filesystem\frat.c:210]  >>  Found Formatted Partition: 133120:2230271 -> 2097151
[SHELL OUT]:	Reading Bytes
[SHELL OUT]:	[Parent:00007ff6692ef05b] >> Reading [60 bytes(s)->1 block(s)] from LBA[133120(68157440)-133121(68157952)]
[SHELL OUT]:	[C:\GitHub\BlockyOS\tools\filesystem\frat.c:223]  >>  Root: 133120:2230271 -> 2097151 LBAs
[SHELL OUT]:		Version-Code: [0:1]
[SHELL OUT]:		Configured Block-Size: 2048
[SHELL OUT]:		Configured Cluster-Size: 20480
[SHELL OUT]:		Configured # of Log-Sectors: 20480
[SHELL OUT]:		Configured Log-Size: 32
[SHELL OUT]:	Reading Bytes
[SHELL OUT]:	[Parent:00007ff6692ef39f] >> Reading [65536 bytes(s)->128 block(s)] from LBA[133121(68159488)-133249(68421632)]
[SHELL OUT]:	Reading Bytes
[SHELL OUT]:	[Parent:00007ff6692ef44b] >> Reading [20480 bytes(s)->40 block(s)] from LBA[202752(210763776)-202792(210845696)]
[SHELL OUT]:	    Verifying FS Root Items #items: 1024
[SHELL OUT]:	Reading Bytes
[SHELL OUT]:	[Parent:00007ff6692ef6be] >> Reading [512 bytes(s)->4 block(s)] from LBA[225280(256901120)-225284(256909312)]
[SHELL OUT]:	Reading Bytes
[SHELL OUT]:	[Parent:00007ff6692ef6be] >> Reading [512 bytes(s)->4 block(s)] from LBA[225281(256903168)-225285(256911360)]
[SHELL OUT]:	Reading Bytes
[SHELL OUT]:	[Parent:00007ff6692ef6be] >> Reading [512 bytes(s)->4 block(s)] from LBA[225396(257138688)-225400(257146880)]
[SHELL OUT]:	Reading Bytes
[SHELL OUT]:	[Parent:00007ff6692ef6be] >> Reading [512 bytes(s)->4 block(s)] from LBA[225422(257191936)-225426(257200128)]
[SHELL OUT]:	Reading Bytes
[SHELL OUT]:	[Parent:00007ff6692ef6be] >> Reading [512 bytes(s)->4 block(s)] from LBA[225431(257210368)-225435(257218560)]
[SHELL OUT]:	Reading Bytes
[SHELL OUT]:	[Parent:00007ff6692ef6be] >> Reading [512 bytes(s)->4 block(s)] from LBA[225446(257241088)-225450(257249280)]
[SHELL OUT]:	Reading Bytes
[SHELL OUT]:	[Parent:00007ff6692ef6be] >> Reading [512 bytes(s)->4 block(s)] from LBA[225560(257474560)-225564(257482752)]
[SHELL OUT]:	Reading Bytes
[SHELL OUT]:	[Parent:00007ff6692ef6be] >> Reading [512 bytes(s)->4 block(s)] from LBA[225586(257527808)-225590(257536000)]
[SHELL OUT]:	Reading Bytes
[SHELL OUT]:	[Parent:00007ff6692ef6be] >> Reading [512 bytes(s)->4 block(s)] from LBA[225595(257546240)-225599(257554432)]
[SHELL OUT]:	Reading Bytes
[SHELL OUT]:	[Parent:00007ff6692ef6be] >> Reading [512 bytes(s)->4 block(s)] from LBA[225610(257576960)-225614(257585152)]
[SHELL OUT]:	Closing Disk Interface >> {C:/GitHub/BlockyOS/Build/Build-nodate/disk.img}
[SHELL OUT]:	[Parent:00007ff6692f1926] >>  C:/GitHub/BlockyOS/Build/Build-nodate/disk.img  Base: 133120    ConfBlockSize: 2048    Starting Disk Env ID: 
[SHELL OUT]:	Writing Bytes
[SHELL OUT]:	[Parent:00007ff6692f194f] >> Wrtiting [60 bytes(s)->4 block(s)] to LBA[133120(68157440)-133124(68165632)]
[SHELL OUT]:	Writing Bytes
[SHELL OUT]:	[Parent:00007ff6692f1997] >> Wrtiting [20480 bytes(s)->40 block(s)] to LBA[202752(210763776)-202792(210845696)]
[SHELL OUT]:	Closing Disk Interface >> {C:/GitHub/BlockyOS/Build/Build-nodate/disk.img}
[SHELL OUT]:	[0]: ""
[SHELL]	create -la fc -p SYSD/ -n IO.dll
[SHELL OUT]:	
[SHELL OUT]:	>> 
[SHELL OUT]:	>> 
[SHELL OUT]:	000001cae6775ecb:fc	000001cae6775ed1:SYSD/	000001cae6775eda:IO.dll	
[SHELL OUT]:	[	SYSD/IO.dll]
[SHELL OUT]:	Mounting File [SYSD/IO.dll] with "fc"
[SHELL OUT]:	Creating File at: ./SYSD/IO.dll
[SHELL OUT]:	Root is 000001cae6779030
[SHELL OUT]:	Root is 000001cae6779030
[SHELL OUT]:	Un-Mounting File [1742780011519050388:147156532550678]
[SHELL OUT]:	[Parent:00007ff6692f1926] >>  C:/GitHub/BlockyOS/Build/Build-nodate/disk.img  Base: 133120    ConfBlockSize: 2048    Starting Disk Env ID: 
[SHELL OUT]:	Writing Bytes
[SHELL OUT]:	[Parent:00007ff6692f194f] >> Wrtiting [60 bytes(s)->4 block(s)] to LBA[133120(68157440)-133124(68165632)]
[SHELL OUT]:	Writing Bytes
[SHELL OUT]:	[Parent:00007ff6692f1997] >> Wrtiting [20480 bytes(s)->40 block(s)] to LBA[202752(210763776)-202792(210845696)]
[SHELL OUT]:	Closing Disk Interface >> {C:/GitHub/BlockyOS/Build/Build-nodate/disk.img}
[SHELL OUT]:	[0]: ""
[SHELL]	FSFRAT.OPEN
[SHELL]	open -p SYSD/IO.dll -a IO -la f
[SHELL OUT]:	
[SHELL OUT]:	>> 
[SHELL OUT]:	>> 
[SHELL OUT]:	Mounting File [SYSD/IO.dll] with "f"
[SHELL OUT]:	Root is 000001cae6779030
[SHELL OUT]:	[0]: ""
[SHELL]	FSFRAT.WRITE
[SHELL]	fwrite -pp C:/GitHub/BlockyOS/Build/Build-nodate/root-part/services/IO.dll -ia %IO% -p 0 -n 0
[SHELL OUT]:	
[SHELL OUT]:	>> 
[SHELL OUT]:	>> 
[SHELL OUT]:	[Parent:00007ff6692f1f16] >>  C:/GitHub/BlockyOS/Build/Build-nodate/disk.img  Base: 133120    ConfBlockSize: 2048    Starting Disk Env ID: 
[SHELL OUT]:	[Parent:00007ff6692f1e53] >>  C:/GitHub/BlockyOS/Build/Build-nodate/disk.img  Base: 133120    ConfBlockSize: 2048    Starting Disk Env ID: 
[SHELL OUT]:	Reading File Info
[SHELL OUT]:	Reading Bytes
[SHELL OUT]:	[Parent:00007ff6692f1ec2] >> Reading [512 bytes(s)->4 block(s)] from LBA[225560(257474560)-225564(257482752)]
[SHELL OUT]:	Closing Disk Interface >> {C:/GitHub/BlockyOS/Build/Build-nodate/disk.img}
[SHELL OUT]:	Writing Bytes
[SHELL OUT]:	[Parent:00007ff6692f2010] >> Wrtiting [512 bytes(s)->4 block(s)] to LBA[225560(257474560)-225564(257482752)]
[SHELL OUT]:	Closing Disk Interface >> {C:/GitHub/BlockyOS/Build/Build-nodate/disk.img}
[SHELL OUT]:	Root is 000001cae6779030
[SHELL OUT]:	Writing File Block at 225561, Item: 1.	Root: [1742780011519050388:147156532550678]
[SHELL OUT]:	[Parent:00007ff6692f1557] >>  C:/GitHub/BlockyOS/Build/Build-nodate/disk.img  Base: 133120    ConfBlockSize: 2048    Starting Disk Env ID: 
[SHELL OUT]:	Writing Bytes
[SHELL OUT]:	[Parent:00007ff6692f1583] >> Wrtiting [2048 bytes(s)->4 block(s)] to LBA[225561(257476608)-225565(257484800)]
[SHELL OUT]:	Closing Disk Interface >> {C:/GitHub/BlockyOS/Build/Build-nodate/disk.img}
[SHELL OUT]:	Writing File Block at 225562, Item: 2.	Root: [1742780011519050388:147156532550678]
[SHELL OUT]:	[Parent:00007ff6692f1557] >>  C:/GitHub/BlockyOS/Build/Build-nodate/disk.img  Base: 133120    ConfBlockSize: 2048    Starting Disk Env ID: 
[SHELL OUT]:	Writing Bytes
[SHELL OUT]:	[Parent:00007ff6692f1583] >> Wrtiting [2048 bytes(s)->4 block(s)] to LBA[225562(257478656)-225566(257486848)]
[SHELL OUT]:	Closing Disk Interface >> {C:/GitHub/BlockyOS/Build/Build-nodate/disk.img}
[SHELL OUT]:	Writing File Block at 225563, Item: 3.	Root: [1742780011519050388:147156532550678]
[SHELL OUT]:	[Parent:00007ff6692f1557] >>  C:/GitHub/BlockyOS/Build/Build-nodate/disk.img  Base: 133120    ConfBlockSize: 2048    Starting Disk Env ID: 
[SHELL OUT]:	Writing Bytes
[SHELL OUT]:	[Parent:00007ff6692f1583] >> Wrtiting [2048 bytes(s)->4 block(s)] to LBA[225563(257480704)-225567(257488896)]
[SHELL OUT]:	Closing Disk Interface >> {C:/GitHub/BlockyOS/Build/Build-nodate/disk.img}
[SHELL OUT]:	Writing File Block at 225564, Item: 4.	Root: [1742780011519050388:147156532550678]
[SHELL OUT]:	[Parent:00007ff6692f1557] >>  C:/GitHub/BlockyOS/Build/Build-nodate/disk.img  Base: 133120    ConfBlockSize: 2048    Starting Disk Env ID: 
[SHELL OUT]:	Writing Bytes
[SHELL OUT]:	[Parent:00007ff6692f1583] >> Wrtiting [2048 bytes(s)->4 block(s)] to LBA[225564(257482752)-225568(257490944)]
[SHELL OUT]:	Closing Disk Interface >> {C:/GitHub/BlockyOS/Build/Build-nodate/disk.img}
[SHELL OUT]:	Writing File Block at 225565, Item: 5.	Root: [1742780011519050388:147156532550678]
[SHELL OUT]:	[Parent:00007ff6692f1557] >>  C:/GitHub/BlockyOS/Build/Build-nodate/disk.img  Base: 133120    ConfBlockSize: 2048    Starting Disk Env ID: 
[SHELL OUT]:	Writing Bytes
[SHELL OUT]:	[Parent:00007ff6692f1583] >> Wrtiting [2048 bytes(s)->4 block(s)] to LBA[225565(257484800)-225569(257492992)]
[SHELL OUT]:	Closing Disk Interface >> {C:/GitHub/BlockyOS/Build/Build-nodate/disk.img}
[SHELL OUT]:	Writing File Block at 225566, Item: 6.	Root: [1742780011519050388:147156532550678]
[SHELL OUT]:	[Parent:00007ff6692f1557] >>  C:/GitHub/BlockyOS/Build/Build-nodate/disk.img  Base: 133120    ConfBlockSize: 2048    Starting Disk Env ID: 
[SHELL OUT]:	Writing Bytes
[SHELL OUT]:	[Parent:00007ff6692f1583] >> Wrtiting [2048 bytes(s)->4 block(s)] to LBA[225566(257486848)-225570(257495040)]
[SHELL OUT]:	Closing Disk Interface >> {C:/GitHub/BlockyOS/Build/Build-nodate/disk.img}
[SHELL OUT]:	Writing File Block at 225567, Item: 7.	Root: [1742780011519050388:147156532550678]
[SHELL OUT]:	[Parent:00007ff6692f1557] >>  C:/GitHub/BlockyOS/Build/Build-nodate/disk.img  Base: 133120    ConfBlockSize: 2048    Starting Disk Env ID: 
[SHELL OUT]:	Writing Bytes
[SHELL OUT]:	[Parent:00007ff6692f1583] >> Wrtiting [2048 bytes(s)->4 block(s)] to LBA[225567(257488896)-225571(257497088)]
[SHELL OUT]:	Closing Disk Interface >> {C:/GitHub/BlockyOS/Build/Build-nodate/disk.img}
[SHELL OUT]:	Writing File Block at 225568, Item: 8.	Root: [1742780011519050388:147156532550678]
[SHELL OUT]:	[Parent:00007ff6692f1557] >>  C:/GitHub/BlockyOS/Build/Build-nodate/disk.img  Base: 133120    ConfBlockSize: 2048    Starting Disk Env ID: 
[SHELL OUT]:	Writing Bytes
[SHELL OUT]:	[Parent:00007ff6692f1583] >> Wrtiting [2048 bytes(s)->4 block(s)] to LBA[225568(257490944)-225572(257499136)]
[SHELL OUT]:	Closing Disk Interface >> {C:/GitHub/BlockyOS/Build/Build-nodate/disk.img}
[SHELL OUT]:	Writing File Block at 225569, Item: 9.	Root: [1742780011519050388:147156532550678]
[SHELL OUT]:	[Parent:00007ff6692f1557] >>  C:/GitHub/BlockyOS/Build/Build-nodate/disk.img  Base: 133120    ConfBlockSize: 2048    Starting Disk Env ID: 
[SHELL OUT]:	Writing Bytes
[SHELL OUT]:	[Parent:00007ff6692f1583] >> Wrtiting [2048 bytes(s)->4 block(s)] to LBA[225569(257492992)-225573(257501184)]
[SHELL OUT]:	Closing Disk Interface >> {C:/GitHub/BlockyOS/Build/Build-nodate/disk.img}
[SHELL OUT]:	Writing File Block at 225570, Item: 10.	Root: [1742780011519050388:147156532550678]
[SHELL OUT]:	[Parent:00007ff6692f1557] >>  C:/GitHub/BlockyOS/Build/Build-nodate/disk.img  Base: 133120    ConfBlockSize: 2048    Starting Disk Env ID: 
[SHELL OUT]:	Writing Bytes
[SHELL OUT]:	[Parent:00007ff6692f1583] >> Wrtiting [2048 bytes(s)->4 block(s)] to LBA[225570(257495040)-225574(257503232)]
[SHELL OUT]:	Closing Disk Interface >> {C:/GitHub/BlockyOS/Build/Build-nodate/disk.img}
[SHELL OUT]:	Writing File Block at 225571, Item: 11.	Root: [1742780011519050388:147156532550678]
[SHELL OUT]:	[Parent:00007ff6692f1557] >>  C:/GitHub/BlockyOS/Build/Build-nodate/disk.img  Base: 133120    ConfBlockSize: 2048    Starting Disk Env ID: 
[SHELL OUT]:	Writing Bytes
[SHELL OUT]:	[Parent:00007ff6692f1583] >> Wrtiting [2048 bytes(s)->4 block(s)] to LBA[225571(257497088)-225575(257505280)]
[SHELL OUT]:	Closing Disk Interface >> {C:/GitHub/BlockyOS/Build/Build-nodate/disk.img}
[SHELL OUT]:	Writing File Block at 225572, Item: 12.	Root: [1742780011519050388:147156532550678]
[SHELL OUT]:	[Parent:00007ff6692f1557] >>  C:/GitHub/BlockyOS/Build/Build-nodate/disk.img  Base: 133120    ConfBlockSize: 2048    Starting Disk Env ID: 
[SHELL OUT]:	Writing Bytes
[SHELL OUT]:	[Parent:00007ff6692f1583] >> Wrtiting [2048 bytes(s)->4 block(s)] to LBA[225572(257499136)-225576(257507328)]
[SHELL OUT]:	Closing Disk Interface >> {C:/GitHub/BlockyOS/Build/Build-nodate/disk.img}
[SHELL OUT]:	Writing File Block at 225573, Item: 13.	Root: [1742780011519050388:147156532550678]
[SHELL OUT]:	[Parent:00007ff6692f1557] >>  C:/GitHub/BlockyOS/Build/Build-nodate/disk.img  Base: 133120    ConfBlockSize: 2048    Starting Disk Env ID: 
[SHELL OUT]:	Writing Bytes
[SHELL OUT]:	[Parent:00007ff6692f1583] >> Wrtiting [2048 bytes(s)->4 block(s)] to LBA[225573(257501184)-225577(257509376)]
[SHELL OUT]:	Closing Disk Interface >> {C:/GitHub/BlockyOS/Build/Build-nodate/disk.img}
[SHELL OUT]:	Writing File Block at 225574, Item: 14.	Root: [1742780011519050388:147156532550678]
[SHELL OUT]:	[Parent:00007ff6692f1557] >>  C:/GitHub/BlockyOS/Build/Build-nodate/disk.img  Base: 133120    ConfBlockSize: 2048    Starting Disk Env ID: 
[SHELL OUT]:	Writing Bytes
[SHELL OUT]:	[Parent:00007ff6692f1583] >> Wrtiting [2048 bytes(s)->4 block(s)] to LBA[225574(257503232)-225578(257511424)]
[SHELL OUT]:	Closing Disk Interface >> {C:/GitHub/BlockyOS/Build/Build-nodate/disk.img}
[SHELL OUT]:	Writing File Block at 225575, Item: 15.	Root: [1742780011519050388:147156532550678]
[SHELL OUT]:	[Parent:00007ff6692f1557] >>  C:/GitHub/BlockyOS/Build/Build-nodate/disk.img  Base: 133120    ConfBlockSize: 2048    Starting Disk Env ID: 
[SHELL OUT]:	Writing Bytes
[SHELL OUT]:	[Parent:00007ff6692f1583] >> Wrtiting [2048 bytes(s)->4 block(s)] to LBA[225575(257505280)-225579(257513472)]
[SHELL OUT]:	Closing Disk Interface >> {C:/GitHub/BlockyOS/Build/Build-nodate/disk.img}
[SHELL OUT]:	Writing File Block at 225576, Item: 16.	Root: [1742780011519050388:147156532550678]
[SHELL OUT]:	[Parent:00007ff6692f1557] >>  C:/GitHub/BlockyOS/Build/Build-nodate/disk.img  Base: 133120    ConfBlockSize: 2048    Starting Disk Env ID: 
[SHELL OUT]:	Writing Bytes
[SHELL OUT]:	[Parent:00007ff6692f1583] >> Wrtiting [2048 bytes(s)->4 block(s)] to LBA[225576(257507328)-225580(257515520)]
[SHELL OUT]:	Closing Disk Interface >> {C:/GitHub/BlockyOS/Build/Build-nodate/disk.img}
[SHELL OUT]:	Writing File Block at 225577, Item: 17.	Root: [1742780011519050388:147156532550678]
[SHELL OUT]:	[Parent:00007ff6692f1557] >>  C:/GitHub/BlockyOS/Build/Build-nodate/disk.img  Base: 133120    ConfBlockSize: 2048    Starting Disk Env ID: 
[SHELL OUT]:	Writing Bytes
[SHELL OUT]:	[Parent:00007ff6692f1583] >> Wrtiting [2048 bytes(s)->4 block(s)] to LBA[225577(257509376)-225581(257517568)]
[SHELL OUT]:	Closing Disk Interface >> {C:/GitHub/BlockyOS/Build/Build-nodate/disk.img}
[SHELL OUT]:	Writing File Block at 225578, Item: 18.	Root: [1742780011519050388:147156532550678]
[SHELL OUT]:	[Parent:00007ff6692f1557] >>  C:/GitHub/BlockyOS/Build/Build-nodate/disk.img  Base: 133120    ConfBlockSize: 2048    Starting Disk Env ID: 
[SHELL OUT]:	Writing Bytes
[SHELL OUT]:	[Parent:00007ff6692f1583] >> Wrtiting [2048 bytes(s)->4 block(s)] to LBA[225578(257511424)-225582(257519616)]
[SHELL OUT]:	Closing Disk Interface >> {C:/GitHub/BlockyOS/Build/Build-nodate/disk.img}
[SHELL OUT]:	Writing File Block at 225579, Item: 19.	Root: [1742780011519050388:147156532550678]
[SHELL OUT]:	[Parent:00007ff6692f1557] >>  C:/GitHub/BlockyOS/Build/Build-nodate/disk.img  Base: 133120    ConfBlockSize: 2048    Starting Disk Env ID: 
[SHELL OUT]:	Writing Bytes
[SHELL OUT]:	[Parent:00007ff6692f1583] >> Wrtiting [2048 bytes(s)->4 block(s)] to LBA[225579(257513472)-225583(257521664)]
[SHELL OUT]:	Closing Disk Interface >> {C:/GitHub/BlockyOS/Build/Build-nodate/disk.img}
[SHELL OUT]:	Writing File Block at 225580, Item: 20.	Root: [1742780011519050388:147156532550678]
[SHELL OUT]:	[Parent:00007ff6692f1557] >>  C:/GitHub/BlockyOS/Build/Build-nodate/disk.img  Base: 133120    ConfBlockSize: 2048    Starting Disk Env ID: 
[SHELL OUT]:	Writing Bytes
[SHELL OUT]:	[Parent:00007ff6692f1583] >> Wrtiting [2048 bytes(s)->4 block(s)] to LBA[225580(257515520)-225584(257523712)]
[SHELL OUT]:	Closing Disk Interface >> {C:/GitHub/BlockyOS/Build/Build-nodate/disk.img}
[SHELL OUT]:	Writing File Block at 225581, Item: 21.	Root: [1742780011519050388:147156532550678]
[SHELL OUT]:	[Parent:00007ff6692f1557] >>  C:/GitHub/BlockyOS/Build/Build-nodate/disk.img  Base: 133120    ConfBlockSize: 2048    Starting Disk Env ID: 
[SHELL OUT]:	Writing Bytes
[SHELL OUT]:	[Parent:00007ff6692f1583] >> Wrtiting [2048 bytes(s)->4 block(s)] to LBA[225581(257517568)-225585(257525760)]
[SHELL OUT]:	Closing Disk Interface >> {C:/GitHub/BlockyOS/Build/Build-nodate/disk.img}
[SHELL OUT]:	Writing File Block at 225582, Item: 22.	Root: [1742780011519050388:147156532550678]
[SHELL OUT]:	[Parent:00007ff6692f1557] >>  C:/GitHub/BlockyOS/Build/Build-nodate/disk.img  Base: 133120    ConfBlockSize: 2048    Starting Disk Env ID: 
[SHELL OUT]:	Writing Bytes
[SHELL OUT]:	[Parent:00007ff6692f1583] >> Wrtiting [2048 bytes(s)->4 block(s)] to LBA[225582(257519616)-225586(257527808)]
[SHELL OUT]:	Closing Disk Interface >> {C:/GitHub/BlockyOS/Build/Build-nodate/disk.img}
[SHELL OUT]:	Writing File Block at 225583, Item: 23.	Root: [1742780011519050388:147156532550678]
[SHELL OUT]:	[Parent:00007ff6692f1557] >>  C:/GitHub/BlockyOS/Build/Build-nodate/disk.img  Base: 133120    ConfBlockSize: 2048    Starting Disk Env ID: 
[SHELL OUT]:	Writing Bytes
[SHELL OUT]:	[Parent:00007ff6692f1583] >> Wrtiting [2048 bytes(s)->4 block(s)] to LBA[225583(257521664)-225587(257529856)]
[SHELL OUT]:	Closing Disk Interface >> {C:/GitHub/BlockyOS/Build/Build-nodate/disk.img}
[SHELL OUT]:	Writing File Block at 225584, Item: 24.	Root: [1742780011519050388:147156532550678]
[SHELL OUT]:	[Parent:00007ff6692f1557] >>  C:/GitHub/BlockyOS/Build/Build-nodate/disk.img  Base: 133120    ConfBlockSize: 2048    Starting Disk Env ID: 
[SHELL OUT]:	Writing Bytes
[SHELL OUT]:	[Parent:00007ff6692f1583] >> Wrtiting [2048 bytes(s)->4 block(s)] to LBA[225584(257523712)-225588(257531904)]
[SHELL OUT]:	Closing Disk Interface >> {C:/GitHub/BlockyOS/Build/Build-nodate/disk.img}
[SHELL OUT]:	Reading File Block at 225585, Item: 25.    Root: [1742780011519050388:147156532550678]
[SHELL OUT]:	[Parent:00007ff6692f10ba] >>  C:/GitHub/BlockyOS/Build/Build-nodate/disk.img  Base: 133120    ConfBlockSize: 2048    Starting Disk Env ID: 
[SHELL OUT]:	Reading Bytes
[SHELL OUT]:	[Parent:00007ff6692f10de] >> Reading [2048 bytes(s)->4 block(s)] from LBA[225585(257525760)-225589(257533952)]
[SHELL OUT]:	Closing Disk Interface >> {C:/GitHub/BlockyOS/Build/Build-nodate/disk.img}
[SHELL OUT]:	Writing File Block at 225585, Item: 25.	Root: [1742780011519050388:147156532550678]
[SHELL OUT]:	[Parent:00007ff6692f1557] >>  C:/GitHub/BlockyOS/Build/Build-nodate/disk.img  Base: 133120    ConfBlockSize: 2048    Starting Disk Env ID: 
[SHELL OUT]:	Writing Bytes
[SHELL OUT]:	[Parent:00007ff6692f1583] >> Wrtiting [2048 bytes(s)->4 block(s)] to LBA[225585(257525760)-225589(257533952)]
[SHELL OUT]:	Closing Disk Interface >> {C:/GitHub/BlockyOS/Build/Build-nodate/disk.img}
[SHELL OUT]:	[0]: ""
Initializing CGCC.MAKE build process...
Skipping C:\GitHub\BlockyOS\src\kernel\services\IO\IO.c - up to date; source=2026-09-16T16:38:35.5854557Z, stored=09/16/2026 16:38:35
Stale source detected for C:\GitHub\BlockyOS\Build\Build-nodate\root-part\libcrt.dll. source=2026-10-02T17:51:41.7159419Z, stored=10/02/2026 17:50:26, delta=+20217675.716 sec
Compiled and updated timestamp for C:\GitHub\BlockyOS\Build\Build-nodate\root-part\libcrt.dll
Skipping C:\GitHub\BlockyOS\src\kernel\services\IO\IO.def - up to date; source=2026-09-16T21:00:02.8766014Z, stored=09/16/2026 21:00:02
gcc compile/cache/c.IO.o Build/Build-nodate/root-part/libcrt.dll src/kernel/services/IO/IO.def -Wl,-nostdlib -Wl,-shared -Wl,-flinker-output=dyn -Wl,-Bsymbolic -Wl,--out-implib,C:/GitHub/BlockyOS/Build/Build-nodate/root-part/services/IO.dll.a -Wl,-Map,C:\GitHub\BlockyOS\src\kernel\services\IO\alibcrt.map -fdiagnostics-color=always -fno-diagnostics-show-highlight-colors -nostartfiles -nodefaultlibs -fno-asynchronous-unwind-tables -fno-unwind-tables -o C:/GitHub/BlockyOS/Build/Build-nodate/root-part/services/IO.dll
Build finished successfully -> C:/GitHub/BlockyOS/Build/Build-nodate/root-part/services/IO.dll


[SHELL]	FSFRAT.MAKE
[SHELL]	FSFRAT.MOUNT
[SHELL]	e.disk -pp C:/GitHub/BlockyOS/Build/Build-nodate/disk.img -pt ROOT -bs 2048 -lb 32 -v 1:0
[SHELL OUT]:	
[SHELL OUT]:	FSFRAT DRIVER
[SHELL OUT]:	>> 
[SHELL OUT]:	[C:\GitHub\BlockyOS\tools\filesystem\frat.c:196]  >>  Mounting FS Root: [C:/GitHub/BlockyOS/Build/Build-nodate/disk.img]
[SHELL OUT]:	Verifying Disk GPT
[SHELL OUT]:	[Parent:00007ff6692ed8ff] >>  C:/GitHub/BlockyOS/Build/Build-nodate/disk.img  Base: 0    ConfBlockSize: 512    Starting Disk Env ID: 
[SHELL OUT]:	Reading Bytes
[SHELL OUT]:	[Parent:00007ff6692ed91a] >> Reading [92 bytes(s)->1 block(s)] from LBA[1(512)-2(1024)]
[SHELL OUT]:	GPT Dump:
[SHELL OUT]:	    Sig: "EFI PART"
[SHELL OUT]:	    Rev: 65536
[SHELL OUT]:	    Header-Size: 92
[SHELL OUT]:	    Header Checksum: 2621714706
[SHELL OUT]:	    localLBA: 1
[SHELL OUT]:	    altLBA: 2230273
[SHELL OUT]:	    firstUsable: 2048
[SHELL OUT]:	    lastUsable: 2230271
[SHELL OUT]:	    Disk-GUID: 
[SHELL OUT]:	    Partition-Table: 2
[SHELL OUT]:	    # of Partition-Entries: 2
[SHELL OUT]:	    Partition-Entry Size: 128
[SHELL OUT]:	    Partition-Table Checksum: 896708427
[SHELL OUT]:	Closing Disk Interface >> {C:/GitHub/BlockyOS/Build/Build-nodate/disk.img}
[SHELL OUT]:	GPT Exists? true
[SHELL OUT]:	[Parent:00007ff6692eeed9] >>  C:/GitHub/BlockyOS/Build/Build-nodate/disk.img  Base: 0    ConfBlockSize: 512    Starting Disk Env ID: 
[SHELL OUT]:	Reading Bytes
[SHELL OUT]:	[Parent:00007ff6692eeefa] >> Reading [92 bytes(s)->1 block(s)] from LBA[1(512)-2(1024)]
[SHELL OUT]:	[C:\GitHub\BlockyOS\tools\filesystem\frat.c:137]  >>  Querying Part Table
[SHELL OUT]:	Reading Bytes
[SHELL OUT]:	[Parent:00007ff6692ee73d] >> Reading [256 bytes(s)->1 block(s)] from LBA[2(1024)-3(1536)]
[SHELL OUT]:	[C:\GitHub\BlockyOS\tools\filesystem\frat.c:145]  >>  GPT-Entry: BOOT{2048:133119 -> 131071}
[SHELL OUT]:	[C:\GitHub\BlockyOS\tools\filesystem\frat.c:159]  >>  Querying FS at 2048
[SHELL OUT]:	Reading Bytes
[SHELL OUT]:	[Parent:00007ff6692eebe1] >> Reading [60 bytes(s)->1 block(s)] from LBA[2048(1048576)-2049(1049088)]
[SHELL OUT]:	FS-Root Blob:
[SHELL OUT]:	    Version: [0:131072]
[SHELL OUT]:	    Sig: 
[SHELL OUT]:	    Configured Log Sectors: 2
[SHELL OUT]:	    Configured Block Size: 0
[SHELL OUT]:	    Configured Cluster-Map Size: 16711743
[SHELL OUT]:	[C:\GitHub\BlockyOS\tools\filesystem\frat.c:145]  >>  GPT-Entry: ROOT{133120:2230271 -> 2097151}
[SHELL OUT]:	[C:\GitHub\BlockyOS\tools\filesystem\frat.c:159]  >>  Querying FS at 133120
[SHELL OUT]:	Reading Bytes
[SHELL OUT]:	[Parent:00007ff6692eebe1] >> Reading [60 bytes(s)->1 block(s)] from LBA[133120(68157440)-133121(68157952)]
[SHELL OUT]:	FS-Root Blob:
[SHELL OUT]:	    Version: [0:1]
[SHELL OUT]:	    Sig: FRAT_FILESYSTEM
[SHELL OUT]:	    Configured Log Sectors: 32
[SHELL OUT]:	    Configured Block Size: 2048
[SHELL OUT]:	    Configured Cluster-Map Size: 20480
[SHELL OUT]:	[C:\GitHub\BlockyOS\tools\filesystem\frat.c:184]  >>  FS Found at [133120]:
[SHELL OUT]:		Version-Code: [0:1]
[SHELL OUT]:		Configured Block-Size: 2048
[SHELL OUT]:		Configured Cluster-Size: 20480
[SHELL OUT]:		Configured # of Log-Sectors: 32
[SHELL OUT]:		Configured Log-Size: 576
[SHELL OUT]:	[C:\GitHub\BlockyOS\tools\filesystem\frat.c:210]  >>  Found Formatted Partition: 133120:2230271 -> 2097151
[SHELL OUT]:	Reading Bytes
[SHELL OUT]:	[Parent:00007ff6692ef05b] >> Reading [60 bytes(s)->1 block(s)] from LBA[133120(68157440)-133121(68157952)]
[SHELL OUT]:	[C:\GitHub\BlockyOS\tools\filesystem\frat.c:223]  >>  Root: 133120:2230271 -> 2097151 LBAs
[SHELL OUT]:		Version-Code: [0:1]
[SHELL OUT]:		Configured Block-Size: 2048
[SHELL OUT]:		Configured Cluster-Size: 20480
[SHELL OUT]:		Configured # of Log-Sectors: 20480
[SHELL OUT]:		Configured Log-Size: 32
[SHELL OUT]:	Reading Bytes
[SHELL OUT]:	[Parent:00007ff6692ef39f] >> Reading [65536 bytes(s)->128 block(s)] from LBA[133121(68159488)-133249(68421632)]
[SHELL OUT]:	Reading Bytes
[SHELL OUT]:	[Parent:00007ff6692ef44b] >> Reading [20480 bytes(s)->40 block(s)] from LBA[202752(210763776)-202792(210845696)]
[SHELL OUT]:	    Verifying FS Root Items #items: 1024
[SHELL OUT]:	Reading Bytes
[SHELL OUT]:	[Parent:00007ff6692ef6be] >> Reading [512 bytes(s)->4 block(s)] from LBA[225280(256901120)-225284(256909312)]
[SHELL OUT]:	Reading Bytes
[SHELL OUT]:	[Parent:00007ff6692ef6be] >> Reading [512 bytes(s)->4 block(s)] from LBA[225281(256903168)-225285(256911360)]
[SHELL OUT]:	Reading Bytes
[SHELL OUT]:	[Parent:00007ff6692ef6be] >> Reading [512 bytes(s)->4 block(s)] from LBA[225396(257138688)-225400(257146880)]
[SHELL OUT]:	Reading Bytes
[SHELL OUT]:	[Parent:00007ff6692ef6be] >> Reading [512 bytes(s)->4 block(s)] from LBA[225422(257191936)-225426(257200128)]
[SHELL OUT]:	Reading Bytes
[SHELL OUT]:	[Parent:00007ff6692ef6be] >> Reading [512 bytes(s)->4 block(s)] from LBA[225431(257210368)-225435(257218560)]
[SHELL OUT]:	Reading Bytes
[SHELL OUT]:	[Parent:00007ff6692ef6be] >> Reading [512 bytes(s)->4 block(s)] from LBA[225446(257241088)-225450(257249280)]
[SHELL OUT]:	Reading Bytes
[SHELL OUT]:	[Parent:00007ff6692ef6be] >> Reading [512 bytes(s)->4 block(s)] from LBA[225560(257474560)-225564(257482752)]
[SHELL OUT]:	Reading Bytes
[SHELL OUT]:	[Parent:00007ff6692ef6be] >> Reading [512 bytes(s)->4 block(s)] from LBA[225586(257527808)-225590(257536000)]
[SHELL OUT]:	Reading Bytes
[SHELL OUT]:	[Parent:00007ff6692ef6be] >> Reading [512 bytes(s)->4 block(s)] from LBA[225595(257546240)-225599(257554432)]
[SHELL OUT]:	Reading Bytes
[SHELL OUT]:	[Parent:00007ff6692ef6be] >> Reading [512 bytes(s)->4 block(s)] from LBA[225610(257576960)-225614(257585152)]
[SHELL OUT]:	Closing Disk Interface >> {C:/GitHub/BlockyOS/Build/Build-nodate/disk.img}
[SHELL OUT]:	[Parent:00007ff6692f1926] >>  C:/GitHub/BlockyOS/Build/Build-nodate/disk.img  Base: 133120    ConfBlockSize: 2048    Starting Disk Env ID: 
[SHELL OUT]:	Writing Bytes
[SHELL OUT]:	[Parent:00007ff6692f194f] >> Wrtiting [60 bytes(s)->4 block(s)] to LBA[133120(68157440)-133124(68165632)]
[SHELL OUT]:	Writing Bytes
[SHELL OUT]:	[Parent:00007ff6692f1997] >> Wrtiting [20480 bytes(s)->40 block(s)] to LBA[202752(210763776)-202792(210845696)]
[SHELL OUT]:	Closing Disk Interface >> {C:/GitHub/BlockyOS/Build/Build-nodate/disk.img}
[SHELL OUT]:	[0]: ""
[SHELL]	create -la fc -p SYSD/ -n IO.dll
[SHELL OUT]:	
[SHELL OUT]:	>> 
[SHELL OUT]:	>> 
[SHELL OUT]:	000001d5887e5ecb:fc	000001d5887e5ed1:SYSD/	000001d5887e5eda:IO.dll	
[SHELL OUT]:	[	SYSD/IO.dll]
[SHELL OUT]:	Mounting File [SYSD/IO.dll] with "fc"
[SHELL OUT]:	Creating File at: ./SYSD/IO.dll
[SHELL OUT]:	Root is 000001d5887e9030
[SHELL OUT]:	Root is 000001d5887e9030
[SHELL OUT]:	Un-Mounting File [1742780011519050388:147156532550678]
[SHELL OUT]:	[Parent:00007ff6692f1926] >>  C:/GitHub/BlockyOS/Build/Build-nodate/disk.img  Base: 133120    ConfBlockSize: 2048    Starting Disk Env ID: 
[SHELL OUT]:	Writing Bytes
[SHELL OUT]:	[Parent:00007ff6692f194f] >> Wrtiting [60 bytes(s)->4 block(s)] to LBA[133120(68157440)-133124(68165632)]
[SHELL OUT]:	Writing Bytes
[SHELL OUT]:	[Parent:00007ff6692f1997] >> Wrtiting [20480 bytes(s)->40 block(s)] to LBA[202752(210763776)-202792(210845696)]
[SHELL OUT]:	Closing Disk Interface >> {C:/GitHub/BlockyOS/Build/Build-nodate/disk.img}
[SHELL OUT]:	[0]: ""
[SHELL]	FSFRAT.OPEN
[SHELL]	open -p SYSD/IO.dll -a IO -la f
[SHELL OUT]:	
[SHELL OUT]:	>> 
[SHELL OUT]:	>> 
[SHELL OUT]:	Mounting File [SYSD/IO.dll] with "f"
[SHELL OUT]:	Root is 000001d5887e9030
[SHELL OUT]:	[0]: ""
[SHELL]	FSFRAT.WRITE
[SHELL]	fwrite -pp C:/GitHub/BlockyOS/Build/Build-nodate/root-part/services/IO.dll -ia %IO% -p 0 -n 0
[SHELL OUT]:	
[SHELL OUT]:	>> 
[SHELL OUT]:	>> 
[SHELL OUT]:	[Parent:00007ff6692f1f16] >>  C:/GitHub/BlockyOS/Build/Build-nodate/disk.img  Base: 133120    ConfBlockSize: 2048    Starting Disk Env ID: 
[SHELL OUT]:	[Parent:00007ff6692f1e53] >>  C:/GitHub/BlockyOS/Build/Build-nodate/disk.img  Base: 133120    ConfBlockSize: 2048    Starting Disk Env ID: 
[SHELL OUT]:	Reading File Info
[SHELL OUT]:	Reading Bytes
[SHELL OUT]:	[Parent:00007ff6692f1ec2] >> Reading [512 bytes(s)->4 block(s)] from LBA[225560(257474560)-225564(257482752)]
[SHELL OUT]:	Closing Disk Interface >> {C:/GitHub/BlockyOS/Build/Build-nodate/disk.img}
[SHELL OUT]:	Writing Bytes
[SHELL OUT]:	[Parent:00007ff6692f2010] >> Wrtiting [512 bytes(s)->4 block(s)] to LBA[225560(257474560)-225564(257482752)]
[SHELL OUT]:	Closing Disk Interface >> {C:/GitHub/BlockyOS/Build/Build-nodate/disk.img}
[SHELL OUT]:	Root is 000001d5887e9030
[SHELL OUT]:	Writing File Block at 225561, Item: 1.	Root: [1742780011519050388:147156532550678]
[SHELL OUT]:	[Parent:00007ff6692f1557] >>  C:/GitHub/BlockyOS/Build/Build-nodate/disk.img  Base: 133120    ConfBlockSize: 2048    Starting Disk Env ID: 
[SHELL OUT]:	Writing Bytes
[SHELL OUT]:	[Parent:00007ff6692f1583] >> Wrtiting [2048 bytes(s)->4 block(s)] to LBA[225561(257476608)-225565(257484800)]
[SHELL OUT]:	Closing Disk Interface >> {C:/GitHub/BlockyOS/Build/Build-nodate/disk.img}
[SHELL OUT]:	Writing File Block at 225562, Item: 2.	Root: [1742780011519050388:147156532550678]
[SHELL OUT]:	[Parent:00007ff6692f1557] >>  C:/GitHub/BlockyOS/Build/Build-nodate/disk.img  Base: 133120    ConfBlockSize: 2048    Starting Disk Env ID: 
[SHELL OUT]:	Writing Bytes
[SHELL OUT]:	[Parent:00007ff6692f1583] >> Wrtiting [2048 bytes(s)->4 block(s)] to LBA[225562(257478656)-225566(257486848)]
[SHELL OUT]:	Closing Disk Interface >> {C:/GitHub/BlockyOS/Build/Build-nodate/disk.img}
[SHELL OUT]:	Writing File Block at 225563, Item: 3.	Root: [1742780011519050388:147156532550678]
[SHELL OUT]:	[Parent:00007ff6692f1557] >>  C:/GitHub/BlockyOS/Build/Build-nodate/disk.img  Base: 133120    ConfBlockSize: 2048    Starting Disk Env ID: 
[SHELL OUT]:	Writing Bytes
[SHELL OUT]:	[Parent:00007ff6692f1583] >> Wrtiting [2048 bytes(s)->4 block(s)] to LBA[225563(257480704)-225567(257488896)]
[SHELL OUT]:	Closing Disk Interface >> {C:/GitHub/BlockyOS/Build/Build-nodate/disk.img}
[SHELL OUT]:	Writing File Block at 225564, Item: 4.	Root: [1742780011519050388:147156532550678]
[SHELL OUT]:	[Parent:00007ff6692f1557] >>  C:/GitHub/BlockyOS/Build/Build-nodate/disk.img  Base: 133120    ConfBlockSize: 2048    Starting Disk Env ID: 
[SHELL OUT]:	Writing Bytes
[SHELL OUT]:	[Parent:00007ff6692f1583] >> Wrtiting [2048 bytes(s)->4 block(s)] to LBA[225564(257482752)-225568(257490944)]
[SHELL OUT]:	Closing Disk Interface >> {C:/GitHub/BlockyOS/Build/Build-nodate/disk.img}
[SHELL OUT]:	Writing File Block at 225565, Item: 5.	Root: [1742780011519050388:147156532550678]
[SHELL OUT]:	[Parent:00007ff6692f1557] >>  C:/GitHub/BlockyOS/Build/Build-nodate/disk.img  Base: 133120    ConfBlockSize: 2048    Starting Disk Env ID: 
[SHELL OUT]:	Writing Bytes
[SHELL OUT]:	[Parent:00007ff6692f1583] >> Wrtiting [2048 bytes(s)->4 block(s)] to LBA[225565(257484800)-225569(257492992)]
[SHELL OUT]:	Closing Disk Interface >> {C:/GitHub/BlockyOS/Build/Build-nodate/disk.img}
[SHELL OUT]:	Writing File Block at 225566, Item: 6.	Root: [1742780011519050388:147156532550678]
[SHELL OUT]:	[Parent:00007ff6692f1557] >>  C:/GitHub/BlockyOS/Build/Build-nodate/disk.img  Base: 133120    ConfBlockSize: 2048    Starting Disk Env ID: 
[SHELL OUT]:	Writing Bytes
[SHELL OUT]:	[Parent:00007ff6692f1583] >> Wrtiting [2048 bytes(s)->4 block(s)] to LBA[225566(257486848)-225570(257495040)]
[SHELL OUT]:	Closing Disk Interface >> {C:/GitHub/BlockyOS/Build/Build-nodate/disk.img}
[SHELL OUT]:	Writing File Block at 225567, Item: 7.	Root: [1742780011519050388:147156532550678]
[SHELL OUT]:	[Parent:00007ff6692f1557] >>  C:/GitHub/BlockyOS/Build/Build-nodate/disk.img  Base: 133120    ConfBlockSize: 2048    Starting Disk Env ID: 
[SHELL OUT]:	Writing Bytes
[SHELL OUT]:	[Parent:00007ff6692f1583] >> Wrtiting [2048 bytes(s)->4 block(s)] to LBA[225567(257488896)-225571(257497088)]
[SHELL OUT]:	Closing Disk Interface >> {C:/GitHub/BlockyOS/Build/Build-nodate/disk.img}
[SHELL OUT]:	Writing File Block at 225568, Item: 8.	Root: [1742780011519050388:147156532550678]
[SHELL OUT]:	[Parent:00007ff6692f1557] >>  C:/GitHub/BlockyOS/Build/Build-nodate/disk.img  Base: 133120    ConfBlockSize: 2048    Starting Disk Env ID: 
[SHELL OUT]:	Writing Bytes
[SHELL OUT]:	[Parent:00007ff6692f1583] >> Wrtiting [2048 bytes(s)->4 block(s)] to LBA[225568(257490944)-225572(257499136)]
[SHELL OUT]:	Closing Disk Interface >> {C:/GitHub/BlockyOS/Build/Build-nodate/disk.img}
[SHELL OUT]:	Writing File Block at 225569, Item: 9.	Root: [1742780011519050388:147156532550678]
[SHELL OUT]:	[Parent:00007ff6692f1557] >>  C:/GitHub/BlockyOS/Build/Build-nodate/disk.img  Base: 133120    ConfBlockSize: 2048    Starting Disk Env ID: 
[SHELL OUT]:	Writing Bytes
[SHELL OUT]:	[Parent:00007ff6692f1583] >> Wrtiting [2048 bytes(s)->4 block(s)] to LBA[225569(257492992)-225573(257501184)]
[SHELL OUT]:	Closing Disk Interface >> {C:/GitHub/BlockyOS/Build/Build-nodate/disk.img}
[SHELL OUT]:	Writing File Block at 225570, Item: 10.	Root: [1742780011519050388:147156532550678]
[SHELL OUT]:	[Parent:00007ff6692f1557] >>  C:/GitHub/BlockyOS/Build/Build-nodate/disk.img  Base: 133120    ConfBlockSize: 2048    Starting Disk Env ID: 
[SHELL OUT]:	Writing Bytes
[SHELL OUT]:	[Parent:00007ff6692f1583] >> Wrtiting [2048 bytes(s)->4 block(s)] to LBA[225570(257495040)-225574(257503232)]
[SHELL OUT]:	Closing Disk Interface >> {C:/GitHub/BlockyOS/Build/Build-nodate/disk.img}
[SHELL OUT]:	Writing File Block at 225571, Item: 11.	Root: [1742780011519050388:147156532550678]
[SHELL OUT]:	[Parent:00007ff6692f1557] >>  C:/GitHub/BlockyOS/Build/Build-nodate/disk.img  Base: 133120    ConfBlockSize: 2048    Starting Disk Env ID: 
[SHELL OUT]:	Writing Bytes
[SHELL OUT]:	[Parent:00007ff6692f1583] >> Wrtiting [2048 bytes(s)->4 block(s)] to LBA[225571(257497088)-225575(257505280)]
[SHELL OUT]:	Closing Disk Interface >> {C:/GitHub/BlockyOS/Build/Build-nodate/disk.img}
[SHELL OUT]:	Writing File Block at 225572, Item: 12.	Root: [1742780011519050388:147156532550678]
[SHELL OUT]:	[Parent:00007ff6692f1557] >>  C:/GitHub/BlockyOS/Build/Build-nodate/disk.img  Base: 133120    ConfBlockSize: 2048    Starting Disk Env ID: 
[SHELL OUT]:	Writing Bytes
[SHELL OUT]:	[Parent:00007ff6692f1583] >> Wrtiting [2048 bytes(s)->4 block(s)] to LBA[225572(257499136)-225576(257507328)]
[SHELL OUT]:	Closing Disk Interface >> {C:/GitHub/BlockyOS/Build/Build-nodate/disk.img}
[SHELL OUT]:	Writing File Block at 225573, Item: 13.	Root: [1742780011519050388:147156532550678]
[SHELL OUT]:	[Parent:00007ff6692f1557] >>  C:/GitHub/BlockyOS/Build/Build-nodate/disk.img  Base: 133120    ConfBlockSize: 2048    Starting Disk Env ID: 
[SHELL OUT]:	Writing Bytes
[SHELL OUT]:	[Parent:00007ff6692f1583] >> Wrtiting [2048 bytes(s)->4 block(s)] to LBA[225573(257501184)-225577(257509376)]
[SHELL OUT]:	Closing Disk Interface >> {C:/GitHub/BlockyOS/Build/Build-nodate/disk.img}
[SHELL OUT]:	Writing File Block at 225574, Item: 14.	Root: [1742780011519050388:147156532550678]
[SHELL OUT]:	[Parent:00007ff6692f1557] >>  C:/GitHub/BlockyOS/Build/Build-nodate/disk.img  Base: 133120    ConfBlockSize: 2048    Starting Disk Env ID: 
[SHELL OUT]:	Writing Bytes
[SHELL OUT]:	[Parent:00007ff6692f1583] >> Wrtiting [2048 bytes(s)->4 block(s)] to LBA[225574(257503232)-225578(257511424)]
[SHELL OUT]:	Closing Disk Interface >> {C:/GitHub/BlockyOS/Build/Build-nodate/disk.img}
[SHELL OUT]:	Writing File Block at 225575, Item: 15.	Root: [1742780011519050388:147156532550678]
[SHELL OUT]:	[Parent:00007ff6692f1557] >>  C:/GitHub/BlockyOS/Build/Build-nodate/disk.img  Base: 133120    ConfBlockSize: 2048    Starting Disk Env ID: 
[SHELL OUT]:	Writing Bytes
[SHELL OUT]:	[Parent:00007ff6692f1583] >> Wrtiting [2048 bytes(s)->4 block(s)] to LBA[225575(257505280)-225579(257513472)]
[SHELL OUT]:	Closing Disk Interface >> {C:/GitHub/BlockyOS/Build/Build-nodate/disk.img}
[SHELL OUT]:	Writing File Block at 225576, Item: 16.	Root: [1742780011519050388:147156532550678]
[SHELL OUT]:	[Parent:00007ff6692f1557] >>  C:/GitHub/BlockyOS/Build/Build-nodate/disk.img  Base: 133120    ConfBlockSize: 2048    Starting Disk Env ID: 
[SHELL OUT]:	Writing Bytes
[SHELL OUT]:	[Parent:00007ff6692f1583] >> Wrtiting [2048 bytes(s)->4 block(s)] to LBA[225576(257507328)-225580(257515520)]
[SHELL OUT]:	Closing Disk Interface >> {C:/GitHub/BlockyOS/Build/Build-nodate/disk.img}
[SHELL OUT]:	Writing File Block at 225577, Item: 17.	Root: [1742780011519050388:147156532550678]
[SHELL OUT]:	[Parent:00007ff6692f1557] >>  C:/GitHub/BlockyOS/Build/Build-nodate/disk.img  Base: 133120    ConfBlockSize: 2048    Starting Disk Env ID: 
[SHELL OUT]:	Writing Bytes
[SHELL OUT]:	[Parent:00007ff6692f1583] >> Wrtiting [2048 bytes(s)->4 block(s)] to LBA[225577(257509376)-225581(257517568)]
[SHELL OUT]:	Closing Disk Interface >> {C:/GitHub/BlockyOS/Build/Build-nodate/disk.img}
[SHELL OUT]:	Writing File Block at 225578, Item: 18.	Root: [1742780011519050388:147156532550678]
[SHELL OUT]:	[Parent:00007ff6692f1557] >>  C:/GitHub/BlockyOS/Build/Build-nodate/disk.img  Base: 133120    ConfBlockSize: 2048    Starting Disk Env ID: 
[SHELL OUT]:	Writing Bytes
[SHELL OUT]:	[Parent:00007ff6692f1583] >> Wrtiting [2048 bytes(s)->4 block(s)] to LBA[225578(257511424)-225582(257519616)]
[SHELL OUT]:	Closing Disk Interface >> {C:/GitHub/BlockyOS/Build/Build-nodate/disk.img}
[SHELL OUT]:	Writing File Block at 225579, Item: 19.	Root: [1742780011519050388:147156532550678]
[SHELL OUT]:	[Parent:00007ff6692f1557] >>  C:/GitHub/BlockyOS/Build/Build-nodate/disk.img  Base: 133120    ConfBlockSize: 2048    Starting Disk Env ID: 
[SHELL OUT]:	Writing Bytes
[SHELL OUT]:	[Parent:00007ff6692f1583] >> Wrtiting [2048 bytes(s)->4 block(s)] to LBA[225579(257513472)-225583(257521664)]
[SHELL OUT]:	Closing Disk Interface >> {C:/GitHub/BlockyOS/Build/Build-nodate/disk.img}
[SHELL OUT]:	Writing File Block at 225580, Item: 20.	Root: [1742780011519050388:147156532550678]
[SHELL OUT]:	[Parent:00007ff6692f1557] >>  C:/GitHub/BlockyOS/Build/Build-nodate/disk.img  Base: 133120    ConfBlockSize: 2048    Starting Disk Env ID: 
[SHELL OUT]:	Writing Bytes
[SHELL OUT]:	[Parent:00007ff6692f1583] >> Wrtiting [2048 bytes(s)->4 block(s)] to LBA[225580(257515520)-225584(257523712)]
[SHELL OUT]:	Closing Disk Interface >> {C:/GitHub/BlockyOS/Build/Build-nodate/disk.img}
[SHELL OUT]:	Writing File Block at 225581, Item: 21.	Root: [1742780011519050388:147156532550678]
[SHELL OUT]:	[Parent:00007ff6692f1557] >>  C:/GitHub/BlockyOS/Build/Build-nodate/disk.img  Base: 133120    ConfBlockSize: 2048    Starting Disk Env ID: 
[SHELL OUT]:	Writing Bytes
[SHELL OUT]:	[Parent:00007ff6692f1583] >> Wrtiting [2048 bytes(s)->4 block(s)] to LBA[225581(257517568)-225585(257525760)]
[SHELL OUT]:	Closing Disk Interface >> {C:/GitHub/BlockyOS/Build/Build-nodate/disk.img}
[SHELL OUT]:	Writing File Block at 225582, Item: 22.	Root: [1742780011519050388:147156532550678]
[SHELL OUT]:	[Parent:00007ff6692f1557] >>  C:/GitHub/BlockyOS/Build/Build-nodate/disk.img  Base: 133120    ConfBlockSize: 2048    Starting Disk Env ID: 
[SHELL OUT]:	Writing Bytes
[SHELL OUT]:	[Parent:00007ff6692f1583] >> Wrtiting [2048 bytes(s)->4 block(s)] to LBA[225582(257519616)-225586(257527808)]
[SHELL OUT]:	Closing Disk Interface >> {C:/GitHub/BlockyOS/Build/Build-nodate/disk.img}
[SHELL OUT]:	Writing File Block at 225583, Item: 23.	Root: [1742780011519050388:147156532550678]
[SHELL OUT]:	[Parent:00007ff6692f1557] >>  C:/GitHub/BlockyOS/Build/Build-nodate/disk.img  Base: 133120    ConfBlockSize: 2048    Starting Disk Env ID: 
[SHELL OUT]:	Writing Bytes
[SHELL OUT]:	[Parent:00007ff6692f1583] >> Wrtiting [2048 bytes(s)->4 block(s)] to LBA[225583(257521664)-225587(257529856)]
[SHELL OUT]:	Closing Disk Interface >> {C:/GitHub/BlockyOS/Build/Build-nodate/disk.img}
[SHELL OUT]:	Writing File Block at 225584, Item: 24.	Root: [1742780011519050388:147156532550678]
[SHELL OUT]:	[Parent:00007ff6692f1557] >>  C:/GitHub/BlockyOS/Build/Build-nodate/disk.img  Base: 133120    ConfBlockSize: 2048    Starting Disk Env ID: 
[SHELL OUT]:	Writing Bytes
[SHELL OUT]:	[Parent:00007ff6692f1583] >> Wrtiting [2048 bytes(s)->4 block(s)] to LBA[225584(257523712)-225588(257531904)]
[SHELL OUT]:	Closing Disk Interface >> {C:/GitHub/BlockyOS/Build/Build-nodate/disk.img}
[SHELL OUT]:	Reading File Block at 225585, Item: 25.    Root: [1742780011519050388:147156532550678]
[SHELL OUT]:	[Parent:00007ff6692f10ba] >>  C:/GitHub/BlockyOS/Build/Build-nodate/disk.img  Base: 133120    ConfBlockSize: 2048    Starting Disk Env ID: 
[SHELL OUT]:	Reading Bytes
[SHELL OUT]:	[Parent:00007ff6692f10de] >> Reading [2048 bytes(s)->4 block(s)] from LBA[225585(257525760)-225589(257533952)]
[SHELL OUT]:	Closing Disk Interface >> {C:/GitHub/BlockyOS/Build/Build-nodate/disk.img}
[SHELL OUT]:	Writing File Block at 225585, Item: 25.	Root: [1742780011519050388:147156532550678]
[SHELL OUT]:	[Parent:00007ff6692f1557] >>  C:/GitHub/BlockyOS/Build/Build-nodate/disk.img  Base: 133120    ConfBlockSize: 2048    Starting Disk Env ID: 
[SHELL OUT]:	Writing Bytes
[SHELL OUT]:	[Parent:00007ff6692f1583] >> Wrtiting [2048 bytes(s)->4 block(s)] to LBA[225585(257525760)-225589(257533952)]
[SHELL OUT]:	Closing Disk Interface >> {C:/GitHub/BlockyOS/Build/Build-nodate/disk.img}
[SHELL OUT]:	[0]: ""
Initializing CGCC.MAKE build process...
Skipping C:\GitHub\BlockyOS\src\kernel\services\IO\IO.c - up to date; source=2026-09-16T16:38:35.5854557Z, stored=09/16/2026 16:38:35
Stale source detected for C:\GitHub\BlockyOS\Build\Build-nodate\root-part\libcrt.dll. source=2026-10-02T17:53:58.4125216Z, stored=10/02/2026 17:51:41, delta=+20217737.413 sec
Compiled and updated timestamp for C:\GitHub\BlockyOS\Build\Build-nodate\root-part\libcrt.dll
Skipping C:\GitHub\BlockyOS\src\kernel\services\IO\IO.def - up to date; source=2026-09-16T21:00:02.8766014Z, stored=09/16/2026 21:00:02
gcc compile/cache/c.IO.o Build/Build-nodate/root-part/libcrt.dll src/kernel/services/IO/IO.def -Wl,-nostdlib -Wl,-shared -Wl,-flinker-output=dyn -Wl,-Bsymbolic -Wl,--out-implib,C:/GitHub/BlockyOS/Build/Build-nodate/root-part/services/IO.dll.a -Wl,-Map,C:\GitHub\BlockyOS\src\kernel\services\IO\alibcrt.map -fdiagnostics-color=always -fno-diagnostics-show-highlight-colors -nostartfiles -nodefaultlibs -fno-asynchronous-unwind-tables -fno-unwind-tables -o C:/GitHub/BlockyOS/Build/Build-nodate/root-part/services/IO.dll
Build finished successfully -> C:/GitHub/BlockyOS/Build/Build-nodate/root-part/services/IO.dll


[SHELL]	FSFRAT.MAKE
[SHELL]	FSFRAT.MOUNT
[SHELL]	e.disk -pp C:/GitHub/BlockyOS/Build/Build-nodate/disk.img -pt ROOT -bs 2048 -lb 32 -v 1:0
[SHELL OUT]:	
[SHELL OUT]:	FSFRAT DRIVER
[SHELL OUT]:	>> 
[SHELL OUT]:	[C:\GitHub\BlockyOS\tools\filesystem\frat.c:196]  >>  Mounting FS Root: [C:/GitHub/BlockyOS/Build/Build-nodate/disk.img]
[SHELL OUT]:	Verifying Disk GPT
[SHELL OUT]:	[Parent:00007ff6045cd8ff] >>  C:/GitHub/BlockyOS/Build/Build-nodate/disk.img  Base: 0    ConfBlockSize: 512    Starting Disk Env ID: 
[SHELL OUT]:	Reading Bytes
[SHELL OUT]:	[Parent:00007ff6045cd91a] >> Reading [92 bytes(s)->1 block(s)] from LBA[1(512)-2(1024)]
[SHELL OUT]:	GPT Dump:
[SHELL OUT]:	    Sig: "EFI PART"
[SHELL OUT]:	    Rev: 65536
[SHELL OUT]:	    Header-Size: 92
[SHELL OUT]:	    Header Checksum: 2621714706
[SHELL OUT]:	    localLBA: 1
[SHELL OUT]:	    altLBA: 2230273
[SHELL OUT]:	    firstUsable: 2048
[SHELL OUT]:	    lastUsable: 2230271
[SHELL OUT]:	    Disk-GUID: 
[SHELL OUT]:	    Partition-Table: 2
[SHELL OUT]:	    # of Partition-Entries: 2
[SHELL OUT]:	    Partition-Entry Size: 128
[SHELL OUT]:	    Partition-Table Checksum: 896708427
[SHELL OUT]:	Closing Disk Interface >> {C:/GitHub/BlockyOS/Build/Build-nodate/disk.img}
[SHELL OUT]:	GPT Exists? true
[SHELL OUT]:	[Parent:00007ff6045ceed9] >>  C:/GitHub/BlockyOS/Build/Build-nodate/disk.img  Base: 0    ConfBlockSize: 512    Starting Disk Env ID: 
[SHELL OUT]:	Reading Bytes
[SHELL OUT]:	[Parent:00007ff6045ceefa] >> Reading [92 bytes(s)->1 block(s)] from LBA[1(512)-2(1024)]
[SHELL OUT]:	[C:\GitHub\BlockyOS\tools\filesystem\frat.c:137]  >>  Querying Part Table
[SHELL OUT]:	Reading Bytes
[SHELL OUT]:	[Parent:00007ff6045ce73d] >> Reading [256 bytes(s)->1 block(s)] from LBA[2(1024)-3(1536)]
[SHELL OUT]:	[C:\GitHub\BlockyOS\tools\filesystem\frat.c:145]  >>  GPT-Entry: BOOT{2048:133119 -> 131071}
[SHELL OUT]:	[C:\GitHub\BlockyOS\tools\filesystem\frat.c:159]  >>  Querying FS at 2048
[SHELL OUT]:	Reading Bytes
[SHELL OUT]:	[Parent:00007ff6045cebe1] >> Reading [60 bytes(s)->1 block(s)] from LBA[2048(1048576)-2049(1049088)]
[SHELL OUT]:	FS-Root Blob:
[SHELL OUT]:	    Version: [0:131072]
[SHELL OUT]:	    Sig: 
[SHELL OUT]:	    Configured Log Sectors: 2
[SHELL OUT]:	    Configured Block Size: 0
[SHELL OUT]:	    Configured Cluster-Map Size: 16711743
[SHELL OUT]:	[C:\GitHub\BlockyOS\tools\filesystem\frat.c:145]  >>  GPT-Entry: ROOT{133120:2230271 -> 2097151}
[SHELL OUT]:	[C:\GitHub\BlockyOS\tools\filesystem\frat.c:159]  >>  Querying FS at 133120
[SHELL OUT]:	Reading Bytes
[SHELL OUT]:	[Parent:00007ff6045cebe1] >> Reading [60 bytes(s)->1 block(s)] from LBA[133120(68157440)-133121(68157952)]
[SHELL OUT]:	FS-Root Blob:
[SHELL OUT]:	    Version: [0:1]
[SHELL OUT]:	    Sig: FRAT_FILESYSTEM
[SHELL OUT]:	    Configured Log Sectors: 32
[SHELL OUT]:	    Configured Block Size: 2048
[SHELL OUT]:	    Configured Cluster-Map Size: 20480
[SHELL OUT]:	[C:\GitHub\BlockyOS\tools\filesystem\frat.c:184]  >>  FS Found at [133120]:
[SHELL OUT]:		Version-Code: [0:1]
[SHELL OUT]:		Configured Block-Size: 2048
[SHELL OUT]:		Configured Cluster-Size: 20480
[SHELL OUT]:		Configured # of Log-Sectors: 32
[SHELL OUT]:		Configured Log-Size: 576
[SHELL OUT]:	[C:\GitHub\BlockyOS\tools\filesystem\frat.c:210]  >>  Found Formatted Partition: 133120:2230271 -> 2097151
[SHELL OUT]:	Reading Bytes
[SHELL OUT]:	[Parent:00007ff6045cf05b] >> Reading [60 bytes(s)->1 block(s)] from LBA[133120(68157440)-133121(68157952)]
[SHELL OUT]:	[C:\GitHub\BlockyOS\tools\filesystem\frat.c:223]  >>  Root: 133120:2230271 -> 2097151 LBAs
[SHELL OUT]:		Version-Code: [0:1]
[SHELL OUT]:		Configured Block-Size: 2048
[SHELL OUT]:		Configured Cluster-Size: 20480
[SHELL OUT]:		Configured # of Log-Sectors: 20480
[SHELL OUT]:		Configured Log-Size: 32
[SHELL OUT]:	Reading Bytes
[SHELL OUT]:	[Parent:00007ff6045cf39f] >> Reading [65536 bytes(s)->128 block(s)] from LBA[133121(68159488)-133249(68421632)]
[SHELL OUT]:	Reading Bytes
[SHELL OUT]:	[Parent:00007ff6045cf44b] >> Reading [20480 bytes(s)->40 block(s)] from LBA[202752(210763776)-202792(210845696)]
[SHELL OUT]:	    Verifying FS Root Items #items: 1024
[SHELL OUT]:	Reading Bytes
[SHELL OUT]:	[Parent:00007ff6045cf6be] >> Reading [512 bytes(s)->4 block(s)] from LBA[225280(256901120)-225284(256909312)]
[SHELL OUT]:	Reading Bytes
[SHELL OUT]:	[Parent:00007ff6045cf6be] >> Reading [512 bytes(s)->4 block(s)] from LBA[225281(256903168)-225285(256911360)]
[SHELL OUT]:	Reading Bytes
[SHELL OUT]:	[Parent:00007ff6045cf6be] >> Reading [512 bytes(s)->4 block(s)] from LBA[225396(257138688)-225400(257146880)]
[SHELL OUT]:	Reading Bytes
[SHELL OUT]:	[Parent:00007ff6045cf6be] >> Reading [512 bytes(s)->4 block(s)] from LBA[225422(257191936)-225426(257200128)]
[SHELL OUT]:	Reading Bytes
[SHELL OUT]:	[Parent:00007ff6045cf6be] >> Reading [512 bytes(s)->4 block(s)] from LBA[225431(257210368)-225435(257218560)]
[SHELL OUT]:	Reading Bytes
[SHELL OUT]:	[Parent:00007ff6045cf6be] >> Reading [512 bytes(s)->4 block(s)] from LBA[225446(257241088)-225450(257249280)]
[SHELL OUT]:	Reading Bytes
[SHELL OUT]:	[Parent:00007ff6045cf6be] >> Reading [512 bytes(s)->4 block(s)] from LBA[225560(257474560)-225564(257482752)]
[SHELL OUT]:	Reading Bytes
[SHELL OUT]:	[Parent:00007ff6045cf6be] >> Reading [512 bytes(s)->4 block(s)] from LBA[225586(257527808)-225590(257536000)]
[SHELL OUT]:	Reading Bytes
[SHELL OUT]:	[Parent:00007ff6045cf6be] >> Reading [512 bytes(s)->4 block(s)] from LBA[225595(257546240)-225599(257554432)]
[SHELL OUT]:	Reading Bytes
[SHELL OUT]:	[Parent:00007ff6045cf6be] >> Reading [512 bytes(s)->4 block(s)] from LBA[225610(257576960)-225614(257585152)]
[SHELL OUT]:	Closing Disk Interface >> {C:/GitHub/BlockyOS/Build/Build-nodate/disk.img}
[SHELL OUT]:	[Parent:00007ff6045d1926] >>  C:/GitHub/BlockyOS/Build/Build-nodate/disk.img  Base: 133120    ConfBlockSize: 2048    Starting Disk Env ID: 
[SHELL OUT]:	Writing Bytes
[SHELL OUT]:	[Parent:00007ff6045d194f] >> Wrtiting [60 bytes(s)->4 block(s)] to LBA[133120(68157440)-133124(68165632)]
[SHELL OUT]:	Writing Bytes
[SHELL OUT]:	[Parent:00007ff6045d1997] >> Wrtiting [20480 bytes(s)->40 block(s)] to LBA[202752(210763776)-202792(210845696)]
[SHELL OUT]:	Closing Disk Interface >> {C:/GitHub/BlockyOS/Build/Build-nodate/disk.img}
[SHELL OUT]:	[0]: ""
[SHELL]	create -la fc -p SYSD/ -n IO.dll
[SHELL OUT]:	
[SHELL OUT]:	>> 
[SHELL OUT]:	>> 
[SHELL OUT]:	000002ab955e5ecb:fc	000002ab955e5ed1:SYSD/	000002ab955e5eda:IO.dll	
[SHELL OUT]:	[	SYSD/IO.dll]
[SHELL OUT]:	Mounting File [SYSD/IO.dll] with "fc"
[SHELL OUT]:	Creating File at: ./SYSD/IO.dll
[SHELL OUT]:	Root is 000002ab955e9030
[SHELL OUT]:	Root is 000002ab955e9030
[SHELL OUT]:	Un-Mounting File [1742780011519050388:147156532550678]
[SHELL OUT]:	[Parent:00007ff6045d1926] >>  C:/GitHub/BlockyOS/Build/Build-nodate/disk.img  Base: 133120    ConfBlockSize: 2048    Starting Disk Env ID: 
[SHELL OUT]:	Writing Bytes
[SHELL OUT]:	[Parent:00007ff6045d194f] >> Wrtiting [60 bytes(s)->4 block(s)] to LBA[133120(68157440)-133124(68165632)]
[SHELL OUT]:	Writing Bytes
[SHELL OUT]:	[Parent:00007ff6045d1997] >> Wrtiting [20480 bytes(s)->40 block(s)] to LBA[202752(210763776)-202792(210845696)]
[SHELL OUT]:	Closing Disk Interface >> {C:/GitHub/BlockyOS/Build/Build-nodate/disk.img}
[SHELL OUT]:	[0]: ""
[SHELL]	FSFRAT.OPEN
[SHELL]	open -p SYSD/IO.dll -a IO -la f
[SHELL OUT]:	
[SHELL OUT]:	>> 
[SHELL OUT]:	>> 
[SHELL OUT]:	Mounting File [SYSD/IO.dll] with "f"
[SHELL OUT]:	Root is 000002ab955e9030
[SHELL OUT]:	[0]: ""
[SHELL]	FSFRAT.WRITE
[SHELL]	fwrite -pp C:/GitHub/BlockyOS/Build/Build-nodate/root-part/services/IO.dll -ia %IO% -p 0 -n 0
[SHELL OUT]:	
[SHELL OUT]:	>> 
[SHELL OUT]:	>> 
[SHELL OUT]:	[Parent:00007ff6045d1f16] >>  C:/GitHub/BlockyOS/Build/Build-nodate/disk.img  Base: 133120    ConfBlockSize: 2048    Starting Disk Env ID: 
[SHELL OUT]:	[Parent:00007ff6045d1e53] >>  C:/GitHub/BlockyOS/Build/Build-nodate/disk.img  Base: 133120    ConfBlockSize: 2048    Starting Disk Env ID: 
[SHELL OUT]:	Reading File Info
[SHELL OUT]:	Reading Bytes
[SHELL OUT]:	[Parent:00007ff6045d1ec2] >> Reading [512 bytes(s)->4 block(s)] from LBA[225560(257474560)-225564(257482752)]
[SHELL OUT]:	Closing Disk Interface >> {C:/GitHub/BlockyOS/Build/Build-nodate/disk.img}
[SHELL OUT]:	Writing Bytes
[SHELL OUT]:	[Parent:00007ff6045d2010] >> Wrtiting [512 bytes(s)->4 block(s)] to LBA[225560(257474560)-225564(257482752)]
[SHELL OUT]:	Closing Disk Interface >> {C:/GitHub/BlockyOS/Build/Build-nodate/disk.img}
[SHELL OUT]:	Root is 000002ab955e9030
[SHELL OUT]:	Writing File Block at 225561, Item: 1.	Root: [1742780011519050388:147156532550678]
[SHELL OUT]:	[Parent:00007ff6045d1557] >>  C:/GitHub/BlockyOS/Build/Build-nodate/disk.img  Base: 133120    ConfBlockSize: 2048    Starting Disk Env ID: 
[SHELL OUT]:	Writing Bytes
[SHELL OUT]:	[Parent:00007ff6045d1583] >> Wrtiting [2048 bytes(s)->4 block(s)] to LBA[225561(257476608)-225565(257484800)]
[SHELL OUT]:	Closing Disk Interface >> {C:/GitHub/BlockyOS/Build/Build-nodate/disk.img}
[SHELL OUT]:	Writing File Block at 225562, Item: 2.	Root: [1742780011519050388:147156532550678]
[SHELL OUT]:	[Parent:00007ff6045d1557] >>  C:/GitHub/BlockyOS/Build/Build-nodate/disk.img  Base: 133120    ConfBlockSize: 2048    Starting Disk Env ID: 
[SHELL OUT]:	Writing Bytes
[SHELL OUT]:	[Parent:00007ff6045d1583] >> Wrtiting [2048 bytes(s)->4 block(s)] to LBA[225562(257478656)-225566(257486848)]
[SHELL OUT]:	Closing Disk Interface >> {C:/GitHub/BlockyOS/Build/Build-nodate/disk.img}
[SHELL OUT]:	Writing File Block at 225563, Item: 3.	Root: [1742780011519050388:147156532550678]
[SHELL OUT]:	[Parent:00007ff6045d1557] >>  C:/GitHub/BlockyOS/Build/Build-nodate/disk.img  Base: 133120    ConfBlockSize: 2048    Starting Disk Env ID: 
[SHELL OUT]:	Writing Bytes
[SHELL OUT]:	[Parent:00007ff6045d1583] >> Wrtiting [2048 bytes(s)->4 block(s)] to LBA[225563(257480704)-225567(257488896)]
[SHELL OUT]:	Closing Disk Interface >> {C:/GitHub/BlockyOS/Build/Build-nodate/disk.img}
[SHELL OUT]:	Writing File Block at 225564, Item: 4.	Root: [1742780011519050388:147156532550678]
[SHELL OUT]:	[Parent:00007ff6045d1557] >>  C:/GitHub/BlockyOS/Build/Build-nodate/disk.img  Base: 133120    ConfBlockSize: 2048    Starting Disk Env ID: 
[SHELL OUT]:	Writing Bytes
[SHELL OUT]:	[Parent:00007ff6045d1583] >> Wrtiting [2048 bytes(s)->4 block(s)] to LBA[225564(257482752)-225568(257490944)]
[SHELL OUT]:	Closing Disk Interface >> {C:/GitHub/BlockyOS/Build/Build-nodate/disk.img}
[SHELL OUT]:	Writing File Block at 225565, Item: 5.	Root: [1742780011519050388:147156532550678]
[SHELL OUT]:	[Parent:00007ff6045d1557] >>  C:/GitHub/BlockyOS/Build/Build-nodate/disk.img  Base: 133120    ConfBlockSize: 2048    Starting Disk Env ID: 
[SHELL OUT]:	Writing Bytes
[SHELL OUT]:	[Parent:00007ff6045d1583] >> Wrtiting [2048 bytes(s)->4 block(s)] to LBA[225565(257484800)-225569(257492992)]
[SHELL OUT]:	Closing Disk Interface >> {C:/GitHub/BlockyOS/Build/Build-nodate/disk.img}
[SHELL OUT]:	Writing File Block at 225566, Item: 6.	Root: [1742780011519050388:147156532550678]
[SHELL OUT]:	[Parent:00007ff6045d1557] >>  C:/GitHub/BlockyOS/Build/Build-nodate/disk.img  Base: 133120    ConfBlockSize: 2048    Starting Disk Env ID: 
[SHELL OUT]:	Writing Bytes
[SHELL OUT]:	[Parent:00007ff6045d1583] >> Wrtiting [2048 bytes(s)->4 block(s)] to LBA[225566(257486848)-225570(257495040)]
[SHELL OUT]:	Closing Disk Interface >> {C:/GitHub/BlockyOS/Build/Build-nodate/disk.img}
[SHELL OUT]:	Writing File Block at 225567, Item: 7.	Root: [1742780011519050388:147156532550678]
[SHELL OUT]:	[Parent:00007ff6045d1557] >>  C:/GitHub/BlockyOS/Build/Build-nodate/disk.img  Base: 133120    ConfBlockSize: 2048    Starting Disk Env ID: 
[SHELL OUT]:	Writing Bytes
[SHELL OUT]:	[Parent:00007ff6045d1583] >> Wrtiting [2048 bytes(s)->4 block(s)] to LBA[225567(257488896)-225571(257497088)]
[SHELL OUT]:	Closing Disk Interface >> {C:/GitHub/BlockyOS/Build/Build-nodate/disk.img}
[SHELL OUT]:	Writing File Block at 225568, Item: 8.	Root: [1742780011519050388:147156532550678]
[SHELL OUT]:	[Parent:00007ff6045d1557] >>  C:/GitHub/BlockyOS/Build/Build-nodate/disk.img  Base: 133120    ConfBlockSize: 2048    Starting Disk Env ID: 
[SHELL OUT]:	Writing Bytes
[SHELL OUT]:	[Parent:00007ff6045d1583] >> Wrtiting [2048 bytes(s)->4 block(s)] to LBA[225568(257490944)-225572(257499136)]
[SHELL OUT]:	Closing Disk Interface >> {C:/GitHub/BlockyOS/Build/Build-nodate/disk.img}
[SHELL OUT]:	Writing File Block at 225569, Item: 9.	Root: [1742780011519050388:147156532550678]
[SHELL OUT]:	[Parent:00007ff6045d1557] >>  C:/GitHub/BlockyOS/Build/Build-nodate/disk.img  Base: 133120    ConfBlockSize: 2048    Starting Disk Env ID: 
[SHELL OUT]:	Writing Bytes
[SHELL OUT]:	[Parent:00007ff6045d1583] >> Wrtiting [2048 bytes(s)->4 block(s)] to LBA[225569(257492992)-225573(257501184)]
[SHELL OUT]:	Closing Disk Interface >> {C:/GitHub/BlockyOS/Build/Build-nodate/disk.img}
[SHELL OUT]:	Writing File Block at 225570, Item: 10.	Root: [1742780011519050388:147156532550678]
[SHELL OUT]:	[Parent:00007ff6045d1557] >>  C:/GitHub/BlockyOS/Build/Build-nodate/disk.img  Base: 133120    ConfBlockSize: 2048    Starting Disk Env ID: 
[SHELL OUT]:	Writing Bytes
[SHELL OUT]:	[Parent:00007ff6045d1583] >> Wrtiting [2048 bytes(s)->4 block(s)] to LBA[225570(257495040)-225574(257503232)]
[SHELL OUT]:	Closing Disk Interface >> {C:/GitHub/BlockyOS/Build/Build-nodate/disk.img}
[SHELL OUT]:	Writing File Block at 225571, Item: 11.	Root: [1742780011519050388:147156532550678]
[SHELL OUT]:	[Parent:00007ff6045d1557] >>  C:/GitHub/BlockyOS/Build/Build-nodate/disk.img  Base: 133120    ConfBlockSize: 2048    Starting Disk Env ID: 
[SHELL OUT]:	Writing Bytes
[SHELL OUT]:	[Parent:00007ff6045d1583] >> Wrtiting [2048 bytes(s)->4 block(s)] to LBA[225571(257497088)-225575(257505280)]
[SHELL OUT]:	Closing Disk Interface >> {C:/GitHub/BlockyOS/Build/Build-nodate/disk.img}
[SHELL OUT]:	Writing File Block at 225572, Item: 12.	Root: [1742780011519050388:147156532550678]
[SHELL OUT]:	[Parent:00007ff6045d1557] >>  C:/GitHub/BlockyOS/Build/Build-nodate/disk.img  Base: 133120    ConfBlockSize: 2048    Starting Disk Env ID: 
[SHELL OUT]:	Writing Bytes
[SHELL OUT]:	[Parent:00007ff6045d1583] >> Wrtiting [2048 bytes(s)->4 block(s)] to LBA[225572(257499136)-225576(257507328)]
[SHELL OUT]:	Closing Disk Interface >> {C:/GitHub/BlockyOS/Build/Build-nodate/disk.img}
[SHELL OUT]:	Writing File Block at 225573, Item: 13.	Root: [1742780011519050388:147156532550678]
[SHELL OUT]:	[Parent:00007ff6045d1557] >>  C:/GitHub/BlockyOS/Build/Build-nodate/disk.img  Base: 133120    ConfBlockSize: 2048    Starting Disk Env ID: 
[SHELL OUT]:	Writing Bytes
[SHELL OUT]:	[Parent:00007ff6045d1583] >> Wrtiting [2048 bytes(s)->4 block(s)] to LBA[225573(257501184)-225577(257509376)]
[SHELL OUT]:	Closing Disk Interface >> {C:/GitHub/BlockyOS/Build/Build-nodate/disk.img}
[SHELL OUT]:	Writing File Block at 225574, Item: 14.	Root: [1742780011519050388:147156532550678]
[SHELL OUT]:	[Parent:00007ff6045d1557] >>  C:/GitHub/BlockyOS/Build/Build-nodate/disk.img  Base: 133120    ConfBlockSize: 2048    Starting Disk Env ID: 
[SHELL OUT]:	Writing Bytes
[SHELL OUT]:	[Parent:00007ff6045d1583] >> Wrtiting [2048 bytes(s)->4 block(s)] to LBA[225574(257503232)-225578(257511424)]
[SHELL OUT]:	Closing Disk Interface >> {C:/GitHub/BlockyOS/Build/Build-nodate/disk.img}
[SHELL OUT]:	Writing File Block at 225575, Item: 15.	Root: [1742780011519050388:147156532550678]
[SHELL OUT]:	[Parent:00007ff6045d1557] >>  C:/GitHub/BlockyOS/Build/Build-nodate/disk.img  Base: 133120    ConfBlockSize: 2048    Starting Disk Env ID: 
[SHELL OUT]:	Writing Bytes
[SHELL OUT]:	[Parent:00007ff6045d1583] >> Wrtiting [2048 bytes(s)->4 block(s)] to LBA[225575(257505280)-225579(257513472)]
[SHELL OUT]:	Closing Disk Interface >> {C:/GitHub/BlockyOS/Build/Build-nodate/disk.img}
[SHELL OUT]:	Writing File Block at 225576, Item: 16.	Root: [1742780011519050388:147156532550678]
[SHELL OUT]:	[Parent:00007ff6045d1557] >>  C:/GitHub/BlockyOS/Build/Build-nodate/disk.img  Base: 133120    ConfBlockSize: 2048    Starting Disk Env ID: 
[SHELL OUT]:	Writing Bytes
[SHELL OUT]:	[Parent:00007ff6045d1583] >> Wrtiting [2048 bytes(s)->4 block(s)] to LBA[225576(257507328)-225580(257515520)]
[SHELL OUT]:	Closing Disk Interface >> {C:/GitHub/BlockyOS/Build/Build-nodate/disk.img}
[SHELL OUT]:	Writing File Block at 225577, Item: 17.	Root: [1742780011519050388:147156532550678]
[SHELL OUT]:	[Parent:00007ff6045d1557] >>  C:/GitHub/BlockyOS/Build/Build-nodate/disk.img  Base: 133120    ConfBlockSize: 2048    Starting Disk Env ID: 
[SHELL OUT]:	Writing Bytes
[SHELL OUT]:	[Parent:00007ff6045d1583] >> Wrtiting [2048 bytes(s)->4 block(s)] to LBA[225577(257509376)-225581(257517568)]
[SHELL OUT]:	Closing Disk Interface >> {C:/GitHub/BlockyOS/Build/Build-nodate/disk.img}
[SHELL OUT]:	Writing File Block at 225578, Item: 18.	Root: [1742780011519050388:147156532550678]
[SHELL OUT]:	[Parent:00007ff6045d1557] >>  C:/GitHub/BlockyOS/Build/Build-nodate/disk.img  Base: 133120    ConfBlockSize: 2048    Starting Disk Env ID: 
[SHELL OUT]:	Writing Bytes
[SHELL OUT]:	[Parent:00007ff6045d1583] >> Wrtiting [2048 bytes(s)->4 block(s)] to LBA[225578(257511424)-225582(257519616)]
[SHELL OUT]:	Closing Disk Interface >> {C:/GitHub/BlockyOS/Build/Build-nodate/disk.img}
[SHELL OUT]:	Writing File Block at 225579, Item: 19.	Root: [1742780011519050388:147156532550678]
[SHELL OUT]:	[Parent:00007ff6045d1557] >>  C:/GitHub/BlockyOS/Build/Build-nodate/disk.img  Base: 133120    ConfBlockSize: 2048    Starting Disk Env ID: 
[SHELL OUT]:	Writing Bytes
[SHELL OUT]:	[Parent:00007ff6045d1583] >> Wrtiting [2048 bytes(s)->4 block(s)] to LBA[225579(257513472)-225583(257521664)]
[SHELL OUT]:	Closing Disk Interface >> {C:/GitHub/BlockyOS/Build/Build-nodate/disk.img}
[SHELL OUT]:	Writing File Block at 225580, Item: 20.	Root: [1742780011519050388:147156532550678]
[SHELL OUT]:	[Parent:00007ff6045d1557] >>  C:/GitHub/BlockyOS/Build/Build-nodate/disk.img  Base: 133120    ConfBlockSize: 2048    Starting Disk Env ID: 
[SHELL OUT]:	Writing Bytes
[SHELL OUT]:	[Parent:00007ff6045d1583] >> Wrtiting [2048 bytes(s)->4 block(s)] to LBA[225580(257515520)-225584(257523712)]
[SHELL OUT]:	Closing Disk Interface >> {C:/GitHub/BlockyOS/Build/Build-nodate/disk.img}
[SHELL OUT]:	Writing File Block at 225581, Item: 21.	Root: [1742780011519050388:147156532550678]
[SHELL OUT]:	[Parent:00007ff6045d1557] >>  C:/GitHub/BlockyOS/Build/Build-nodate/disk.img  Base: 133120    ConfBlockSize: 2048    Starting Disk Env ID: 
[SHELL OUT]:	Writing Bytes
[SHELL OUT]:	[Parent:00007ff6045d1583] >> Wrtiting [2048 bytes(s)->4 block(s)] to LBA[225581(257517568)-225585(257525760)]
[SHELL OUT]:	Closing Disk Interface >> {C:/GitHub/BlockyOS/Build/Build-nodate/disk.img}
[SHELL OUT]:	Writing File Block at 225582, Item: 22.	Root: [1742780011519050388:147156532550678]
[SHELL OUT]:	[Parent:00007ff6045d1557] >>  C:/GitHub/BlockyOS/Build/Build-nodate/disk.img  Base: 133120    ConfBlockSize: 2048    Starting Disk Env ID: 
[SHELL OUT]:	Writing Bytes
[SHELL OUT]:	[Parent:00007ff6045d1583] >> Wrtiting [2048 bytes(s)->4 block(s)] to LBA[225582(257519616)-225586(257527808)]
[SHELL OUT]:	Closing Disk Interface >> {C:/GitHub/BlockyOS/Build/Build-nodate/disk.img}
[SHELL OUT]:	Writing File Block at 225583, Item: 23.	Root: [1742780011519050388:147156532550678]
[SHELL OUT]:	[Parent:00007ff6045d1557] >>  C:/GitHub/BlockyOS/Build/Build-nodate/disk.img  Base: 133120    ConfBlockSize: 2048    Starting Disk Env ID: 
[SHELL OUT]:	Writing Bytes
[SHELL OUT]:	[Parent:00007ff6045d1583] >> Wrtiting [2048 bytes(s)->4 block(s)] to LBA[225583(257521664)-225587(257529856)]
[SHELL OUT]:	Closing Disk Interface >> {C:/GitHub/BlockyOS/Build/Build-nodate/disk.img}
[SHELL OUT]:	Writing File Block at 225584, Item: 24.	Root: [1742780011519050388:147156532550678]
[SHELL OUT]:	[Parent:00007ff6045d1557] >>  C:/GitHub/BlockyOS/Build/Build-nodate/disk.img  Base: 133120    ConfBlockSize: 2048    Starting Disk Env ID: 
[SHELL OUT]:	Writing Bytes
[SHELL OUT]:	[Parent:00007ff6045d1583] >> Wrtiting [2048 bytes(s)->4 block(s)] to LBA[225584(257523712)-225588(257531904)]
[SHELL OUT]:	Closing Disk Interface >> {C:/GitHub/BlockyOS/Build/Build-nodate/disk.img}
[SHELL OUT]:	Reading File Block at 225585, Item: 25.    Root: [1742780011519050388:147156532550678]
[SHELL OUT]:	[Parent:00007ff6045d10ba] >>  C:/GitHub/BlockyOS/Build/Build-nodate/disk.img  Base: 133120    ConfBlockSize: 2048    Starting Disk Env ID: 
[SHELL OUT]:	Reading Bytes
[SHELL OUT]:	[Parent:00007ff6045d10de] >> Reading [2048 bytes(s)->4 block(s)] from LBA[225585(257525760)-225589(257533952)]
[SHELL OUT]:	Closing Disk Interface >> {C:/GitHub/BlockyOS/Build/Build-nodate/disk.img}
[SHELL OUT]:	Writing File Block at 225585, Item: 25.	Root: [1742780011519050388:147156532550678]
[SHELL OUT]:	[Parent:00007ff6045d1557] >>  C:/GitHub/BlockyOS/Build/Build-nodate/disk.img  Base: 133120    ConfBlockSize: 2048    Starting Disk Env ID: 
[SHELL OUT]:	Writing Bytes
[SHELL OUT]:	[Parent:00007ff6045d1583] >> Wrtiting [2048 bytes(s)->4 block(s)] to LBA[225585(257525760)-225589(257533952)]
[SHELL OUT]:	Closing Disk Interface >> {C:/GitHub/BlockyOS/Build/Build-nodate/disk.img}
[SHELL OUT]:	[0]: ""
Initializing CGCC.MAKE build process...
Skipping C:\GitHub\BlockyOS\src\kernel\services\IO\IO.c - up to date; source=2026-09-16T16:38:35.5854557Z, stored=09/16/2026 16:38:35
Stale source detected for C:\GitHub\BlockyOS\Build\Build-nodate\root-part\libcrt.dll. source=2026-10-02T17:55:06.5880077Z, stored=10/02/2026 17:53:58, delta=+20217668.588 sec
Compiled and updated timestamp for C:\GitHub\BlockyOS\Build\Build-nodate\root-part\libcrt.dll
Skipping C:\GitHub\BlockyOS\src\kernel\services\IO\IO.def - up to date; source=2026-09-16T21:00:02.8766014Z, stored=09/16/2026 21:00:02
gcc compile/cache/c.IO.o Build/Build-nodate/root-part/libcrt.dll src/kernel/services/IO/IO.def -Wl,-nostdlib -Wl,-shared -Wl,-flinker-output=dyn -Wl,-Bsymbolic -Wl,--out-implib,C:/GitHub/BlockyOS/Build/Build-nodate/root-part/services/IO.dll.a -Wl,-Map,C:\GitHub\BlockyOS\src\kernel\services\IO\alibcrt.map -fdiagnostics-color=always -fno-diagnostics-show-highlight-colors -nostartfiles -nodefaultlibs -fno-asynchronous-unwind-tables -fno-unwind-tables -o C:/GitHub/BlockyOS/Build/Build-nodate/root-part/services/IO.dll
Build finished successfully -> C:/GitHub/BlockyOS/Build/Build-nodate/root-part/services/IO.dll


[SHELL]	FSFRAT.MAKE
[SHELL]	FSFRAT.MOUNT
[SHELL]	e.disk -pp C:/GitHub/BlockyOS/Build/Build-nodate/disk.img -pt ROOT -bs 2048 -lb 32 -v 1:0
[SHELL OUT]:	
[SHELL OUT]:	FSFRAT DRIVER
[SHELL OUT]:	>> 
[SHELL OUT]:	[C:\GitHub\BlockyOS\tools\filesystem\frat.c:196]  >>  Mounting FS Root: [C:/GitHub/BlockyOS/Build/Build-nodate/disk.img]
[SHELL OUT]:	Verifying Disk GPT
[SHELL OUT]:	[Parent:00007ff6045cd8ff] >>  C:/GitHub/BlockyOS/Build/Build-nodate/disk.img  Base: 0    ConfBlockSize: 512    Starting Disk Env ID: 
[SHELL OUT]:	Reading Bytes
[SHELL OUT]:	[Parent:00007ff6045cd91a] >> Reading [92 bytes(s)->1 block(s)] from LBA[1(512)-2(1024)]
[SHELL OUT]:	GPT Dump:
[SHELL OUT]:	    Sig: "EFI PART"
[SHELL OUT]:	    Rev: 65536
[SHELL OUT]:	    Header-Size: 92
[SHELL OUT]:	    Header Checksum: 2621714706
[SHELL OUT]:	    localLBA: 1
[SHELL OUT]:	    altLBA: 2230273
[SHELL OUT]:	    firstUsable: 2048
[SHELL OUT]:	    lastUsable: 2230271
[SHELL OUT]:	    Disk-GUID: 
[SHELL OUT]:	    Partition-Table: 2
[SHELL OUT]:	    # of Partition-Entries: 2
[SHELL OUT]:	    Partition-Entry Size: 128
[SHELL OUT]:	    Partition-Table Checksum: 896708427
[SHELL OUT]:	Closing Disk Interface >> {C:/GitHub/BlockyOS/Build/Build-nodate/disk.img}
[SHELL OUT]:	GPT Exists? true
[SHELL OUT]:	[Parent:00007ff6045ceed9] >>  C:/GitHub/BlockyOS/Build/Build-nodate/disk.img  Base: 0    ConfBlockSize: 512    Starting Disk Env ID: 
[SHELL OUT]:	Reading Bytes
[SHELL OUT]:	[Parent:00007ff6045ceefa] >> Reading [92 bytes(s)->1 block(s)] from LBA[1(512)-2(1024)]
[SHELL OUT]:	[C:\GitHub\BlockyOS\tools\filesystem\frat.c:137]  >>  Querying Part Table
[SHELL OUT]:	Reading Bytes
[SHELL OUT]:	[Parent:00007ff6045ce73d] >> Reading [256 bytes(s)->1 block(s)] from LBA[2(1024)-3(1536)]
[SHELL OUT]:	[C:\GitHub\BlockyOS\tools\filesystem\frat.c:145]  >>  GPT-Entry: BOOT{2048:133119 -> 131071}
[SHELL OUT]:	[C:\GitHub\BlockyOS\tools\filesystem\frat.c:159]  >>  Querying FS at 2048
[SHELL OUT]:	Reading Bytes
[SHELL OUT]:	[Parent:00007ff6045cebe1] >> Reading [60 bytes(s)->1 block(s)] from LBA[2048(1048576)-2049(1049088)]
[SHELL OUT]:	FS-Root Blob:
[SHELL OUT]:	    Version: [0:131072]
[SHELL OUT]:	    Sig: 
[SHELL OUT]:	    Configured Log Sectors: 2
[SHELL OUT]:	    Configured Block Size: 0
[SHELL OUT]:	    Configured Cluster-Map Size: 16711743
[SHELL OUT]:	[C:\GitHub\BlockyOS\tools\filesystem\frat.c:145]  >>  GPT-Entry: ROOT{133120:2230271 -> 2097151}
[SHELL OUT]:	[C:\GitHub\BlockyOS\tools\filesystem\frat.c:159]  >>  Querying FS at 133120
[SHELL OUT]:	Reading Bytes
[SHELL OUT]:	[Parent:00007ff6045cebe1] >> Reading [60 bytes(s)->1 block(s)] from LBA[133120(68157440)-133121(68157952)]
[SHELL OUT]:	FS-Root Blob:
[SHELL OUT]:	    Version: [0:1]
[SHELL OUT]:	    Sig: FRAT_FILESYSTEM
[SHELL OUT]:	    Configured Log Sectors: 32
[SHELL OUT]:	    Configured Block Size: 2048
[SHELL OUT]:	    Configured Cluster-Map Size: 20480
[SHELL OUT]:	[C:\GitHub\BlockyOS\tools\filesystem\frat.c:184]  >>  FS Found at [133120]:
[SHELL OUT]:		Version-Code: [0:1]
[SHELL OUT]:		Configured Block-Size: 2048
[SHELL OUT]:		Configured Cluster-Size: 20480
[SHELL OUT]:		Configured # of Log-Sectors: 32
[SHELL OUT]:		Configured Log-Size: 576
[SHELL OUT]:	[C:\GitHub\BlockyOS\tools\filesystem\frat.c:210]  >>  Found Formatted Partition: 133120:2230271 -> 2097151
[SHELL OUT]:	Reading Bytes
[SHELL OUT]:	[Parent:00007ff6045cf05b] >> Reading [60 bytes(s)->1 block(s)] from LBA[133120(68157440)-133121(68157952)]
[SHELL OUT]:	[C:\GitHub\BlockyOS\tools\filesystem\frat.c:223]  >>  Root: 133120:2230271 -> 2097151 LBAs
[SHELL OUT]:		Version-Code: [0:1]
[SHELL OUT]:		Configured Block-Size: 2048
[SHELL OUT]:		Configured Cluster-Size: 20480
[SHELL OUT]:		Configured # of Log-Sectors: 20480
[SHELL OUT]:		Configured Log-Size: 32
[SHELL OUT]:	Reading Bytes
[SHELL OUT]:	[Parent:00007ff6045cf39f] >> Reading [65536 bytes(s)->128 block(s)] from LBA[133121(68159488)-133249(68421632)]
[SHELL OUT]:	Reading Bytes
[SHELL OUT]:	[Parent:00007ff6045cf44b] >> Reading [20480 bytes(s)->40 block(s)] from LBA[202752(210763776)-202792(210845696)]
[SHELL OUT]:	    Verifying FS Root Items #items: 1024
[SHELL OUT]:	Reading Bytes
[SHELL OUT]:	[Parent:00007ff6045cf6be] >> Reading [512 bytes(s)->4 block(s)] from LBA[225280(256901120)-225284(256909312)]
[SHELL OUT]:	Reading Bytes
[SHELL OUT]:	[Parent:00007ff6045cf6be] >> Reading [512 bytes(s)->4 block(s)] from LBA[225281(256903168)-225285(256911360)]
[SHELL OUT]:	Reading Bytes
[SHELL OUT]:	[Parent:00007ff6045cf6be] >> Reading [512 bytes(s)->4 block(s)] from LBA[225396(257138688)-225400(257146880)]
[SHELL OUT]:	Reading Bytes
[SHELL OUT]:	[Parent:00007ff6045cf6be] >> Reading [512 bytes(s)->4 block(s)] from LBA[225422(257191936)-225426(257200128)]
[SHELL OUT]:	Reading Bytes
[SHELL OUT]:	[Parent:00007ff6045cf6be] >> Reading [512 bytes(s)->4 block(s)] from LBA[225431(257210368)-225435(257218560)]
[SHELL OUT]:	Reading Bytes
[SHELL OUT]:	[Parent:00007ff6045cf6be] >> Reading [512 bytes(s)->4 block(s)] from LBA[225446(257241088)-225450(257249280)]
[SHELL OUT]:	Reading Bytes
[SHELL OUT]:	[Parent:00007ff6045cf6be] >> Reading [512 bytes(s)->4 block(s)] from LBA[225560(257474560)-225564(257482752)]
[SHELL OUT]:	Reading Bytes
[SHELL OUT]:	[Parent:00007ff6045cf6be] >> Reading [512 bytes(s)->4 block(s)] from LBA[225586(257527808)-225590(257536000)]
[SHELL OUT]:	Reading Bytes
[SHELL OUT]:	[Parent:00007ff6045cf6be] >> Reading [512 bytes(s)->4 block(s)] from LBA[225595(257546240)-225599(257554432)]
[SHELL OUT]:	Reading Bytes
[SHELL OUT]:	[Parent:00007ff6045cf6be] >> Reading [512 bytes(s)->4 block(s)] from LBA[225610(257576960)-225614(257585152)]
[SHELL OUT]:	Closing Disk Interface >> {C:/GitHub/BlockyOS/Build/Build-nodate/disk.img}
[SHELL OUT]:	[Parent:00007ff6045d1926] >>  C:/GitHub/BlockyOS/Build/Build-nodate/disk.img  Base: 133120    ConfBlockSize: 2048    Starting Disk Env ID: 
[SHELL OUT]:	Writing Bytes
[SHELL OUT]:	[Parent:00007ff6045d194f] >> Wrtiting [60 bytes(s)->4 block(s)] to LBA[133120(68157440)-133124(68165632)]
[SHELL OUT]:	Writing Bytes
[SHELL OUT]:	[Parent:00007ff6045d1997] >> Wrtiting [20480 bytes(s)->40 block(s)] to LBA[202752(210763776)-202792(210845696)]
[SHELL OUT]:	Closing Disk Interface >> {C:/GitHub/BlockyOS/Build/Build-nodate/disk.img}
[SHELL OUT]:	[0]: ""
[SHELL]	create -la fc -p SYSD/ -n IO.dll
[SHELL OUT]:	
[SHELL OUT]:	>> 
[SHELL OUT]:	>> 
[SHELL OUT]:	0000020bfb875ecb:fc	0000020bfb875ed1:SYSD/	0000020bfb875eda:IO.dll	
[SHELL OUT]:	[	SYSD/IO.dll]
[SHELL OUT]:	Mounting File [SYSD/IO.dll] with "fc"
[SHELL OUT]:	Creating File at: ./SYSD/IO.dll
[SHELL OUT]:	Root is 0000020bfb879030
[SHELL OUT]:	Root is 0000020bfb879030
[SHELL OUT]:	Un-Mounting File [1742780011519050388:147156532550678]
[SHELL OUT]:	[Parent:00007ff6045d1926] >>  C:/GitHub/BlockyOS/Build/Build-nodate/disk.img  Base: 133120    ConfBlockSize: 2048    Starting Disk Env ID: 
[SHELL OUT]:	Writing Bytes
[SHELL OUT]:	[Parent:00007ff6045d194f] >> Wrtiting [60 bytes(s)->4 block(s)] to LBA[133120(68157440)-133124(68165632)]
[SHELL OUT]:	Writing Bytes
[SHELL OUT]:	[Parent:00007ff6045d1997] >> Wrtiting [20480 bytes(s)->40 block(s)] to LBA[202752(210763776)-202792(210845696)]
[SHELL OUT]:	Closing Disk Interface >> {C:/GitHub/BlockyOS/Build/Build-nodate/disk.img}
[SHELL OUT]:	[0]: ""
[SHELL]	FSFRAT.OPEN
[SHELL]	open -p SYSD/IO.dll -a IO -la f
[SHELL OUT]:	
[SHELL OUT]:	>> 
[SHELL OUT]:	>> 
[SHELL OUT]:	Mounting File [SYSD/IO.dll] with "f"
[SHELL OUT]:	Root is 0000020bfb879030
[SHELL OUT]:	[0]: ""
[SHELL]	FSFRAT.WRITE
[SHELL]	fwrite -pp C:/GitHub/BlockyOS/Build/Build-nodate/root-part/services/IO.dll -ia %IO% -p 0 -n 0
[SHELL OUT]:	
[SHELL OUT]:	>> 
[SHELL OUT]:	>> 
[SHELL OUT]:	[Parent:00007ff6045d1f16] >>  C:/GitHub/BlockyOS/Build/Build-nodate/disk.img  Base: 133120    ConfBlockSize: 2048    Starting Disk Env ID: 
[SHELL OUT]:	[Parent:00007ff6045d1e53] >>  C:/GitHub/BlockyOS/Build/Build-nodate/disk.img  Base: 133120    ConfBlockSize: 2048    Starting Disk Env ID: 
[SHELL OUT]:	Reading File Info
[SHELL OUT]:	Reading Bytes
[SHELL OUT]:	[Parent:00007ff6045d1ec2] >> Reading [512 bytes(s)->4 block(s)] from LBA[225560(257474560)-225564(257482752)]
[SHELL OUT]:	Closing Disk Interface >> {C:/GitHub/BlockyOS/Build/Build-nodate/disk.img}
[SHELL OUT]:	Writing Bytes
[SHELL OUT]:	[Parent:00007ff6045d2010] >> Wrtiting [512 bytes(s)->4 block(s)] to LBA[225560(257474560)-225564(257482752)]
[SHELL OUT]:	Closing Disk Interface >> {C:/GitHub/BlockyOS/Build/Build-nodate/disk.img}
[SHELL OUT]:	Root is 0000020bfb879030
[SHELL OUT]:	Writing File Block at 225561, Item: 1.	Root: [1742780011519050388:147156532550678]
[SHELL OUT]:	[Parent:00007ff6045d1557] >>  C:/GitHub/BlockyOS/Build/Build-nodate/disk.img  Base: 133120    ConfBlockSize: 2048    Starting Disk Env ID: 
[SHELL OUT]:	Writing Bytes
[SHELL OUT]:	[Parent:00007ff6045d1583] >> Wrtiting [2048 bytes(s)->4 block(s)] to LBA[225561(257476608)-225565(257484800)]
[SHELL OUT]:	Closing Disk Interface >> {C:/GitHub/BlockyOS/Build/Build-nodate/disk.img}
[SHELL OUT]:	Writing File Block at 225562, Item: 2.	Root: [1742780011519050388:147156532550678]
[SHELL OUT]:	[Parent:00007ff6045d1557] >>  C:/GitHub/BlockyOS/Build/Build-nodate/disk.img  Base: 133120    ConfBlockSize: 2048    Starting Disk Env ID: 
[SHELL OUT]:	Writing Bytes
[SHELL OUT]:	[Parent:00007ff6045d1583] >> Wrtiting [2048 bytes(s)->4 block(s)] to LBA[225562(257478656)-225566(257486848)]
[SHELL OUT]:	Closing Disk Interface >> {C:/GitHub/BlockyOS/Build/Build-nodate/disk.img}
[SHELL OUT]:	Writing File Block at 225563, Item: 3.	Root: [1742780011519050388:147156532550678]
[SHELL OUT]:	[Parent:00007ff6045d1557] >>  C:/GitHub/BlockyOS/Build/Build-nodate/disk.img  Base: 133120    ConfBlockSize: 2048    Starting Disk Env ID: 
[SHELL OUT]:	Writing Bytes
[SHELL OUT]:	[Parent:00007ff6045d1583] >> Wrtiting [2048 bytes(s)->4 block(s)] to LBA[225563(257480704)-225567(257488896)]
[SHELL OUT]:	Closing Disk Interface >> {C:/GitHub/BlockyOS/Build/Build-nodate/disk.img}
[SHELL OUT]:	Writing File Block at 225564, Item: 4.	Root: [1742780011519050388:147156532550678]
[SHELL OUT]:	[Parent:00007ff6045d1557] >>  C:/GitHub/BlockyOS/Build/Build-nodate/disk.img  Base: 133120    ConfBlockSize: 2048    Starting Disk Env ID: 
[SHELL OUT]:	Writing Bytes
[SHELL OUT]:	[Parent:00007ff6045d1583] >> Wrtiting [2048 bytes(s)->4 block(s)] to LBA[225564(257482752)-225568(257490944)]
[SHELL OUT]:	Closing Disk Interface >> {C:/GitHub/BlockyOS/Build/Build-nodate/disk.img}
[SHELL OUT]:	Writing File Block at 225565, Item: 5.	Root: [1742780011519050388:147156532550678]
[SHELL OUT]:	[Parent:00007ff6045d1557] >>  C:/GitHub/BlockyOS/Build/Build-nodate/disk.img  Base: 133120    ConfBlockSize: 2048    Starting Disk Env ID: 
[SHELL OUT]:	Writing Bytes
[SHELL OUT]:	[Parent:00007ff6045d1583] >> Wrtiting [2048 bytes(s)->4 block(s)] to LBA[225565(257484800)-225569(257492992)]
[SHELL OUT]:	Closing Disk Interface >> {C:/GitHub/BlockyOS/Build/Build-nodate/disk.img}
[SHELL OUT]:	Writing File Block at 225566, Item: 6.	Root: [1742780011519050388:147156532550678]
[SHELL OUT]:	[Parent:00007ff6045d1557] >>  C:/GitHub/BlockyOS/Build/Build-nodate/disk.img  Base: 133120    ConfBlockSize: 2048    Starting Disk Env ID: 
[SHELL OUT]:	Writing Bytes
[SHELL OUT]:	[Parent:00007ff6045d1583] >> Wrtiting [2048 bytes(s)->4 block(s)] to LBA[225566(257486848)-225570(257495040)]
[SHELL OUT]:	Closing Disk Interface >> {C:/GitHub/BlockyOS/Build/Build-nodate/disk.img}
[SHELL OUT]:	Writing File Block at 225567, Item: 7.	Root: [1742780011519050388:147156532550678]
[SHELL OUT]:	[Parent:00007ff6045d1557] >>  C:/GitHub/BlockyOS/Build/Build-nodate/disk.img  Base: 133120    ConfBlockSize: 2048    Starting Disk Env ID: 
[SHELL OUT]:	Writing Bytes
[SHELL OUT]:	[Parent:00007ff6045d1583] >> Wrtiting [2048 bytes(s)->4 block(s)] to LBA[225567(257488896)-225571(257497088)]
[SHELL OUT]:	Closing Disk Interface >> {C:/GitHub/BlockyOS/Build/Build-nodate/disk.img}
[SHELL OUT]:	Writing File Block at 225568, Item: 8.	Root: [1742780011519050388:147156532550678]
[SHELL OUT]:	[Parent:00007ff6045d1557] >>  C:/GitHub/BlockyOS/Build/Build-nodate/disk.img  Base: 133120    ConfBlockSize: 2048    Starting Disk Env ID: 
[SHELL OUT]:	Writing Bytes
[SHELL OUT]:	[Parent:00007ff6045d1583] >> Wrtiting [2048 bytes(s)->4 block(s)] to LBA[225568(257490944)-225572(257499136)]
[SHELL OUT]:	Closing Disk Interface >> {C:/GitHub/BlockyOS/Build/Build-nodate/disk.img}
[SHELL OUT]:	Writing File Block at 225569, Item: 9.	Root: [1742780011519050388:147156532550678]
[SHELL OUT]:	[Parent:00007ff6045d1557] >>  C:/GitHub/BlockyOS/Build/Build-nodate/disk.img  Base: 133120    ConfBlockSize: 2048    Starting Disk Env ID: 
[SHELL OUT]:	Writing Bytes
[SHELL OUT]:	[Parent:00007ff6045d1583] >> Wrtiting [2048 bytes(s)->4 block(s)] to LBA[225569(257492992)-225573(257501184)]
[SHELL OUT]:	Closing Disk Interface >> {C:/GitHub/BlockyOS/Build/Build-nodate/disk.img}
[SHELL OUT]:	Writing File Block at 225570, Item: 10.	Root: [1742780011519050388:147156532550678]
[SHELL OUT]:	[Parent:00007ff6045d1557] >>  C:/GitHub/BlockyOS/Build/Build-nodate/disk.img  Base: 133120    ConfBlockSize: 2048    Starting Disk Env ID: 
[SHELL OUT]:	Writing Bytes
[SHELL OUT]:	[Parent:00007ff6045d1583] >> Wrtiting [2048 bytes(s)->4 block(s)] to LBA[225570(257495040)-225574(257503232)]
[SHELL OUT]:	Closing Disk Interface >> {C:/GitHub/BlockyOS/Build/Build-nodate/disk.img}
[SHELL OUT]:	Writing File Block at 225571, Item: 11.	Root: [1742780011519050388:147156532550678]
[SHELL OUT]:	[Parent:00007ff6045d1557] >>  C:/GitHub/BlockyOS/Build/Build-nodate/disk.img  Base: 133120    ConfBlockSize: 2048    Starting Disk Env ID: 
[SHELL OUT]:	Writing Bytes
[SHELL OUT]:	[Parent:00007ff6045d1583] >> Wrtiting [2048 bytes(s)->4 block(s)] to LBA[225571(257497088)-225575(257505280)]
[SHELL OUT]:	Closing Disk Interface >> {C:/GitHub/BlockyOS/Build/Build-nodate/disk.img}
[SHELL OUT]:	Writing File Block at 225572, Item: 12.	Root: [1742780011519050388:147156532550678]
[SHELL OUT]:	[Parent:00007ff6045d1557] >>  C:/GitHub/BlockyOS/Build/Build-nodate/disk.img  Base: 133120    ConfBlockSize: 2048    Starting Disk Env ID: 
[SHELL OUT]:	Writing Bytes
[SHELL OUT]:	[Parent:00007ff6045d1583] >> Wrtiting [2048 bytes(s)->4 block(s)] to LBA[225572(257499136)-225576(257507328)]
[SHELL OUT]:	Closing Disk Interface >> {C:/GitHub/BlockyOS/Build/Build-nodate/disk.img}
[SHELL OUT]:	Writing File Block at 225573, Item: 13.	Root: [1742780011519050388:147156532550678]
[SHELL OUT]:	[Parent:00007ff6045d1557] >>  C:/GitHub/BlockyOS/Build/Build-nodate/disk.img  Base: 133120    ConfBlockSize: 2048    Starting Disk Env ID: 
[SHELL OUT]:	Writing Bytes
[SHELL OUT]:	[Parent:00007ff6045d1583] >> Wrtiting [2048 bytes(s)->4 block(s)] to LBA[225573(257501184)-225577(257509376)]
[SHELL OUT]:	Closing Disk Interface >> {C:/GitHub/BlockyOS/Build/Build-nodate/disk.img}
[SHELL OUT]:	Writing File Block at 225574, Item: 14.	Root: [1742780011519050388:147156532550678]
[SHELL OUT]:	[Parent:00007ff6045d1557] >>  C:/GitHub/BlockyOS/Build/Build-nodate/disk.img  Base: 133120    ConfBlockSize: 2048    Starting Disk Env ID: 
[SHELL OUT]:	Writing Bytes
[SHELL OUT]:	[Parent:00007ff6045d1583] >> Wrtiting [2048 bytes(s)->4 block(s)] to LBA[225574(257503232)-225578(257511424)]
[SHELL OUT]:	Closing Disk Interface >> {C:/GitHub/BlockyOS/Build/Build-nodate/disk.img}
[SHELL OUT]:	Writing File Block at 225575, Item: 15.	Root: [1742780011519050388:147156532550678]
[SHELL OUT]:	[Parent:00007ff6045d1557] >>  C:/GitHub/BlockyOS/Build/Build-nodate/disk.img  Base: 133120    ConfBlockSize: 2048    Starting Disk Env ID: 
[SHELL OUT]:	Writing Bytes
[SHELL OUT]:	[Parent:00007ff6045d1583] >> Wrtiting [2048 bytes(s)->4 block(s)] to LBA[225575(257505280)-225579(257513472)]
[SHELL OUT]:	Closing Disk Interface >> {C:/GitHub/BlockyOS/Build/Build-nodate/disk.img}
[SHELL OUT]:	Writing File Block at 225576, Item: 16.	Root: [1742780011519050388:147156532550678]
[SHELL OUT]:	[Parent:00007ff6045d1557] >>  C:/GitHub/BlockyOS/Build/Build-nodate/disk.img  Base: 133120    ConfBlockSize: 2048    Starting Disk Env ID: 
[SHELL OUT]:	Writing Bytes
[SHELL OUT]:	[Parent:00007ff6045d1583] >> Wrtiting [2048 bytes(s)->4 block(s)] to LBA[225576(257507328)-225580(257515520)]
[SHELL OUT]:	Closing Disk Interface >> {C:/GitHub/BlockyOS/Build/Build-nodate/disk.img}
[SHELL OUT]:	Writing File Block at 225577, Item: 17.	Root: [1742780011519050388:147156532550678]
[SHELL OUT]:	[Parent:00007ff6045d1557] >>  C:/GitHub/BlockyOS/Build/Build-nodate/disk.img  Base: 133120    ConfBlockSize: 2048    Starting Disk Env ID: 
[SHELL OUT]:	Writing Bytes
[SHELL OUT]:	[Parent:00007ff6045d1583] >> Wrtiting [2048 bytes(s)->4 block(s)] to LBA[225577(257509376)-225581(257517568)]
[SHELL OUT]:	Closing Disk Interface >> {C:/GitHub/BlockyOS/Build/Build-nodate/disk.img}
[SHELL OUT]:	Writing File Block at 225578, Item: 18.	Root: [1742780011519050388:147156532550678]
[SHELL OUT]:	[Parent:00007ff6045d1557] >>  C:/GitHub/BlockyOS/Build/Build-nodate/disk.img  Base: 133120    ConfBlockSize: 2048    Starting Disk Env ID: 
[SHELL OUT]:	Writing Bytes
[SHELL OUT]:	[Parent:00007ff6045d1583] >> Wrtiting [2048 bytes(s)->4 block(s)] to LBA[225578(257511424)-225582(257519616)]
[SHELL OUT]:	Closing Disk Interface >> {C:/GitHub/BlockyOS/Build/Build-nodate/disk.img}
[SHELL OUT]:	Writing File Block at 225579, Item: 19.	Root: [1742780011519050388:147156532550678]
[SHELL OUT]:	[Parent:00007ff6045d1557] >>  C:/GitHub/BlockyOS/Build/Build-nodate/disk.img  Base: 133120    ConfBlockSize: 2048    Starting Disk Env ID: 
[SHELL OUT]:	Writing Bytes
[SHELL OUT]:	[Parent:00007ff6045d1583] >> Wrtiting [2048 bytes(s)->4 block(s)] to LBA[225579(257513472)-225583(257521664)]
[SHELL OUT]:	Closing Disk Interface >> {C:/GitHub/BlockyOS/Build/Build-nodate/disk.img}
[SHELL OUT]:	Writing File Block at 225580, Item: 20.	Root: [1742780011519050388:147156532550678]
[SHELL OUT]:	[Parent:00007ff6045d1557] >>  C:/GitHub/BlockyOS/Build/Build-nodate/disk.img  Base: 133120    ConfBlockSize: 2048    Starting Disk Env ID: 
[SHELL OUT]:	Writing Bytes
[SHELL OUT]:	[Parent:00007ff6045d1583] >> Wrtiting [2048 bytes(s)->4 block(s)] to LBA[225580(257515520)-225584(257523712)]
[SHELL OUT]:	Closing Disk Interface >> {C:/GitHub/BlockyOS/Build/Build-nodate/disk.img}
[SHELL OUT]:	Writing File Block at 225581, Item: 21.	Root: [1742780011519050388:147156532550678]
[SHELL OUT]:	[Parent:00007ff6045d1557] >>  C:/GitHub/BlockyOS/Build/Build-nodate/disk.img  Base: 133120    ConfBlockSize: 2048    Starting Disk Env ID: 
[SHELL OUT]:	Writing Bytes
[SHELL OUT]:	[Parent:00007ff6045d1583] >> Wrtiting [2048 bytes(s)->4 block(s)] to LBA[225581(257517568)-225585(257525760)]
[SHELL OUT]:	Closing Disk Interface >> {C:/GitHub/BlockyOS/Build/Build-nodate/disk.img}
[SHELL OUT]:	Writing File Block at 225582, Item: 22.	Root: [1742780011519050388:147156532550678]
[SHELL OUT]:	[Parent:00007ff6045d1557] >>  C:/GitHub/BlockyOS/Build/Build-nodate/disk.img  Base: 133120    ConfBlockSize: 2048    Starting Disk Env ID: 
[SHELL OUT]:	Writing Bytes
[SHELL OUT]:	[Parent:00007ff6045d1583] >> Wrtiting [2048 bytes(s)->4 block(s)] to LBA[225582(257519616)-225586(257527808)]
[SHELL OUT]:	Closing Disk Interface >> {C:/GitHub/BlockyOS/Build/Build-nodate/disk.img}
[SHELL OUT]:	Writing File Block at 225583, Item: 23.	Root: [1742780011519050388:147156532550678]
[SHELL OUT]:	[Parent:00007ff6045d1557] >>  C:/GitHub/BlockyOS/Build/Build-nodate/disk.img  Base: 133120    ConfBlockSize: 2048    Starting Disk Env ID: 
[SHELL OUT]:	Writing Bytes
[SHELL OUT]:	[Parent:00007ff6045d1583] >> Wrtiting [2048 bytes(s)->4 block(s)] to LBA[225583(257521664)-225587(257529856)]
[SHELL OUT]:	Closing Disk Interface >> {C:/GitHub/BlockyOS/Build/Build-nodate/disk.img}
[SHELL OUT]:	Writing File Block at 225584, Item: 24.	Root: [1742780011519050388:147156532550678]
[SHELL OUT]:	[Parent:00007ff6045d1557] >>  C:/GitHub/BlockyOS/Build/Build-nodate/disk.img  Base: 133120    ConfBlockSize: 2048    Starting Disk Env ID: 
[SHELL OUT]:	Writing Bytes
[SHELL OUT]:	[Parent:00007ff6045d1583] >> Wrtiting [2048 bytes(s)->4 block(s)] to LBA[225584(257523712)-225588(257531904)]
[SHELL OUT]:	Closing Disk Interface >> {C:/GitHub/BlockyOS/Build/Build-nodate/disk.img}
[SHELL OUT]:	Reading File Block at 225585, Item: 25.    Root: [1742780011519050388:147156532550678]
[SHELL OUT]:	[Parent:00007ff6045d10ba] >>  C:/GitHub/BlockyOS/Build/Build-nodate/disk.img  Base: 133120    ConfBlockSize: 2048    Starting Disk Env ID: 
[SHELL OUT]:	Reading Bytes
[SHELL OUT]:	[Parent:00007ff6045d10de] >> Reading [2048 bytes(s)->4 block(s)] from LBA[225585(257525760)-225589(257533952)]
[SHELL OUT]:	Closing Disk Interface >> {C:/GitHub/BlockyOS/Build/Build-nodate/disk.img}
[SHELL OUT]:	Writing File Block at 225585, Item: 25.	Root: [1742780011519050388:147156532550678]
[SHELL OUT]:	[Parent:00007ff6045d1557] >>  C:/GitHub/BlockyOS/Build/Build-nodate/disk.img  Base: 133120    ConfBlockSize: 2048    Starting Disk Env ID: 
[SHELL OUT]:	Writing Bytes
[SHELL OUT]:	[Parent:00007ff6045d1583] >> Wrtiting [2048 bytes(s)->4 block(s)] to LBA[225585(257525760)-225589(257533952)]
[SHELL OUT]:	Closing Disk Interface >> {C:/GitHub/BlockyOS/Build/Build-nodate/disk.img}
[SHELL OUT]:	[0]: ""
Initializing CGCC.MAKE build process...
Skipping C:\GitHub\BlockyOS\src\kernel\services\IO\IO.c - up to date; source=2026-09-16T16:38:35.5854557Z, stored=09/16/2026 16:38:35
Stale source detected for C:\GitHub\BlockyOS\Build\Build-nodate\root-part\libcrt.dll. source=2026-10-02T18:01:06.4760091Z, stored=10/02/2026 17:55:06, delta=+20217960.476 sec
Compiled and updated timestamp for C:\GitHub\BlockyOS\Build\Build-nodate\root-part\libcrt.dll
Skipping C:\GitHub\BlockyOS\src\kernel\services\IO\IO.def - up to date; source=2026-09-16T21:00:02.8766014Z, stored=09/16/2026 21:00:02
gcc compile/cache/c.IO.o Build/Build-nodate/root-part/libcrt.dll src/kernel/services/IO/IO.def -Wl,-nostdlib -Wl,-shared -Wl,-flinker-output=dyn -Wl,-Bsymbolic -Wl,--out-implib,C:/GitHub/BlockyOS/Build/Build-nodate/root-part/services/IO.dll.a -Wl,-Map,C:\GitHub\BlockyOS\src\kernel\services\IO\alibcrt.map -fdiagnostics-color=always -fno-diagnostics-show-highlight-colors -nostartfiles -nodefaultlibs -fno-asynchronous-unwind-tables -fno-unwind-tables -o C:/GitHub/BlockyOS/Build/Build-nodate/root-part/services/IO.dll
Build finished successfully -> C:/GitHub/BlockyOS/Build/Build-nodate/root-part/services/IO.dll


[SHELL]	FSFRAT.MAKE
[SHELL]	FSFRAT.MOUNT
[SHELL]	e.disk -pp C:/GitHub/BlockyOS/Build/Build-nodate/disk.img -pt ROOT -bs 2048 -lb 32 -v 1:0
[SHELL OUT]:	
[SHELL OUT]:	FSFRAT DRIVER
[SHELL OUT]:	>> 
[SHELL OUT]:	[C:\GitHub\BlockyOS\tools\filesystem\frat.c:196]  >>  Mounting FS Root: [C:/GitHub/BlockyOS/Build/Build-nodate/disk.img]
[SHELL OUT]:	Verifying Disk GPT
[SHELL OUT]:	[Parent:00007ff7fc11d8ff] >>  C:/GitHub/BlockyOS/Build/Build-nodate/disk.img  Base: 0    ConfBlockSize: 512    Starting Disk Env ID: 
[SHELL OUT]:	Reading Bytes
[SHELL OUT]:	[Parent:00007ff7fc11d91a] >> Reading [92 bytes(s)->1 block(s)] from LBA[1(512)-2(1024)]
[SHELL OUT]:	GPT Dump:
[SHELL OUT]:	    Sig: "EFI PART"
[SHELL OUT]:	    Rev: 65536
[SHELL OUT]:	    Header-Size: 92
[SHELL OUT]:	    Header Checksum: 2621714706
[SHELL OUT]:	    localLBA: 1
[SHELL OUT]:	    altLBA: 2230273
[SHELL OUT]:	    firstUsable: 2048
[SHELL OUT]:	    lastUsable: 2230271
[SHELL OUT]:	    Disk-GUID: 
[SHELL OUT]:	    Partition-Table: 2
[SHELL OUT]:	    # of Partition-Entries: 2
[SHELL OUT]:	    Partition-Entry Size: 128
[SHELL OUT]:	    Partition-Table Checksum: 896708427
[SHELL OUT]:	Closing Disk Interface >> {C:/GitHub/BlockyOS/Build/Build-nodate/disk.img}
[SHELL OUT]:	GPT Exists? true
[SHELL OUT]:	[Parent:00007ff7fc11eed9] >>  C:/GitHub/BlockyOS/Build/Build-nodate/disk.img  Base: 0    ConfBlockSize: 512    Starting Disk Env ID: 
[SHELL OUT]:	Reading Bytes
[SHELL OUT]:	[Parent:00007ff7fc11eefa] >> Reading [92 bytes(s)->1 block(s)] from LBA[1(512)-2(1024)]
[SHELL OUT]:	[C:\GitHub\BlockyOS\tools\filesystem\frat.c:137]  >>  Querying Part Table
[SHELL OUT]:	Reading Bytes
[SHELL OUT]:	[Parent:00007ff7fc11e73d] >> Reading [256 bytes(s)->1 block(s)] from LBA[2(1024)-3(1536)]
[SHELL OUT]:	[C:\GitHub\BlockyOS\tools\filesystem\frat.c:145]  >>  GPT-Entry: BOOT{2048:133119 -> 131071}
[SHELL OUT]:	[C:\GitHub\BlockyOS\tools\filesystem\frat.c:159]  >>  Querying FS at 2048
[SHELL OUT]:	Reading Bytes
[SHELL OUT]:	[Parent:00007ff7fc11ebe1] >> Reading [60 bytes(s)->1 block(s)] from LBA[2048(1048576)-2049(1049088)]
[SHELL OUT]:	FS-Root Blob:
[SHELL OUT]:	    Version: [0:131072]
[SHELL OUT]:	    Sig: 
[SHELL OUT]:	    Configured Log Sectors: 2
[SHELL OUT]:	    Configured Block Size: 0
[SHELL OUT]:	    Configured Cluster-Map Size: 16711743
[SHELL OUT]:	[C:\GitHub\BlockyOS\tools\filesystem\frat.c:145]  >>  GPT-Entry: ROOT{133120:2230271 -> 2097151}
[SHELL OUT]:	[C:\GitHub\BlockyOS\tools\filesystem\frat.c:159]  >>  Querying FS at 133120
[SHELL OUT]:	Reading Bytes
[SHELL OUT]:	[Parent:00007ff7fc11ebe1] >> Reading [60 bytes(s)->1 block(s)] from LBA[133120(68157440)-133121(68157952)]
[SHELL OUT]:	FS-Root Blob:
[SHELL OUT]:	    Version: [0:1]
[SHELL OUT]:	    Sig: FRAT_FILESYSTEM
[SHELL OUT]:	    Configured Log Sectors: 32
[SHELL OUT]:	    Configured Block Size: 2048
[SHELL OUT]:	    Configured Cluster-Map Size: 20480
[SHELL OUT]:	[C:\GitHub\BlockyOS\tools\filesystem\frat.c:184]  >>  FS Found at [133120]:
[SHELL OUT]:		Version-Code: [0:1]
[SHELL OUT]:		Configured Block-Size: 2048
[SHELL OUT]:		Configured Cluster-Size: 20480
[SHELL OUT]:		Configured # of Log-Sectors: 32
[SHELL OUT]:		Configured Log-Size: 576
[SHELL OUT]:	[C:\GitHub\BlockyOS\tools\filesystem\frat.c:210]  >>  Found Formatted Partition: 133120:2230271 -> 2097151
[SHELL OUT]:	Reading Bytes
[SHELL OUT]:	[Parent:00007ff7fc11f05b] >> Reading [60 bytes(s)->1 block(s)] from LBA[133120(68157440)-133121(68157952)]
[SHELL OUT]:	[C:\GitHub\BlockyOS\tools\filesystem\frat.c:223]  >>  Root: 133120:2230271 -> 2097151 LBAs
[SHELL OUT]:		Version-Code: [0:1]
[SHELL OUT]:		Configured Block-Size: 2048
[SHELL OUT]:		Configured Cluster-Size: 20480
[SHELL OUT]:		Configured # of Log-Sectors: 20480
[SHELL OUT]:		Configured Log-Size: 32
[SHELL OUT]:	Reading Bytes
[SHELL OUT]:	[Parent:00007ff7fc11f39f] >> Reading [65536 bytes(s)->128 block(s)] from LBA[133121(68159488)-133249(68421632)]
[SHELL OUT]:	Reading Bytes
[SHELL OUT]:	[Parent:00007ff7fc11f44b] >> Reading [20480 bytes(s)->40 block(s)] from LBA[202752(210763776)-202792(210845696)]
[SHELL OUT]:	    Verifying FS Root Items #items: 1024
[SHELL OUT]:	Reading Bytes
[SHELL OUT]:	[Parent:00007ff7fc11f6be] >> Reading [512 bytes(s)->4 block(s)] from LBA[225280(256901120)-225284(256909312)]
[SHELL OUT]:	Reading Bytes
[SHELL OUT]:	[Parent:00007ff7fc11f6be] >> Reading [512 bytes(s)->4 block(s)] from LBA[225281(256903168)-225285(256911360)]
[SHELL OUT]:	Reading Bytes
[SHELL OUT]:	[Parent:00007ff7fc11f6be] >> Reading [512 bytes(s)->4 block(s)] from LBA[225396(257138688)-225400(257146880)]
[SHELL OUT]:	Reading Bytes
[SHELL OUT]:	[Parent:00007ff7fc11f6be] >> Reading [512 bytes(s)->4 block(s)] from LBA[225422(257191936)-225426(257200128)]
[SHELL OUT]:	Reading Bytes
[SHELL OUT]:	[Parent:00007ff7fc11f6be] >> Reading [512 bytes(s)->4 block(s)] from LBA[225431(257210368)-225435(257218560)]
[SHELL OUT]:	Reading Bytes
[SHELL OUT]:	[Parent:00007ff7fc11f6be] >> Reading [512 bytes(s)->4 block(s)] from LBA[225446(257241088)-225450(257249280)]
[SHELL OUT]:	Reading Bytes
[SHELL OUT]:	[Parent:00007ff7fc11f6be] >> Reading [512 bytes(s)->4 block(s)] from LBA[225560(257474560)-225564(257482752)]
[SHELL OUT]:	Reading Bytes
[SHELL OUT]:	[Parent:00007ff7fc11f6be] >> Reading [512 bytes(s)->4 block(s)] from LBA[225586(257527808)-225590(257536000)]
[SHELL OUT]:	Reading Bytes
[SHELL OUT]:	[Parent:00007ff7fc11f6be] >> Reading [512 bytes(s)->4 block(s)] from LBA[225595(257546240)-225599(257554432)]
[SHELL OUT]:	Reading Bytes
[SHELL OUT]:	[Parent:00007ff7fc11f6be] >> Reading [512 bytes(s)->4 block(s)] from LBA[225610(257576960)-225614(257585152)]
[SHELL OUT]:	Closing Disk Interface >> {C:/GitHub/BlockyOS/Build/Build-nodate/disk.img}
[SHELL OUT]:	[Parent:00007ff7fc121926] >>  C:/GitHub/BlockyOS/Build/Build-nodate/disk.img  Base: 133120    ConfBlockSize: 2048    Starting Disk Env ID: 
[SHELL OUT]:	Writing Bytes
[SHELL OUT]:	[Parent:00007ff7fc12194f] >> Wrtiting [60 bytes(s)->4 block(s)] to LBA[133120(68157440)-133124(68165632)]
[SHELL OUT]:	Writing Bytes
[SHELL OUT]:	[Parent:00007ff7fc121997] >> Wrtiting [20480 bytes(s)->40 block(s)] to LBA[202752(210763776)-202792(210845696)]
[SHELL OUT]:	Closing Disk Interface >> {C:/GitHub/BlockyOS/Build/Build-nodate/disk.img}
[SHELL OUT]:	[0]: ""
[SHELL]	create -la fc -p SYSD/ -n IO.dll
[SHELL OUT]:	
[SHELL OUT]:	>> 
[SHELL OUT]:	>> 
[SHELL OUT]:	0000027ce4d35ecb:fc	0000027ce4d35ed1:SYSD/	0000027ce4d35eda:IO.dll	
[SHELL OUT]:	[	SYSD/IO.dll]
[SHELL OUT]:	Mounting File [SYSD/IO.dll] with "fc"
[SHELL OUT]:	Creating File at: ./SYSD/IO.dll
[SHELL OUT]:	Root is 0000027ce4d39030
[SHELL OUT]:	Root is 0000027ce4d39030
[SHELL OUT]:	Un-Mounting File [1742780011519050388:147156532550678]
[SHELL OUT]:	[Parent:00007ff7fc121926] >>  C:/GitHub/BlockyOS/Build/Build-nodate/disk.img  Base: 133120    ConfBlockSize: 2048    Starting Disk Env ID: 
[SHELL OUT]:	Writing Bytes
[SHELL OUT]:	[Parent:00007ff7fc12194f] >> Wrtiting [60 bytes(s)->4 block(s)] to LBA[133120(68157440)-133124(68165632)]
[SHELL OUT]:	Writing Bytes
[SHELL OUT]:	[Parent:00007ff7fc121997] >> Wrtiting [20480 bytes(s)->40 block(s)] to LBA[202752(210763776)-202792(210845696)]
[SHELL OUT]:	Closing Disk Interface >> {C:/GitHub/BlockyOS/Build/Build-nodate/disk.img}
[SHELL OUT]:	[0]: ""
[SHELL]	FSFRAT.OPEN
[SHELL]	open -p SYSD/IO.dll -a IO -la f
[SHELL OUT]:	
[SHELL OUT]:	>> 
[SHELL OUT]:	>> 
[SHELL OUT]:	Mounting File [SYSD/IO.dll] with "f"
[SHELL OUT]:	Root is 0000027ce4d39030
[SHELL OUT]:	[0]: ""
[SHELL]	FSFRAT.WRITE
[SHELL]	fwrite -pp C:/GitHub/BlockyOS/Build/Build-nodate/root-part/services/IO.dll -ia %IO% -p 0 -n 0
[SHELL OUT]:	
[SHELL OUT]:	>> 
[SHELL OUT]:	>> 
[SHELL OUT]:	[Parent:00007ff7fc121f16] >>  C:/GitHub/BlockyOS/Build/Build-nodate/disk.img  Base: 133120    ConfBlockSize: 2048    Starting Disk Env ID: 
[SHELL OUT]:	[Parent:00007ff7fc121e53] >>  C:/GitHub/BlockyOS/Build/Build-nodate/disk.img  Base: 133120    ConfBlockSize: 2048    Starting Disk Env ID: 
[SHELL OUT]:	Reading File Info
[SHELL OUT]:	Reading Bytes
[SHELL OUT]:	[Parent:00007ff7fc121ec2] >> Reading [512 bytes(s)->4 block(s)] from LBA[225560(257474560)-225564(257482752)]
[SHELL OUT]:	Closing Disk Interface >> {C:/GitHub/BlockyOS/Build/Build-nodate/disk.img}
[SHELL OUT]:	Writing Bytes
[SHELL OUT]:	[Parent:00007ff7fc122010] >> Wrtiting [512 bytes(s)->4 block(s)] to LBA[225560(257474560)-225564(257482752)]
[SHELL OUT]:	Closing Disk Interface >> {C:/GitHub/BlockyOS/Build/Build-nodate/disk.img}
[SHELL OUT]:	Root is 0000027ce4d39030
[SHELL OUT]:	Writing File Block at 225561, Item: 1.	Root: [1742780011519050388:147156532550678]
[SHELL OUT]:	[Parent:00007ff7fc121557] >>  C:/GitHub/BlockyOS/Build/Build-nodate/disk.img  Base: 133120    ConfBlockSize: 2048    Starting Disk Env ID: 
[SHELL OUT]:	Writing Bytes
[SHELL OUT]:	[Parent:00007ff7fc121583] >> Wrtiting [2048 bytes(s)->4 block(s)] to LBA[225561(257476608)-225565(257484800)]
[SHELL OUT]:	Closing Disk Interface >> {C:/GitHub/BlockyOS/Build/Build-nodate/disk.img}
[SHELL OUT]:	Writing File Block at 225562, Item: 2.	Root: [1742780011519050388:147156532550678]
[SHELL OUT]:	[Parent:00007ff7fc121557] >>  C:/GitHub/BlockyOS/Build/Build-nodate/disk.img  Base: 133120    ConfBlockSize: 2048    Starting Disk Env ID: 
[SHELL OUT]:	Writing Bytes
[SHELL OUT]:	[Parent:00007ff7fc121583] >> Wrtiting [2048 bytes(s)->4 block(s)] to LBA[225562(257478656)-225566(257486848)]
[SHELL OUT]:	Closing Disk Interface >> {C:/GitHub/BlockyOS/Build/Build-nodate/disk.img}
[SHELL OUT]:	Writing File Block at 225563, Item: 3.	Root: [1742780011519050388:147156532550678]
[SHELL OUT]:	[Parent:00007ff7fc121557] >>  C:/GitHub/BlockyOS/Build/Build-nodate/disk.img  Base: 133120    ConfBlockSize: 2048    Starting Disk Env ID: 
[SHELL OUT]:	Writing Bytes
[SHELL OUT]:	[Parent:00007ff7fc121583] >> Wrtiting [2048 bytes(s)->4 block(s)] to LBA[225563(257480704)-225567(257488896)]
[SHELL OUT]:	Closing Disk Interface >> {C:/GitHub/BlockyOS/Build/Build-nodate/disk.img}
[SHELL OUT]:	Writing File Block at 225564, Item: 4.	Root: [1742780011519050388:147156532550678]
[SHELL OUT]:	[Parent:00007ff7fc121557] >>  C:/GitHub/BlockyOS/Build/Build-nodate/disk.img  Base: 133120    ConfBlockSize: 2048    Starting Disk Env ID: 
[SHELL OUT]:	Writing Bytes
[SHELL OUT]:	[Parent:00007ff7fc121583] >> Wrtiting [2048 bytes(s)->4 block(s)] to LBA[225564(257482752)-225568(257490944)]
[SHELL OUT]:	Closing Disk Interface >> {C:/GitHub/BlockyOS/Build/Build-nodate/disk.img}
[SHELL OUT]:	Writing File Block at 225565, Item: 5.	Root: [1742780011519050388:147156532550678]
[SHELL OUT]:	[Parent:00007ff7fc121557] >>  C:/GitHub/BlockyOS/Build/Build-nodate/disk.img  Base: 133120    ConfBlockSize: 2048    Starting Disk Env ID: 
[SHELL OUT]:	Writing Bytes
[SHELL OUT]:	[Parent:00007ff7fc121583] >> Wrtiting [2048 bytes(s)->4 block(s)] to LBA[225565(257484800)-225569(257492992)]
[SHELL OUT]:	Closing Disk Interface >> {C:/GitHub/BlockyOS/Build/Build-nodate/disk.img}
[SHELL OUT]:	Writing File Block at 225566, Item: 6.	Root: [1742780011519050388:147156532550678]
[SHELL OUT]:	[Parent:00007ff7fc121557] >>  C:/GitHub/BlockyOS/Build/Build-nodate/disk.img  Base: 133120    ConfBlockSize: 2048    Starting Disk Env ID: 
[SHELL OUT]:	Writing Bytes
[SHELL OUT]:	[Parent:00007ff7fc121583] >> Wrtiting [2048 bytes(s)->4 block(s)] to LBA[225566(257486848)-225570(257495040)]
[SHELL OUT]:	Closing Disk Interface >> {C:/GitHub/BlockyOS/Build/Build-nodate/disk.img}
[SHELL OUT]:	Writing File Block at 225567, Item: 7.	Root: [1742780011519050388:147156532550678]
[SHELL OUT]:	[Parent:00007ff7fc121557] >>  C:/GitHub/BlockyOS/Build/Build-nodate/disk.img  Base: 133120    ConfBlockSize: 2048    Starting Disk Env ID: 
[SHELL OUT]:	Writing Bytes
[SHELL OUT]:	[Parent:00007ff7fc121583] >> Wrtiting [2048 bytes(s)->4 block(s)] to LBA[225567(257488896)-225571(257497088)]
[SHELL OUT]:	Closing Disk Interface >> {C:/GitHub/BlockyOS/Build/Build-nodate/disk.img}
[SHELL OUT]:	Writing File Block at 225568, Item: 8.	Root: [1742780011519050388:147156532550678]
[SHELL OUT]:	[Parent:00007ff7fc121557] >>  C:/GitHub/BlockyOS/Build/Build-nodate/disk.img  Base: 133120    ConfBlockSize: 2048    Starting Disk Env ID: 
[SHELL OUT]:	Writing Bytes
[SHELL OUT]:	[Parent:00007ff7fc121583] >> Wrtiting [2048 bytes(s)->4 block(s)] to LBA[225568(257490944)-225572(257499136)]
[SHELL OUT]:	Closing Disk Interface >> {C:/GitHub/BlockyOS/Build/Build-nodate/disk.img}
[SHELL OUT]:	Writing File Block at 225569, Item: 9.	Root: [1742780011519050388:147156532550678]
[SHELL OUT]:	[Parent:00007ff7fc121557] >>  C:/GitHub/BlockyOS/Build/Build-nodate/disk.img  Base: 133120    ConfBlockSize: 2048    Starting Disk Env ID: 
[SHELL OUT]:	Writing Bytes
[SHELL OUT]:	[Parent:00007ff7fc121583] >> Wrtiting [2048 bytes(s)->4 block(s)] to LBA[225569(257492992)-225573(257501184)]
[SHELL OUT]:	Closing Disk Interface >> {C:/GitHub/BlockyOS/Build/Build-nodate/disk.img}
[SHELL OUT]:	Writing File Block at 225570, Item: 10.	Root: [1742780011519050388:147156532550678]
[SHELL OUT]:	[Parent:00007ff7fc121557] >>  C:/GitHub/BlockyOS/Build/Build-nodate/disk.img  Base: 133120    ConfBlockSize: 2048    Starting Disk Env ID: 
[SHELL OUT]:	Writing Bytes
[SHELL OUT]:	[Parent:00007ff7fc121583] >> Wrtiting [2048 bytes(s)->4 block(s)] to LBA[225570(257495040)-225574(257503232)]
[SHELL OUT]:	Closing Disk Interface >> {C:/GitHub/BlockyOS/Build/Build-nodate/disk.img}
[SHELL OUT]:	Writing File Block at 225571, Item: 11.	Root: [1742780011519050388:147156532550678]
[SHELL OUT]:	[Parent:00007ff7fc121557] >>  C:/GitHub/BlockyOS/Build/Build-nodate/disk.img  Base: 133120    ConfBlockSize: 2048    Starting Disk Env ID: 
[SHELL OUT]:	Writing Bytes
[SHELL OUT]:	[Parent:00007ff7fc121583] >> Wrtiting [2048 bytes(s)->4 block(s)] to LBA[225571(257497088)-225575(257505280)]
[SHELL OUT]:	Closing Disk Interface >> {C:/GitHub/BlockyOS/Build/Build-nodate/disk.img}
[SHELL OUT]:	Writing File Block at 225572, Item: 12.	Root: [1742780011519050388:147156532550678]
[SHELL OUT]:	[Parent:00007ff7fc121557] >>  C:/GitHub/BlockyOS/Build/Build-nodate/disk.img  Base: 133120    ConfBlockSize: 2048    Starting Disk Env ID: 
[SHELL OUT]:	Writing Bytes
[SHELL OUT]:	[Parent:00007ff7fc121583] >> Wrtiting [2048 bytes(s)->4 block(s)] to LBA[225572(257499136)-225576(257507328)]
[SHELL OUT]:	Closing Disk Interface >> {C:/GitHub/BlockyOS/Build/Build-nodate/disk.img}
[SHELL OUT]:	Writing File Block at 225573, Item: 13.	Root: [1742780011519050388:147156532550678]
[SHELL OUT]:	[Parent:00007ff7fc121557] >>  C:/GitHub/BlockyOS/Build/Build-nodate/disk.img  Base: 133120    ConfBlockSize: 2048    Starting Disk Env ID: 
[SHELL OUT]:	Writing Bytes
[SHELL OUT]:	[Parent:00007ff7fc121583] >> Wrtiting [2048 bytes(s)->4 block(s)] to LBA[225573(257501184)-225577(257509376)]
[SHELL OUT]:	Closing Disk Interface >> {C:/GitHub/BlockyOS/Build/Build-nodate/disk.img}
[SHELL OUT]:	Writing File Block at 225574, Item: 14.	Root: [1742780011519050388:147156532550678]
[SHELL OUT]:	[Parent:00007ff7fc121557] >>  C:/GitHub/BlockyOS/Build/Build-nodate/disk.img  Base: 133120    ConfBlockSize: 2048    Starting Disk Env ID: 
[SHELL OUT]:	Writing Bytes
[SHELL OUT]:	[Parent:00007ff7fc121583] >> Wrtiting [2048 bytes(s)->4 block(s)] to LBA[225574(257503232)-225578(257511424)]
[SHELL OUT]:	Closing Disk Interface >> {C:/GitHub/BlockyOS/Build/Build-nodate/disk.img}
[SHELL OUT]:	Writing File Block at 225575, Item: 15.	Root: [1742780011519050388:147156532550678]
[SHELL OUT]:	[Parent:00007ff7fc121557] >>  C:/GitHub/BlockyOS/Build/Build-nodate/disk.img  Base: 133120    ConfBlockSize: 2048    Starting Disk Env ID: 
[SHELL OUT]:	Writing Bytes
[SHELL OUT]:	[Parent:00007ff7fc121583] >> Wrtiting [2048 bytes(s)->4 block(s)] to LBA[225575(257505280)-225579(257513472)]
[SHELL OUT]:	Closing Disk Interface >> {C:/GitHub/BlockyOS/Build/Build-nodate/disk.img}
[SHELL OUT]:	Writing File Block at 225576, Item: 16.	Root: [1742780011519050388:147156532550678]
[SHELL OUT]:	[Parent:00007ff7fc121557] >>  C:/GitHub/BlockyOS/Build/Build-nodate/disk.img  Base: 133120    ConfBlockSize: 2048    Starting Disk Env ID: 
[SHELL OUT]:	Writing Bytes
[SHELL OUT]:	[Parent:00007ff7fc121583] >> Wrtiting [2048 bytes(s)->4 block(s)] to LBA[225576(257507328)-225580(257515520)]
[SHELL OUT]:	Closing Disk Interface >> {C:/GitHub/BlockyOS/Build/Build-nodate/disk.img}
[SHELL OUT]:	Writing File Block at 225577, Item: 17.	Root: [1742780011519050388:147156532550678]
[SHELL OUT]:	[Parent:00007ff7fc121557] >>  C:/GitHub/BlockyOS/Build/Build-nodate/disk.img  Base: 133120    ConfBlockSize: 2048    Starting Disk Env ID: 
[SHELL OUT]:	Writing Bytes
[SHELL OUT]:	[Parent:00007ff7fc121583] >> Wrtiting [2048 bytes(s)->4 block(s)] to LBA[225577(257509376)-225581(257517568)]
[SHELL OUT]:	Closing Disk Interface >> {C:/GitHub/BlockyOS/Build/Build-nodate/disk.img}
[SHELL OUT]:	Writing File Block at 225578, Item: 18.	Root: [1742780011519050388:147156532550678]
[SHELL OUT]:	[Parent:00007ff7fc121557] >>  C:/GitHub/BlockyOS/Build/Build-nodate/disk.img  Base: 133120    ConfBlockSize: 2048    Starting Disk Env ID: 
[SHELL OUT]:	Writing Bytes
[SHELL OUT]:	[Parent:00007ff7fc121583] >> Wrtiting [2048 bytes(s)->4 block(s)] to LBA[225578(257511424)-225582(257519616)]
[SHELL OUT]:	Closing Disk Interface >> {C:/GitHub/BlockyOS/Build/Build-nodate/disk.img}
[SHELL OUT]:	Writing File Block at 225579, Item: 19.	Root: [1742780011519050388:147156532550678]
[SHELL OUT]:	[Parent:00007ff7fc121557] >>  C:/GitHub/BlockyOS/Build/Build-nodate/disk.img  Base: 133120    ConfBlockSize: 2048    Starting Disk Env ID: 
[SHELL OUT]:	Writing Bytes
[SHELL OUT]:	[Parent:00007ff7fc121583] >> Wrtiting [2048 bytes(s)->4 block(s)] to LBA[225579(257513472)-225583(257521664)]
[SHELL OUT]:	Closing Disk Interface >> {C:/GitHub/BlockyOS/Build/Build-nodate/disk.img}
[SHELL OUT]:	Writing File Block at 225580, Item: 20.	Root: [1742780011519050388:147156532550678]
[SHELL OUT]:	[Parent:00007ff7fc121557] >>  C:/GitHub/BlockyOS/Build/Build-nodate/disk.img  Base: 133120    ConfBlockSize: 2048    Starting Disk Env ID: 
[SHELL OUT]:	Writing Bytes
[SHELL OUT]:	[Parent:00007ff7fc121583] >> Wrtiting [2048 bytes(s)->4 block(s)] to LBA[225580(257515520)-225584(257523712)]
[SHELL OUT]:	Closing Disk Interface >> {C:/GitHub/BlockyOS/Build/Build-nodate/disk.img}
[SHELL OUT]:	Writing File Block at 225581, Item: 21.	Root: [1742780011519050388:147156532550678]
[SHELL OUT]:	[Parent:00007ff7fc121557] >>  C:/GitHub/BlockyOS/Build/Build-nodate/disk.img  Base: 133120    ConfBlockSize: 2048    Starting Disk Env ID: 
[SHELL OUT]:	Writing Bytes
[SHELL OUT]:	[Parent:00007ff7fc121583] >> Wrtiting [2048 bytes(s)->4 block(s)] to LBA[225581(257517568)-225585(257525760)]
[SHELL OUT]:	Closing Disk Interface >> {C:/GitHub/BlockyOS/Build/Build-nodate/disk.img}
[SHELL OUT]:	Writing File Block at 225582, Item: 22.	Root: [1742780011519050388:147156532550678]
[SHELL OUT]:	[Parent:00007ff7fc121557] >>  C:/GitHub/BlockyOS/Build/Build-nodate/disk.img  Base: 133120    ConfBlockSize: 2048    Starting Disk Env ID: 
[SHELL OUT]:	Writing Bytes
[SHELL OUT]:	[Parent:00007ff7fc121583] >> Wrtiting [2048 bytes(s)->4 block(s)] to LBA[225582(257519616)-225586(257527808)]
[SHELL OUT]:	Closing Disk Interface >> {C:/GitHub/BlockyOS/Build/Build-nodate/disk.img}
[SHELL OUT]:	Writing File Block at 225583, Item: 23.	Root: [1742780011519050388:147156532550678]
[SHELL OUT]:	[Parent:00007ff7fc121557] >>  C:/GitHub/BlockyOS/Build/Build-nodate/disk.img  Base: 133120    ConfBlockSize: 2048    Starting Disk Env ID: 
[SHELL OUT]:	Writing Bytes
[SHELL OUT]:	[Parent:00007ff7fc121583] >> Wrtiting [2048 bytes(s)->4 block(s)] to LBA[225583(257521664)-225587(257529856)]
[SHELL OUT]:	Closing Disk Interface >> {C:/GitHub/BlockyOS/Build/Build-nodate/disk.img}
[SHELL OUT]:	Writing File Block at 225584, Item: 24.	Root: [1742780011519050388:147156532550678]
[SHELL OUT]:	[Parent:00007ff7fc121557] >>  C:/GitHub/BlockyOS/Build/Build-nodate/disk.img  Base: 133120    ConfBlockSize: 2048    Starting Disk Env ID: 
[SHELL OUT]:	Writing Bytes
[SHELL OUT]:	[Parent:00007ff7fc121583] >> Wrtiting [2048 bytes(s)->4 block(s)] to LBA[225584(257523712)-225588(257531904)]
[SHELL OUT]:	Closing Disk Interface >> {C:/GitHub/BlockyOS/Build/Build-nodate/disk.img}
[SHELL OUT]:	Reading File Block at 225585, Item: 25.    Root: [1742780011519050388:147156532550678]
[SHELL OUT]:	[Parent:00007ff7fc1210ba] >>  C:/GitHub/BlockyOS/Build/Build-nodate/disk.img  Base: 133120    ConfBlockSize: 2048    Starting Disk Env ID: 
[SHELL OUT]:	Reading Bytes
[SHELL OUT]:	[Parent:00007ff7fc1210de] >> Reading [2048 bytes(s)->4 block(s)] from LBA[225585(257525760)-225589(257533952)]
[SHELL OUT]:	Closing Disk Interface >> {C:/GitHub/BlockyOS/Build/Build-nodate/disk.img}
[SHELL OUT]:	Writing File Block at 225585, Item: 25.	Root: [1742780011519050388:147156532550678]
[SHELL OUT]:	[Parent:00007ff7fc121557] >>  C:/GitHub/BlockyOS/Build/Build-nodate/disk.img  Base: 133120    ConfBlockSize: 2048    Starting Disk Env ID: 
[SHELL OUT]:	Writing Bytes
[SHELL OUT]:	[Parent:00007ff7fc121583] >> Wrtiting [2048 bytes(s)->4 block(s)] to LBA[225585(257525760)-225589(257533952)]
[SHELL OUT]:	Closing Disk Interface >> {C:/GitHub/BlockyOS/Build/Build-nodate/disk.img}
[SHELL OUT]:	[0]: ""
Initializing CGCC.MAKE build process...
Skipping C:\GitHub\BlockyOS\src\kernel\services\IO\IO.c - up to date; source=2026-09-16T16:38:35.5854557Z, stored=09/16/2026 16:38:35
Stale source detected for C:\GitHub\BlockyOS\Build\Build-nodate\root-part\libcrt.dll. source=2026-10-02T18:08:02.8395197Z, stored=10/02/2026 18:01:06, delta=+20218016.840 sec
Compiled and updated timestamp for C:\GitHub\BlockyOS\Build\Build-nodate\root-part\libcrt.dll
Skipping C:\GitHub\BlockyOS\src\kernel\services\IO\IO.def - up to date; source=2026-09-16T21:00:02.8766014Z, stored=09/16/2026 21:00:02
gcc compile/cache/c.IO.o Build/Build-nodate/root-part/libcrt.dll src/kernel/services/IO/IO.def -Wl,-nostdlib -Wl,-shared -Wl,-flinker-output=dyn -Wl,-Bsymbolic -Wl,--out-implib,C:/GitHub/BlockyOS/Build/Build-nodate/root-part/services/IO.dll.a -Wl,-Map,C:\GitHub\BlockyOS\src\kernel\services\IO\alibcrt.map -fdiagnostics-color=always -fno-diagnostics-show-highlight-colors -nostartfiles -nodefaultlibs -fno-asynchronous-unwind-tables -fno-unwind-tables -o C:/GitHub/BlockyOS/Build/Build-nodate/root-part/services/IO.dll
Build finished successfully -> C:/GitHub/BlockyOS/Build/Build-nodate/root-part/services/IO.dll


[SHELL]	FSFRAT.MAKE
[SHELL]	FSFRAT.MOUNT
[SHELL]	e.disk -pp C:/GitHub/BlockyOS/Build/Build-nodate/disk.img -pt ROOT -bs 2048 -lb 32 -v 1:0
[SHELL OUT]:	
[SHELL OUT]:	FSFRAT DRIVER
[SHELL OUT]:	>> 
[SHELL OUT]:	[C:\GitHub\BlockyOS\tools\filesystem\frat.c:196]  >>  Mounting FS Root: [C:/GitHub/BlockyOS/Build/Build-nodate/disk.img]
[SHELL OUT]:	Verifying Disk GPT
[SHELL OUT]:	[Parent:00007ff6ef60d8ff] >>  C:/GitHub/BlockyOS/Build/Build-nodate/disk.img  Base: 0    ConfBlockSize: 512    Starting Disk Env ID: 
[SHELL OUT]:	Reading Bytes
[SHELL OUT]:	[Parent:00007ff6ef60d91a] >> Reading [92 bytes(s)->1 block(s)] from LBA[1(512)-2(1024)]
[SHELL OUT]:	GPT Dump:
[SHELL OUT]:	    Sig: "EFI PART"
[SHELL OUT]:	    Rev: 65536
[SHELL OUT]:	    Header-Size: 92
[SHELL OUT]:	    Header Checksum: 2621714706
[SHELL OUT]:	    localLBA: 1
[SHELL OUT]:	    altLBA: 2230273
[SHELL OUT]:	    firstUsable: 2048
[SHELL OUT]:	    lastUsable: 2230271
[SHELL OUT]:	    Disk-GUID: 
[SHELL OUT]:	    Partition-Table: 2
[SHELL OUT]:	    # of Partition-Entries: 2
[SHELL OUT]:	    Partition-Entry Size: 128
[SHELL OUT]:	    Partition-Table Checksum: 896708427
[SHELL OUT]:	Closing Disk Interface >> {C:/GitHub/BlockyOS/Build/Build-nodate/disk.img}
[SHELL OUT]:	GPT Exists? true
[SHELL OUT]:	[Parent:00007ff6ef60eed9] >>  C:/GitHub/BlockyOS/Build/Build-nodate/disk.img  Base: 0    ConfBlockSize: 512    Starting Disk Env ID: 
[SHELL OUT]:	Reading Bytes
[SHELL OUT]:	[Parent:00007ff6ef60eefa] >> Reading [92 bytes(s)->1 block(s)] from LBA[1(512)-2(1024)]
[SHELL OUT]:	[C:\GitHub\BlockyOS\tools\filesystem\frat.c:137]  >>  Querying Part Table
[SHELL OUT]:	Reading Bytes
[SHELL OUT]:	[Parent:00007ff6ef60e73d] >> Reading [256 bytes(s)->1 block(s)] from LBA[2(1024)-3(1536)]
[SHELL OUT]:	[C:\GitHub\BlockyOS\tools\filesystem\frat.c:145]  >>  GPT-Entry: BOOT{2048:133119 -> 131071}
[SHELL OUT]:	[C:\GitHub\BlockyOS\tools\filesystem\frat.c:159]  >>  Querying FS at 2048
[SHELL OUT]:	Reading Bytes
[SHELL OUT]:	[Parent:00007ff6ef60ebe1] >> Reading [60 bytes(s)->1 block(s)] from LBA[2048(1048576)-2049(1049088)]
[SHELL OUT]:	FS-Root Blob:
[SHELL OUT]:	    Version: [0:131072]
[SHELL OUT]:	    Sig: 
[SHELL OUT]:	    Configured Log Sectors: 2
[SHELL OUT]:	    Configured Block Size: 0
[SHELL OUT]:	    Configured Cluster-Map Size: 16711743
[SHELL OUT]:	[C:\GitHub\BlockyOS\tools\filesystem\frat.c:145]  >>  GPT-Entry: ROOT{133120:2230271 -> 2097151}
[SHELL OUT]:	[C:\GitHub\BlockyOS\tools\filesystem\frat.c:159]  >>  Querying FS at 133120
[SHELL OUT]:	Reading Bytes
[SHELL OUT]:	[Parent:00007ff6ef60ebe1] >> Reading [60 bytes(s)->1 block(s)] from LBA[133120(68157440)-133121(68157952)]
[SHELL OUT]:	FS-Root Blob:
[SHELL OUT]:	    Version: [0:1]
[SHELL OUT]:	    Sig: FRAT_FILESYSTEM
[SHELL OUT]:	    Configured Log Sectors: 32
[SHELL OUT]:	    Configured Block Size: 2048
[SHELL OUT]:	    Configured Cluster-Map Size: 20480
[SHELL OUT]:	[C:\GitHub\BlockyOS\tools\filesystem\frat.c:184]  >>  FS Found at [133120]:
[SHELL OUT]:		Version-Code: [0:1]
[SHELL OUT]:		Configured Block-Size: 2048
[SHELL OUT]:		Configured Cluster-Size: 20480
[SHELL OUT]:		Configured # of Log-Sectors: 32
[SHELL OUT]:		Configured Log-Size: 576
[SHELL OUT]:	[C:\GitHub\BlockyOS\tools\filesystem\frat.c:210]  >>  Found Formatted Partition: 133120:2230271 -> 2097151
[SHELL OUT]:	Reading Bytes
[SHELL OUT]:	[Parent:00007ff6ef60f05b] >> Reading [60 bytes(s)->1 block(s)] from LBA[133120(68157440)-133121(68157952)]
[SHELL OUT]:	[C:\GitHub\BlockyOS\tools\filesystem\frat.c:223]  >>  Root: 133120:2230271 -> 2097151 LBAs
[SHELL OUT]:		Version-Code: [0:1]
[SHELL OUT]:		Configured Block-Size: 2048
[SHELL OUT]:		Configured Cluster-Size: 20480
[SHELL OUT]:		Configured # of Log-Sectors: 20480
[SHELL OUT]:		Configured Log-Size: 32
[SHELL OUT]:	Reading Bytes
[SHELL OUT]:	[Parent:00007ff6ef60f39f] >> Reading [65536 bytes(s)->128 block(s)] from LBA[133121(68159488)-133249(68421632)]
[SHELL OUT]:	Reading Bytes
[SHELL OUT]:	[Parent:00007ff6ef60f44b] >> Reading [20480 bytes(s)->40 block(s)] from LBA[202752(210763776)-202792(210845696)]
[SHELL OUT]:	    Verifying FS Root Items #items: 1024
[SHELL OUT]:	Reading Bytes
[SHELL OUT]:	[Parent:00007ff6ef60f6be] >> Reading [512 bytes(s)->4 block(s)] from LBA[225280(256901120)-225284(256909312)]
[SHELL OUT]:	Reading Bytes
[SHELL OUT]:	[Parent:00007ff6ef60f6be] >> Reading [512 bytes(s)->4 block(s)] from LBA[225281(256903168)-225285(256911360)]
[SHELL OUT]:	Reading Bytes
[SHELL OUT]:	[Parent:00007ff6ef60f6be] >> Reading [512 bytes(s)->4 block(s)] from LBA[225396(257138688)-225400(257146880)]
[SHELL OUT]:	Reading Bytes
[SHELL OUT]:	[Parent:00007ff6ef60f6be] >> Reading [512 bytes(s)->4 block(s)] from LBA[225422(257191936)-225426(257200128)]
[SHELL OUT]:	Reading Bytes
[SHELL OUT]:	[Parent:00007ff6ef60f6be] >> Reading [512 bytes(s)->4 block(s)] from LBA[225431(257210368)-225435(257218560)]
[SHELL OUT]:	Reading Bytes
[SHELL OUT]:	[Parent:00007ff6ef60f6be] >> Reading [512 bytes(s)->4 block(s)] from LBA[225446(257241088)-225450(257249280)]
[SHELL OUT]:	Reading Bytes
[SHELL OUT]:	[Parent:00007ff6ef60f6be] >> Reading [512 bytes(s)->4 block(s)] from LBA[225560(257474560)-225564(257482752)]
[SHELL OUT]:	Reading Bytes
[SHELL OUT]:	[Parent:00007ff6ef60f6be] >> Reading [512 bytes(s)->4 block(s)] from LBA[225586(257527808)-225590(257536000)]
[SHELL OUT]:	Reading Bytes
[SHELL OUT]:	[Parent:00007ff6ef60f6be] >> Reading [512 bytes(s)->4 block(s)] from LBA[225595(257546240)-225599(257554432)]
[SHELL OUT]:	Reading Bytes
[SHELL OUT]:	[Parent:00007ff6ef60f6be] >> Reading [512 bytes(s)->4 block(s)] from LBA[225610(257576960)-225614(257585152)]
[SHELL OUT]:	Closing Disk Interface >> {C:/GitHub/BlockyOS/Build/Build-nodate/disk.img}
[SHELL OUT]:	[Parent:00007ff6ef611926] >>  C:/GitHub/BlockyOS/Build/Build-nodate/disk.img  Base: 133120    ConfBlockSize: 2048    Starting Disk Env ID: 
[SHELL OUT]:	Writing Bytes
[SHELL OUT]:	[Parent:00007ff6ef61194f] >> Wrtiting [60 bytes(s)->4 block(s)] to LBA[133120(68157440)-133124(68165632)]
[SHELL OUT]:	Writing Bytes
[SHELL OUT]:	[Parent:00007ff6ef611997] >> Wrtiting [20480 bytes(s)->40 block(s)] to LBA[202752(210763776)-202792(210845696)]
[SHELL OUT]:	Closing Disk Interface >> {C:/GitHub/BlockyOS/Build/Build-nodate/disk.img}
[SHELL OUT]:	[0]: ""
[SHELL]	create -la fc -p SYSD/ -n IO.dll
[SHELL OUT]:	
[SHELL OUT]:	>> 
[SHELL OUT]:	>> 
[SHELL OUT]:	00000235ddab5ecb:fc	00000235ddab5ed1:SYSD/	00000235ddab5eda:IO.dll	
[SHELL OUT]:	[	SYSD/IO.dll]
[SHELL OUT]:	Mounting File [SYSD/IO.dll] with "fc"
[SHELL OUT]:	Creating File at: ./SYSD/IO.dll
[SHELL OUT]:	Root is 00000235ddab9030
[SHELL OUT]:	Root is 00000235ddab9030
[SHELL OUT]:	Un-Mounting File [1742780011519050388:147156532550678]
[SHELL OUT]:	[Parent:00007ff6ef611926] >>  C:/GitHub/BlockyOS/Build/Build-nodate/disk.img  Base: 133120    ConfBlockSize: 2048    Starting Disk Env ID: 
[SHELL OUT]:	Writing Bytes
[SHELL OUT]:	[Parent:00007ff6ef61194f] >> Wrtiting [60 bytes(s)->4 block(s)] to LBA[133120(68157440)-133124(68165632)]
[SHELL OUT]:	Writing Bytes
[SHELL OUT]:	[Parent:00007ff6ef611997] >> Wrtiting [20480 bytes(s)->40 block(s)] to LBA[202752(210763776)-202792(210845696)]
[SHELL OUT]:	Closing Disk Interface >> {C:/GitHub/BlockyOS/Build/Build-nodate/disk.img}
[SHELL OUT]:	[0]: ""
[SHELL]	FSFRAT.OPEN
[SHELL]	open -p SYSD/IO.dll -a IO -la f
[SHELL OUT]:	
[SHELL OUT]:	>> 
[SHELL OUT]:	>> 
[SHELL OUT]:	Mounting File [SYSD/IO.dll] with "f"
[SHELL OUT]:	Root is 00000235ddab9030
[SHELL OUT]:	[0]: ""
[SHELL]	FSFRAT.WRITE
[SHELL]	fwrite -pp C:/GitHub/BlockyOS/Build/Build-nodate/root-part/services/IO.dll -ia %IO% -p 0 -n 0
[SHELL OUT]:	
[SHELL OUT]:	>> 
[SHELL OUT]:	>> 
[SHELL OUT]:	[Parent:00007ff6ef611f16] >>  C:/GitHub/BlockyOS/Build/Build-nodate/disk.img  Base: 133120    ConfBlockSize: 2048    Starting Disk Env ID: 
[SHELL OUT]:	[Parent:00007ff6ef611e53] >>  C:/GitHub/BlockyOS/Build/Build-nodate/disk.img  Base: 133120    ConfBlockSize: 2048    Starting Disk Env ID: 
[SHELL OUT]:	Reading File Info
[SHELL OUT]:	Reading Bytes
[SHELL OUT]:	[Parent:00007ff6ef611ec2] >> Reading [512 bytes(s)->4 block(s)] from LBA[225560(257474560)-225564(257482752)]
[SHELL OUT]:	Closing Disk Interface >> {C:/GitHub/BlockyOS/Build/Build-nodate/disk.img}
[SHELL OUT]:	Writing Bytes
[SHELL OUT]:	[Parent:00007ff6ef612010] >> Wrtiting [512 bytes(s)->4 block(s)] to LBA[225560(257474560)-225564(257482752)]
[SHELL OUT]:	Closing Disk Interface >> {C:/GitHub/BlockyOS/Build/Build-nodate/disk.img}
[SHELL OUT]:	Root is 00000235ddab9030
[SHELL OUT]:	Writing File Block at 225561, Item: 1.	Root: [1742780011519050388:147156532550678]
[SHELL OUT]:	[Parent:00007ff6ef611557] >>  C:/GitHub/BlockyOS/Build/Build-nodate/disk.img  Base: 133120    ConfBlockSize: 2048    Starting Disk Env ID: 
[SHELL OUT]:	Writing Bytes
[SHELL OUT]:	[Parent:00007ff6ef611583] >> Wrtiting [2048 bytes(s)->4 block(s)] to LBA[225561(257476608)-225565(257484800)]
[SHELL OUT]:	Closing Disk Interface >> {C:/GitHub/BlockyOS/Build/Build-nodate/disk.img}
[SHELL OUT]:	Writing File Block at 225562, Item: 2.	Root: [1742780011519050388:147156532550678]
[SHELL OUT]:	[Parent:00007ff6ef611557] >>  C:/GitHub/BlockyOS/Build/Build-nodate/disk.img  Base: 133120    ConfBlockSize: 2048    Starting Disk Env ID: 
[SHELL OUT]:	Writing Bytes
[SHELL OUT]:	[Parent:00007ff6ef611583] >> Wrtiting [2048 bytes(s)->4 block(s)] to LBA[225562(257478656)-225566(257486848)]
[SHELL OUT]:	Closing Disk Interface >> {C:/GitHub/BlockyOS/Build/Build-nodate/disk.img}
[SHELL OUT]:	Writing File Block at 225563, Item: 3.	Root: [1742780011519050388:147156532550678]
[SHELL OUT]:	[Parent:00007ff6ef611557] >>  C:/GitHub/BlockyOS/Build/Build-nodate/disk.img  Base: 133120    ConfBlockSize: 2048    Starting Disk Env ID: 
[SHELL OUT]:	Writing Bytes
[SHELL OUT]:	[Parent:00007ff6ef611583] >> Wrtiting [2048 bytes(s)->4 block(s)] to LBA[225563(257480704)-225567(257488896)]
[SHELL OUT]:	Closing Disk Interface >> {C:/GitHub/BlockyOS/Build/Build-nodate/disk.img}
[SHELL OUT]:	Writing File Block at 225564, Item: 4.	Root: [1742780011519050388:147156532550678]
[SHELL OUT]:	[Parent:00007ff6ef611557] >>  C:/GitHub/BlockyOS/Build/Build-nodate/disk.img  Base: 133120    ConfBlockSize: 2048    Starting Disk Env ID: 
[SHELL OUT]:	Writing Bytes
[SHELL OUT]:	[Parent:00007ff6ef611583] >> Wrtiting [2048 bytes(s)->4 block(s)] to LBA[225564(257482752)-225568(257490944)]
[SHELL OUT]:	Closing Disk Interface >> {C:/GitHub/BlockyOS/Build/Build-nodate/disk.img}
[SHELL OUT]:	Writing File Block at 225565, Item: 5.	Root: [1742780011519050388:147156532550678]
[SHELL OUT]:	[Parent:00007ff6ef611557] >>  C:/GitHub/BlockyOS/Build/Build-nodate/disk.img  Base: 133120    ConfBlockSize: 2048    Starting Disk Env ID: 
[SHELL OUT]:	Writing Bytes
[SHELL OUT]:	[Parent:00007ff6ef611583] >> Wrtiting [2048 bytes(s)->4 block(s)] to LBA[225565(257484800)-225569(257492992)]
[SHELL OUT]:	Closing Disk Interface >> {C:/GitHub/BlockyOS/Build/Build-nodate/disk.img}
[SHELL OUT]:	Writing File Block at 225566, Item: 6.	Root: [1742780011519050388:147156532550678]
[SHELL OUT]:	[Parent:00007ff6ef611557] >>  C:/GitHub/BlockyOS/Build/Build-nodate/disk.img  Base: 133120    ConfBlockSize: 2048    Starting Disk Env ID: 
[SHELL OUT]:	Writing Bytes
[SHELL OUT]:	[Parent:00007ff6ef611583] >> Wrtiting [2048 bytes(s)->4 block(s)] to LBA[225566(257486848)-225570(257495040)]
[SHELL OUT]:	Closing Disk Interface >> {C:/GitHub/BlockyOS/Build/Build-nodate/disk.img}
[SHELL OUT]:	Writing File Block at 225567, Item: 7.	Root: [1742780011519050388:147156532550678]
[SHELL OUT]:	[Parent:00007ff6ef611557] >>  C:/GitHub/BlockyOS/Build/Build-nodate/disk.img  Base: 133120    ConfBlockSize: 2048    Starting Disk Env ID: 
[SHELL OUT]:	Writing Bytes
[SHELL OUT]:	[Parent:00007ff6ef611583] >> Wrtiting [2048 bytes(s)->4 block(s)] to LBA[225567(257488896)-225571(257497088)]
[SHELL OUT]:	Closing Disk Interface >> {C:/GitHub/BlockyOS/Build/Build-nodate/disk.img}
[SHELL OUT]:	Writing File Block at 225568, Item: 8.	Root: [1742780011519050388:147156532550678]
[SHELL OUT]:	[Parent:00007ff6ef611557] >>  C:/GitHub/BlockyOS/Build/Build-nodate/disk.img  Base: 133120    ConfBlockSize: 2048    Starting Disk Env ID: 
[SHELL OUT]:	Writing Bytes
[SHELL OUT]:	[Parent:00007ff6ef611583] >> Wrtiting [2048 bytes(s)->4 block(s)] to LBA[225568(257490944)-225572(257499136)]
[SHELL OUT]:	Closing Disk Interface >> {C:/GitHub/BlockyOS/Build/Build-nodate/disk.img}
[SHELL OUT]:	Writing File Block at 225569, Item: 9.	Root: [1742780011519050388:147156532550678]
[SHELL OUT]:	[Parent:00007ff6ef611557] >>  C:/GitHub/BlockyOS/Build/Build-nodate/disk.img  Base: 133120    ConfBlockSize: 2048    Starting Disk Env ID: 
[SHELL OUT]:	Writing Bytes
[SHELL OUT]:	[Parent:00007ff6ef611583] >> Wrtiting [2048 bytes(s)->4 block(s)] to LBA[225569(257492992)-225573(257501184)]
[SHELL OUT]:	Closing Disk Interface >> {C:/GitHub/BlockyOS/Build/Build-nodate/disk.img}
[SHELL OUT]:	Writing File Block at 225570, Item: 10.	Root: [1742780011519050388:147156532550678]
[SHELL OUT]:	[Parent:00007ff6ef611557] >>  C:/GitHub/BlockyOS/Build/Build-nodate/disk.img  Base: 133120    ConfBlockSize: 2048    Starting Disk Env ID: 
[SHELL OUT]:	Writing Bytes
[SHELL OUT]:	[Parent:00007ff6ef611583] >> Wrtiting [2048 bytes(s)->4 block(s)] to LBA[225570(257495040)-225574(257503232)]
[SHELL OUT]:	Closing Disk Interface >> {C:/GitHub/BlockyOS/Build/Build-nodate/disk.img}
[SHELL OUT]:	Writing File Block at 225571, Item: 11.	Root: [1742780011519050388:147156532550678]
[SHELL OUT]:	[Parent:00007ff6ef611557] >>  C:/GitHub/BlockyOS/Build/Build-nodate/disk.img  Base: 133120    ConfBlockSize: 2048    Starting Disk Env ID: 
[SHELL OUT]:	Writing Bytes
[SHELL OUT]:	[Parent:00007ff6ef611583] >> Wrtiting [2048 bytes(s)->4 block(s)] to LBA[225571(257497088)-225575(257505280)]
[SHELL OUT]:	Closing Disk Interface >> {C:/GitHub/BlockyOS/Build/Build-nodate/disk.img}
[SHELL OUT]:	Writing File Block at 225572, Item: 12.	Root: [1742780011519050388:147156532550678]
[SHELL OUT]:	[Parent:00007ff6ef611557] >>  C:/GitHub/BlockyOS/Build/Build-nodate/disk.img  Base: 133120    ConfBlockSize: 2048    Starting Disk Env ID: 
[SHELL OUT]:	Writing Bytes
[SHELL OUT]:	[Parent:00007ff6ef611583] >> Wrtiting [2048 bytes(s)->4 block(s)] to LBA[225572(257499136)-225576(257507328)]
[SHELL OUT]:	Closing Disk Interface >> {C:/GitHub/BlockyOS/Build/Build-nodate/disk.img}
[SHELL OUT]:	Writing File Block at 225573, Item: 13.	Root: [1742780011519050388:147156532550678]
[SHELL OUT]:	[Parent:00007ff6ef611557] >>  C:/GitHub/BlockyOS/Build/Build-nodate/disk.img  Base: 133120    ConfBlockSize: 2048    Starting Disk Env ID: 
[SHELL OUT]:	Writing Bytes
[SHELL OUT]:	[Parent:00007ff6ef611583] >> Wrtiting [2048 bytes(s)->4 block(s)] to LBA[225573(257501184)-225577(257509376)]
[SHELL OUT]:	Closing Disk Interface >> {C:/GitHub/BlockyOS/Build/Build-nodate/disk.img}
[SHELL OUT]:	Writing File Block at 225574, Item: 14.	Root: [1742780011519050388:147156532550678]
[SHELL OUT]:	[Parent:00007ff6ef611557] >>  C:/GitHub/BlockyOS/Build/Build-nodate/disk.img  Base: 133120    ConfBlockSize: 2048    Starting Disk Env ID: 
[SHELL OUT]:	Writing Bytes
[SHELL OUT]:	[Parent:00007ff6ef611583] >> Wrtiting [2048 bytes(s)->4 block(s)] to LBA[225574(257503232)-225578(257511424)]
[SHELL OUT]:	Closing Disk Interface >> {C:/GitHub/BlockyOS/Build/Build-nodate/disk.img}
[SHELL OUT]:	Writing File Block at 225575, Item: 15.	Root: [1742780011519050388:147156532550678]
[SHELL OUT]:	[Parent:00007ff6ef611557] >>  C:/GitHub/BlockyOS/Build/Build-nodate/disk.img  Base: 133120    ConfBlockSize: 2048    Starting Disk Env ID: 
[SHELL OUT]:	Writing Bytes
[SHELL OUT]:	[Parent:00007ff6ef611583] >> Wrtiting [2048 bytes(s)->4 block(s)] to LBA[225575(257505280)-225579(257513472)]
[SHELL OUT]:	Closing Disk Interface >> {C:/GitHub/BlockyOS/Build/Build-nodate/disk.img}
[SHELL OUT]:	Writing File Block at 225576, Item: 16.	Root: [1742780011519050388:147156532550678]
[SHELL OUT]:	[Parent:00007ff6ef611557] >>  C:/GitHub/BlockyOS/Build/Build-nodate/disk.img  Base: 133120    ConfBlockSize: 2048    Starting Disk Env ID: 
[SHELL OUT]:	Writing Bytes
[SHELL OUT]:	[Parent:00007ff6ef611583] >> Wrtiting [2048 bytes(s)->4 block(s)] to LBA[225576(257507328)-225580(257515520)]
[SHELL OUT]:	Closing Disk Interface >> {C:/GitHub/BlockyOS/Build/Build-nodate/disk.img}
[SHELL OUT]:	Writing File Block at 225577, Item: 17.	Root: [1742780011519050388:147156532550678]
[SHELL OUT]:	[Parent:00007ff6ef611557] >>  C:/GitHub/BlockyOS/Build/Build-nodate/disk.img  Base: 133120    ConfBlockSize: 2048    Starting Disk Env ID: 
[SHELL OUT]:	Writing Bytes
[SHELL OUT]:	[Parent:00007ff6ef611583] >> Wrtiting [2048 bytes(s)->4 block(s)] to LBA[225577(257509376)-225581(257517568)]
[SHELL OUT]:	Closing Disk Interface >> {C:/GitHub/BlockyOS/Build/Build-nodate/disk.img}
[SHELL OUT]:	Writing File Block at 225578, Item: 18.	Root: [1742780011519050388:147156532550678]
[SHELL OUT]:	[Parent:00007ff6ef611557] >>  C:/GitHub/BlockyOS/Build/Build-nodate/disk.img  Base: 133120    ConfBlockSize: 2048    Starting Disk Env ID: 
[SHELL OUT]:	Writing Bytes
[SHELL OUT]:	[Parent:00007ff6ef611583] >> Wrtiting [2048 bytes(s)->4 block(s)] to LBA[225578(257511424)-225582(257519616)]
[SHELL OUT]:	Closing Disk Interface >> {C:/GitHub/BlockyOS/Build/Build-nodate/disk.img}
[SHELL OUT]:	Writing File Block at 225579, Item: 19.	Root: [1742780011519050388:147156532550678]
[SHELL OUT]:	[Parent:00007ff6ef611557] >>  C:/GitHub/BlockyOS/Build/Build-nodate/disk.img  Base: 133120    ConfBlockSize: 2048    Starting Disk Env ID: 
[SHELL OUT]:	Writing Bytes
[SHELL OUT]:	[Parent:00007ff6ef611583] >> Wrtiting [2048 bytes(s)->4 block(s)] to LBA[225579(257513472)-225583(257521664)]
[SHELL OUT]:	Closing Disk Interface >> {C:/GitHub/BlockyOS/Build/Build-nodate/disk.img}
[SHELL OUT]:	Writing File Block at 225580, Item: 20.	Root: [1742780011519050388:147156532550678]
[SHELL OUT]:	[Parent:00007ff6ef611557] >>  C:/GitHub/BlockyOS/Build/Build-nodate/disk.img  Base: 133120    ConfBlockSize: 2048    Starting Disk Env ID: 
[SHELL OUT]:	Writing Bytes
[SHELL OUT]:	[Parent:00007ff6ef611583] >> Wrtiting [2048 bytes(s)->4 block(s)] to LBA[225580(257515520)-225584(257523712)]
[SHELL OUT]:	Closing Disk Interface >> {C:/GitHub/BlockyOS/Build/Build-nodate/disk.img}
[SHELL OUT]:	Writing File Block at 225581, Item: 21.	Root: [1742780011519050388:147156532550678]
[SHELL OUT]:	[Parent:00007ff6ef611557] >>  C:/GitHub/BlockyOS/Build/Build-nodate/disk.img  Base: 133120    ConfBlockSize: 2048    Starting Disk Env ID: 
[SHELL OUT]:	Writing Bytes
[SHELL OUT]:	[Parent:00007ff6ef611583] >> Wrtiting [2048 bytes(s)->4 block(s)] to LBA[225581(257517568)-225585(257525760)]
[SHELL OUT]:	Closing Disk Interface >> {C:/GitHub/BlockyOS/Build/Build-nodate/disk.img}
[SHELL OUT]:	Writing File Block at 225582, Item: 22.	Root: [1742780011519050388:147156532550678]
[SHELL OUT]:	[Parent:00007ff6ef611557] >>  C:/GitHub/BlockyOS/Build/Build-nodate/disk.img  Base: 133120    ConfBlockSize: 2048    Starting Disk Env ID: 
[SHELL OUT]:	Writing Bytes
[SHELL OUT]:	[Parent:00007ff6ef611583] >> Wrtiting [2048 bytes(s)->4 block(s)] to LBA[225582(257519616)-225586(257527808)]
[SHELL OUT]:	Closing Disk Interface >> {C:/GitHub/BlockyOS/Build/Build-nodate/disk.img}
[SHELL OUT]:	Writing File Block at 225583, Item: 23.	Root: [1742780011519050388:147156532550678]
[SHELL OUT]:	[Parent:00007ff6ef611557] >>  C:/GitHub/BlockyOS/Build/Build-nodate/disk.img  Base: 133120    ConfBlockSize: 2048    Starting Disk Env ID: 
[SHELL OUT]:	Writing Bytes
[SHELL OUT]:	[Parent:00007ff6ef611583] >> Wrtiting [2048 bytes(s)->4 block(s)] to LBA[225583(257521664)-225587(257529856)]
[SHELL OUT]:	Closing Disk Interface >> {C:/GitHub/BlockyOS/Build/Build-nodate/disk.img}
[SHELL OUT]:	Writing File Block at 225584, Item: 24.	Root: [1742780011519050388:147156532550678]
[SHELL OUT]:	[Parent:00007ff6ef611557] >>  C:/GitHub/BlockyOS/Build/Build-nodate/disk.img  Base: 133120    ConfBlockSize: 2048    Starting Disk Env ID: 
[SHELL OUT]:	Writing Bytes
[SHELL OUT]:	[Parent:00007ff6ef611583] >> Wrtiting [2048 bytes(s)->4 block(s)] to LBA[225584(257523712)-225588(257531904)]
[SHELL OUT]:	Closing Disk Interface >> {C:/GitHub/BlockyOS/Build/Build-nodate/disk.img}
[SHELL OUT]:	Reading File Block at 225585, Item: 25.    Root: [1742780011519050388:147156532550678]
[SHELL OUT]:	[Parent:00007ff6ef6110ba] >>  C:/GitHub/BlockyOS/Build/Build-nodate/disk.img  Base: 133120    ConfBlockSize: 2048    Starting Disk Env ID: 
[SHELL OUT]:	Reading Bytes
[SHELL OUT]:	[Parent:00007ff6ef6110de] >> Reading [2048 bytes(s)->4 block(s)] from LBA[225585(257525760)-225589(257533952)]
[SHELL OUT]:	Closing Disk Interface >> {C:/GitHub/BlockyOS/Build/Build-nodate/disk.img}
[SHELL OUT]:	Writing File Block at 225585, Item: 25.	Root: [1742780011519050388:147156532550678]
[SHELL OUT]:	[Parent:00007ff6ef611557] >>  C:/GitHub/BlockyOS/Build/Build-nodate/disk.img  Base: 133120    ConfBlockSize: 2048    Starting Disk Env ID: 
[SHELL OUT]:	Writing Bytes
[SHELL OUT]:	[Parent:00007ff6ef611583] >> Wrtiting [2048 bytes(s)->4 block(s)] to LBA[225585(257525760)-225589(257533952)]
[SHELL OUT]:	Closing Disk Interface >> {C:/GitHub/BlockyOS/Build/Build-nodate/disk.img}
[SHELL OUT]:	[0]: ""
Initializing CGCC.MAKE build process...
Skipping C:\GitHub\BlockyOS\src\kernel\services\IO\IO.c - up to date; source=2026-09-16T16:38:35.5854557Z, stored=09/16/2026 16:38:35
Stale source detected for C:\GitHub\BlockyOS\Build\Build-nodate\root-part\libcrt.dll. source=2026-10-02T18:13:57.7149536Z, stored=10/02/2026 18:08:02, delta=+20217955.715 sec
Compiled and updated timestamp for C:\GitHub\BlockyOS\Build\Build-nodate\root-part\libcrt.dll
Skipping C:\GitHub\BlockyOS\src\kernel\services\IO\IO.def - up to date; source=2026-09-16T21:00:02.8766014Z, stored=09/16/2026 21:00:02
gcc compile/cache/c.IO.o Build/Build-nodate/root-part/libcrt.dll src/kernel/services/IO/IO.def -Wl,-nostdlib -Wl,-shared -Wl,-flinker-output=dyn -Wl,-Bsymbolic -Wl,--out-implib,C:/GitHub/BlockyOS/Build/Build-nodate/root-part/services/IO.dll.a -Wl,-Map,C:\GitHub\BlockyOS\src\kernel\services\IO\alibcrt.map -fdiagnostics-color=always -fno-diagnostics-show-highlight-colors -nostartfiles -nodefaultlibs -fno-asynchronous-unwind-tables -fno-unwind-tables -o C:/GitHub/BlockyOS/Build/Build-nodate/root-part/services/IO.dll
Build finished successfully -> C:/GitHub/BlockyOS/Build/Build-nodate/root-part/services/IO.dll


[SHELL]	FSFRAT.MAKE
[SHELL]	FSFRAT.MOUNT
[SHELL]	e.disk -pp C:/GitHub/BlockyOS/Build/Build-nodate/disk.img -pt ROOT -bs 2048 -lb 32 -v 1:0
[SHELL OUT]:	
[SHELL OUT]:	FSFRAT DRIVER
[SHELL OUT]:	>> 
[SHELL OUT]:	[C:\GitHub\BlockyOS\tools\filesystem\frat.c:196]  >>  Mounting FS Root: [C:/GitHub/BlockyOS/Build/Build-nodate/disk.img]
[SHELL OUT]:	Verifying Disk GPT
[SHELL OUT]:	[Parent:00007ff6ef60d8ff] >>  C:/GitHub/BlockyOS/Build/Build-nodate/disk.img  Base: 0    ConfBlockSize: 512    Starting Disk Env ID: 
[SHELL OUT]:	Reading Bytes
[SHELL OUT]:	[Parent:00007ff6ef60d91a] >> Reading [92 bytes(s)->1 block(s)] from LBA[1(512)-2(1024)]
[SHELL OUT]:	GPT Dump:
[SHELL OUT]:	    Sig: "EFI PART"
[SHELL OUT]:	    Rev: 65536
[SHELL OUT]:	    Header-Size: 92
[SHELL OUT]:	    Header Checksum: 2621714706
[SHELL OUT]:	    localLBA: 1
[SHELL OUT]:	    altLBA: 2230273
[SHELL OUT]:	    firstUsable: 2048
[SHELL OUT]:	    lastUsable: 2230271
[SHELL OUT]:	    Disk-GUID: 
[SHELL OUT]:	    Partition-Table: 2
[SHELL OUT]:	    # of Partition-Entries: 2
[SHELL OUT]:	    Partition-Entry Size: 128
[SHELL OUT]:	    Partition-Table Checksum: 896708427
[SHELL OUT]:	Closing Disk Interface >> {C:/GitHub/BlockyOS/Build/Build-nodate/disk.img}
[SHELL OUT]:	GPT Exists? true
[SHELL OUT]:	[Parent:00007ff6ef60eed9] >>  C:/GitHub/BlockyOS/Build/Build-nodate/disk.img  Base: 0    ConfBlockSize: 512    Starting Disk Env ID: 
[SHELL OUT]:	Reading Bytes
[SHELL OUT]:	[Parent:00007ff6ef60eefa] >> Reading [92 bytes(s)->1 block(s)] from LBA[1(512)-2(1024)]
[SHELL OUT]:	[C:\GitHub\BlockyOS\tools\filesystem\frat.c:137]  >>  Querying Part Table
[SHELL OUT]:	Reading Bytes
[SHELL OUT]:	[Parent:00007ff6ef60e73d] >> Reading [256 bytes(s)->1 block(s)] from LBA[2(1024)-3(1536)]
[SHELL OUT]:	[C:\GitHub\BlockyOS\tools\filesystem\frat.c:145]  >>  GPT-Entry: BOOT{2048:133119 -> 131071}
[SHELL OUT]:	[C:\GitHub\BlockyOS\tools\filesystem\frat.c:159]  >>  Querying FS at 2048
[SHELL OUT]:	Reading Bytes
[SHELL OUT]:	[Parent:00007ff6ef60ebe1] >> Reading [60 bytes(s)->1 block(s)] from LBA[2048(1048576)-2049(1049088)]
[SHELL OUT]:	FS-Root Blob:
[SHELL OUT]:	    Version: [0:131072]
[SHELL OUT]:	    Sig: 
[SHELL OUT]:	    Configured Log Sectors: 2
[SHELL OUT]:	    Configured Block Size: 0
[SHELL OUT]:	    Configured Cluster-Map Size: 16711743
[SHELL OUT]:	[C:\GitHub\BlockyOS\tools\filesystem\frat.c:145]  >>  GPT-Entry: ROOT{133120:2230271 -> 2097151}
[SHELL OUT]:	[C:\GitHub\BlockyOS\tools\filesystem\frat.c:159]  >>  Querying FS at 133120
[SHELL OUT]:	Reading Bytes
[SHELL OUT]:	[Parent:00007ff6ef60ebe1] >> Reading [60 bytes(s)->1 block(s)] from LBA[133120(68157440)-133121(68157952)]
[SHELL OUT]:	FS-Root Blob:
[SHELL OUT]:	    Version: [0:1]
[SHELL OUT]:	    Sig: FRAT_FILESYSTEM
[SHELL OUT]:	    Configured Log Sectors: 32
[SHELL OUT]:	    Configured Block Size: 2048
[SHELL OUT]:	    Configured Cluster-Map Size: 20480
[SHELL OUT]:	[C:\GitHub\BlockyOS\tools\filesystem\frat.c:184]  >>  FS Found at [133120]:
[SHELL OUT]:		Version-Code: [0:1]
[SHELL OUT]:		Configured Block-Size: 2048
[SHELL OUT]:		Configured Cluster-Size: 20480
[SHELL OUT]:		Configured # of Log-Sectors: 32
[SHELL OUT]:		Configured Log-Size: 576
[SHELL OUT]:	[C:\GitHub\BlockyOS\tools\filesystem\frat.c:210]  >>  Found Formatted Partition: 133120:2230271 -> 2097151
[SHELL OUT]:	Reading Bytes
[SHELL OUT]:	[Parent:00007ff6ef60f05b] >> Reading [60 bytes(s)->1 block(s)] from LBA[133120(68157440)-133121(68157952)]
[SHELL OUT]:	[C:\GitHub\BlockyOS\tools\filesystem\frat.c:223]  >>  Root: 133120:2230271 -> 2097151 LBAs
[SHELL OUT]:		Version-Code: [0:1]
[SHELL OUT]:		Configured Block-Size: 2048
[SHELL OUT]:		Configured Cluster-Size: 20480
[SHELL OUT]:		Configured # of Log-Sectors: 20480
[SHELL OUT]:		Configured Log-Size: 32
[SHELL OUT]:	Reading Bytes
[SHELL OUT]:	[Parent:00007ff6ef60f39f] >> Reading [65536 bytes(s)->128 block(s)] from LBA[133121(68159488)-133249(68421632)]
[SHELL OUT]:	Reading Bytes
[SHELL OUT]:	[Parent:00007ff6ef60f44b] >> Reading [20480 bytes(s)->40 block(s)] from LBA[202752(210763776)-202792(210845696)]
[SHELL OUT]:	    Verifying FS Root Items #items: 1024
[SHELL OUT]:	Reading Bytes
[SHELL OUT]:	[Parent:00007ff6ef60f6be] >> Reading [512 bytes(s)->4 block(s)] from LBA[225280(256901120)-225284(256909312)]
[SHELL OUT]:	Reading Bytes
[SHELL OUT]:	[Parent:00007ff6ef60f6be] >> Reading [512 bytes(s)->4 block(s)] from LBA[225281(256903168)-225285(256911360)]
[SHELL OUT]:	Reading Bytes
[SHELL OUT]:	[Parent:00007ff6ef60f6be] >> Reading [512 bytes(s)->4 block(s)] from LBA[225396(257138688)-225400(257146880)]
[SHELL OUT]:	Reading Bytes
[SHELL OUT]:	[Parent:00007ff6ef60f6be] >> Reading [512 bytes(s)->4 block(s)] from LBA[225422(257191936)-225426(257200128)]
[SHELL OUT]:	Reading Bytes
[SHELL OUT]:	[Parent:00007ff6ef60f6be] >> Reading [512 bytes(s)->4 block(s)] from LBA[225431(257210368)-225435(257218560)]
[SHELL OUT]:	Reading Bytes
[SHELL OUT]:	[Parent:00007ff6ef60f6be] >> Reading [512 bytes(s)->4 block(s)] from LBA[225446(257241088)-225450(257249280)]
[SHELL OUT]:	Reading Bytes
[SHELL OUT]:	[Parent:00007ff6ef60f6be] >> Reading [512 bytes(s)->4 block(s)] from LBA[225560(257474560)-225564(257482752)]
[SHELL OUT]:	Reading Bytes
[SHELL OUT]:	[Parent:00007ff6ef60f6be] >> Reading [512 bytes(s)->4 block(s)] from LBA[225586(257527808)-225590(257536000)]
[SHELL OUT]:	Reading Bytes
[SHELL OUT]:	[Parent:00007ff6ef60f6be] >> Reading [512 bytes(s)->4 block(s)] from LBA[225595(257546240)-225599(257554432)]
[SHELL OUT]:	Reading Bytes
[SHELL OUT]:	[Parent:00007ff6ef60f6be] >> Reading [512 bytes(s)->4 block(s)] from LBA[225610(257576960)-225614(257585152)]
[SHELL OUT]:	Closing Disk Interface >> {C:/GitHub/BlockyOS/Build/Build-nodate/disk.img}
[SHELL OUT]:	[Parent:00007ff6ef611926] >>  C:/GitHub/BlockyOS/Build/Build-nodate/disk.img  Base: 133120    ConfBlockSize: 2048    Starting Disk Env ID: 
[SHELL OUT]:	Writing Bytes
[SHELL OUT]:	[Parent:00007ff6ef61194f] >> Wrtiting [60 bytes(s)->4 block(s)] to LBA[133120(68157440)-133124(68165632)]
[SHELL OUT]:	Writing Bytes
[SHELL OUT]:	[Parent:00007ff6ef611997] >> Wrtiting [20480 bytes(s)->40 block(s)] to LBA[202752(210763776)-202792(210845696)]
[SHELL OUT]:	Closing Disk Interface >> {C:/GitHub/BlockyOS/Build/Build-nodate/disk.img}
[SHELL OUT]:	[0]: ""
[SHELL]	create -la fc -p SYSD/ -n IO.dll
[SHELL OUT]:	
[SHELL OUT]:	>> 
[SHELL OUT]:	>> 
[SHELL OUT]:	0000028b2da55ecb:fc	0000028b2da55ed1:SYSD/	0000028b2da55eda:IO.dll	
[SHELL OUT]:	[	SYSD/IO.dll]
[SHELL OUT]:	Mounting File [SYSD/IO.dll] with "fc"
[SHELL OUT]:	Creating File at: ./SYSD/IO.dll
[SHELL OUT]:	Root is 0000028b2da59030
[SHELL OUT]:	Root is 0000028b2da59030
[SHELL OUT]:	Un-Mounting File [1742780011519050388:147156532550678]
[SHELL OUT]:	[Parent:00007ff6ef611926] >>  C:/GitHub/BlockyOS/Build/Build-nodate/disk.img  Base: 133120    ConfBlockSize: 2048    Starting Disk Env ID: 
[SHELL OUT]:	Writing Bytes
[SHELL OUT]:	[Parent:00007ff6ef61194f] >> Wrtiting [60 bytes(s)->4 block(s)] to LBA[133120(68157440)-133124(68165632)]
[SHELL OUT]:	Writing Bytes
[SHELL OUT]:	[Parent:00007ff6ef611997] >> Wrtiting [20480 bytes(s)->40 block(s)] to LBA[202752(210763776)-202792(210845696)]
[SHELL OUT]:	Closing Disk Interface >> {C:/GitHub/BlockyOS/Build/Build-nodate/disk.img}
[SHELL OUT]:	[0]: ""
[SHELL]	FSFRAT.OPEN
[SHELL]	open -p SYSD/IO.dll -a IO -la f
[SHELL OUT]:	
[SHELL OUT]:	>> 
[SHELL OUT]:	>> 
[SHELL OUT]:	Mounting File [SYSD/IO.dll] with "f"
[SHELL OUT]:	Root is 0000028b2da59030
[SHELL OUT]:	[0]: ""
[SHELL]	FSFRAT.WRITE
[SHELL]	fwrite -pp C:/GitHub/BlockyOS/Build/Build-nodate/root-part/services/IO.dll -ia %IO% -p 0 -n 0
[SHELL OUT]:	
[SHELL OUT]:	>> 
[SHELL OUT]:	>> 
[SHELL OUT]:	[Parent:00007ff6ef611f16] >>  C:/GitHub/BlockyOS/Build/Build-nodate/disk.img  Base: 133120    ConfBlockSize: 2048    Starting Disk Env ID: 
[SHELL OUT]:	[Parent:00007ff6ef611e53] >>  C:/GitHub/BlockyOS/Build/Build-nodate/disk.img  Base: 133120    ConfBlockSize: 2048    Starting Disk Env ID: 
[SHELL OUT]:	Reading File Info
[SHELL OUT]:	Reading Bytes
[SHELL OUT]:	[Parent:00007ff6ef611ec2] >> Reading [512 bytes(s)->4 block(s)] from LBA[225560(257474560)-225564(257482752)]
[SHELL OUT]:	Closing Disk Interface >> {C:/GitHub/BlockyOS/Build/Build-nodate/disk.img}
[SHELL OUT]:	Writing Bytes
[SHELL OUT]:	[Parent:00007ff6ef612010] >> Wrtiting [512 bytes(s)->4 block(s)] to LBA[225560(257474560)-225564(257482752)]
[SHELL OUT]:	Closing Disk Interface >> {C:/GitHub/BlockyOS/Build/Build-nodate/disk.img}
[SHELL OUT]:	Root is 0000028b2da59030
[SHELL OUT]:	Writing File Block at 225561, Item: 1.	Root: [1742780011519050388:147156532550678]
[SHELL OUT]:	[Parent:00007ff6ef611557] >>  C:/GitHub/BlockyOS/Build/Build-nodate/disk.img  Base: 133120    ConfBlockSize: 2048    Starting Disk Env ID: 
[SHELL OUT]:	Writing Bytes
[SHELL OUT]:	[Parent:00007ff6ef611583] >> Wrtiting [2048 bytes(s)->4 block(s)] to LBA[225561(257476608)-225565(257484800)]
[SHELL OUT]:	Closing Disk Interface >> {C:/GitHub/BlockyOS/Build/Build-nodate/disk.img}
[SHELL OUT]:	Writing File Block at 225562, Item: 2.	Root: [1742780011519050388:147156532550678]
[SHELL OUT]:	[Parent:00007ff6ef611557] >>  C:/GitHub/BlockyOS/Build/Build-nodate/disk.img  Base: 133120    ConfBlockSize: 2048    Starting Disk Env ID: 
[SHELL OUT]:	Writing Bytes
[SHELL OUT]:	[Parent:00007ff6ef611583] >> Wrtiting [2048 bytes(s)->4 block(s)] to LBA[225562(257478656)-225566(257486848)]
[SHELL OUT]:	Closing Disk Interface >> {C:/GitHub/BlockyOS/Build/Build-nodate/disk.img}
[SHELL OUT]:	Writing File Block at 225563, Item: 3.	Root: [1742780011519050388:147156532550678]
[SHELL OUT]:	[Parent:00007ff6ef611557] >>  C:/GitHub/BlockyOS/Build/Build-nodate/disk.img  Base: 133120    ConfBlockSize: 2048    Starting Disk Env ID: 
[SHELL OUT]:	Writing Bytes
[SHELL OUT]:	[Parent:00007ff6ef611583] >> Wrtiting [2048 bytes(s)->4 block(s)] to LBA[225563(257480704)-225567(257488896)]
[SHELL OUT]:	Closing Disk Interface >> {C:/GitHub/BlockyOS/Build/Build-nodate/disk.img}
[SHELL OUT]:	Writing File Block at 225564, Item: 4.	Root: [1742780011519050388:147156532550678]
[SHELL OUT]:	[Parent:00007ff6ef611557] >>  C:/GitHub/BlockyOS/Build/Build-nodate/disk.img  Base: 133120    ConfBlockSize: 2048    Starting Disk Env ID: 
[SHELL OUT]:	Writing Bytes
[SHELL OUT]:	[Parent:00007ff6ef611583] >> Wrtiting [2048 bytes(s)->4 block(s)] to LBA[225564(257482752)-225568(257490944)]
[SHELL OUT]:	Closing Disk Interface >> {C:/GitHub/BlockyOS/Build/Build-nodate/disk.img}
[SHELL OUT]:	Writing File Block at 225565, Item: 5.	Root: [1742780011519050388:147156532550678]
[SHELL OUT]:	[Parent:00007ff6ef611557] >>  C:/GitHub/BlockyOS/Build/Build-nodate/disk.img  Base: 133120    ConfBlockSize: 2048    Starting Disk Env ID: 
[SHELL OUT]:	Writing Bytes
[SHELL OUT]:	[Parent:00007ff6ef611583] >> Wrtiting [2048 bytes(s)->4 block(s)] to LBA[225565(257484800)-225569(257492992)]
[SHELL OUT]:	Closing Disk Interface >> {C:/GitHub/BlockyOS/Build/Build-nodate/disk.img}
[SHELL OUT]:	Writing File Block at 225566, Item: 6.	Root: [1742780011519050388:147156532550678]
[SHELL OUT]:	[Parent:00007ff6ef611557] >>  C:/GitHub/BlockyOS/Build/Build-nodate/disk.img  Base: 133120    ConfBlockSize: 2048    Starting Disk Env ID: 
[SHELL OUT]:	Writing Bytes
[SHELL OUT]:	[Parent:00007ff6ef611583] >> Wrtiting [2048 bytes(s)->4 block(s)] to LBA[225566(257486848)-225570(257495040)]
[SHELL OUT]:	Closing Disk Interface >> {C:/GitHub/BlockyOS/Build/Build-nodate/disk.img}
[SHELL OUT]:	Writing File Block at 225567, Item: 7.	Root: [1742780011519050388:147156532550678]
[SHELL OUT]:	[Parent:00007ff6ef611557] >>  C:/GitHub/BlockyOS/Build/Build-nodate/disk.img  Base: 133120    ConfBlockSize: 2048    Starting Disk Env ID: 
[SHELL OUT]:	Writing Bytes
[SHELL OUT]:	[Parent:00007ff6ef611583] >> Wrtiting [2048 bytes(s)->4 block(s)] to LBA[225567(257488896)-225571(257497088)]
[SHELL OUT]:	Closing Disk Interface >> {C:/GitHub/BlockyOS/Build/Build-nodate/disk.img}
[SHELL OUT]:	Writing File Block at 225568, Item: 8.	Root: [1742780011519050388:147156532550678]
[SHELL OUT]:	[Parent:00007ff6ef611557] >>  C:/GitHub/BlockyOS/Build/Build-nodate/disk.img  Base: 133120    ConfBlockSize: 2048    Starting Disk Env ID: 
[SHELL OUT]:	Writing Bytes
[SHELL OUT]:	[Parent:00007ff6ef611583] >> Wrtiting [2048 bytes(s)->4 block(s)] to LBA[225568(257490944)-225572(257499136)]
[SHELL OUT]:	Closing Disk Interface >> {C:/GitHub/BlockyOS/Build/Build-nodate/disk.img}
[SHELL OUT]:	Writing File Block at 225569, Item: 9.	Root: [1742780011519050388:147156532550678]
[SHELL OUT]:	[Parent:00007ff6ef611557] >>  C:/GitHub/BlockyOS/Build/Build-nodate/disk.img  Base: 133120    ConfBlockSize: 2048    Starting Disk Env ID: 
[SHELL OUT]:	Writing Bytes
[SHELL OUT]:	[Parent:00007ff6ef611583] >> Wrtiting [2048 bytes(s)->4 block(s)] to LBA[225569(257492992)-225573(257501184)]
[SHELL OUT]:	Closing Disk Interface >> {C:/GitHub/BlockyOS/Build/Build-nodate/disk.img}
[SHELL OUT]:	Writing File Block at 225570, Item: 10.	Root: [1742780011519050388:147156532550678]
[SHELL OUT]:	[Parent:00007ff6ef611557] >>  C:/GitHub/BlockyOS/Build/Build-nodate/disk.img  Base: 133120    ConfBlockSize: 2048    Starting Disk Env ID: 
[SHELL OUT]:	Writing Bytes
[SHELL OUT]:	[Parent:00007ff6ef611583] >> Wrtiting [2048 bytes(s)->4 block(s)] to LBA[225570(257495040)-225574(257503232)]
[SHELL OUT]:	Closing Disk Interface >> {C:/GitHub/BlockyOS/Build/Build-nodate/disk.img}
[SHELL OUT]:	Writing File Block at 225571, Item: 11.	Root: [1742780011519050388:147156532550678]
[SHELL OUT]:	[Parent:00007ff6ef611557] >>  C:/GitHub/BlockyOS/Build/Build-nodate/disk.img  Base: 133120    ConfBlockSize: 2048    Starting Disk Env ID: 
[SHELL OUT]:	Writing Bytes
[SHELL OUT]:	[Parent:00007ff6ef611583] >> Wrtiting [2048 bytes(s)->4 block(s)] to LBA[225571(257497088)-225575(257505280)]
[SHELL OUT]:	Closing Disk Interface >> {C:/GitHub/BlockyOS/Build/Build-nodate/disk.img}
[SHELL OUT]:	Writing File Block at 225572, Item: 12.	Root: [1742780011519050388:147156532550678]
[SHELL OUT]:	[Parent:00007ff6ef611557] >>  C:/GitHub/BlockyOS/Build/Build-nodate/disk.img  Base: 133120    ConfBlockSize: 2048    Starting Disk Env ID: 
[SHELL OUT]:	Writing Bytes
[SHELL OUT]:	[Parent:00007ff6ef611583] >> Wrtiting [2048 bytes(s)->4 block(s)] to LBA[225572(257499136)-225576(257507328)]
[SHELL OUT]:	Closing Disk Interface >> {C:/GitHub/BlockyOS/Build/Build-nodate/disk.img}
[SHELL OUT]:	Writing File Block at 225573, Item: 13.	Root: [1742780011519050388:147156532550678]
[SHELL OUT]:	[Parent:00007ff6ef611557] >>  C:/GitHub/BlockyOS/Build/Build-nodate/disk.img  Base: 133120    ConfBlockSize: 2048    Starting Disk Env ID: 
[SHELL OUT]:	Writing Bytes
[SHELL OUT]:	[Parent:00007ff6ef611583] >> Wrtiting [2048 bytes(s)->4 block(s)] to LBA[225573(257501184)-225577(257509376)]
[SHELL OUT]:	Closing Disk Interface >> {C:/GitHub/BlockyOS/Build/Build-nodate/disk.img}
[SHELL OUT]:	Writing File Block at 225574, Item: 14.	Root: [1742780011519050388:147156532550678]
[SHELL OUT]:	[Parent:00007ff6ef611557] >>  C:/GitHub/BlockyOS/Build/Build-nodate/disk.img  Base: 133120    ConfBlockSize: 2048    Starting Disk Env ID: 
[SHELL OUT]:	Writing Bytes
[SHELL OUT]:	[Parent:00007ff6ef611583] >> Wrtiting [2048 bytes(s)->4 block(s)] to LBA[225574(257503232)-225578(257511424)]
[SHELL OUT]:	Closing Disk Interface >> {C:/GitHub/BlockyOS/Build/Build-nodate/disk.img}
[SHELL OUT]:	Writing File Block at 225575, Item: 15.	Root: [1742780011519050388:147156532550678]
[SHELL OUT]:	[Parent:00007ff6ef611557] >>  C:/GitHub/BlockyOS/Build/Build-nodate/disk.img  Base: 133120    ConfBlockSize: 2048    Starting Disk Env ID: 
[SHELL OUT]:	Writing Bytes
[SHELL OUT]:	[Parent:00007ff6ef611583] >> Wrtiting [2048 bytes(s)->4 block(s)] to LBA[225575(257505280)-225579(257513472)]
[SHELL OUT]:	Closing Disk Interface >> {C:/GitHub/BlockyOS/Build/Build-nodate/disk.img}
[SHELL OUT]:	Writing File Block at 225576, Item: 16.	Root: [1742780011519050388:147156532550678]
[SHELL OUT]:	[Parent:00007ff6ef611557] >>  C:/GitHub/BlockyOS/Build/Build-nodate/disk.img  Base: 133120    ConfBlockSize: 2048    Starting Disk Env ID: 
[SHELL OUT]:	Writing Bytes
[SHELL OUT]:	[Parent:00007ff6ef611583] >> Wrtiting [2048 bytes(s)->4 block(s)] to LBA[225576(257507328)-225580(257515520)]
[SHELL OUT]:	Closing Disk Interface >> {C:/GitHub/BlockyOS/Build/Build-nodate/disk.img}
[SHELL OUT]:	Writing File Block at 225577, Item: 17.	Root: [1742780011519050388:147156532550678]
[SHELL OUT]:	[Parent:00007ff6ef611557] >>  C:/GitHub/BlockyOS/Build/Build-nodate/disk.img  Base: 133120    ConfBlockSize: 2048    Starting Disk Env ID: 
[SHELL OUT]:	Writing Bytes
[SHELL OUT]:	[Parent:00007ff6ef611583] >> Wrtiting [2048 bytes(s)->4 block(s)] to LBA[225577(257509376)-225581(257517568)]
[SHELL OUT]:	Closing Disk Interface >> {C:/GitHub/BlockyOS/Build/Build-nodate/disk.img}
[SHELL OUT]:	Writing File Block at 225578, Item: 18.	Root: [1742780011519050388:147156532550678]
[SHELL OUT]:	[Parent:00007ff6ef611557] >>  C:/GitHub/BlockyOS/Build/Build-nodate/disk.img  Base: 133120    ConfBlockSize: 2048    Starting Disk Env ID: 
[SHELL OUT]:	Writing Bytes
[SHELL OUT]:	[Parent:00007ff6ef611583] >> Wrtiting [2048 bytes(s)->4 block(s)] to LBA[225578(257511424)-225582(257519616)]
[SHELL OUT]:	Closing Disk Interface >> {C:/GitHub/BlockyOS/Build/Build-nodate/disk.img}
[SHELL OUT]:	Writing File Block at 225579, Item: 19.	Root: [1742780011519050388:147156532550678]
[SHELL OUT]:	[Parent:00007ff6ef611557] >>  C:/GitHub/BlockyOS/Build/Build-nodate/disk.img  Base: 133120    ConfBlockSize: 2048    Starting Disk Env ID: 
[SHELL OUT]:	Writing Bytes
[SHELL OUT]:	[Parent:00007ff6ef611583] >> Wrtiting [2048 bytes(s)->4 block(s)] to LBA[225579(257513472)-225583(257521664)]
[SHELL OUT]:	Closing Disk Interface >> {C:/GitHub/BlockyOS/Build/Build-nodate/disk.img}
[SHELL OUT]:	Writing File Block at 225580, Item: 20.	Root: [1742780011519050388:147156532550678]
[SHELL OUT]:	[Parent:00007ff6ef611557] >>  C:/GitHub/BlockyOS/Build/Build-nodate/disk.img  Base: 133120    ConfBlockSize: 2048    Starting Disk Env ID: 
[SHELL OUT]:	Writing Bytes
[SHELL OUT]:	[Parent:00007ff6ef611583] >> Wrtiting [2048 bytes(s)->4 block(s)] to LBA[225580(257515520)-225584(257523712)]
[SHELL OUT]:	Closing Disk Interface >> {C:/GitHub/BlockyOS/Build/Build-nodate/disk.img}
[SHELL OUT]:	Writing File Block at 225581, Item: 21.	Root: [1742780011519050388:147156532550678]
[SHELL OUT]:	[Parent:00007ff6ef611557] >>  C:/GitHub/BlockyOS/Build/Build-nodate/disk.img  Base: 133120    ConfBlockSize: 2048    Starting Disk Env ID: 
[SHELL OUT]:	Writing Bytes
[SHELL OUT]:	[Parent:00007ff6ef611583] >> Wrtiting [2048 bytes(s)->4 block(s)] to LBA[225581(257517568)-225585(257525760)]
[SHELL OUT]:	Closing Disk Interface >> {C:/GitHub/BlockyOS/Build/Build-nodate/disk.img}
[SHELL OUT]:	Writing File Block at 225582, Item: 22.	Root: [1742780011519050388:147156532550678]
[SHELL OUT]:	[Parent:00007ff6ef611557] >>  C:/GitHub/BlockyOS/Build/Build-nodate/disk.img  Base: 133120    ConfBlockSize: 2048    Starting Disk Env ID: 
[SHELL OUT]:	Writing Bytes
[SHELL OUT]:	[Parent:00007ff6ef611583] >> Wrtiting [2048 bytes(s)->4 block(s)] to LBA[225582(257519616)-225586(257527808)]
[SHELL OUT]:	Closing Disk Interface >> {C:/GitHub/BlockyOS/Build/Build-nodate/disk.img}
[SHELL OUT]:	Writing File Block at 225583, Item: 23.	Root: [1742780011519050388:147156532550678]
[SHELL OUT]:	[Parent:00007ff6ef611557] >>  C:/GitHub/BlockyOS/Build/Build-nodate/disk.img  Base: 133120    ConfBlockSize: 2048    Starting Disk Env ID: 
[SHELL OUT]:	Writing Bytes
[SHELL OUT]:	[Parent:00007ff6ef611583] >> Wrtiting [2048 bytes(s)->4 block(s)] to LBA[225583(257521664)-225587(257529856)]
[SHELL OUT]:	Closing Disk Interface >> {C:/GitHub/BlockyOS/Build/Build-nodate/disk.img}
[SHELL OUT]:	Writing File Block at 225584, Item: 24.	Root: [1742780011519050388:147156532550678]
[SHELL OUT]:	[Parent:00007ff6ef611557] >>  C:/GitHub/BlockyOS/Build/Build-nodate/disk.img  Base: 133120    ConfBlockSize: 2048    Starting Disk Env ID: 
[SHELL OUT]:	Writing Bytes
[SHELL OUT]:	[Parent:00007ff6ef611583] >> Wrtiting [2048 bytes(s)->4 block(s)] to LBA[225584(257523712)-225588(257531904)]
[SHELL OUT]:	Closing Disk Interface >> {C:/GitHub/BlockyOS/Build/Build-nodate/disk.img}
[SHELL OUT]:	Reading File Block at 225585, Item: 25.    Root: [1742780011519050388:147156532550678]
[SHELL OUT]:	[Parent:00007ff6ef6110ba] >>  C:/GitHub/BlockyOS/Build/Build-nodate/disk.img  Base: 133120    ConfBlockSize: 2048    Starting Disk Env ID: 
[SHELL OUT]:	Reading Bytes
[SHELL OUT]:	[Parent:00007ff6ef6110de] >> Reading [2048 bytes(s)->4 block(s)] from LBA[225585(257525760)-225589(257533952)]
[SHELL OUT]:	Closing Disk Interface >> {C:/GitHub/BlockyOS/Build/Build-nodate/disk.img}
[SHELL OUT]:	Writing File Block at 225585, Item: 25.	Root: [1742780011519050388:147156532550678]
[SHELL OUT]:	[Parent:00007ff6ef611557] >>  C:/GitHub/BlockyOS/Build/Build-nodate/disk.img  Base: 133120    ConfBlockSize: 2048    Starting Disk Env ID: 
[SHELL OUT]:	Writing Bytes
[SHELL OUT]:	[Parent:00007ff6ef611583] >> Wrtiting [2048 bytes(s)->4 block(s)] to LBA[225585(257525760)-225589(257533952)]
[SHELL OUT]:	Closing Disk Interface >> {C:/GitHub/BlockyOS/Build/Build-nodate/disk.img}
[SHELL OUT]:	[0]: ""
Initializing CGCC.MAKE build process...
Skipping C:\GitHub\BlockyOS\src\kernel\services\IO\IO.c - up to date; source=2026-09-16T16:38:35.5854557Z, stored=09/16/2026 16:38:35
Stale source detected for C:\GitHub\BlockyOS\Build\Build-nodate\root-part\libcrt.dll. source=2026-10-02T18:31:49.6362486Z, stored=10/02/2026 18:13:57, delta=+20218672.636 sec
Compiled and updated timestamp for C:\GitHub\BlockyOS\Build\Build-nodate\root-part\libcrt.dll
Skipping C:\GitHub\BlockyOS\src\kernel\services\IO\IO.def - up to date; source=2026-09-16T21:00:02.8766014Z, stored=09/16/2026 21:00:02
gcc compile/cache/c.IO.o Build/Build-nodate/root-part/libcrt.dll src/kernel/services/IO/IO.def -Wl,-nostdlib -Wl,-shared -Wl,-flinker-output=dyn -Wl,-Bsymbolic -Wl,--out-implib,C:/GitHub/BlockyOS/Build/Build-nodate/root-part/services/IO.dll.a -Wl,-Map,C:\GitHub\BlockyOS\src\kernel\services\IO\alibcrt.map -fdiagnostics-color=always -fno-diagnostics-show-highlight-colors -nostartfiles -nodefaultlibs -fno-asynchronous-unwind-tables -fno-unwind-tables -o C:/GitHub/BlockyOS/Build/Build-nodate/root-part/services/IO.dll
Build finished successfully -> C:/GitHub/BlockyOS/Build/Build-nodate/root-part/services/IO.dll


[SHELL]	FSFRAT.MAKE
[SHELL]	FSFRAT.MOUNT
[SHELL]	e.disk -pp C:/GitHub/BlockyOS/Build/Build-nodate/disk.img -pt ROOT -bs 2048 -lb 32 -v 1:0
[SHELL OUT]:	
[SHELL OUT]:	FSFRAT DRIVER
[SHELL OUT]:	>> 
[SHELL OUT]:	[C:\GitHub\BlockyOS\tools\filesystem\frat.c:196]  >>  Mounting FS Root: [C:/GitHub/BlockyOS/Build/Build-nodate/disk.img]
[SHELL OUT]:	Verifying Disk GPT
[SHELL OUT]:	[Parent:00007ff6ef60d8ff] >>  C:/GitHub/BlockyOS/Build/Build-nodate/disk.img  Base: 0    ConfBlockSize: 512    Starting Disk Env ID: 
[SHELL OUT]:	Reading Bytes
[SHELL OUT]:	[Parent:00007ff6ef60d91a] >> Reading [92 bytes(s)->1 block(s)] from LBA[1(512)-2(1024)]
[SHELL OUT]:	GPT Dump:
[SHELL OUT]:	    Sig: "EFI PART"
[SHELL OUT]:	    Rev: 65536
[SHELL OUT]:	    Header-Size: 92
[SHELL OUT]:	    Header Checksum: 2621714706
[SHELL OUT]:	    localLBA: 1
[SHELL OUT]:	    altLBA: 2230273
[SHELL OUT]:	    firstUsable: 2048
[SHELL OUT]:	    lastUsable: 2230271
[SHELL OUT]:	    Disk-GUID: 
[SHELL OUT]:	    Partition-Table: 2
[SHELL OUT]:	    # of Partition-Entries: 2
[SHELL OUT]:	    Partition-Entry Size: 128
[SHELL OUT]:	    Partition-Table Checksum: 896708427
[SHELL OUT]:	Closing Disk Interface >> {C:/GitHub/BlockyOS/Build/Build-nodate/disk.img}
[SHELL OUT]:	GPT Exists? true
[SHELL OUT]:	[Parent:00007ff6ef60eed9] >>  C:/GitHub/BlockyOS/Build/Build-nodate/disk.img  Base: 0    ConfBlockSize: 512    Starting Disk Env ID: 
[SHELL OUT]:	Reading Bytes
[SHELL OUT]:	[Parent:00007ff6ef60eefa] >> Reading [92 bytes(s)->1 block(s)] from LBA[1(512)-2(1024)]
[SHELL OUT]:	[C:\GitHub\BlockyOS\tools\filesystem\frat.c:137]  >>  Querying Part Table
[SHELL OUT]:	Reading Bytes
[SHELL OUT]:	[Parent:00007ff6ef60e73d] >> Reading [256 bytes(s)->1 block(s)] from LBA[2(1024)-3(1536)]
[SHELL OUT]:	[C:\GitHub\BlockyOS\tools\filesystem\frat.c:145]  >>  GPT-Entry: BOOT{2048:133119 -> 131071}
[SHELL OUT]:	[C:\GitHub\BlockyOS\tools\filesystem\frat.c:159]  >>  Querying FS at 2048
[SHELL OUT]:	Reading Bytes
[SHELL OUT]:	[Parent:00007ff6ef60ebe1] >> Reading [60 bytes(s)->1 block(s)] from LBA[2048(1048576)-2049(1049088)]
[SHELL OUT]:	FS-Root Blob:
[SHELL OUT]:	    Version: [0:131072]
[SHELL OUT]:	    Sig: 
[SHELL OUT]:	    Configured Log Sectors: 2
[SHELL OUT]:	    Configured Block Size: 0
[SHELL OUT]:	    Configured Cluster-Map Size: 16711743
[SHELL OUT]:	[C:\GitHub\BlockyOS\tools\filesystem\frat.c:145]  >>  GPT-Entry: ROOT{133120:2230271 -> 2097151}
[SHELL OUT]:	[C:\GitHub\BlockyOS\tools\filesystem\frat.c:159]  >>  Querying FS at 133120
[SHELL OUT]:	Reading Bytes
[SHELL OUT]:	[Parent:00007ff6ef60ebe1] >> Reading [60 bytes(s)->1 block(s)] from LBA[133120(68157440)-133121(68157952)]
[SHELL OUT]:	FS-Root Blob:
[SHELL OUT]:	    Version: [0:1]
[SHELL OUT]:	    Sig: FRAT_FILESYSTEM
[SHELL OUT]:	    Configured Log Sectors: 32
[SHELL OUT]:	    Configured Block Size: 2048
[SHELL OUT]:	    Configured Cluster-Map Size: 20480
[SHELL OUT]:	[C:\GitHub\BlockyOS\tools\filesystem\frat.c:184]  >>  FS Found at [133120]:
[SHELL OUT]:		Version-Code: [0:1]
[SHELL OUT]:		Configured Block-Size: 2048
[SHELL OUT]:		Configured Cluster-Size: 20480
[SHELL OUT]:		Configured # of Log-Sectors: 32
[SHELL OUT]:		Configured Log-Size: 576
[SHELL OUT]:	[C:\GitHub\BlockyOS\tools\filesystem\frat.c:210]  >>  Found Formatted Partition: 133120:2230271 -> 2097151
[SHELL OUT]:	Reading Bytes
[SHELL OUT]:	[Parent:00007ff6ef60f05b] >> Reading [60 bytes(s)->1 block(s)] from LBA[133120(68157440)-133121(68157952)]
[SHELL OUT]:	[C:\GitHub\BlockyOS\tools\filesystem\frat.c:223]  >>  Root: 133120:2230271 -> 2097151 LBAs
[SHELL OUT]:		Version-Code: [0:1]
[SHELL OUT]:		Configured Block-Size: 2048
[SHELL OUT]:		Configured Cluster-Size: 20480
[SHELL OUT]:		Configured # of Log-Sectors: 20480
[SHELL OUT]:		Configured Log-Size: 32
[SHELL OUT]:	Reading Bytes
[SHELL OUT]:	[Parent:00007ff6ef60f39f] >> Reading [65536 bytes(s)->128 block(s)] from LBA[133121(68159488)-133249(68421632)]
[SHELL OUT]:	Reading Bytes
[SHELL OUT]:	[Parent:00007ff6ef60f44b] >> Reading [20480 bytes(s)->40 block(s)] from LBA[202752(210763776)-202792(210845696)]
[SHELL OUT]:	    Verifying FS Root Items #items: 1024
[SHELL OUT]:	Reading Bytes
[SHELL OUT]:	[Parent:00007ff6ef60f6be] >> Reading [512 bytes(s)->4 block(s)] from LBA[225280(256901120)-225284(256909312)]
[SHELL OUT]:	Reading Bytes
[SHELL OUT]:	[Parent:00007ff6ef60f6be] >> Reading [512 bytes(s)->4 block(s)] from LBA[225281(256903168)-225285(256911360)]
[SHELL OUT]:	Reading Bytes
[SHELL OUT]:	[Parent:00007ff6ef60f6be] >> Reading [512 bytes(s)->4 block(s)] from LBA[225396(257138688)-225400(257146880)]
[SHELL OUT]:	Reading Bytes
[SHELL OUT]:	[Parent:00007ff6ef60f6be] >> Reading [512 bytes(s)->4 block(s)] from LBA[225422(257191936)-225426(257200128)]
[SHELL OUT]:	Reading Bytes
[SHELL OUT]:	[Parent:00007ff6ef60f6be] >> Reading [512 bytes(s)->4 block(s)] from LBA[225431(257210368)-225435(257218560)]
[SHELL OUT]:	Reading Bytes
[SHELL OUT]:	[Parent:00007ff6ef60f6be] >> Reading [512 bytes(s)->4 block(s)] from LBA[225446(257241088)-225450(257249280)]
[SHELL OUT]:	Reading Bytes
[SHELL OUT]:	[Parent:00007ff6ef60f6be] >> Reading [512 bytes(s)->4 block(s)] from LBA[225560(257474560)-225564(257482752)]
[SHELL OUT]:	Reading Bytes
[SHELL OUT]:	[Parent:00007ff6ef60f6be] >> Reading [512 bytes(s)->4 block(s)] from LBA[225586(257527808)-225590(257536000)]
[SHELL OUT]:	Reading Bytes
[SHELL OUT]:	[Parent:00007ff6ef60f6be] >> Reading [512 bytes(s)->4 block(s)] from LBA[225595(257546240)-225599(257554432)]
[SHELL OUT]:	Reading Bytes
[SHELL OUT]:	[Parent:00007ff6ef60f6be] >> Reading [512 bytes(s)->4 block(s)] from LBA[225610(257576960)-225614(257585152)]
[SHELL OUT]:	Closing Disk Interface >> {C:/GitHub/BlockyOS/Build/Build-nodate/disk.img}
[SHELL OUT]:	[Parent:00007ff6ef611926] >>  C:/GitHub/BlockyOS/Build/Build-nodate/disk.img  Base: 133120    ConfBlockSize: 2048    Starting Disk Env ID: 
[SHELL OUT]:	Writing Bytes
[SHELL OUT]:	[Parent:00007ff6ef61194f] >> Wrtiting [60 bytes(s)->4 block(s)] to LBA[133120(68157440)-133124(68165632)]
[SHELL OUT]:	Writing Bytes
[SHELL OUT]:	[Parent:00007ff6ef611997] >> Wrtiting [20480 bytes(s)->40 block(s)] to LBA[202752(210763776)-202792(210845696)]
[SHELL OUT]:	Closing Disk Interface >> {C:/GitHub/BlockyOS/Build/Build-nodate/disk.img}
[SHELL OUT]:	[0]: ""
[SHELL]	create -la fc -p SYSD/ -n IO.dll
[SHELL OUT]:	
[SHELL OUT]:	>> 
[SHELL OUT]:	>> 
[SHELL OUT]:	00000203e9885ecb:fc	00000203e9885ed1:SYSD/	00000203e9885eda:IO.dll	
[SHELL OUT]:	[	SYSD/IO.dll]
[SHELL OUT]:	Mounting File [SYSD/IO.dll] with "fc"
[SHELL OUT]:	Creating File at: ./SYSD/IO.dll
[SHELL OUT]:	Root is 00000203e9889030
[SHELL OUT]:	Root is 00000203e9889030
[SHELL OUT]:	Un-Mounting File [1742780011519050388:147156532550678]
[SHELL OUT]:	[Parent:00007ff6ef611926] >>  C:/GitHub/BlockyOS/Build/Build-nodate/disk.img  Base: 133120    ConfBlockSize: 2048    Starting Disk Env ID: 
[SHELL OUT]:	Writing Bytes
[SHELL OUT]:	[Parent:00007ff6ef61194f] >> Wrtiting [60 bytes(s)->4 block(s)] to LBA[133120(68157440)-133124(68165632)]
[SHELL OUT]:	Writing Bytes
[SHELL OUT]:	[Parent:00007ff6ef611997] >> Wrtiting [20480 bytes(s)->40 block(s)] to LBA[202752(210763776)-202792(210845696)]
[SHELL OUT]:	Closing Disk Interface >> {C:/GitHub/BlockyOS/Build/Build-nodate/disk.img}
[SHELL OUT]:	[0]: ""
[SHELL]	FSFRAT.OPEN
[SHELL]	open -p SYSD/IO.dll -a IO -la f
[SHELL OUT]:	
[SHELL OUT]:	>> 
[SHELL OUT]:	>> 
[SHELL OUT]:	Mounting File [SYSD/IO.dll] with "f"
[SHELL OUT]:	Root is 00000203e9889030
[SHELL OUT]:	[0]: ""
[SHELL]	FSFRAT.WRITE
[SHELL]	fwrite -pp C:/GitHub/BlockyOS/Build/Build-nodate/root-part/services/IO.dll -ia %IO% -p 0 -n 0
[SHELL OUT]:	
[SHELL OUT]:	>> 
[SHELL OUT]:	>> 
[SHELL OUT]:	[Parent:00007ff6ef611f16] >>  C:/GitHub/BlockyOS/Build/Build-nodate/disk.img  Base: 133120    ConfBlockSize: 2048    Starting Disk Env ID: 
[SHELL OUT]:	[Parent:00007ff6ef611e53] >>  C:/GitHub/BlockyOS/Build/Build-nodate/disk.img  Base: 133120    ConfBlockSize: 2048    Starting Disk Env ID: 
[SHELL OUT]:	Reading File Info
[SHELL OUT]:	Reading Bytes
[SHELL OUT]:	[Parent:00007ff6ef611ec2] >> Reading [512 bytes(s)->4 block(s)] from LBA[225560(257474560)-225564(257482752)]
[SHELL OUT]:	Closing Disk Interface >> {C:/GitHub/BlockyOS/Build/Build-nodate/disk.img}
[SHELL OUT]:	Writing Bytes
[SHELL OUT]:	[Parent:00007ff6ef612010] >> Wrtiting [512 bytes(s)->4 block(s)] to LBA[225560(257474560)-225564(257482752)]
[SHELL OUT]:	Closing Disk Interface >> {C:/GitHub/BlockyOS/Build/Build-nodate/disk.img}
[SHELL OUT]:	Root is 00000203e9889030
[SHELL OUT]:	Writing File Block at 225561, Item: 1.	Root: [1742780011519050388:147156532550678]
[SHELL OUT]:	[Parent:00007ff6ef611557] >>  C:/GitHub/BlockyOS/Build/Build-nodate/disk.img  Base: 133120    ConfBlockSize: 2048    Starting Disk Env ID: 
[SHELL OUT]:	Writing Bytes
[SHELL OUT]:	[Parent:00007ff6ef611583] >> Wrtiting [2048 bytes(s)->4 block(s)] to LBA[225561(257476608)-225565(257484800)]
[SHELL OUT]:	Closing Disk Interface >> {C:/GitHub/BlockyOS/Build/Build-nodate/disk.img}
[SHELL OUT]:	Writing File Block at 225562, Item: 2.	Root: [1742780011519050388:147156532550678]
[SHELL OUT]:	[Parent:00007ff6ef611557] >>  C:/GitHub/BlockyOS/Build/Build-nodate/disk.img  Base: 133120    ConfBlockSize: 2048    Starting Disk Env ID: 
[SHELL OUT]:	Writing Bytes
[SHELL OUT]:	[Parent:00007ff6ef611583] >> Wrtiting [2048 bytes(s)->4 block(s)] to LBA[225562(257478656)-225566(257486848)]
[SHELL OUT]:	Closing Disk Interface >> {C:/GitHub/BlockyOS/Build/Build-nodate/disk.img}
[SHELL OUT]:	Writing File Block at 225563, Item: 3.	Root: [1742780011519050388:147156532550678]
[SHELL OUT]:	[Parent:00007ff6ef611557] >>  C:/GitHub/BlockyOS/Build/Build-nodate/disk.img  Base: 133120    ConfBlockSize: 2048    Starting Disk Env ID: 
[SHELL OUT]:	Writing Bytes
[SHELL OUT]:	[Parent:00007ff6ef611583] >> Wrtiting [2048 bytes(s)->4 block(s)] to LBA[225563(257480704)-225567(257488896)]
[SHELL OUT]:	Closing Disk Interface >> {C:/GitHub/BlockyOS/Build/Build-nodate/disk.img}
[SHELL OUT]:	Writing File Block at 225564, Item: 4.	Root: [1742780011519050388:147156532550678]
[SHELL OUT]:	[Parent:00007ff6ef611557] >>  C:/GitHub/BlockyOS/Build/Build-nodate/disk.img  Base: 133120    ConfBlockSize: 2048    Starting Disk Env ID: 
[SHELL OUT]:	Writing Bytes
[SHELL OUT]:	[Parent:00007ff6ef611583] >> Wrtiting [2048 bytes(s)->4 block(s)] to LBA[225564(257482752)-225568(257490944)]
[SHELL OUT]:	Closing Disk Interface >> {C:/GitHub/BlockyOS/Build/Build-nodate/disk.img}
[SHELL OUT]:	Writing File Block at 225565, Item: 5.	Root: [1742780011519050388:147156532550678]
[SHELL OUT]:	[Parent:00007ff6ef611557] >>  C:/GitHub/BlockyOS/Build/Build-nodate/disk.img  Base: 133120    ConfBlockSize: 2048    Starting Disk Env ID: 
[SHELL OUT]:	Writing Bytes
[SHELL OUT]:	[Parent:00007ff6ef611583] >> Wrtiting [2048 bytes(s)->4 block(s)] to LBA[225565(257484800)-225569(257492992)]
[SHELL OUT]:	Closing Disk Interface >> {C:/GitHub/BlockyOS/Build/Build-nodate/disk.img}
[SHELL OUT]:	Writing File Block at 225566, Item: 6.	Root: [1742780011519050388:147156532550678]
[SHELL OUT]:	[Parent:00007ff6ef611557] >>  C:/GitHub/BlockyOS/Build/Build-nodate/disk.img  Base: 133120    ConfBlockSize: 2048    Starting Disk Env ID: 
[SHELL OUT]:	Writing Bytes
[SHELL OUT]:	[Parent:00007ff6ef611583] >> Wrtiting [2048 bytes(s)->4 block(s)] to LBA[225566(257486848)-225570(257495040)]
[SHELL OUT]:	Closing Disk Interface >> {C:/GitHub/BlockyOS/Build/Build-nodate/disk.img}
[SHELL OUT]:	Writing File Block at 225567, Item: 7.	Root: [1742780011519050388:147156532550678]
[SHELL OUT]:	[Parent:00007ff6ef611557] >>  C:/GitHub/BlockyOS/Build/Build-nodate/disk.img  Base: 133120    ConfBlockSize: 2048    Starting Disk Env ID: 
[SHELL OUT]:	Writing Bytes
[SHELL OUT]:	[Parent:00007ff6ef611583] >> Wrtiting [2048 bytes(s)->4 block(s)] to LBA[225567(257488896)-225571(257497088)]
[SHELL OUT]:	Closing Disk Interface >> {C:/GitHub/BlockyOS/Build/Build-nodate/disk.img}
[SHELL OUT]:	Writing File Block at 225568, Item: 8.	Root: [1742780011519050388:147156532550678]
[SHELL OUT]:	[Parent:00007ff6ef611557] >>  C:/GitHub/BlockyOS/Build/Build-nodate/disk.img  Base: 133120    ConfBlockSize: 2048    Starting Disk Env ID: 
[SHELL OUT]:	Writing Bytes
[SHELL OUT]:	[Parent:00007ff6ef611583] >> Wrtiting [2048 bytes(s)->4 block(s)] to LBA[225568(257490944)-225572(257499136)]
[SHELL OUT]:	Closing Disk Interface >> {C:/GitHub/BlockyOS/Build/Build-nodate/disk.img}
[SHELL OUT]:	Writing File Block at 225569, Item: 9.	Root: [1742780011519050388:147156532550678]
[SHELL OUT]:	[Parent:00007ff6ef611557] >>  C:/GitHub/BlockyOS/Build/Build-nodate/disk.img  Base: 133120    ConfBlockSize: 2048    Starting Disk Env ID: 
[SHELL OUT]:	Writing Bytes
[SHELL OUT]:	[Parent:00007ff6ef611583] >> Wrtiting [2048 bytes(s)->4 block(s)] to LBA[225569(257492992)-225573(257501184)]
[SHELL OUT]:	Closing Disk Interface >> {C:/GitHub/BlockyOS/Build/Build-nodate/disk.img}
[SHELL OUT]:	Writing File Block at 225570, Item: 10.	Root: [1742780011519050388:147156532550678]
[SHELL OUT]:	[Parent:00007ff6ef611557] >>  C:/GitHub/BlockyOS/Build/Build-nodate/disk.img  Base: 133120    ConfBlockSize: 2048    Starting Disk Env ID: 
[SHELL OUT]:	Writing Bytes
[SHELL OUT]:	[Parent:00007ff6ef611583] >> Wrtiting [2048 bytes(s)->4 block(s)] to LBA[225570(257495040)-225574(257503232)]
[SHELL OUT]:	Closing Disk Interface >> {C:/GitHub/BlockyOS/Build/Build-nodate/disk.img}
[SHELL OUT]:	Writing File Block at 225571, Item: 11.	Root: [1742780011519050388:147156532550678]
[SHELL OUT]:	[Parent:00007ff6ef611557] >>  C:/GitHub/BlockyOS/Build/Build-nodate/disk.img  Base: 133120    ConfBlockSize: 2048    Starting Disk Env ID: 
[SHELL OUT]:	Writing Bytes
[SHELL OUT]:	[Parent:00007ff6ef611583] >> Wrtiting [2048 bytes(s)->4 block(s)] to LBA[225571(257497088)-225575(257505280)]
[SHELL OUT]:	Closing Disk Interface >> {C:/GitHub/BlockyOS/Build/Build-nodate/disk.img}
[SHELL OUT]:	Writing File Block at 225572, Item: 12.	Root: [1742780011519050388:147156532550678]
[SHELL OUT]:	[Parent:00007ff6ef611557] >>  C:/GitHub/BlockyOS/Build/Build-nodate/disk.img  Base: 133120    ConfBlockSize: 2048    Starting Disk Env ID: 
[SHELL OUT]:	Writing Bytes
[SHELL OUT]:	[Parent:00007ff6ef611583] >> Wrtiting [2048 bytes(s)->4 block(s)] to LBA[225572(257499136)-225576(257507328)]
[SHELL OUT]:	Closing Disk Interface >> {C:/GitHub/BlockyOS/Build/Build-nodate/disk.img}
[SHELL OUT]:	Writing File Block at 225573, Item: 13.	Root: [1742780011519050388:147156532550678]
[SHELL OUT]:	[Parent:00007ff6ef611557] >>  C:/GitHub/BlockyOS/Build/Build-nodate/disk.img  Base: 133120    ConfBlockSize: 2048    Starting Disk Env ID: 
[SHELL OUT]:	Writing Bytes
[SHELL OUT]:	[Parent:00007ff6ef611583] >> Wrtiting [2048 bytes(s)->4 block(s)] to LBA[225573(257501184)-225577(257509376)]
[SHELL OUT]:	Closing Disk Interface >> {C:/GitHub/BlockyOS/Build/Build-nodate/disk.img}
[SHELL OUT]:	Writing File Block at 225574, Item: 14.	Root: [1742780011519050388:147156532550678]
[SHELL OUT]:	[Parent:00007ff6ef611557] >>  C:/GitHub/BlockyOS/Build/Build-nodate/disk.img  Base: 133120    ConfBlockSize: 2048    Starting Disk Env ID: 
[SHELL OUT]:	Writing Bytes
[SHELL OUT]:	[Parent:00007ff6ef611583] >> Wrtiting [2048 bytes(s)->4 block(s)] to LBA[225574(257503232)-225578(257511424)]
[SHELL OUT]:	Closing Disk Interface >> {C:/GitHub/BlockyOS/Build/Build-nodate/disk.img}
[SHELL OUT]:	Writing File Block at 225575, Item: 15.	Root: [1742780011519050388:147156532550678]
[SHELL OUT]:	[Parent:00007ff6ef611557] >>  C:/GitHub/BlockyOS/Build/Build-nodate/disk.img  Base: 133120    ConfBlockSize: 2048    Starting Disk Env ID: 
[SHELL OUT]:	Writing Bytes
[SHELL OUT]:	[Parent:00007ff6ef611583] >> Wrtiting [2048 bytes(s)->4 block(s)] to LBA[225575(257505280)-225579(257513472)]
[SHELL OUT]:	Closing Disk Interface >> {C:/GitHub/BlockyOS/Build/Build-nodate/disk.img}
[SHELL OUT]:	Writing File Block at 225576, Item: 16.	Root: [1742780011519050388:147156532550678]
[SHELL OUT]:	[Parent:00007ff6ef611557] >>  C:/GitHub/BlockyOS/Build/Build-nodate/disk.img  Base: 133120    ConfBlockSize: 2048    Starting Disk Env ID: 
[SHELL OUT]:	Writing Bytes
[SHELL OUT]:	[Parent:00007ff6ef611583] >> Wrtiting [2048 bytes(s)->4 block(s)] to LBA[225576(257507328)-225580(257515520)]
[SHELL OUT]:	Closing Disk Interface >> {C:/GitHub/BlockyOS/Build/Build-nodate/disk.img}
[SHELL OUT]:	Writing File Block at 225577, Item: 17.	Root: [1742780011519050388:147156532550678]
[SHELL OUT]:	[Parent:00007ff6ef611557] >>  C:/GitHub/BlockyOS/Build/Build-nodate/disk.img  Base: 133120    ConfBlockSize: 2048    Starting Disk Env ID: 
[SHELL OUT]:	Writing Bytes
[SHELL OUT]:	[Parent:00007ff6ef611583] >> Wrtiting [2048 bytes(s)->4 block(s)] to LBA[225577(257509376)-225581(257517568)]
[SHELL OUT]:	Closing Disk Interface >> {C:/GitHub/BlockyOS/Build/Build-nodate/disk.img}
[SHELL OUT]:	Writing File Block at 225578, Item: 18.	Root: [1742780011519050388:147156532550678]
[SHELL OUT]:	[Parent:00007ff6ef611557] >>  C:/GitHub/BlockyOS/Build/Build-nodate/disk.img  Base: 133120    ConfBlockSize: 2048    Starting Disk Env ID: 
[SHELL OUT]:	Writing Bytes
[SHELL OUT]:	[Parent:00007ff6ef611583] >> Wrtiting [2048 bytes(s)->4 block(s)] to LBA[225578(257511424)-225582(257519616)]
[SHELL OUT]:	Closing Disk Interface >> {C:/GitHub/BlockyOS/Build/Build-nodate/disk.img}
[SHELL OUT]:	Writing File Block at 225579, Item: 19.	Root: [1742780011519050388:147156532550678]
[SHELL OUT]:	[Parent:00007ff6ef611557] >>  C:/GitHub/BlockyOS/Build/Build-nodate/disk.img  Base: 133120    ConfBlockSize: 2048    Starting Disk Env ID: 
[SHELL OUT]:	Writing Bytes
[SHELL OUT]:	[Parent:00007ff6ef611583] >> Wrtiting [2048 bytes(s)->4 block(s)] to LBA[225579(257513472)-225583(257521664)]
[SHELL OUT]:	Closing Disk Interface >> {C:/GitHub/BlockyOS/Build/Build-nodate/disk.img}
[SHELL OUT]:	Writing File Block at 225580, Item: 20.	Root: [1742780011519050388:147156532550678]
[SHELL OUT]:	[Parent:00007ff6ef611557] >>  C:/GitHub/BlockyOS/Build/Build-nodate/disk.img  Base: 133120    ConfBlockSize: 2048    Starting Disk Env ID: 
[SHELL OUT]:	Writing Bytes
[SHELL OUT]:	[Parent:00007ff6ef611583] >> Wrtiting [2048 bytes(s)->4 block(s)] to LBA[225580(257515520)-225584(257523712)]
[SHELL OUT]:	Closing Disk Interface >> {C:/GitHub/BlockyOS/Build/Build-nodate/disk.img}
[SHELL OUT]:	Writing File Block at 225581, Item: 21.	Root: [1742780011519050388:147156532550678]
[SHELL OUT]:	[Parent:00007ff6ef611557] >>  C:/GitHub/BlockyOS/Build/Build-nodate/disk.img  Base: 133120    ConfBlockSize: 2048    Starting Disk Env ID: 
[SHELL OUT]:	Writing Bytes
[SHELL OUT]:	[Parent:00007ff6ef611583] >> Wrtiting [2048 bytes(s)->4 block(s)] to LBA[225581(257517568)-225585(257525760)]
[SHELL OUT]:	Closing Disk Interface >> {C:/GitHub/BlockyOS/Build/Build-nodate/disk.img}
[SHELL OUT]:	Writing File Block at 225582, Item: 22.	Root: [1742780011519050388:147156532550678]
[SHELL OUT]:	[Parent:00007ff6ef611557] >>  C:/GitHub/BlockyOS/Build/Build-nodate/disk.img  Base: 133120    ConfBlockSize: 2048    Starting Disk Env ID: 
[SHELL OUT]:	Writing Bytes
[SHELL OUT]:	[Parent:00007ff6ef611583] >> Wrtiting [2048 bytes(s)->4 block(s)] to LBA[225582(257519616)-225586(257527808)]
[SHELL OUT]:	Closing Disk Interface >> {C:/GitHub/BlockyOS/Build/Build-nodate/disk.img}
[SHELL OUT]:	Writing File Block at 225583, Item: 23.	Root: [1742780011519050388:147156532550678]
[SHELL OUT]:	[Parent:00007ff6ef611557] >>  C:/GitHub/BlockyOS/Build/Build-nodate/disk.img  Base: 133120    ConfBlockSize: 2048    Starting Disk Env ID: 
[SHELL OUT]:	Writing Bytes
[SHELL OUT]:	[Parent:00007ff6ef611583] >> Wrtiting [2048 bytes(s)->4 block(s)] to LBA[225583(257521664)-225587(257529856)]
[SHELL OUT]:	Closing Disk Interface >> {C:/GitHub/BlockyOS/Build/Build-nodate/disk.img}
[SHELL OUT]:	Writing File Block at 225584, Item: 24.	Root: [1742780011519050388:147156532550678]
[SHELL OUT]:	[Parent:00007ff6ef611557] >>  C:/GitHub/BlockyOS/Build/Build-nodate/disk.img  Base: 133120    ConfBlockSize: 2048    Starting Disk Env ID: 
[SHELL OUT]:	Writing Bytes
[SHELL OUT]:	[Parent:00007ff6ef611583] >> Wrtiting [2048 bytes(s)->4 block(s)] to LBA[225584(257523712)-225588(257531904)]
[SHELL OUT]:	Closing Disk Interface >> {C:/GitHub/BlockyOS/Build/Build-nodate/disk.img}
[SHELL OUT]:	Reading File Block at 225585, Item: 25.    Root: [1742780011519050388:147156532550678]
[SHELL OUT]:	[Parent:00007ff6ef6110ba] >>  C:/GitHub/BlockyOS/Build/Build-nodate/disk.img  Base: 133120    ConfBlockSize: 2048    Starting Disk Env ID: 
[SHELL OUT]:	Reading Bytes
[SHELL OUT]:	[Parent:00007ff6ef6110de] >> Reading [2048 bytes(s)->4 block(s)] from LBA[225585(257525760)-225589(257533952)]
[SHELL OUT]:	Closing Disk Interface >> {C:/GitHub/BlockyOS/Build/Build-nodate/disk.img}
[SHELL OUT]:	Writing File Block at 225585, Item: 25.	Root: [1742780011519050388:147156532550678]
[SHELL OUT]:	[Parent:00007ff6ef611557] >>  C:/GitHub/BlockyOS/Build/Build-nodate/disk.img  Base: 133120    ConfBlockSize: 2048    Starting Disk Env ID: 
[SHELL OUT]:	Writing Bytes
[SHELL OUT]:	[Parent:00007ff6ef611583] >> Wrtiting [2048 bytes(s)->4 block(s)] to LBA[225585(257525760)-225589(257533952)]
[SHELL OUT]:	Closing Disk Interface >> {C:/GitHub/BlockyOS/Build/Build-nodate/disk.img}
[SHELL OUT]:	[0]: ""
Initializing CGCC.MAKE build process...
Skipping C:\GitHub\BlockyOS\src\kernel\services\IO\IO.c - up to date; source=2026-09-16T16:38:35.5854557Z, stored=09/16/2026 16:38:35
Stale source detected for C:\GitHub\BlockyOS\Build\Build-nodate\root-part\libcrt.dll. source=2026-10-02T18:33:20.9248015Z, stored=10/02/2026 18:31:49, delta=+20217691.925 sec
Compiled and updated timestamp for C:\GitHub\BlockyOS\Build\Build-nodate\root-part\libcrt.dll
Skipping C:\GitHub\BlockyOS\src\kernel\services\IO\IO.def - up to date; source=2026-09-16T21:00:02.8766014Z, stored=09/16/2026 21:00:02
gcc compile/cache/c.IO.o Build/Build-nodate/root-part/libcrt.dll src/kernel/services/IO/IO.def -Wl,-nostdlib -Wl,-shared -Wl,-flinker-output=dyn -Wl,-Bsymbolic -Wl,--out-implib,C:/GitHub/BlockyOS/Build/Build-nodate/root-part/services/IO.dll.a -Wl,-Map,C:\GitHub\BlockyOS\src\kernel\services\IO\alibcrt.map -fdiagnostics-color=always -fno-diagnostics-show-highlight-colors -nostartfiles -nodefaultlibs -fno-asynchronous-unwind-tables -fno-unwind-tables -o C:/GitHub/BlockyOS/Build/Build-nodate/root-part/services/IO.dll
Build finished successfully -> C:/GitHub/BlockyOS/Build/Build-nodate/root-part/services/IO.dll


[SHELL]	FSFRAT.MAKE
[SHELL]	FSFRAT.MOUNT
[SHELL]	e.disk -pp C:/GitHub/BlockyOS/Build/Build-nodate/disk.img -pt ROOT -bs 2048 -lb 32 -v 1:0
[SHELL OUT]:	
[SHELL OUT]:	FSFRAT DRIVER
[SHELL OUT]:	>> 
[SHELL OUT]:	[C:\GitHub\BlockyOS\tools\filesystem\frat.c:196]  >>  Mounting FS Root: [C:/GitHub/BlockyOS/Build/Build-nodate/disk.img]
[SHELL OUT]:	Verifying Disk GPT
[SHELL OUT]:	[Parent:00007ff6ef60d8ff] >>  C:/GitHub/BlockyOS/Build/Build-nodate/disk.img  Base: 0    ConfBlockSize: 512    Starting Disk Env ID: 
[SHELL OUT]:	Reading Bytes
[SHELL OUT]:	[Parent:00007ff6ef60d91a] >> Reading [92 bytes(s)->1 block(s)] from LBA[1(512)-2(1024)]
[SHELL OUT]:	GPT Dump:
[SHELL OUT]:	    Sig: "EFI PART"
[SHELL OUT]:	    Rev: 65536
[SHELL OUT]:	    Header-Size: 92
[SHELL OUT]:	    Header Checksum: 2621714706
[SHELL OUT]:	    localLBA: 1
[SHELL OUT]:	    altLBA: 2230273
[SHELL OUT]:	    firstUsable: 2048
[SHELL OUT]:	    lastUsable: 2230271
[SHELL OUT]:	    Disk-GUID: 
[SHELL OUT]:	    Partition-Table: 2
[SHELL OUT]:	    # of Partition-Entries: 2
[SHELL OUT]:	    Partition-Entry Size: 128
[SHELL OUT]:	    Partition-Table Checksum: 896708427
[SHELL OUT]:	Closing Disk Interface >> {C:/GitHub/BlockyOS/Build/Build-nodate/disk.img}
[SHELL OUT]:	GPT Exists? true
[SHELL OUT]:	[Parent:00007ff6ef60eed9] >>  C:/GitHub/BlockyOS/Build/Build-nodate/disk.img  Base: 0    ConfBlockSize: 512    Starting Disk Env ID: 
[SHELL OUT]:	Reading Bytes
[SHELL OUT]:	[Parent:00007ff6ef60eefa] >> Reading [92 bytes(s)->1 block(s)] from LBA[1(512)-2(1024)]
[SHELL OUT]:	[C:\GitHub\BlockyOS\tools\filesystem\frat.c:137]  >>  Querying Part Table
[SHELL OUT]:	Reading Bytes
[SHELL OUT]:	[Parent:00007ff6ef60e73d] >> Reading [256 bytes(s)->1 block(s)] from LBA[2(1024)-3(1536)]
[SHELL OUT]:	[C:\GitHub\BlockyOS\tools\filesystem\frat.c:145]  >>  GPT-Entry: BOOT{2048:133119 -> 131071}
[SHELL OUT]:	[C:\GitHub\BlockyOS\tools\filesystem\frat.c:159]  >>  Querying FS at 2048
[SHELL OUT]:	Reading Bytes
[SHELL OUT]:	[Parent:00007ff6ef60ebe1] >> Reading [60 bytes(s)->1 block(s)] from LBA[2048(1048576)-2049(1049088)]
[SHELL OUT]:	FS-Root Blob:
[SHELL OUT]:	    Version: [0:131072]
[SHELL OUT]:	    Sig: 
[SHELL OUT]:	    Configured Log Sectors: 2
[SHELL OUT]:	    Configured Block Size: 0
[SHELL OUT]:	    Configured Cluster-Map Size: 16711743
[SHELL OUT]:	[C:\GitHub\BlockyOS\tools\filesystem\frat.c:145]  >>  GPT-Entry: ROOT{133120:2230271 -> 2097151}
[SHELL OUT]:	[C:\GitHub\BlockyOS\tools\filesystem\frat.c:159]  >>  Querying FS at 133120
[SHELL OUT]:	Reading Bytes
[SHELL OUT]:	[Parent:00007ff6ef60ebe1] >> Reading [60 bytes(s)->1 block(s)] from LBA[133120(68157440)-133121(68157952)]
[SHELL OUT]:	FS-Root Blob:
[SHELL OUT]:	    Version: [0:1]
[SHELL OUT]:	    Sig: FRAT_FILESYSTEM
[SHELL OUT]:	    Configured Log Sectors: 32
[SHELL OUT]:	    Configured Block Size: 2048
[SHELL OUT]:	    Configured Cluster-Map Size: 20480
[SHELL OUT]:	[C:\GitHub\BlockyOS\tools\filesystem\frat.c:184]  >>  FS Found at [133120]:
[SHELL OUT]:		Version-Code: [0:1]
[SHELL OUT]:		Configured Block-Size: 2048
[SHELL OUT]:		Configured Cluster-Size: 20480
[SHELL OUT]:		Configured # of Log-Sectors: 32
[SHELL OUT]:		Configured Log-Size: 576
[SHELL OUT]:	[C:\GitHub\BlockyOS\tools\filesystem\frat.c:210]  >>  Found Formatted Partition: 133120:2230271 -> 2097151
[SHELL OUT]:	Reading Bytes
[SHELL OUT]:	[Parent:00007ff6ef60f05b] >> Reading [60 bytes(s)->1 block(s)] from LBA[133120(68157440)-133121(68157952)]
[SHELL OUT]:	[C:\GitHub\BlockyOS\tools\filesystem\frat.c:223]  >>  Root: 133120:2230271 -> 2097151 LBAs
[SHELL OUT]:		Version-Code: [0:1]
[SHELL OUT]:		Configured Block-Size: 2048
[SHELL OUT]:		Configured Cluster-Size: 20480
[SHELL OUT]:		Configured # of Log-Sectors: 20480
[SHELL OUT]:		Configured Log-Size: 32
[SHELL OUT]:	Reading Bytes
[SHELL OUT]:	[Parent:00007ff6ef60f39f] >> Reading [65536 bytes(s)->128 block(s)] from LBA[133121(68159488)-133249(68421632)]
[SHELL OUT]:	Reading Bytes
[SHELL OUT]:	[Parent:00007ff6ef60f44b] >> Reading [20480 bytes(s)->40 block(s)] from LBA[202752(210763776)-202792(210845696)]
[SHELL OUT]:	    Verifying FS Root Items #items: 1024
[SHELL OUT]:	Reading Bytes
[SHELL OUT]:	[Parent:00007ff6ef60f6be] >> Reading [512 bytes(s)->4 block(s)] from LBA[225280(256901120)-225284(256909312)]
[SHELL OUT]:	Reading Bytes
[SHELL OUT]:	[Parent:00007ff6ef60f6be] >> Reading [512 bytes(s)->4 block(s)] from LBA[225281(256903168)-225285(256911360)]
[SHELL OUT]:	Reading Bytes
[SHELL OUT]:	[Parent:00007ff6ef60f6be] >> Reading [512 bytes(s)->4 block(s)] from LBA[225396(257138688)-225400(257146880)]
[SHELL OUT]:	Reading Bytes
[SHELL OUT]:	[Parent:00007ff6ef60f6be] >> Reading [512 bytes(s)->4 block(s)] from LBA[225422(257191936)-225426(257200128)]
[SHELL OUT]:	Reading Bytes
[SHELL OUT]:	[Parent:00007ff6ef60f6be] >> Reading [512 bytes(s)->4 block(s)] from LBA[225431(257210368)-225435(257218560)]
[SHELL OUT]:	Reading Bytes
[SHELL OUT]:	[Parent:00007ff6ef60f6be] >> Reading [512 bytes(s)->4 block(s)] from LBA[225446(257241088)-225450(257249280)]
[SHELL OUT]:	Reading Bytes
[SHELL OUT]:	[Parent:00007ff6ef60f6be] >> Reading [512 bytes(s)->4 block(s)] from LBA[225560(257474560)-225564(257482752)]
[SHELL OUT]:	Reading Bytes
[SHELL OUT]:	[Parent:00007ff6ef60f6be] >> Reading [512 bytes(s)->4 block(s)] from LBA[225586(257527808)-225590(257536000)]
[SHELL OUT]:	Reading Bytes
[SHELL OUT]:	[Parent:00007ff6ef60f6be] >> Reading [512 bytes(s)->4 block(s)] from LBA[225595(257546240)-225599(257554432)]
[SHELL OUT]:	Reading Bytes
[SHELL OUT]:	[Parent:00007ff6ef60f6be] >> Reading [512 bytes(s)->4 block(s)] from LBA[225610(257576960)-225614(257585152)]
[SHELL OUT]:	Closing Disk Interface >> {C:/GitHub/BlockyOS/Build/Build-nodate/disk.img}
[SHELL OUT]:	[Parent:00007ff6ef611926] >>  C:/GitHub/BlockyOS/Build/Build-nodate/disk.img  Base: 133120    ConfBlockSize: 2048    Starting Disk Env ID: 
[SHELL OUT]:	Writing Bytes
[SHELL OUT]:	[Parent:00007ff6ef61194f] >> Wrtiting [60 bytes(s)->4 block(s)] to LBA[133120(68157440)-133124(68165632)]
[SHELL OUT]:	Writing Bytes
[SHELL OUT]:	[Parent:00007ff6ef611997] >> Wrtiting [20480 bytes(s)->40 block(s)] to LBA[202752(210763776)-202792(210845696)]
[SHELL OUT]:	Closing Disk Interface >> {C:/GitHub/BlockyOS/Build/Build-nodate/disk.img}
[SHELL OUT]:	[0]: ""
[SHELL]	create -la fc -p SYSD/ -n IO.dll
[SHELL OUT]:	
[SHELL OUT]:	>> 
[SHELL OUT]:	>> 
[SHELL OUT]:	00000258bfa75ecb:fc	00000258bfa75ed1:SYSD/	00000258bfa75eda:IO.dll	
[SHELL OUT]:	[	SYSD/IO.dll]
[SHELL OUT]:	Mounting File [SYSD/IO.dll] with "fc"
[SHELL OUT]:	Creating File at: ./SYSD/IO.dll
[SHELL OUT]:	Root is 00000258bfa79030
[SHELL OUT]:	Root is 00000258bfa79030
[SHELL OUT]:	Un-Mounting File [1742780011519050388:147156532550678]
[SHELL OUT]:	[Parent:00007ff6ef611926] >>  C:/GitHub/BlockyOS/Build/Build-nodate/disk.img  Base: 133120    ConfBlockSize: 2048    Starting Disk Env ID: 
[SHELL OUT]:	Writing Bytes
[SHELL OUT]:	[Parent:00007ff6ef61194f] >> Wrtiting [60 bytes(s)->4 block(s)] to LBA[133120(68157440)-133124(68165632)]
[SHELL OUT]:	Writing Bytes
[SHELL OUT]:	[Parent:00007ff6ef611997] >> Wrtiting [20480 bytes(s)->40 block(s)] to LBA[202752(210763776)-202792(210845696)]
[SHELL OUT]:	Closing Disk Interface >> {C:/GitHub/BlockyOS/Build/Build-nodate/disk.img}
[SHELL OUT]:	[0]: ""
[SHELL]	FSFRAT.OPEN
[SHELL]	open -p SYSD/IO.dll -a IO -la f
[SHELL OUT]:	
[SHELL OUT]:	>> 
[SHELL OUT]:	>> 
[SHELL OUT]:	Mounting File [SYSD/IO.dll] with "f"
[SHELL OUT]:	Root is 00000258bfa79030
[SHELL OUT]:	[0]: ""
[SHELL]	FSFRAT.WRITE
[SHELL]	fwrite -pp C:/GitHub/BlockyOS/Build/Build-nodate/root-part/services/IO.dll -ia %IO% -p 0 -n 0
[SHELL OUT]:	
[SHELL OUT]:	>> 
[SHELL OUT]:	>> 
[SHELL OUT]:	[Parent:00007ff6ef611f16] >>  C:/GitHub/BlockyOS/Build/Build-nodate/disk.img  Base: 133120    ConfBlockSize: 2048    Starting Disk Env ID: 
[SHELL OUT]:	[Parent:00007ff6ef611e53] >>  C:/GitHub/BlockyOS/Build/Build-nodate/disk.img  Base: 133120    ConfBlockSize: 2048    Starting Disk Env ID: 
[SHELL OUT]:	Reading File Info
[SHELL OUT]:	Reading Bytes
[SHELL OUT]:	[Parent:00007ff6ef611ec2] >> Reading [512 bytes(s)->4 block(s)] from LBA[225560(257474560)-225564(257482752)]
[SHELL OUT]:	Closing Disk Interface >> {C:/GitHub/BlockyOS/Build/Build-nodate/disk.img}
[SHELL OUT]:	Writing Bytes
[SHELL OUT]:	[Parent:00007ff6ef612010] >> Wrtiting [512 bytes(s)->4 block(s)] to LBA[225560(257474560)-225564(257482752)]
[SHELL OUT]:	Closing Disk Interface >> {C:/GitHub/BlockyOS/Build/Build-nodate/disk.img}
[SHELL OUT]:	Root is 00000258bfa79030
[SHELL OUT]:	Writing File Block at 225561, Item: 1.	Root: [1742780011519050388:147156532550678]
[SHELL OUT]:	[Parent:00007ff6ef611557] >>  C:/GitHub/BlockyOS/Build/Build-nodate/disk.img  Base: 133120    ConfBlockSize: 2048    Starting Disk Env ID: 
[SHELL OUT]:	Writing Bytes
[SHELL OUT]:	[Parent:00007ff6ef611583] >> Wrtiting [2048 bytes(s)->4 block(s)] to LBA[225561(257476608)-225565(257484800)]
[SHELL OUT]:	Closing Disk Interface >> {C:/GitHub/BlockyOS/Build/Build-nodate/disk.img}
[SHELL OUT]:	Writing File Block at 225562, Item: 2.	Root: [1742780011519050388:147156532550678]
[SHELL OUT]:	[Parent:00007ff6ef611557] >>  C:/GitHub/BlockyOS/Build/Build-nodate/disk.img  Base: 133120    ConfBlockSize: 2048    Starting Disk Env ID: 
[SHELL OUT]:	Writing Bytes
[SHELL OUT]:	[Parent:00007ff6ef611583] >> Wrtiting [2048 bytes(s)->4 block(s)] to LBA[225562(257478656)-225566(257486848)]
[SHELL OUT]:	Closing Disk Interface >> {C:/GitHub/BlockyOS/Build/Build-nodate/disk.img}
[SHELL OUT]:	Writing File Block at 225563, Item: 3.	Root: [1742780011519050388:147156532550678]
[SHELL OUT]:	[Parent:00007ff6ef611557] >>  C:/GitHub/BlockyOS/Build/Build-nodate/disk.img  Base: 133120    ConfBlockSize: 2048    Starting Disk Env ID: 
[SHELL OUT]:	Writing Bytes
[SHELL OUT]:	[Parent:00007ff6ef611583] >> Wrtiting [2048 bytes(s)->4 block(s)] to LBA[225563(257480704)-225567(257488896)]
[SHELL OUT]:	Closing Disk Interface >> {C:/GitHub/BlockyOS/Build/Build-nodate/disk.img}
[SHELL OUT]:	Writing File Block at 225564, Item: 4.	Root: [1742780011519050388:147156532550678]
[SHELL OUT]:	[Parent:00007ff6ef611557] >>  C:/GitHub/BlockyOS/Build/Build-nodate/disk.img  Base: 133120    ConfBlockSize: 2048    Starting Disk Env ID: 
[SHELL OUT]:	Writing Bytes
[SHELL OUT]:	[Parent:00007ff6ef611583] >> Wrtiting [2048 bytes(s)->4 block(s)] to LBA[225564(257482752)-225568(257490944)]
[SHELL OUT]:	Closing Disk Interface >> {C:/GitHub/BlockyOS/Build/Build-nodate/disk.img}
[SHELL OUT]:	Writing File Block at 225565, Item: 5.	Root: [1742780011519050388:147156532550678]
[SHELL OUT]:	[Parent:00007ff6ef611557] >>  C:/GitHub/BlockyOS/Build/Build-nodate/disk.img  Base: 133120    ConfBlockSize: 2048    Starting Disk Env ID: 
[SHELL OUT]:	Writing Bytes
[SHELL OUT]:	[Parent:00007ff6ef611583] >> Wrtiting [2048 bytes(s)->4 block(s)] to LBA[225565(257484800)-225569(257492992)]
[SHELL OUT]:	Closing Disk Interface >> {C:/GitHub/BlockyOS/Build/Build-nodate/disk.img}
[SHELL OUT]:	Writing File Block at 225566, Item: 6.	Root: [1742780011519050388:147156532550678]
[SHELL OUT]:	[Parent:00007ff6ef611557] >>  C:/GitHub/BlockyOS/Build/Build-nodate/disk.img  Base: 133120    ConfBlockSize: 2048    Starting Disk Env ID: 
[SHELL OUT]:	Writing Bytes
[SHELL OUT]:	[Parent:00007ff6ef611583] >> Wrtiting [2048 bytes(s)->4 block(s)] to LBA[225566(257486848)-225570(257495040)]
[SHELL OUT]:	Closing Disk Interface >> {C:/GitHub/BlockyOS/Build/Build-nodate/disk.img}
[SHELL OUT]:	Writing File Block at 225567, Item: 7.	Root: [1742780011519050388:147156532550678]
[SHELL OUT]:	[Parent:00007ff6ef611557] >>  C:/GitHub/BlockyOS/Build/Build-nodate/disk.img  Base: 133120    ConfBlockSize: 2048    Starting Disk Env ID: 
[SHELL OUT]:	Writing Bytes
[SHELL OUT]:	[Parent:00007ff6ef611583] >> Wrtiting [2048 bytes(s)->4 block(s)] to LBA[225567(257488896)-225571(257497088)]
[SHELL OUT]:	Closing Disk Interface >> {C:/GitHub/BlockyOS/Build/Build-nodate/disk.img}
[SHELL OUT]:	Writing File Block at 225568, Item: 8.	Root: [1742780011519050388:147156532550678]
[SHELL OUT]:	[Parent:00007ff6ef611557] >>  C:/GitHub/BlockyOS/Build/Build-nodate/disk.img  Base: 133120    ConfBlockSize: 2048    Starting Disk Env ID: 
[SHELL OUT]:	Writing Bytes
[SHELL OUT]:	[Parent:00007ff6ef611583] >> Wrtiting [2048 bytes(s)->4 block(s)] to LBA[225568(257490944)-225572(257499136)]
[SHELL OUT]:	Closing Disk Interface >> {C:/GitHub/BlockyOS/Build/Build-nodate/disk.img}
[SHELL OUT]:	Writing File Block at 225569, Item: 9.	Root: [1742780011519050388:147156532550678]
[SHELL OUT]:	[Parent:00007ff6ef611557] >>  C:/GitHub/BlockyOS/Build/Build-nodate/disk.img  Base: 133120    ConfBlockSize: 2048    Starting Disk Env ID: 
[SHELL OUT]:	Writing Bytes
[SHELL OUT]:	[Parent:00007ff6ef611583] >> Wrtiting [2048 bytes(s)->4 block(s)] to LBA[225569(257492992)-225573(257501184)]
[SHELL OUT]:	Closing Disk Interface >> {C:/GitHub/BlockyOS/Build/Build-nodate/disk.img}
[SHELL OUT]:	Writing File Block at 225570, Item: 10.	Root: [1742780011519050388:147156532550678]
[SHELL OUT]:	[Parent:00007ff6ef611557] >>  C:/GitHub/BlockyOS/Build/Build-nodate/disk.img  Base: 133120    ConfBlockSize: 2048    Starting Disk Env ID: 
[SHELL OUT]:	Writing Bytes
[SHELL OUT]:	[Parent:00007ff6ef611583] >> Wrtiting [2048 bytes(s)->4 block(s)] to LBA[225570(257495040)-225574(257503232)]
[SHELL OUT]:	Closing Disk Interface >> {C:/GitHub/BlockyOS/Build/Build-nodate/disk.img}
[SHELL OUT]:	Writing File Block at 225571, Item: 11.	Root: [1742780011519050388:147156532550678]
[SHELL OUT]:	[Parent:00007ff6ef611557] >>  C:/GitHub/BlockyOS/Build/Build-nodate/disk.img  Base: 133120    ConfBlockSize: 2048    Starting Disk Env ID: 
[SHELL OUT]:	Writing Bytes
[SHELL OUT]:	[Parent:00007ff6ef611583] >> Wrtiting [2048 bytes(s)->4 block(s)] to LBA[225571(257497088)-225575(257505280)]
[SHELL OUT]:	Closing Disk Interface >> {C:/GitHub/BlockyOS/Build/Build-nodate/disk.img}
[SHELL OUT]:	Writing File Block at 225572, Item: 12.	Root: [1742780011519050388:147156532550678]
[SHELL OUT]:	[Parent:00007ff6ef611557] >>  C:/GitHub/BlockyOS/Build/Build-nodate/disk.img  Base: 133120    ConfBlockSize: 2048    Starting Disk Env ID: 
[SHELL OUT]:	Writing Bytes
[SHELL OUT]:	[Parent:00007ff6ef611583] >> Wrtiting [2048 bytes(s)->4 block(s)] to LBA[225572(257499136)-225576(257507328)]
[SHELL OUT]:	Closing Disk Interface >> {C:/GitHub/BlockyOS/Build/Build-nodate/disk.img}
[SHELL OUT]:	Writing File Block at 225573, Item: 13.	Root: [1742780011519050388:147156532550678]
[SHELL OUT]:	[Parent:00007ff6ef611557] >>  C:/GitHub/BlockyOS/Build/Build-nodate/disk.img  Base: 133120    ConfBlockSize: 2048    Starting Disk Env ID: 
[SHELL OUT]:	Writing Bytes
[SHELL OUT]:	[Parent:00007ff6ef611583] >> Wrtiting [2048 bytes(s)->4 block(s)] to LBA[225573(257501184)-225577(257509376)]
[SHELL OUT]:	Closing Disk Interface >> {C:/GitHub/BlockyOS/Build/Build-nodate/disk.img}
[SHELL OUT]:	Writing File Block at 225574, Item: 14.	Root: [1742780011519050388:147156532550678]
[SHELL OUT]:	[Parent:00007ff6ef611557] >>  C:/GitHub/BlockyOS/Build/Build-nodate/disk.img  Base: 133120    ConfBlockSize: 2048    Starting Disk Env ID: 
[SHELL OUT]:	Writing Bytes
[SHELL OUT]:	[Parent:00007ff6ef611583] >> Wrtiting [2048 bytes(s)->4 block(s)] to LBA[225574(257503232)-225578(257511424)]
[SHELL OUT]:	Closing Disk Interface >> {C:/GitHub/BlockyOS/Build/Build-nodate/disk.img}
[SHELL OUT]:	Writing File Block at 225575, Item: 15.	Root: [1742780011519050388:147156532550678]
[SHELL OUT]:	[Parent:00007ff6ef611557] >>  C:/GitHub/BlockyOS/Build/Build-nodate/disk.img  Base: 133120    ConfBlockSize: 2048    Starting Disk Env ID: 
[SHELL OUT]:	Writing Bytes
[SHELL OUT]:	[Parent:00007ff6ef611583] >> Wrtiting [2048 bytes(s)->4 block(s)] to LBA[225575(257505280)-225579(257513472)]
[SHELL OUT]:	Closing Disk Interface >> {C:/GitHub/BlockyOS/Build/Build-nodate/disk.img}
[SHELL OUT]:	Writing File Block at 225576, Item: 16.	Root: [1742780011519050388:147156532550678]
[SHELL OUT]:	[Parent:00007ff6ef611557] >>  C:/GitHub/BlockyOS/Build/Build-nodate/disk.img  Base: 133120    ConfBlockSize: 2048    Starting Disk Env ID: 
[SHELL OUT]:	Writing Bytes
[SHELL OUT]:	[Parent:00007ff6ef611583] >> Wrtiting [2048 bytes(s)->4 block(s)] to LBA[225576(257507328)-225580(257515520)]
[SHELL OUT]:	Closing Disk Interface >> {C:/GitHub/BlockyOS/Build/Build-nodate/disk.img}
[SHELL OUT]:	Writing File Block at 225577, Item: 17.	Root: [1742780011519050388:147156532550678]
[SHELL OUT]:	[Parent:00007ff6ef611557] >>  C:/GitHub/BlockyOS/Build/Build-nodate/disk.img  Base: 133120    ConfBlockSize: 2048    Starting Disk Env ID: 
[SHELL OUT]:	Writing Bytes
[SHELL OUT]:	[Parent:00007ff6ef611583] >> Wrtiting [2048 bytes(s)->4 block(s)] to LBA[225577(257509376)-225581(257517568)]
[SHELL OUT]:	Closing Disk Interface >> {C:/GitHub/BlockyOS/Build/Build-nodate/disk.img}
[SHELL OUT]:	Writing File Block at 225578, Item: 18.	Root: [1742780011519050388:147156532550678]
[SHELL OUT]:	[Parent:00007ff6ef611557] >>  C:/GitHub/BlockyOS/Build/Build-nodate/disk.img  Base: 133120    ConfBlockSize: 2048    Starting Disk Env ID: 
[SHELL OUT]:	Writing Bytes
[SHELL OUT]:	[Parent:00007ff6ef611583] >> Wrtiting [2048 bytes(s)->4 block(s)] to LBA[225578(257511424)-225582(257519616)]
[SHELL OUT]:	Closing Disk Interface >> {C:/GitHub/BlockyOS/Build/Build-nodate/disk.img}
[SHELL OUT]:	Writing File Block at 225579, Item: 19.	Root: [1742780011519050388:147156532550678]
[SHELL OUT]:	[Parent:00007ff6ef611557] >>  C:/GitHub/BlockyOS/Build/Build-nodate/disk.img  Base: 133120    ConfBlockSize: 2048    Starting Disk Env ID: 
[SHELL OUT]:	Writing Bytes
[SHELL OUT]:	[Parent:00007ff6ef611583] >> Wrtiting [2048 bytes(s)->4 block(s)] to LBA[225579(257513472)-225583(257521664)]
[SHELL OUT]:	Closing Disk Interface >> {C:/GitHub/BlockyOS/Build/Build-nodate/disk.img}
[SHELL OUT]:	Writing File Block at 225580, Item: 20.	Root: [1742780011519050388:147156532550678]
[SHELL OUT]:	[Parent:00007ff6ef611557] >>  C:/GitHub/BlockyOS/Build/Build-nodate/disk.img  Base: 133120    ConfBlockSize: 2048    Starting Disk Env ID: 
[SHELL OUT]:	Writing Bytes
[SHELL OUT]:	[Parent:00007ff6ef611583] >> Wrtiting [2048 bytes(s)->4 block(s)] to LBA[225580(257515520)-225584(257523712)]
[SHELL OUT]:	Closing Disk Interface >> {C:/GitHub/BlockyOS/Build/Build-nodate/disk.img}
[SHELL OUT]:	Writing File Block at 225581, Item: 21.	Root: [1742780011519050388:147156532550678]
[SHELL OUT]:	[Parent:00007ff6ef611557] >>  C:/GitHub/BlockyOS/Build/Build-nodate/disk.img  Base: 133120    ConfBlockSize: 2048    Starting Disk Env ID: 
[SHELL OUT]:	Writing Bytes
[SHELL OUT]:	[Parent:00007ff6ef611583] >> Wrtiting [2048 bytes(s)->4 block(s)] to LBA[225581(257517568)-225585(257525760)]
[SHELL OUT]:	Closing Disk Interface >> {C:/GitHub/BlockyOS/Build/Build-nodate/disk.img}
[SHELL OUT]:	Writing File Block at 225582, Item: 22.	Root: [1742780011519050388:147156532550678]
[SHELL OUT]:	[Parent:00007ff6ef611557] >>  C:/GitHub/BlockyOS/Build/Build-nodate/disk.img  Base: 133120    ConfBlockSize: 2048    Starting Disk Env ID: 
[SHELL OUT]:	Writing Bytes
[SHELL OUT]:	[Parent:00007ff6ef611583] >> Wrtiting [2048 bytes(s)->4 block(s)] to LBA[225582(257519616)-225586(257527808)]
[SHELL OUT]:	Closing Disk Interface >> {C:/GitHub/BlockyOS/Build/Build-nodate/disk.img}
[SHELL OUT]:	Writing File Block at 225583, Item: 23.	Root: [1742780011519050388:147156532550678]
[SHELL OUT]:	[Parent:00007ff6ef611557] >>  C:/GitHub/BlockyOS/Build/Build-nodate/disk.img  Base: 133120    ConfBlockSize: 2048    Starting Disk Env ID: 
[SHELL OUT]:	Writing Bytes
[SHELL OUT]:	[Parent:00007ff6ef611583] >> Wrtiting [2048 bytes(s)->4 block(s)] to LBA[225583(257521664)-225587(257529856)]
[SHELL OUT]:	Closing Disk Interface >> {C:/GitHub/BlockyOS/Build/Build-nodate/disk.img}
[SHELL OUT]:	Writing File Block at 225584, Item: 24.	Root: [1742780011519050388:147156532550678]
[SHELL OUT]:	[Parent:00007ff6ef611557] >>  C:/GitHub/BlockyOS/Build/Build-nodate/disk.img  Base: 133120    ConfBlockSize: 2048    Starting Disk Env ID: 
[SHELL OUT]:	Writing Bytes
[SHELL OUT]:	[Parent:00007ff6ef611583] >> Wrtiting [2048 bytes(s)->4 block(s)] to LBA[225584(257523712)-225588(257531904)]
[SHELL OUT]:	Closing Disk Interface >> {C:/GitHub/BlockyOS/Build/Build-nodate/disk.img}
[SHELL OUT]:	Reading File Block at 225585, Item: 25.    Root: [1742780011519050388:147156532550678]
[SHELL OUT]:	[Parent:00007ff6ef6110ba] >>  C:/GitHub/BlockyOS/Build/Build-nodate/disk.img  Base: 133120    ConfBlockSize: 2048    Starting Disk Env ID: 
[SHELL OUT]:	Reading Bytes
[SHELL OUT]:	[Parent:00007ff6ef6110de] >> Reading [2048 bytes(s)->4 block(s)] from LBA[225585(257525760)-225589(257533952)]
[SHELL OUT]:	Closing Disk Interface >> {C:/GitHub/BlockyOS/Build/Build-nodate/disk.img}
[SHELL OUT]:	Writing File Block at 225585, Item: 25.	Root: [1742780011519050388:147156532550678]
[SHELL OUT]:	[Parent:00007ff6ef611557] >>  C:/GitHub/BlockyOS/Build/Build-nodate/disk.img  Base: 133120    ConfBlockSize: 2048    Starting Disk Env ID: 
[SHELL OUT]:	Writing Bytes
[SHELL OUT]:	[Parent:00007ff6ef611583] >> Wrtiting [2048 bytes(s)->4 block(s)] to LBA[225585(257525760)-225589(257533952)]
[SHELL OUT]:	Closing Disk Interface >> {C:/GitHub/BlockyOS/Build/Build-nodate/disk.img}
[SHELL OUT]:	[0]: ""
Initializing CGCC.MAKE build process...
Skipping C:\GitHub\BlockyOS\src\kernel\services\IO\IO.c - up to date; source=2026-09-16T16:38:35.5854557Z, stored=09/16/2026 16:38:35
Stale source detected for C:\GitHub\BlockyOS\Build\Build-nodate\root-part\libcrt.dll. source=2026-10-02T18:47:16.6139134Z, stored=10/02/2026 18:33:20, delta=+20218436.614 sec
Compiled and updated timestamp for C:\GitHub\BlockyOS\Build\Build-nodate\root-part\libcrt.dll
Skipping C:\GitHub\BlockyOS\src\kernel\services\IO\IO.def - up to date; source=2026-09-16T21:00:02.8766014Z, stored=09/16/2026 21:00:02
gcc compile/cache/c.IO.o Build/Build-nodate/root-part/libcrt.dll src/kernel/services/IO/IO.def -Wl,-nostdlib -Wl,-shared -Wl,-flinker-output=dyn -Wl,-Bsymbolic -Wl,--out-implib,C:/GitHub/BlockyOS/Build/Build-nodate/root-part/services/IO.dll.a -Wl,-Map,C:\GitHub\BlockyOS\src\kernel\services\IO\alibcrt.map -fdiagnostics-color=always -fno-diagnostics-show-highlight-colors -nostartfiles -nodefaultlibs -fno-asynchronous-unwind-tables -fno-unwind-tables -o C:/GitHub/BlockyOS/Build/Build-nodate/root-part/services/IO.dll
Build finished successfully -> C:/GitHub/BlockyOS/Build/Build-nodate/root-part/services/IO.dll


[SHELL]	FSFRAT.MAKE
[SHELL]	FSFRAT.MOUNT
[SHELL]	e.disk -pp C:/GitHub/BlockyOS/Build/Build-nodate/disk.img -pt ROOT -bs 2048 -lb 32 -v 1:0
[SHELL OUT]:	
[SHELL OUT]:	FSFRAT DRIVER
[SHELL OUT]:	>> 
[SHELL OUT]:	[C:\GitHub\BlockyOS\tools\filesystem\frat.c:196]  >>  Mounting FS Root: [C:/GitHub/BlockyOS/Build/Build-nodate/disk.img]
[SHELL OUT]:	Verifying Disk GPT
[SHELL OUT]:	[Parent:00007ff6ef60d8ff] >>  C:/GitHub/BlockyOS/Build/Build-nodate/disk.img  Base: 0    ConfBlockSize: 512    Starting Disk Env ID: 
[SHELL OUT]:	Reading Bytes
[SHELL OUT]:	[Parent:00007ff6ef60d91a] >> Reading [92 bytes(s)->1 block(s)] from LBA[1(512)-2(1024)]
[SHELL OUT]:	GPT Dump:
[SHELL OUT]:	    Sig: "EFI PART"
[SHELL OUT]:	    Rev: 65536
[SHELL OUT]:	    Header-Size: 92
[SHELL OUT]:	    Header Checksum: 2621714706
[SHELL OUT]:	    localLBA: 1
[SHELL OUT]:	    altLBA: 2230273
[SHELL OUT]:	    firstUsable: 2048
[SHELL OUT]:	    lastUsable: 2230271
[SHELL OUT]:	    Disk-GUID: 
[SHELL OUT]:	    Partition-Table: 2
[SHELL OUT]:	    # of Partition-Entries: 2
[SHELL OUT]:	    Partition-Entry Size: 128
[SHELL OUT]:	    Partition-Table Checksum: 896708427
[SHELL OUT]:	Closing Disk Interface >> {C:/GitHub/BlockyOS/Build/Build-nodate/disk.img}
[SHELL OUT]:	GPT Exists? true
[SHELL OUT]:	[Parent:00007ff6ef60eed9] >>  C:/GitHub/BlockyOS/Build/Build-nodate/disk.img  Base: 0    ConfBlockSize: 512    Starting Disk Env ID: 
[SHELL OUT]:	Reading Bytes
[SHELL OUT]:	[Parent:00007ff6ef60eefa] >> Reading [92 bytes(s)->1 block(s)] from LBA[1(512)-2(1024)]
[SHELL OUT]:	[C:\GitHub\BlockyOS\tools\filesystem\frat.c:137]  >>  Querying Part Table
[SHELL OUT]:	Reading Bytes
[SHELL OUT]:	[Parent:00007ff6ef60e73d] >> Reading [256 bytes(s)->1 block(s)] from LBA[2(1024)-3(1536)]
[SHELL OUT]:	[C:\GitHub\BlockyOS\tools\filesystem\frat.c:145]  >>  GPT-Entry: BOOT{2048:133119 -> 131071}
[SHELL OUT]:	[C:\GitHub\BlockyOS\tools\filesystem\frat.c:159]  >>  Querying FS at 2048
[SHELL OUT]:	Reading Bytes
[SHELL OUT]:	[Parent:00007ff6ef60ebe1] >> Reading [60 bytes(s)->1 block(s)] from LBA[2048(1048576)-2049(1049088)]
[SHELL OUT]:	FS-Root Blob:
[SHELL OUT]:	    Version: [0:131072]
[SHELL OUT]:	    Sig: 
[SHELL OUT]:	    Configured Log Sectors: 2
[SHELL OUT]:	    Configured Block Size: 0
[SHELL OUT]:	    Configured Cluster-Map Size: 16711743
[SHELL OUT]:	[C:\GitHub\BlockyOS\tools\filesystem\frat.c:145]  >>  GPT-Entry: ROOT{133120:2230271 -> 2097151}
[SHELL OUT]:	[C:\GitHub\BlockyOS\tools\filesystem\frat.c:159]  >>  Querying FS at 133120
[SHELL OUT]:	Reading Bytes
[SHELL OUT]:	[Parent:00007ff6ef60ebe1] >> Reading [60 bytes(s)->1 block(s)] from LBA[133120(68157440)-133121(68157952)]
[SHELL OUT]:	FS-Root Blob:
[SHELL OUT]:	    Version: [0:1]
[SHELL OUT]:	    Sig: FRAT_FILESYSTEM
[SHELL OUT]:	    Configured Log Sectors: 32
[SHELL OUT]:	    Configured Block Size: 2048
[SHELL OUT]:	    Configured Cluster-Map Size: 20480
[SHELL OUT]:	[C:\GitHub\BlockyOS\tools\filesystem\frat.c:184]  >>  FS Found at [133120]:
[SHELL OUT]:		Version-Code: [0:1]
[SHELL OUT]:		Configured Block-Size: 2048
[SHELL OUT]:		Configured Cluster-Size: 20480
[SHELL OUT]:		Configured # of Log-Sectors: 32
[SHELL OUT]:		Configured Log-Size: 576
[SHELL OUT]:	[C:\GitHub\BlockyOS\tools\filesystem\frat.c:210]  >>  Found Formatted Partition: 133120:2230271 -> 2097151
[SHELL OUT]:	Reading Bytes
[SHELL OUT]:	[Parent:00007ff6ef60f05b] >> Reading [60 bytes(s)->1 block(s)] from LBA[133120(68157440)-133121(68157952)]
[SHELL OUT]:	[C:\GitHub\BlockyOS\tools\filesystem\frat.c:223]  >>  Root: 133120:2230271 -> 2097151 LBAs
[SHELL OUT]:		Version-Code: [0:1]
[SHELL OUT]:		Configured Block-Size: 2048
[SHELL OUT]:		Configured Cluster-Size: 20480
[SHELL OUT]:		Configured # of Log-Sectors: 20480
[SHELL OUT]:		Configured Log-Size: 32
[SHELL OUT]:	Reading Bytes
[SHELL OUT]:	[Parent:00007ff6ef60f39f] >> Reading [65536 bytes(s)->128 block(s)] from LBA[133121(68159488)-133249(68421632)]
[SHELL OUT]:	Reading Bytes
[SHELL OUT]:	[Parent:00007ff6ef60f44b] >> Reading [20480 bytes(s)->40 block(s)] from LBA[202752(210763776)-202792(210845696)]
[SHELL OUT]:	    Verifying FS Root Items #items: 1024
[SHELL OUT]:	Reading Bytes
[SHELL OUT]:	[Parent:00007ff6ef60f6be] >> Reading [512 bytes(s)->4 block(s)] from LBA[225280(256901120)-225284(256909312)]
[SHELL OUT]:	Reading Bytes
[SHELL OUT]:	[Parent:00007ff6ef60f6be] >> Reading [512 bytes(s)->4 block(s)] from LBA[225281(256903168)-225285(256911360)]
[SHELL OUT]:	Reading Bytes
[SHELL OUT]:	[Parent:00007ff6ef60f6be] >> Reading [512 bytes(s)->4 block(s)] from LBA[225396(257138688)-225400(257146880)]
[SHELL OUT]:	Reading Bytes
[SHELL OUT]:	[Parent:00007ff6ef60f6be] >> Reading [512 bytes(s)->4 block(s)] from LBA[225422(257191936)-225426(257200128)]
[SHELL OUT]:	Reading Bytes
[SHELL OUT]:	[Parent:00007ff6ef60f6be] >> Reading [512 bytes(s)->4 block(s)] from LBA[225431(257210368)-225435(257218560)]
[SHELL OUT]:	Reading Bytes
[SHELL OUT]:	[Parent:00007ff6ef60f6be] >> Reading [512 bytes(s)->4 block(s)] from LBA[225446(257241088)-225450(257249280)]
[SHELL OUT]:	Reading Bytes
[SHELL OUT]:	[Parent:00007ff6ef60f6be] >> Reading [512 bytes(s)->4 block(s)] from LBA[225560(257474560)-225564(257482752)]
[SHELL OUT]:	Reading Bytes
[SHELL OUT]:	[Parent:00007ff6ef60f6be] >> Reading [512 bytes(s)->4 block(s)] from LBA[225586(257527808)-225590(257536000)]
[SHELL OUT]:	Reading Bytes
[SHELL OUT]:	[Parent:00007ff6ef60f6be] >> Reading [512 bytes(s)->4 block(s)] from LBA[225595(257546240)-225599(257554432)]
[SHELL OUT]:	Reading Bytes
[SHELL OUT]:	[Parent:00007ff6ef60f6be] >> Reading [512 bytes(s)->4 block(s)] from LBA[225610(257576960)-225614(257585152)]
[SHELL OUT]:	Closing Disk Interface >> {C:/GitHub/BlockyOS/Build/Build-nodate/disk.img}
[SHELL OUT]:	[Parent:00007ff6ef611926] >>  C:/GitHub/BlockyOS/Build/Build-nodate/disk.img  Base: 133120    ConfBlockSize: 2048    Starting Disk Env ID: 
[SHELL OUT]:	Writing Bytes
[SHELL OUT]:	[Parent:00007ff6ef61194f] >> Wrtiting [60 bytes(s)->4 block(s)] to LBA[133120(68157440)-133124(68165632)]
[SHELL OUT]:	Writing Bytes
[SHELL OUT]:	[Parent:00007ff6ef611997] >> Wrtiting [20480 bytes(s)->40 block(s)] to LBA[202752(210763776)-202792(210845696)]
[SHELL OUT]:	Closing Disk Interface >> {C:/GitHub/BlockyOS/Build/Build-nodate/disk.img}
[SHELL OUT]:	[0]: ""
[SHELL]	create -la fc -p SYSD/ -n IO.dll
[SHELL OUT]:	
[SHELL OUT]:	>> 
[SHELL OUT]:	>> 
[SHELL OUT]:	00000205f05f5ecb:fc	00000205f05f5ed1:SYSD/	00000205f05f5eda:IO.dll	
[SHELL OUT]:	[	SYSD/IO.dll]
[SHELL OUT]:	Mounting File [SYSD/IO.dll] with "fc"
[SHELL OUT]:	Creating File at: ./SYSD/IO.dll
[SHELL OUT]:	Root is 00000205f05f9030
[SHELL OUT]:	Root is 00000205f05f9030
[SHELL OUT]:	Un-Mounting File [1742780011519050388:147156532550678]
[SHELL OUT]:	[Parent:00007ff6ef611926] >>  C:/GitHub/BlockyOS/Build/Build-nodate/disk.img  Base: 133120    ConfBlockSize: 2048    Starting Disk Env ID: 
[SHELL OUT]:	Writing Bytes
[SHELL OUT]:	[Parent:00007ff6ef61194f] >> Wrtiting [60 bytes(s)->4 block(s)] to LBA[133120(68157440)-133124(68165632)]
[SHELL OUT]:	Writing Bytes
[SHELL OUT]:	[Parent:00007ff6ef611997] >> Wrtiting [20480 bytes(s)->40 block(s)] to LBA[202752(210763776)-202792(210845696)]
[SHELL OUT]:	Closing Disk Interface >> {C:/GitHub/BlockyOS/Build/Build-nodate/disk.img}
[SHELL OUT]:	[0]: ""
[SHELL]	FSFRAT.OPEN
[SHELL]	open -p SYSD/IO.dll -a IO -la f
[SHELL OUT]:	
[SHELL OUT]:	>> 
[SHELL OUT]:	>> 
[SHELL OUT]:	Mounting File [SYSD/IO.dll] with "f"
[SHELL OUT]:	Root is 00000205f05f9030
[SHELL OUT]:	[0]: ""
[SHELL]	FSFRAT.WRITE
[SHELL]	fwrite -pp C:/GitHub/BlockyOS/Build/Build-nodate/root-part/services/IO.dll -ia %IO% -p 0 -n 0
[SHELL OUT]:	
[SHELL OUT]:	>> 
[SHELL OUT]:	>> 
[SHELL OUT]:	[Parent:00007ff6ef611f16] >>  C:/GitHub/BlockyOS/Build/Build-nodate/disk.img  Base: 133120    ConfBlockSize: 2048    Starting Disk Env ID: 
[SHELL OUT]:	[Parent:00007ff6ef611e53] >>  C:/GitHub/BlockyOS/Build/Build-nodate/disk.img  Base: 133120    ConfBlockSize: 2048    Starting Disk Env ID: 
[SHELL OUT]:	Reading File Info
[SHELL OUT]:	Reading Bytes
[SHELL OUT]:	[Parent:00007ff6ef611ec2] >> Reading [512 bytes(s)->4 block(s)] from LBA[225560(257474560)-225564(257482752)]
[SHELL OUT]:	Closing Disk Interface >> {C:/GitHub/BlockyOS/Build/Build-nodate/disk.img}
[SHELL OUT]:	Writing Bytes
[SHELL OUT]:	[Parent:00007ff6ef612010] >> Wrtiting [512 bytes(s)->4 block(s)] to LBA[225560(257474560)-225564(257482752)]
[SHELL OUT]:	Closing Disk Interface >> {C:/GitHub/BlockyOS/Build/Build-nodate/disk.img}
[SHELL OUT]:	Root is 00000205f05f9030
[SHELL OUT]:	Writing File Block at 225561, Item: 1.	Root: [1742780011519050388:147156532550678]
[SHELL OUT]:	[Parent:00007ff6ef611557] >>  C:/GitHub/BlockyOS/Build/Build-nodate/disk.img  Base: 133120    ConfBlockSize: 2048    Starting Disk Env ID: 
[SHELL OUT]:	Writing Bytes
[SHELL OUT]:	[Parent:00007ff6ef611583] >> Wrtiting [2048 bytes(s)->4 block(s)] to LBA[225561(257476608)-225565(257484800)]
[SHELL OUT]:	Closing Disk Interface >> {C:/GitHub/BlockyOS/Build/Build-nodate/disk.img}
[SHELL OUT]:	Writing File Block at 225562, Item: 2.	Root: [1742780011519050388:147156532550678]
[SHELL OUT]:	[Parent:00007ff6ef611557] >>  C:/GitHub/BlockyOS/Build/Build-nodate/disk.img  Base: 133120    ConfBlockSize: 2048    Starting Disk Env ID: 
[SHELL OUT]:	Writing Bytes
[SHELL OUT]:	[Parent:00007ff6ef611583] >> Wrtiting [2048 bytes(s)->4 block(s)] to LBA[225562(257478656)-225566(257486848)]
[SHELL OUT]:	Closing Disk Interface >> {C:/GitHub/BlockyOS/Build/Build-nodate/disk.img}
[SHELL OUT]:	Writing File Block at 225563, Item: 3.	Root: [1742780011519050388:147156532550678]
[SHELL OUT]:	[Parent:00007ff6ef611557] >>  C:/GitHub/BlockyOS/Build/Build-nodate/disk.img  Base: 133120    ConfBlockSize: 2048    Starting Disk Env ID: 
[SHELL OUT]:	Writing Bytes
[SHELL OUT]:	[Parent:00007ff6ef611583] >> Wrtiting [2048 bytes(s)->4 block(s)] to LBA[225563(257480704)-225567(257488896)]
[SHELL OUT]:	Closing Disk Interface >> {C:/GitHub/BlockyOS/Build/Build-nodate/disk.img}
[SHELL OUT]:	Writing File Block at 225564, Item: 4.	Root: [1742780011519050388:147156532550678]
[SHELL OUT]:	[Parent:00007ff6ef611557] >>  C:/GitHub/BlockyOS/Build/Build-nodate/disk.img  Base: 133120    ConfBlockSize: 2048    Starting Disk Env ID: 
[SHELL OUT]:	Writing Bytes
[SHELL OUT]:	[Parent:00007ff6ef611583] >> Wrtiting [2048 bytes(s)->4 block(s)] to LBA[225564(257482752)-225568(257490944)]
[SHELL OUT]:	Closing Disk Interface >> {C:/GitHub/BlockyOS/Build/Build-nodate/disk.img}
[SHELL OUT]:	Writing File Block at 225565, Item: 5.	Root: [1742780011519050388:147156532550678]
[SHELL OUT]:	[Parent:00007ff6ef611557] >>  C:/GitHub/BlockyOS/Build/Build-nodate/disk.img  Base: 133120    ConfBlockSize: 2048    Starting Disk Env ID: 
[SHELL OUT]:	Writing Bytes
[SHELL OUT]:	[Parent:00007ff6ef611583] >> Wrtiting [2048 bytes(s)->4 block(s)] to LBA[225565(257484800)-225569(257492992)]
[SHELL OUT]:	Closing Disk Interface >> {C:/GitHub/BlockyOS/Build/Build-nodate/disk.img}
[SHELL OUT]:	Writing File Block at 225566, Item: 6.	Root: [1742780011519050388:147156532550678]
[SHELL OUT]:	[Parent:00007ff6ef611557] >>  C:/GitHub/BlockyOS/Build/Build-nodate/disk.img  Base: 133120    ConfBlockSize: 2048    Starting Disk Env ID: 
[SHELL OUT]:	Writing Bytes
[SHELL OUT]:	[Parent:00007ff6ef611583] >> Wrtiting [2048 bytes(s)->4 block(s)] to LBA[225566(257486848)-225570(257495040)]
[SHELL OUT]:	Closing Disk Interface >> {C:/GitHub/BlockyOS/Build/Build-nodate/disk.img}
[SHELL OUT]:	Writing File Block at 225567, Item: 7.	Root: [1742780011519050388:147156532550678]
[SHELL OUT]:	[Parent:00007ff6ef611557] >>  C:/GitHub/BlockyOS/Build/Build-nodate/disk.img  Base: 133120    ConfBlockSize: 2048    Starting Disk Env ID: 
[SHELL OUT]:	Writing Bytes
[SHELL OUT]:	[Parent:00007ff6ef611583] >> Wrtiting [2048 bytes(s)->4 block(s)] to LBA[225567(257488896)-225571(257497088)]
[SHELL OUT]:	Closing Disk Interface >> {C:/GitHub/BlockyOS/Build/Build-nodate/disk.img}
[SHELL OUT]:	Writing File Block at 225568, Item: 8.	Root: [1742780011519050388:147156532550678]
[SHELL OUT]:	[Parent:00007ff6ef611557] >>  C:/GitHub/BlockyOS/Build/Build-nodate/disk.img  Base: 133120    ConfBlockSize: 2048    Starting Disk Env ID: 
[SHELL OUT]:	Writing Bytes
[SHELL OUT]:	[Parent:00007ff6ef611583] >> Wrtiting [2048 bytes(s)->4 block(s)] to LBA[225568(257490944)-225572(257499136)]
[SHELL OUT]:	Closing Disk Interface >> {C:/GitHub/BlockyOS/Build/Build-nodate/disk.img}
[SHELL OUT]:	Writing File Block at 225569, Item: 9.	Root: [1742780011519050388:147156532550678]
[SHELL OUT]:	[Parent:00007ff6ef611557] >>  C:/GitHub/BlockyOS/Build/Build-nodate/disk.img  Base: 133120    ConfBlockSize: 2048    Starting Disk Env ID: 
[SHELL OUT]:	Writing Bytes
[SHELL OUT]:	[Parent:00007ff6ef611583] >> Wrtiting [2048 bytes(s)->4 block(s)] to LBA[225569(257492992)-225573(257501184)]
[SHELL OUT]:	Closing Disk Interface >> {C:/GitHub/BlockyOS/Build/Build-nodate/disk.img}
[SHELL OUT]:	Writing File Block at 225570, Item: 10.	Root: [1742780011519050388:147156532550678]
[SHELL OUT]:	[Parent:00007ff6ef611557] >>  C:/GitHub/BlockyOS/Build/Build-nodate/disk.img  Base: 133120    ConfBlockSize: 2048    Starting Disk Env ID: 
[SHELL OUT]:	Writing Bytes
[SHELL OUT]:	[Parent:00007ff6ef611583] >> Wrtiting [2048 bytes(s)->4 block(s)] to LBA[225570(257495040)-225574(257503232)]
[SHELL OUT]:	Closing Disk Interface >> {C:/GitHub/BlockyOS/Build/Build-nodate/disk.img}
[SHELL OUT]:	Writing File Block at 225571, Item: 11.	Root: [1742780011519050388:147156532550678]
[SHELL OUT]:	[Parent:00007ff6ef611557] >>  C:/GitHub/BlockyOS/Build/Build-nodate/disk.img  Base: 133120    ConfBlockSize: 2048    Starting Disk Env ID: 
[SHELL OUT]:	Writing Bytes
[SHELL OUT]:	[Parent:00007ff6ef611583] >> Wrtiting [2048 bytes(s)->4 block(s)] to LBA[225571(257497088)-225575(257505280)]
[SHELL OUT]:	Closing Disk Interface >> {C:/GitHub/BlockyOS/Build/Build-nodate/disk.img}
[SHELL OUT]:	Writing File Block at 225572, Item: 12.	Root: [1742780011519050388:147156532550678]
[SHELL OUT]:	[Parent:00007ff6ef611557] >>  C:/GitHub/BlockyOS/Build/Build-nodate/disk.img  Base: 133120    ConfBlockSize: 2048    Starting Disk Env ID: 
[SHELL OUT]:	Writing Bytes
[SHELL OUT]:	[Parent:00007ff6ef611583] >> Wrtiting [2048 bytes(s)->4 block(s)] to LBA[225572(257499136)-225576(257507328)]
[SHELL OUT]:	Closing Disk Interface >> {C:/GitHub/BlockyOS/Build/Build-nodate/disk.img}
[SHELL OUT]:	Writing File Block at 225573, Item: 13.	Root: [1742780011519050388:147156532550678]
[SHELL OUT]:	[Parent:00007ff6ef611557] >>  C:/GitHub/BlockyOS/Build/Build-nodate/disk.img  Base: 133120    ConfBlockSize: 2048    Starting Disk Env ID: 
[SHELL OUT]:	Writing Bytes
[SHELL OUT]:	[Parent:00007ff6ef611583] >> Wrtiting [2048 bytes(s)->4 block(s)] to LBA[225573(257501184)-225577(257509376)]
[SHELL OUT]:	Closing Disk Interface >> {C:/GitHub/BlockyOS/Build/Build-nodate/disk.img}
[SHELL OUT]:	Writing File Block at 225574, Item: 14.	Root: [1742780011519050388:147156532550678]
[SHELL OUT]:	[Parent:00007ff6ef611557] >>  C:/GitHub/BlockyOS/Build/Build-nodate/disk.img  Base: 133120    ConfBlockSize: 2048    Starting Disk Env ID: 
[SHELL OUT]:	Writing Bytes
[SHELL OUT]:	[Parent:00007ff6ef611583] >> Wrtiting [2048 bytes(s)->4 block(s)] to LBA[225574(257503232)-225578(257511424)]
[SHELL OUT]:	Closing Disk Interface >> {C:/GitHub/BlockyOS/Build/Build-nodate/disk.img}
[SHELL OUT]:	Writing File Block at 225575, Item: 15.	Root: [1742780011519050388:147156532550678]
[SHELL OUT]:	[Parent:00007ff6ef611557] >>  C:/GitHub/BlockyOS/Build/Build-nodate/disk.img  Base: 133120    ConfBlockSize: 2048    Starting Disk Env ID: 
[SHELL OUT]:	Writing Bytes
[SHELL OUT]:	[Parent:00007ff6ef611583] >> Wrtiting [2048 bytes(s)->4 block(s)] to LBA[225575(257505280)-225579(257513472)]
[SHELL OUT]:	Closing Disk Interface >> {C:/GitHub/BlockyOS/Build/Build-nodate/disk.img}
[SHELL OUT]:	Writing File Block at 225576, Item: 16.	Root: [1742780011519050388:147156532550678]
[SHELL OUT]:	[Parent:00007ff6ef611557] >>  C:/GitHub/BlockyOS/Build/Build-nodate/disk.img  Base: 133120    ConfBlockSize: 2048    Starting Disk Env ID: 
[SHELL OUT]:	Writing Bytes
[SHELL OUT]:	[Parent:00007ff6ef611583] >> Wrtiting [2048 bytes(s)->4 block(s)] to LBA[225576(257507328)-225580(257515520)]
[SHELL OUT]:	Closing Disk Interface >> {C:/GitHub/BlockyOS/Build/Build-nodate/disk.img}
[SHELL OUT]:	Writing File Block at 225577, Item: 17.	Root: [1742780011519050388:147156532550678]
[SHELL OUT]:	[Parent:00007ff6ef611557] >>  C:/GitHub/BlockyOS/Build/Build-nodate/disk.img  Base: 133120    ConfBlockSize: 2048    Starting Disk Env ID: 
[SHELL OUT]:	Writing Bytes
[SHELL OUT]:	[Parent:00007ff6ef611583] >> Wrtiting [2048 bytes(s)->4 block(s)] to LBA[225577(257509376)-225581(257517568)]
[SHELL OUT]:	Closing Disk Interface >> {C:/GitHub/BlockyOS/Build/Build-nodate/disk.img}
[SHELL OUT]:	Writing File Block at 225578, Item: 18.	Root: [1742780011519050388:147156532550678]
[SHELL OUT]:	[Parent:00007ff6ef611557] >>  C:/GitHub/BlockyOS/Build/Build-nodate/disk.img  Base: 133120    ConfBlockSize: 2048    Starting Disk Env ID: 
[SHELL OUT]:	Writing Bytes
[SHELL OUT]:	[Parent:00007ff6ef611583] >> Wrtiting [2048 bytes(s)->4 block(s)] to LBA[225578(257511424)-225582(257519616)]
[SHELL OUT]:	Closing Disk Interface >> {C:/GitHub/BlockyOS/Build/Build-nodate/disk.img}
[SHELL OUT]:	Writing File Block at 225579, Item: 19.	Root: [1742780011519050388:147156532550678]
[SHELL OUT]:	[Parent:00007ff6ef611557] >>  C:/GitHub/BlockyOS/Build/Build-nodate/disk.img  Base: 133120    ConfBlockSize: 2048    Starting Disk Env ID: 
[SHELL OUT]:	Writing Bytes
[SHELL OUT]:	[Parent:00007ff6ef611583] >> Wrtiting [2048 bytes(s)->4 block(s)] to LBA[225579(257513472)-225583(257521664)]
[SHELL OUT]:	Closing Disk Interface >> {C:/GitHub/BlockyOS/Build/Build-nodate/disk.img}
[SHELL OUT]:	Writing File Block at 225580, Item: 20.	Root: [1742780011519050388:147156532550678]
[SHELL OUT]:	[Parent:00007ff6ef611557] >>  C:/GitHub/BlockyOS/Build/Build-nodate/disk.img  Base: 133120    ConfBlockSize: 2048    Starting Disk Env ID: 
[SHELL OUT]:	Writing Bytes
[SHELL OUT]:	[Parent:00007ff6ef611583] >> Wrtiting [2048 bytes(s)->4 block(s)] to LBA[225580(257515520)-225584(257523712)]
[SHELL OUT]:	Closing Disk Interface >> {C:/GitHub/BlockyOS/Build/Build-nodate/disk.img}
[SHELL OUT]:	Writing File Block at 225581, Item: 21.	Root: [1742780011519050388:147156532550678]
[SHELL OUT]:	[Parent:00007ff6ef611557] >>  C:/GitHub/BlockyOS/Build/Build-nodate/disk.img  Base: 133120    ConfBlockSize: 2048    Starting Disk Env ID: 
[SHELL OUT]:	Writing Bytes
[SHELL OUT]:	[Parent:00007ff6ef611583] >> Wrtiting [2048 bytes(s)->4 block(s)] to LBA[225581(257517568)-225585(257525760)]
[SHELL OUT]:	Closing Disk Interface >> {C:/GitHub/BlockyOS/Build/Build-nodate/disk.img}
[SHELL OUT]:	Writing File Block at 225582, Item: 22.	Root: [1742780011519050388:147156532550678]
[SHELL OUT]:	[Parent:00007ff6ef611557] >>  C:/GitHub/BlockyOS/Build/Build-nodate/disk.img  Base: 133120    ConfBlockSize: 2048    Starting Disk Env ID: 
[SHELL OUT]:	Writing Bytes
[SHELL OUT]:	[Parent:00007ff6ef611583] >> Wrtiting [2048 bytes(s)->4 block(s)] to LBA[225582(257519616)-225586(257527808)]
[SHELL OUT]:	Closing Disk Interface >> {C:/GitHub/BlockyOS/Build/Build-nodate/disk.img}
[SHELL OUT]:	Writing File Block at 225583, Item: 23.	Root: [1742780011519050388:147156532550678]
[SHELL OUT]:	[Parent:00007ff6ef611557] >>  C:/GitHub/BlockyOS/Build/Build-nodate/disk.img  Base: 133120    ConfBlockSize: 2048    Starting Disk Env ID: 
[SHELL OUT]:	Writing Bytes
[SHELL OUT]:	[Parent:00007ff6ef611583] >> Wrtiting [2048 bytes(s)->4 block(s)] to LBA[225583(257521664)-225587(257529856)]
[SHELL OUT]:	Closing Disk Interface >> {C:/GitHub/BlockyOS/Build/Build-nodate/disk.img}
[SHELL OUT]:	Writing File Block at 225584, Item: 24.	Root: [1742780011519050388:147156532550678]
[SHELL OUT]:	[Parent:00007ff6ef611557] >>  C:/GitHub/BlockyOS/Build/Build-nodate/disk.img  Base: 133120    ConfBlockSize: 2048    Starting Disk Env ID: 
[SHELL OUT]:	Writing Bytes
[SHELL OUT]:	[Parent:00007ff6ef611583] >> Wrtiting [2048 bytes(s)->4 block(s)] to LBA[225584(257523712)-225588(257531904)]
[SHELL OUT]:	Closing Disk Interface >> {C:/GitHub/BlockyOS/Build/Build-nodate/disk.img}
[SHELL OUT]:	Reading File Block at 225585, Item: 25.    Root: [1742780011519050388:147156532550678]
[SHELL OUT]:	[Parent:00007ff6ef6110ba] >>  C:/GitHub/BlockyOS/Build/Build-nodate/disk.img  Base: 133120    ConfBlockSize: 2048    Starting Disk Env ID: 
[SHELL OUT]:	Reading Bytes
[SHELL OUT]:	[Parent:00007ff6ef6110de] >> Reading [2048 bytes(s)->4 block(s)] from LBA[225585(257525760)-225589(257533952)]
[SHELL OUT]:	Closing Disk Interface >> {C:/GitHub/BlockyOS/Build/Build-nodate/disk.img}
[SHELL OUT]:	Writing File Block at 225585, Item: 25.	Root: [1742780011519050388:147156532550678]
[SHELL OUT]:	[Parent:00007ff6ef611557] >>  C:/GitHub/BlockyOS/Build/Build-nodate/disk.img  Base: 133120    ConfBlockSize: 2048    Starting Disk Env ID: 
[SHELL OUT]:	Writing Bytes
[SHELL OUT]:	[Parent:00007ff6ef611583] >> Wrtiting [2048 bytes(s)->4 block(s)] to LBA[225585(257525760)-225589(257533952)]
[SHELL OUT]:	Closing Disk Interface >> {C:/GitHub/BlockyOS/Build/Build-nodate/disk.img}
[SHELL OUT]:	[0]: ""
Initializing CGCC.MAKE build process...
Skipping C:\GitHub\BlockyOS\src\kernel\services\IO\IO.c - up to date; source=2026-09-16T16:38:35.5854557Z, stored=09/16/2026 16:38:35
Stale source detected for C:\GitHub\BlockyOS\Build\Build-nodate\root-part\libcrt.dll. source=2026-10-02T18:50:36.0313281Z, stored=10/02/2026 18:47:16, delta=+20217800.031 sec
Compiled and updated timestamp for C:\GitHub\BlockyOS\Build\Build-nodate\root-part\libcrt.dll
Skipping C:\GitHub\BlockyOS\src\kernel\services\IO\IO.def - up to date; source=2026-09-16T21:00:02.8766014Z, stored=09/16/2026 21:00:02
gcc compile/cache/c.IO.o Build/Build-nodate/root-part/libcrt.dll src/kernel/services/IO/IO.def -Wl,-nostdlib -Wl,-shared -Wl,-flinker-output=dyn -Wl,-Bsymbolic -Wl,--out-implib,C:/GitHub/BlockyOS/Build/Build-nodate/root-part/services/IO.dll.a -Wl,-Map,C:\GitHub\BlockyOS\src\kernel\services\IO\alibcrt.map -fdiagnostics-color=always -fno-diagnostics-show-highlight-colors -nostartfiles -nodefaultlibs -fno-asynchronous-unwind-tables -fno-unwind-tables -o C:/GitHub/BlockyOS/Build/Build-nodate/root-part/services/IO.dll
Build finished successfully -> C:/GitHub/BlockyOS/Build/Build-nodate/root-part/services/IO.dll


[SHELL]	FSFRAT.MAKE
[SHELL]	FSFRAT.MOUNT
[SHELL]	e.disk -pp C:/GitHub/BlockyOS/Build/Build-nodate/disk.img -pt ROOT -bs 2048 -lb 32 -v 1:0
[SHELL OUT]:	
[SHELL OUT]:	FSFRAT DRIVER
[SHELL OUT]:	>> 
[SHELL OUT]:	[C:\GitHub\BlockyOS\tools\filesystem\frat.c:196]  >>  Mounting FS Root: [C:/GitHub/BlockyOS/Build/Build-nodate/disk.img]
[SHELL OUT]:	Verifying Disk GPT
[SHELL OUT]:	[Parent:00007ff6ef60d8ff] >>  C:/GitHub/BlockyOS/Build/Build-nodate/disk.img  Base: 0    ConfBlockSize: 512    Starting Disk Env ID: 
[SHELL OUT]:	Reading Bytes
[SHELL OUT]:	[Parent:00007ff6ef60d91a] >> Reading [92 bytes(s)->1 block(s)] from LBA[1(512)-2(1024)]
[SHELL OUT]:	GPT Dump:
[SHELL OUT]:	    Sig: "EFI PART"
[SHELL OUT]:	    Rev: 65536
[SHELL OUT]:	    Header-Size: 92
[SHELL OUT]:	    Header Checksum: 2621714706
[SHELL OUT]:	    localLBA: 1
[SHELL OUT]:	    altLBA: 2230273
[SHELL OUT]:	    firstUsable: 2048
[SHELL OUT]:	    lastUsable: 2230271
[SHELL OUT]:	    Disk-GUID: 
[SHELL OUT]:	    Partition-Table: 2
[SHELL OUT]:	    # of Partition-Entries: 2
[SHELL OUT]:	    Partition-Entry Size: 128
[SHELL OUT]:	    Partition-Table Checksum: 896708427
[SHELL OUT]:	Closing Disk Interface >> {C:/GitHub/BlockyOS/Build/Build-nodate/disk.img}
[SHELL OUT]:	GPT Exists? true
[SHELL OUT]:	[Parent:00007ff6ef60eed9] >>  C:/GitHub/BlockyOS/Build/Build-nodate/disk.img  Base: 0    ConfBlockSize: 512    Starting Disk Env ID: 
[SHELL OUT]:	Reading Bytes
[SHELL OUT]:	[Parent:00007ff6ef60eefa] >> Reading [92 bytes(s)->1 block(s)] from LBA[1(512)-2(1024)]
[SHELL OUT]:	[C:\GitHub\BlockyOS\tools\filesystem\frat.c:137]  >>  Querying Part Table
[SHELL OUT]:	Reading Bytes
[SHELL OUT]:	[Parent:00007ff6ef60e73d] >> Reading [256 bytes(s)->1 block(s)] from LBA[2(1024)-3(1536)]
[SHELL OUT]:	[C:\GitHub\BlockyOS\tools\filesystem\frat.c:145]  >>  GPT-Entry: BOOT{2048:133119 -> 131071}
[SHELL OUT]:	[C:\GitHub\BlockyOS\tools\filesystem\frat.c:159]  >>  Querying FS at 2048
[SHELL OUT]:	Reading Bytes
[SHELL OUT]:	[Parent:00007ff6ef60ebe1] >> Reading [60 bytes(s)->1 block(s)] from LBA[2048(1048576)-2049(1049088)]
[SHELL OUT]:	FS-Root Blob:
[SHELL OUT]:	    Version: [0:131072]
[SHELL OUT]:	    Sig: 
[SHELL OUT]:	    Configured Log Sectors: 2
[SHELL OUT]:	    Configured Block Size: 0
[SHELL OUT]:	    Configured Cluster-Map Size: 16711743
[SHELL OUT]:	[C:\GitHub\BlockyOS\tools\filesystem\frat.c:145]  >>  GPT-Entry: ROOT{133120:2230271 -> 2097151}
[SHELL OUT]:	[C:\GitHub\BlockyOS\tools\filesystem\frat.c:159]  >>  Querying FS at 133120
[SHELL OUT]:	Reading Bytes
[SHELL OUT]:	[Parent:00007ff6ef60ebe1] >> Reading [60 bytes(s)->1 block(s)] from LBA[133120(68157440)-133121(68157952)]
[SHELL OUT]:	FS-Root Blob:
[SHELL OUT]:	    Version: [0:1]
[SHELL OUT]:	    Sig: FRAT_FILESYSTEM
[SHELL OUT]:	    Configured Log Sectors: 32
[SHELL OUT]:	    Configured Block Size: 2048
[SHELL OUT]:	    Configured Cluster-Map Size: 20480
[SHELL OUT]:	[C:\GitHub\BlockyOS\tools\filesystem\frat.c:184]  >>  FS Found at [133120]:
[SHELL OUT]:		Version-Code: [0:1]
[SHELL OUT]:		Configured Block-Size: 2048
[SHELL OUT]:		Configured Cluster-Size: 20480
[SHELL OUT]:		Configured # of Log-Sectors: 32
[SHELL OUT]:		Configured Log-Size: 576
[SHELL OUT]:	[C:\GitHub\BlockyOS\tools\filesystem\frat.c:210]  >>  Found Formatted Partition: 133120:2230271 -> 2097151
[SHELL OUT]:	Reading Bytes
[SHELL OUT]:	[Parent:00007ff6ef60f05b] >> Reading [60 bytes(s)->1 block(s)] from LBA[133120(68157440)-133121(68157952)]
[SHELL OUT]:	[C:\GitHub\BlockyOS\tools\filesystem\frat.c:223]  >>  Root: 133120:2230271 -> 2097151 LBAs
[SHELL OUT]:		Version-Code: [0:1]
[SHELL OUT]:		Configured Block-Size: 2048
[SHELL OUT]:		Configured Cluster-Size: 20480
[SHELL OUT]:		Configured # of Log-Sectors: 20480
[SHELL OUT]:		Configured Log-Size: 32
[SHELL OUT]:	Reading Bytes
[SHELL OUT]:	[Parent:00007ff6ef60f39f] >> Reading [65536 bytes(s)->128 block(s)] from LBA[133121(68159488)-133249(68421632)]
[SHELL OUT]:	Reading Bytes
[SHELL OUT]:	[Parent:00007ff6ef60f44b] >> Reading [20480 bytes(s)->40 block(s)] from LBA[202752(210763776)-202792(210845696)]
[SHELL OUT]:	    Verifying FS Root Items #items: 1024
[SHELL OUT]:	Reading Bytes
[SHELL OUT]:	[Parent:00007ff6ef60f6be] >> Reading [512 bytes(s)->4 block(s)] from LBA[225280(256901120)-225284(256909312)]
[SHELL OUT]:	Reading Bytes
[SHELL OUT]:	[Parent:00007ff6ef60f6be] >> Reading [512 bytes(s)->4 block(s)] from LBA[225281(256903168)-225285(256911360)]
[SHELL OUT]:	Reading Bytes
[SHELL OUT]:	[Parent:00007ff6ef60f6be] >> Reading [512 bytes(s)->4 block(s)] from LBA[225396(257138688)-225400(257146880)]
[SHELL OUT]:	Reading Bytes
[SHELL OUT]:	[Parent:00007ff6ef60f6be] >> Reading [512 bytes(s)->4 block(s)] from LBA[225422(257191936)-225426(257200128)]
[SHELL OUT]:	Reading Bytes
[SHELL OUT]:	[Parent:00007ff6ef60f6be] >> Reading [512 bytes(s)->4 block(s)] from LBA[225431(257210368)-225435(257218560)]
[SHELL OUT]:	Reading Bytes
[SHELL OUT]:	[Parent:00007ff6ef60f6be] >> Reading [512 bytes(s)->4 block(s)] from LBA[225446(257241088)-225450(257249280)]
[SHELL OUT]:	Reading Bytes
[SHELL OUT]:	[Parent:00007ff6ef60f6be] >> Reading [512 bytes(s)->4 block(s)] from LBA[225560(257474560)-225564(257482752)]
[SHELL OUT]:	Reading Bytes
[SHELL OUT]:	[Parent:00007ff6ef60f6be] >> Reading [512 bytes(s)->4 block(s)] from LBA[225586(257527808)-225590(257536000)]
[SHELL OUT]:	Reading Bytes
[SHELL OUT]:	[Parent:00007ff6ef60f6be] >> Reading [512 bytes(s)->4 block(s)] from LBA[225595(257546240)-225599(257554432)]
[SHELL OUT]:	Reading Bytes
[SHELL OUT]:	[Parent:00007ff6ef60f6be] >> Reading [512 bytes(s)->4 block(s)] from LBA[225610(257576960)-225614(257585152)]
[SHELL OUT]:	Closing Disk Interface >> {C:/GitHub/BlockyOS/Build/Build-nodate/disk.img}
[SHELL OUT]:	[Parent:00007ff6ef611926] >>  C:/GitHub/BlockyOS/Build/Build-nodate/disk.img  Base: 133120    ConfBlockSize: 2048    Starting Disk Env ID: 
[SHELL OUT]:	Writing Bytes
[SHELL OUT]:	[Parent:00007ff6ef61194f] >> Wrtiting [60 bytes(s)->4 block(s)] to LBA[133120(68157440)-133124(68165632)]
[SHELL OUT]:	Writing Bytes
[SHELL OUT]:	[Parent:00007ff6ef611997] >> Wrtiting [20480 bytes(s)->40 block(s)] to LBA[202752(210763776)-202792(210845696)]
[SHELL OUT]:	Closing Disk Interface >> {C:/GitHub/BlockyOS/Build/Build-nodate/disk.img}
[SHELL OUT]:	[0]: ""
[SHELL]	create -la fc -p SYSD/ -n IO.dll
[SHELL OUT]:	
[SHELL OUT]:	>> 
[SHELL OUT]:	>> 
[SHELL OUT]:	0000015c733b5e9b:fc	0000015c733b5ea1:SYSD/	0000015c733b5eaa:IO.dll	
[SHELL OUT]:	[	SYSD/IO.dll]
[SHELL OUT]:	Mounting File [SYSD/IO.dll] with "fc"
[SHELL OUT]:	Creating File at: ./SYSD/IO.dll
[SHELL OUT]:	Root is 0000015c733b9000
[SHELL OUT]:	Root is 0000015c733b9000
[SHELL OUT]:	Un-Mounting File [1742780011519050388:147156532550678]
[SHELL OUT]:	[Parent:00007ff6ef611926] >>  C:/GitHub/BlockyOS/Build/Build-nodate/disk.img  Base: 133120    ConfBlockSize: 2048    Starting Disk Env ID: 
[SHELL OUT]:	Writing Bytes
[SHELL OUT]:	[Parent:00007ff6ef61194f] >> Wrtiting [60 bytes(s)->4 block(s)] to LBA[133120(68157440)-133124(68165632)]
[SHELL OUT]:	Writing Bytes
[SHELL OUT]:	[Parent:00007ff6ef611997] >> Wrtiting [20480 bytes(s)->40 block(s)] to LBA[202752(210763776)-202792(210845696)]
[SHELL OUT]:	Closing Disk Interface >> {C:/GitHub/BlockyOS/Build/Build-nodate/disk.img}
[SHELL OUT]:	[0]: ""
[SHELL]	FSFRAT.OPEN
[SHELL]	open -p SYSD/IO.dll -a IO -la f
[SHELL OUT]:	
[SHELL OUT]:	>> 
[SHELL OUT]:	>> 
[SHELL OUT]:	Mounting File [SYSD/IO.dll] with "f"
[SHELL OUT]:	Root is 0000015c733b9000
[SHELL OUT]:	[0]: ""
[SHELL]	FSFRAT.WRITE
[SHELL]	fwrite -pp C:/GitHub/BlockyOS/Build/Build-nodate/root-part/services/IO.dll -ia %IO% -p 0 -n 0
[SHELL OUT]:	
[SHELL OUT]:	>> 
[SHELL OUT]:	>> 
[SHELL OUT]:	[Parent:00007ff6ef611f16] >>  C:/GitHub/BlockyOS/Build/Build-nodate/disk.img  Base: 133120    ConfBlockSize: 2048    Starting Disk Env ID: 
[SHELL OUT]:	[Parent:00007ff6ef611e53] >>  C:/GitHub/BlockyOS/Build/Build-nodate/disk.img  Base: 133120    ConfBlockSize: 2048    Starting Disk Env ID: 
[SHELL OUT]:	Reading File Info
[SHELL OUT]:	Reading Bytes
[SHELL OUT]:	[Parent:00007ff6ef611ec2] >> Reading [512 bytes(s)->4 block(s)] from LBA[225560(257474560)-225564(257482752)]
[SHELL OUT]:	Closing Disk Interface >> {C:/GitHub/BlockyOS/Build/Build-nodate/disk.img}
[SHELL OUT]:	Writing Bytes
[SHELL OUT]:	[Parent:00007ff6ef612010] >> Wrtiting [512 bytes(s)->4 block(s)] to LBA[225560(257474560)-225564(257482752)]
[SHELL OUT]:	Closing Disk Interface >> {C:/GitHub/BlockyOS/Build/Build-nodate/disk.img}
[SHELL OUT]:	Root is 0000015c733b9000
[SHELL OUT]:	Writing File Block at 225561, Item: 1.	Root: [1742780011519050388:147156532550678]
[SHELL OUT]:	[Parent:00007ff6ef611557] >>  C:/GitHub/BlockyOS/Build/Build-nodate/disk.img  Base: 133120    ConfBlockSize: 2048    Starting Disk Env ID: 
[SHELL OUT]:	Writing Bytes
[SHELL OUT]:	[Parent:00007ff6ef611583] >> Wrtiting [2048 bytes(s)->4 block(s)] to LBA[225561(257476608)-225565(257484800)]
[SHELL OUT]:	Closing Disk Interface >> {C:/GitHub/BlockyOS/Build/Build-nodate/disk.img}
[SHELL OUT]:	Writing File Block at 225562, Item: 2.	Root: [1742780011519050388:147156532550678]
[SHELL OUT]:	[Parent:00007ff6ef611557] >>  C:/GitHub/BlockyOS/Build/Build-nodate/disk.img  Base: 133120    ConfBlockSize: 2048    Starting Disk Env ID: 
[SHELL OUT]:	Writing Bytes
[SHELL OUT]:	[Parent:00007ff6ef611583] >> Wrtiting [2048 bytes(s)->4 block(s)] to LBA[225562(257478656)-225566(257486848)]
[SHELL OUT]:	Closing Disk Interface >> {C:/GitHub/BlockyOS/Build/Build-nodate/disk.img}
[SHELL OUT]:	Writing File Block at 225563, Item: 3.	Root: [1742780011519050388:147156532550678]
[SHELL OUT]:	[Parent:00007ff6ef611557] >>  C:/GitHub/BlockyOS/Build/Build-nodate/disk.img  Base: 133120    ConfBlockSize: 2048    Starting Disk Env ID: 
[SHELL OUT]:	Writing Bytes
[SHELL OUT]:	[Parent:00007ff6ef611583] >> Wrtiting [2048 bytes(s)->4 block(s)] to LBA[225563(257480704)-225567(257488896)]
[SHELL OUT]:	Closing Disk Interface >> {C:/GitHub/BlockyOS/Build/Build-nodate/disk.img}
[SHELL OUT]:	Writing File Block at 225564, Item: 4.	Root: [1742780011519050388:147156532550678]
[SHELL OUT]:	[Parent:00007ff6ef611557] >>  C:/GitHub/BlockyOS/Build/Build-nodate/disk.img  Base: 133120    ConfBlockSize: 2048    Starting Disk Env ID: 
[SHELL OUT]:	Writing Bytes
[SHELL OUT]:	[Parent:00007ff6ef611583] >> Wrtiting [2048 bytes(s)->4 block(s)] to LBA[225564(257482752)-225568(257490944)]
[SHELL OUT]:	Closing Disk Interface >> {C:/GitHub/BlockyOS/Build/Build-nodate/disk.img}
[SHELL OUT]:	Writing File Block at 225565, Item: 5.	Root: [1742780011519050388:147156532550678]
[SHELL OUT]:	[Parent:00007ff6ef611557] >>  C:/GitHub/BlockyOS/Build/Build-nodate/disk.img  Base: 133120    ConfBlockSize: 2048    Starting Disk Env ID: 
[SHELL OUT]:	Writing Bytes
[SHELL OUT]:	[Parent:00007ff6ef611583] >> Wrtiting [2048 bytes(s)->4 block(s)] to LBA[225565(257484800)-225569(257492992)]
[SHELL OUT]:	Closing Disk Interface >> {C:/GitHub/BlockyOS/Build/Build-nodate/disk.img}
[SHELL OUT]:	Writing File Block at 225566, Item: 6.	Root: [1742780011519050388:147156532550678]
[SHELL OUT]:	[Parent:00007ff6ef611557] >>  C:/GitHub/BlockyOS/Build/Build-nodate/disk.img  Base: 133120    ConfBlockSize: 2048    Starting Disk Env ID: 
[SHELL OUT]:	Writing Bytes
[SHELL OUT]:	[Parent:00007ff6ef611583] >> Wrtiting [2048 bytes(s)->4 block(s)] to LBA[225566(257486848)-225570(257495040)]
[SHELL OUT]:	Closing Disk Interface >> {C:/GitHub/BlockyOS/Build/Build-nodate/disk.img}
[SHELL OUT]:	Writing File Block at 225567, Item: 7.	Root: [1742780011519050388:147156532550678]
[SHELL OUT]:	[Parent:00007ff6ef611557] >>  C:/GitHub/BlockyOS/Build/Build-nodate/disk.img  Base: 133120    ConfBlockSize: 2048    Starting Disk Env ID: 
[SHELL OUT]:	Writing Bytes
[SHELL OUT]:	[Parent:00007ff6ef611583] >> Wrtiting [2048 bytes(s)->4 block(s)] to LBA[225567(257488896)-225571(257497088)]
[SHELL OUT]:	Closing Disk Interface >> {C:/GitHub/BlockyOS/Build/Build-nodate/disk.img}
[SHELL OUT]:	Writing File Block at 225568, Item: 8.	Root: [1742780011519050388:147156532550678]
[SHELL OUT]:	[Parent:00007ff6ef611557] >>  C:/GitHub/BlockyOS/Build/Build-nodate/disk.img  Base: 133120    ConfBlockSize: 2048    Starting Disk Env ID: 
[SHELL OUT]:	Writing Bytes
[SHELL OUT]:	[Parent:00007ff6ef611583] >> Wrtiting [2048 bytes(s)->4 block(s)] to LBA[225568(257490944)-225572(257499136)]
[SHELL OUT]:	Closing Disk Interface >> {C:/GitHub/BlockyOS/Build/Build-nodate/disk.img}
[SHELL OUT]:	Writing File Block at 225569, Item: 9.	Root: [1742780011519050388:147156532550678]
[SHELL OUT]:	[Parent:00007ff6ef611557] >>  C:/GitHub/BlockyOS/Build/Build-nodate/disk.img  Base: 133120    ConfBlockSize: 2048    Starting Disk Env ID: 
[SHELL OUT]:	Writing Bytes
[SHELL OUT]:	[Parent:00007ff6ef611583] >> Wrtiting [2048 bytes(s)->4 block(s)] to LBA[225569(257492992)-225573(257501184)]
[SHELL OUT]:	Closing Disk Interface >> {C:/GitHub/BlockyOS/Build/Build-nodate/disk.img}
[SHELL OUT]:	Writing File Block at 225570, Item: 10.	Root: [1742780011519050388:147156532550678]
[SHELL OUT]:	[Parent:00007ff6ef611557] >>  C:/GitHub/BlockyOS/Build/Build-nodate/disk.img  Base: 133120    ConfBlockSize: 2048    Starting Disk Env ID: 
[SHELL OUT]:	Writing Bytes
[SHELL OUT]:	[Parent:00007ff6ef611583] >> Wrtiting [2048 bytes(s)->4 block(s)] to LBA[225570(257495040)-225574(257503232)]
[SHELL OUT]:	Closing Disk Interface >> {C:/GitHub/BlockyOS/Build/Build-nodate/disk.img}
[SHELL OUT]:	Writing File Block at 225571, Item: 11.	Root: [1742780011519050388:147156532550678]
[SHELL OUT]:	[Parent:00007ff6ef611557] >>  C:/GitHub/BlockyOS/Build/Build-nodate/disk.img  Base: 133120    ConfBlockSize: 2048    Starting Disk Env ID: 
[SHELL OUT]:	Writing Bytes
[SHELL OUT]:	[Parent:00007ff6ef611583] >> Wrtiting [2048 bytes(s)->4 block(s)] to LBA[225571(257497088)-225575(257505280)]
[SHELL OUT]:	Closing Disk Interface >> {C:/GitHub/BlockyOS/Build/Build-nodate/disk.img}
[SHELL OUT]:	Writing File Block at 225572, Item: 12.	Root: [1742780011519050388:147156532550678]
[SHELL OUT]:	[Parent:00007ff6ef611557] >>  C:/GitHub/BlockyOS/Build/Build-nodate/disk.img  Base: 133120    ConfBlockSize: 2048    Starting Disk Env ID: 
[SHELL OUT]:	Writing Bytes
[SHELL OUT]:	[Parent:00007ff6ef611583] >> Wrtiting [2048 bytes(s)->4 block(s)] to LBA[225572(257499136)-225576(257507328)]
[SHELL OUT]:	Closing Disk Interface >> {C:/GitHub/BlockyOS/Build/Build-nodate/disk.img}
[SHELL OUT]:	Writing File Block at 225573, Item: 13.	Root: [1742780011519050388:147156532550678]
[SHELL OUT]:	[Parent:00007ff6ef611557] >>  C:/GitHub/BlockyOS/Build/Build-nodate/disk.img  Base: 133120    ConfBlockSize: 2048    Starting Disk Env ID: 
[SHELL OUT]:	Writing Bytes
[SHELL OUT]:	[Parent:00007ff6ef611583] >> Wrtiting [2048 bytes(s)->4 block(s)] to LBA[225573(257501184)-225577(257509376)]
[SHELL OUT]:	Closing Disk Interface >> {C:/GitHub/BlockyOS/Build/Build-nodate/disk.img}
[SHELL OUT]:	Writing File Block at 225574, Item: 14.	Root: [1742780011519050388:147156532550678]
[SHELL OUT]:	[Parent:00007ff6ef611557] >>  C:/GitHub/BlockyOS/Build/Build-nodate/disk.img  Base: 133120    ConfBlockSize: 2048    Starting Disk Env ID: 
[SHELL OUT]:	Writing Bytes
[SHELL OUT]:	[Parent:00007ff6ef611583] >> Wrtiting [2048 bytes(s)->4 block(s)] to LBA[225574(257503232)-225578(257511424)]
[SHELL OUT]:	Closing Disk Interface >> {C:/GitHub/BlockyOS/Build/Build-nodate/disk.img}
[SHELL OUT]:	Writing File Block at 225575, Item: 15.	Root: [1742780011519050388:147156532550678]
[SHELL OUT]:	[Parent:00007ff6ef611557] >>  C:/GitHub/BlockyOS/Build/Build-nodate/disk.img  Base: 133120    ConfBlockSize: 2048    Starting Disk Env ID: 
[SHELL OUT]:	Writing Bytes
[SHELL OUT]:	[Parent:00007ff6ef611583] >> Wrtiting [2048 bytes(s)->4 block(s)] to LBA[225575(257505280)-225579(257513472)]
[SHELL OUT]:	Closing Disk Interface >> {C:/GitHub/BlockyOS/Build/Build-nodate/disk.img}
[SHELL OUT]:	Writing File Block at 225576, Item: 16.	Root: [1742780011519050388:147156532550678]
[SHELL OUT]:	[Parent:00007ff6ef611557] >>  C:/GitHub/BlockyOS/Build/Build-nodate/disk.img  Base: 133120    ConfBlockSize: 2048    Starting Disk Env ID: 
[SHELL OUT]:	Writing Bytes
[SHELL OUT]:	[Parent:00007ff6ef611583] >> Wrtiting [2048 bytes(s)->4 block(s)] to LBA[225576(257507328)-225580(257515520)]
[SHELL OUT]:	Closing Disk Interface >> {C:/GitHub/BlockyOS/Build/Build-nodate/disk.img}
[SHELL OUT]:	Writing File Block at 225577, Item: 17.	Root: [1742780011519050388:147156532550678]
[SHELL OUT]:	[Parent:00007ff6ef611557] >>  C:/GitHub/BlockyOS/Build/Build-nodate/disk.img  Base: 133120    ConfBlockSize: 2048    Starting Disk Env ID: 
[SHELL OUT]:	Writing Bytes
[SHELL OUT]:	[Parent:00007ff6ef611583] >> Wrtiting [2048 bytes(s)->4 block(s)] to LBA[225577(257509376)-225581(257517568)]
[SHELL OUT]:	Closing Disk Interface >> {C:/GitHub/BlockyOS/Build/Build-nodate/disk.img}
[SHELL OUT]:	Writing File Block at 225578, Item: 18.	Root: [1742780011519050388:147156532550678]
[SHELL OUT]:	[Parent:00007ff6ef611557] >>  C:/GitHub/BlockyOS/Build/Build-nodate/disk.img  Base: 133120    ConfBlockSize: 2048    Starting Disk Env ID: 
[SHELL OUT]:	Writing Bytes
[SHELL OUT]:	[Parent:00007ff6ef611583] >> Wrtiting [2048 bytes(s)->4 block(s)] to LBA[225578(257511424)-225582(257519616)]
[SHELL OUT]:	Closing Disk Interface >> {C:/GitHub/BlockyOS/Build/Build-nodate/disk.img}
[SHELL OUT]:	Writing File Block at 225579, Item: 19.	Root: [1742780011519050388:147156532550678]
[SHELL OUT]:	[Parent:00007ff6ef611557] >>  C:/GitHub/BlockyOS/Build/Build-nodate/disk.img  Base: 133120    ConfBlockSize: 2048    Starting Disk Env ID: 
[SHELL OUT]:	Writing Bytes
[SHELL OUT]:	[Parent:00007ff6ef611583] >> Wrtiting [2048 bytes(s)->4 block(s)] to LBA[225579(257513472)-225583(257521664)]
[SHELL OUT]:	Closing Disk Interface >> {C:/GitHub/BlockyOS/Build/Build-nodate/disk.img}
[SHELL OUT]:	Writing File Block at 225580, Item: 20.	Root: [1742780011519050388:147156532550678]
[SHELL OUT]:	[Parent:00007ff6ef611557] >>  C:/GitHub/BlockyOS/Build/Build-nodate/disk.img  Base: 133120    ConfBlockSize: 2048    Starting Disk Env ID: 
[SHELL OUT]:	Writing Bytes
[SHELL OUT]:	[Parent:00007ff6ef611583] >> Wrtiting [2048 bytes(s)->4 block(s)] to LBA[225580(257515520)-225584(257523712)]
[SHELL OUT]:	Closing Disk Interface >> {C:/GitHub/BlockyOS/Build/Build-nodate/disk.img}
[SHELL OUT]:	Writing File Block at 225581, Item: 21.	Root: [1742780011519050388:147156532550678]
[SHELL OUT]:	[Parent:00007ff6ef611557] >>  C:/GitHub/BlockyOS/Build/Build-nodate/disk.img  Base: 133120    ConfBlockSize: 2048    Starting Disk Env ID: 
[SHELL OUT]:	Writing Bytes
[SHELL OUT]:	[Parent:00007ff6ef611583] >> Wrtiting [2048 bytes(s)->4 block(s)] to LBA[225581(257517568)-225585(257525760)]
[SHELL OUT]:	Closing Disk Interface >> {C:/GitHub/BlockyOS/Build/Build-nodate/disk.img}
[SHELL OUT]:	Writing File Block at 225582, Item: 22.	Root: [1742780011519050388:147156532550678]
[SHELL OUT]:	[Parent:00007ff6ef611557] >>  C:/GitHub/BlockyOS/Build/Build-nodate/disk.img  Base: 133120    ConfBlockSize: 2048    Starting Disk Env ID: 
[SHELL OUT]:	Writing Bytes
[SHELL OUT]:	[Parent:00007ff6ef611583] >> Wrtiting [2048 bytes(s)->4 block(s)] to LBA[225582(257519616)-225586(257527808)]
[SHELL OUT]:	Closing Disk Interface >> {C:/GitHub/BlockyOS/Build/Build-nodate/disk.img}
[SHELL OUT]:	Writing File Block at 225583, Item: 23.	Root: [1742780011519050388:147156532550678]
[SHELL OUT]:	[Parent:00007ff6ef611557] >>  C:/GitHub/BlockyOS/Build/Build-nodate/disk.img  Base: 133120    ConfBlockSize: 2048    Starting Disk Env ID: 
[SHELL OUT]:	Writing Bytes
[SHELL OUT]:	[Parent:00007ff6ef611583] >> Wrtiting [2048 bytes(s)->4 block(s)] to LBA[225583(257521664)-225587(257529856)]
[SHELL OUT]:	Closing Disk Interface >> {C:/GitHub/BlockyOS/Build/Build-nodate/disk.img}
[SHELL OUT]:	Writing File Block at 225584, Item: 24.	Root: [1742780011519050388:147156532550678]
[SHELL OUT]:	[Parent:00007ff6ef611557] >>  C:/GitHub/BlockyOS/Build/Build-nodate/disk.img  Base: 133120    ConfBlockSize: 2048    Starting Disk Env ID: 
[SHELL OUT]:	Writing Bytes
[SHELL OUT]:	[Parent:00007ff6ef611583] >> Wrtiting [2048 bytes(s)->4 block(s)] to LBA[225584(257523712)-225588(257531904)]
[SHELL OUT]:	Closing Disk Interface >> {C:/GitHub/BlockyOS/Build/Build-nodate/disk.img}
[SHELL OUT]:	Reading File Block at 225585, Item: 25.    Root: [1742780011519050388:147156532550678]
[SHELL OUT]:	[Parent:00007ff6ef6110ba] >>  C:/GitHub/BlockyOS/Build/Build-nodate/disk.img  Base: 133120    ConfBlockSize: 2048    Starting Disk Env ID: 
[SHELL OUT]:	Reading Bytes
[SHELL OUT]:	[Parent:00007ff6ef6110de] >> Reading [2048 bytes(s)->4 block(s)] from LBA[225585(257525760)-225589(257533952)]
[SHELL OUT]:	Closing Disk Interface >> {C:/GitHub/BlockyOS/Build/Build-nodate/disk.img}
[SHELL OUT]:	Writing File Block at 225585, Item: 25.	Root: [1742780011519050388:147156532550678]
[SHELL OUT]:	[Parent:00007ff6ef611557] >>  C:/GitHub/BlockyOS/Build/Build-nodate/disk.img  Base: 133120    ConfBlockSize: 2048    Starting Disk Env ID: 
[SHELL OUT]:	Writing Bytes
[SHELL OUT]:	[Parent:00007ff6ef611583] >> Wrtiting [2048 bytes(s)->4 block(s)] to LBA[225585(257525760)-225589(257533952)]
[SHELL OUT]:	Closing Disk Interface >> {C:/GitHub/BlockyOS/Build/Build-nodate/disk.img}
[SHELL OUT]:	[0]: ""
Initializing CGCC.MAKE build process...
Skipping C:\GitHub\BlockyOS\src\kernel\services\IO\IO.c - up to date; source=2026-09-16T16:38:35.5854557Z, stored=09/16/2026 16:38:35
Stale source detected for C:\GitHub\BlockyOS\Build\Build-nodate\root-part\libcrt.dll. source=2026-10-02T19:02:57.7229299Z, stored=10/02/2026 18:50:36, delta=+20218341.723 sec
Compiled and updated timestamp for C:\GitHub\BlockyOS\Build\Build-nodate\root-part\libcrt.dll
Skipping C:\GitHub\BlockyOS\src\kernel\services\IO\IO.def - up to date; source=2026-09-16T21:00:02.8766014Z, stored=09/16/2026 21:00:02
gcc compile/cache/c.IO.o Build/Build-nodate/root-part/libcrt.dll src/kernel/services/IO/IO.def -Wl,-nostdlib -Wl,-shared -Wl,-flinker-output=dyn -Wl,-Bsymbolic -Wl,--out-implib,C:/GitHub/BlockyOS/Build/Build-nodate/root-part/services/IO.dll.a -Wl,-Map,C:\GitHub\BlockyOS\src\kernel\services\IO\alibcrt.map -fdiagnostics-color=always -fno-diagnostics-show-highlight-colors -nostartfiles -nodefaultlibs -fno-asynchronous-unwind-tables -fno-unwind-tables -o C:/GitHub/BlockyOS/Build/Build-nodate/root-part/services/IO.dll
Build finished successfully -> C:/GitHub/BlockyOS/Build/Build-nodate/root-part/services/IO.dll


[SHELL]	FSFRAT.MAKE
[SHELL]	FSFRAT.MOUNT
[SHELL]	e.disk -pp C:/GitHub/BlockyOS/Build/Build-nodate/disk.img -pt ROOT -bs 2048 -lb 32 -v 1:0
[SHELL OUT]:	
[SHELL OUT]:	FSFRAT DRIVER
[SHELL OUT]:	>> 
[SHELL OUT]:	[C:\GitHub\BlockyOS\tools\filesystem\frat.c:196]  >>  Mounting FS Root: [C:/GitHub/BlockyOS/Build/Build-nodate/disk.img]
[SHELL OUT]:	Verifying Disk GPT
[SHELL OUT]:	[Parent:00007ff752e9d8ff] >>  C:/GitHub/BlockyOS/Build/Build-nodate/disk.img  Base: 0    ConfBlockSize: 512    Starting Disk Env ID: 
[SHELL OUT]:	Reading Bytes
[SHELL OUT]:	[Parent:00007ff752e9d91a] >> Reading [92 bytes(s)->1 block(s)] from LBA[1(512)-2(1024)]
[SHELL OUT]:	GPT Dump:
[SHELL OUT]:	    Sig: "EFI PART"
[SHELL OUT]:	    Rev: 65536
[SHELL OUT]:	    Header-Size: 92
[SHELL OUT]:	    Header Checksum: 2621714706
[SHELL OUT]:	    localLBA: 1
[SHELL OUT]:	    altLBA: 2230273
[SHELL OUT]:	    firstUsable: 2048
[SHELL OUT]:	    lastUsable: 2230271
[SHELL OUT]:	    Disk-GUID: 
[SHELL OUT]:	    Partition-Table: 2
[SHELL OUT]:	    # of Partition-Entries: 2
[SHELL OUT]:	    Partition-Entry Size: 128
[SHELL OUT]:	    Partition-Table Checksum: 896708427
[SHELL OUT]:	Closing Disk Interface >> {C:/GitHub/BlockyOS/Build/Build-nodate/disk.img}
[SHELL OUT]:	GPT Exists? true
[SHELL OUT]:	[Parent:00007ff752e9eed9] >>  C:/GitHub/BlockyOS/Build/Build-nodate/disk.img  Base: 0    ConfBlockSize: 512    Starting Disk Env ID: 
[SHELL OUT]:	Reading Bytes
[SHELL OUT]:	[Parent:00007ff752e9eefa] >> Reading [92 bytes(s)->1 block(s)] from LBA[1(512)-2(1024)]
[SHELL OUT]:	[C:\GitHub\BlockyOS\tools\filesystem\frat.c:137]  >>  Querying Part Table
[SHELL OUT]:	Reading Bytes
[SHELL OUT]:	[Parent:00007ff752e9e73d] >> Reading [256 bytes(s)->1 block(s)] from LBA[2(1024)-3(1536)]
[SHELL OUT]:	[C:\GitHub\BlockyOS\tools\filesystem\frat.c:145]  >>  GPT-Entry: BOOT{2048:133119 -> 131071}
[SHELL OUT]:	[C:\GitHub\BlockyOS\tools\filesystem\frat.c:159]  >>  Querying FS at 2048
[SHELL OUT]:	Reading Bytes
[SHELL OUT]:	[Parent:00007ff752e9ebe1] >> Reading [60 bytes(s)->1 block(s)] from LBA[2048(1048576)-2049(1049088)]
[SHELL OUT]:	FS-Root Blob:
[SHELL OUT]:	    Version: [0:131072]
[SHELL OUT]:	    Sig: 
[SHELL OUT]:	    Configured Log Sectors: 2
[SHELL OUT]:	    Configured Block Size: 0
[SHELL OUT]:	    Configured Cluster-Map Size: 16711743
[SHELL OUT]:	[C:\GitHub\BlockyOS\tools\filesystem\frat.c:145]  >>  GPT-Entry: ROOT{133120:2230271 -> 2097151}
[SHELL OUT]:	[C:\GitHub\BlockyOS\tools\filesystem\frat.c:159]  >>  Querying FS at 133120
[SHELL OUT]:	Reading Bytes
[SHELL OUT]:	[Parent:00007ff752e9ebe1] >> Reading [60 bytes(s)->1 block(s)] from LBA[133120(68157440)-133121(68157952)]
[SHELL OUT]:	FS-Root Blob:
[SHELL OUT]:	    Version: [0:1]
[SHELL OUT]:	    Sig: FRAT_FILESYSTEM
[SHELL OUT]:	    Configured Log Sectors: 32
[SHELL OUT]:	    Configured Block Size: 2048
[SHELL OUT]:	    Configured Cluster-Map Size: 20480
[SHELL OUT]:	[C:\GitHub\BlockyOS\tools\filesystem\frat.c:184]  >>  FS Found at [133120]:
[SHELL OUT]:		Version-Code: [0:1]
[SHELL OUT]:		Configured Block-Size: 2048
[SHELL OUT]:		Configured Cluster-Size: 20480
[SHELL OUT]:		Configured # of Log-Sectors: 32
[SHELL OUT]:		Configured Log-Size: 576
[SHELL OUT]:	[C:\GitHub\BlockyOS\tools\filesystem\frat.c:210]  >>  Found Formatted Partition: 133120:2230271 -> 2097151
[SHELL OUT]:	Reading Bytes
[SHELL OUT]:	[Parent:00007ff752e9f05b] >> Reading [60 bytes(s)->1 block(s)] from LBA[133120(68157440)-133121(68157952)]
[SHELL OUT]:	[C:\GitHub\BlockyOS\tools\filesystem\frat.c:223]  >>  Root: 133120:2230271 -> 2097151 LBAs
[SHELL OUT]:		Version-Code: [0:1]
[SHELL OUT]:		Configured Block-Size: 2048
[SHELL OUT]:		Configured Cluster-Size: 20480
[SHELL OUT]:		Configured # of Log-Sectors: 20480
[SHELL OUT]:		Configured Log-Size: 32
[SHELL OUT]:	Reading Bytes
[SHELL OUT]:	[Parent:00007ff752e9f39f] >> Reading [65536 bytes(s)->128 block(s)] from LBA[133121(68159488)-133249(68421632)]
[SHELL OUT]:	Reading Bytes
[SHELL OUT]:	[Parent:00007ff752e9f44b] >> Reading [20480 bytes(s)->40 block(s)] from LBA[202752(210763776)-202792(210845696)]
[SHELL OUT]:	    Verifying FS Root Items #items: 1024
[SHELL OUT]:	Reading Bytes
[SHELL OUT]:	[Parent:00007ff752e9f6be] >> Reading [512 bytes(s)->4 block(s)] from LBA[225280(256901120)-225284(256909312)]
[SHELL OUT]:	Reading Bytes
[SHELL OUT]:	[Parent:00007ff752e9f6be] >> Reading [512 bytes(s)->4 block(s)] from LBA[225281(256903168)-225285(256911360)]
[SHELL OUT]:	Reading Bytes
[SHELL OUT]:	[Parent:00007ff752e9f6be] >> Reading [512 bytes(s)->4 block(s)] from LBA[225396(257138688)-225400(257146880)]
[SHELL OUT]:	Reading Bytes
[SHELL OUT]:	[Parent:00007ff752e9f6be] >> Reading [512 bytes(s)->4 block(s)] from LBA[225422(257191936)-225426(257200128)]
[SHELL OUT]:	Reading Bytes
[SHELL OUT]:	[Parent:00007ff752e9f6be] >> Reading [512 bytes(s)->4 block(s)] from LBA[225431(257210368)-225435(257218560)]
[SHELL OUT]:	Reading Bytes
[SHELL OUT]:	[Parent:00007ff752e9f6be] >> Reading [512 bytes(s)->4 block(s)] from LBA[225446(257241088)-225450(257249280)]
[SHELL OUT]:	Reading Bytes
[SHELL OUT]:	[Parent:00007ff752e9f6be] >> Reading [512 bytes(s)->4 block(s)] from LBA[225560(257474560)-225564(257482752)]
[SHELL OUT]:	Reading Bytes
[SHELL OUT]:	[Parent:00007ff752e9f6be] >> Reading [512 bytes(s)->4 block(s)] from LBA[225586(257527808)-225590(257536000)]
[SHELL OUT]:	Reading Bytes
[SHELL OUT]:	[Parent:00007ff752e9f6be] >> Reading [512 bytes(s)->4 block(s)] from LBA[225595(257546240)-225599(257554432)]
[SHELL OUT]:	Reading Bytes
[SHELL OUT]:	[Parent:00007ff752e9f6be] >> Reading [512 bytes(s)->4 block(s)] from LBA[225610(257576960)-225614(257585152)]
[SHELL OUT]:	Closing Disk Interface >> {C:/GitHub/BlockyOS/Build/Build-nodate/disk.img}
[SHELL OUT]:	[Parent:00007ff752ea1926] >>  C:/GitHub/BlockyOS/Build/Build-nodate/disk.img  Base: 133120    ConfBlockSize: 2048    Starting Disk Env ID: 
[SHELL OUT]:	Writing Bytes
[SHELL OUT]:	[Parent:00007ff752ea194f] >> Wrtiting [60 bytes(s)->4 block(s)] to LBA[133120(68157440)-133124(68165632)]
[SHELL OUT]:	Writing Bytes
[SHELL OUT]:	[Parent:00007ff752ea1997] >> Wrtiting [20480 bytes(s)->40 block(s)] to LBA[202752(210763776)-202792(210845696)]
[SHELL OUT]:	Closing Disk Interface >> {C:/GitHub/BlockyOS/Build/Build-nodate/disk.img}
[SHELL OUT]:	[0]: ""
[SHELL]	create -la fc -p SYSD/ -n IO.dll
[SHELL OUT]:	
[SHELL OUT]:	>> 
[SHELL OUT]:	>> 
[SHELL OUT]:	0000023339a05ecb:fc	0000023339a05ed1:SYSD/	0000023339a05eda:IO.dll	
[SHELL OUT]:	[	SYSD/IO.dll]
[SHELL OUT]:	Mounting File [SYSD/IO.dll] with "fc"
[SHELL OUT]:	Creating File at: ./SYSD/IO.dll
[SHELL OUT]:	Root is 0000023339a09030
[SHELL OUT]:	Root is 0000023339a09030
[SHELL OUT]:	Un-Mounting File [1742780011519050388:147156532550678]
[SHELL OUT]:	[Parent:00007ff752ea1926] >>  C:/GitHub/BlockyOS/Build/Build-nodate/disk.img  Base: 133120    ConfBlockSize: 2048    Starting Disk Env ID: 
[SHELL OUT]:	Writing Bytes
[SHELL OUT]:	[Parent:00007ff752ea194f] >> Wrtiting [60 bytes(s)->4 block(s)] to LBA[133120(68157440)-133124(68165632)]
[SHELL OUT]:	Writing Bytes
[SHELL OUT]:	[Parent:00007ff752ea1997] >> Wrtiting [20480 bytes(s)->40 block(s)] to LBA[202752(210763776)-202792(210845696)]
[SHELL OUT]:	Closing Disk Interface >> {C:/GitHub/BlockyOS/Build/Build-nodate/disk.img}
[SHELL OUT]:	[0]: ""
[SHELL]	FSFRAT.OPEN
[SHELL]	open -p SYSD/IO.dll -a IO -la f
[SHELL OUT]:	
[SHELL OUT]:	>> 
[SHELL OUT]:	>> 
[SHELL OUT]:	Mounting File [SYSD/IO.dll] with "f"
[SHELL OUT]:	Root is 0000023339a09030
[SHELL OUT]:	[0]: ""
[SHELL]	FSFRAT.WRITE
[SHELL]	fwrite -pp C:/GitHub/BlockyOS/Build/Build-nodate/root-part/services/IO.dll -ia %IO% -p 0 -n 0
[SHELL OUT]:	
[SHELL OUT]:	>> 
[SHELL OUT]:	>> 
[SHELL OUT]:	[Parent:00007ff752ea1f16] >>  C:/GitHub/BlockyOS/Build/Build-nodate/disk.img  Base: 133120    ConfBlockSize: 2048    Starting Disk Env ID: 
[SHELL OUT]:	[Parent:00007ff752ea1e53] >>  C:/GitHub/BlockyOS/Build/Build-nodate/disk.img  Base: 133120    ConfBlockSize: 2048    Starting Disk Env ID: 
[SHELL OUT]:	Reading File Info
[SHELL OUT]:	Reading Bytes
[SHELL OUT]:	[Parent:00007ff752ea1ec2] >> Reading [512 bytes(s)->4 block(s)] from LBA[225560(257474560)-225564(257482752)]
[SHELL OUT]:	Closing Disk Interface >> {C:/GitHub/BlockyOS/Build/Build-nodate/disk.img}
[SHELL OUT]:	Writing Bytes
[SHELL OUT]:	[Parent:00007ff752ea2010] >> Wrtiting [512 bytes(s)->4 block(s)] to LBA[225560(257474560)-225564(257482752)]
[SHELL OUT]:	Closing Disk Interface >> {C:/GitHub/BlockyOS/Build/Build-nodate/disk.img}
[SHELL OUT]:	Root is 0000023339a09030
[SHELL OUT]:	Writing File Block at 225561, Item: 1.	Root: [1742780011519050388:147156532550678]
[SHELL OUT]:	[Parent:00007ff752ea1557] >>  C:/GitHub/BlockyOS/Build/Build-nodate/disk.img  Base: 133120    ConfBlockSize: 2048    Starting Disk Env ID: 
[SHELL OUT]:	Writing Bytes
[SHELL OUT]:	[Parent:00007ff752ea1583] >> Wrtiting [2048 bytes(s)->4 block(s)] to LBA[225561(257476608)-225565(257484800)]
[SHELL OUT]:	Closing Disk Interface >> {C:/GitHub/BlockyOS/Build/Build-nodate/disk.img}
[SHELL OUT]:	Writing File Block at 225562, Item: 2.	Root: [1742780011519050388:147156532550678]
[SHELL OUT]:	[Parent:00007ff752ea1557] >>  C:/GitHub/BlockyOS/Build/Build-nodate/disk.img  Base: 133120    ConfBlockSize: 2048    Starting Disk Env ID: 
[SHELL OUT]:	Writing Bytes
[SHELL OUT]:	[Parent:00007ff752ea1583] >> Wrtiting [2048 bytes(s)->4 block(s)] to LBA[225562(257478656)-225566(257486848)]
[SHELL OUT]:	Closing Disk Interface >> {C:/GitHub/BlockyOS/Build/Build-nodate/disk.img}
[SHELL OUT]:	Writing File Block at 225563, Item: 3.	Root: [1742780011519050388:147156532550678]
[SHELL OUT]:	[Parent:00007ff752ea1557] >>  C:/GitHub/BlockyOS/Build/Build-nodate/disk.img  Base: 133120    ConfBlockSize: 2048    Starting Disk Env ID: 
[SHELL OUT]:	Writing Bytes
[SHELL OUT]:	[Parent:00007ff752ea1583] >> Wrtiting [2048 bytes(s)->4 block(s)] to LBA[225563(257480704)-225567(257488896)]
[SHELL OUT]:	Closing Disk Interface >> {C:/GitHub/BlockyOS/Build/Build-nodate/disk.img}
[SHELL OUT]:	Writing File Block at 225564, Item: 4.	Root: [1742780011519050388:147156532550678]
[SHELL OUT]:	[Parent:00007ff752ea1557] >>  C:/GitHub/BlockyOS/Build/Build-nodate/disk.img  Base: 133120    ConfBlockSize: 2048    Starting Disk Env ID: 
[SHELL OUT]:	Writing Bytes
[SHELL OUT]:	[Parent:00007ff752ea1583] >> Wrtiting [2048 bytes(s)->4 block(s)] to LBA[225564(257482752)-225568(257490944)]
[SHELL OUT]:	Closing Disk Interface >> {C:/GitHub/BlockyOS/Build/Build-nodate/disk.img}
[SHELL OUT]:	Writing File Block at 225565, Item: 5.	Root: [1742780011519050388:147156532550678]
[SHELL OUT]:	[Parent:00007ff752ea1557] >>  C:/GitHub/BlockyOS/Build/Build-nodate/disk.img  Base: 133120    ConfBlockSize: 2048    Starting Disk Env ID: 
[SHELL OUT]:	Writing Bytes
[SHELL OUT]:	[Parent:00007ff752ea1583] >> Wrtiting [2048 bytes(s)->4 block(s)] to LBA[225565(257484800)-225569(257492992)]
[SHELL OUT]:	Closing Disk Interface >> {C:/GitHub/BlockyOS/Build/Build-nodate/disk.img}
[SHELL OUT]:	Writing File Block at 225566, Item: 6.	Root: [1742780011519050388:147156532550678]
[SHELL OUT]:	[Parent:00007ff752ea1557] >>  C:/GitHub/BlockyOS/Build/Build-nodate/disk.img  Base: 133120    ConfBlockSize: 2048    Starting Disk Env ID: 
[SHELL OUT]:	Writing Bytes
[SHELL OUT]:	[Parent:00007ff752ea1583] >> Wrtiting [2048 bytes(s)->4 block(s)] to LBA[225566(257486848)-225570(257495040)]
[SHELL OUT]:	Closing Disk Interface >> {C:/GitHub/BlockyOS/Build/Build-nodate/disk.img}
[SHELL OUT]:	Writing File Block at 225567, Item: 7.	Root: [1742780011519050388:147156532550678]
[SHELL OUT]:	[Parent:00007ff752ea1557] >>  C:/GitHub/BlockyOS/Build/Build-nodate/disk.img  Base: 133120    ConfBlockSize: 2048    Starting Disk Env ID: 
[SHELL OUT]:	Writing Bytes
[SHELL OUT]:	[Parent:00007ff752ea1583] >> Wrtiting [2048 bytes(s)->4 block(s)] to LBA[225567(257488896)-225571(257497088)]
[SHELL OUT]:	Closing Disk Interface >> {C:/GitHub/BlockyOS/Build/Build-nodate/disk.img}
[SHELL OUT]:	Writing File Block at 225568, Item: 8.	Root: [1742780011519050388:147156532550678]
[SHELL OUT]:	[Parent:00007ff752ea1557] >>  C:/GitHub/BlockyOS/Build/Build-nodate/disk.img  Base: 133120    ConfBlockSize: 2048    Starting Disk Env ID: 
[SHELL OUT]:	Writing Bytes
[SHELL OUT]:	[Parent:00007ff752ea1583] >> Wrtiting [2048 bytes(s)->4 block(s)] to LBA[225568(257490944)-225572(257499136)]
[SHELL OUT]:	Closing Disk Interface >> {C:/GitHub/BlockyOS/Build/Build-nodate/disk.img}
[SHELL OUT]:	Writing File Block at 225569, Item: 9.	Root: [1742780011519050388:147156532550678]
[SHELL OUT]:	[Parent:00007ff752ea1557] >>  C:/GitHub/BlockyOS/Build/Build-nodate/disk.img  Base: 133120    ConfBlockSize: 2048    Starting Disk Env ID: 
[SHELL OUT]:	Writing Bytes
[SHELL OUT]:	[Parent:00007ff752ea1583] >> Wrtiting [2048 bytes(s)->4 block(s)] to LBA[225569(257492992)-225573(257501184)]
[SHELL OUT]:	Closing Disk Interface >> {C:/GitHub/BlockyOS/Build/Build-nodate/disk.img}
[SHELL OUT]:	Writing File Block at 225570, Item: 10.	Root: [1742780011519050388:147156532550678]
[SHELL OUT]:	[Parent:00007ff752ea1557] >>  C:/GitHub/BlockyOS/Build/Build-nodate/disk.img  Base: 133120    ConfBlockSize: 2048    Starting Disk Env ID: 
[SHELL OUT]:	Writing Bytes
[SHELL OUT]:	[Parent:00007ff752ea1583] >> Wrtiting [2048 bytes(s)->4 block(s)] to LBA[225570(257495040)-225574(257503232)]
[SHELL OUT]:	Closing Disk Interface >> {C:/GitHub/BlockyOS/Build/Build-nodate/disk.img}
[SHELL OUT]:	Writing File Block at 225571, Item: 11.	Root: [1742780011519050388:147156532550678]
[SHELL OUT]:	[Parent:00007ff752ea1557] >>  C:/GitHub/BlockyOS/Build/Build-nodate/disk.img  Base: 133120    ConfBlockSize: 2048    Starting Disk Env ID: 
[SHELL OUT]:	Writing Bytes
[SHELL OUT]:	[Parent:00007ff752ea1583] >> Wrtiting [2048 bytes(s)->4 block(s)] to LBA[225571(257497088)-225575(257505280)]
[SHELL OUT]:	Closing Disk Interface >> {C:/GitHub/BlockyOS/Build/Build-nodate/disk.img}
[SHELL OUT]:	Writing File Block at 225572, Item: 12.	Root: [1742780011519050388:147156532550678]
[SHELL OUT]:	[Parent:00007ff752ea1557] >>  C:/GitHub/BlockyOS/Build/Build-nodate/disk.img  Base: 133120    ConfBlockSize: 2048    Starting Disk Env ID: 
[SHELL OUT]:	Writing Bytes
[SHELL OUT]:	[Parent:00007ff752ea1583] >> Wrtiting [2048 bytes(s)->4 block(s)] to LBA[225572(257499136)-225576(257507328)]
[SHELL OUT]:	Closing Disk Interface >> {C:/GitHub/BlockyOS/Build/Build-nodate/disk.img}
[SHELL OUT]:	Writing File Block at 225573, Item: 13.	Root: [1742780011519050388:147156532550678]
[SHELL OUT]:	[Parent:00007ff752ea1557] >>  C:/GitHub/BlockyOS/Build/Build-nodate/disk.img  Base: 133120    ConfBlockSize: 2048    Starting Disk Env ID: 
[SHELL OUT]:	Writing Bytes
[SHELL OUT]:	[Parent:00007ff752ea1583] >> Wrtiting [2048 bytes(s)->4 block(s)] to LBA[225573(257501184)-225577(257509376)]
[SHELL OUT]:	Closing Disk Interface >> {C:/GitHub/BlockyOS/Build/Build-nodate/disk.img}
[SHELL OUT]:	Writing File Block at 225574, Item: 14.	Root: [1742780011519050388:147156532550678]
[SHELL OUT]:	[Parent:00007ff752ea1557] >>  C:/GitHub/BlockyOS/Build/Build-nodate/disk.img  Base: 133120    ConfBlockSize: 2048    Starting Disk Env ID: 
[SHELL OUT]:	Writing Bytes
[SHELL OUT]:	[Parent:00007ff752ea1583] >> Wrtiting [2048 bytes(s)->4 block(s)] to LBA[225574(257503232)-225578(257511424)]
[SHELL OUT]:	Closing Disk Interface >> {C:/GitHub/BlockyOS/Build/Build-nodate/disk.img}
[SHELL OUT]:	Writing File Block at 225575, Item: 15.	Root: [1742780011519050388:147156532550678]
[SHELL OUT]:	[Parent:00007ff752ea1557] >>  C:/GitHub/BlockyOS/Build/Build-nodate/disk.img  Base: 133120    ConfBlockSize: 2048    Starting Disk Env ID: 
[SHELL OUT]:	Writing Bytes
[SHELL OUT]:	[Parent:00007ff752ea1583] >> Wrtiting [2048 bytes(s)->4 block(s)] to LBA[225575(257505280)-225579(257513472)]
[SHELL OUT]:	Closing Disk Interface >> {C:/GitHub/BlockyOS/Build/Build-nodate/disk.img}
[SHELL OUT]:	Writing File Block at 225576, Item: 16.	Root: [1742780011519050388:147156532550678]
[SHELL OUT]:	[Parent:00007ff752ea1557] >>  C:/GitHub/BlockyOS/Build/Build-nodate/disk.img  Base: 133120    ConfBlockSize: 2048    Starting Disk Env ID: 
[SHELL OUT]:	Writing Bytes
[SHELL OUT]:	[Parent:00007ff752ea1583] >> Wrtiting [2048 bytes(s)->4 block(s)] to LBA[225576(257507328)-225580(257515520)]
[SHELL OUT]:	Closing Disk Interface >> {C:/GitHub/BlockyOS/Build/Build-nodate/disk.img}
[SHELL OUT]:	Writing File Block at 225577, Item: 17.	Root: [1742780011519050388:147156532550678]
[SHELL OUT]:	[Parent:00007ff752ea1557] >>  C:/GitHub/BlockyOS/Build/Build-nodate/disk.img  Base: 133120    ConfBlockSize: 2048    Starting Disk Env ID: 
[SHELL OUT]:	Writing Bytes
[SHELL OUT]:	[Parent:00007ff752ea1583] >> Wrtiting [2048 bytes(s)->4 block(s)] to LBA[225577(257509376)-225581(257517568)]
[SHELL OUT]:	Closing Disk Interface >> {C:/GitHub/BlockyOS/Build/Build-nodate/disk.img}
[SHELL OUT]:	Writing File Block at 225578, Item: 18.	Root: [1742780011519050388:147156532550678]
[SHELL OUT]:	[Parent:00007ff752ea1557] >>  C:/GitHub/BlockyOS/Build/Build-nodate/disk.img  Base: 133120    ConfBlockSize: 2048    Starting Disk Env ID: 
[SHELL OUT]:	Writing Bytes
[SHELL OUT]:	[Parent:00007ff752ea1583] >> Wrtiting [2048 bytes(s)->4 block(s)] to LBA[225578(257511424)-225582(257519616)]
[SHELL OUT]:	Closing Disk Interface >> {C:/GitHub/BlockyOS/Build/Build-nodate/disk.img}
[SHELL OUT]:	Writing File Block at 225579, Item: 19.	Root: [1742780011519050388:147156532550678]
[SHELL OUT]:	[Parent:00007ff752ea1557] >>  C:/GitHub/BlockyOS/Build/Build-nodate/disk.img  Base: 133120    ConfBlockSize: 2048    Starting Disk Env ID: 
[SHELL OUT]:	Writing Bytes
[SHELL OUT]:	[Parent:00007ff752ea1583] >> Wrtiting [2048 bytes(s)->4 block(s)] to LBA[225579(257513472)-225583(257521664)]
[SHELL OUT]:	Closing Disk Interface >> {C:/GitHub/BlockyOS/Build/Build-nodate/disk.img}
[SHELL OUT]:	Writing File Block at 225580, Item: 20.	Root: [1742780011519050388:147156532550678]
[SHELL OUT]:	[Parent:00007ff752ea1557] >>  C:/GitHub/BlockyOS/Build/Build-nodate/disk.img  Base: 133120    ConfBlockSize: 2048    Starting Disk Env ID: 
[SHELL OUT]:	Writing Bytes
[SHELL OUT]:	[Parent:00007ff752ea1583] >> Wrtiting [2048 bytes(s)->4 block(s)] to LBA[225580(257515520)-225584(257523712)]
[SHELL OUT]:	Closing Disk Interface >> {C:/GitHub/BlockyOS/Build/Build-nodate/disk.img}
[SHELL OUT]:	Writing File Block at 225581, Item: 21.	Root: [1742780011519050388:147156532550678]
[SHELL OUT]:	[Parent:00007ff752ea1557] >>  C:/GitHub/BlockyOS/Build/Build-nodate/disk.img  Base: 133120    ConfBlockSize: 2048    Starting Disk Env ID: 
[SHELL OUT]:	Writing Bytes
[SHELL OUT]:	[Parent:00007ff752ea1583] >> Wrtiting [2048 bytes(s)->4 block(s)] to LBA[225581(257517568)-225585(257525760)]
[SHELL OUT]:	Closing Disk Interface >> {C:/GitHub/BlockyOS/Build/Build-nodate/disk.img}
[SHELL OUT]:	Writing File Block at 225582, Item: 22.	Root: [1742780011519050388:147156532550678]
[SHELL OUT]:	[Parent:00007ff752ea1557] >>  C:/GitHub/BlockyOS/Build/Build-nodate/disk.img  Base: 133120    ConfBlockSize: 2048    Starting Disk Env ID: 
[SHELL OUT]:	Writing Bytes
[SHELL OUT]:	[Parent:00007ff752ea1583] >> Wrtiting [2048 bytes(s)->4 block(s)] to LBA[225582(257519616)-225586(257527808)]
[SHELL OUT]:	Closing Disk Interface >> {C:/GitHub/BlockyOS/Build/Build-nodate/disk.img}
[SHELL OUT]:	Writing File Block at 225583, Item: 23.	Root: [1742780011519050388:147156532550678]
[SHELL OUT]:	[Parent:00007ff752ea1557] >>  C:/GitHub/BlockyOS/Build/Build-nodate/disk.img  Base: 133120    ConfBlockSize: 2048    Starting Disk Env ID: 
[SHELL OUT]:	Writing Bytes
[SHELL OUT]:	[Parent:00007ff752ea1583] >> Wrtiting [2048 bytes(s)->4 block(s)] to LBA[225583(257521664)-225587(257529856)]
[SHELL OUT]:	Closing Disk Interface >> {C:/GitHub/BlockyOS/Build/Build-nodate/disk.img}
[SHELL OUT]:	Writing File Block at 225584, Item: 24.	Root: [1742780011519050388:147156532550678]
[SHELL OUT]:	[Parent:00007ff752ea1557] >>  C:/GitHub/BlockyOS/Build/Build-nodate/disk.img  Base: 133120    ConfBlockSize: 2048    Starting Disk Env ID: 
[SHELL OUT]:	Writing Bytes
[SHELL OUT]:	[Parent:00007ff752ea1583] >> Wrtiting [2048 bytes(s)->4 block(s)] to LBA[225584(257523712)-225588(257531904)]
[SHELL OUT]:	Closing Disk Interface >> {C:/GitHub/BlockyOS/Build/Build-nodate/disk.img}
[SHELL OUT]:	Reading File Block at 225585, Item: 25.    Root: [1742780011519050388:147156532550678]
[SHELL OUT]:	[Parent:00007ff752ea10ba] >>  C:/GitHub/BlockyOS/Build/Build-nodate/disk.img  Base: 133120    ConfBlockSize: 2048    Starting Disk Env ID: 
[SHELL OUT]:	Reading Bytes
[SHELL OUT]:	[Parent:00007ff752ea10de] >> Reading [2048 bytes(s)->4 block(s)] from LBA[225585(257525760)-225589(257533952)]
[SHELL OUT]:	Closing Disk Interface >> {C:/GitHub/BlockyOS/Build/Build-nodate/disk.img}
[SHELL OUT]:	Writing File Block at 225585, Item: 25.	Root: [1742780011519050388:147156532550678]
[SHELL OUT]:	[Parent:00007ff752ea1557] >>  C:/GitHub/BlockyOS/Build/Build-nodate/disk.img  Base: 133120    ConfBlockSize: 2048    Starting Disk Env ID: 
[SHELL OUT]:	Writing Bytes
[SHELL OUT]:	[Parent:00007ff752ea1583] >> Wrtiting [2048 bytes(s)->4 block(s)] to LBA[225585(257525760)-225589(257533952)]
[SHELL OUT]:	Closing Disk Interface >> {C:/GitHub/BlockyOS/Build/Build-nodate/disk.img}
[SHELL OUT]:	[0]: ""
