===== Step 1: Compile Bootloaders =====
===== Step 1.1: Compile Legacy BootLoader Blob =====
Legacy bootloader compiled: C:\GitHub\BlockyOS\Build\Build-2026-05-21-53\boot-part\legacyblob.bin
===== Step 1.2: Compile UEFI BootLoader Blob =====
UEFI bootloader compiled: C:\GitHub\BlockyOS\Build\Build-2026-05-21-53\boot-part\efi\boot\bootx64.efi
===== Step 2: Create Disk Layout (GPT) =====
Creating GPT disk: C:\GitHub\BlockyOS\Build\Build-2026-05-21-53\disk.img
===== Step 3: Format Boot Partition (FAT32) =====
Formatting boot partition with FAT32...
Boot partition formatted successfully
===== Step 4: Validating Image =====
Double-verifying Image
Command:  qemu-system-x86_64 -vga std -cpu qemu64 -m 2048 -machine q35 -smp 2 -net none -serial stdio -L C:\GitHub\BlockyOS\compile\toolchain\uefi\default -drive if=pflash,format=raw,readonly=on,file=C:\GitHub\BlockyOS\compile\toolchain\uefi\default\OVMF_CODE.fd -drive unit=0,file=C:\GitHub\BlockyOS\Build\Build-2026-05-21-53\disk.img,format=raw,if=none,id=maindrive -device virtio-blk-pci,drive=maindrive -debugcon file:C:\GitHub\BlockyOS\Build\Build-2026-05-21-53\debugger.log -global isa-debugcon.iobase=0x402 -usb -usbdevice keyboard -usbdevice mouse -display sdl -vga cirrus -drive if=pflash,format=raw,file=C:\GitHub\BlockyOS\compile\toolchain\uefi\default\OVMF_VARS.fd 
[2J[001;001H[=3h[2J[001;001H[2J[001;001H[8;031;100t[2J[001;001H[2J[001;001H[8;056;240t[2J[001;001HBdsDxe: loading Boot0002 "UEFI Misc Device" from PciRoot(0x0)/Pci(0x2,0x0)
BdsDxe: starting Boot0002 "UEFI Misc Device" from PciRoot(0x0)/Pci(0x2,0x0)
Sanity Check[0]
DEBUG: 0x7E85C218; 0x7F5EC018
GUID:
Allocating 64 item(s) of 2 bytes    Out Buffer: 0x7E7C8018
Setting 128 bytes to 0
[C:\GitHub\BlockyOS\src\Boot\UEFI\tools\tools.c:4]{}
[C:\GitHub\BlockyOS\src\Boot\UEFI\tools\tools.c:11]   Freeing Buffer    0x7E7C8018
Intitialising GNU-EFI
Post GNU-EFI Init
Loading Device Tree
Call Error#0: 3    Call Error#1: 3    
Loading Node    ??    [Media(Unknown)]
[WARNING] Zero-length device path node, aborting walkCall #2    "Media(Unknown)"
Call Error#3: 3    Call Error#4: 3    Call Error#5: 3    Call Error#6: 3    Call Error#7: 3    Call Error#8: 3    Call Error#9: 3    
Loading Node    ??    [MemMap(FFC00000-FFC83FFF)]Call #10    "MemMap(FFC00000-FFC83FFF)"
Call Error#11: 3    Call Error#12: 3    Call Error#13: 3    Call Error#14: 3    Call Error#15: 3    Call Error#16: 3    Call Error#17: 3    Call Error#18: 3    Call Error#19: 3    Call Error#20: 3    Call Error#21: 3    Call Error#22: 3    Call Error#23: 3    Call Error#24: 3    Call Error#25: 3    Call Error#26: 3    Call Error#27: 3    Call Error#28: 3    Call Error#29: 3    Call Error#30: 3    Call Error#31: 3    Call Error#32: 3    Call Error#33: 3    Call Error#34: 3    Call Error#35: 3    Call Error#36: 3    Call Error#37: 3    Call Error#38: 3    Call Error#39: 3    Call Error#40: 3    Call Error#41: 3    Call Error#42: 3    Call Error#43: 3    Call Error#44: 3    Call Error#45: 3    Call Error#46: 3    Call Error#47: 3    Call Error#48: 3    Call Error#49: 3    Call Error#50: 3    
Loading Node    ??    [ACPI(HID=0A0341D0    UID=00000000)]Call #51    "ACPI(HID=0A0341D0    UID=00000000)"
Call Error#52: 3    Call Error#53: 3    Call Error#54: 3    Call Error#55: 3    Call Error#56: 3    Call Error#57: 3    Call Error#58: 3    Call Error#59: 3    Call Error#60: 3    Call Error#61: 3    Call Error#62: 3    Call Error#63: 3    Call Error#64: 3    Call Error#65: 3    Call Error#66: 3    Call Error#67: 3    Call Error#68: 3    Call Error#69: 3    Call Error#70: 3    Call Error#71: 3    Call Error#72: 3    Call Error#73: 3    
Loading Node    ??    [Hardware(Unknown)]
[WARNING] Zero-length device path node, aborting walkCall #74    "Hardware(Unknown)"
Call Error#75: 3    Call Error#76: 3    Call Error#77: 3    
Loading Node    ??    [Hardware(Unknown)]
[WARNING] Zero-length device path node, aborting walkCall #78    "Hardware(Unknown)"

Loading Node    ??    [Hardware(Unknown)]
[WARNING] Zero-length device path node, aborting walkCall #79    "Hardware(Unknown)"
Call Error#80: 3    Call Error#81: 3    Call Error#82: 3    Call Error#83: 3    
Loading Node    ??    [Hardware(Unknown)]
[WARNING] Zero-length device path node, aborting walkCall #84    "Hardware(Unknown)"
Call Error#85: 3    Call Error#86: 3    Call Error#87: 3    Call Error#88: 3    Call Error#89: 3    Call Error#90: 3    Call Error#91: 3    Call Error#92: 3    Call Error#93: 3    Call Error#94: 3    Call Error#95: 3    Call Error#96: 3    Call Error#97: 3    Call Error#98: 3    Call Error#99: 3    Call Error#100: 3    Call Error#101: 3    Call Error#102: 3    Call Error#103: 3    Call Error#104: 3    Call Error#105: 3    Call Error#106: 3    Call Error#107: 3    Call Error#108: 3    Call Error#109: 3    Call Error#110: 3    Call Error#111: 3    Call Error#112: 3    Call Error#113: 3    Call Error#114: 3    Call Error#115: 3    Call Error#116: 3    Call Error#117: 3    Call Error#118: 3    Call Error#119: 3    Call Error#120: 3    Call Error#121: 3    Call Error#122: 3    Call Error#123: 3    Call Error#124: 3    Call Error#125: 3    Call Error#126: 3    Call Error#127: 3    Call Error#128: 3    Call Error#129: 3    Call Error#130: 3    Call Error#131: 3    Call Error#132: 3    Call Error#133: 3    Call Error#134: 3    Call Error#135: 3    Call Error#136: 3    Call Error#137: 3    Call Error#138: 3    
Loading Node    ??    [ACPI(HID=0A0341D0    UID=00000000)]
Loading Node    ??    [PCI(0,0)]Call #139    "ACPI(HID=0A0341D0    UID=00000000)"

Loading Node    ??    [ACPI(HID=0A0341D0    UID=00000000)]
Loading Node    ??    [PCI(1,0)]Call #140    "ACPI(HID=0A0341D0    UID=00000000)"

Loading Node    ??    [ACPI(HID=0A0341D0    UID=00000000)]
Loading Node    ??    [PCI(2,0)]Call #141    "ACPI(HID=0A0341D0    UID=00000000)"

Loading Node    ??    [ACPI(HID=0A0341D0    UID=00000000)]
Loading Node    ??    [PCI(29,0)]Call #142    "ACPI(HID=0A0341D0    UID=00000000)"

Loading Node    ??    [ACPI(HID=0A0341D0    UID=00000000)]
Loading Node    ??    [PCI(29,1)]Call #143    "ACPI(HID=0A0341D0    UID=00000000)"

Loading Node    ??    [ACPI(HID=0A0341D0    UID=00000000)]
Loading Node    ??    [PCI(29,2)]Call #144    "ACPI(HID=0A0341D0    UID=00000000)"

Loading Node    ??    [ACPI(HID=0A0341D0    UID=00000000)]
Loading Node    ??    [PCI(29,7)]Call #145    "ACPI(HID=0A0341D0    UID=00000000)"

Loading Node    ??    [ACPI(HID=0A0341D0    UID=00000000)]
Loading Node    ??    [PCI(31,0)]Call #146    "ACPI(HID=0A0341D0    UID=00000000)"

Loading Node    ??    [ACPI(HID=0A0341D0    UID=00000000)]
Loading Node    ??    [PCI(31,2)]Call #147    "ACPI(HID=0A0341D0    UID=00000000)"

Loading Node    ??    [ACPI(HID=0A0341D0    UID=00000000)]
Loading Node    ??    [PCI(31,3)]Call #148    "ACPI(HID=0A0341D0    UID=00000000)"
Call Error#149: 3    
Loading Node    ??    [ACPI(HID=0A0341D0    UID=00000000)]
Loading Node    ??    [PCI(1,0)]
Loading Node    ??    [ACPI(HID=80010100    UID=0004FF7F)]Call #150    "ACPI(HID=0A0341D0    UID=00000000)"
Call Error#151: 3    Call Error#152: 3    
Loading Node    ??    [ACPI(HID=0A0341D0    UID=00000000)]
Loading Node    ??    [PCI(31,0)]
Loading Node    ??    [ACPI(HID=050141D0    UID=00000000)]Call #153    "ACPI(HID=0A0341D0    UID=00000000)"

Loading Node    ??    [ACPI(HID=0A0341D0    UID=00000000)]
Loading Node    ??    [PCI(31,0)]
Loading Node    ??    [ACPI(HID=050141D0    UID=00000001)]Call #154    "ACPI(HID=0A0341D0    UID=00000000)"

Loading Node    ??    [ACPI(HID=0A0341D0    UID=00000000)]
Loading Node    ??    [PCI(31,0)]
Loading Node    ??    [ACPI(HID=030341D0    UID=00000000)]Call #155    "ACPI(HID=0A0341D0    UID=00000000)"

Loading Node    ??    [ACPI(HID=0A0341D0    UID=00000000)]
Loading Node    ??    [PCI(31,0)]
Loading Node    ??    [ACPI(HID=050141D0    UID=00000000)]
Loading Node    ??    [Messaging(Unknown)]
[WARNING] Zero-length device path node, aborting walkCall #156    "ACPI(HID=0A0341D0    UID=00000000)"

Loading Node    ??    [ACPI(HID=0A0341D0    UID=00000000)]
Loading Node    ??    [PCI(31,0)]
Loading Node    ??    [ACPI(HID=050141D0    UID=00000000)]
Loading Node    ??    [Messaging(Unknown)]
[WARNING] Zero-length device path node, aborting walkCall #157    "ACPI(HID=0A0341D0    UID=00000000)"

Loading Node    ??    [ACPI(HID=0A0341D0    UID=00000000)]
Loading Node    ??    [PCI(29,7)]
Loading Node    ??    [USB(Port 0)]Call #158    "ACPI(HID=0A0341D0    UID=00000000)"

Loading Node    ??    [ACPI(HID=0A0341D0    UID=00000000)]
Loading Node    ??    [PCI(29,7)]
Loading Node    ??    [USB(Port 1)]Call #159    "ACPI(HID=0A0341D0    UID=00000000)"

Loading Node    ??    [ACPI(HID=0A0341D0    UID=00000000)]
Loading Node    ??    [PCI(2,0)]
Loading Node    ??    [HD(Part 1    Start 800    End 80000)]Call #160    "ACPI(HID=0A0341D0    UID=00000000)"

Loading Node    ??    [ACPI(HID=0A0341D0    UID=00000000)]
Loading Node    ??    [PCI(2,0)]
Loading Node    ??    [HD(Part 2    Start 80800    End 200000)]Call #161    "ACPI(HID=0A0341D0    UID=00000000)"

Loading Node    ??    [ACPI(HID=0A0341D0    UID=00000000)]
Loading Node    ??    [PCI(2,0)]
Loading Node    ??    [HD(Part 3    Start 280800    End 1)]Call #162    "ACPI(HID=0A0341D0    UID=00000000)"

Loading Node    ??    [ACPI(HID=0A0341D0    UID=00000000)]
Loading Node    ??    [PCI(31,2)]
Loading Node    ??    [SATA(Port 2    PM 65535    Lun 0)]Call #163    "ACPI(HID=0A0341D0    UID=00000000)"
Call Error#164: 3    
[C:\GitHub\BlockyOS\src\Boot\UEFI\bthelper.c:168]   Freeing Buffer    0x7E7C8018
Returning Expanded Node Tree
Opening Socket    Driver: 0  nARGS: 36    Opening FS Socket
[C:\GitHub\BlockyOS\src\Boot\UEFI\drivers\.disk\fs\frat.c:197]  >>  Mounting FS Root: [
Allocating 64 item(s) of 2 bytes    Out Buffer: 0x7E0EEA18
Setting 128 bytes to 0
[C:\GitHub\BlockyOS\src\Boot\UEFI\tools\tools.c:4]{EBD0A0A2-B9E5-4433-A02D-B4B8D3D3F000}
[C:\GitHub\BlockyOS\src\Boot\UEFI\tools\tools.c:11]   Freeing Buffer    0x7E0EEA18]    [
Allocating 64 item(s) of 2 bytes    Out Buffer: 0x7E0EEA18
Setting 128 bytes to 0
[C:\GitHub\BlockyOS\src\Boot\UEFI\tools\tools.c:4]{EBD033A2-B9E5-4433-A02D-B4B8D3D3F000}
[C:\GitHub\BlockyOS\src\Boot\UEFI\tools\tools.c:11]   Freeing Buffer    0x7E0EEA18]
Verifying Disk GPT
[Parent:0x7E0A00AA] >>   ConfBlockSize: 512    Starting Disk Env ID: 
Allocating 64 item(s) of 2 bytes    Out Buffer: 0x7E0EEA18
Setting 128 bytes to 0
[C:\GitHub\BlockyOS\src\Boot\UEFI\tools\tools.c:4]{EBD0A0A2-B9E5-4433-A02D-B4B8D3D3F000}
[C:\GitHub\BlockyOS\src\Boot\UEFI\tools\tools.c:11]   Freeing Buffer    0x7E0EEA18
Allocating 1 item(s) of 56 bytes    Out Buffer: 0x7E0EEA18
Setting 56 bytes to 0
[C:\GitHub\BlockyOS\src\Boot\UEFI\drivers\.disk\raw\raw.c:118]
nHandles:	5
Handle 0: BlockSize=512,    LastBlock=2623490,    LogicalPartition? = FALSE,    MediaId=0,    Status=0
Allocating 512 item(s) of 1 bytes    Out Buffer: 0x7E0EE218
Setting 512 bytes to 0
[C:\GitHub\BlockyOS\src\Boot\UEFI\drivers\.disk\raw\raw.c:30]
Comparing 8 bytes
memcmp Return TRUE
    Target-GUID={
Allocating 64 item(s) of 2 bytes    Out Buffer: 0x7E0EE498
Setting 128 bytes to 0
[C:\GitHub\BlockyOS\src\Boot\UEFI\tools\tools.c:4]{EBD0A0A2-B9E5-4433-A02D-B4B8D3D3F000}
[C:\GitHub\BlockyOS\src\Boot\UEFI\tools\tools.c:11]   Freeing Buffer    0x7E0EE498}    Disk-GUID={
Allocating 64 item(s) of 2 bytes    Out Buffer: 0x7E0EE498
Setting 128 bytes to 0
[C:\GitHub\BlockyOS\src\Boot\UEFI\tools\tools.c:4]{6B98B3C5-0494-48CC-A82E-5935765850B5}
[C:\GitHub\BlockyOS\src\Boot\UEFI\tools\tools.c:11]   Freeing Buffer    0x7E0EE498}
Comparing 16 bytes
memcmp Return FALSE
Found Handle
[C:\GitHub\BlockyOS\src\Boot\UEFI\drivers\.disk\raw\raw.c:51]   Freeing Buffer    0x7E0EE218
[C:\GitHub\BlockyOS\src\Boot\UEFI\drivers\.disk\raw\raw.c:52]   Freeing Buffer    0x7E7C9D98
Rawenv Dump
    IsPart: FALSE
    Real-Block Size: 512
    Calculated-Block Size: 1
Reading Bytes
[Parent:0x7E0A00C4] >> Reading [92 bytes(s)->1 block(s)] to LBA[1(512)-2(1024)]
Allocating 1 item(s) of 512 bytes    Out Buffer: 0x7E0EE218
Setting 512 bytes to 0
[C:\GitHub\BlockyOS\src\Boot\UEFI\drivers\.disk\raw\raw.c:178]    Read ...:0:
GPT Dump:
    Sig: "EFI PART"
    Rev: 65536
    Header-Size: 92
    Header Checksum: 1775024932
    localLBA: 1
    altLBA: 2623490
    firstUsable: 2048
    lastUsable: 2623488
    Disk-GUID: 
Allocating 64 item(s) of 2 bytes    Out Buffer: 0x7E0EE498
Setting 128 bytes to 0
[C:\GitHub\BlockyOS\src\Boot\UEFI\tools\tools.c:4]{6B98B3C5-0494-48CC-A82E-5935765850B5}
[C:\GitHub\BlockyOS\src\Boot\UEFI\tools\tools.c:11]   Freeing Buffer    0x7E0EE498
    Partition-Table: 2
    # of Partition-Entries: 3
    Partition-Entry Size: 128
    Partition-Table Checksum: 801556421
Comparing 8 bytes
memcmp Return TRUE
[C:\GitHub\BlockyOS\src\Boot\UEFI\drivers\.disk\fs\frat.c:37]   Freeing Buffer    0x7E0EE218
Closing Disk Interface >> {
Allocating 64 item(s) of 2 bytes    Out Buffer: 0x7E0EE498
Setting 128 bytes to 0
[C:\GitHub\BlockyOS\src\Boot\UEFI\tools\tools.c:4]{EBD0A0A2-B9E5-4433-A02D-B4B8D3D3F000}
[C:\GitHub\BlockyOS\src\Boot\UEFI\tools\tools.c:11]   Freeing Buffer    0x7E0EE498}
[C:\GitHub\BlockyOS\src\Boot\UEFI\drivers\.disk\raw\raw.c:288]   Freeing Buffer    0x7E0EEA18
GPT Exists? TRUE
[Parent:0x7E0A0E5A] >>   ConfBlockSize: 512    Starting Disk Env ID: 
Allocating 64 item(s) of 2 bytes    Out Buffer: 0x7E0EE498
Setting 128 bytes to 0
[C:\GitHub\BlockyOS\src\Boot\UEFI\tools\tools.c:4]{EBD0A0A2-B9E5-4433-A02D-B4B8D3D3F000}
[C:\GitHub\BlockyOS\src\Boot\UEFI\tools\tools.c:11]   Freeing Buffer    0x7E0EE498
Allocating 1 item(s) of 56 bytes    Out Buffer: 0x7E0EEA18
Setting 56 bytes to 0
[C:\GitHub\BlockyOS\src\Boot\UEFI\drivers\.disk\raw\raw.c:118]
nHandles:	5
Handle 0: BlockSize=512,    LastBlock=2623490,    LogicalPartition? = FALSE,    MediaId=0,    Status=0
Allocating 512 item(s) of 1 bytes    Out Buffer: 0x7E0EE218
Setting 512 bytes to 0
[C:\GitHub\BlockyOS\src\Boot\UEFI\drivers\.disk\raw\raw.c:30]
Comparing 8 bytes
memcmp Return TRUE
    Target-GUID={
Allocating 64 item(s) of 2 bytes    Out Buffer: 0x7E0EE498
Setting 128 bytes to 0
[C:\GitHub\BlockyOS\src\Boot\UEFI\tools\tools.c:4]{EBD0A0A2-B9E5-4433-A02D-B4B8D3D3F000}
[C:\GitHub\BlockyOS\src\Boot\UEFI\tools\tools.c:11]   Freeing Buffer    0x7E0EE498}    Disk-GUID={
Allocating 64 item(s) of 2 bytes    Out Buffer: 0x7E0EE498
Setting 128 bytes to 0
[C:\GitHub\BlockyOS\src\Boot\UEFI\tools\tools.c:4]{6B98B3C5-0494-48CC-A82E-5935765850B5}
[C:\GitHub\BlockyOS\src\Boot\UEFI\tools\tools.c:11]   Freeing Buffer    0x7E0EE498}
Comparing 16 bytes
memcmp Return FALSE
Found Handle
[C:\GitHub\BlockyOS\src\Boot\UEFI\drivers\.disk\raw\raw.c:51]   Freeing Buffer    0x7E0EE218
[C:\GitHub\BlockyOS\src\Boot\UEFI\drivers\.disk\raw\raw.c:52]   Freeing Buffer    0x7E85C518
Rawenv Dump
    IsPart: FALSE
    Real-Block Size: 512
    Calculated-Block Size: 1
Reading Bytes
[Parent:0x7E0A0E74] >> Reading [92 bytes(s)->1 block(s)] to LBA[1(512)-2(1024)]
Allocating 1 item(s) of 512 bytes    Out Buffer: 0x7E0EE218
Setting 512 bytes to 0
[C:\GitHub\BlockyOS\src\Boot\UEFI\drivers\.disk\raw\raw.c:178]    Read ...:0:
[C:\GitHub\BlockyOS\src\Boot\UEFI\drivers\.disk\fs\frat.c:138]  >>  Querying Part Table
Reading Bytes
[Parent:0x7E0A0A0C] >> Reading [384 bytes(s)->1 block(s)] to LBA[2(1024)-3(1536)]
Allocating 1 item(s) of 512 bytes    Out Buffer: 0x7E0EE598
Setting 512 bytes to 0
[C:\GitHub\BlockyOS\src\Boot\UEFI\drivers\.disk\raw\raw.c:178]    Read ...:0:
[C:\GitHub\BlockyOS\src\Boot\UEFI\drivers\.disk\fs\frat.c:146]  >>  GPT-Entry: BOOT{2048:526335 -> 524287}
[C:\GitHub\BlockyOS\src\Boot\UEFI\drivers\.disk\fs\frat.c:160]  >>  Querying FS at 2048
Reading Bytes
[Parent:0x7E0A0C31] >> Reading [36 bytes(s)->1 block(s)] to LBA[2048(1048576)-2049(1049088)]
Allocating 1 item(s) of 512 bytes    Out Buffer: 0x7E7C8018
Setting 512 bytes to 0
[C:\GitHub\BlockyOS\src\Boot\UEFI\drivers\.disk\raw\raw.c:178]    Read ...:0:
FS-Root Blob:
    Version: [0:524288]
    Sig:      ├½<┬ÉBLOCKYOS
    Configured Log Sectors: 2
    Configured Block Size: 63488
    Configured Cluster-Map Size: 16711743
Comparing 16 bytes
memcmp Return FALSE
[C:\GitHub\BlockyOS\src\Boot\UEFI\drivers\.disk\fs\frat.c:191]   Freeing Buffer    0x7E7C8018
[C:\GitHub\BlockyOS\src\Boot\UEFI\drivers\.disk\fs\frat.c:146]  >>  GPT-Entry: ROOT{526336:2623487 -> 2097151}
[C:\GitHub\BlockyOS\src\Boot\UEFI\drivers\.disk\fs\frat.c:160]  >>  Querying FS at 526336
Reading Bytes
[Parent:0x7E0A0C31] >> Reading [36 bytes(s)->1 block(s)] to LBA[526336(269484032)-526337(269484544)]
Allocating 1 item(s) of 512 bytes    Out Buffer: 0x7E7C8018
Setting 512 bytes to 0
[C:\GitHub\BlockyOS\src\Boot\UEFI\drivers\.disk\raw\raw.c:178]    Read ...:0:
FS-Root Blob:
    Version: [0:0]
    Sig:                 
    Configured Log Sectors: 0
    Configured Block Size: 0
    Configured Cluster-Map Size: 0
Comparing 16 bytes
memcmp Return FALSE
[C:\GitHub\BlockyOS\src\Boot\UEFI\drivers\.disk\fs\frat.c:191]   Freeing Buffer    0x7E7C8018
[C:\GitHub\BlockyOS\src\Boot\UEFI\drivers\.disk\fs\frat.c:146]  >>  GPT-Entry: TEST{2623488:2623488 -> 0}
[C:\GitHub\BlockyOS\src\Boot\UEFI\drivers\.disk\fs\frat.c:160]  >>  Querying FS at 2623488
Reading Bytes
[Parent:0x7E0A0C31] >> Reading [36 bytes(s)->1 block(s)] to LBA[2623488(1343225856)-2623489(1343226368)]
Allocating 1 item(s) of 512 bytes    Out Buffer: 0x7E7C8018
Setting 512 bytes to 0
[C:\GitHub\BlockyOS\src\Boot\UEFI\drivers\.disk\raw\raw.c:178]    Read ...:0:
FS-Root Blob:
    Version: [0:0]
    Sig:                 
    Configured Log Sectors: 0
    Configured Block Size: 0
    Configured Cluster-Map Size: 0
Comparing 16 bytes
memcmp Return FALSE
[C:\GitHub\BlockyOS\src\Boot\UEFI\drivers\.disk\fs\frat.c:191]   Freeing Buffer    0x7E7C8018
[C:\GitHub\BlockyOS\src\Boot\UEFI\drivers\.disk\fs\frat.c:154]   Freeing Buffer    0x7E0EE598
[C:\GitHub\BlockyOS\src\Boot\UEFI\drivers\.disk\fs\frat.c:207]   Freeing Buffer    0x7E0EE218
[C:\GitHub\BlockyOS\src\Boot\UEFI\boot.c:37]   Freeing Buffer    0x7E0EE998
Failed to open FS Socket
Allocating 72 item(s) of 1 bytes    Out Buffer: 0x7E0EE998
Setting 72 bytes to 0
[C:\GitHub\BlockyOS\src\Boot\UEFI\tools\tools.c:193]
[C:\GitHub\BlockyOS\src\Boot\UEFI\drivers\.disk\fs\frat.c:85]  >>  Formatting Partition:    ROOT
[C:\GitHub\BlockyOS\src\Boot\UEFI\drivers\.disk\fs\frat.c:49]  >>  Loading Partition:    ROOT
Verifying Disk GPT
[Parent:0x7E0A00AA] >>   ConfBlockSize: 512    Starting Disk Env ID: 
Allocating 64 item(s) of 2 bytes    Out Buffer: 0x7E0EE498
Setting 128 bytes to 0
[C:\GitHub\BlockyOS\src\Boot\UEFI\tools\tools.c:4]{EBD0A0A2-B9E5-4433-A02D-B4B8D3D3F000}
[C:\GitHub\BlockyOS\src\Boot\UEFI\tools\tools.c:11]   Freeing Buffer    0x7E0EE498
Allocating 1 item(s) of 56 bytes    Out Buffer: 0x7E0EE818
Setting 56 bytes to 0
[C:\GitHub\BlockyOS\src\Boot\UEFI\drivers\.disk\raw\raw.c:118]
nHandles:	5
Handle 0: BlockSize=512,    LastBlock=2623490,    LogicalPartition? = FALSE,    MediaId=0,    Status=0
Allocating 512 item(s) of 1 bytes    Out Buffer: 0x7E0EE218
Setting 512 bytes to 0
[C:\GitHub\BlockyOS\src\Boot\UEFI\drivers\.disk\raw\raw.c:30]
Comparing 8 bytes
memcmp Return TRUE
    Target-GUID={
Allocating 64 item(s) of 2 bytes    Out Buffer: 0x7E0EE498
Setting 128 bytes to 0
[C:\GitHub\BlockyOS\src\Boot\UEFI\tools\tools.c:4]{EBD0A0A2-B9E5-4433-A02D-B4B8D3D3F000}
[C:\GitHub\BlockyOS\src\Boot\UEFI\tools\tools.c:11]   Freeing Buffer    0x7E0EE498}    Disk-GUID={
Allocating 64 item(s) of 2 bytes    Out Buffer: 0x7E0EE498
Setting 128 bytes to 0
[C:\GitHub\BlockyOS\src\Boot\UEFI\tools\tools.c:4]{6B98B3C5-0494-48CC-A82E-5935765850B5}
[C:\GitHub\BlockyOS\src\Boot\UEFI\tools\tools.c:11]   Freeing Buffer    0x7E0EE498}
Comparing 16 bytes
memcmp Return FALSE
Found Handle
[C:\GitHub\BlockyOS\src\Boot\UEFI\drivers\.disk\raw\raw.c:51]   Freeing Buffer    0x7E0EE218
[C:\GitHub\BlockyOS\src\Boot\UEFI\drivers\.disk\raw\raw.c:52]   Freeing Buffer    0x7E7C9498
Rawenv Dump
    IsPart: FALSE
    Real-Block Size: 512
    Calculated-Block Size: 1
Reading Bytes
[Parent:0x7E0A00C4] >> Reading [92 bytes(s)->1 block(s)] to LBA[1(512)-2(1024)]
Allocating 1 item(s) of 512 bytes    Out Buffer: 0x7E0EE218
Setting 512 bytes to 0
[C:\GitHub\BlockyOS\src\Boot\UEFI\drivers\.disk\raw\raw.c:178]    Read ...:0:
GPT Dump:
    Sig: "EFI PART"
    Rev: 65536
    Header-Size: 92
    Header Checksum: 1775024932
    localLBA: 1
    altLBA: 2623490
    firstUsable: 2048
    lastUsable: 2623488
    Disk-GUID: 
Allocating 64 item(s) of 2 bytes    Out Buffer: 0x7E0EE498
Setting 128 bytes to 0
[C:\GitHub\BlockyOS\src\Boot\UEFI\tools\tools.c:4]{6B98B3C5-0494-48CC-A82E-5935765850B5}
[C:\GitHub\BlockyOS\src\Boot\UEFI\tools\tools.c:11]   Freeing Buffer    0x7E0EE498
    Partition-Table: 2
    # of Partition-Entries: 3
    Partition-Entry Size: 128
    Partition-Table Checksum: 801556421
Comparing 8 bytes
memcmp Return TRUE
[C:\GitHub\BlockyOS\src\Boot\UEFI\drivers\.disk\fs\frat.c:37]   Freeing Buffer    0x7E0EE218
Closing Disk Interface >> {
Allocating 64 item(s) of 2 bytes    Out Buffer: 0x7E0EE498
Setting 128 bytes to 0
[C:\GitHub\BlockyOS\src\Boot\UEFI\tools\tools.c:4]{EBD0A0A2-B9E5-4433-A02D-B4B8D3D3F000}
[C:\GitHub\BlockyOS\src\Boot\UEFI\tools\tools.c:11]   Freeing Buffer    0x7E0EE498}
[C:\GitHub\BlockyOS\src\Boot\UEFI\drivers\.disk\raw\raw.c:288]   Freeing Buffer    0x7E0EE818
GPT Exists? TRUE
[Parent:0x7E0A0307] >>   ConfBlockSize: 512    Starting Disk Env ID: 
Allocating 64 item(s) of 2 bytes    Out Buffer: 0x7E0EE498
Setting 128 bytes to 0
[C:\GitHub\BlockyOS\src\Boot\UEFI\tools\tools.c:4]{EBD0A0A2-B9E5-4433-A02D-B4B8D3D3F000}
[C:\GitHub\BlockyOS\src\Boot\UEFI\tools\tools.c:11]   Freeing Buffer    0x7E0EE498
Allocating 1 item(s) of 56 bytes    Out Buffer: 0x7E0EE818
Setting 56 bytes to 0
[C:\GitHub\BlockyOS\src\Boot\UEFI\drivers\.disk\raw\raw.c:118]
nHandles:	5
Handle 0: BlockSize=512,    LastBlock=2623490,    LogicalPartition? = FALSE,    MediaId=0,    Status=0
Allocating 512 item(s) of 1 bytes    Out Buffer: 0x7E0EE218
Setting 512 bytes to 0
[C:\GitHub\BlockyOS\src\Boot\UEFI\drivers\.disk\raw\raw.c:30]
Comparing 8 bytes
memcmp Return TRUE
    Target-GUID={
Allocating 64 item(s) of 2 bytes    Out Buffer: 0x7E0EE498
Setting 128 bytes to 0
[C:\GitHub\BlockyOS\src\Boot\UEFI\tools\tools.c:4]{EBD0A0A2-B9E5-4433-A02D-B4B8D3D3F000}
[C:\GitHub\BlockyOS\src\Boot\UEFI\tools\tools.c:11]   Freeing Buffer    0x7E0EE498}    Disk-GUID={
Allocating 64 item(s) of 2 bytes    Out Buffer: 0x7E0EE498
Setting 128 bytes to 0
[C:\GitHub\BlockyOS\src\Boot\UEFI\tools\tools.c:4]{6B98B3C5-0494-48CC-A82E-5935765850B5}
[C:\GitHub\BlockyOS\src\Boot\UEFI\tools\tools.c:11]   Freeing Buffer    0x7E0EE498}
Comparing 16 bytes
memcmp Return FALSE
Found Handle
[C:\GitHub\BlockyOS\src\Boot\UEFI\drivers\.disk\raw\raw.c:51]   Freeing Buffer    0x7E0EE218
[C:\GitHub\BlockyOS\src\Boot\UEFI\drivers\.disk\raw\raw.c:52]   Freeing Buffer    0x7E7C9C98
Rawenv Dump
    IsPart: FALSE
    Real-Block Size: 512
    Calculated-Block Size: 1
Reading Bytes
[Parent:0x7E0A0321] >> Reading [92 bytes(s)->1 block(s)] to LBA[1(512)-2(1024)]
Allocating 1 item(s) of 512 bytes    Out Buffer: 0x7E0EE218
Setting 512 bytes to 0
[C:\GitHub\BlockyOS\src\Boot\UEFI\drivers\.disk\raw\raw.c:178]    Read ...:0:
Reading Bytes
[Parent:0x7E0A034C] >> Reading [384 bytes(s)->1 block(s)] to LBA[2(1024)-3(1536)]
Allocating 1 item(s) of 512 bytes    Out Buffer: 0x7E0EE598
Setting 512 bytes to 0
[C:\GitHub\BlockyOS\src\Boot\UEFI\drivers\.disk\raw\raw.c:178]    Read ...:0:
Closing Disk Interface >> {
Allocating 64 item(s) of 2 bytes    Out Buffer: 0x7E0EE498
Setting 128 bytes to 0
[C:\GitHub\BlockyOS\src\Boot\UEFI\tools\tools.c:4]{EBD0A0A2-B9E5-4433-A02D-B4B8D3D3F000}
[C:\GitHub\BlockyOS\src\Boot\UEFI\tools\tools.c:11]   Freeing Buffer    0x7E0EE498}
[C:\GitHub\BlockyOS\src\Boot\UEFI\drivers\.disk\raw\raw.c:288]   Freeing Buffer    0x7E0EE818
Comparing 72 bytes
memcmp Return FALSE
Comparing 72 bytes
memcmp Return TRUE
[C:\GitHub\BlockyOS\src\Boot\UEFI\drivers\.disk\fs\frat.c:59]   Freeing Buffer    0x7E0EE218
[C:\GitHub\BlockyOS\src\Boot\UEFI\drivers\.disk\fs\frat.c:60]   Freeing Buffer    0x7E0EE598
[C:\GitHub\BlockyOS\src\Boot\UEFI\drivers\.disk\fs\frat.c:62]  >>  Found Partition: 526336:2623487
[Parent:0x7E0A063E] >>   ConfBlockSize: 512    Starting Disk Env ID: 
Allocating 64 item(s) of 2 bytes    Out Buffer: 0x7E0EE498
Setting 128 bytes to 0
[C:\GitHub\BlockyOS\src\Boot\UEFI\tools\tools.c:4]{EBD0A0A2-B9E5-4433-A02D-B4B8D3D3F000}
[C:\GitHub\BlockyOS\src\Boot\UEFI\tools\tools.c:11]   Freeing Buffer    0x7E0EE498
Allocating 1 item(s) of 56 bytes    Out Buffer: 0x7E0EE818
Setting 56 bytes to 0
[C:\GitHub\BlockyOS\src\Boot\UEFI\drivers\.disk\raw\raw.c:118]
nHandles:	5
Handle 0: BlockSize=512,    LastBlock=2623490,    LogicalPartition? = FALSE,    MediaId=0,    Status=0
Allocating 512 item(s) of 1 bytes    Out Buffer: 0x7E0EE598
Setting 512 bytes to 0
[C:\GitHub\BlockyOS\src\Boot\UEFI\drivers\.disk\raw\raw.c:30]
Comparing 8 bytes
memcmp Return TRUE
    Target-GUID={
Allocating 64 item(s) of 2 bytes    Out Buffer: 0x7E0EE498
Setting 128 bytes to 0
[C:\GitHub\BlockyOS\src\Boot\UEFI\tools\tools.c:4]{EBD0A0A2-B9E5-4433-A02D-B4B8D3D3F000}
[C:\GitHub\BlockyOS\src\Boot\UEFI\tools\tools.c:11]   Freeing Buffer    0x7E0EE498}    Disk-GUID={
Allocating 64 item(s) of 2 bytes    Out Buffer: 0x7E0EE498
Setting 128 bytes to 0
[C:\GitHub\BlockyOS\src\Boot\UEFI\tools\tools.c:4]{6B98B3C5-0494-48CC-A82E-5935765850B5}
[C:\GitHub\BlockyOS\src\Boot\UEFI\tools\tools.c:11]   Freeing Buffer    0x7E0EE498}
Comparing 16 bytes
memcmp Return FALSE
Found Handle
[C:\GitHub\BlockyOS\src\Boot\UEFI\drivers\.disk\raw\raw.c:51]   Freeing Buffer    0x7E0EE598
[C:\GitHub\BlockyOS\src\Boot\UEFI\drivers\.disk\raw\raw.c:52]   Freeing Buffer    0x7E7C9498
Rawenv Dump
    IsPart: FALSE
    Real-Block Size: 512
    Calculated-Block Size: 1
[C:\GitHub\BlockyOS\src\Boot\UEFI\drivers\.disk\fs\frat.c:98]  >>  Format Target: 526336:2623487 -> 2097151 LBAs
    Version-Code: [1:0]
    Configured Block-Size: 512
    Configured Cluster-Size: 65536
    Configured # of Log-Sectors: 5
    Configured Log-Size: 70
Allocating 5 item(s) of 512 bytes    Out Buffer: 0x7E7C8018
Setting 2560 bytes to 0
[C:\GitHub\BlockyOS\src\Boot\UEFI\drivers\.disk\fs\frat.c:107]
Copying 16 bytes
Allocating 1 item(s) of 512 bytes    Out Buffer: 0x7E0EE598
Setting 512 bytes to 0
[C:\GitHub\BlockyOS\src\Boot\UEFI\drivers\.disk\raw\raw.c:235]
Writing Bytes
[Parent:0x7E0A07EC] >> Writing [36 bytes(s)->1 block(s)] to LBA[526336(269484032)-526337(269484544)]
Copying 36 bytes    Write ...:0:
Setting 2560 bytes to 0
Allocating 5 item(s) of 512 bytes    Out Buffer: 0x7E0ED018
Setting 2560 bytes to 0
[C:\GitHub\BlockyOS\src\Boot\UEFI\drivers\.disk\raw\raw.c:235]
Writing Bytes
[Parent:0x7E0A082D] >> Writing [2560 bytes(s)->5 block(s)] to LBA[526337(269484544)-526342(269487104)]
Copying 2560 bytes    Write ...:0:
[C:\GitHub\BlockyOS\src\Boot\UEFI\drivers\.disk\fs\frat.c:125]   Freeing Buffer    0x7E7C8018
Allocating 65536 item(s) of 512 bytes    Out Buffer: 0x7C09C018
Setting 33554432 bytes to 0
[C:\GitHub\BlockyOS\src\Boot\UEFI\drivers\.disk\fs\frat.c:126]
Allocating 65536 item(s) of 512 bytes    Out Buffer: 0x79B5B018
Setting 33554432 bytes to 0
[C:\GitHub\BlockyOS\src\Boot\UEFI\drivers\.disk\raw\raw.c:235]
Writing Bytes
[Parent:0x7E0A094A] >> Writing [33554432 bytes(s)->65536 block(s)] to LBA[526343(269487616)-591879(303042048)]
Copying 33554432 bytes    Write ...:0:
[C:\GitHub\BlockyOS\src\Boot\UEFI\drivers\.disk\fs\frat.c:129]   Freeing Buffer    0x7C09C018
Closing Disk Interface >> {
Allocating 64 item(s) of 2 bytes    Out Buffer: 0x7E0EE498
Setting 128 bytes to 0
[C:\GitHub\BlockyOS\src\Boot\UEFI\tools\tools.c:4]{EBD0A0A2-B9E5-4433-A02D-B4B8D3D3F000}
[C:\GitHub\BlockyOS\src\Boot\UEFI\tools\tools.c:11]   Freeing Buffer    0x7E0EE498}
[C:\GitHub\BlockyOS\src\Boot\UEFI\drivers\.disk\raw\raw.c:288]   Freeing Buffer    0x7E0EE818
[C:\GitHub\BlockyOS\src\Boot\UEFI\drivers\.disk\fs\frat.c:132]  >>  Formatted Partition
[C:\GitHub\BlockyOS\src\Boot\UEFI\boot.c:49]   Freeing Buffer    0x7E0EE998
Opening Socket    Driver: 0  nARGS: 36    Opening FS Socket
[C:\GitHub\BlockyOS\src\Boot\UEFI\drivers\.disk\fs\frat.c:197]  >>  Mounting FS Root: [
Allocating 64 item(s) of 2 bytes    Out Buffer: 0x7E0EE498
Setting 128 bytes to 0
[C:\GitHub\BlockyOS\src\Boot\UEFI\tools\tools.c:4]{EBD0A0A2-B9E5-4433-A02D-B4B8D3D3F000}
[C:\GitHub\BlockyOS\src\Boot\UEFI\tools\tools.c:11]   Freeing Buffer    0x7E0EE498]    [
Allocating 64 item(s) of 2 bytes    Out Buffer: 0x7E0EE498
Setting 128 bytes to 0
[C:\GitHub\BlockyOS\src\Boot\UEFI\tools\tools.c:4]{EBD033A2-B9E5-4433-A02D-B4B8D3D3F000}
[C:\GitHub\BlockyOS\src\Boot\UEFI\tools\tools.c:11]   Freeing Buffer    0x7E0EE498]
Verifying Disk GPT
[Parent:0x7E0A00AA] >>   ConfBlockSize: 512    Starting Disk Env ID: 
Allocating 64 item(s) of 2 bytes    Out Buffer: 0x7E0EE498
Setting 128 bytes to 0
[C:\GitHub\BlockyOS\src\Boot\UEFI\tools\tools.c:4]{EBD0A0A2-B9E5-4433-A02D-B4B8D3D3F000}
[C:\GitHub\BlockyOS\src\Boot\UEFI\tools\tools.c:11]   Freeing Buffer    0x7E0EE498
Allocating 1 item(s) of 56 bytes    Out Buffer: 0x7E0EE818
Setting 56 bytes to 0
[C:\GitHub\BlockyOS\src\Boot\UEFI\drivers\.disk\raw\raw.c:118]
nHandles:	5
Handle 0: BlockSize=512,    LastBlock=2623490,    LogicalPartition? = FALSE,    MediaId=0,    Status=0
Allocating 512 item(s) of 1 bytes    Out Buffer: 0x7E0EE218
Setting 512 bytes to 0
[C:\GitHub\BlockyOS\src\Boot\UEFI\drivers\.disk\raw\raw.c:30]
Comparing 8 bytes
memcmp Return TRUE
    Target-GUID={
Allocating 64 item(s) of 2 bytes    Out Buffer: 0x7E0EE498
Setting 128 bytes to 0
[C:\GitHub\BlockyOS\src\Boot\UEFI\tools\tools.c:4]{EBD0A0A2-B9E5-4433-A02D-B4B8D3D3F000}
[C:\GitHub\BlockyOS\src\Boot\UEFI\tools\tools.c:11]   Freeing Buffer    0x7E0EE498}    Disk-GUID={
Allocating 64 item(s) of 2 bytes    Out Buffer: 0x7E0EE498
Setting 128 bytes to 0
[C:\GitHub\BlockyOS\src\Boot\UEFI\tools\tools.c:4]{6B98B3C5-0494-48CC-A82E-5935765850B5}
[C:\GitHub\BlockyOS\src\Boot\UEFI\tools\tools.c:11]   Freeing Buffer    0x7E0EE498}
Comparing 16 bytes
memcmp Return FALSE
Found Handle
[C:\GitHub\BlockyOS\src\Boot\UEFI\drivers\.disk\raw\raw.c:51]   Freeing Buffer    0x7E0EE218
[C:\GitHub\BlockyOS\src\Boot\UEFI\drivers\.disk\raw\raw.c:52]   Freeing Buffer    0x7E7C9E98
Rawenv Dump
    IsPart: FALSE
    Real-Block Size: 512
    Calculated-Block Size: 1
Reading Bytes
[Parent:0x7E0A00C4] >> Reading [92 bytes(s)->1 block(s)] to LBA[1(512)-2(1024)]
Allocating 1 item(s) of 512 bytes    Out Buffer: 0x7E0EE218
Setting 512 bytes to 0
[C:\GitHub\BlockyOS\src\Boot\UEFI\drivers\.disk\raw\raw.c:178]    Read ...:0:
GPT Dump:
    Sig: "EFI PART"
    Rev: 65536
    Header-Size: 92
    Header Checksum: 1775024932
    localLBA: 1
    altLBA: 2623490
    firstUsable: 2048
    lastUsable: 2623488
    Disk-GUID: 
Allocating 64 item(s) of 2 bytes    Out Buffer: 0x7E0EE498
Setting 128 bytes to 0
[C:\GitHub\BlockyOS\src\Boot\UEFI\tools\tools.c:4]{6B98B3C5-0494-48CC-A82E-5935765850B5}
[C:\GitHub\BlockyOS\src\Boot\UEFI\tools\tools.c:11]   Freeing Buffer    0x7E0EE498
    Partition-Table: 2
    # of Partition-Entries: 3
    Partition-Entry Size: 128
    Partition-Table Checksum: 801556421
Comparing 8 bytes
memcmp Return TRUE
[C:\GitHub\BlockyOS\src\Boot\UEFI\drivers\.disk\fs\frat.c:37]   Freeing Buffer    0x7E0EE218
Closing Disk Interface >> {
Allocating 64 item(s) of 2 bytes    Out Buffer: 0x7E0EE498
Setting 128 bytes to 0
[C:\GitHub\BlockyOS\src\Boot\UEFI\tools\tools.c:4]{EBD0A0A2-B9E5-4433-A02D-B4B8D3D3F000}
[C:\GitHub\BlockyOS\src\Boot\UEFI\tools\tools.c:11]   Freeing Buffer    0x7E0EE498}
[C:\GitHub\BlockyOS\src\Boot\UEFI\drivers\.disk\raw\raw.c:288]   Freeing Buffer    0x7E0EE818
GPT Exists? TRUE
[Parent:0x7E0A0E5A] >>   ConfBlockSize: 512    Starting Disk Env ID: 
Allocating 64 item(s) of 2 bytes    Out Buffer: 0x7E0EE498
Setting 128 bytes to 0
[C:\GitHub\BlockyOS\src\Boot\UEFI\tools\tools.c:4]{EBD0A0A2-B9E5-4433-A02D-B4B8D3D3F000}
[C:\GitHub\BlockyOS\src\Boot\UEFI\tools\tools.c:11]   Freeing Buffer    0x7E0EE498
Allocating 1 item(s) of 56 bytes    Out Buffer: 0x7E0EE818
Setting 56 bytes to 0
[C:\GitHub\BlockyOS\src\Boot\UEFI\drivers\.disk\raw\raw.c:118]
nHandles:	5
Handle 0: BlockSize=512,    LastBlock=2623490,    LogicalPartition? = FALSE,    MediaId=0,    Status=0
Allocating 512 item(s) of 1 bytes    Out Buffer: 0x7E0EE218
Setting 512 bytes to 0
[C:\GitHub\BlockyOS\src\Boot\UEFI\drivers\.disk\raw\raw.c:30]
Comparing 8 bytes
memcmp Return TRUE
    Target-GUID={
Allocating 64 item(s) of 2 bytes    Out Buffer: 0x7E0EE498
Setting 128 bytes to 0
[C:\GitHub\BlockyOS\src\Boot\UEFI\tools\tools.c:4]{EBD0A0A2-B9E5-4433-A02D-B4B8D3D3F000}
[C:\GitHub\BlockyOS\src\Boot\UEFI\tools\tools.c:11]   Freeing Buffer    0x7E0EE498}    Disk-GUID={
Allocating 64 item(s) of 2 bytes    Out Buffer: 0x7E0EE498
Setting 128 bytes to 0
[C:\GitHub\BlockyOS\src\Boot\UEFI\tools\tools.c:4]{6B98B3C5-0494-48CC-A82E-5935765850B5}
[C:\GitHub\BlockyOS\src\Boot\UEFI\tools\tools.c:11]   Freeing Buffer    0x7E0EE498}
Comparing 16 bytes
memcmp Return FALSE
Found Handle
[C:\GitHub\BlockyOS\src\Boot\UEFI\drivers\.disk\raw\raw.c:51]   Freeing Buffer    0x7E0EE218
[C:\GitHub\BlockyOS\src\Boot\UEFI\drivers\.disk\raw\raw.c:52]   Freeing Buffer    0x7E7C9798
Rawenv Dump
    IsPart: FALSE
    Real-Block Size: 512
    Calculated-Block Size: 1
Reading Bytes
[Parent:0x7E0A0E74] >> Reading [92 bytes(s)->1 block(s)] to LBA[1(512)-2(1024)]
Allocating 1 item(s) of 512 bytes    Out Buffer: 0x7E0EE218
Setting 512 bytes to 0
[C:\GitHub\BlockyOS\src\Boot\UEFI\drivers\.disk\raw\raw.c:178]    Read ...:0:
[C:\GitHub\BlockyOS\src\Boot\UEFI\drivers\.disk\fs\frat.c:138]  >>  Querying Part Table
Reading Bytes
[Parent:0x7E0A0A0C] >> Reading [384 bytes(s)->1 block(s)] to LBA[2(1024)-3(1536)]
Allocating 1 item(s) of 512 bytes    Out Buffer: 0x7E0EDA98
Setting 512 bytes to 0
[C:\GitHub\BlockyOS\src\Boot\UEFI\drivers\.disk\raw\raw.c:178]    Read ...:0:
[C:\GitHub\BlockyOS\src\Boot\UEFI\drivers\.disk\fs\frat.c:146]  >>  GPT-Entry: BOOT{2048:526335 -> 524287}
[C:\GitHub\BlockyOS\src\Boot\UEFI\drivers\.disk\fs\frat.c:160]  >>  Querying FS at 2048
Reading Bytes
[Parent:0x7E0A0C31] >> Reading [36 bytes(s)->1 block(s)] to LBA[2048(1048576)-2049(1049088)]
Allocating 1 item(s) of 512 bytes    Out Buffer: 0x7E7C8018
Setting 512 bytes to 0
[C:\GitHub\BlockyOS\src\Boot\UEFI\drivers\.disk\raw\raw.c:178]    Read ...:0:
FS-Root Blob:
    Version: [0:524288]
    Sig:      ├½<┬ÉBLOCKYOS
    Configured Log Sectors: 2
    Configured Block Size: 63488
    Configured Cluster-Map Size: 16711743
Comparing 16 bytes
memcmp Return FALSE
[C:\GitHub\BlockyOS\src\Boot\UEFI\drivers\.disk\fs\frat.c:191]   Freeing Buffer    0x7E7C8018
[C:\GitHub\BlockyOS\src\Boot\UEFI\drivers\.disk\fs\frat.c:146]  >>  GPT-Entry: ROOT{526336:2623487 -> 2097151}
[C:\GitHub\BlockyOS\src\Boot\UEFI\drivers\.disk\fs\frat.c:160]  >>  Querying FS at 526336
Reading Bytes
[Parent:0x7E0A0C31] >> Reading [36 bytes(s)->1 block(s)] to LBA[526336(269484032)-526337(269484544)]
Allocating 1 item(s) of 512 bytes    Out Buffer: 0x7E7C8018
Setting 512 bytes to 0
[C:\GitHub\BlockyOS\src\Boot\UEFI\drivers\.disk\raw\raw.c:178]    Read ...:0:
FS-Root Blob:
    Version: [1:0]
    Sig:  FRAT_FILESYSTEM
    Configured Log Sectors: 5
    Configured Block Size: 512
    Configured Cluster-Map Size: 65536
Comparing 16 bytes
memcmp Return TRUE
[C:\GitHub\BlockyOS\src\Boot\UEFI\drivers\.disk\fs\frat.c:185]  >>  FS Found at [526336]:
	Version-Code: [1:0]
	Configured Block-Size: 512
	Configured Cluster-Size: 65536
	Configured # of Log-Sectors: 5
	Configured Log-Size: 70
[C:\GitHub\BlockyOS\src\Boot\UEFI\drivers\.disk\fs\frat.c:191]   Freeing Buffer    0x7E7C8018
[C:\GitHub\BlockyOS\src\Boot\UEFI\drivers\.disk\fs\frat.c:150]   Freeing Buffer    0x7E0EDA98
[C:\GitHub\BlockyOS\src\Boot\UEFI\drivers\.disk\fs\frat.c:206]   Freeing Buffer    0x7E0EE218
[C:\GitHub\BlockyOS\src\Boot\UEFI\drivers\.disk\fs\frat.c:211]  >>  Found Formatted Partition: 526336:2623487 -> 2097151
Reading Bytes
[Parent:0x7E0A0F2C] >> Reading [36 bytes(s)->1 block(s)] to LBA[526336(269484032)-526337(269484544)]
Allocating 1 item(s) of 512 bytes    Out Buffer: 0x7E0EE218
Setting 512 bytes to 0
[C:\GitHub\BlockyOS\src\Boot\UEFI\drivers\.disk\raw\raw.c:178]    Read ...:0:
[C:\GitHub\BlockyOS\src\Boot\UEFI\drivers\.disk\fs\frat.c:224]  >>  Root: 526336:2623487 -> 2097151 LBAs
	Version-Code: [1:0]
	Configured Block-Size: 512
	Configured Cluster-Size: 65536
	Configured # of Log-Sectors: 65536
	Configured Log-Size: 5
Allocating 1 item(s) of 96 bytes    Out Buffer: 0x7E0EE498
Setting 96 bytes to 0
[C:\GitHub\BlockyOS\src\Boot\UEFI\drivers\.disk\fs\frat.c:231]
Reading Bytes
[Parent:0x7E0A10CC] >> Reading [2560 bytes(s)->5 block(s)] to LBA[526337(269484544)-526342(269487104)]
Allocating 1 item(s) of 2560 bytes    Out Buffer: 0x7E7C8018
Setting 2560 bytes to 0
[C:\GitHub\BlockyOS\src\Boot\UEFI\drivers\.disk\raw\raw.c:178]    Read ...:0:
Reading Bytes
[Parent:0x7E0A1133] >> Reading [65536 bytes(s)->128 block(s)] to LBA[526343(269487616)-526471(269553152)]
Allocating 1 item(s) of 65536 bytes    Out Buffer: 0x7E0DC018
Setting 65536 bytes to 0
[C:\GitHub\BlockyOS\src\Boot\UEFI\drivers\.disk\raw\raw.c:178]    Read ...:0:
    Verifying FS Root Items #items: 4096
    #0    F-CODE: 0    Attributes: 0    Index: 0
    #1    F-CODE: 0    Attributes: 0    Index: 0
    #2    F-CODE: 0    Attributes: 0    Index: 0
    #3    F-CODE: 0    Attributes: 0    Index: 0
    #4    F-CODE: 0    Attributes: 0    Index: 0
    #5    F-CODE: 0    Attributes: 0    Index: 0
    #6    F-CODE: 0    Attributes: 0    Index: 0
    #7    F-CODE: 0    Attributes: 0    Index: 0
    #8    F-CODE: 0    Attributes: 0    Index: 0
    #9    F-CODE: 0    Attributes: 0    Index: 0
    #10    F-CODE: 0    Attributes: 0    Index: 0
    #11    F-CODE: 0    Attributes: 0    Index: 0
    #12    F-CODE: 0    Attributes: 0    Index: 0
    #13    F-CODE: 0    Attributes: 0    Index: 0
    #14    F-CODE: 0    Attributes: 0    Index: 0
    #15    F-CODE: 0    Attributes: 0    Index: 0
    #16    F-CODE: 0    Attributes: 0    Index: 0
    #17    F-CODE: 0    Attributes: 0    Index: 0
    #18    F-CODE: 0    Attributes: 0    Index: 0
    #19    F-CODE: 0    Attributes: 0    Index: 0
    #20    F-CODE: 0    Attributes: 0    Index: 0
    #21    F-CODE: 0    Attributes: 0    Index: 0
    #22    F-CODE: 0    Attributes: 0    Index: 0
    #23    F-CODE: 0    Attributes: 0    Index: 0
    #24    F-CODE: 0    Attributes: 0    Index: 0
    #25    F-CODE: 0    Attributes: 0    Index: 0
    #26    F-CODE: 0    Attributes: 0    Index: 0
    #27    F-CODE: 0    Attributes: 0    Index: 0
    #28    F-CODE: 0    Attributes: 0    Index: 0
    #29    F-CODE: 0    Attributes: 0    Index: 0
    #30    F-CODE: 0    Attributes: 0    Index: 0
    #31    F-CODE: 0    Attributes: 0    Index: 0
    #32    F-CODE: 0    Attributes: 0    Index: 0
    #33    F-CODE: 0    Attributes: 0    Index: 0
    #34    F-CODE: 0    Attributes: 0    Index: 0
    #35    F-CODE: 0    Attributes: 0    Index: 0
    #36    F-CODE: 0    Attributes: 0    Index: 0
    #37    F-CODE: 0    Attributes: 0    Index: 0
    #38    F-CODE: 0    Attributes: 0    Index: 0
    #39    F-CODE: 0    Attributes: 0    Index: 0
    #40    F-CODE: 0    Attributes: 0    Index: 0
    #41    F-CODE: 0    Attributes: 0    Index: 0
    #42    F-CODE: 0    Attributes: 0    Index: 0
    #43    F-CODE: 0    Attributes: 0    Index: 0
    #44    F-CODE: 0    Attributes: 0    Index: 0
    #45    F-CODE: 0    Attributes: 0    Index: 0
    #46    F-CODE: 0    Attributes: 0    Index: 0
    #47    F-CODE: 0    Attributes: 0    Index: 0
    #48    F-CODE: 0    Attributes: 0    Index: 0
    #49    F-CODE: 0    Attributes: 0    Index: 0
    #50    F-CODE: 0    Attributes: 0    Index: 0
    #51    F-CODE: 0    Attributes: 0    Index: 0
    #52    F-CODE: 0    Attributes: 0    Index: 0
    #53    F-CODE: 0    Attributes: 0    Index: 0
    #54    F-CODE: 0    Attributes: 0    Index: 0
    #55    F-CODE: 0    Attributes: 0    Index: 0
    #56    F-CODE: 0    Attributes: 0    Index: 0
    #57    F-CODE: 0    Attributes: 0    Index: 0
    #58    F-CODE: 0    Attributes: 0    Index: 0
    #59    F-CODE: 0    Attributes: 0    Index: 0
    #60    F-CODE: 0    Attributes: 0    Index: 0
    #61    F-CODE: 0    Attributes: 0    Index: 0
    #62    F-CODE: 0    Attributes: 0    Index: 0
    #63    F-CODE: 0    Attributes: 0    Index: 0
    #64    F-CODE: 0    Attributes: 0    Index: 0
    #65    F-CODE: 0    Attributes: 0    Index: 0
    #66    F-CODE: 0    Attributes: 0    Index: 0
    #67    F-CODE: 0    Attributes: 0    Index: 0
    #68    F-CODE: 0    Attributes: 0    Index: 0
    #69    F-CODE: 0    Attributes: 0    Index: 0
    #70    F-CODE: 0    Attributes: 0    Index: 0
    #71    F-CODE: 0    Attributes: 0    Index: 0
    #72    F-CODE: 0    Attributes: 0    Index: 0
    #73    F-CODE: 0    Attributes: 0    Index: 0
    #74    F-CODE: 0    Attributes: 0    Index: 0
    #75    F-CODE: 0    Attributes: 0    Index: 0
    #76    F-CODE: 0    Attributes: 0    Index: 0
    #77    F-CODE: 0    Attributes: 0    Index: 0
    #78    F-CODE: 0    Attributes: 0    Index: 0
    #79    F-CODE: 0    Attributes: 0    Index: 0
    #80    F-CODE: 0    Attributes: 0    Index: 0
    #81    F-CODE: 0    Attributes: 0    Index: 0
    #82    F-CODE: 0    Attributes: 0    Index: 0
    #83    F-CODE: 0    Attributes: 0    Index: 0
    #84    F-CODE: 0    Attributes: 0    Index: 0
    #85    F-CODE: 0    Attributes: 0    Index: 0
    #86    F-CODE: 0    Attributes: 0    Index: 0
    #87    F-CODE: 0    Attributes: 0    Index: 0
    #88    F-CODE: 0    Attributes: 0    Index: 0
    #89    F-CODE: 0    Attributes: 0    Index: 0
    #90    F-CODE: 0    Attributes: 0    Index: 0
    #91    F-CODE: 0    Attributes: 0    Index: 0
    #92    F-CODE: 0    Attributes: 0    Index: 0
    #93    F-CODE: 0    Attributes: 0    Index: 0
    #94    F-CODE: 0    Attributes: 0    Index: 0
    #95    F-CODE: 0    Attributes: 0    Index: 0
    #96    F-CODE: 0    Attributes: 0    Index: 0
    #97    F-CODE: 0    Attributes: 0    Index: 0
    #98    F-CODE: 0    Attributes: 0    Index: 0
    #99    F-CODE: 0    Attributes: 0    Index: 0
    #100    F-CODE: 0    Attributes: 0    Index: 0
    #101    F-CODE: 0    Attributes: 0    Index: 0
    #102    F-CODE: 0    Attributes: 0    Index: 0
    #103    F-CODE: 0    Attributes: 0    Index: 0
    #104    F-CODE: 0    Attributes: 0    Index: 0
    #105    F-CODE: 0    Attributes: 0    Index: 0
    #106    F-CODE: 0    Attributes: 0    Index: 0
    #107    F-CODE: 0    Attributes: 0    Index: 0
    #108    F-CODE: 0    Attributes: 0    Index: 0
    #109    F-CODE: 0    Attributes: 0    Index: 0
    #110    F-CODE: 0    Attributes: 0    Index: 0
    #111    F-CODE: 0    Attributes: 0    Index: 0
    #112    F-CODE: 0    Attributes: 0    Index: 0
    #113    F-CODE: 0    Attributes: 0    Index: 0
    #114    F-CODE: 0    Attributes: 0    Index: 0
    #115    F-CODE: 0    Attributes: 0    Index: 0
    #116    F-CODE: 0    Attributes: 0    Index: 0
    #117    F-CODE: 0    Attributes: 0    Index: 0
    #118    F-CODE: 0    Attributes: 0    Index: 0
    #119    F-CODE: 0    Attributes: 0    Index: 0
    #120    F-CODE: 0    Attributes: 0    Index: 0
    #121    F-CODE: 0    Attributes: 0    Index: 0
    #122    F-CODE: 0    Attributes: 0    Index: 0
    #123    F-CODE: 0    Attributes: 0    Index: 0
    #124    F-CODE: 0    Attributes: 0    Index: 0
    #125    F-CODE: 0    Attributes: 0    Index: 0
    #126    F-CODE: 0    Attributes: 0    Index: 0
    #127    F-CODE: 0    Attributes: 0    Index: 0
    #128    F-CODE: 0    Attributes: 0    Index: 0
    #129    F-CODE: 0    Attributes: 0    Index: 0
    #130    F-CODE: 0    Attributes: 0    Index: 0
    #131    F-CODE: 0    Attributes: 0    Index: 0
    #132    F-CODE: 0    Attributes: 0    Index: 0
    #133    F-CODE: 0    Attributes: 0    Index: 0
    #134    F-CODE: 0    Attributes: 0    Index: 0
    #135    F-CODE: 0    Attributes: 0    Index: 0
    #136    F-CODE: 0    Attributes: 0    Index: 0
    #137    F-CODE: 0    Attributes: 0    Index: 0
    #138    F-CODE: 0    Attributes: 0    Index: 0
    #139    F-CODE: 0    Attributes: 0    Index: 0
    #140    F-CODE: 0    Attributes: 0    Index: 0
    #141    F-CODE: 0    Attributes: 0    Index: 0
    #142    F-CODE: 0    Attributes: 0    Index: 0
    #143    F-CODE: 0    Attributes: 0    Index: 0
    #144    F-CODE: 0    Attributes: 0    Index: 0
    #145    F-CODE: 0    Attributes: 0    Index: 0
    #146    F-CODE: 0    Attributes: 0    Index: 0
    #147    F-CODE: 0    Attributes: 0    Index: 0
    #148    F-CODE: 0    Attributes: 0    Index: 0
    #149    F-CODE: 0    Attributes: 0    Index: 0
    #150    F-CODE: 0    Attributes: 0    Index: 0
    #151    F-CODE: 0    Attributes: 0    Index: 0
    #152    F-CODE: 0    Attributes: 0    Index: 0
    #153    F-CODE: 0    Attributes: 0    Index: 0
    #154    F-CODE: 0    Attributes: 0    Index: 0
    #155    F-CODE: 0    Attributes: 0    Index: 0
    #156    F-CODE: 0    Attributes: 0    Index: 0
    #157    F-CODE: 0    Attributes: 0    Index: 0
    #158    F-CODE: 0    Attributes: 0    Index: 0
    #159    F-CODE: 0    Attributes: 0    Index: 0
    #160    F-CODE: 0    Attributes: 0    Index: 0
    #161    F-CODE: 0    Attributes: 0    Index: 0
    #162    F-CODE: 0    Attributes: 0    Index: 0
    #163    F-CODE: 0    Attributes: 0    Index: 0
    #164    F-CODE: 0    Attributes: 0    Index: 0
    #165    F-CODE: 0    Attributes: 0    Index: 0
    #166    F-CODE: 0    Attributes: 0    Index: 0
    #167    F-CODE: 0    Attributes: 0    Index: 0
    #168    F-CODE: 0    Attributes: 0    Index: 0
    #169    F-CODE: 0    Attributes: 0    Index: 0
    #170    F-CODE: 0    Attributes: 0    Index: 0
    #171    F-CODE: 0    Attributes: 0    Index: 0
    #172    F-CODE: 0    Attributes: 0    Index: 0
    #173    F-CODE: 0    Attributes: 0    Index: 0
    #174    F-CODE: 0    Attributes: 0    Index: 0
    #175    F-CODE: 0    Attributes: 0    Index: 0
    #176    F-CODE: 0    Attributes: 0    Index: 0
    #177    F-CODE: 0    Attributes: 0    Index: 0
    #178    F-CODE: 0    Attributes: 0    Index: 0
    #179    F-CODE: 0    Attributes: 0    Index: 0
    #180    F-CODE: 0    Attributes: 0    Index: 0
    #181    F-CODE: 0    Attributes: 0    Index: 0
    #182    F-CODE: 0    Attributes: 0    Index: 0
    #183    F-CODE: 0    Attributes: 0    Index: 0
    #184    F-CODE: 0    Attributes: 0    Index: 0
    #185    F-CODE: 0    Attributes: 0    Index: 0
    #186    F-CODE: 0    Attributes: 0    Index: 0
    #187    F-CODE: 0    Attributes: 0    Index: 0
    #188    F-CODE: 0    Attributes: 0    Index: 0
    #189    F-CODE: 0    Attributes: 0    Index: 0
    #190    F-CODE: 0    Attributes: 0    Index: 0
    #191    F-CODE: 0    Attributes: 0    Index: 0
    #192    F-CODE: 0    Attributes: 0    Index: 0
    #193    F-CODE: 0    Attributes: 0    Index: 0
    #194    F-CODE: 0    Attributes: 0    Index: 0
    #195    F-CODE: 0    Attributes: 0    Index: 0
    #196    F-CODE: 0    Attributes: 0    Index: 0
    #197    F-CODE: 0    Attributes: 0    Index: 0
    #198    F-CODE: 0    Attributes: 0    Index: 0
    #199    F-CODE: 0    Attributes: 0    Index: 0
    #200    F-CODE: 0    Attributes: 0    Index: 0
    #201    F-CODE: 0    Attributes: 0    Index: 0
    #202    F-CODE: 0    Attributes: 0    Index: 0
    #203    F-CODE: 0    Attributes: 0    Index: 0
    #204    F-CODE: 0    Attributes: 0    Index: 0
    #205    F-CODE: 0    Attributes: 0    Index: 0
    #206    F-CODE: 0    Attributes: 0    Index: 0
    #207    F-CODE: 0    Attributes: 0    Index: 0
    #208    F-CODE: 0    Attributes: 0    Index: 0
    #209    F-CODE: 0    Attributes: 0    Index: 0
    #210    F-CODE: 0    Attributes: 0    Index: 0
    #211    F-CODE: 0    Attributes: 0    Index: 0
    #212    F-CODE: 0    Attributes: 0    Index: 0
    #213    F-CODE: 0    Attributes: 0    Index: 0
    #214    F-CODE: 0    Attributes: 0    Index: 0
    #215    F-CODE: 0    Attributes: 0    Index: 0
    #216    F-CODE: 0    Attributes: 0    Index: 0
    #217    F-CODE: 0    Attributes: 0    Index: 0
    #218    F-CODE: 0    Attributes: 0    Index: 0
    #219    F-CODE: 0    Attributes: 0    Index: 0
    #220    F-CODE: 0    Attributes: 0    Index: 0
    #221    F-CODE: 0    Attributes: 0    Index: 0
    #222    F-CODE: 0    Attributes: 0    Index: 0
    #223    F-CODE: 0    Attributes: 0    Index: 0
    #224    F-CODE: 0    Attributes: 0    Index: 0
    #225    F-CODE: 0    Attributes: 0    Index: 0
    #226    F-CODE: 0    Attributes: 0    Index: 0
    #227    F-CODE: 0    Attributes: 0    Index: 0
    #228    F-CODE: 0    Attributes: 0    Index: 0
    #229    F-CODE: 0    Attributes: 0    Index: 0
    #230    F-CODE: 0    Attributes: 0    Index: 0
    #231    F-CODE: 0    Attributes: 0    Index: 0
    #232    F-CODE: 0    Attributes: 0    Index: 0
    #233    F-CODE: 0    Attributes: 0    Index: 0
    #234    F-CODE: 0    Attributes: 0    Index: 0
    #235    F-CODE: 0    Attributes: 0    Index: 0
    #236    F-CODE: 0    Attributes: 0    Index: 0
    #237    F-CODE: 0    Attributes: 0    Index: 0
    #238    F-CODE: 0    Attributes: 0    Index: 0
    #239    F-CODE: 0    Attributes: 0    Index: 0
    #240    F-CODE: 0    Attributes: 0    Index: 0
    #241    F-CODE: 0    Attributes: 0    Index: 0
    #242    F-CODE: 0    Attributes: 0    Index: 0
    #243    F-CODE: 0    Attributes: 0    Index: 0
    #244    F-CODE: 0    Attributes: 0    Index: 0
    #245    F-CODE: 0    Attributes: 0    Index: 0
    #246    F-CODE: 0    Attributes: 0    Index: 0
    #247    F-CODE: 0    Attributes: 0    Index: 0
    #248    F-CODE: 0    Attributes: 0    Index: 0
    #249    F-CODE: 0    Attributes: 0    Index: 0
    #250    F-CODE: 0    Attributes: 0    Index: 0
    #251    F-CODE: 0    Attributes: 0    Index: 0
    #252    F-CODE: 0    Attributes: 0    Index: 0
    #253    F-CODE: 0    Attributes: 0    Index: 0
    #254    F-CODE: 0    Attributes: 0    Index: 0
    #255    F-CODE: 0    Attributes: 0    Index: 0
    #256    F-CODE: 0    Attributes: 0    Index: 0
    #257    F-CODE: 0    Attributes: 0    Index: 0
    #258    F-CODE: 0    Attributes: 0    Index: 0
    #259    F-CODE: 0    Attributes: 0    Index: 0
    #260    F-CODE: 0    Attributes: 0    Index: 0
    #261    F-CODE: 0    Attributes: 0    Index: 0
    #262    F-CODE: 0    Attributes: 0    Index: 0
    #263    F-CODE: 0    Attributes: 0    Index: 0
    #264    F-CODE: 0    Attributes: 0    Index: 0
    #265    F-CODE: 0    Attributes: 0    Index: 0
    #266    F-CODE: 0    Attributes: 0    Index: 0
    #267    F-CODE: 0    Attributes: 0    Index: 0
    #268    F-CODE: 0    Attributes: 0    Index: 0
    #269    F-CODE: 0    Attributes: 0    Index: 0
    #270    F-CODE: 0    Attributes: 0    Index: 0
    #271    F-CODE: 0    Attributes: 0    Index: 0
    #272    F-CODE: 0    Attributes: 0    Index: 0
    #273    F-CODE: 0    Attributes: 0    Index: 0
    #274    F-CODE: 0    Attributes: 0    Index: 0
    #275    F-CODE: 0    Attributes: 0    Index: 0
    #276    F-CODE: 0    Attributes: 0    Index: 0
    #277    F-CODE: 0    Attributes: 0    Index: 0
    #278    F-CODE: 0    Attributes: 0    Index: 0
    #279    F-CODE: 0    Attributes: 0    Index: 0
    #280    F-CODE: 0    Attributes: 0    Index: 0
    #281    F-CODE: 0    Attributes: 0    Index: 0
    #282    F-CODE: 0    Attributes: 0    Index: 0
    #283    F-CODE: 0    Attributes: 0    Index: 0
    #284    F-CODE: 0    Attributes: 0    Index: 0
    #285    F-CODE: 0    Attributes: 0    Index: 0
    #286    F-CODE: 0    Attributes: 0    Index: 0
    #287    F-CODE: 0    Attributes: 0    Index: 0
    #288    F-CODE: 0    Attributes: 0    Index: 0
    #289    F-CODE: 0    Attributes: 0    Index: 0
    #290    F-CODE: 0    Attributes: 0    Index: 0
    #291    F-CODE: 0    Attributes: 0    Index: 0
    #292    F-CODE: 0    Attributes: 0    Index: 0
    #293    F-CODE: 0    Attributes: 0    Index: 0
    #294    F-CODE: 0    Attributes: 0    Index: 0
    #295    F-CODE: 0    Attributes: 0    Index: 0
    #296    F-CODE: 0    Attributes: 0    Index: 0
    #297    F-CODE: 0    Attributes: 0    Index: 0
    #298    F-CODE: 0    Attributes: 0    Index: 0
    #299    F-CODE: 0    Attributes: 0    Index: 0
    #300    F-CODE: 0    Attributes: 0    Index: 0
    #301    F-CODE: 0    Attributes: 0    Index: 0
    #302    F-CODE: 0    Attributes: 0    Index: 0
    #303    F-CODE: 0    Attributes: 0    Index: 0
    #304    F-CODE: 0    Attributes: 0    Index: 0
    #305    F-CODE: 0    Attributes: 0    Index: 0
    #306    F-CODE: 0    Attributes: 0    Index: 0
    #307    F-CODE: 0    Attributes: 0    Index: 0
    #308    F-CODE: 0    Attributes: 0    Index: 0
    #309    F-CODE: 0    Attributes: 0    Index: 0
    #310    F-CODE: 0    Attributes: 0    Index: 0
    #311    F-CODE: 0    Attributes: 0    Index: 0
    #312    F-CODE: 0    Attributes: 0    Index: 0
    #313    F-CODE: 0    Attributes: 0    Index: 0
    #314    F-CODE: 0    Attributes: 0    Index: 0
    #315    F-CODE: 0    Attributes: 0    Index: 0
    #316    F-CODE: 0    Attributes: 0    Index: 0
    #317    F-CODE: 0    Attributes: 0    Index: 0
    #318    F-CODE: 0    Attributes: 0    Index: 0
    #319    F-CODE: 0    Attributes: 0    Index: 0
    #320    F-CODE: 0    Attributes: 0    Index: 0
    #321    F-CODE: 0    Attributes: 0    Index: 0
    #322    F-CODE: 0    Attributes: 0    Index: 0
    #323    F-CODE: 0    Attributes: 0    Index: 0
    #324    F-CODE: 0    Attributes: 0    Index: 0
    #325    F-CODE: 0    Attributes: 0    Index: 0
    #326    F-CODE: 0    Attributes: 0    Index: 0
    #327    F-CODE: 0    Attributes: 0    Index: 0
    #328    F-CODE: 0    Attributes: 0    Index: 0
    #329    F-CODE: 0    Attributes: 0    Index: 0
    #330    F-CODE: 0    Attributes: 0    Index: 0
    #331    F-CODE: 0    Attributes: 0    Index: 0
    #332    F-CODE: 0    Attributes: 0    Index: 0
    #333    F-CODE: 0    Attributes: 0    Index: 0
    #334    F-CODE: 0    Attributes: 0    Index: 0
    #335    F-CODE: 0    Attributes: 0    Index: 0
    #336    F-CODE: 0    Attributes: 0    Index: 0
    #337    F-CODE: 0    Attributes: 0    Index: 0
    #338    F-CODE: 0    Attributes: 0    Index: 0
    #339    F-CODE: 0    Attributes: 0    Index: 0
    #340    F-CODE: 0    Attributes: 0    Index: 0
    #341    F-CODE: 0    Attributes: 0    Index: 0
    #342    F-CODE: 0    Attributes: 0    Index: 0
    #343    F-CODE: 0    Attributes: 0    Index: 0
    #344    F-CODE: 0    Attributes: 0    Index: 0
    #345    F-CODE: 0    Attributes: 0    Index: 0
    #346    F-CODE: 0    Attributes: 0    Index: 0
    #347    F-CODE: 0    Attributes: 0    Index: 0
    #348    F-CODE: 0    Attributes: 0    Index: 0
    #349    F-CODE: 0    Attributes: 0    Index: 0
    #350    F-CODE: 0    Attributes: 0    Index: 0
    #351    F-CODE: 0    Attributes: 0    Index: 0
    #352    F-CODE: 0    Attributes: 0    Index: 0
    #353    F-CODE: 0    Attributes: 0    Index: 0
    #354    F-CODE: 0    Attributes: 0    Index: 0
    #355    F-CODE: 0    Attributes: 0    Index: 0
    #356    F-CODE: 0    Attributes: 0    Index: 0
    #357    F-CODE: 0    Attributes: 0    Index: 0
    #358    F-CODE: 0    Attributes: 0    Index: 0
    #359    F-CODE: 0    Attributes: 0    Index: 0
    #360    F-CODE: 0    Attributes: 0    Index: 0
    #361    F-CODE: 0    Attributes: 0    Index: 0
    #362    F-CODE: 0    Attributes: 0    Index: 0
    #363    F-CODE: 0    Attributes: 0    Index: 0
    #364    F-CODE: 0    Attributes: 0    Index: 0
    #365    F-CODE: 0    Attributes: 0    Index: 0
    #366    F-CODE: 0    Attributes: 0    Index: 0
    #367    F-CODE: 0    Attributes: 0    Index: 0
    #368    F-CODE: 0    Attributes: 0    Index: 0
    #369    F-CODE: 0    Attributes: 0    Index: 0
    #370    F-CODE: 0    Attributes: 0    Index: 0
    #371    F-CODE: 0    Attributes: 0    Index: 0
    #372    F-CODE: 0    Attributes: 0    Index: 0
    #373    F-CODE: 0    Attributes: 0    Index: 0
    #374    F-CODE: 0    Attributes: 0    Index: 0
    #375    F-CODE: 0    Attributes: 0    Index: 0
    #376    F-CODE: 0    Attributes: 0    Index: 0
    #377    F-CODE: 0    Attributes: 0    Index: 0
    #378    F-CODE: 0    Attributes: 0    Index: 0
    #379    F-CODE: 0    Attributes: 0    Index: 0
    #380    F-CODE: 0    Attributes: 0    Index: 0
    #381    F-CODE: 0    Attributes: 0    Index: 0
    #382    F-CODE: 0    Attributes: 0    Index: 0
    #383    F-CODE: 0    Attributes: 0    Index: 0
    #384    F-CODE: 0    Attributes: 0    Index: 0
    #385    F-CODE: 0    Attributes: 0    Index: 0
    #386    F-CODE: 0    Attributes: 0    Index: 0
    #387    F-CODE: 0    Attributes: 0    Index: 0
    #388    F-CODE: 0    Attributes: 0    Index: 0
    #389    F-CODE: 0    Attributes: 0    Index: 0
    #390    F-CODE: 0    Attributes: 0    Index: 0
    #391    F-CODE: 0    Attributes: 0    Index: 0
    #392    F-CODE: 0    Attributes: 0    Index: 0
    #393    F-CODE: 0    Attributes: 0    Index: 0
    #394    F-CODE: 0    Attributes: 0    Index: 0
    #395    F-CODE: 0    Attributes: 0    Index: 0
    #396    F-CODE: 0    Attributes: 0    Index: 0
    #397    F-CODE: 0    Attributes: 0    Index: 0
    #398    F-CODE: 0    Attributes: 0    Index: 0
    #399    F-CODE: 0    Attributes: 0    Index: 0
    #400    F-CODE: 0    Attributes: 0    Index: 0
    #401    F-CODE: 0    Attributes: 0    Index: 0
    #402    F-CODE: 0    Attributes: 0    Index: 0
    #403    F-CODE: 0    Attributes: 0    Index: 0
    #404    F-CODE: 0    Attributes: 0    Index: 0
    #405    F-CODE: 0    Attributes: 0    Index: 0
    #406    F-CODE: 0    Attributes: 0    Index: 0
    #407    F-CODE: 0    Attributes: 0    Index: 0
    #408    F-CODE: 0    Attributes: 0    Index: 0
    #409    F-CODE: 0    Attributes: 0    Index: 0
    #410    F-CODE: 0    Attributes: 0    Index: 0
    #411    F-CODE: 0    Attributes: 0    Index: 0
    #412    F-CODE: 0    Attributes: 0    Index: 0
    #413    F-CODE: 0    Attributes: 0    Index: 0
    #414    F-CODE: 0    Attributes: 0    Index: 0
    #415    F-CODE: 0    Attributes: 0    Index: 0
    #416    F-CODE: 0    Attributes: 0    Index: 0
    #417    F-CODE: 0    Attributes: 0    Index: 0
    #418    F-CODE: 0    Attributes: 0    Index: 0
    #419    F-CODE: 0    Attributes: 0    Index: 0
    #420    F-CODE: 0    Attributes: 0    Index: 0
    #421    F-CODE: 0    Attributes: 0    Index: 0
    #422    F-CODE: 0    Attributes: 0    Index: 0
    #423    F-CODE: 0    Attributes: 0    Index: 0
    #424    F-CODE: 0    Attributes: 0    Index: 0
    #425    F-CODE: 0    Attributes: 0    Index: 0
    #426    F-CODE: 0    Attributes: 0    Index: 0
    #427    F-CODE: 0    Attributes: 0    Index: 0
    #428    F-CODE: 0    Attributes: 0    Index: 0
    #429    F-CODE: 0    Attributes: 0    Index: 0
    #430    F-CODE: 0    Attributes: 0    Index: 0
    #431    F-CODE: 0    Attributes: 0    Index: 0
    #432    F-CODE: 0    Attributes: 0    Index: 0
    #433    F-CODE: 0    Attributes: 0    Index: 0
    #434    F-CODE: 0    Attributes: 0    Index: 0
    #435    F-CODE: 0    Attributes: 0    Index: 0
    #436    F-CODE: 0    Attributes: 0    Index: 0
    #437    F-CODE: 0    Attributes: 0    Index: 0
    #438    F-CODE: 0    Attributes: 0    Index: 0
    #439    F-CODE: 0    Attributes: 0    Index: 0
    #440    F-CODE: 0    Attributes: 0    Index: 0
    #441    F-CODE: 0    Attributes: 0    Index: 0
    #442    F-CODE: 0    Attributes: 0    Index: 0
    #443    F-CODE: 0    Attributes: 0    Index: 0
    #444    F-CODE: 0    Attributes: 0    Index: 0
    #445    F-CODE: 0    Attributes: 0    Index: 0
    #446    F-CODE: 0    Attributes: 0    Index: 0
    #447    F-CODE: 0    Attributes: 0    Index: 0
    #448    F-CODE: 0    Attributes: 0    Index: 0
    #449    F-CODE: 0    Attributes: 0    Index: 0
    #450    F-CODE: 0    Attributes: 0    Index: 0
    #451    F-CODE: 0    Attributes: 0    Index: 0
    #452    F-CODE: 0    Attributes: 0    Index: 0
    #453    F-CODE: 0    Attributes: 0    Index: 0
    #454    F-CODE: 0    Attributes: 0    Index: 0
    #455    F-CODE: 0    Attributes: 0    Index: 0
    #456    F-CODE: 0    Attributes: 0    Index: 0
    #457    F-CODE: 0    Attributes: 0    Index: 0
    #458    F-CODE: 0    Attributes: 0    Index: 0
    #459    F-CODE: 0    Attributes: 0    Index: 0
    #460    F-CODE: 0    Attributes: 0    Index: 0
    #461    F-CODE: 0    Attributes: 0    Index: 0
    #462    F-CODE: 0    Attributes: 0    Index: 0
    #463    F-CODE: 0    Attributes: 0    Index: 0
    #464    F-CODE: 0    Attributes: 0    Index: 0
    #465    F-CODE: 0    Attributes: 0    Index: 0
    #466    F-CODE: 0    Attributes: 0    Index: 0
    #467    F-CODE: 0    Attributes: 0    Index: 0
    #468    F-CODE: 0    Attributes: 0    Index: 0
    #469    F-CODE: 0    Attributes: 0    Index: 0
    #470    F-CODE: 0    Attributes: 0    Index: 0
    #471    F-CODE: 0    Attributes: 0    Index: 0
    #472    F-CODE: 0    Attributes: 0    Index: 0
    #473    F-CODE: 0    Attributes: 0    Index: 0
    #474    F-CODE: 0    Attributes: 0    Index: 0
    #475    F-CODE: 0    Attributes: 0    Index: 0
    #476    F-CODE: 0    Attributes: 0    Index: 0
    #477    F-CODE: 0    Attributes: 0    Index: 0
    #478    F-CODE: 0    Attributes: 0    Index: 0
    #479    F-CODE: 0    Attributes: 0    Index: 0
    #480    F-CODE: 0    Attributes: 0    Index: 0
    #481    F-CODE: 0    Attributes: 0    Index: 0
    #482    F-CODE: 0    Attributes: 0    Index: 0
    #483    F-CODE: 0    Attributes: 0    Index: 0
    #484    F-CODE: 0    Attributes: 0    Index: 0
    #485    F-CODE: 0    Attributes: 0    Index: 0
    #486    F-CODE: 0    Attributes: 0    Index: 0
    #487    F-CODE: 0    Attributes: 0    Index: 0
    #488    F-CODE: 0    Attributes: 0    Index: 0
    #489    F-CODE: 0    Attributes: 0    Index: 0
    #490    F-CODE: 0    Attributes: 0    Index: 0
    #491    F-CODE: 0    Attributes: 0    Index: 0
    #492    F-CODE: 0    Attributes: 0    Index: 0
    #493    F-CODE: 0    Attributes: 0    Index: 0
    #494    F-CODE: 0    Attributes: 0    Index: 0
    #495    F-CODE: 0    Attributes: 0    Index: 0
    #496    F-CODE: 0    Attributes: 0    Index: 0
    #497    F-CODE: 0    Attributes: 0    Index: 0
    #498    F-CODE: 0    Attributes: 0    Index: 0
    #499    F-CODE: 0    Attributes: 0    Index: 0
    #500    F-CODE: 0    Attributes: 0    Index: 0
    #501    F-CODE: 0    Attributes: 0    Index: 0
    #502    F-CODE: 0    Attributes: 0    Index: 0
    #503    F-CODE: 0    Attributes: 0    Index: 0
    #504    F-CODE: 0    Attributes: 0    Index: 0
    #505    F-CODE: 0    Attributes: 0    Index: 0
    #506    F-CODE: 0    Attributes: 0    Index: 0
    #507    F-CODE: 0    Attributes: 0    Index: 0
    #508    F-CODE: 0    Attributes: 0    Index: 0
    #509    F-CODE: 0    Attributes: 0    Index: 0
    #510    F-CODE: 0    Attributes: 0    Index: 0
    #511    F-CODE: 0    Attributes: 0    Index: 0
    #512    F-CODE: 0    Attributes: 0    Index: 0
    #513    F-CODE: 0    Attributes: 0    Index: 0
    #514    F-CODE: 0    Attributes: 0    Index: 0
    #515    F-CODE: 0    Attributes: 0    Index: 0
    #516    F-CODE: 0    Attributes: 0    Index: 0
    #517    F-CODE: 0    Attributes: 0    Index: 0
    #518    F-CODE: 0    Attributes: 0    Index: 0
    #519    F-CODE: 0    Attributes: 0    Index: 0
    #520    F-CODE: 0    Attributes: 0    Index: 0
    #521    F-CODE: 0    Attributes: 0    Index: 0
    #522    F-CODE: 0    Attributes: 0    Index: 0
    #523    F-CODE: 0    Attributes: 0    Index: 0
    #524    F-CODE: 0    Attributes: 0    Index: 0
    #525    F-CODE: 0    Attributes: 0    Index: 0
    #526    F-CODE: 0    Attributes: 0    Index: 0
    #527    F-CODE: 0    Attributes: 0    Index: 0
    #528    F-CODE: 0    Attributes: 0    Index: 0
    #529    F-CODE: 0    Attributes: 0    Index: 0
    #530    F-CODE: 0    Attributes: 0    Index: 0
    #531    F-CODE: 0    Attributes: 0    Index: 0
    #532    F-CODE: 0    Attributes: 0    Index: 0
    #533    F-CODE: 0    Attributes: 0    Index: 0
    #534    F-CODE: 0    Attributes: 0    Index: 0
    #535    F-CODE: 0    Attributes: 0    Index: 0
    #536    F-CODE: 0    Attributes: 0    Index: 0
    #537    F-CODE: 0    Attributes: 0    Index: 0
    #538    F-CODE: 0    Attributes: 0    Index: 0
    #539    F-CODE: 0    Attributes: 0    Index: 0
    #540    F-CODE: 0    Attributes: 0    Index: 0
    #541    F-CODE: 0    Attributes: 0    Index: 0
    #542    F-CODE: 0    Attributes: 0    Index: 0
    #543    F-CODE: 0    Attributes: 0    Index: 0
    #544    F-CODE: 0    Attributes: 0    Index: 0
    #545    F-CODE: 0    Attributes: 0    Index: 0
    #546    F-CODE: 0    Attributes: 0    Index: 0
    #547    F-CODE: 0    Attributes: 0    Index: 0
    #548    F-CODE: 0    Attributes: 0    Index: 0
    #549    F-CODE: 0    Attributes: 0    Index: 0
    #550    F-CODE: 0    Attributes: 0    Index: 0
    #551    F-CODE: 0    Attributes: 0    Index: 0
    #552    F-CODE: 0    Attributes: 0    Index: 0
    #553    F-CODE: 0    Attributes: 0    Index: 0
    #554    F-CODE: 0    Attributes: 0    Index: 0
    #555    F-CODE: 0    Attributes: 0    Index: 0
    #556    F-CODE: 0    Attributes: 0    Index: 0
    #557    F-CODE: 0    Attributes: 0    Index: 0
    #558    F-CODE: 0    Attributes: 0    Index: 0
    #559    F-CODE: 0    Attributes: 0    Index: 0
    #560    F-CODE: 0    Attributes: 0    Index: 0
    #561    F-CODE: 0    Attributes: 0    Index: 0
    #562    F-CODE: 0    Attributes: 0    Index: 0
    #563    F-CODE: 0    Attributes: 0    Index: 0
    #564    F-CODE: 0    Attributes: 0    Index: 0
    #565    F-CODE: 0    Attributes: 0    Index: 0
    #566    F-CODE: 0    Attributes: 0    Index: 0
    #567    F-CODE: 0    Attributes: 0    Index: 0
    #568    F-CODE: 0    Attributes: 0    Index: 0
    #569    F-CODE: 0    Attributes: 0    Index: 0
    #570    F-CODE: 0    Attributes: 0    Index: 0
    #571    F-CODE: 0    Attributes: 0    Index: 0
    #572    F-CODE: 0    Attributes: 0    Index: 0
    #573    F-CODE: 0    Attributes: 0    Index: 0
    #574    F-CODE: 0    Attributes: 0    Index: 0
    #575    F-CODE: 0    Attributes: 0    Index: 0
    #576    F-CODE: 0    Attributes: 0    Index: 0
    #577    F-CODE: 0    Attributes: 0    Index: 0
    #578    F-CODE: 0    Attributes: 0    Index: 0
    #579    F-CODE: 0    Attributes: 0    Index: 0
    #580    F-CODE: 0    Attributes: 0    Index: 0
    #581    F-CODE: 0    Attributes: 0    Index: 0
    #582    F-CODE: 0    Attributes: 0    Index: 0
    #583    F-CODE: 0    Attributes: 0    Index: 0
    #584    F-CODE: 0    Attributes: 0    Index: 0
    #585    F-CODE: 0    Attributes: 0    Index: 0
    #586    F-CODE: 0    Attributes: 0    Index: 0
    #587    F-CODE: 0    Attributes: 0    Index: 0
    #588    F-CODE: 0    Attributes: 0    Index: 0
    #589    F-CODE: 0    Attributes: 0    Index: 0
    #590    F-CODE: 0    Attributes: 0    Index: 0
    #591    F-CODE: 0    Attributes: 0    Index: 0
    #592    F-CODE: 0    Attributes: 0    Index: 0
    #593    F-CODE: 0    Attributes: 0    Index: 0
    #594    F-CODE: 0    Attributes: 0    Index: 0
    #595    F-CODE: 0    Attributes: 0    Index: 0
    #596    F-CODE: 0    Attributes: 0    Index: 0
    #597    F-CODE: 0    Attributes: 0    Index: 0
    #598    F-CODE: 0    Attributes: 0    Index: 0
    #599    F-CODE: 0    Attributes: 0    Index: 0
    #600    F-CODE: 0    Attributes: 0    Index: 0
    #601    F-CODE: 0    Attributes: 0    Index: 0
    #602    F-CODE: 0    Attributes: 0    Index: 0
    #603    F-CODE: 0    Attributes: 0    Index: 0
    #604    F-CODE: 0    Attributes: 0    Index: 0
    #605    F-CODE: 0    Attributes: 0    Index: 0
    #606    F-CODE: 0    Attributes: 0    Index: 0
    #607    F-CODE: 0    Attributes: 0    Index: 0
    #608    F-CODE: 0    Attributes: 0    Index: 0
    #609    F-CODE: 0    Attributes: 0    Index: 0
    #610    F-CODE: 0    Attributes: 0    Index: 0
    #611    F-CODE: 0    Attributes: 0    Index: 0
    #612    F-CODE: 0    Attributes: 0    Index: 0
    #613    F-CODE: 0    Attributes: 0    Index: 0
    #614    F-CODE: 0    Attributes: 0    Index: 0
    #615    F-CODE: 0    Attributes: 0    Index: 0
    #616    F-CODE: 0    Attributes: 0    Index: 0
    #617    F-CODE: 0    Attributes: 0    Index: 0
    #618    F-CODE: 0    Attributes: 0    Index: 0
    #619    F-CODE: 0    Attributes: 0    Index: 0
    #620    F-CODE: 0    Attributes: 0    Index: 0
    #621    F-CODE: 0    Attributes: 0    Index: 0
    #622    F-CODE: 0    Attributes: 0    Index: 0
    #623    F-CODE: 0    Attributes: 0    Index: 0
    #624    F-CODE: 0    Attributes: 0    Index: 0
    #625    F-CODE: 0    Attributes: 0    Index: 0
    #626    F-CODE: 0    Attributes: 0    Index: 0
    #627    F-CODE: 0    Attributes: 0    Index: 0
    #628    F-CODE: 0    Attributes: 0    Index: 0
    #629    F-CODE: 0    Attributes: 0    Index: 0
    #630    F-CODE: 0    Attributes: 0    Index: 0
    #631    F-CODE: 0    Attributes: 0    Index: 0
    #632    F-CODE: 0    Attributes: 0    Index: 0
    #633    F-CODE: 0    Attributes: 0    Index: 0
    #634    F-CODE: 0    Attributes: 0    Index: 0
    #635    F-CODE: 0    Attributes: 0    Index: 0
    #636    F-CODE: 0    Attributes: 0    Index: 0
    #637    F-CODE: 0    Attributes: 0    Index: 0
    #638    F-CODE: 0    Attributes: 0    Index: 0
    #639    F-CODE: 0    Attributes: 0    Index: 0
    #640    F-CODE: 0    Attributes: 0    Index: 0
    #641    F-CODE: 0    Attributes: 0    Index: 0
    #642    F-CODE: 0    Attributes: 0    Index: 0
    #643    F-CODE: 0    Attributes: 0    Index: 0
    #644    F-CODE: 0    Attributes: 0    Index: 0
    #645    F-CODE: 0    Attributes: 0    Index: 0
    #646    F-CODE: 0    Attributes: 0    Index: 0
    #647    F-CODE: 0    Attributes: 0    Index: 0
    #648    F-CODE: 0    Attributes: 0    Index: 0
    #649    F-CODE: 0    Attributes: 0    Index: 0
    #650    F-CODE: 0    Attributes: 0    Index: 0
    #651    F-CODE: 0    Attributes: 0    Index: 0
    #652    F-CODE: 0    Attributes: 0    Index: 0
    #653    F-CODE: 0    Attributes: 0    Index: 0
    #654    F-CODE: 0    Attributes: 0    Index: 0
    #655    F-CODE: 0    Attributes: 0    Index: 0
    #656    F-CODE: 0    Attributes: 0    Index: 0
    #657    F-CODE: 0    Attributes: 0    Index: 0
    #658    F-CODE: 0    Attributes: 0    Index: 0
    #659    F-CODE: 0    Attributes: 0    Index: 0
    #660    F-CODE: 0    Attributes: 0    Index: 0
    #661    F-CODE: 0    Attributes: 0    Index: 0
    #662    F-CODE: 0    Attributes: 0    Index: 0
    #663    F-CODE: 0    Attributes: 0    Index: 0
    #664    F-CODE: 0    Attributes: 0    Index: 0
    #665    F-CODE: 0    Attributes: 0    Index: 0
    #666    F-CODE: 0    Attributes: 0    Index: 0
    #667    F-CODE: 0    Attributes: 0    Index: 0
    #668    F-CODE: 0    Attributes: 0    Index: 0
    #669    F-CODE: 0    Attributes: 0    Index: 0
    #670    F-CODE: 0    Attributes: 0    Index: 0
    #671    F-CODE: 0    Attributes: 0    Index: 0
    #672    F-CODE: 0    Attributes: 0    Index: 0
    #673    F-CODE: 0    Attributes: 0    Index: 0
    #674    F-CODE: 0    Attributes: 0    Index: 0
    #675    F-CODE: 0    Attributes: 0    Index: 0
    #676    F-CODE: 0    Attributes: 0    Index: 0
    #677    F-CODE: 0    Attributes: 0    Index: 0
    #678    F-CODE: 0    Attributes: 0    Index: 0
    #679    F-CODE: 0    Attributes: 0    Index: 0
    #680    F-CODE: 0    Attributes: 0    Index: 0
    #681    F-CODE: 0    Attributes: 0    Index: 0
    #682    F-CODE: 0    Attributes: 0    Index: 0
    #683    F-CODE: 0    Attributes: 0    Index: 0
    #684    F-CODE: 0    Attributes: 0    Index: 0
    #685    F-CODE: 0    Attributes: 0    Index: 0
    #686    F-CODE: 0    Attributes: 0    Index: 0
    #687    F-CODE: 0    Attributes: 0    Index: 0
    #688    F-CODE: 0    Attributes: 0    Index: 0
    #689    F-CODE: 0    Attributes: 0    Index: 0
    #690    F-CODE: 0    Attributes: 0    Index: 0
    #691    F-CODE: 0    Attributes: 0    Index: 0
    #692    F-CODE: 0    Attributes: 0    Index: 0
    #693    F-CODE: 0    Attributes: 0    Index: 0
    #694    F-CODE: 0    Attributes: 0    Index: 0
    #695    F-CODE: 0    Attributes: 0    Index: 0
    #696    F-CODE: 0    Attributes: 0    Index: 0
    #697    F-CODE: 0    Attributes: 0    Index: 0
    #698    F-CODE: 0    Attributes: 0    Index: 0
    #699    F-CODE: 0    Attributes: 0    Index: 0
    #700    F-CODE: 0    Attributes: 0    Index: 0
    #701    F-CODE: 0    Attributes: 0    Index: 0
    #702    F-CODE: 0    Attributes: 0    Index: 0
    #703    F-CODE: 0    Attributes: 0    Index: 0
    #704    F-CODE: 0    Attributes: 0    Index: 0
    #705    F-CODE: 0    Attributes: 0    Index: 0
    #706    F-CODE: 0    Attributes: 0    Index: 0
    #707    F-CODE: 0    Attributes: 0    Index: 0
    #708    F-CODE: 0    Attributes: 0    Index: 0
    #709    F-CODE: 0    Attributes: 0    Index: 0
    #710    F-CODE: 0    Attributes: 0    Index: 0
    #711    F-CODE: 0    Attributes: 0    Index: 0
    #712    F-CODE: 0    Attributes: 0    Index: 0
    #713    F-CODE: 0    Attributes: 0    Index: 0
    #714    F-CODE: 0    Attributes: 0    Index: 0
    #715    F-CODE: 0    Attributes: 0    Index: 0
    #716    F-CODE: 0    Attributes: 0    Index: 0
    #717    F-CODE: 0    Attributes: 0    Index: 0
    #718    F-CODE: 0    Attributes: 0    Index: 0
    #719    F-CODE: 0    Attributes: 0    Index: 0
    #720    F-CODE: 0    Attributes: 0    Index: 0
    #721    F-CODE: 0    Attributes: 0    Index: 0
    #722    F-CODE: 0    Attributes: 0    Index: 0
    #723    F-CODE: 0    Attributes: 0    Index: 0
    #724    F-CODE: 0    Attributes: 0    Index: 0
    #725    F-CODE: 0    Attributes: 0    Index: 0
    #726    F-CODE: 0    Attributes: 0    Index: 0
    #727    F-CODE: 0    Attributes: 0    Index: 0
    #728    F-CODE: 0    Attributes: 0    Index: 0
    #729    F-CODE: 0    Attributes: 0    Index: 0
    #730    F-CODE: 0    Attributes: 0    Index: 0
    #731    F-CODE: 0    Attributes: 0    Index: 0
    #732    F-CODE: 0    Attributes: 0    Index: 0
    #733    F-CODE: 0    Attributes: 0    Index: 0
    #734    F-CODE: 0    Attributes: 0    Index: 0
    #735    F-CODE: 0    Attributes: 0    Index: 0
    #736    F-CODE: 0    Attributes: 0    Index: 0
    #737    F-CODE: 0    Attributes: 0    Index: 0
    #738    F-CODE: 0    Attributes: 0    Index: 0
    #739    F-CODE: 0    Attributes: 0    Index: 0
    #740    F-CODE: 0    Attributes: 0    Index: 0
    #741    F-CODE: 0    Attributes: 0    Index: 0
    #742    F-CODE: 0    Attributes: 0    Index: 0
    #743    F-CODE: 0    Attributes: 0    Index: 0
    #744    F-CODE: 0    Attributes: 0    Index: 0
    #745    F-CODE: 0    Attributes: 0    Index: 0
    #746    F-CODE: 0    Attributes: 0    Index: 0
    #747    F-CODE: 0    Attributes: 0    Index: 0
    #748    F-CODE: 0    Attributes: 0    Index: 0
    #749    F-CODE: 0    Attributes: 0    Index: 0
    #750    F-CODE: 0    Attributes: 0    Index: 0
    #751    F-CODE: 0    Attributes: 0    Index: 0
    #752    F-CODE: 0    Attributes: 0    Index: 0
    #753    F-CODE: 0    Attributes: 0    Index: 0
    #754    F-CODE: 0    Attributes: 0    Index: 0
    #755    F-CODE: 0    Attributes: 0    Index: 0
    #756    F-CODE: 0    Attributes: 0    Index: 0
    #757    F-CODE: 0    Attributes: 0    Index: 0
    #758    F-CODE: 0    Attributes: 0    Index: 0
    #759    F-CODE: 0    Attributes: 0    Index: 0
    #760    F-CODE: 0    Attributes: 0    Index: 0
    #761    F-CODE: 0    Attributes: 0    Index: 0
    #762    F-CODE: 0    Attributes: 0    Index: 0
    #763    F-CODE: 0    Attributes: 0    Index: 0
    #764    F-CODE: 0    Attributes: 0    Index: 0
    #765    F-CODE: 0    Attributes: 0    Index: 0
    #766    F-CODE: 0    Attributes: 0    Index: 0
    #767    F-CODE: 0    Attributes: 0    Index: 0
    #768    F-CODE: 0    Attributes: 0    Index: 0
    #769    F-CODE: 0    Attributes: 0    Index: 0
    #770    F-CODE: 0    Attributes: 0    Index: 0
    #771    F-CODE: 0    Attributes: 0    Index: 0
    #772    F-CODE: 0    Attributes: 0    Index: 0
    #773    F-CODE: 0    Attributes: 0    Index: 0
    #774    F-CODE: 0    Attributes: 0    Index: 0
    #775    F-CODE: 0    Attributes: 0    Index: 0
    #776    F-CODE: 0    Attributes: 0    Index: 0
    #777    F-CODE: 0    Attributes: 0    Index: 0
    #778    F-CODE: 0    Attributes: 0    Index: 0
    #779    F-CODE: 0    Attributes: 0    Index: 0
    #780    F-CODE: 0    Attributes: 0    Index: 0
    #781    F-CODE: 0    Attributes: 0    Index: 0
    #782    F-CODE: 0    Attributes: 0    Index: 0
    #783    F-CODE: 0    Attributes: 0    Index: 0
    #784    F-CODE: 0    Attributes: 0    Index: 0
    #785    F-CODE: 0    Attributes: 0    Index: 0
    #786    F-CODE: 0    Attributes: 0    Index: 0
    #787    F-CODE: 0    Attributes: 0    Index: 0
    #788    F-CODE: 0    Attributes: 0    Index: 0
    #789    F-CODE: 0    Attributes: 0    Index: 0
    #790    F-CODE: 0    Attributes: 0    Index: 0
    #791    F-CODE: 0    Attributes: 0    Index: 0
    #792    F-CODE: 0    Attributes: 0    Index: 0
    #793    F-CODE: 0    Attributes: 0    Index: 0
    #794    F-CODE: 0    Attributes: 0    Index: 0
    #795    F-CODE: 0    Attributes: 0    Index: 0
    #796    F-CODE: 0    Attributes: 0    Index: 0
    #797    F-CODE: 0    Attributes: 0    Index: 0
    #798    F-CODE: 0    Attributes: 0    Index: 0
    #799    F-CODE: 0    Attributes: 0    Index: 0
    #800    F-CODE: 0    Attributes: 0    Index: 0
    #801    F-CODE: 0    Attributes: 0    Index: 0
    #802    F-CODE: 0    Attributes: 0    Index: 0
    #803    F-CODE: 0    Attributes: 0    Index: 0
    #804    F-CODE: 0    Attributes: 0    Index: 0
    #805    F-CODE: 0    Attributes: 0    Index: 0
    #806    F-CODE: 0    Attributes: 0    Index: 0
    #807    F-CODE: 0    Attributes: 0    Index: 0
    #808    F-CODE: 0    Attributes: 0    Index: 0
    #809    F-CODE: 0    Attributes: 0    Index: 0
    #810    F-CODE: 0    Attributes: 0    Index: 0
    #811    F-CODE: 0    Attributes: 0    Index: 0
    #812    F-CODE: 0    Attributes: 0    Index: 0
    #813    F-CODE: 0    Attributes: 0    Index: 0
    #814    F-CODE: 0    Attributes: 0    Index: 0
    #815    F-CODE: 0    Attributes: 0    Index: 0
    #816    F-CODE: 0    Attributes: 0    Index: 0
    #817    F-CODE: 0    Attributes: 0    Index: 0
    #818    F-CODE: 0    Attributes: 0    Index: 0
    #819    F-CODE: 0    Attributes: 0    Index: 0
    #820    F-CODE: 0    Attributes: 0    Index: 0
    #821    F-CODE: 0    Attributes: 0    Index: 0
    #822    F-CODE: 0    Attributes: 0    Index: 0
    #823    F-CODE: 0    Attributes: 0    Index: 0
    #824    F-CODE: 0    Attributes: 0    Index: 0
    #825    F-CODE: 0    Attributes: 0    Index: 0
    #826    F-CODE: 0    Attributes: 0    Index: 0
    #827    F-CODE: 0    Attributes: 0    Index: 0
    #828    F-CODE: 0    Attributes: 0    Index: 0
    #829    F-CODE: 0    Attributes: 0    Index: 0
    #830    F-CODE: 0    Attributes: 0    Index: 0
    #831    F-CODE: 0    Attributes: 0    Index: 0
    #832    F-CODE: 0    Attributes: 0    Index: 0
    #833    F-CODE: 0    Attributes: 0    Index: 0
    #834    F-CODE: 0    Attributes: 0    Index: 0
    #835    F-CODE: 0    Attributes: 0    Index: 0
    #836    F-CODE: 0    Attributes: 0    Index: 0
    #837    F-CODE: 0    Attributes: 0    Index: 0
    #838    F-CODE: 0    Attributes: 0    Index: 0
    #839    F-CODE: 0    Attributes: 0    Index: 0
    #840    F-CODE: 0    Attributes: 0    Index: 0
    #841    F-CODE: 0    Attributes: 0    Index: 0
    #842    F-CODE: 0    Attributes: 0    Index: 0
    #843    F-CODE: 0    Attributes: 0    Index: 0
    #844    F-CODE: 0    Attributes: 0    Index: 0
    #845    F-CODE: 0    Attributes: 0    Index: 0
    #846    F-CODE: 0    Attributes: 0    Index: 0
    #847    F-CODE: 0    Attributes: 0    Index: 0
    #848    F-CODE: 0    Attributes: 0    Index: 0
    #849    F-CODE: 0    Attributes: 0    Index: 0
    #850    F-CODE: 0    Attributes: 0    Index: 0
    #851    F-CODE: 0    Attributes: 0    Index: 0
    #852    F-CODE: 0    Attributes: 0    Index: 0
    #853    F-CODE: 0    Attributes: 0    Index: 0
    #854    F-CODE: 0    Attributes: 0    Index: 0
    #855    F-CODE: 0    Attributes: 0    Index: 0
    #856    F-CODE: 0    Attributes: 0    Index: 0
    #857    F-CODE: 0    Attributes: 0    Index: 0
    #858    F-CODE: 0    Attributes: 0    Index: 0
    #859    F-CODE: 0    Attributes: 0    Index: 0
    #860    F-CODE: 0    Attributes: 0    Index: 0
    #861    F-CODE: 0    Attributes: 0    Index: 0
    #862    F-CODE: 0    Attributes: 0    Index: 0
    #863    F-CODE: 0    Attributes: 0    Index: 0
    #864    F-CODE: 0    Attributes: 0    Index: 0
    #865    F-CODE: 0    Attributes: 0    Index: 0
    #866    F-CODE: 0    Attributes: 0    Index: 0
    #867    F-CODE: 0    Attributes: 0    Index: 0
    #868    F-CODE: 0    Attributes: 0    Index: 0
    #869    F-CODE: 0    Attributes: 0    Index: 0
    #870    F-CODE: 0    Attributes: 0    Index: 0
    #871    F-CODE: 0    Attributes: 0    Index: 0
    #872    F-CODE: 0    Attributes: 0    Index: 0
    #873    F-CODE: 0    Attributes: 0    Index: 0
    #874    F-CODE: 0    Attributes: 0    Index: 0
    #875    F-CODE: 0    Attributes: 0    Index: 0
    #876    F-CODE: 0    Attributes: 0    Index: 0
    #877    F-CODE: 0    Attributes: 0    Index: 0
    #878    F-CODE: 0    Attributes: 0    Index: 0
    #879    F-CODE: 0    Attributes: 0    Index: 0
    #880    F-CODE: 0    Attributes: 0    Index: 0
    #881    F-CODE: 0    Attributes: 0    Index: 0
    #882    F-CODE: 0    Attributes: 0    Index: 0
    #883    F-CODE: 0    Attributes: 0    Index: 0
    #884    F-CODE: 0    Attributes: 0    Index: 0
    #885    F-CODE: 0    Attributes: 0    Index: 0
    #886    F-CODE: 0    Attributes: 0    Index: 0
    #887    F-CODE: 0    Attributes: 0    Index: 0
    #888    F-CODE: 0    Attributes: 0    Index: 0
    #889    F-CODE: 0    Attributes: 0    Index: 0
    #890    F-CODE: 0    Attributes: 0    Index: 0
    #891    F-CODE: 0    Attributes: 0    Index: 0
    #892    F-CODE: 0    Attributes: 0    Index: 0
    #893    F-CODE: 0    Attributes: 0    Index: 0
    #894    F-CODE: 0    Attributes: 0    Index: 0
    #895    F-CODE: 0    Attributes: 0    Index: 0
    #896    F-CODE: 0    Attributes: 0    Index: 0
    #897    F-CODE: 0    Attributes: 0    Index: 0
    #898    F-CODE: 0    Attributes: 0    Index: 0
    #899    F-CODE: 0    Attributes: 0    Index: 0
    #900    F-CODE: 0    Attributes: 0    Index: 0
    #901    F-CODE: 0    Attributes: 0    Index: 0
    #902    F-CODE: 0    Attributes: 0    Index: 0
    #903    F-CODE: 0    Attributes: 0    Index: 0
    #904    F-CODE: 0    Attributes: 0    Index: 0
    #905    F-CODE: 0    Attributes: 0    Index: 0
    #906    F-CODE: 0    Attributes: 0    Index: 0
    #907    F-CODE: 0    Attributes: 0    Index: 0
    #908    F-CODE: 0    Attributes: 0    Index: 0
    #909    F-CODE: 0    Attributes: 0    Index: 0
    #910    F-CODE: 0    Attributes: 0    Index: 0
    #911    F-CODE: 0    Attributes: 0    Index: 0
    #912    F-CODE: 0    Attributes: 0    Index: 0
    #913    F-CODE: 0    Attributes: 0    Index: 0
    #914    F-CODE: 0    Attributes: 0    Index: 0
    #915    F-CODE: 0    Attributes: 0    Index: 0
    #916    F-CODE: 0    Attributes: 0    Index: 0
    #917    F-CODE: 0    Attributes: 0    Index: 0
    #918    F-CODE: 0    Attributes: 0    Index: 0
    #919    F-CODE: 0    Attributes: 0    Index: 0
    #920    F-CODE: 0    Attributes: 0    Index: 0
    #921    F-CODE: 0    Attributes: 0    Index: 0
    #922    F-CODE: 0    Attributes: 0    Index: 0
    #923    F-CODE: 0    Attributes: 0    Index: 0
    #924    F-CODE: 0    Attributes: 0    Index: 0
    #925    F-CODE: 0    Attributes: 0    Index: 0
    #926    F-CODE: 0    Attributes: 0    Index: 0
    #927    F-CODE: 0    Attributes: 0    Index: 0
    #928    F-CODE: 0    Attributes: 0    Index: 0
    #929    F-CODE: 0    Attributes: 0    Index: 0
    #930    F-CODE: 0    Attributes: 0    Index: 0
    #931    F-CODE: 0    Attributes: 0    Index: 0
    #932    F-CODE: 0    Attributes: 0    Index: 0
    #933    F-CODE: 0    Attributes: 0    Index: 0
    #934    F-CODE: 0    Attributes: 0    Index: 0
    #935    F-CODE: 0    Attributes: 0    Index: 0
    #936    F-CODE: 0    Attributes: 0    Index: 0
    #937    F-CODE: 0    Attributes: 0    Index: 0
    #938    F-CODE: 0    Attributes: 0    Index: 0
    #939    F-CODE: 0    Attributes: 0    Index: 0
    #940    F-CODE: 0    Attributes: 0    Index: 0
    #941    F-CODE: 0    Attributes: 0    Index: 0
    #942    F-CODE: 0    Attributes: 0    Index: 0
    #943    F-CODE: 0    Attributes: 0    Index: 0
    #944    F-CODE: 0    Attributes: 0    Index: 0
    #945    F-CODE: 0    Attributes: 0    Index: 0
    #946    F-CODE: 0    Attributes: 0    Index: 0
    #947    F-CODE: 0    Attributes: 0    Index: 0
    #948    F-CODE: 0    Attributes: 0    Index: 0
    #949    F-CODE: 0    Attributes: 0    Index: 0
    #950    F-CODE: 0    Attributes: 0    Index: 0
    #951    F-CODE: 0    Attributes: 0    Index: 0
    #952    F-CODE: 0    Attributes: 0    Index: 0
    #953    F-CODE: 0    Attributes: 0    Index: 0
    #954    F-CODE: 0    Attributes: 0    Index: 0
    #955    F-CODE: 0    Attributes: 0    Index: 0
    #956    F-CODE: 0    Attributes: 0    Index: 0
    #957    F-CODE: 0    Attributes: 0    Index: 0
    #958    F-CODE: 0    Attributes: 0    Index: 0
    #959    F-CODE: 0    Attributes: 0    Index: 0
    #960    F-CODE: 0    Attributes: 0    Index: 0
    #961    F-CODE: 0    Attributes: 0    Index: 0
    #962    F-CODE: 0    Attributes: 0    Index: 0
    #963    F-CODE: 0    Attributes: 0    Index: 0
    #964    F-CODE: 0    Attributes: 0    Index: 0
    #965    F-CODE: 0    Attributes: 0    Index: 0
    #966    F-CODE: 0    Attributes: 0    Index: 0
    #967    F-CODE: 0    Attributes: 0    Index: 0
    #968    F-CODE: 0    Attributes: 0    Index: 0
    #969    F-CODE: 0    Attributes: 0    Index: 0
    #970    F-CODE: 0    Attributes: 0    Index: 0
    #971    F-CODE: 0    Attributes: 0    Index: 0
    #972    F-CODE: 0    Attributes: 0    Index: 0
    #973    F-CODE: 0    Attributes: 0    Index: 0
    #974    F-CODE: 0    Attributes: 0    Index: 0
    #975    F-CODE: 0    Attributes: 0    Index: 0
    #976    F-CODE: 0    Attributes: 0    Index: 0
    #977    F-CODE: 0    Attributes: 0    Index: 0
    #978    F-CODE: 0    Attributes: 0    Index: 0
    #979    F-CODE: 0    Attributes: 0    Index: 0
    #980    F-CODE: 0    Attributes: 0    Index: 0
    #981    F-CODE: 0    Attributes: 0    Index: 0
    #982    F-CODE: 0    Attributes: 0    Index: 0
    #983    F-CODE: 0    Attributes: 0    Index: 0
    #984    F-CODE: 0    Attributes: 0    Index: 0
    #985    F-CODE: 0    Attributes: 0    Index: 0
    #986    F-CODE: 0    Attributes: 0    Index: 0
    #987    F-CODE: 0    Attributes: 0    Index: 0
    #988    F-CODE: 0    Attributes: 0    Index: 0
    #989    F-CODE: 0    Attributes: 0    Index: 0
    #990    F-CODE: 0    Attributes: 0    Index: 0
    #991    F-CODE: 0    Attributes: 0    Index: 0
    #992    F-CODE: 0    Attributes: 0    Index: 0
    #993    F-CODE: 0    Attributes: 0    Index: 0
    #994    F-CODE: 0    Attributes: 0    Index: 0
    #995    F-CODE: 0    Attributes: 0    Index: 0
    #996    F-CODE: 0    Attributes: 0    Index: 0
    #997    F-CODE: 0    Attributes: 0    Index: 0
    #998    F-CODE: 0    Attributes: 0    Index: 0
    #999    F-CODE: 0    Attributes: 0    Index: 0
    #1000    F-CODE: 0    Attributes: 0    Index: 0
    #1001    F-CODE: 0    Attributes: 0    Index: 0
    #1002    F-CODE: 0    Attributes: 0    Index: 0
    #1003    F-CODE: 0    Attributes: 0    Index: 0
    #1004    F-CODE: 0    Attributes: 0    Index: 0
    #1005    F-CODE: 0    Attributes: 0    Index: 0
    #1006    F-CODE: 0    Attributes: 0    Index: 0
    #1007    F-CODE: 0    Attributes: 0    Index: 0
    #1008    F-CODE: 0    Attributes: 0    Index: 0
    #1009    F-CODE: 0    Attributes: 0    Index: 0
    #1010    F-CODE: 0    Attributes: 0    Index: 0
    #1011    F-CODE: 0    Attributes: 0    Index: 0
    #1012    F-CODE: 0    Attributes: 0    Index: 0
    #1013    F-CODE: 0    Attributes: 0    Index: 0
    #1014    F-CODE: 0    Attributes: 0    Index: 0
    #1015    F-CODE: 0    Attributes: 0    Index: 0
    #1016    F-CODE: 0    Attributes: 0    Index: 0
    #1017    F-CODE: 0    Attributes: 0    Index: 0
    #1018    F-CODE: 0    Attributes: 0    Index: 0
    #1019    F-CODE: 0    Attributes: 0    Index: 0
    #1020    F-CODE: 0    Attributes: 0    Index: 0
    #1021    F-CODE: 0    Attributes: 0    Index: 0
    #1022    F-CODE: 0    Attributes: 0    Index: 0
    #1023    F-CODE: 0    Attributes: 0    Index: 0
    #1024    F-CODE: 0    Attributes: 0    Index: 0
    #1025    F-CODE: 0    Attributes: 0    Index: 0
    #1026    F-CODE: 0    Attributes: 0    Index: 0
    #1027    F-CODE: 0    Attributes: 0    Index: 0
    #1028    F-CODE: 0    Attributes: 0    Index: 0
    #1029    F-CODE: 0    Attributes: 0    Index: 0
    #1030    F-CODE: 0    Attributes: 0    Index: 0
    #1031    F-CODE: 0    Attributes: 0    Index: 0
    #1032    F-CODE: 0    Attributes: 0    Index: 0
    #1033    F-CODE: 0    Attributes: 0    Index: 0
    #1034    F-CODE: 0    Attributes: 0    Index: 0
    #1035    F-CODE: 0    Attributes: 0    Index: 0
    #1036    F-CODE: 0    Attributes: 0    Index: 0
    #1037    F-CODE: 0    Attributes: 0    Index: 0
    #1038    F-CODE: 0    Attributes: 0    Index: 0
    #1039    F-CODE: 0    Attributes: 0    Index: 0
    #1040    F-CODE: 0    Attributes: 0    Index: 0
    #1041    F-CODE: 0    Attributes: 0    Index: 0
    #1042    F-CODE: 0    Attributes: 0    Index: 0
    #1043    F-CODE: 0    Attributes: 0    Index: 0
    #1044    F-CODE: 0    Attributes: 0    Index: 0
    #1045    F-CODE: 0    Attributes: 0    Index: 0
    #1046    F-CODE: 0    Attributes: 0    Index: 0
    #1047    F-CODE: 0    Attributes: 0    Index: 0
    #1048    F-CODE: 0    Attributes: 0    Index: 0
    #1049    F-CODE: 0    Attributes: 0    Index: 0
    #1050    F-CODE: 0    Attributes: 0    Index: 0
    #1051    F-CODE: 0    Attributes: 0    Index: 0
    #1052    F-CODE: 0    Attributes: 0    Index: 0
    #1053    F-CODE: 0    Attributes: 0    Index: 0
    #1054    F-CODE: 0    Attributes: 0    Index: 0
    #1055    F-CODE: 0    Attributes: 0    Index: 0
    #1056    F-CODE: 0    Attributes: 0    Index: 0
    #1057    F-CODE: 0    Attributes: 0    Index: 0
    #1058    F-CODE: 0    Attributes: 0    Index: 0
    #1059    F-CODE: 0    Attributes: 0    Index: 0
    #1060    F-CODE: 0    Attributes: 0    Index: 0
    #1061    F-CODE: 0    Attributes: 0    Index: 0
    #1062    F-CODE: 0    Attributes: 0    Index: 0
    #1063    F-CODE: 0    Attributes: 0    Index: 0
    #1064    F-CODE: 0    Attributes: 0    Index: 0
    #1065    F-CODE: 0    Attributes: 0    Index: 0
    #1066    F-CODE: 0    Attributes: 0    Index: 0
    #1067    F-CODE: 0    Attributes: 0    Index: 0
    #1068    F-CODE: 0    Attributes: 0    Index: 0
    #1069    F-CODE: 0    Attributes: 0    Index: 0
    #1070    F-CODE: 0    Attributes: 0    Index: 0
    #1071    F-CODE: 0    Attributes: 0    Index: 0
    #1072    F-CODE: 0    Attributes: 0    Index: 0
    #1073    F-CODE: 0    Attributes: 0    Index: 0
    #1074    F-CODE: 0    Attributes: 0    Index: 0
    #1075    F-CODE: 0    Attributes: 0    Index: 0
    #1076    F-CODE: 0    Attributes: 0    Index: 0
    #1077    F-CODE: 0    Attributes: 0    Index: 0
    #1078    F-CODE: 0    Attributes: 0    Index: 0
    #1079    F-CODE: 0    Attributes: 0    Index: 0
    #1080    F-CODE: 0    Attributes: 0    Index: 0
    #1081    F-CODE: 0    Attributes: 0    Index: 0
    #1082    F-CODE: 0    Attributes: 0    Index: 0
    #1083    F-CODE: 0    Attributes: 0    Index: 0
    #1084    F-CODE: 0    Attributes: 0    Index: 0
    #1085    F-CODE: 0    Attributes: 0    Index: 0
    #1086    F-CODE: 0    Attributes: 0    Index: 0
    #1087    F-CODE: 0    Attributes: 0    Index: 0
    #1088    F-CODE: 0    Attributes: 0    Index: 0
    #1089    F-CODE: 0    Attributes: 0    Index: 0
    #1090    F-CODE: 0    Attributes: 0    Index: 0
    #1091    F-CODE: 0    Attributes: 0    Index: 0
    #1092    F-CODE: 0    Attributes: 0    Index: 0
    #1093    F-CODE: 0    Attributes: 0    Index: 0
    #1094    F-CODE: 0    Attributes: 0    Index: 0
    #1095    F-CODE: 0    Attributes: 0    Index: 0
    #1096    F-CODE: 0    Attributes: 0    Index: 0
    #1097    F-CODE: 0    Attributes: 0    Index: 0
    #1098    F-CODE: 0    Attributes: 0    Index: 0
    #1099    F-CODE: 0    Attributes: 0    Index: 0
    #1100    F-CODE: 0    Attributes: 0    Index: 0
    #1101    F-CODE: 0    Attributes: 0    Index: 0
    #1102    F-CODE: 0    Attributes: 0    Index: 0
    #1103    F-CODE: 0    Attributes: 0    Index: 0
    #1104    F-CODE: 0    Attributes: 0    Index: 0
    #1105    F-CODE: 0    Attributes: 0    Index: 0
    #1106    F-CODE: 0    Attributes: 0    Index: 0
    #1107    F-CODE: 0    Attributes: 0    Index: 0
    #1108    F-CODE: 0    Attributes: 0    Index: 0
    #1109    F-CODE: 0    Attributes: 0    Index: 0
    #1110    F-CODE: 0    Attributes: 0    Index: 0
    #1111    F-CODE: 0    Attributes: 0    Index: 0
    #1112    F-CODE: 0    Attributes: 0    Index: 0
    #1113    F-CODE: 0    Attributes: 0    Index: 0
    #1114    F-CODE: 0    Attributes: 0    Index: 0
    #1115    F-CODE: 0    Attributes: 0    Index: 0
    #1116    F-CODE: 0    Attributes: 0    Index: 0
    #1117    F-CODE: 0    Attributes: 0    Index: 0
    #1118    F-CODE: 0    Attributes: 0    Index: 0
    #1119    F-CODE: 0    Attributes: 0    Index: 0
    #1120    F-CODE: 0    Attributes: 0    Index: 0
    #1121    F-CODE: 0    Attributes: 0    Index: 0
    #1122    F-CODE: 0    Attributes: 0    Index: 0
    #1123    F-CODE: 0    Attributes: 0    Index: 0
    #1124    F-CODE: 0    Attributes: 0    Index: 0
    #1125    F-CODE: 0    Attributes: 0    Index: 0
    #1126    F-CODE: 0    Attributes: 0    Index: 0
    #1127    F-CODE: 0    Attributes: 0    Index: 0
    #1128    F-CODE: 0    Attributes: 0    Index: 0
    #1129    F-CODE: 0    Attributes: 0    Index: 0
    #1130    F-CODE: 0    Attributes: 0    Index: 0
    #1131    F-CODE: 0    Attributes: 0    Index: 0
    #1132    F-CODE: 0    Attributes: 0    Index: 0
    #1133    F-CODE: 0    Attributes: 0    Index: 0
    #1134    F-CODE: 0    Attributes: 0    Index: 0
    #1135    F-CODE: 0    Attributes: 0    Index: 0
    #1136    F-CODE: 0    Attributes: 0    Index: 0
    #1137    F-CODE: 0    Attributes: 0    Index: 0
    #1138    F-CODE: 0    Attributes: 0    Index: 0
    #1139    F-CODE: 0    Attributes: 0    Index: 0
    #1140    F-CODE: 0    Attributes: 0    Index: 0
    #1141    F-CODE: 0    Attributes: 0    Index: 0
    #1142    F-CODE: 0    Attributes: 0    Index: 0
    #1143    F-CODE: 0    Attributes: 0    Index: 0
    #1144    F-CODE: 0    Attributes: 0    Index: 0
    #1145    F-CODE: 0    Attributes: 0    Index: 0
    #1146    F-CODE: 0    Attributes: 0    Index: 0
    #1147    F-CODE: 0    Attributes: 0    Index: 0
    #1148    F-CODE: 0    Attributes: 0    Index: 0
    #1149    F-CODE: 0    Attributes: 0    Index: 0
    #1150    F-CODE: 0    Attributes: 0    Index: 0
    #1151    F-CODE: 0    Attributes: 0    Index: 0
    #1152    F-CODE: 0    Attributes: 0    Index: 0
    #1153    F-CODE: 0    Attributes: 0    Index: 0
    #1154    F-CODE: 0    Attributes: 0    Index: 0
    #1155    F-CODE: 0    Attributes: 0    Index: 0
    #1156    F-CODE: 0    Attributes: 0    Index: 0
    #1157    F-CODE: 0    Attributes: 0    Index: 0
    #1158    F-CODE: 0    Attributes: 0    Index: 0
    #1159    F-CODE: 0    Attributes: 0    Index: 0
    #1160    F-CODE: 0    Attributes: 0    Index: 0
    #1161    F-CODE: 0    Attributes: 0    Index: 0
    #1162    F-CODE: 0    Attributes: 0    Index: 0
    #1163    F-CODE: 0    Attributes: 0    Index: 0
    #1164    F-CODE: 0    Attributes: 0    Index: 0
    #1165    F-CODE: 0    Attributes: 0    Index: 0
    #1166    F-CODE: 0    Attributes: 0    Index: 0
    #1167    F-CODE: 0    Attributes: 0    Index: 0
    #1168    F-CODE: 0    Attributes: 0    Index: 0
    #1169    F-CODE: 0    Attributes: 0    Index: 0
    #1170    F-CODE: 0    Attributes: 0    Index: 0
    #1171    F-CODE: 0    Attributes: 0    Index: 0
    #1172    F-CODE: 0    Attributes: 0    Index: 0
    #1173    F-CODE: 0    Attributes: 0    Index: 0
    #1174    F-CODE: 0    Attributes: 0    Index: 0
    #1175    F-CODE: 0    Attributes: 0    Index: 0
    #1176    F-CODE: 0    Attributes: 0    Index: 0
    #1177    F-CODE: 0    Attributes: 0    Index: 0
    #1178    F-CODE: 0    Attributes: 0    Index: 0
    #1179    F-CODE: 0    Attributes: 0    Index: 0
    #1180    F-CODE: 0    Attributes: 0    Index: 0
    #1181    F-CODE: 0    Attributes: 0    Index: 0
    #1182    F-CODE: 0    Attributes: 0    Index: 0
    #1183    F-CODE: 0    Attributes: 0    Index: 0
    #1184    F-CODE: 0    Attributes: 0    Index: 0
    #1185    F-CODE: 0    Attributes: 0    Index: 0
    #1186    F-CODE: 0    Attributes: 0    Index: 0
    #1187    F-CODE: 0    Attributes: 0    Index: 0
    #1188    F-CODE: 0    Attributes: 0    Index: 0
    #1189    F-CODE: 0    Attributes: 0    Index: 0
    #1190    F-CODE: 0    Attributes: 0    Index: 0
    #1191    F-CODE: 0    Attributes: 0    Index: 0
    #1192    F-CODE: 0    Attributes: 0    Index: 0
    #1193    F-CODE: 0    Attributes: 0    Index: 0
    #1194    F-CODE: 0    Attributes: 0    Index: 0
    #1195    F-CODE: 0    Attributes: 0    Index: 0
    #1196    F-CODE: 0    Attributes: 0    Index: 0
    #1197    F-CODE: 0    Attributes: 0    Index: 0
    #1198    F-CODE: 0    Attributes: 0    Index: 0
    #1199    F-CODE: 0    Attributes: 0    Index: 0
    #1200    F-CODE: 0    Attributes: 0    Index: 0
    #1201    F-CODE: 0    Attributes: 0    Index: 0
    #1202    F-CODE: 0    Attributes: 0    Index: 0
    #1203    F-CODE: 0    Attributes: 0    Index: 0
    #1204    F-CODE: 0    Attributes: 0    Index: 0
    #1205    F-CODE: 0    Attributes: 0    Index: 0
    #1206    F-CODE: 0    Attributes: 0    Index: 0
    #1207    F-CODE: 0    Attributes: 0    Index: 0
    #1208    F-CODE: 0    Attributes: 0    Index: 0
    #1209    F-CODE: 0    Attributes: 0    Index: 0
    #1210    F-CODE: 0    Attributes: 0    Index: 0
    #1211    F-CODE: 0    Attributes: 0    Index: 0
    #1212    F-CODE: 0    Attributes: 0    Index: 0
    #1213    F-CODE: 0    Attributes: 0    Index: 0
    #1214    F-CODE: 0    Attributes: 0    Index: 0
    #1215    F-CODE: 0    Attributes: 0    Index: 0
    #1216    F-CODE: 0    Attributes: 0    Index: 0
    #1217    F-CODE: 0    Attributes: 0    Index: 0
    #1218    F-CODE: 0    Attributes: 0    Index: 0
    #1219    F-CODE: 0    Attributes: 0    Index: 0
    #1220    F-CODE: 0    Attributes: 0    Index: 0
    #1221    F-CODE: 0    Attributes: 0    Index: 0
    #1222    F-CODE: 0    Attributes: 0    Index: 0
    #1223    F-CODE: 0    Attributes: 0    Index: 0
    #1224    F-CODE: 0    Attributes: 0    Index: 0
    #1225    F-CODE: 0    Attributes: 0    Index: 0
    #1226    F-CODE: 0    Attributes: 0    Index: 0
    #1227    F-CODE: 0    Attributes: 0    Index: 0
    #1228    F-CODE: 0    Attributes: 0    Index: 0
    #1229    F-CODE: 0    Attributes: 0    Index: 0
    #1230    F-CODE: 0    Attributes: 0    Index: 0
    #1231    F-CODE: 0    Attributes: 0    Index: 0
    #1232    F-CODE: 0    Attributes: 0    Index: 0
    #1233    F-CODE: 0    Attributes: 0    Index: 0
    #1234    F-CODE: 0    Attributes: 0    Index: 0
    #1235    F-CODE: 0    Attributes: 0    Index: 0
    #1236    F-CODE: 0    Attributes: 0    Index: 0
    #1237    F-CODE: 0    Attributes: 0    Index: 0
    #1238    F-CODE: 0    Attributes: 0    Index: 0
    #1239    F-CODE: 0    Attributes: 0    Index: 0
    #1240    F-CODE: 0    Attributes: 0    Index: 0
    #1241    F-CODE: 0    Attributes: 0    Index: 0
    #1242    F-CODE: 0    Attributes: 0    Index: 0
    #1243    F-CODE: 0    Attributes: 0    Index: 0
    #1244    F-CODE: 0    Attributes: 0    Index: 0
    #1245    F-CODE: 0    Attributes: 0    Index: 0
    #1246    F-CODE: 0    Attributes: 0    Index: 0
    #1247    F-CODE: 0    Attributes: 0    Index: 0
    #1248    F-CODE: 0    Attributes: 0    Index: 0
    #1249    F-CODE: 0    Attributes: 0    Index: 0
    #1250    F-CODE: 0    Attributes: 0    Index: 0
    #1251    F-CODE: 0    Attributes: 0    Index: 0
    #1252    F-CODE: 0    Attributes: 0    Index: 0
    #1253    F-CODE: 0    Attributes: 0    Index: 0
    #1254    F-CODE: 0    Attributes: 0    Index: 0
    #1255    F-CODE: 0    Attributes: 0    Index: 0
    #1256    F-CODE: 0    Attributes: 0    Index: 0
    #1257    F-CODE: 0    Attributes: 0    Index: 0
    #1258    F-CODE: 0    Attributes: 0    Index: 0
    #1259    F-CODE: 0    Attributes: 0    Index: 0
    #1260    F-CODE: 0    Attributes: 0    Index: 0
    #1261    F-CODE: 0    Attributes: 0    Index: 0
    #1262    F-CODE: 0    Attributes: 0    Index: 0
    #1263    F-CODE: 0    Attributes: 0    Index: 0
    #1264    F-CODE: 0    Attributes: 0    Index: 0
    #1265    F-CODE: 0    Attributes: 0    Index: 0
    #1266    F-CODE: 0    Attributes: 0    Index: 0
    #1267    F-CODE: 0    Attributes: 0    Index: 0
    #1268    F-CODE: 0    Attributes: 0    Index: 0
    #1269    F-CODE: 0    Attributes: 0    Index: 0
    #1270    F-CODE: 0    Attributes: 0    Index: 0
    #1271    F-CODE: 0    Attributes: 0    Index: 0
    #1272    F-CODE: 0    Attributes: 0    Index: 0
    #1273    F-CODE: 0    Attributes: 0    Index: 0
    #1274    F-CODE: 0    Attributes: 0    Index: 0
    #1275    F-CODE: 0    Attributes: 0    Index: 0
    #1276    F-CODE: 0    Attributes: 0    Index: 0
    #1277    F-CODE: 0    Attributes: 0    Index: 0
    #1278    F-CODE: 0    Attributes: 0    Index: 0
    #1279    F-CODE: 0    Attributes: 0    Index: 0
    #1280    F-CODE: 0    Attributes: 0    Index: 0
    #1281    F-CODE: 0    Attributes: 0    Index: 0
    #1282    F-CODE: 0    Attributes: 0    Index: 0
    #1283    F-CODE: 0    Attributes: 0    Index: 0
    #1284    F-CODE: 0    Attributes: 0    Index: 0
    #1285    F-CODE: 0    Attributes: 0    Index: 0
    #1286    F-CODE: 0    Attributes: 0    Index: 0
    #1287    F-CODE: 0    Attributes: 0    Index: 0
    #1288    F-CODE: 0    Attributes: 0    Index: 0
    #1289    F-CODE: 0    Attributes: 0    Index: 0
    #1290    F-CODE: 0    Attributes: 0    Index: 0
    #1291    F-CODE: 0    Attributes: 0    Index: 0
    #1292    F-CODE: 0    Attributes: 0    Index: 0
    #1293    F-CODE: 0    Attributes: 0    Index: 0
    #1294    F-CODE: 0    Attributes: 0    Index: 0
    #1295    F-CODE: 0    Attributes: 0    Index: 0
    #1296    F-CODE: 0    Attributes: 0    Index: 0
    #1297    F-CODE: 0    Attributes: 0    Index: 0
    #1298    F-CODE: 0    Attributes: 0    Index: 0
    #1299    F-CODE: 0    Attributes: 0    Index: 0
    #1300    F-CODE: 0    Attributes: 0    Index: 0
    #1301    F-CODE: 0    Attributes: 0    Index: 0
    #1302    F-CODE: 0    Attributes: 0    Index: 0
    #1303    F-CODE: 0    Attributes: 0    Index: 0
    #1304    F-CODE: 0    Attributes: 0    Index: 0
    #1305    F-CODE: 0    Attributes: 0    Index: 0
    #1306    F-CODE: 0    Attributes: 0    Index: 0
    #1307    F-CODE: 0    Attributes: 0    Index: 0
    #1308    F-CODE: 0    Attributes: 0    Index: 0
    #1309    F-CODE: 0    Attributes: 0    Index: 0
    #1310    F-CODE: 0    Attributes: 0    Index: 0
    #1311    F-CODE: 0    Attributes: 0    Index: 0
    #1312    F-CODE: 0    Attributes: 0    Index: 0
    #1313    F-CODE: 0    Attributes: 0    Index: 0
    #1314    F-CODE: 0    Attributes: 0    Index: 0
    #1315    F-CODE: 0    Attributes: 0    Index: 0
    #1316    F-CODE: 0    Attributes: 0    Index: 0
    #1317    F-CODE: 0    Attributes: 0    Index: 0
    #1318    F-CODE: 0    Attributes: 0    Index: 0
    #1319    F-CODE: 0    Attributes: 0    Index: 0
    #1320    F-CODE: 0    Attributes: 0    Index: 0
    #1321    F-CODE: 0    Attributes: 0    Index: 0
    #1322    F-CODE: 0    Attributes: 0    Index: 0
    #1323    F-CODE: 0    Attributes: 0    Index: 0
    #1324    F-CODE: 0    Attributes: 0    Index: 0
    #1325    F-CODE: 0    Attributes: 0    Index: 0
    #1326    F-CODE: 0    Attributes: 0    Index: 0
    #1327    F-CODE: 0    Attributes: 0    Index: 0
    #1328    F-CODE: 0    Attributes: 0    Index: 0
    #1329    F-CODE: 0    Attributes: 0    Index: 0
    #1330    F-CODE: 0    Attributes: 0    Index: 0
    #1331    F-CODE: 0    Attributes: 0    Index: 0
    #1332    F-CODE: 0    Attributes: 0    Index: 0
    #1333    F-CODE: 0    Attributes: 0    Index: 0
    #1334    F-CODE: 0    Attributes: 0    Index: 0
    #1335    F-CODE: 0    Attributes: 0    Index: 0
    #1336    F-CODE: 0    Attributes: 0    Index: 0
    #1337    F-CODE: 0    Attributes: 0    Index: 0
    #1338    F-CODE: 0    Attributes: 0    Index: 0
    #1339    F-CODE: 0    Attributes: 0    Index: 0
    #1340    F-CODE: 0    Attributes: 0    Index: 0
    #1341    F-CODE: 0    Attributes: 0    Index: 0
    #1342    F-CODE: 0    Attributes: 0    Index: 0
    #1343    F-CODE: 0    Attributes: 0    Index: 0
    #1344    F-CODE: 0    Attributes: 0    Index: 0
    #1345    F-CODE: 0    Attributes: 0    Index: 0
    #1346    F-CODE: 0    Attributes: 0    Index: 0
    #1347    F-CODE: 0    Attributes: 0    Index: 0
    #1348    F-CODE: 0    Attributes: 0    Index: 0
    #1349    F-CODE: 0    Attributes: 0    Index: 0
    #1350    F-CODE: 0    Attributes: 0    Index: 0
    #1351    F-CODE: 0    Attributes: 0    Index: 0
    #1352    F-CODE: 0    Attributes: 0    Index: 0
    #1353    F-CODE: 0    Attributes: 0    Index: 0
    #1354    F-CODE: 0    Attributes: 0    Index: 0
    #1355    F-CODE: 0    Attributes: 0    Index: 0
    #1356    F-CODE: 0    Attributes: 0    Index: 0
    #1357    F-CODE: 0    Attributes: 0    Index: 0
    #1358    F-CODE: 0    Attributes: 0    Index: 0
    #1359    F-CODE: 0    Attributes: 0    Index: 0
    #1360    F-CODE: 0    Attributes: 0    Index: 0
    #1361    F-CODE: 0    Attributes: 0    Index: 0
    #1362    F-CODE: 0    Attributes: 0    Index: 0
    #1363    F-CODE: 0    Attributes: 0    Index: 0
    #1364    F-CODE: 0    Attributes: 0    Index: 0
    #1365    F-CODE: 0    Attributes: 0    Index: 0
    #1366    F-CODE: 0    Attributes: 0    Index: 0
    #1367    F-CODE: 0    Attributes: 0    Index: 0
    #1368    F-CODE: 0    Attributes: 0    Index: 0
    #1369    F-CODE: 0    Attributes: 0    Index: 0
    #1370    F-CODE: 0    Attributes: 0    Index: 0
    #1371    F-CODE: 0    Attributes: 0    Index: 0
    #1372    F-CODE: 0    Attributes: 0    Index: 0
    #1373    F-CODE: 0    Attributes: 0    Index: 0
    #1374    F-CODE: 0    Attributes: 0    Index: 0
    #1375    F-CODE: 0    Attributes: 0    Index: 0
    #1376    F-CODE: 0    Attributes: 0    Index: 0
    #1377    F-CODE: 0    Attributes: 0    Index: 0
    #1378    F-CODE: 0    Attributes: 0    Index: 0
    #1379    F-CODE: 0    Attributes: 0    Index: 0
    #1380    F-CODE: 0    Attributes: 0    Index: 0
    #1381    F-CODE: 0    Attributes: 0    Index: 0
    #1382    F-CODE: 0    Attributes: 0    Index: 0
    #1383    F-CODE: 0    Attributes: 0    Index: 0
    #1384    F-CODE: 0    Attributes: 0    Index: 0
    #1385    F-CODE: 0    Attributes: 0    Index: 0
    #1386    F-CODE: 0    Attributes: 0    Index: 0
    #1387    F-CODE: 0    Attributes: 0    Index: 0
    #1388    F-CODE: 0    Attributes: 0    Index: 0
    #1389    F-CODE: 0    Attributes: 0    Index: 0
    #1390    F-CODE: 0    Attributes: 0    Index: 0
    #1391    F-CODE: 0    Attributes: 0    Index: 0
    #1392    F-CODE: 0    Attributes: 0    Index: 0
    #1393    F-CODE: 0    Attributes: 0    Index: 0
    #1394    F-CODE: 0    Attributes: 0    Index: 0
    #1395    F-CODE: 0    Attributes: 0    Index: 0
    #1396    F-CODE: 0    Attributes: 0    Index: 0
    #1397    F-CODE: 0    Attributes: 0    Index: 0
    #1398    F-CODE: 0    Attributes: 0    Index: 0
    #1399    F-CODE: 0    Attributes: 0    Index: 0
    #1400    F-CODE: 0    Attributes: 0    Index: 0
    #1401    F-CODE: 0    Attributes: 0    Index: 0
    #1402    F-CODE: 0    Attributes: 0    Index: 0
    #1403    F-CODE: 0    Attributes: 0    Index: 0
    #1404    F-CODE: 0    Attributes: 0    Index: 0
    #1405    F-CODE: 0    Attributes: 0    Index: 0
    #1406    F-CODE: 0    Attributes: 0    Index: 0
    #1407    F-CODE: 0    Attributes: 0    Index: 0
    #1408    F-CODE: 0    Attributes: 0    Index: 0
    #1409    F-CODE: 0    Attributes: 0    Index: 0
    #1410    F-CODE: 0    Attributes: 0    Index: 0
    #1411    F-CODE: 0    Attributes: 0    Index: 0
    #1412    F-CODE: 0    Attributes: 0    Index: 0
    #1413    F-CODE: 0    Attributes: 0    Index: 0
    #1414    F-CODE: 0    Attributes: 0    Index: 0
    #1415    F-CODE: 0    Attributes: 0    Index: 0
    #1416    F-CODE: 0    Attributes: 0    Index: 0
    #1417    F-CODE: 0    Attributes: 0    Index: 0
    #1418    F-CODE: 0    Attributes: 0    Index: 0
    #1419    F-CODE: 0    Attributes: 0    Index: 0
    #1420    F-CODE: 0    Attributes: 0    Index: 0
    #1421    F-CODE: 0    Attributes: 0    Index: 0
    #1422    F-CODE: 0    Attributes: 0    Index: 0
    #1423    F-CODE: 0    Attributes: 0    Index: 0
    #1424    F-CODE: 0    Attributes: 0    Index: 0
    #1425    F-CODE: 0    Attributes: 0    Index: 0
    #1426    F-CODE: 0    Attributes: 0    Index: 0
    #1427    F-CODE: 0    Attributes: 0    Index: 0
    #1428    F-CODE: 0    Attributes: 0    Index: 0
    #1429    F-CODE: 0    Attributes: 0    Index: 0
    #1430    F-CODE: 0    Attributes: 0    Index: 0
    #1431    F-CODE: 0    Attributes: 0    Index: 0
    #1432    F-CODE: 0    Attributes: 0    Index: 0
    #1433    F-CODE: 0    Attributes: 0    Index: 0
    #1434    F-CODE: 0    Attributes: 0    Index: 0
    #1435    F-CODE: 0    Attributes: 0    Index: 0
    #1436    F-CODE: 0    Attributes: 0    Index: 0
    #1437    F-CODE: 0    Attributes: 0    Index: 0
    #1438    F-CODE: 0    Attributes: 0    Index: 0
    #1439    F-CODE: 0    Attributes: 0    Index: 0
    #1440    F-CODE: 0    Attributes: 0    Index: 0
    #1441    F-CODE: 0    Attributes: 0    Index: 0
    #1442    F-CODE: 0    Attributes: 0    Index: 0
    #1443    F-CODE: 0    Attributes: 0    Index: 0
    #1444    F-CODE: 0    Attributes: 0    Index: 0
    #1445    F-CODE: 0    Attributes: 0    Index: 0
    #1446    F-CODE: 0    Attributes: 0    Index: 0
    #1447    F-CODE: 0    Attributes: 0    Index: 0
    #1448    F-CODE: 0    Attributes: 0    Index: 0
    #1449    F-CODE: 0    Attributes: 0    Index: 0
    #1450    F-CODE: 0    Attributes: 0    Index: 0
    #1451    F-CODE: 0    Attributes: 0    Index: 0
    #1452    F-CODE: 0    Attributes: 0    Index: 0
    #1453    F-CODE: 0    Attributes: 0    Index: 0
    #1454    F-CODE: 0    Attributes: 0    Index: 0
    #1455    F-CODE: 0    Attributes: 0    Index: 0
    #1456    F-CODE: 0    Attributes: 0    Index: 0
    #1457    F-CODE: 0    Attributes: 0    Index: 0
    #1458    F-CODE: 0    Attributes: 0    Index: 0
    #1459    F-CODE: 0    Attributes: 0    Index: 0
    #1460    F-CODE: 0    Attributes: 0    Index: 0
    #1461    F-CODE: 0    Attributes: 0    Index: 0
    #1462    F-CODE: 0    Attributes: 0    Index: 0
    #1463    F-CODE: 0    Attributes: 0    Index: 0
    #1464    F-CODE: 0    Attributes: 0    Index: 0
    #1465    F-CODE: 0    Attributes: 0    Index: 0
    #1466    F-CODE: 0    Attributes: 0    Index: 0
    #1467    F-CODE: 0    Attributes: 0    Index: 0
    #1468    F-CODE: 0    Attributes: 0    Index: 0
    #1469    F-CODE: 0    Attributes: 0    Index: 0
    #1470    F-CODE: 0    Attributes: 0    Index: 0
    #1471    F-CODE: 0    Attributes: 0    Index: 0
    #1472    F-CODE: 0    Attributes: 0    Index: 0
    #1473    F-CODE: 0    Attributes: 0    Index: 0
    #1474    F-CODE: 0    Attributes: 0    Index: 0
    #1475    F-CODE: 0    Attributes: 0    Index: 0
    #1476    F-CODE: 0    Attributes: 0    Index: 0
    #1477    F-CODE: 0    Attributes: 0    Index: 0
    #1478    F-CODE: 0    Attributes: 0    Index: 0
    #1479    F-CODE: 0    Attributes: 0    Index: 0
    #1480    F-CODE: 0    Attributes: 0    Index: 0
    #1481    F-CODE: 0    Attributes: 0    Index: 0
    #1482    F-CODE: 0    Attributes: 0    Index: 0
    #1483    F-CODE: 0    Attributes: 0    Index: 0
    #1484    F-CODE: 0    Attributes: 0    Index: 0
    #1485    F-CODE: 0    Attributes: 0    Index: 0
    #1486    F-CODE: 0    Attributes: 0    Index: 0
    #1487    F-CODE: 0    Attributes: 0    Index: 0
    #1488    F-CODE: 0    Attributes: 0    Index: 0
    #1489    F-CODE: 0    Attributes: 0    Index: 0
    #1490    F-CODE: 0    Attributes: 0    Index: 0
    #1491    F-CODE: 0    Attributes: 0    Index: 0
    #1492    F-CODE: 0    Attributes: 0    Index: 0
    #1493    F-CODE: 0    Attributes: 0    Index: 0
    #1494    F-CODE: 0    Attributes: 0    Index: 0
    #1495    F-CODE: 0    Attributes: 0    Index: 0
    #1496    F-CODE: 0    Attributes: 0    Index: 0
    #1497    F-CODE: 0    Attributes: 0    Index: 0
    #1498    F-CODE: 0    Attributes: 0    Index: 0
    #1499    F-CODE: 0    Attributes: 0    Index: 0
    #1500    F-CODE: 0    Attributes: 0    Index: 0
    #1501    F-CODE: 0    Attributes: 0    Index: 0
    #1502    F-CODE: 0    Attributes: 0    Index: 0
    #1503    F-CODE: 0    Attributes: 0    Index: 0
    #1504    F-CODE: 0    Attributes: 0    Index: 0
    #1505    F-CODE: 0    Attributes: 0    Index: 0
    #1506    F-CODE: 0    Attributes: 0    Index: 0
    #1507    F-CODE: 0    Attributes: 0    Index: 0
    #1508    F-CODE: 0    Attributes: 0    Index: 0
    #1509    F-CODE: 0    Attributes: 0    Index: 0
    #1510    F-CODE: 0    Attributes: 0    Index: 0
    #1511    F-CODE: 0    Attributes: 0    Index: 0
    #1512    F-CODE: 0    Attributes: 0    Index: 0
    #1513    F-CODE: 0    Attributes: 0    Index: 0
    #1514    F-CODE: 0    Attributes: 0    Index: 0
    #1515    F-CODE: 0    Attributes: 0    Index: 0
    #1516    F-CODE: 0    Attributes: 0    Index: 0
    #1517    F-CODE: 0    Attributes: 0    Index: 0
    #1518    F-CODE: 0    Attributes: 0    Index: 0
    #1519    F-CODE: 0    Attributes: 0    Index: 0
    #1520    F-CODE: 0    Attributes: 0    Index: 0
    #1521    F-CODE: 0    Attributes: 0    Index: 0
    #1522    F-CODE: 0    Attributes: 0    Index: 0
    #1523    F-CODE: 0    Attributes: 0    Index: 0
    #1524    F-CODE: 0    Attributes: 0    Index: 0
    #1525    F-CODE: 0    Attributes: 0    Index: 0
    #1526    F-CODE: 0    Attributes: 0    Index: 0
    #1527    F-CODE: 0    Attributes: 0    Index: 0
    #1528    F-CODE: 0    Attributes: 0    Index: 0
    #1529    F-CODE: 0    Attributes: 0    Index: 0
    #1530    F-CODE: 0    Attributes: 0    Index: 0
    #1531    F-CODE: 0    Attributes: 0    Index: 0
    #1532    F-CODE: 0    Attributes: 0    Index: 0
    #1533    F-CODE: 0    Attributes: 0    Index: 0
    #1534    F-CODE: 0    Attributes: 0    Index: 0
    #1535    F-CODE: 0    Attributes: 0    Index: 0
    #1536    F-CODE: 0    Attributes: 0    Index: 0
    #1537    F-CODE: 0    Attributes: 0    Index: 0
    #1538    F-CODE: 0    Attributes: 0    Index: 0
    #1539    F-CODE: 0    Attributes: 0    Index: 0
    #1540    F-CODE: 0    Attributes: 0    Index: 0
    #1541    F-CODE: 0    Attributes: 0    Index: 0
    #1542    F-CODE: 0    Attributes: 0    Index: 0
    #1543    F-CODE: 0    Attributes: 0    Index: 0
    #1544    F-CODE: 0    Attributes: 0    Index: 0
    #1545    F-CODE: 0    Attributes: 0    Index: 0
    #1546    F-CODE: 0    Attributes: 0    Index: 0
    #1547    F-CODE: 0    Attributes: 0    Index: 0
    #1548    F-CODE: 0    Attributes: 0    Index: 0
    #1549    F-CODE: 0    Attributes: 0    Index: 0
    #1550    F-CODE: 0    Attributes: 0    Index: 0
    #1551    F-CODE: 0    Attributes: 0    Index: 0
    #1552    F-CODE: 0    Attributes: 0    Index: 0
    #1553    F-CODE: 0    Attributes: 0    Index: 0
    #1554    F-CODE: 0    Attributes: 0    Index: 0
    #1555    F-CODE: 0    Attributes: 0    Index: 0
    #1556    F-CODE: 0    Attributes: 0    Index: 0
    #1557    F-CODE: 0    Attributes: 0    Index: 0
    #1558    F-CODE: 0    Attributes: 0    Index: 0
    #1559    F-CODE: 0    Attributes: 0    Index: 0
    #1560    F-CODE: 0    Attributes: 0    Index: 0
    #1561    F-CODE: 0    Attributes: 0    Index: 0
    #1562    F-CODE: 0    Attributes: 0    Index: 0
    #1563    F-CODE: 0    Attributes: 0    Index: 0
    #1564    F-CODE: 0    Attributes: 0    Index: 0
    #1565    F-CODE: 0    Attributes: 0    Index: 0
    #1566    F-CODE: 0    Attributes: 0    Index: 0
    #1567    F-CODE: 0    Attributes: 0    Index: 0
    #1568    F-CODE: 0    Attributes: 0    Index: 0
    #1569    F-CODE: 0    Attributes: 0    Index: 0
    #1570    F-CODE: 0    Attributes: 0    Index: 0
    #1571    F-CODE: 0    Attributes: 0    Index: 0
    #1572    F-CODE: 0    Attributes: 0    Index: 0
    #1573    F-CODE: 0    Attributes: 0    Index: 0
    #1574    F-CODE: 0    Attributes: 0    Index: 0
    #1575    F-CODE: 0    Attributes: 0    Index: 0
    #1576    F-CODE: 0    Attributes: 0    Index: 0
    #1577    F-CODE: 0    Attributes: 0    Index: 0
    #1578    F-CODE: 0    Attributes: 0    Index: 0
    #1579    F-CODE: 0    Attributes: 0    Index: 0
    #1580    F-CODE: 0    Attributes: 0    Index: 0
    #1581    F-CODE: 0    Attributes: 0    Index: 0
    #1582    F-CODE: 0    Attributes: 0    Index: 0
    #1583    F-CODE: 0    Attributes: 0    Index: 0
    #1584    F-CODE: 0    Attributes: 0    Index: 0
    #1585    F-CODE: 0    Attributes: 0    Index: 0
    #1586    F-CODE: 0    Attributes: 0    Index: 0
    #1587    F-CODE: 0    Attributes: 0    Index: 0
    #1588    F-CODE: 0    Attributes: 0    Index: 0
    #1589    F-CODE: 0    Attributes: 0    Index: 0
    #1590    F-CODE: 0    Attributes: 0    Index: 0
    #1591    F-CODE: 0    Attributes: 0    Index: 0
    #1592    F-CODE: 0    Attributes: 0    Index: 0
    #1593    F-CODE: 0    Attributes: 0    Index: 0
    #1594    F-CODE: 0    Attributes: 0    Index: 0
    #1595    F-CODE: 0    Attributes: 0    Index: 0
    #1596    F-CODE: 0    Attributes: 0    Index: 0
    #1597    F-CODE: 0    Attributes: 0    Index: 0
    #1598    F-CODE: 0    Attributes: 0    Index: 0
    #1599    F-CODE: 0    Attributes: 0    Index: 0
    #1600    F-CODE: 0    Attributes: 0    Index: 0
    #1601    F-CODE: 0    Attributes: 0    Index: 0
    #1602    F-CODE: 0    Attributes: 0    Index: 0
    #1603    F-CODE: 0    Attributes: 0    Index: 0
    #1604    F-CODE: 0    Attributes: 0    Index: 0
    #1605    F-CODE: 0    Attributes: 0    Index: 0
    #1606    F-CODE: 0    Attributes: 0    Index: 0
    #1607    F-CODE: 0    Attributes: 0    Index: 0
    #1608    F-CODE: 0    Attributes: 0    Index: 0
    #1609    F-CODE: 0    Attributes: 0    Index: 0
    #1610    F-CODE: 0    Attributes: 0    Index: 0
    #1611    F-CODE: 0    Attributes: 0    Index: 0
    #1612    F-CODE: 0    Attributes: 0    Index: 0
    #1613    F-CODE: 0    Attributes: 0    Index: 0
    #1614    F-CODE: 0    Attributes: 0    Index: 0
    #1615    F-CODE: 0    Attributes: 0    Index: 0
    #1616    F-CODE: 0    Attributes: 0    Index: 0
    #1617    F-CODE: 0    Attributes: 0    Index: 0
    #1618    F-CODE: 0    Attributes: 0    Index: 0
    #1619    F-CODE: 0    Attributes: 0    Index: 0
    #1620    F-CODE: 0    Attributes: 0    Index: 0
    #1621    F-CODE: 0    Attributes: 0    Index: 0
    #1622    F-CODE: 0    Attributes: 0    Index: 0
    #1623    F-CODE: 0    Attributes: 0    Index: 0
    #1624    F-CODE: 0    Attributes: 0    Index: 0
    #1625    F-CODE: 0    Attributes: 0    Index: 0
    #1626    F-CODE: 0    Attributes: 0    Index: 0
    #1627    F-CODE: 0    Attributes: 0    Index: 0
    #1628    F-CODE: 0    Attributes: 0    Index: 0
    #1629    F-CODE: 0    Attributes: 0    Index: 0
    #1630    F-CODE: 0    Attributes: 0    Index: 0
    #1631    F-CODE: 0    Attributes: 0    Index: 0
    #1632    F-CODE: 0    Attributes: 0    Index: 0
    #1633    F-CODE: 0    Attributes: 0    Index: 0
    #1634    F-CODE: 0    Attributes: 0    Index: 0
    #1635    F-CODE: 0    Attributes: 0    Index: 0
    #1636    F-CODE: 0    Attributes: 0    Index: 0
    #1637    F-CODE: 0    Attributes: 0    Index: 0
    #1638    F-CODE: 0    Attributes: 0    Index: 0
    #1639    F-CODE: 0    Attributes: 0    Index: 0
    #1640    F-CODE: 0    Attributes: 0    Index: 0
    #1641    F-CODE: 0    Attributes: 0    Index: 0
    #1642    F-CODE: 0    Attributes: 0    Index: 0
    #1643    F-CODE: 0    Attributes: 0    Index: 0
    #1644    F-CODE: 0    Attributes: 0    Index: 0
    #1645    F-CODE: 0    Attributes: 0    Index: 0
    #1646    F-CODE: 0    Attributes: 0    Index: 0
    #1647    F-CODE: 0    Attributes: 0    Index: 0
    #1648    F-CODE: 0    Attributes: 0    Index: 0
    #1649    F-CODE: 0    Attributes: 0    Index: 0
    #1650    F-CODE: 0    Attributes: 0    Index: 0
    #1651    F-CODE: 0    Attributes: 0    Index: 0
    #1652    F-CODE: 0    Attributes: 0    Index: 0
    #1653    F-CODE: 0    Attributes: 0    Index: 0
    #1654    F-CODE: 0    Attributes: 0    Index: 0
    #1655    F-CODE: 0    Attributes: 0    Index: 0
    #1656    F-CODE: 0    Attributes: 0    Index: 0
    #1657    F-CODE: 0    Attributes: 0    Index: 0
    #1658    F-CODE: 0    Attributes: 0    Index: 0
    #1659    F-CODE: 0    Attributes: 0    Index: 0
    #1660    F-CODE: 0    Attributes: 0    Index: 0
    #1661    F-CODE: 0    Attributes: 0    Index: 0
    #1662    F-CODE: 0    Attributes: 0    Index: 0
    #1663    F-CODE: 0    Attributes: 0    Index: 0
    #1664    F-CODE: 0    Attributes: 0    Index: 0
    #1665    F-CODE: 0    Attributes: 0    Index: 0
    #1666    F-CODE: 0    Attributes: 0    Index: 0
    #1667    F-CODE: 0    Attributes: 0    Index: 0
    #1668    F-CODE: 0    Attributes: 0    Index: 0
    #1669    F-CODE: 0    Attributes: 0    Index: 0
    #1670    F-CODE: 0    Attributes: 0    Index: 0
    #1671    F-CODE: 0    Attributes: 0    Index: 0
    #1672    F-CODE: 0    Attributes: 0    Index: 0
    #1673    F-CODE: 0    Attributes: 0    Index: 0
    #1674    F-CODE: 0    Attributes: 0    Index: 0
    #1675    F-CODE: 0    Attributes: 0    Index: 0
    #1676    F-CODE: 0    Attributes: 0    Index: 0
    #1677    F-CODE: 0    Attributes: 0    Index: 0
    #1678    F-CODE: 0    Attributes: 0    Index: 0
    #1679    F-CODE: 0    Attributes: 0    Index: 0
    #1680    F-CODE: 0    Attributes: 0    Index: 0
    #1681    F-CODE: 0    Attributes: 0    Index: 0
    #1682    F-CODE: 0    Attributes: 0    Index: 0
    #1683    F-CODE: 0    Attributes: 0    Index: 0
    #1684    F-CODE: 0    Attributes: 0    Index: 0
    #1685    F-CODE: 0    Attributes: 0    Index: 0
    #1686    F-CODE: 0    Attributes: 0    Index: 0
    #1687    F-CODE: 0    Attributes: 0    Index: 0
    #1688    F-CODE: 0    Attributes: 0    Index: 0
    #1689    F-CODE: 0    Attributes: 0    Index: 0
    #1690    F-CODE: 0    Attributes: 0    Index: 0
    #1691    F-CODE: 0    Attributes: 0    Index: 0
    #1692    F-CODE: 0    Attributes: 0    Index: 0
    #1693    F-CODE: 0    Attributes: 0    Index: 0
    #1694    F-CODE: 0    Attributes: 0    Index: 0
    #1695    F-CODE: 0    Attributes: 0    Index: 0
    #1696    F-CODE: 0    Attributes: 0    Index: 0
    #1697    F-CODE: 0    Attributes: 0    Index: 0
    #1698    F-CODE: 0    Attributes: 0    Index: 0
    #1699    F-CODE: 0    Attributes: 0    Index: 0
    #1700    F-CODE: 0    Attributes: 0    Index: 0
    #1701    F-CODE: 0    Attributes: 0    Index: 0
    #1702    F-CODE: 0    Attributes: 0    Index: 0
    #1703    F-CODE: 0    Attributes: 0    Index: 0
    #1704    F-CODE: 0    Attributes: 0    Index: 0
    #1705    F-CODE: 0    Attributes: 0    Index: 0
    #1706    F-CODE: 0    Attributes: 0    Index: 0
    #1707    F-CODE: 0    Attributes: 0    Index: 0
    #1708    F-CODE: 0    Attributes: 0    Index: 0
    #1709    F-CODE: 0    Attributes: 0    Index: 0
    #1710    F-CODE: 0    Attributes: 0    Index: 0
    #1711    F-CODE: 0    Attributes: 0    Index: 0
    #1712    F-CODE: 0    Attributes: 0    Index: 0
    #1713    F-CODE: 0    Attributes: 0    Index: 0
    #1714    F-CODE: 0    Attributes: 0    Index: 0
    #1715    F-CODE: 0    Attributes: 0    Index: 0
    #1716    F-CODE: 0    Attributes: 0    Index: 0
    #1717    F-CODE: 0    Attributes: 0    Index: 0
    #1718    F-CODE: 0    Attributes: 0    Index: 0
    #1719    F-CODE: 0    Attributes: 0    Index: 0
    #1720    F-CODE: 0    Attributes: 0    Index: 0
    #1721    F-CODE: 0    Attributes: 0    Index: 0
    #1722    F-CODE: 0    Attributes: 0    Index: 0
    #1723    F-CODE: 0    Attributes: 0    Index: 0
    #1724    F-CODE: 0    Attributes: 0    Index: 0
    #1725    F-CODE: 0    Attributes: 0    Index: 0
    #1726    F-CODE: 0    Attributes: 0    Index: 0
    #1727    F-CODE: 0    Attributes: 0    Index: 0
    #1728    F-CODE: 0    Attributes: 0    Index: 0
    #1729    F-CODE: 0    Attributes: 0    Index: 0
    #1730    F-CODE: 0    Attributes: 0    Index: 0
    #1731    F-CODE: 0    Attributes: 0    Index: 0
    #1732    F-CODE: 0    Attributes: 0    Index: 0
    #1733    F-CODE: 0    Attributes: 0    Index: 0
    #1734    F-CODE: 0    Attributes: 0    Index: 0
    #1735    F-CODE: 0    Attributes: 0    Index: 0
    #1736    F-CODE: 0    Attributes: 0    Index: 0
    #1737    F-CODE: 0    Attributes: 0    Index: 0
    #1738    F-CODE: 0    Attributes: 0    Index: 0
    #1739    F-CODE: 0    Attributes: 0    Index: 0
    #1740    F-CODE: 0    Attributes: 0    Index: 0
    #1741    F-CODE: 0    Attributes: 0    Index: 0
    #1742    F-CODE: 0    Attributes: 0    Index: 0
    #1743    F-CODE: 0    Attributes: 0    Index: 0
    #1744    F-CODE: 0    Attributes: 0    Index: 0
    #1745    F-CODE: 0    Attributes: 0    Index: 0
    #1746    F-CODE: 0    Attributes: 0    Index: 0
    #1747    F-CODE: 0    Attributes: 0    Index: 0
    #1748    F-CODE: 0    Attributes: 0    Index: 0
    #1749    F-CODE: 0    Attributes: 0    Index: 0
    #1750    F-CODE: 0    Attributes: 0    Index: 0
    #1751    F-CODE: 0    Attributes: 0    Index: 0
    #1752    F-CODE: 0    Attributes: 0    Index: 0
    #1753    F-CODE: 0    Attributes: 0    Index: 0
    #1754    F-CODE: 0    Attributes: 0    Index: 0
    #1755    F-CODE: 0    Attributes: 0    Index: 0
    #1756    F-CODE: 0    Attributes: 0    Index: 0
    #1757    F-CODE: 0    Attributes: 0    Index: 0
    #1758    F-CODE: 0    Attributes: 0    Index: 0
    #1759    F-CODE: 0    Attributes: 0    Index: 0
    #1760    F-CODE: 0    Attributes: 0    Index: 0
    #1761    F-CODE: 0    Attributes: 0    Index: 0
    #1762    F-CODE: 0    Attributes: 0    Index: 0
    #1763    F-CODE: 0    Attributes: 0    Index: 0
    #1764    F-CODE: 0    Attributes: 0    Index: 0
    #1765    F-CODE: 0    Attributes: 0    Index: 0
    #1766    F-CODE: 0    Attributes: 0    Index: 0
    #1767    F-CODE: 0    Attributes: 0    Index: 0
    #1768    F-CODE: 0    Attributes: 0    Index: 0
    #1769    F-CODE: 0    Attributes: 0    Index: 0
    #1770    F-CODE: 0    Attributes: 0    Index: 0
    #1771    F-CODE: 0    Attributes: 0    Index: 0
    #1772    F-CODE: 0    Attributes: 0    Index: 0
    #1773    F-CODE: 0    Attributes: 0    Index: 0
    #1774    F-CODE: 0    Attributes: 0    Index: 0
    #1775    F-CODE: 0    Attributes: 0    Index: 0
    #1776    F-CODE: 0    Attributes: 0    Index: 0
    #1777    F-CODE: 0    Attributes: 0    Index: 0
    #1778    F-CODE: 0    Attributes: 0    Index: 0
    #1779    F-CODE: 0    Attributes: 0    Index: 0
    #1780    F-CODE: 0    Attributes: 0    Index: 0
    #1781    F-CODE: 0    Attributes: 0    Index: 0
    #1782    F-CODE: 0    Attributes: 0    Index: 0
    #1783    F-CODE: 0    Attributes: 0    Index: 0
    #1784    F-CODE: 0    Attributes: 0    Index: 0
    #1785    F-CODE: 0    Attributes: 0    Index: 0
    #1786    F-CODE: 0    Attributes: 0    Index: 0
    #1787    F-CODE: 0    Attributes: 0    Index: 0
    #1788    F-CODE: 0    Attributes: 0    Index: 0
    #1789    F-CODE: 0    Attributes: 0    Index: 0
    #1790    F-CODE: 0    Attributes: 0    Index: 0
    #1791    F-CODE: 0    Attributes: 0    Index: 0
    #1792    F-CODE: 0    Attributes: 0    Index: 0
    #1793    F-CODE: 0    Attributes: 0    Index: 0
    #1794    F-CODE: 0    Attributes: 0    Index: 0
    #1795    F-CODE: 0    Attributes: 0    Index: 0
    #1796    F-CODE: 0    Attributes: 0    Index: 0
    #1797    F-CODE: 0    Attributes: 0    Index: 0
    #1798    F-CODE: 0    Attributes: 0    Index: 0
    #1799    F-CODE: 0    Attributes: 0    Index: 0
    #1800    F-CODE: 0    Attributes: 0    Index: 0
    #1801    F-CODE: 0    Attributes: 0    Index: 0
    #1802    F-CODE: 0    Attributes: 0    Index: 0
    #1803    F-CODE: 0    Attributes: 0    Index: 0
    #1804    F-CODE: 0    Attributes: 0    Index: 0
    #1805    F-CODE: 0    Attributes: 0    Index: 0
    #1806    F-CODE: 0    Attributes: 0    Index: 0
    #1807    F-CODE: 0    Attributes: 0    Index: 0
    #1808    F-CODE: 0    Attributes: 0    Index: 0
    #1809    F-CODE: 0    Attributes: 0    Index: 0
    #1810    F-CODE: 0    Attributes: 0    Index: 0
    #1811    F-CODE: 0    Attributes: 0    Index: 0
    #1812    F-CODE: 0    Attributes: 0    Index: 0
    #1813    F-CODE: 0    Attributes: 0    Index: 0
    #1814    F-CODE: 0    Attributes: 0    Index: 0
    #1815    F-CODE: 0    Attributes: 0    Index: 0
    #1816    F-CODE: 0    Attributes: 0    Index: 0
    #1817    F-CODE: 0    Attributes: 0    Index: 0
    #1818    F-CODE: 0    Attributes: 0    Index: 0
    #1819    F-CODE: 0    Attributes: 0    Index: 0
    #1820    F-CODE: 0    Attributes: 0    Index: 0
    #1821    F-CODE: 0    Attributes: 0    Index: 0
    #1822    F-CODE: 0    Attributes: 0    Index: 0
    #1823    F-CODE: 0    Attributes: 0    Index: 0
    #1824    F-CODE: 0    Attributes: 0    Index: 0
    #1825    F-CODE: 0    Attributes: 0    Index: 0
    #1826    F-CODE: 0    Attributes: 0    Index: 0
    #1827    F-CODE: 0    Attributes: 0    Index: 0
    #1828    F-CODE: 0    Attributes: 0    Index: 0
    #1829    F-CODE: 0    Attributes: 0    Index: 0
    #1830    F-CODE: 0    Attributes: 0    Index: 0
    #1831    F-CODE: 0    Attributes: 0    Index: 0
    #1832    F-CODE: 0    Attributes: 0    Index: 0
    #1833    F-CODE: 0    Attributes: 0    Index: 0
    #1834    F-CODE: 0    Attributes: 0    Index: 0
    #1835    F-CODE: 0    Attributes: 0    Index: 0
    #1836    F-CODE: 0    Attributes: 0    Index: 0
    #1837    F-CODE: 0    Attributes: 0    Index: 0
    #1838    F-CODE: 0    Attributes: 0    Index: 0
    #1839    F-CODE: 0    Attributes: 0    Index: 0
    #1840    F-CODE: 0    Attributes: 0    Index: 0
    #1841    F-CODE: 0    Attributes: 0    Index: 0
    #1842    F-CODE: 0    Attributes: 0    Index: 0
    #1843    F-CODE: 0    Attributes: 0    Index: 0
    #1844    F-CODE: 0    Attributes: 0    Index: 0
    #1845    F-CODE: 0    Attributes: 0    Index: 0
    #1846    F-CODE: 0    Attributes: 0    Index: 0
    #1847    F-CODE: 0    Attributes: 0    Index: 0
    #1848    F-CODE: 0    Attributes: 0    Index: 0
    #1849    F-CODE: 0    Attributes: 0    Index: 0
    #1850    F-CODE: 0    Attributes: 0    Index: 0
    #1851    F-CODE: 0    Attributes: 0    Index: 0
    #1852    F-CODE: 0    Attributes: 0    Index: 0
    #1853    F-CODE: 0    Attributes: 0    Index: 0
    #1854    F-CODE: 0    Attributes: 0    Index: 0
    #1855    F-CODE: 0    Attributes: 0    Index: 0
    #1856    F-CODE: 0    Attributes: 0    Index: 0
    #1857    F-CODE: 0    Attributes: 0    Index: 0
    #1858    F-CODE: 0    Attributes: 0    Index: 0
    #1859    F-CODE: 0    Attributes: 0    Index: 0
    #1860    F-CODE: 0    Attributes: 0    Index: 0
    #1861    F-CODE: 0    Attributes: 0    Index: 0
    #1862    F-CODE: 0    Attributes: 0    Index: 0
    #1863    F-CODE: 0    Attributes: 0    Index: 0
    #1864    F-CODE: 0    Attributes: 0    Index: 0
    #1865    F-CODE: 0    Attributes: 0    Index: 0
    #1866    F-CODE: 0    Attributes: 0    Index: 0
    #1867    F-CODE: 0    Attributes: 0    Index: 0
    #1868    F-CODE: 0    Attributes: 0    Index: 0
    #1869    F-CODE: 0    Attributes: 0    Index: 0
    #1870    F-CODE: 0    Attributes: 0    Index: 0
    #1871    F-CODE: 0    Attributes: 0    Index: 0
    #1872    F-CODE: 0    Attributes: 0    Index: 0
    #1873    F-CODE: 0    Attributes: 0    Index: 0
    #1874    F-CODE: 0    Attributes: 0    Index: 0
    #1875    F-CODE: 0    Attributes: 0    Index: 0
    #1876    F-CODE: 0    Attributes: 0    Index: 0
    #1877    F-CODE: 0    Attributes: 0    Index: 0
    #1878    F-CODE: 0    Attributes: 0    Index: 0
    #1879    F-CODE: 0    Attributes: 0    Index: 0
    #1880    F-CODE: 0    Attributes: 0    Index: 0
    #1881    F-CODE: 0    Attributes: 0    Index: 0
    #1882    F-CODE: 0    Attributes: 0    Index: 0
    #1883    F-CODE: 0    Attributes: 0    Index: 0
    #1884    F-CODE: 0    Attributes: 0    Index: 0
    #1885    F-CODE: 0    Attributes: 0    Index: 0
    #1886    F-CODE: 0    Attributes: 0    Index: 0
    #1887    F-CODE: 0    Attributes: 0    Index: 0
    #1888    F-CODE: 0    Attributes: 0    Index: 0
    #1889    F-CODE: 0    Attributes: 0    Index: 0
    #1890    F-CODE: 0    Attributes: 0    Index: 0
    #1891    F-CODE: 0    Attributes: 0    Index: 0
    #1892    F-CODE: 0    Attributes: 0    Index: 0
    #1893    F-CODE: 0    Attributes: 0    Index: 0
    #1894    F-CODE: 0    Attributes: 0    Index: 0
    #1895    F-CODE: 0    Attributes: 0    Index: 0
    #1896    F-CODE: 0    Attributes: 0    Index: 0
    #1897    F-CODE: 0    Attributes: 0    Index: 0
    #1898    F-CODE: 0    Attributes: 0    Index: 0
    #1899    F-CODE: 0    Attributes: 0    Index: 0
    #1900    F-CODE: 0    Attributes: 0    Index: 0
    #1901    F-CODE: 0    Attributes: 0    Index: 0
    #1902    F-CODE: 0    Attributes: 0    Index: 0
    #1903    F-CODE: 0    Attributes: 0    Index: 0
    #1904    F-CODE: 0    Attributes: 0    Index: 0
    #1905    F-CODE: 0    Attributes: 0    Index: 0
    #1906    F-CODE: 0    Attributes: 0    Index: 0
    #1907    F-CODE: 0    Attributes: 0    Index: 0
    #1908    F-CODE: 0    Attributes: 0    Index: 0
    #1909    F-CODE: 0    Attributes: 0    Index: 0
    #1910    F-CODE: 0    Attributes: 0    Index: 0
    #1911    F-CODE: 0    Attributes: 0    Index: 0
    #1912    F-CODE: 0    Attributes: 0    Index: 0
    #1913    F-CODE: 0    Attributes: 0    Index: 0
    #1914    F-CODE: 0    Attributes: 0    Index: 0
    #1915    F-CODE: 0    Attributes: 0    Index: 0
    #1916    F-CODE: 0    Attributes: 0    Index: 0
    #1917    F-CODE: 0    Attributes: 0    Index: 0
    #1918    F-CODE: 0    Attributes: 0    Index: 0
    #1919    F-CODE: 0    Attributes: 0    Index: 0
    #1920    F-CODE: 0    Attributes: 0    Index: 0
    #1921    F-CODE: 0    Attributes: 0    Index: 0
    #1922    F-CODE: 0    Attributes: 0    Index: 0
    #1923    F-CODE: 0    Attributes: 0    Index: 0
    #1924    F-CODE: 0    Attributes: 0    Index: 0
    #1925    F-CODE: 0    Attributes: 0    Index: 0
    #1926    F-CODE: 0    Attributes: 0    Index: 0
    #1927    F-CODE: 0    Attributes: 0    Index: 0
    #1928    F-CODE: 0    Attributes: 0    Index: 0
    #1929    F-CODE: 0    Attributes: 0    Index: 0
    #1930    F-CODE: 0    Attributes: 0    Index: 0
    #1931    F-CODE: 0    Attributes: 0    Index: 0
    #1932    F-CODE: 0    Attributes: 0    Index: 0
    #1933    F-CODE: 0    Attributes: 0    Index: 0
    #1934    F-CODE: 0    Attributes: 0    Index: 0
    #1935    F-CODE: 0    Attributes: 0    Index: 0
    #1936    F-CODE: 0    Attributes: 0    Index: 0
    #1937    F-CODE: 0    Attributes: 0    Index: 0
    #1938    F-CODE: 0    Attributes: 0    Index: 0
    #1939    F-CODE: 0    Attributes: 0    Index: 0
    #1940    F-CODE: 0    Attributes: 0    Index: 0
    #1941    F-CODE: 0    Attributes: 0    Index: 0
    #1942    F-CODE: 0    Attributes: 0    Index: 0
    #1943    F-CODE: 0    Attributes: 0    Index: 0
    #1944    F-CODE: 0    Attributes: 0    Index: 0
    #1945    F-CODE: 0    Attributes: 0    Index: 0
    #1946    F-CODE: 0    Attributes: 0    Index: 0
    #1947    F-CODE: 0    Attributes: 0    Index: 0
    #1948    F-CODE: 0    Attributes: 0    Index: 0
    #1949    F-CODE: 0    Attributes: 0    Index: 0
    #1950    F-CODE: 0    Attributes: 0    Index: 0
    #1951    F-CODE: 0    Attributes: 0    Index: 0
    #1952    F-CODE: 0    Attributes: 0    Index: 0
    #1953    F-CODE: 0    Attributes: 0    Index: 0
    #1954    F-CODE: 0    Attributes: 0    Index: 0
    #1955    F-CODE: 0    Attributes: 0    Index: 0
    #1956    F-CODE: 0    Attributes: 0    Index: 0
    #1957    F-CODE: 0    Attributes: 0    Index: 0
    #1958    F-CODE: 0    Attributes: 0    Index: 0
    #1959    F-CODE: 0    Attributes: 0    Index: 0
    #1960    F-CODE: 0    Attributes: 0    Index: 0
    #1961    F-CODE: 0    Attributes: 0    Index: 0
    #1962    F-CODE: 0    Attributes: 0    Index: 0
    #1963    F-CODE: 0    Attributes: 0    Index: 0
    #1964    F-CODE: 0    Attributes: 0    Index: 0
    #1965    F-CODE: 0    Attributes: 0    Index: 0
    #1966    F-CODE: 0    Attributes: 0    Index: 0
    #1967    F-CODE: 0    Attributes: 0    Index: 0
    #1968    F-CODE: 0    Attributes: 0    Index: 0
    #1969    F-CODE: 0    Attributes: 0    Index: 0
    #1970    F-CODE: 0    Attributes: 0    Index: 0
    #1971    F-CODE: 0    Attributes: 0    Index: 0
    #1972    F-CODE: 0    Attributes: 0    Index: 0
    #1973    F-CODE: 0    Attributes: 0    Index: 0
    #1974    F-CODE: 0    Attributes: 0    Index: 0
    #1975    F-CODE: 0    Attributes: 0    Index: 0
    #1976    F-CODE: 0    Attributes: 0    Index: 0
    #1977    F-CODE: 0    Attributes: 0    Index: 0
    #1978    F-CODE: 0    Attributes: 0    Index: 0
    #1979    F-CODE: 0    Attributes: 0    Index: 0
    #1980    F-CODE: 0    Attributes: 0    Index: 0
    #1981    F-CODE: 0    Attributes: 0    Index: 0
    #1982    F-CODE: 0    Attributes: 0    Index: 0
    #1983    F-CODE: 0    Attributes: 0    Index: 0
    #1984    F-CODE: 0    Attributes: 0    Index: 0
    #1985    F-CODE: 0    Attributes: 0    Index: 0
    #1986    F-CODE: 0    Attributes: 0    Index: 0
    #1987    F-CODE: 0    Attributes: 0    Index: 0
    #1988    F-CODE: 0    Attributes: 0    Index: 0
    #1989    F-CODE: 0    Attributes: 0    Index: 0
    #1990    F-CODE: 0    Attributes: 0    Index: 0
    #1991    F-CODE: 0    Attributes: 0    Index: 0
    #1992    F-CODE: 0    Attributes: 0    Index: 0
    #1993    F-CODE: 0    Attributes: 0    Index: 0
    #1994    F-CODE: 0    Attributes: 0    Index: 0
    #1995    F-CODE: 0    Attributes: 0    Index: 0
    #1996    F-CODE: 0    Attributes: 0    Index: 0
    #1997    F-CODE: 0    Attributes: 0    Index: 0
    #1998    F-CODE: 0    Attributes: 0    Index: 0
    #1999    F-CODE: 0    Attributes: 0    Index: 0
    #2000    F-CODE: 0    Attributes: 0    Index: 0
    #2001    F-CODE: 0    Attributes: 0    Index: 0
    #2002    F-CODE: 0    Attributes: 0    Index: 0
    #2003    F-CODE: 0    Attributes: 0    Index: 0
    #2004    F-CODE: 0    Attributes: 0    Index: 0
    #2005    F-CODE: 0    Attributes: 0    Index: 0
    #2006    F-CODE: 0    Attributes: 0    Index: 0
    #2007    F-CODE: 0    Attributes: 0    Index: 0
    #2008    F-CODE: 0    Attributes: 0    Index: 0
    #2009    F-CODE: 0    Attributes: 0    Index: 0
    #2010    F-CODE: 0    Attributes: 0    Index: 0
    #2011    F-CODE: 0    Attributes: 0    Index: 0
    #2012    F-CODE: 0    Attributes: 0    Index: 0
    #2013    F-CODE: 0    Attributes: 0    Index: 0
    #2014    F-CODE: 0    Attributes: 0    Index: 0
    #2015    F-CODE: 0    Attributes: 0    Index: 0
    #2016    F-CODE: 0    Attributes: 0    Index: 0
    #2017    F-CODE: 0    Attributes: 0    Index: 0
    #2018    F-CODE: 0    Attributes: 0    Index: 0
    #2019    F-CODE: 0    Attributes: 0    Index: 0
    #2020    F-CODE: 0    Attributes: 0    Index: 0
    #2021    F-CODE: 0    Attributes: 0    Index: 0
    #2022    F-CODE: 0    Attributes: 0    Index: 0
    #2023    F-CODE: 0    Attributes: 0    Index: 0
    #2024    F-CODE: 0    Attributes: 0    Index: 0
    #2025    F-CODE: 0    Attributes: 0    Index: 0
    #2026    F-CODE: 0    Attributes: 0    Index: 0
    #2027    F-CODE: 0    Attributes: 0    Index: 0
    #2028    F-CODE: 0    Attributes: 0    Index: 0
    #2029    F-CODE: 0    Attributes: 0    Index: 0
    #2030    F-CODE: 0    Attributes: 0    Index: 0
    #2031    F-CODE: 0    Attributes: 0    Index: 0
    #2032    F-CODE: 0    Attributes: 0    Index: 0
    #2033    F-CODE: 0    Attributes: 0    Index: 0
    #2034    F-CODE: 0    Attributes: 0    Index: 0
    #2035    F-CODE: 0    Attributes: 0    Index: 0
    #2036    F-CODE: 0    Attributes: 0    Index: 0
    #2037    F-CODE: 0    Attributes: 0    Index: 0
    #2038    F-CODE: 0    Attributes: 0    Index: 0
    #2039    F-CODE: 0    Attributes: 0    Index: 0
    #2040    F-CODE: 0    Attributes: 0    Index: 0
    #2041    F-CODE: 0    Attributes: 0    Index: 0
    #2042    F-CODE: 0    Attributes: 0    Index: 0
    #2043    F-CODE: 0    Attributes: 0    Index: 0
    #2044    F-CODE: 0    Attributes: 0    Index: 0
    #2045    F-CODE: 0    Attributes: 0    Index: 0
    #2046    F-CODE: 0    Attributes: 0    Index: 0
    #2047    F-CODE: 0    Attributes: 0    Index: 0
    #2048    F-CODE: 0    Attributes: 0    Index: 0
    #2049    F-CODE: 0    Attributes: 0    Index: 0
    #2050    F-CODE: 0    Attributes: 0    Index: 0
    #2051    F-CODE: 0    Attributes: 0    Index: 0
    #2052    F-CODE: 0    Attributes: 0    Index: 0
    #2053    F-CODE: 0    Attributes: 0    Index: 0
    #2054    F-CODE: 0    Attributes: 0    Index: 0
    #2055    F-CODE: 0    Attributes: 0    Index: 0
    #2056    F-CODE: 0    Attributes: 0    Index: 0
    #2057    F-CODE: 0    Attributes: 0    Index: 0
    #2058    F-CODE: 0    Attributes: 0    Index: 0
    #2059    F-CODE: 0    Attributes: 0    Index: 0
    #2060    F-CODE: 0    Attributes: 0    Index: 0
    #2061    F-CODE: 0    Attributes: 0    Index: 0
    #2062    F-CODE: 0    Attributes: 0    Index: 0
    #2063    F-CODE: 0    Attributes: 0    Index: 0
    #2064    F-CODE: 0    Attributes: 0    Index: 0
    #2065    F-CODE: 0    Attributes: 0    Index: 0
    #2066    F-CODE: 0    Attributes: 0    Index: 0
    #2067    F-CODE: 0    Attributes: 0    Index: 0
    #2068    F-CODE: 0    Attributes: 0    Index: 0
    #2069    F-CODE: 0    Attributes: 0    Index: 0
    #2070    F-CODE: 0    Attributes: 0    Index: 0
    #2071    F-CODE: 0    Attributes: 0    Index: 0
    #2072    F-CODE: 0    Attributes: 0    Index: 0
    #2073    F-CODE: 0    Attributes: 0    Index: 0
    #2074    F-CODE: 0    Attributes: 0    Index: 0
    #2075    F-CODE: 0    Attributes: 0    Index: 0
    #2076    F-CODE: 0    Attributes: 0    Index: 0
    #2077    F-CODE: 0    Attributes: 0    Index: 0
    #2078    F-CODE: 0    Attributes: 0    Index: 0
    #2079    F-CODE: 0    Attributes: 0    Index: 0
    #2080    F-CODE: 0    Attributes: 0    Index: 0
    #2081    F-CODE: 0    Attributes: 0    Index: 0
    #2082    F-CODE: 0    Attributes: 0    Index: 0
    #2083    F-CODE: 0    Attributes: 0    Index: 0
    #2084    F-CODE: 0    Attributes: 0    Index: 0
    #2085    F-CODE: 0    Attributes: 0    Index: 0
    #2086    F-CODE: 0    Attributes: 0    Index: 0
    #2087    F-CODE: 0    Attributes: 0    Index: 0
    #2088    F-CODE: 0    Attributes: 0    Index: 0
    #2089    F-CODE: 0    Attributes: 0    Index: 0
    #2090    F-CODE: 0    Attributes: 0    Index: 0
    #2091    F-CODE: 0    Attributes: 0    Index: 0
    #2092    F-CODE: 0    Attributes: 0    Index: 0
    #2093    F-CODE: 0    Attributes: 0    Index: 0
    #2094    F-CODE: 0    Attributes: 0    Index: 0
    #2095    F-CODE: 0    Attributes: 0    Index: 0
    #2096    F-CODE: 0    Attributes: 0    Index: 0
    #2097    F-CODE: 0    Attributes: 0    Index: 0
    #2098    F-CODE: 0    Attributes: 0    Index: 0
    #2099    F-CODE: 0    Attributes: 0    Index: 0
    #2100    F-CODE: 0    Attributes: 0    Index: 0
    #2101    F-CODE: 0    Attributes: 0    Index: 0
    #2102    F-CODE: 0    Attributes: 0    Index: 0
    #2103    F-CODE: 0    Attributes: 0    Index: 0
    #2104    F-CODE: 0    Attributes: 0    Index: 0
    #2105    F-CODE: 0    Attributes: 0    Index: 0
    #2106    F-CODE: 0    Attributes: 0    Index: 0
    #2107    F-CODE: 0    Attributes: 0    Index: 0
    #2108    F-CODE: 0    Attributes: 0    Index: 0
    #2109    F-CODE: 0    Attributes: 0    Index: 0
    #2110    F-CODE: 0    Attributes: 0    Index: 0
    #2111    F-CODE: 0    Attributes: 0    Index: 0
    #2112    F-CODE: 0    Attributes: 0    Index: 0
    #2113    F-CODE: 0    Attributes: 0    Index: 0
    #2114    F-CODE: 0    Attributes: 0    Index: 0
    #2115    F-CODE: 0    Attributes: 0    Index: 0
    #2116    F-CODE: 0    Attributes: 0    Index: 0
    #2117    F-CODE: 0    Attributes: 0    Index: 0
    #2118    F-CODE: 0    Attributes: 0    Index: 0
    #2119    F-CODE: 0    Attributes: 0    Index: 0
    #2120    F-CODE: 0    Attributes: 0    Index: 0
    #2121    F-CODE: 0    Attributes: 0    Index: 0
    #2122    F-CODE: 0    Attributes: 0    Index: 0
    #2123    F-CODE: 0    Attributes: 0    Index: 0
    #2124    F-CODE: 0    Attributes: 0    Index: 0
    #2125    F-CODE: 0    Attributes: 0    Index: 0
    #2126    F-CODE: 0    Attributes: 0    Index: 0
    #2127    F-CODE: 0    Attributes: 0    Index: 0
    #2128    F-CODE: 0    Attributes: 0    Index: 0
    #2129    F-CODE: 0    Attributes: 0    Index: 0
    #2130    F-CODE: 0    Attributes: 0    Index: 0
    #2131    F-CODE: 0    Attributes: 0    Index: 0
    #2132    F-CODE: 0    Attributes: 0    Index: 0
    #2133    F-CODE: 0    Attributes: 0    Index: 0
    #2134    F-CODE: 0    Attributes: 0    Index: 0
    #2135    F-CODE: 0    Attributes: 0    Index: 0
    #2136    F-CODE: 0    Attributes: 0    Index: 0
    #2137    F-CODE: 0    Attributes: 0    Index: 0
    #2138    F-CODE: 0    Attributes: 0    Index: 0
    #2139    F-CODE: 0    Attributes: 0    Index: 0
    #2140    F-CODE: 0    Attributes: 0    Index: 0
    #2141    F-CODE: 0    Attributes: 0    Index: 0
    #2142    F-CODE: 0    Attributes: 0    Index: 0
    #2143    F-CODE: 0    Attributes: 0    Index: 0
    #2144    F-CODE: 0    Attributes: 0    Index: 0
    #2145    F-CODE: 0    Attributes: 0    Index: 0
    #2146    F-CODE: 0    Attributes: 0    Index: 0
    #2147    F-CODE: 0    Attributes: 0    Index: 0
    #2148    F-CODE: 0    Attributes: 0    Index: 0
    #2149    F-CODE: 0    Attributes: 0    Index: 0
    #2150    F-CODE: 0    Attributes: 0    Index: 0
    #2151    F-CODE: 0    Attributes: 0    Index: 0
    #2152    F-CODE: 0    Attributes: 0    Index: 0
    #2153    F-CODE: 0    Attributes: 0    Index: 0
    #2154    F-CODE: 0    Attributes: 0    Index: 0
    #2155    F-CODE: 0    Attributes: 0    Index: 0
    #2156    F-CODE: 0    Attributes: 0    Index: 0
    #2157    F-CODE: 0    Attributes: 0    Index: 0
    #2158    F-CODE: 0    Attributes: 0    Index: 0
    #2159    F-CODE: 0    Attributes: 0    Index: 0
    #2160    F-CODE: 0    Attributes: 0    Index: 0
    #2161    F-CODE: 0    Attributes: 0    Index: 0
    #2162    F-CODE: 0    Attributes: 0    Index: 0
    #2163    F-CODE: 0    Attributes: 0    Index: 0
    #2164    F-CODE: 0    Attributes: 0    Index: 0
    #2165    F-CODE: 0    Attributes: 0    Index: 0
    #2166    F-CODE: 0    Attributes: 0    Index: 0
    #2167    F-CODE: 0    Attributes: 0    Index: 0
    #2168    F-CODE: 0    Attributes: 0    Index: 0
    #2169    F-CODE: 0    Attributes: 0    Index: 0
    #2170    F-CODE: 0    Attributes: 0    Index: 0
    #2171    F-CODE: 0    Attributes: 0    Index: 0
    #2172    F-CODE: 0    Attributes: 0    Index: 0
    #2173    F-CODE: 0    Attributes: 0    Index: 0
    #2174    F-CODE: 0    Attributes: 0    Index: 0
    #2175    F-CODE: 0    Attributes: 0    Index: 0
    #2176    F-CODE: 0    Attributes: 0    Index: 0
    #2177    F-CODE: 0    Attributes: 0    Index: 0
    #2178    F-CODE: 0    Attributes: 0    Index: 0
    #2179    F-CODE: 0    Attributes: 0    Index: 0
    #2180    F-CODE: 0    Attributes: 0    Index: 0
    #2181    F-CODE: 0    Attributes: 0    Index: 0
    #2182    F-CODE: 0    Attributes: 0    Index: 0
    #2183    F-CODE: 0    Attributes: 0    Index: 0
    #2184    F-CODE: 0    Attributes: 0    Index: 0
    #2185    F-CODE: 0    Attributes: 0    Index: 0
    #2186    F-CODE: 0    Attributes: 0    Index: 0
    #2187    F-CODE: 0    Attributes: 0    Index: 0
    #2188    F-CODE: 0    Attributes: 0    Index: 0
    #2189    F-CODE: 0    Attributes: 0    Index: 0
    #2190    F-CODE: 0    Attributes: 0    Index: 0
    #2191    F-CODE: 0    Attributes: 0    Index: 0
    #2192    F-CODE: 0    Attributes: 0    Index: 0
    #2193    F-CODE: 0    Attributes: 0    Index: 0
    #2194    F-CODE: 0    Attributes: 0    Index: 0
    #2195    F-CODE: 0    Attributes: 0    Index: 0
    #2196    F-CODE: 0    Attributes: 0    Index: 0
    #2197    F-CODE: 0    Attributes: 0    Index: 0
    #2198    F-CODE: 0    Attributes: 0    Index: 0
    #2199    F-CODE: 0    Attributes: 0    Index: 0
    #2200    F-CODE: 0    Attributes: 0    Index: 0
    #2201    F-CODE: 0    Attributes: 0    Index: 0
    #2202    F-CODE: 0    Attributes: 0    Index: 0
    #2203    F-CODE: 0    Attributes: 0    Index: 0
    #2204    F-CODE: 0    Attributes: 0    Index: 0
    #2205    F-CODE: 0    Attributes: 0    Index: 0
    #2206    F-CODE: 0    Attributes: 0    Index: 0
    #2207    F-CODE: 0    Attributes: 0    Index: 0
    #2208    F-CODE: 0    Attributes: 0    Index: 0
    #2209    F-CODE: 0    Attributes: 0    Index: 0
    #2210    F-CODE: 0    Attributes: 0    Index: 0
    #2211    F-CODE: 0    Attributes: 0    Index: 0
    #2212    F-CODE: 0    Attributes: 0    Index: 0
    #2213    F-CODE: 0    Attributes: 0    Index: 0
    #2214    F-CODE: 0    Attributes: 0    Index: 0
    #2215    F-CODE: 0    Attributes: 0    Index: 0
    #2216    F-CODE: 0    Attributes: 0    Index: 0
    #2217    F-CODE: 0    Attributes: 0    Index: 0
    #2218    F-CODE: 0    Attributes: 0    Index: 0
    #2219    F-CODE: 0    Attributes: 0    Index: 0
    #2220    F-CODE: 0    Attributes: 0    Index: 0
    #2221    F-CODE: 0    Attributes: 0    Index: 0
    #2222    F-CODE: 0    Attributes: 0    Index: 0
    #2223    F-CODE: 0    Attributes: 0    Index: 0
    #2224    F-CODE: 0    Attributes: 0    Index: 0
    #2225    F-CODE: 0    Attributes: 0    Index: 0
    #2226    F-CODE: 0    Attributes: 0    Index: 0
    #2227    F-CODE: 0    Attributes: 0    Index: 0
    #2228    F-CODE: 0    Attributes: 0    Index: 0
    #2229    F-CODE: 0    Attributes: 0    Index: 0
    #2230    F-CODE: 0    Attributes: 0    Index: 0
    #2231    F-CODE: 0    Attributes: 0    Index: 0
    #2232    F-CODE: 0    Attributes: 0    Index: 0
    #2233    F-CODE: 0    Attributes: 0    Index: 0
    #2234    F-CODE: 0    Attributes: 0    Index: 0
    #2235    F-CODE: 0    Attributes: 0    Index: 0
    #2236    F-CODE: 0    Attributes: 0    Index: 0
    #2237    F-CODE: 0    Attributes: 0    Index: 0
    #2238    F-CODE: 0    Attributes: 0    Index: 0
    #2239    F-CODE: 0    Attributes: 0    Index: 0
    #2240    F-CODE: 0    Attributes: 0    Index: 0
    #2241    F-CODE: 0    Attributes: 0    Index: 0
    #2242    F-CODE: 0    Attributes: 0    Index: 0
    #2243    F-CODE: 0    Attributes: 0    Index: 0
    #2244    F-CODE: 0    Attributes: 0    Index: 0
    #2245    F-CODE: 0    Attributes: 0    Index: 0
    #2246    F-CODE: 0    Attributes: 0    Index: 0
    #2247    F-CODE: 0    Attributes: 0    Index: 0
    #2248    F-CODE: 0    Attributes: 0    Index: 0
    #2249    F-CODE: 0    Attributes: 0    Index: 0
    #2250    F-CODE: 0    Attributes: 0    Index: 0
    #2251    F-CODE: 0    Attributes: 0    Index: 0
    #2252    F-CODE: 0    Attributes: 0    Index: 0
    #2253    F-CODE: 0    Attributes: 0    Index: 0
    #2254    F-CODE: 0    Attributes: 0    Index: 0
    #2255    F-CODE: 0    Attributes: 0    Index: 0
    #2256    F-CODE: 0    Attributes: 0    Index: 0
    #2257    F-CODE: 0    Attributes: 0    Index: 0
    #2258    F-CODE: 0    Attributes: 0    Index: 0
    #2259    F-CODE: 0    Attributes: 0    Index: 0
    #2260    F-CODE: 0    Attributes: 0    Index: 0
    #2261    F-CODE: 0    Attributes: 0    Index: 0
    #2262    F-CODE: 0    Attributes: 0    Index: 0
    #2263    F-CODE: 0    Attributes: 0    Index: 0
    #2264    F-CODE: 0    Attributes: 0    Index: 0
    #2265    F-CODE: 0    Attributes: 0    Index: 0
    #2266    F-CODE: 0    Attributes: 0    Index: 0
    #2267    F-CODE: 0    Attributes: 0    Index: 0
    #2268    F-CODE: 0    Attributes: 0    Index: 0
    #2269    F-CODE: 0    Attributes: 0    Index: 0
    #2270    F-CODE: 0    Attributes: 0    Index: 0
    #2271    F-CODE: 0    Attributes: 0    Index: 0
    #2272    F-CODE: 0    Attributes: 0    Index: 0
    #2273    F-CODE: 0    Attributes: 0    Index: 0
    #2274    F-CODE: 0    Attributes: 0    Index: 0
    #2275    F-CODE: 0    Attributes: 0    Index: 0
    #2276    F-CODE: 0    Attributes: 0    Index: 0
    #2277    F-CODE: 0    Attributes: 0    Index: 0
    #2278    F-CODE: 0    Attributes: 0    Index: 0
    #2279    F-CODE: 0    Attributes: 0    Index: 0
    #2280    F-CODE: 0    Attributes: 0    Index: 0
    #2281    F-CODE: 0    Attributes: 0    Index: 0
    #2282    F-CODE: 0    Attributes: 0    Index: 0
    #2283    F-CODE: 0    Attributes: 0    Index: 0
    #2284    F-CODE: 0    Attributes: 0    Index: 0
    #2285    F-CODE: 0    Attributes: 0    Index: 0
    #2286    F-CODE: 0    Attributes: 0    Index: 0
    #2287    F-CODE: 0    Attributes: 0    Index: 0
    #2288    F-CODE: 0    Attributes: 0    Index: 0
    #2289    F-CODE: 0    Attributes: 0    Index: 0
    #2290    F-CODE: 0    Attributes: 0    Index: 0
    #2291    F-CODE: 0    Attributes: 0    Index: 0
    #2292    F-CODE: 0    Attributes: 0    Index: 0
    #2293    F-CODE: 0    Attributes: 0    Index: 0
    #2294    F-CODE: 0    Attributes: 0    Index: 0
    #2295    F-CODE: 0    Attributes: 0    Index: 0
    #2296    F-CODE: 0    Attributes: 0    Index: 0
    #2297    F-CODE: 0    Attributes: 0    Index: 0
    #2298    F-CODE: 0    Attributes: 0    Index: 0
    #2299    F-CODE: 0    Attributes: 0    Index: 0
    #2300    F-CODE: 0    Attributes: 0    Index: 0
    #2301    F-CODE: 0    Attributes: 0    Index: 0
    #2302    F-CODE: 0    Attributes: 0    Index: 0
    #2303    F-CODE: 0    Attributes: 0    Index: 0
    #2304    F-CODE: 0    Attributes: 0    Index: 0
    #2305    F-CODE: 0    Attributes: 0    Index: 0
    #2306    F-CODE: 0    Attributes: 0    Index: 0
    #2307    F-CODE: 0    Attributes: 0    Index: 0
    #2308    F-CODE: 0    Attributes: 0    Index: 0
    #2309    F-CODE: 0    Attributes: 0    Index: 0
    #2310    F-CODE: 0    Attributes: 0    Index: 0
    #2311    F-CODE: 0    Attributes: 0    Index: 0
    #2312    F-CODE: 0    Attributes: 0    Index: 0
    #2313    F-CODE: 0    Attributes: 0    Index: 0
    #2314    F-CODE: 0    Attributes: 0    Index: 0
    #2315    F-CODE: 0    Attributes: 0    Index: 0
    #2316    F-CODE: 0    Attributes: 0    Index: 0
    #2317    F-CODE: 0    Attributes: 0    Index: 0
    #2318    F-CODE: 0    Attributes: 0    Index: 0
    #2319    F-CODE: 0    Attributes: 0    Index: 0
    #2320    F-CODE: 0    Attributes: 0    Index: 0
    #2321    F-CODE: 0    Attributes: 0    Index: 0
    #2322    F-CODE: 0    Attributes: 0    Index: 0
    #2323    F-CODE: 0    Attributes: 0    Index: 0
    #2324    F-CODE: 0    Attributes: 0    Index: 0
    #2325    F-CODE: 0    Attributes: 0    Index: 0
    #2326    F-CODE: 0    Attributes: 0    Index: 0
    #2327    F-CODE: 0    Attributes: 0    Index: 0
    #2328    F-CODE: 0    Attributes: 0    Index: 0
    #2329    F-CODE: 0    Attributes: 0    Index: 0
    #2330    F-CODE: 0    Attributes: 0    Index: 0
    #2331    F-CODE: 0    Attributes: 0    Index: 0
    #2332    F-CODE: 0    Attributes: 0    Index: 0
    #2333    F-CODE: 0    Attributes: 0    Index: 0
    #2334    F-CODE: 0    Attributes: 0    Index: 0
    #2335    F-CODE: 0    Attributes: 0    Index: 0
    #2336    F-CODE: 0    Attributes: 0    Index: 0
    #2337    F-CODE: 0    Attributes: 0    Index: 0
    #2338    F-CODE: 0    Attributes: 0    Index: 0
    #2339    F-CODE: 0    Attributes: 0    Index: 0
    #2340    F-CODE: 0    Attributes: 0    Index: 0
    #2341    F-CODE: 0    Attributes: 0    Index: 0
    #2342    F-CODE: 0    Attributes: 0    Index: 0
    #2343    F-CODE: 0    Attributes: 0    Index: 0
    #2344    F-CODE: 0    Attributes: 0    Index: 0
    #2345    F-CODE: 0    Attributes: 0    Index: 0
    #2346    F-CODE: 0    Attributes: 0    Index: 0
    #2347    F-CODE: 0    Attributes: 0    Index: 0
    #2348    F-CODE: 0    Attributes: 0    Index: 0
    #2349    F-CODE: 0    Attributes: 0    Index: 0
    #2350    F-CODE: 0    Attributes: 0    Index: 0
    #2351    F-CODE: 0    Attributes: 0    Index: 0
    #2352    F-CODE: 0    Attributes: 0    Index: 0
    #2353    F-CODE: 0    Attributes: 0    Index: 0
    #2354    F-CODE: 0    Attributes: 0    Index: 0
    #2355    F-CODE: 0    Attributes: 0    Index: 0
    #2356    F-CODE: 0    Attributes: 0    Index: 0
    #2357    F-CODE: 0    Attributes: 0    Index: 0
    #2358    F-CODE: 0    Attributes: 0    Index: 0
    #2359    F-CODE: 0    Attributes: 0    Index: 0
    #2360    F-CODE: 0    Attributes: 0    Index: 0
    #2361    F-CODE: 0    Attributes: 0    Index: 0
    #2362    F-CODE: 0    Attributes: 0    Index: 0
    #2363    F-CODE: 0    Attributes: 0    Index: 0
    #2364    F-CODE: 0    Attributes: 0    Index: 0
    #2365    F-CODE: 0    Attributes: 0    Index: 0
    #2366    F-CODE: 0    Attributes: 0    Index: 0
    #2367    F-CODE: 0    Attributes: 0    Index: 0
    #2368    F-CODE: 0    Attributes: 0    Index: 0
    #2369    F-CODE: 0    Attributes: 0    Index: 0
    #2370    F-CODE: 0    Attributes: 0    Index: 0
    #2371    F-CODE: 0    Attributes: 0    Index: 0
    #2372    F-CODE: 0    Attributes: 0    Index: 0
    #2373    F-CODE: 0    Attributes: 0    Index: 0
    #2374    F-CODE: 0    Attributes: 0    Index: 0
    #2375    F-CODE: 0    Attributes: 0    Index: 0
    #2376    F-CODE: 0    Attributes: 0    Index: 0
    #2377    F-CODE: 0    Attributes: 0    Index: 0
    #2378    F-CODE: 0    Attributes: 0    Index: 0
    #2379    F-CODE: 0    Attributes: 0    Index: 0
    #2380    F-CODE: 0    Attributes: 0    Index: 0
    #2381    F-CODE: 0    Attributes: 0    Index: 0
    #2382    F-CODE: 0    Attributes: 0    Index: 0
    #2383    F-CODE: 0    Attributes: 0    Index: 0
    #2384    F-CODE: 0    Attributes: 0    Index: 0
    #2385    F-CODE: 0    Attributes: 0    Index: 0
    #2386    F-CODE: 0    Attributes: 0    Index: 0
    #2387    F-CODE: 0    Attributes: 0    Index: 0
    #2388    F-CODE: 0    Attributes: 0    Index: 0
    #2389    F-CODE: 0    Attributes: 0    Index: 0
    #2390    F-CODE: 0    Attributes: 0    Index: 0
    #2391    F-CODE: 0    Attributes: 0    Index: 0
    #2392    F-CODE: 0    Attributes: 0    Index: 0
    #2393    F-CODE: 0    Attributes: 0    Index: 0
    #2394    F-CODE: 0    Attributes: 0    Index: 0
    #2395    F-CODE: 0    Attributes: 0    Index: 0
    #2396    F-CODE: 0    Attributes: 0    Index: 0
    #2397    F-CODE: 0    Attributes: 0    Index: 0
    #2398    F-CODE: 0    Attributes: 0    Index: 0
    #2399    F-CODE: 0    Attributes: 0    Index: 0
    #2400    F-CODE: 0    Attributes: 0    Index: 0
    #2401    F-CODE: 0    Attributes: 0    Index: 0
    #2402    F-CODE: 0    Attributes: 0    Index: 0
    #2403    F-CODE: 0    Attributes: 0    Index: 0
    #2404    F-CODE: 0    Attributes: 0    Index: 0
    #2405    F-CODE: 0    Attributes: 0    Index: 0
    #2406    F-CODE: 0    Attributes: 0    Index: 0
    #2407    F-CODE: 0    Attributes: 0    Index: 0
    #2408    F-CODE: 0    Attributes: 0    Index: 0
    #2409    F-CODE: 0    Attributes: 0    Index: 0
    #2410    F-CODE: 0    Attributes: 0    Index: 0
    #2411    F-CODE: 0    Attributes: 0    Index: 0
    #2412    F-CODE: 0    Attributes: 0    Index: 0
    #2413    F-CODE: 0    Attributes: 0    Index: 0
    #2414    F-CODE: 0    Attributes: 0    Index: 0
    #2415    F-CODE: 0    Attributes: 0    Index: 0
    #2416    F-CODE: 0    Attributes: 0    Index: 0
    #2417    F-CODE: 0    Attributes: 0    Index: 0
    #2418    F-CODE: 0    Attributes: 0    Index: 0
    #2419    F-CODE: 0    Attributes: 0    Index: 0
    #2420    F-CODE: 0    Attributes: 0    Index: 0
    #2421    F-CODE: 0    Attributes: 0    Index: 0
    #2422    F-CODE: 0    Attributes: 0    Index: 0
    #2423    F-CODE: 0    Attributes: 0    Index: 0
    #2424    F-CODE: 0    Attributes: 0    Index: 0
    #2425    F-CODE: 0    Attributes: 0    Index: 0
    #2426    F-CODE: 0    Attributes: 0    Index: 0
    #2427    F-CODE: 0    Attributes: 0    Index: 0
    #2428    F-CODE: 0    Attributes: 0    Index: 0
    #2429    F-CODE: 0    Attributes: 0    Index: 0
    #2430    F-CODE: 0    Attributes: 0    Index: 0
    #2431    F-CODE: 0    Attributes: 0    Index: 0
    #2432    F-CODE: 0    Attributes: 0    Index: 0
    #2433    F-CODE: 0    Attributes: 0    Index: 0
    #2434    F-CODE: 0    Attributes: 0    Index: 0
    #2435    F-CODE: 0    Attributes: 0    Index: 0
    #2436    F-CODE: 0    Attributes: 0    Index: 0
    #2437    F-CODE: 0    Attributes: 0    Index: 0
    #2438    F-CODE: 0    Attributes: 0    Index: 0
    #2439    F-CODE: 0    Attributes: 0    Index: 0
    #2440    F-CODE: 0    Attributes: 0    Index: 0
    #2441    F-CODE: 0    Attributes: 0    Index: 0
    #2442    F-CODE: 0    Attributes: 0    Index: 0
    #2443    F-CODE: 0    Attributes: 0    Index: 0
    #2444    F-CODE: 0    Attributes: 0    Index: 0
    #2445    F-CODE: 0    Attributes: 0    Index: 0
    #2446    F-CODE: 0    Attributes: 0    Index: 0
    #2447    F-CODE: 0    Attributes: 0    Index: 0
    #2448    F-CODE: 0    Attributes: 0    Index: 0
    #2449    F-CODE: 0    Attributes: 0    Index: 0
    #2450    F-CODE: 0    Attributes: 0    Index: 0
    #2451    F-CODE: 0    Attributes: 0    Index: 0
    #2452    F-CODE: 0    Attributes: 0    Index: 0
    #2453    F-CODE: 0    Attributes: 0    Index: 0
    #2454    F-CODE: 0    Attributes: 0    Index: 0
    #2455    F-CODE: 0    Attributes: 0    Index: 0
    #2456    F-CODE: 0    Attributes: 0    Index: 0
    #2457    F-CODE: 0    Attributes: 0    Index: 0
    #2458    F-CODE: 0    Attributes: 0    Index: 0
    #2459    F-CODE: 0    Attributes: 0    Index: 0
    #2460    F-CODE: 0    Attributes: 0    Index: 0
    #2461    F-CODE: 0    Attributes: 0    Index: 0
    #2462    F-CODE: 0    Attributes: 0    Index: 0
    #2463    F-CODE: 0    Attributes: 0    Index: 0
    #2464    F-CODE: 0    Attributes: 0    Index: 0
    #2465    F-CODE: 0    Attributes: 0    Index: 0
    #2466    F-CODE: 0    Attributes: 0    Index: 0
    #2467    F-CODE: 0    Attributes: 0    Index: 0
    #2468    F-CODE: 0    Attributes: 0    Index: 0
    #2469    F-CODE: 0    Attributes: 0    Index: 0
    #2470    F-CODE: 0    Attributes: 0    Index: 0
    #2471    F-CODE: 0    Attributes: 0    Index: 0
    #2472    F-CODE: 0    Attributes: 0    Index: 0
    #2473    F-CODE: 0    Attributes: 0    Index: 0
    #2474    F-CODE: 0    Attributes: 0    Index: 0
    #2475    F-CODE: 0    Attributes: 0    Index: 0
    #2476    F-CODE: 0    Attributes: 0    Index: 0
    #2477    F-CODE: 0    Attributes: 0    Index: 0
    #2478    F-CODE: 0    Attributes: 0    Index: 0
    #2479    F-CODE: 0    Attributes: 0    Index: 0
    #2480    F-CODE: 0    Attributes: 0    Index: 0
    #2481    F-CODE: 0    Attributes: 0    Index: 0
    #2482    F-CODE: 0    Attributes: 0    Index: 0
    #2483    F-CODE: 0    Attributes: 0    Index: 0
    #2484    F-CODE: 0    Attributes: 0    Index: 0
    #2485    F-CODE: 0    Attributes: 0    Index: 0
    #2486    F-CODE: 0    Attributes: 0    Index: 0
    #2487    F-CODE: 0    Attributes: 0    Index: 0
    #2488    F-CODE: 0    Attributes: 0    Index: 0
    #2489    F-CODE: 0    Attributes: 0    Index: 0
    #2490    F-CODE: 0    Attributes: 0    Index: 0
    #2491    F-CODE: 0    Attributes: 0    Index: 0
    #2492    F-CODE: 0    Attributes: 0    Index: 0
    #2493    F-CODE: 0    Attributes: 0    Index: 0
    #2494    F-CODE: 0    Attributes: 0    Index: 0
    #2495    F-CODE: 0    Attributes: 0    Index: 0
    #2496    F-CODE: 0    Attributes: 0    Index: 0
    #2497    F-CODE: 0    Attributes: 0    Index: 0
    #2498    F-CODE: 0    Attributes: 0    Index: 0
    #2499    F-CODE: 0    Attributes: 0    Index: 0
    #2500    F-CODE: 0    Attributes: 0    Index: 0
    #2501    F-CODE: 0    Attributes: 0    Index: 0
    #2502    F-CODE: 0    Attributes: 0    Index: 0
    #2503    F-CODE: 0    Attributes: 0    Index: 0
    #2504    F-CODE: 0    Attributes: 0    Index: 0
    #2505    F-CODE: 0    Attributes: 0    Index: 0
    #2506    F-CODE: 0    Attributes: 0    Index: 0
    #2507    F-CODE: 0    Attributes: 0    Index: 0
    #2508    F-CODE: 0    Attributes: 0    Index: 0
    #2509    F-CODE: 0    Attributes: 0    Index: 0
    #2510    F-CODE: 0    Attributes: 0    Index: 0
    #2511    F-CODE: 0    Attributes: 0    Index: 0
    #2512    F-CODE: 0    Attributes: 0    Index: 0
    #2513    F-CODE: 0    Attributes: 0    Index: 0
    #2514    F-CODE: 0    Attributes: 0    Index: 0
    #2515    F-CODE: 0    Attributes: 0    Index: 0
    #2516    F-CODE: 0    Attributes: 0    Index: 0
    #2517    F-CODE: 0    Attributes: 0    Index: 0
    #2518    F-CODE: 0    Attributes: 0    Index: 0
    #2519    F-CODE: 0    Attributes: 0    Index: 0
    #2520    F-CODE: 0    Attributes: 0    Index: 0
    #2521    F-CODE: 0    Attributes: 0    Index: 0
    #2522    F-CODE: 0    Attributes: 0    Index: 0
    #2523    F-CODE: 0    Attributes: 0    Index: 0
    #2524    F-CODE: 0    Attributes: 0    Index: 0
    #2525    F-CODE: 0    Attributes: 0    Index: 0
    #2526    F-CODE: 0    Attributes: 0    Index: 0
    #2527    F-CODE: 0    Attributes: 0    Index: 0
    #2528    F-CODE: 0    Attributes: 0    Index: 0
    #2529    F-CODE: 0    Attributes: 0    Index: 0
    #2530    F-CODE: 0    Attributes: 0    Index: 0
    #2531    F-CODE: 0    Attributes: 0    Index: 0
    #2532    F-CODE: 0    Attributes: 0    Index: 0
    #2533    F-CODE: 0    Attributes: 0    Index: 0
    #2534    F-CODE: 0    Attributes: 0    Index: 0
    #2535    F-CODE: 0    Attributes: 0    Index: 0
    #2536    F-CODE: 0    Attributes: 0    Index: 0
    #2537    F-CODE: 0    Attributes: 0    Index: 0
    #2538    F-CODE: 0    Attributes: 0    Index: 0
    #2539    F-CODE: 0    Attributes: 0    Index: 0
    #2540    F-CODE: 0    Attributes: 0    Index: 0
    #2541    F-CODE: 0    Attributes: 0    Index: 0
    #2542    F-CODE: 0    Attributes: 0    Index: 0
    #2543    F-CODE: 0    Attributes: 0    Index: 0
    #2544    F-CODE: 0    Attributes: 0    Index: 0
    #2545    F-CODE: 0    Attributes: 0    Index: 0
    #2546    F-CODE: 0    Attributes: 0    Index: 0
    #2547    F-CODE: 0    Attributes: 0    Index: 0
    #2548    F-CODE: 0    Attributes: 0    Index: 0
    #2549    F-CODE: 0    Attributes: 0    Index: 0
    #2550    F-CODE: 0    Attributes: 0    Index: 0
    #2551    F-CODE: 0    Attributes: 0    Index: 0
    #2552    F-CODE: 0    Attributes: 0    Index: 0
    #2553    F-CODE: 0    Attributes: 0    Index: 0
    #2554    F-CODE: 0    Attributes: 0    Index: 0
    #2555    F-CODE: 0    Attributes: 0    Index: 0
    #2556    F-CODE: 0    Attributes: 0    Index: 0
    #2557    F-CODE: 0    Attributes: 0    Index: 0
    #2558    F-CODE: 0    Attributes: 0    Index: 0
    #2559    F-CODE: 0    Attributes: 0    Index: 0
    #2560    F-CODE: 0    Attributes: 0    Index: 0
    #2561    F-CODE: 0    Attributes: 0    Index: 0
    #2562    F-CODE: 0    Attributes: 0    Index: 0
    #2563    F-CODE: 0    Attributes: 0    Index: 0
    #2564    F-CODE: 0    Attributes: 0    Index: 0
    #2565    F-CODE: 0    Attributes: 0    Index: 0
    #2566    F-CODE: 0    Attributes: 0    Index: 0
    #2567    F-CODE: 0    Attributes: 0    Index: 0
    #2568    F-CODE: 0    Attributes: 0    Index: 0
    #2569    F-CODE: 0    Attributes: 0    Index: 0
    #2570    F-CODE: 0    Attributes: 0    Index: 0
    #2571    F-CODE: 0    Attributes: 0    Index: 0
    #2572    F-CODE: 0    Attributes: 0    Index: 0
    #2573    F-CODE: 0    Attributes: 0    Index: 0
    #2574    F-CODE: 0    Attributes: 0    Index: 0
    #2575    F-CODE: 0    Attributes: 0    Index: 0
    #2576    F-CODE: 0    Attributes: 0    Index: 0
    #2577    F-CODE: 0    Attributes: 0    Index: 0
    #2578    F-CODE: 0    Attributes: 0    Index: 0
    #2579    F-CODE: 0    Attributes: 0    Index: 0
    #2580    F-CODE: 0    Attributes: 0    Index: 0
    #2581    F-CODE: 0    Attributes: 0    Index: 0
    #2582    F-CODE: 0    Attributes: 0    Index: 0
    #2583    F-CODE: 0    Attributes: 0    Index: 0
    #2584    F-CODE: 0    Attributes: 0    Index: 0
    #2585    F-CODE: 0    Attributes: 0    Index: 0
    #2586    F-CODE: 0    Attributes: 0    Index: 0
    #2587    F-CODE: 0    Attributes: 0    Index: 0
    #2588    F-CODE: 0    Attributes: 0    Index: 0
    #2589    F-CODE: 0    Attributes: 0    Index: 0
    #2590    F-CODE: 0    Attributes: 0    Index: 0
    #2591    F-CODE: 0    Attributes: 0    Index: 0
    #2592    F-CODE: 0    Attributes: 0    Index: 0
    #2593    F-CODE: 0    Attributes: 0    Index: 0
    #2594    F-CODE: 0    Attributes: 0    Index: 0
    #2595    F-CODE: 0    Attributes: 0    Index: 0
    #2596    F-CODE: 0    Attributes: 0    Index: 0
    #2597    F-CODE: 0    Attributes: 0    Index: 0
    #2598    F-CODE: 0    Attributes: 0    Index: 0
    #2599    F-CODE: 0    Attributes: 0    Index: 0
    #2600    F-CODE: 0    Attributes: 0    Index: 0
    #2601    F-CODE: 0    Attributes: 0    Index: 0
    #2602    F-CODE: 0    Attributes: 0    Index: 0
    #2603    F-CODE: 0    Attributes: 0    Index: 0
    #2604    F-CODE: 0    Attributes: 0    Index: 0
    #2605    F-CODE: 0    Attributes: 0    Index: 0
    #2606    F-CODE: 0    Attributes: 0    Index: 0
    #2607    F-CODE: 0    Attributes: 0    Index: 0
    #2608    F-CODE: 0    Attributes: 0    Index: 0
    #2609    F-CODE: 0    Attributes: 0    Index: 0
    #2610    F-CODE: 0    Attributes: 0    Index: 0
    #2611    F-CODE: 0    Attributes: 0    Index: 0
    #2612    F-CODE: 0    Attributes: 0    Index: 0
    #2613    F-CODE: 0    Attributes: 0    Index: 0
    #2614    F-CODE: 0    Attributes: 0    Index: 0
    #2615    F-CODE: 0    Attributes: 0    Index: 0
    #2616    F-CODE: 0    Attributes: 0    Index: 0
    #2617    F-CODE: 0    Attributes: 0    Index: 0
    #2618    F-CODE: 0    Attributes: 0    Index: 0
    #2619    F-CODE: 0    Attributes: 0    Index: 0
    #2620    F-CODE: 0    Attributes: 0    Index: 0
    #2621    F-CODE: 0    Attributes: 0    Index: 0
    #2622    F-CODE: 0    Attributes: 0    Index: 0
    #2623    F-CODE: 0    Attributes: 0    Index: 0
    #2624    F-CODE: 0    Attributes: 0    Index: 0
    #2625    F-CODE: 0    Attributes: 0    Index: 0
    #2626    F-CODE: 0    Attributes: 0    Index: 0
    #2627    F-CODE: 0    Attributes: 0    Index: 0
    #2628    F-CODE: 0    Attributes: 0    Index: 0
    #2629    F-CODE: 0    Attributes: 0    Index: 0
    #2630    F-CODE: 0    Attributes: 0    Index: 0
    #2631    F-CODE: 0    Attributes: 0    Index: 0
    #2632    F-CODE: 0    Attributes: 0    Index: 0
    #2633    F-CODE: 0    Attributes: 0    Index: 0
    #2634    F-CODE: 0    Attributes: 0    Index: 0
    #2635    F-CODE: 0    Attributes: 0    Index: 0
    #2636    F-CODE: 0    Attributes: 0    Index: 0
    #2637    F-CODE: 0    Attributes: 0    Index: 0
    #2638    F-CODE: 0    Attributes: 0    Index: 0
    #2639    F-CODE: 0    Attributes: 0    Index: 0
    #2640    F-CODE: 0    Attributes: 0    Index: 0
    #2641    F-CODE: 0    Attributes: 0    Index: 0
    #2642    F-CODE: 0    Attributes: 0    Index: 0
    #2643    F-CODE: 0    Attributes: 0    Index: 0
    #2644    F-CODE: 0    Attributes: 0    Index: 0
    #2645    F-CODE: 0    Attributes: 0    Index: 0
    #2646    F-CODE: 0    Attributes: 0    Index: 0
    #2647    F-CODE: 0    Attributes: 0    Index: 0
    #2648    F-CODE: 0    Attributes: 0    Index: 0
    #2649    F-CODE: 0    Attributes: 0    Index: 0
    #2650    F-CODE: 0    Attributes: 0    Index: 0
    #2651    F-CODE: 0    Attributes: 0    Index: 0
    #2652    F-CODE: 0    Attributes: 0    Index: 0
    #2653    F-CODE: 0    Attributes: 0    Index: 0
    #2654    F-CODE: 0    Attributes: 0    Index: 0
    #2655    F-CODE: 0    Attributes: 0    Index: 0
    #2656    F-CODE: 0    Attributes: 0    Index: 0
    #2657    F-CODE: 0    Attributes: 0    Index: 0
    #2658    F-CODE: 0    Attributes: 0    Index: 0
    #2659    F-CODE: 0    Attributes: 0    Index: 0
    #2660    F-CODE: 0    Attributes: 0    Index: 0
    #2661    F-CODE: 0    Attributes: 0    Index: 0
    #2662    F-CODE: 0    Attributes: 0    Index: 0
    #2663    F-CODE: 0    Attributes: 0    Index: 0
    #2664    F-CODE: 0    Attributes: 0    Index: 0
    #2665    F-CODE: 0    Attributes: 0    Index: 0
    #2666    F-CODE: 0    Attributes: 0    Index: 0
    #2667    F-CODE: 0    Attributes: 0    Index: 0
    #2668    F-CODE: 0    Attributes: 0    Index: 0
    #2669    F-CODE: 0    Attributes: 0    Index: 0
    #2670    F-CODE: 0    Attributes: 0    Index: 0
    #2671    F-CODE: 0    Attributes: 0    Index: 0
    #2672    F-CODE: 0    Attributes: 0    Index: 0
    #2673    F-CODE: 0    Attributes: 0    Index: 0
    #2674    F-CODE: 0    Attributes: 0    Index: 0
    #2675    F-CODE: 0    Attributes: 0    Index: 0
    #2676    F-CODE: 0    Attributes: 0    Index: 0
    #2677    F-CODE: 0    Attributes: 0    Index: 0
    #2678    F-CODE: 0    Attributes: 0    Index: 0
    #2679    F-CODE: 0    Attributes: 0    Index: 0
    #2680    F-CODE: 0    Attributes: 0    Index: 0
    #2681    F-CODE: 0    Attributes: 0    Index: 0
    #2682    F-CODE: 0    Attributes: 0    Index: 0
    #2683    F-CODE: 0    Attributes: 0    Index: 0
    #2684    F-CODE: 0    Attributes: 0    Index: 0
    #2685    F-CODE: 0    Attributes: 0    Index: 0
    #2686    F-CODE: 0    Attributes: 0    Index: 0
    #2687    F-CODE: 0    Attributes: 0    Index: 0
    #2688    F-CODE: 0    Attributes: 0    Index: 0
    #2689    F-CODE: 0    Attributes: 0    Index: 0
    #2690    F-CODE: 0    Attributes: 0    Index: 0
    #2691    F-CODE: 0    Attributes: 0    Index: 0
    #2692    F-CODE: 0    Attributes: 0    Index: 0
    #2693    F-CODE: 0    Attributes: 0    Index: 0
    #2694    F-CODE: 0    Attributes: 0    Index: 0
    #2695    F-CODE: 0    Attributes: 0    Index: 0
    #2696    F-CODE: 0    Attributes: 0    Index: 0
    #2697    F-CODE: 0    Attributes: 0    Index: 0
    #2698    F-CODE: 0    Attributes: 0    Index: 0
    #2699    F-CODE: 0    Attributes: 0    Index: 0
    #2700    F-CODE: 0    Attributes: 0    Index: 0
    #2701    F-CODE: 0    Attributes: 0    Index: 0
    #2702    F-CODE: 0    Attributes: 0    Index: 0
    #2703    F-CODE: 0    Attributes: 0    Index: 0
    #2704    F-CODE: 0    Attributes: 0    Index: 0
    #2705    F-CODE: 0    Attributes: 0    Index: 0
    #2706    F-CODE: 0    Attributes: 0    Index: 0
    #2707    F-CODE: 0    Attributes: 0    Index: 0
    #2708    F-CODE: 0    Attributes: 0    Index: 0
    #2709    F-CODE: 0    Attributes: 0    Index: 0
    #2710    F-CODE: 0    Attributes: 0    Index: 0
    #2711    F-CODE: 0    Attributes: 0    Index: 0
    #2712    F-CODE: 0    Attributes: 0    Index: 0
    #2713    F-CODE: 0    Attributes: 0    Index: 0
    #2714    F-CODE: 0    Attributes: 0    Index: 0
    #2715    F-CODE: 0    Attributes: 0    Index: 0
    #2716    F-CODE: 0    Attributes: 0    Index: 0
    #2717    F-CODE: 0    Attributes: 0    Index: 0
    #2718    F-CODE: 0    Attributes: 0    Index: 0
    #2719    F-CODE: 0    Attributes: 0    Index: 0
    #2720    F-CODE: 0    Attributes: 0    Index: 0
    #2721    F-CODE: 0    Attributes: 0    Index: 0
    #2722    F-CODE: 0    Attributes: 0    Index: 0
    #2723    F-CODE: 0    Attributes: 0    Index: 0
    #2724    F-CODE: 0    Attributes: 0    Index: 0
    #2725    F-CODE: 0    Attributes: 0    Index: 0
    #2726    F-CODE: 0    Attributes: 0    Index: 0
    #2727    F-CODE: 0    Attributes: 0    Index: 0
    #2728    F-CODE: 0    Attributes: 0    Index: 0
    #2729    F-CODE: 0    Attributes: 0    Index: 0
    #2730    F-CODE: 0    Attributes: 0    Index: 0
    #2731    F-CODE: 0    Attributes: 0    Index: 0
    #2732    F-CODE: 0    Attributes: 0    Index: 0
    #2733    F-CODE: 0    Attributes: 0    Index: 0
    #2734    F-CODE: 0    Attributes: 0    Index: 0
    #2735    F-CODE: 0    Attributes: 0    Index: 0
    #2736    F-CODE: 0    Attributes: 0    Index: 0
    #2737    F-CODE: 0    Attributes: 0    Index: 0
    #2738    F-CODE: 0    Attributes: 0    Index: 0
    #2739    F-CODE: 0    Attributes: 0    Index: 0
    #2740    F-CODE: 0    Attributes: 0    Index: 0
    #2741    F-CODE: 0    Attributes: 0    Index: 0
    #2742    F-CODE: 0    Attributes: 0    Index: 0
    #2743    F-CODE: 0    Attributes: 0    Index: 0
    #2744    F-CODE: 0    Attributes: 0    Index: 0
    #2745    F-CODE: 0    Attributes: 0    Index: 0
    #2746    F-CODE: 0    Attributes: 0    Index: 0
    #2747    F-CODE: 0    Attributes: 0    Index: 0
    #2748    F-CODE: 0    Attributes: 0    Index: 0
    #2749    F-CODE: 0    Attributes: 0    Index: 0
    #2750    F-CODE: 0    Attributes: 0    Index: 0
    #2751    F-CODE: 0    Attributes: 0    Index: 0
    #2752    F-CODE: 0    Attributes: 0    Index: 0
    #2753    F-CODE: 0    Attributes: 0    Index: 0
    #2754    F-CODE: 0    Attributes: 0    Index: 0
    #2755    F-CODE: 0    Attributes: 0    Index: 0
    #2756    F-CODE: 0    Attributes: 0    Index: 0
    #2757    F-CODE: 0    Attributes: 0    Index: 0
    #2758    F-CODE: 0    Attributes: 0    Index: 0
    #2759    F-CODE: 0    Attributes: 0    Index: 0
    #2760    F-CODE: 0    Attributes: 0    Index: 0
    #2761    F-CODE: 0    Attributes: 0    Index: 0
    #2762    F-CODE: 0    Attributes: 0    Index: 0
    #2763    F-CODE: 0    Attributes: 0    Index: 0
    #2764    F-CODE: 0    Attributes: 0    Index: 0
    #2765    F-CODE: 0    Attributes: 0    Index: 0
    #2766    F-CODE: 0    Attributes: 0    Index: 0
    #2767    F-CODE: 0    Attributes: 0    Index: 0
    #2768    F-CODE: 0    Attributes: 0    Index: 0
    #2769    F-CODE: 0    Attributes: 0    Index: 0
    #2770    F-CODE: 0    Attributes: 0    Index: 0
    #2771    F-CODE: 0    Attributes: 0    Index: 0
    #2772    F-CODE: 0    Attributes: 0    Index: 0
    #2773    F-CODE: 0    Attributes: 0    Index: 0
    #2774    F-CODE: 0    Attributes: 0    Index: 0
    #2775    F-CODE: 0    Attributes: 0    Index: 0
    #2776    F-CODE: 0    Attributes: 0    Index: 0
    #2777    F-CODE: 0    Attributes: 0    Index: 0
    #2778    F-CODE: 0    Attributes: 0    Index: 0
    #2779    F-CODE: 0    Attributes: 0    Index: 0
    #2780    F-CODE: 0    Attributes: 0    Index: 0
    #2781    F-CODE: 0    Attributes: 0    Index: 0
    #2782    F-CODE: 0    Attributes: 0    Index: 0
    #2783    F-CODE: 0    Attributes: 0    Index: 0
    #2784    F-CODE: 0    Attributes: 0    Index: 0
    #2785    F-CODE: 0    Attributes: 0    Index: 0
    #2786    F-CODE: 0    Attributes: 0    Index: 0
    #2787    F-CODE: 0    Attributes: 0    Index: 0
    #2788    F-CODE: 0    Attributes: 0    Index: 0
    #2789    F-CODE: 0    Attributes: 0    Index: 0
    #2790    F-CODE: 0    Attributes: 0    Index: 0
    #2791    F-CODE: 0    Attributes: 0    Index: 0
    #2792    F-CODE: 0    Attributes: 0    Index: 0
    #2793    F-CODE: 0    Attributes: 0    Index: 0
    #2794    F-CODE: 0    Attributes: 0    Index: 0
    #2795    F-CODE: 0    Attributes: 0    Index: 0
    #2796    F-CODE: 0    Attributes: 0    Index: 0
    #2797    F-CODE: 0    Attributes: 0    Index: 0
    #2798    F-CODE: 0    Attributes: 0    Index: 0
    #2799    F-CODE: 0    Attributes: 0    Index: 0
    #2800    F-CODE: 0    Attributes: 0    Index: 0
    #2801    F-CODE: 0    Attributes: 0    Index: 0
    #2802    F-CODE: 0    Attributes: 0    Index: 0
    #2803    F-CODE: 0    Attributes: 0    Index: 0
    #2804    F-CODE: 0    Attributes: 0    Index: 0
    #2805    F-CODE: 0    Attributes: 0    Index: 0
    #2806    F-CODE: 0    Attributes: 0    Index: 0
    #2807    F-CODE: 0    Attributes: 0    Index: 0
    #2808    F-CODE: 0    Attributes: 0    Index: 0
    #2809    F-CODE: 0    Attributes: 0    Index: 0
    #2810    F-CODE: 0    Attributes: 0    Index: 0
    #2811    F-CODE: 0    Attributes: 0    Index: 0
    #2812    F-CODE: 0    Attributes: 0    Index: 0
    #2813    F-CODE: 0    Attributes: 0    Index: 0
    #2814    F-CODE: 0    Attributes: 0    Index: 0
    #2815    F-CODE: 0    Attributes: 0    Index: 0
    #2816    F-CODE: 0    Attributes: 0    Index: 0
    #2817    F-CODE: 0    Attributes: 0    Index: 0
    #2818    F-CODE: 0    Attributes: 0    Index: 0
    #2819    F-CODE: 0    Attributes: 0    Index: 0
    #2820    F-CODE: 0    Attributes: 0    Index: 0
    #2821    F-CODE: 0    Attributes: 0    Index: 0
    #2822    F-CODE: 0    Attributes: 0    Index: 0
    #2823    F-CODE: 0    Attributes: 0    Index: 0
    #2824    F-CODE: 0    Attributes: 0    Index: 0
    #2825    F-CODE: 0    Attributes: 0    Index: 0
    #2826    F-CODE: 0    Attributes: 0    Index: 0
    #2827    F-CODE: 0    Attributes: 0    Index: 0
    #2828    F-CODE: 0    Attributes: 0    Index: 0
    #2829    F-CODE: 0    Attributes: 0    Index: 0
    #2830    F-CODE: 0    Attributes: 0    Index: 0
    #2831    F-CODE: 0    Attributes: 0    Index: 0
    #2832    F-CODE: 0    Attributes: 0    Index: 0
    #2833    F-CODE: 0    Attributes: 0    Index: 0
    #2834    F-CODE: 0    Attributes: 0    Index: 0
    #2835    F-CODE: 0    Attributes: 0    Index: 0
    #2836    F-CODE: 0    Attributes: 0    Index: 0
    #2837    F-CODE: 0    Attributes: 0    Index: 0
    #2838    F-CODE: 0    Attributes: 0    Index: 0
    #2839    F-CODE: 0    Attributes: 0    Index: 0
    #2840    F-CODE: 0    Attributes: 0    Index: 0
    #2841    F-CODE: 0    Attributes: 0    Index: 0
    #2842    F-CODE: 0    Attributes: 0    Index: 0
    #2843    F-CODE: 0    Attributes: 0    Index: 0
    #2844    F-CODE: 0    Attributes: 0    Index: 0
    #2845    F-CODE: 0    Attributes: 0    Index: 0
    #2846    F-CODE: 0    Attributes: 0    Index: 0
    #2847    F-CODE: 0    Attributes: 0    Index: 0
    #2848    F-CODE: 0    Attributes: 0    Index: 0
    #2849    F-CODE: 0    Attributes: 0    Index: 0
    #2850    F-CODE: 0    Attributes: 0    Index: 0
    #2851    F-CODE: 0    Attributes: 0    Index: 0
    #2852    F-CODE: 0    Attributes: 0    Index: 0
    #2853    F-CODE: 0    Attributes: 0    Index: 0
    #2854    F-CODE: 0    Attributes: 0    Index: 0
    #2855    F-CODE: 0    Attributes: 0    Index: 0
    #2856    F-CODE: 0    Attributes: 0    Index: 0
    #2857    F-CODE: 0    Attributes: 0    Index: 0
    #2858    F-CODE: 0    Attributes: 0    Index: 0
    #2859    F-CODE: 0    Attributes: 0    Index: 0
    #2860    F-CODE: 0    Attributes: 0    Index: 0
    #2861    F-CODE: 0    Attributes: 0    Index: 0
    #2862    F-CODE: 0    Attributes: 0    Index: 0
    #2863    F-CODE: 0    Attributes: 0    Index: 0
    #2864    F-CODE: 0    Attributes: 0    Index: 0
    #2865    F-CODE: 0    Attributes: 0    Index: 0
    #2866    F-CODE: 0    Attributes: 0    Index: 0
    #2867    F-CODE: 0    Attributes: 0    Index: 0
    #2868    F-CODE: 0    Attributes: 0    Index: 0
    #2869    F-CODE: 0    Attributes: 0    Index: 0
    #2870    F-CODE: 0    Attributes: 0    Index: 0
    #2871    F-CODE: 0    Attributes: 0    Index: 0
    #2872    F-CODE: 0    Attributes: 0    Index: 0
    #2873    F-CODE: 0    Attributes: 0    Index: 0
    #2874    F-CODE: 0    Attributes: 0    Index: 0
    #2875    F-CODE: 0    Attributes: 0    Index: 0
    #2876    F-CODE: 0    Attributes: 0    Index: 0
    #2877    F-CODE: 0    Attributes: 0    Index: 0
    #2878    F-CODE: 0    Attributes: 0    Index: 0
    #2879    F-CODE: 0    Attributes: 0    Index: 0
    #2880    F-CODE: 0    Attributes: 0    Index: 0
    #2881    F-CODE: 0    Attributes: 0    Index: 0
    #2882    F-CODE: 0    Attributes: 0    Index: 0
    #2883    F-CODE: 0    Attributes: 0    Index: 0
    #2884    F-CODE: 0    Attributes: 0    Index: 0
    #2885    F-CODE: 0    Attributes: 0    Index: 0
    #2886    F-CODE: 0    Attributes: 0    Index: 0
    #2887    F-CODE: 0    Attributes: 0    Index: 0
    #2888    F-CODE: 0    Attributes: 0    Index: 0
    #2889    F-CODE: 0    Attributes: 0    Index: 0
    #2890    F-CODE: 0    Attributes: 0    Index: 0
    #2891    F-CODE: 0    Attributes: 0    Index: 0
    #2892    F-CODE: 0    Attributes: 0    Index: 0
    #2893    F-CODE: 0    Attributes: 0    Index: 0
    #2894    F-CODE: 0    Attributes: 0    Index: 0
    #2895    F-CODE: 0    Attributes: 0    Index: 0
    #2896    F-CODE: 0    Attributes: 0    Index: 0
    #2897    F-CODE: 0    Attributes: 0    Index: 0
    #2898    F-CODE: 0    Attributes: 0    Index: 0
    #2899    F-CODE: 0    Attributes: 0    Index: 0
    #2900    F-CODE: 0    Attributes: 0    Index: 0
    #2901    F-CODE: 0    Attributes: 0    Index: 0
    #2902    F-CODE: 0    Attributes: 0    Index: 0
    #2903    F-CODE: 0    Attributes: 0    Index: 0
    #2904    F-CODE: 0    Attributes: 0    Index: 0
    #2905    F-CODE: 0    Attributes: 0    Index: 0
    #2906    F-CODE: 0    Attributes: 0    Index: 0
    #2907    F-CODE: 0    Attributes: 0    Index: 0
    #2908    F-CODE: 0    Attributes: 0    Index: 0
    #2909    F-CODE: 0    Attributes: 0    Index: 0
    #2910    F-CODE: 0    Attributes: 0    Index: 0
    #2911    F-CODE: 0    Attributes: 0    Index: 0
    #2912    F-CODE: 0    Attributes: 0    Index: 0
    #2913    F-CODE: 0    Attributes: 0    Index: 0
    #2914    F-CODE: 0    Attributes: 0    Index: 0
    #2915    F-CODE: 0    Attributes: 0    Index: 0
    #2916    F-CODE: 0    Attributes: 0    Index: 0
    #2917    F-CODE: 0    Attributes: 0    Index: 0
    #2918    F-CODE: 0    Attributes: 0    Index: 0
    #2919    F-CODE: 0    Attributes: 0    Index: 0
    #2920    F-CODE: 0    Attributes: 0    Index: 0
    #2921    F-CODE: 0    Attributes: 0    Index: 0
    #2922    F-CODE: 0    Attributes: 0    Index: 0
    #2923    F-CODE: 0    Attributes: 0    Index: 0
    #2924    F-CODE: 0    Attributes: 0    Index: 0
    #2925    F-CODE: 0    Attributes: 0    Index: 0
    #2926    F-CODE: 0    Attributes: 0    Index: 0
    #2927    F-CODE: 0    Attributes: 0    Index: 0
    #2928    F-CODE: 0    Attributes: 0    Index: 0
    #2929    F-CODE: 0    Attributes: 0    Index: 0
    #2930    F-CODE: 0    Attributes: 0    Index: 0
    #2931    F-CODE: 0    Attributes: 0    Index: 0
    #2932    F-CODE: 0    Attributes: 0    Index: 0
    #2933    F-CODE: 0    Attributes: 0    Index: 0
    #2934    F-CODE: 0    Attributes: 0    Index: 0
    #2935    F-CODE: 0    Attributes: 0    Index: 0
    #2936    F-CODE: 0    Attributes: 0    Index: 0
    #2937    F-CODE: 0    Attributes: 0    Index: 0
    #2938    F-CODE: 0    Attributes: 0    Index: 0
    #2939    F-CODE: 0    Attributes: 0    Index: 0
    #2940    F-CODE: 0    Attributes: 0    Index: 0
    #2941    F-CODE: 0    Attributes: 0    Index: 0
    #2942    F-CODE: 0    Attributes: 0    Index: 0
    #2943    F-CODE: 0    Attributes: 0    Index: 0
    #2944    F-CODE: 0    Attributes: 0    Index: 0
    #2945    F-CODE: 0    Attributes: 0    Index: 0
    #2946    F-CODE: 0    Attributes: 0    Index: 0
    #2947    F-CODE: 0    Attributes: 0    Index: 0
    #2948    F-CODE: 0    Attributes: 0    Index: 0
    #2949    F-CODE: 0    Attributes: 0    Index: 0
    #2950    F-CODE: 0    Attributes: 0    Index: 0
    #2951    F-CODE: 0    Attributes: 0    Index: 0
    #2952    F-CODE: 0    Attributes: 0    Index: 0
    #2953    F-CODE: 0    Attributes: 0    Index: 0
    #2954    F-CODE: 0    Attributes: 0    Index: 0
    #2955    F-CODE: 0    Attributes: 0    Index: 0
    #2956    F-CODE: 0    Attributes: 0    Index: 0
    #2957    F-CODE: 0    Attributes: 0    Index: 0
    #2958    F-CODE: 0    Attributes: 0    Index: 0
    #2959    F-CODE: 0    Attributes: 0    Index: 0
    #2960    F-CODE: 0    Attributes: 0    Index: 0
    #2961    F-CODE: 0    Attributes: 0    Index: 0
    #2962    F-CODE: 0    Attributes: 0    Index: 0
    #2963    F-CODE: 0    Attributes: 0    Index: 0
    #2964    F-CODE: 0    Attributes: 0    Index: 0
    #2965    F-CODE: 0    Attributes: 0    Index: 0
    #2966    F-CODE: 0    Attributes: 0    Index: 0
    #2967    F-CODE: 0    Attributes: 0    Index: 0
    #2968    F-CODE: 0    Attributes: 0    Index: 0
    #2969    F-CODE: 0    Attributes: 0    Index: 0
    #2970    F-CODE: 0    Attributes: 0    Index: 0
    #2971    F-CODE: 0    Attributes: 0    Index: 0
    #2972    F-CODE: 0    Attributes: 0    Index: 0
    #2973    F-CODE: 0    Attributes: 0    Index: 0
    #2974    F-CODE: 0    Attributes: 0    Index: 0
    #2975    F-CODE: 0    Attributes: 0    Index: 0
    #2976    F-CODE: 0    Attributes: 0    Index: 0
    #2977    F-CODE: 0    Attributes: 0    Index: 0
    #2978    F-CODE: 0    Attributes: 0    Index: 0
    #2979    F-CODE: 0    Attributes: 0    Index: 0
    #2980    F-CODE: 0    Attributes: 0    Index: 0
    #2981    F-CODE: 0    Attributes: 0    Index: 0
    #2982    F-CODE: 0    Attributes: 0    Index: 0
    #2983    F-CODE: 0    Attributes: 0    Index: 0
    #2984    F-CODE: 0    Attributes: 0    Index: 0
    #2985    F-CODE: 0    Attributes: 0    Index: 0
    #2986    F-CODE: 0    Attributes: 0    Index: 0
    #2987    F-CODE: 0    Attributes: 0    Index: 0
    #2988    F-CODE: 0    Attributes: 0    Index: 0
    #2989    F-CODE: 0    Attributes: 0    Index: 0
    #2990    F-CODE: 0    Attributes: 0    Index: 0
    #2991    F-CODE: 0    Attributes: 0    Index: 0
    #2992    F-CODE: 0    Attributes: 0    Index: 0
    #2993    F-CODE: 0    Attributes: 0    Index: 0
    #2994    F-CODE: 0    Attributes: 0    Index: 0
    #2995    F-CODE: 0    Attributes: 0    Index: 0
    #2996    F-CODE: 0    Attributes: 0    Index: 0
    #2997    F-CODE: 0    Attributes: 0    Index: 0
    #2998    F-CODE: 0    Attributes: 0    Index: 0
    #2999    F-CODE: 0    Attributes: 0    Index: 0
    #3000    F-CODE: 0    Attributes: 0    Index: 0
    #3001    F-CODE: 0    Attributes: 0    Index: 0
    #3002    F-CODE: 0    Attributes: 0    Index: 0
    #3003    F-CODE: 0    Attributes: 0    Index: 0
    #3004    F-CODE: 0    Attributes: 0    Index: 0
    #3005    F-CODE: 0    Attributes: 0    Index: 0
    #3006    F-CODE: 0    Attributes: 0    Index: 0
    #3007    F-CODE: 0    Attributes: 0    Index: 0
    #3008    F-CODE: 0    Attributes: 0    Index: 0
    #3009    F-CODE: 0    Attributes: 0    Index: 0
    #3010    F-CODE: 0    Attributes: 0    Index: 0
    #3011    F-CODE: 0    Attributes: 0    Index: 0
    #3012    F-CODE: 0    Attributes: 0    Index: 0
    #3013    F-CODE: 0    Attributes: 0    Index: 0
    #3014    F-CODE: 0    Attributes: 0    Index: 0
    #3015    F-CODE: 0    Attributes: 0    Index: 0
    #3016    F-CODE: 0    Attributes: 0    Index: 0
    #3017    F-CODE: 0    Attributes: 0    Index: 0
    #3018    F-CODE: 0    Attributes: 0    Index: 0
    #3019    F-CODE: 0    Attributes: 0    Index: 0
    #3020    F-CODE: 0    Attributes: 0    Index: 0
    #3021    F-CODE: 0    Attributes: 0    Index: 0
    #3022    F-CODE: 0    Attributes: 0    Index: 0
    #3023    F-CODE: 0    Attributes: 0    Index: 0
    #3024    F-CODE: 0    Attributes: 0    Index: 0
    #3025    F-CODE: 0    Attributes: 0    Index: 0
    #3026    F-CODE: 0    Attributes: 0    Index: 0
    #3027    F-CODE: 0    Attributes: 0    Index: 0
    #3028    F-CODE: 0    Attributes: 0    Index: 0
    #3029    F-CODE: 0    Attributes: 0    Index: 0
    #3030    F-CODE: 0    Attributes: 0    Index: 0
    #3031    F-CODE: 0    Attributes: 0    Index: 0
    #3032    F-CODE: 0    Attributes: 0    Index: 0
    #3033    F-CODE: 0    Attributes: 0    Index: 0
    #3034    F-CODE: 0    Attributes: 0    Index: 0
    #3035    F-CODE: 0    Attributes: 0    Index: 0
    #3036    F-CODE: 0    Attributes: 0    Index: 0
    #3037    F-CODE: 0    Attributes: 0    Index: 0
    #3038    F-CODE: 0    Attributes: 0    Index: 0
    #3039    F-CODE: 0    Attributes: 0    Index: 0
    #3040    F-CODE: 0    Attributes: 0    Index: 0
    #3041    F-CODE: 0    Attributes: 0    Index: 0
    #3042    F-CODE: 0    Attributes: 0    Index: 0
    #3043    F-CODE: 0    Attributes: 0    Index: 0
    #3044    F-CODE: 0    Attributes: 0    Index: 0
    #3045    F-CODE: 0    Attributes: 0    Index: 0
    #3046    F-CODE: 0    Attributes: 0    Index: 0
    #3047    F-CODE: 0    Attributes: 0    Index: 0
    #3048    F-CODE: 0    Attributes: 0    Index: 0
    #3049    F-CODE: 0    Attributes: 0    Index: 0
    #3050    F-CODE: 0    Attributes: 0    Index: 0
    #3051    F-CODE: 0    Attributes: 0    Index: 0
    #3052    F-CODE: 0    Attributes: 0    Index: 0
    #3053    F-CODE: 0    Attributes: 0    Index: 0
    #3054    F-CODE: 0    Attributes: 0    Index: 0
    #3055    F-CODE: 0    Attributes: 0    Index: 0
    #3056    F-CODE: 0    Attributes: 0    Index: 0
    #3057    F-CODE: 0    Attributes: 0    Index: 0
    #3058    F-CODE: 0    Attributes: 0    Index: 0
    #3059    F-CODE: 0    Attributes: 0    Index: 0
    #3060    F-CODE: 0    Attributes: 0    Index: 0
    #3061    F-CODE: 0    Attributes: 0    Index: 0
    #3062    F-CODE: 0    Attributes: 0    Index: 0
    #3063    F-CODE: 0    Attributes: 0    Index: 0
    #3064    F-CODE: 0    Attributes: 0    Index: 0
    #3065    F-CODE: 0    Attributes: 0    Index: 0
    #3066    F-CODE: 0    Attributes: 0    Index: 0
    #3067    F-CODE: 0    Attributes: 0    Index: 0
    #3068    F-CODE: 0    Attributes: 0    Index: 0
    #3069    F-CODE: 0    Attributes: 0    Index: 0
    #3070    F-CODE: 0    Attributes: 0    Index: 0
    #3071    F-CODE: 0    Attributes: 0    Index: 0
    #3072    F-CODE: 0    Attributes: 0    Index: 0
    #3073    F-CODE: 0    Attributes: 0    Index: 0
    #3074    F-CODE: 0    Attributes: 0    Index: 0
    #3075    F-CODE: 0    Attributes: 0    Index: 0
    #3076    F-CODE: 0    Attributes: 0    Index: 0
    #3077    F-CODE: 0    Attributes: 0    Index: 0
    #3078    F-CODE: 0    Attributes: 0    Index: 0
    #3079    F-CODE: 0    Attributes: 0    Index: 0
    #3080    F-CODE: 0    Attributes: 0    Index: 0
    #3081    F-CODE: 0    Attributes: 0    Index: 0
    #3082    F-CODE: 0    Attributes: 0    Index: 0
    #3083    F-CODE: 0    Attributes: 0    Index: 0
    #3084    F-CODE: 0    Attributes: 0    Index: 0
    #3085    F-CODE: 0    Attributes: 0    Index: 0
    #3086    F-CODE: 0    Attributes: 0    Index: 0
    #3087    F-CODE: 0    Attributes: 0    Index: 0
    #3088    F-CODE: 0    Attributes: 0    Index: 0
    #3089    F-CODE: 0    Attributes: 0    Index: 0
    #3090    F-CODE: 0    Attributes: 0    Index: 0
    #3091    F-CODE: 0    Attributes: 0    Index: 0
    #3092    F-CODE: 0    Attributes: 0    Index: 0
    #3093    F-CODE: 0    Attributes: 0    Index: 0
    #3094    F-CODE: 0    Attributes: 0    Index: 0
    #3095    F-CODE: 0    Attributes: 0    Index: 0
    #3096    F-CODE: 0    Attributes: 0    Index: 0
    #3097    F-CODE: 0    Attributes: 0    Index: 0
    #3098    F-CODE: 0    Attributes: 0    Index: 0
    #3099    F-CODE: 0    Attributes: 0    Index: 0
    #3100    F-CODE: 0    Attributes: 0    Index: 0
    #3101    F-CODE: 0    Attributes: 0    Index: 0
    #3102    F-CODE: 0    Attributes: 0    Index: 0
    #3103    F-CODE: 0    Attributes: 0    Index: 0
    #3104    F-CODE: 0    Attributes: 0    Index: 0
    #3105    F-CODE: 0    Attributes: 0    Index: 0
    #3106    F-CODE: 0    Attributes: 0    Index: 0
    #3107    F-CODE: 0    Attributes: 0    Index: 0
    #3108    F-CODE: 0    Attributes: 0    Index: 0
    #3109    F-CODE: 0    Attributes: 0    Index: 0
    #3110    F-CODE: 0    Attributes: 0    Index: 0
    #3111    F-CODE: 0    Attributes: 0    Index: 0
    #3112    F-CODE: 0    Attributes: 0    Index: 0
    #3113    F-CODE: 0    Attributes: 0    Index: 0
    #3114    F-CODE: 0    Attributes: 0    Index: 0
    #3115    F-CODE: 0    Attributes: 0    Index: 0
    #3116    F-CODE: 0    Attributes: 0    Index: 0
    #3117    F-CODE: 0    Attributes: 0    Index: 0
    #3118    F-CODE: 0    Attributes: 0    Index: 0
    #3119    F-CODE: 0    Attributes: 0    Index: 0
    #3120    F-CODE: 0    Attributes: 0    Index: 0
    #3121    F-CODE: 0    Attributes: 0    Index: 0
    #3122    F-CODE: 0    Attributes: 0    Index: 0
    #3123    F-CODE: 0    Attributes: 0    Index: 0
    #3124    F-CODE: 0    Attributes: 0    Index: 0
    #3125    F-CODE: 0    Attributes: 0    Index: 0
    #3126    F-CODE: 0    Attributes: 0    Index: 0
    #3127    F-CODE: 0    Attributes: 0    Index: 0
    #3128    F-CODE: 0    Attributes: 0    Index: 0
    #3129    F-CODE: 0    Attributes: 0    Index: 0
    #3130    F-CODE: 0    Attributes: 0    Index: 0
    #3131    F-CODE: 0    Attributes: 0    Index: 0
    #3132    F-CODE: 0    Attributes: 0    Index: 0
    #3133    F-CODE: 0    Attributes: 0    Index: 0
    #3134    F-CODE: 0    Attributes: 0    Index: 0
    #3135    F-CODE: 0    Attributes: 0    Index: 0
    #3136    F-CODE: 0    Attributes: 0    Index: 0
    #3137    F-CODE: 0    Attributes: 0    Index: 0
    #3138    F-CODE: 0    Attributes: 0    Index: 0
    #3139    F-CODE: 0    Attributes: 0    Index: 0
    #3140    F-CODE: 0    Attributes: 0    Index: 0
    #3141    F-CODE: 0    Attributes: 0    Index: 0
    #3142    F-CODE: 0    Attributes: 0    Index: 0
    #3143    F-CODE: 0    Attributes: 0    Index: 0
    #3144    F-CODE: 0    Attributes: 0    Index: 0
    #3145    F-CODE: 0    Attributes: 0    Index: 0
    #3146    F-CODE: 0    Attributes: 0    Index: 0
    #3147    F-CODE: 0    Attributes: 0    Index: 0
    #3148    F-CODE: 0    Attributes: 0    Index: 0
    #3149    F-CODE: 0    Attributes: 0    Index: 0
    #3150    F-CODE: 0    Attributes: 0    Index: 0
    #3151    F-CODE: 0    Attributes: 0    Index: 0
    #3152    F-CODE: 0    Attributes: 0    Index: 0
    #3153    F-CODE: 0    Attributes: 0    Index: 0
    #3154    F-CODE: 0    Attributes: 0    Index: 0
    #3155    F-CODE: 0    Attributes: 0    Index: 0
    #3156    F-CODE: 0    Attributes: 0    Index: 0
    #3157    F-CODE: 0    Attributes: 0    Index: 0
    #3158    F-CODE: 0    Attributes: 0    Index: 0
    #3159    F-CODE: 0    Attributes: 0    Index: 0
    #3160    F-CODE: 0    Attributes: 0    Index: 0
    #3161    F-CODE: 0    Attributes: 0    Index: 0
    #3162    F-CODE: 0    Attributes: 0    Index: 0
    #3163    F-CODE: 0    Attributes: 0    Index: 0
    #3164    F-CODE: 0    Attributes: 0    Index: 0
    #3165    F-CODE: 0    Attributes: 0    Index: 0
    #3166    F-CODE: 0    Attributes: 0    Index: 0
    #3167    F-CODE: 0    Attributes: 0    Index: 0
    #3168    F-CODE: 0    Attributes: 0    Index: 0
    #3169    F-CODE: 0    Attributes: 0    Index: 0
    #3170    F-CODE: 0    Attributes: 0    Index: 0
    #3171    F-CODE: 0    Attributes: 0    Index: 0
    #3172    F-CODE: 0    Attributes: 0    Index: 0
    #3173    F-CODE: 0    Attributes: 0    Index: 0
    #3174    F-CODE: 0    Attributes: 0    Index: 0
    #3175    F-CODE: 0    Attributes: 0    Index: 0
    #3176    F-CODE: 0    Attributes: 0    Index: 0
    #3177    F-CODE: 0    Attributes: 0    Index: 0
    #3178    F-CODE: 0    Attributes: 0    Index: 0
    #3179    F-CODE: 0    Attributes: 0    Index: 0
    #3180    F-CODE: 0    Attributes: 0    Index: 0
    #3181    F-CODE: 0    Attributes: 0    Index: 0
    #3182    F-CODE: 0    Attributes: 0    Index: 0
    #3183    F-CODE: 0    Attributes: 0    Index: 0
    #3184    F-CODE: 0    Attributes: 0    Index: 0
    #3185    F-CODE: 0    Attributes: 0    Index: 0
    #3186    F-CODE: 0    Attributes: 0    Index: 0
    #3187    F-CODE: 0    Attributes: 0    Index: 0
    #3188    F-CODE: 0    Attributes: 0    Index: 0
    #3189    F-CODE: 0    Attributes: 0    Index: 0
    #3190    F-CODE: 0    Attributes: 0    Index: 0
    #3191    F-CODE: 0    Attributes: 0    Index: 0
    #3192    F-CODE: 0    Attributes: 0    Index: 0
    #3193    F-CODE: 0    Attributes: 0    Index: 0
    #3194    F-CODE: 0    Attributes: 0    Index: 0
    #3195    F-CODE: 0    Attributes: 0    Index: 0
    #3196    F-CODE: 0    Attributes: 0    Index: 0
    #3197    F-CODE: 0    Attributes: 0    Index: 0
    #3198    F-CODE: 0    Attributes: 0    Index: 0
    #3199    F-CODE: 0    Attributes: 0    Index: 0
    #3200    F-CODE: 0    Attributes: 0    Index: 0
    #3201    F-CODE: 0    Attributes: 0    Index: 0
    #3202    F-CODE: 0    Attributes: 0    Index: 0
    #3203    F-CODE: 0    Attributes: 0    Index: 0
    #3204    F-CODE: 0    Attributes: 0    Index: 0
    #3205    F-CODE: 0    Attributes: 0    Index: 0
    #3206    F-CODE: 0    Attributes: 0    Index: 0
    #3207    F-CODE: 0    Attributes: 0    Index: 0
    #3208    F-CODE: 0    Attributes: 0    Index: 0
    #3209    F-CODE: 0    Attributes: 0    Index: 0
    #3210    F-CODE: 0    Attributes: 0    Index: 0
    #3211    F-CODE: 0    Attributes: 0    Index: 0
    #3212    F-CODE: 0    Attributes: 0    Index: 0
    #3213    F-CODE: 0    Attributes: 0    Index: 0
    #3214    F-CODE: 0    Attributes: 0    Index: 0
    #3215    F-CODE: 0    Attributes: 0    Index: 0
    #3216    F-CODE: 0    Attributes: 0    Index: 0
    #3217    F-CODE: 0    Attributes: 0    Index: 0
    #3218    F-CODE: 0    Attributes: 0    Index: 0
    #3219    F-CODE: 0    Attributes: 0    Index: 0
    #3220    F-CODE: 0    Attributes: 0    Index: 0
    #3221    F-CODE: 0    Attributes: 0    Index: 0
    #3222    F-CODE: 0    Attributes: 0    Index: 0
    #3223    F-CODE: 0    Attributes: 0    Index: 0
    #3224    F-CODE: 0    Attributes: 0    Index: 0
    #3225    F-CODE: 0    Attributes: 0    Index: 0
    #3226    F-CODE: 0    Attributes: 0    Index: 0
    #3227    F-CODE: 0    Attributes: 0    Index: 0
    #3228    F-CODE: 0    Attributes: 0    Index: 0
    #3229    F-CODE: 0    Attributes: 0    Index: 0
    #3230    F-CODE: 0    Attributes: 0    Index: 0
    #3231    F-CODE: 0    Attributes: 0    Index: 0
    #3232    F-CODE: 0    Attributes: 0    Index: 0
    #3233    F-CODE: 0    Attributes: 0    Index: 0
    #3234    F-CODE: 0    Attributes: 0    Index: 0
    #3235    F-CODE: 0    Attributes: 0    Index: 0
    #3236    F-CODE: 0    Attributes: 0    Index: 0
    #3237    F-CODE: 0    Attributes: 0    Index: 0
    #3238    F-CODE: 0    Attributes: 0    Index: 0
    #3239    F-CODE: 0    Attributes: 0    Index: 0
    #3240    F-CODE: 0    Attributes: 0    Index: 0
    #3241    F-CODE: 0    Attributes: 0    Index: 0
    #3242    F-CODE: 0    Attributes: 0    Index: 0
    #3243    F-CODE: 0    Attributes: 0    Index: 0
    #3244    F-CODE: 0    Attributes: 0    Index: 0
    #3245    F-CODE: 0    Attributes: 0    Index: 0
    #3246    F-CODE: 0    Attributes: 0    Index: 0
    #3247    F-CODE: 0    Attributes: 0    Index: 0
    #3248    F-CODE: 0    Attributes: 0    Index: 0
    #3249    F-CODE: 0    Attributes: 0    Index: 0
    #3250    F-CODE: 0    Attributes: 0    Index: 0
    #3251    F-CODE: 0    Attributes: 0    Index: 0
    #3252    F-CODE: 0    Attributes: 0    Index: 0
    #3253    F-CODE: 0    Attributes: 0    Index: 0
    #3254    F-CODE: 0    Attributes: 0    Index: 0
    #3255    F-CODE: 0    Attributes: 0    Index: 0
    #3256    F-CODE: 0    Attributes: 0    Index: 0
    #3257    F-CODE: 0    Attributes: 0    Index: 0
    #3258    F-CODE: 0    Attributes: 0    Index: 0
    #3259    F-CODE: 0    Attributes: 0    Index: 0
    #3260    F-CODE: 0    Attributes: 0    Index: 0
    #3261    F-CODE: 0    Attributes: 0    Index: 0
    #3262    F-CODE: 0    Attributes: 0    Index: 0
    #3263    F-CODE: 0    Attributes: 0    Index: 0
    #3264    F-CODE: 0    Attributes: 0    Index: 0
    #3265    F-CODE: 0    Attributes: 0    Index: 0
    #3266    F-CODE: 0    Attributes: 0    Index: 0
    #3267    F-CODE: 0    Attributes: 0    Index: 0
    #3268    F-CODE: 0    Attributes: 0    Index: 0
    #3269    F-CODE: 0    Attributes: 0    Index: 0
    #3270    F-CODE: 0    Attributes: 0    Index: 0
    #3271    F-CODE: 0    Attributes: 0    Index: 0
    #3272    F-CODE: 0    Attributes: 0    Index: 0
    #3273    F-CODE: 0    Attributes: 0    Index: 0
    #3274    F-CODE: 0    Attributes: 0    Index: 0
    #3275    F-CODE: 0    Attributes: 0    Index: 0
    #3276    F-CODE: 0    Attributes: 0    Index: 0
    #3277    F-CODE: 0    Attributes: 0    Index: 0
    #3278    F-CODE: 0    Attributes: 0    Index: 0
    #3279    F-CODE: 0    Attributes: 0    Index: 0
    #3280    F-CODE: 0    Attributes: 0    Index: 0
    #3281    F-CODE: 0    Attributes: 0    Index: 0
    #3282    F-CODE: 0    Attributes: 0    Index: 0
    #3283    F-CODE: 0    Attributes: 0    Index: 0
    #3284    F-CODE: 0    Attributes: 0    Index: 0
    #3285    F-CODE: 0    Attributes: 0    Index: 0
    #3286    F-CODE: 0    Attributes: 0    Index: 0
    #3287    F-CODE: 0    Attributes: 0    Index: 0
    #3288    F-CODE: 0    Attributes: 0    Index: 0
    #3289    F-CODE: 0    Attributes: 0    Index: 0
    #3290    F-CODE: 0    Attributes: 0    Index: 0
    #3291    F-CODE: 0    Attributes: 0    Index: 0
    #3292    F-CODE: 0    Attributes: 0    Index: 0
    #3293    F-CODE: 0    Attributes: 0    Index: 0
    #3294    F-CODE: 0    Attributes: 0    Index: 0
    #3295    F-CODE: 0    Attributes: 0    Index: 0
    #3296    F-CODE: 0    Attributes: 0    Index: 0
    #3297    F-CODE: 0    Attributes: 0    Index: 0
    #3298    F-CODE: 0    Attributes: 0    Index: 0
    #3299    F-CODE: 0    Attributes: 0    Index: 0
    #3300    F-CODE: 0    Attributes: 0    Index: 0
    #3301    F-CODE: 0    Attributes: 0    Index: 0
    #3302    F-CODE: 0    Attributes: 0    Index: 0
    #3303    F-CODE: 0    Attributes: 0    Index: 0
    #3304    F-CODE: 0    Attributes: 0    Index: 0
    #3305    F-CODE: 0    Attributes: 0    Index: 0
    #3306    F-CODE: 0    Attributes: 0    Index: 0
    #3307    F-CODE: 0    Attributes: 0    Index: 0
    #3308    F-CODE: 0    Attributes: 0    Index: 0
    #3309    F-CODE: 0    Attributes: 0    Index: 0
    #3310    F-CODE: 0    Attributes: 0    Index: 0
    #3311    F-CODE: 0    Attributes: 0    Index: 0
    #3312    F-CODE: 0    Attributes: 0    Index: 0
    #3313    F-CODE: 0    Attributes: 0    Index: 0
    #3314    F-CODE: 0    Attributes: 0    Index: 0
    #3315    F-CODE: 0    Attributes: 0    Index: 0
    #3316    F-CODE: 0    Attributes: 0    Index: 0
    #3317    F-CODE: 0    Attributes: 0    Index: 0
    #3318    F-CODE: 0    Attributes: 0    Index: 0
    #3319    F-CODE: 0    Attributes: 0    Index: 0
    #3320    F-CODE: 0    Attributes: 0    Index: 0
    #3321    F-CODE: 0    Attributes: 0    Index: 0
    #3322    F-CODE: 0    Attributes: 0    Index: 0
    #3323    F-CODE: 0    Attributes: 0    Index: 0
    #3324    F-CODE: 0    Attributes: 0    Index: 0
    #3325    F-CODE: 0    Attributes: 0    Index: 0
    #3326    F-CODE: 0    Attributes: 0    Index: 0
    #3327    F-CODE: 0    Attributes: 0    Index: 0
    #3328    F-CODE: 0    Attributes: 0    Index: 0
    #3329    F-CODE: 0    Attributes: 0    Index: 0
    #3330    F-CODE: 0    Attributes: 0    Index: 0
    #3331    F-CODE: 0    Attributes: 0    Index: 0
    #3332    F-CODE: 0    Attributes: 0    Index: 0
    #3333    F-CODE: 0    Attributes: 0    Index: 0
    #3334    F-CODE: 0    Attributes: 0    Index: 0
    #3335    F-CODE: 0    Attributes: 0    Index: 0
    #3336    F-CODE: 0    Attributes: 0    Index: 0
    #3337    F-CODE: 0    Attributes: 0    Index: 0
    #3338    F-CODE: 0    Attributes: 0    Index: 0
    #3339    F-CODE: 0    Attributes: 0    Index: 0
    #3340    F-CODE: 0    Attributes: 0    Index: 0
    #3341    F-CODE: 0    Attributes: 0    Index: 0
    #3342    F-CODE: 0    Attributes: 0    Index: 0
    #3343    F-CODE: 0    Attributes: 0    Index: 0
    #3344    F-CODE: 0    Attributes: 0    Index: 0
    #3345    F-CODE: 0    Attributes: 0    Index: 0
    #3346    F-CODE: 0    Attributes: 0    Index: 0
    #3347    F-CODE: 0    Attributes: 0    Index: 0
    #3348    F-CODE: 0    Attributes: 0    Index: 0
    #3349    F-CODE: 0    Attributes: 0    Index: 0
    #3350    F-CODE: 0    Attributes: 0    Index: 0
    #3351    F-CODE: 0    Attributes: 0    Index: 0
    #3352    F-CODE: 0    Attributes: 0    Index: 0
    #3353    F-CODE: 0    Attributes: 0    Index: 0
    #3354    F-CODE: 0    Attributes: 0    Index: 0
    #3355    F-CODE: 0    Attributes: 0    Index: 0
    #3356    F-CODE: 0    Attributes: 0    Index: 0
    #3357    F-CODE: 0    Attributes: 0    Index: 0
    #3358    F-CODE: 0    Attributes: 0    Index: 0
    #3359    F-CODE: 0    Attributes: 0    Index: 0
    #3360    F-CODE: 0    Attributes: 0    Index: 0
    #3361    F-CODE: 0    Attributes: 0    Index: 0
    #3362    F-CODE: 0    Attributes: 0    Index: 0
    #3363    F-CODE: 0    Attributes: 0    Index: 0
    #3364    F-CODE: 0    Attributes: 0    Index: 0
    #3365    F-CODE: 0    Attributes: 0    Index: 0
    #3366    F-CODE: 0    Attributes: 0    Index: 0
    #3367    F-CODE: 0    Attributes: 0    Index: 0
    #3368    F-CODE: 0    Attributes: 0    Index: 0
    #3369    F-CODE: 0    Attributes: 0    Index: 0
    #3370    F-CODE: 0    Attributes: 0    Index: 0
    #3371    F-CODE: 0    Attributes: 0    Index: 0
    #3372    F-CODE: 0    Attributes: 0    Index: 0
    #3373    F-CODE: 0    Attributes: 0    Index: 0
    #3374    F-CODE: 0    Attributes: 0    Index: 0
    #3375    F-CODE: 0    Attributes: 0    Index: 0
    #3376    F-CODE: 0    Attributes: 0    Index: 0
    #3377    F-CODE: 0    Attributes: 0    Index: 0
    #3378    F-CODE: 0    Attributes: 0    Index: 0
    #3379    F-CODE: 0    Attributes: 0    Index: 0
    #3380    F-CODE: 0    Attributes: 0    Index: 0
    #3381    F-CODE: 0    Attributes: 0    Index: 0
    #3382    F-CODE: 0    Attributes: 0    Index: 0
    #3383    F-CODE: 0    Attributes: 0    Index: 0
    #3384    F-CODE: 0    Attributes: 0    Index: 0
    #3385    F-CODE: 0    Attributes: 0    Index: 0
    #3386    F-CODE: 0    Attributes: 0    Index: 0
    #3387    F-CODE: 0    Attributes: 0    Index: 0
    #3388    F-CODE: 0    Attributes: 0    Index: 0
    #3389    F-CODE: 0    Attributes: 0    Index: 0
    #3390    F-CODE: 0    Attributes: 0    Index: 0
    #3391    F-CODE: 0    Attributes: 0    Index: 0
    #3392    F-CODE: 0    Attributes: 0    Index: 0
    #3393    F-CODE: 0    Attributes: 0    Index: 0
    #3394    F-CODE: 0    Attributes: 0    Index: 0
    #3395    F-CODE: 0    Attributes: 0    Index: 0
    #3396    F-CODE: 0    Attributes: 0    Index: 0
    #3397    F-CODE: 0    Attributes: 0    Index: 0
    #3398    F-CODE: 0    Attributes: 0    Index: 0
    #3399    F-CODE: 0    Attributes: 0    Index: 0
    #3400    F-CODE: 0    Attributes: 0    Index: 0
    #3401    F-CODE: 0    Attributes: 0    Index: 0
    #3402    F-CODE: 0    Attributes: 0    Index: 0
    #3403    F-CODE: 0    Attributes: 0    Index: 0
    #3404    F-CODE: 0    Attributes: 0    Index: 0
    #3405    F-CODE: 0    Attributes: 0    Index: 0
    #3406    F-CODE: 0    Attributes: 0    Index: 0
    #3407    F-CODE: 0    Attributes: 0    Index: 0
    #3408    F-CODE: 0    Attributes: 0    Index: 0
    #3409    F-CODE: 0    Attributes: 0    Index: 0
    #3410    F-CODE: 0    Attributes: 0    Index: 0
    #3411    F-CODE: 0    Attributes: 0    Index: 0
    #3412    F-CODE: 0    Attributes: 0    Index: 0
    #3413    F-CODE: 0    Attributes: 0    Index: 0
    #3414    F-CODE: 0    Attributes: 0    Index: 0
    #3415    F-CODE: 0    Attributes: 0    Index: 0
    #3416    F-CODE: 0    Attributes: 0    Index: 0
    #3417    F-CODE: 0    Attributes: 0    Index: 0
    #3418    F-CODE: 0    Attributes: 0    Index: 0
    #3419    F-CODE: 0    Attributes: 0    Index: 0
    #3420    F-CODE: 0    Attributes: 0    Index: 0
    #3421    F-CODE: 0    Attributes: 0    Index: 0
    #3422    F-CODE: 0    Attributes: 0    Index: 0
    #3423    F-CODE: 0    Attributes: 0    Index: 0
    #3424    F-CODE: 0    Attributes: 0    Index: 0
    #3425    F-CODE: 0    Attributes: 0    Index: 0
    #3426    F-CODE: 0    Attributes: 0    Index: 0
    #3427    F-CODE: 0    Attributes: 0    Index: 0
    #3428    F-CODE: 0    Attributes: 0    Index: 0
    #3429    F-CODE: 0    Attributes: 0    Index: 0
    #3430    F-CODE: 0    Attributes: 0    Index: 0
    #3431    F-CODE: 0    Attributes: 0    Index: 0
    #3432    F-CODE: 0    Attributes: 0    Index: 0
    #3433    F-CODE: 0    Attributes: 0    Index: 0
    #3434    F-CODE: 0    Attributes: 0    Index: 0
    #3435    F-CODE: 0    Attributes: 0    Index: 0
    #3436    F-CODE: 0    Attributes: 0    Index: 0
    #3437    F-CODE: 0    Attributes: 0    Index: 0
    #3438    F-CODE: 0    Attributes: 0    Index: 0
    #3439    F-CODE: 0    Attributes: 0    Index: 0
    #3440    F-CODE: 0    Attributes: 0    Index: 0
    #3441    F-CODE: 0    Attributes: 0    Index: 0
    #3442    F-CODE: 0    Attributes: 0    Index: 0
    #3443    F-CODE: 0    Attributes: 0    Index: 0
    #3444    F-CODE: 0    Attributes: 0    Index: 0
    #3445    F-CODE: 0    Attributes: 0    Index: 0
    #3446    F-CODE: 0    Attributes: 0    Index: 0
    #3447    F-CODE: 0    Attributes: 0    Index: 0
    #3448    F-CODE: 0    Attributes: 0    Index: 0
    #3449    F-CODE: 0    Attributes: 0    Index: 0
    #3450    F-CODE: 0    Attributes: 0    Index: 0
    #3451    F-CODE: 0    Attributes: 0    Index: 0
    #3452    F-CODE: 0    Attributes: 0    Index: 0
    #3453    F-CODE: 0    Attributes: 0    Index: 0
    #3454    F-CODE: 0    Attributes: 0    Index: 0
    #3455    F-CODE: 0    Attributes: 0    Index: 0
    #3456    F-CODE: 0    Attributes: 0    Index: 0
    #3457    F-CODE: 0    Attributes: 0    Index: 0
    #3458    F-CODE: 0    Attributes: 0    Index: 0
    #3459    F-CODE: 0    Attributes: 0    Index: 0
    #3460    F-CODE: 0    Attributes: 0    Index: 0
    #3461    F-CODE: 0    Attributes: 0    Index: 0
    #3462    F-CODE: 0    Attributes: 0    Index: 0
    #3463    F-CODE: 0    Attributes: 0    Index: 0
    #3464    F-CODE: 0    Attributes: 0    Index: 0
    #3465    F-CODE: 0    Attributes: 0    Index: 0
    #3466    F-CODE: 0    Attributes: 0    Index: 0
    #3467    F-CODE: 0    Attributes: 0    Index: 0
    #3468    F-CODE: 0    Attributes: 0    Index: 0
    #3469    F-CODE: 0    Attributes: 0    Index: 0
    #3470    F-CODE: 0    Attributes: 0    Index: 0
    #3471    F-CODE: 0    Attributes: 0    Index: 0
    #3472    F-CODE: 0    Attributes: 0    Index: 0
    #3473    F-CODE: 0    Attributes: 0    Index: 0
    #3474    F-CODE: 0    Attributes: 0    Index: 0
    #3475    F-CODE: 0    Attributes: 0    Index: 0
    #3476    F-CODE: 0    Attributes: 0    Index: 0
    #3477    F-CODE: 0    Attributes: 0    Index: 0
    #3478    F-CODE: 0    Attributes: 0    Index: 0
    #3479    F-CODE: 0    Attributes: 0    Index: 0
    #3480    F-CODE: 0    Attributes: 0    Index: 0
    #3481    F-CODE: 0    Attributes: 0    Index: 0
    #3482    F-CODE: 0    Attributes: 0    Index: 0
    #3483    F-CODE: 0    Attributes: 0    Index: 0
    #3484    F-CODE: 0    Attributes: 0    Index: 0
    #3485    F-CODE: 0    Attributes: 0    Index: 0
    #3486    F-CODE: 0    Attributes: 0    Index: 0
    #3487    F-CODE: 0    Attributes: 0    Index: 0
    #3488    F-CODE: 0    Attributes: 0    Index: 0
    #3489    F-CODE: 0    Attributes: 0    Index: 0
    #3490    F-CODE: 0    Attributes: 0    Index: 0
    #3491    F-CODE: 0    Attributes: 0    Index: 0
    #3492    F-CODE: 0    Attributes: 0    Index: 0
    #3493    F-CODE: 0    Attributes: 0    Index: 0
    #3494    F-CODE: 0    Attributes: 0    Index: 0
    #3495    F-CODE: 0    Attributes: 0    Index: 0
    #3496    F-CODE: 0    Attributes: 0    Index: 0
    #3497    F-CODE: 0    Attributes: 0    Index: 0
    #3498    F-CODE: 0    Attributes: 0    Index: 0
    #3499    F-CODE: 0    Attributes: 0    Index: 0
    #3500    F-CODE: 0    Attributes: 0    Index: 0
    #3501    F-CODE: 0    Attributes: 0    Index: 0
    #3502    F-CODE: 0    Attributes: 0    Index: 0
    #3503    F-CODE: 0    Attributes: 0    Index: 0
    #3504    F-CODE: 0    Attributes: 0    Index: 0
    #3505    F-CODE: 0    Attributes: 0    Index: 0
    #3506    F-CODE: 0    Attributes: 0    Index: 0
    #3507    F-CODE: 0    Attributes: 0    Index: 0
    #3508    F-CODE: 0    Attributes: 0    Index: 0
    #3509    F-CODE: 0    Attributes: 0    Index: 0
    #3510    F-CODE: 0    Attributes: 0    Index: 0
    #3511    F-CODE: 0    Attributes: 0    Index: 0
    #3512    F-CODE: 0    Attributes: 0    Index: 0
    #3513    F-CODE: 0    Attributes: 0    Index: 0
    #3514    F-CODE: 0    Attributes: 0    Index: 0
    #3515    F-CODE: 0    Attributes: 0    Index: 0
    #3516    F-CODE: 0    Attributes: 0    Index: 0
    #3517    F-CODE: 0    Attributes: 0    Index: 0
    #3518    F-CODE: 0    Attributes: 0    Index: 0
    #3519    F-CODE: 0    Attributes: 0    Index: 0
    #3520    F-CODE: 0    Attributes: 0    Index: 0
    #3521    F-CODE: 0    Attributes: 0    Index: 0
    #3522    F-CODE: 0    Attributes: 0    Index: 0
    #3523    F-CODE: 0    Attributes: 0    Index: 0
    #3524    F-CODE: 0    Attributes: 0    Index: 0
    #3525    F-CODE: 0    Attributes: 0    Index: 0
    #3526    F-CODE: 0    Attributes: 0    Index: 0
    #3527    F-CODE: 0    Attributes: 0    Index: 0
    #3528    F-CODE: 0    Attributes: 0    Index: 0
    #3529    F-CODE: 0    Attributes: 0    Index: 0
    #3530    F-CODE: 0    Attributes: 0    Index: 0
    #3531    F-CODE: 0    Attributes: 0    Index: 0
    #3532    F-CODE: 0    Attributes: 0    Index: 0
    #3533    F-CODE: 0    Attributes: 0    Index: 0
    #3534    F-CODE: 0    Attributes: 0    Index: 0
    #3535    F-CODE: 0    Attributes: 0    Index: 0
    #3536    F-CODE: 0    Attributes: 0    Index: 0
    #3537    F-CODE: 0    Attributes: 0    Index: 0
    #3538    F-CODE: 0    Attributes: 0    Index: 0
    #3539    F-CODE: 0    Attributes: 0    Index: 0
    #3540    F-CODE: 0    Attributes: 0    Index: 0
    #3541    F-CODE: 0    Attributes: 0    Index: 0
    #3542    F-CODE: 0    Attributes: 0    Index: 0
    #3543    F-CODE: 0    Attributes: 0    Index: 0
    #3544    F-CODE: 0    Attributes: 0    Index: 0
    #3545    F-CODE: 0    Attributes: 0    Index: 0
    #3546    F-CODE: 0    Attributes: 0    Index: 0
    #3547    F-CODE: 0    Attributes: 0    Index: 0
    #3548    F-CODE: 0    Attributes: 0    Index: 0
    #3549    F-CODE: 0    Attributes: 0    Index: 0
    #3550    F-CODE: 0    Attributes: 0    Index: 0
    #3551    F-CODE: 0    Attributes: 0    Index: 0
    #3552    F-CODE: 0    Attributes: 0    Index: 0
    #3553    F-CODE: 0    Attributes: 0    Index: 0
    #3554    F-CODE: 0    Attributes: 0    Index: 0
    #3555    F-CODE: 0    Attributes: 0    Index: 0
    #3556    F-CODE: 0    Attributes: 0    Index: 0
    #3557    F-CODE: 0    Attributes: 0    Index: 0
    #3558    F-CODE: 0    Attributes: 0    Index: 0
    #3559    F-CODE: 0    Attributes: 0    Index: 0
    #3560    F-CODE: 0    Attributes: 0    Index: 0
    #3561    F-CODE: 0    Attributes: 0    Index: 0
    #3562    F-CODE: 0    Attributes: 0    Index: 0
    #3563    F-CODE: 0    Attributes: 0    Index: 0
    #3564    F-CODE: 0    Attributes: 0    Index: 0
    #3565    F-CODE: 0    Attributes: 0    Index: 0
    #3566    F-CODE: 0    Attributes: 0    Index: 0
    #3567    F-CODE: 0    Attributes: 0    Index: 0
    #3568    F-CODE: 0    Attributes: 0    Index: 0
    #3569    F-CODE: 0    Attributes: 0    Index: 0
    #3570    F-CODE: 0    Attributes: 0    Index: 0
    #3571    F-CODE: 0    Attributes: 0    Index: 0
    #3572    F-CODE: 0    Attributes: 0    Index: 0
    #3573    F-CODE: 0    Attributes: 0    Index: 0
    #3574    F-CODE: 0    Attributes: 0    Index: 0
    #3575    F-CODE: 0    Attributes: 0    Index: 0
    #3576    F-CODE: 0    Attributes: 0    Index: 0
    #3577    F-CODE: 0    Attributes: 0    Index: 0
    #3578    F-CODE: 0    Attributes: 0    Index: 0
    #3579    F-CODE: 0    Attributes: 0    Index: 0
    #3580    F-CODE: 0    Attributes: 0    Index: 0
    #3581    F-CODE: 0    Attributes: 0    Index: 0
    #3582    F-CODE: 0    Attributes: 0    Index: 0
    #3583    F-CODE: 0    Attributes: 0    Index: 0
    #3584    F-CODE: 0    Attributes: 0    Index: 0
    #3585    F-CODE: 0    Attributes: 0    Index: 0
    #3586    F-CODE: 0    Attributes: 0    Index: 0
    #3587    F-CODE: 0    Attributes: 0    Index: 0
    #3588    F-CODE: 0    Attributes: 0    Index: 0
    #3589    F-CODE: 0    Attributes: 0    Index: 0
    #3590    F-CODE: 0    Attributes: 0    Index: 0
    #3591    F-CODE: 0    Attributes: 0    Index: 0
    #3592    F-CODE: 0    Attributes: 0    Index: 0
    #3593    F-CODE: 0    Attributes: 0    Index: 0
    #3594    F-CODE: 0    Attributes: 0    Index: 0
    #3595    F-CODE: 0    Attributes: 0    Index: 0
    #3596    F-CODE: 0    Attributes: 0    Index: 0
    #3597    F-CODE: 0    Attributes: 0    Index: 0
    #3598    F-CODE: 0    Attributes: 0    Index: 0
    #3599    F-CODE: 0    Attributes: 0    Index: 0
    #3600    F-CODE: 0    Attributes: 0    Index: 0
    #3601    F-CODE: 0    Attributes: 0    Index: 0
    #3602    F-CODE: 0    Attributes: 0    Index: 0
    #3603    F-CODE: 0    Attributes: 0    Index: 0
    #3604    F-CODE: 0    Attributes: 0    Index: 0
    #3605    F-CODE: 0    Attributes: 0    Index: 0
    #3606    F-CODE: 0    Attributes: 0    Index: 0
    #3607    F-CODE: 0    Attributes: 0    Index: 0
    #3608    F-CODE: 0    Attributes: 0    Index: 0
    #3609    F-CODE: 0    Attributes: 0    Index: 0
    #3610    F-CODE: 0    Attributes: 0    Index: 0
    #3611    F-CODE: 0    Attributes: 0    Index: 0
    #3612    F-CODE: 0    Attributes: 0    Index: 0
    #3613    F-CODE: 0    Attributes: 0    Index: 0
    #3614    F-CODE: 0    Attributes: 0    Index: 0
    #3615    F-CODE: 0    Attributes: 0    Index: 0
    #3616    F-CODE: 0    Attributes: 0    Index: 0
    #3617    F-CODE: 0    Attributes: 0    Index: 0
    #3618    F-CODE: 0    Attributes: 0    Index: 0
    #3619    F-CODE: 0    Attributes: 0    Index: 0
    #3620    F-CODE: 0    Attributes: 0    Index: 0
    #3621    F-CODE: 0    Attributes: 0    Index: 0
    #3622    F-CODE: 0    Attributes: 0    Index: 0
    #3623    F-CODE: 0    Attributes: 0    Index: 0
    #3624    F-CODE: 0    Attributes: 0    Index: 0
    #3625    F-CODE: 0    Attributes: 0    Index: 0
    #3626    F-CODE: 0    Attributes: 0    Index: 0
    #3627    F-CODE: 0    Attributes: 0    Index: 0
    #3628    F-CODE: 0    Attributes: 0    Index: 0
    #3629    F-CODE: 0    Attributes: 0    Index: 0
    #3630    F-CODE: 0    Attributes: 0    Index: 0
    #3631    F-CODE: 0    Attributes: 0    Index: 0
    #3632    F-CODE: 0    Attributes: 0    Index: 0
    #3633    F-CODE: 0    Attributes: 0    Index: 0
    #3634    F-CODE: 0    Attributes: 0    Index: 0
    #3635    F-CODE: 0    Attributes: 0    Index: 0
    #3636    F-CODE: 0    Attributes: 0    Index: 0
    #3637    F-CODE: 0    Attributes: 0    Index: 0
    #3638    F-CODE: 0    Attributes: 0    Index: 0
    #3639    F-CODE: 0    Attributes: 0    Index: 0
    #3640    F-CODE: 0    Attributes: 0    Index: 0
    #3641    F-CODE: 0    Attributes: 0    Index: 0
    #3642    F-CODE: 0    Attributes: 0    Index: 0
    #3643    F-CODE: 0    Attributes: 0    Index: 0
    #3644    F-CODE: 0    Attributes: 0    Index: 0
    #3645    F-CODE: 0    Attributes: 0    Index: 0
    #3646    F-CODE: 0    Attributes: 0    Index: 0
    #3647    F-CODE: 0    Attributes: 0    Index: 0
    #3648    F-CODE: 0    Attributes: 0    Index: 0
    #3649    F-CODE: 0    Attributes: 0    Index: 0
    #3650    F-CODE: 0    Attributes: 0    Index: 0
    #3651    F-CODE: 0    Attributes: 0    Index: 0
    #3652    F-CODE: 0    Attributes: 0    Index: 0
    #3653    F-CODE: 0    Attributes: 0    Index: 0
    #3654    F-CODE: 0    Attributes: 0    Index: 0
    #3655    F-CODE: 0    Attributes: 0    Index: 0
    #3656    F-CODE: 0    Attributes: 0    Index: 0
    #3657    F-CODE: 0    Attributes: 0    Index: 0
    #3658    F-CODE: 0    Attributes: 0    Index: 0
    #3659    F-CODE: 0    Attributes: 0    Index: 0
    #3660    F-CODE: 0    Attributes: 0    Index: 0
    #3661    F-CODE: 0    Attributes: 0    Index: 0
    #3662    F-CODE: 0    Attributes: 0    Index: 0
    #3663    F-CODE: 0    Attributes: 0    Index: 0
    #3664    F-CODE: 0    Attributes: 0    Index: 0
    #3665    F-CODE: 0    Attributes: 0    Index: 0
    #3666    F-CODE: 0    Attributes: 0    Index: 0
    #3667    F-CODE: 0    Attributes: 0    Index: 0
    #3668    F-CODE: 0    Attributes: 0    Index: 0
    #3669    F-CODE: 0    Attributes: 0    Index: 0
    #3670    F-CODE: 0    Attributes: 0    Index: 0
    #3671    F-CODE: 0    Attributes: 0    Index: 0
    #3672    F-CODE: 0    Attributes: 0    Index: 0
    #3673    F-CODE: 0    Attributes: 0    Index: 0
    #3674    F-CODE: 0    Attributes: 0    Index: 0
    #3675    F-CODE: 0    Attributes: 0    Index: 0
    #3676    F-CODE: 0    Attributes: 0    Index: 0
    #3677    F-CODE: 0    Attributes: 0    Index: 0
    #3678    F-CODE: 0    Attributes: 0    Index: 0
    #3679    F-CODE: 0    Attributes: 0    Index: 0
    #3680    F-CODE: 0    Attributes: 0    Index: 0
    #3681    F-CODE: 0    Attributes: 0    Index: 0
    #3682    F-CODE: 0    Attributes: 0    Index: 0
    #3683    F-CODE: 0    Attributes: 0    Index: 0
    #3684    F-CODE: 0    Attributes: 0    Index: 0
    #3685    F-CODE: 0    Attributes: 0    Index: 0
    #3686    F-CODE: 0    Attributes: 0    Index: 0
    #3687    F-CODE: 0    Attributes: 0    Index: 0
    #3688    F-CODE: 0    Attributes: 0    Index: 0
    #3689    F-CODE: 0    Attributes: 0    Index: 0
    #3690    F-CODE: 0    Attributes: 0    Index: 0
    #3691    F-CODE: 0    Attributes: 0    Index: 0
    #3692    F-CODE: 0    Attributes: 0    Index: 0
    #3693    F-CODE: 0    Attributes: 0    Index: 0
    #3694    F-CODE: 0    Attributes: 0    Index: 0
    #3695    F-CODE: 0    Attributes: 0    Index: 0
    #3696    F-CODE: 0    Attributes: 0    Index: 0
    #3697    F-CODE: 0    Attributes: 0    Index: 0
    #3698    F-CODE: 0    Attributes: 0    Index: 0
    #3699    F-CODE: 0    Attributes: 0    Index: 0
    #3700    F-CODE: 0    Attributes: 0    Index: 0
    #3701    F-CODE: 0    Attributes: 0    Index: 0
    #3702    F-CODE: 0    Attributes: 0    Index: 0
    #3703    F-CODE: 0    Attributes: 0    Index: 0
    #3704    F-CODE: 0    Attributes: 0    Index: 0
    #3705    F-CODE: 0    Attributes: 0    Index: 0
    #3706    F-CODE: 0    Attributes: 0    Index: 0
    #3707    F-CODE: 0    Attributes: 0    Index: 0
    #3708    F-CODE: 0    Attributes: 0    Index: 0
    #3709    F-CODE: 0    Attributes: 0    Index: 0
    #3710    F-CODE: 0    Attributes: 0    Index: 0
    #3711    F-CODE: 0    Attributes: 0    Index: 0
    #3712    F-CODE: 0    Attributes: 0    Index: 0
    #3713    F-CODE: 0    Attributes: 0    Index: 0
    #3714    F-CODE: 0    Attributes: 0    Index: 0
    #3715    F-CODE: 0    Attributes: 0    Index: 0
    #3716    F-CODE: 0    Attributes: 0    Index: 0
    #3717    F-CODE: 0    Attributes: 0    Index: 0
    #3718    F-CODE: 0    Attributes: 0    Index: 0
    #3719    F-CODE: 0    Attributes: 0    Index: 0
    #3720    F-CODE: 0    Attributes: 0    Index: 0
    #3721    F-CODE: 0    Attributes: 0    Index: 0
    #3722    F-CODE: 0    Attributes: 0    Index: 0
    #3723    F-CODE: 0    Attributes: 0    Index: 0
    #3724    F-CODE: 0    Attributes: 0    Index: 0
    #3725    F-CODE: 0    Attributes: 0    Index: 0
    #3726    F-CODE: 0    Attributes: 0    Index: 0
    #3727    F-CODE: 0    Attributes: 0    Index: 0
    #3728    F-CODE: 0    Attributes: 0    Index: 0
    #3729    F-CODE: 0    Attributes: 0    Index: 0
    #3730    F-CODE: 0    Attributes: 0    Index: 0
    #3731    F-CODE: 0    Attributes: 0    Index: 0
    #3732    F-CODE: 0    Attributes: 0    Index: 0
    #3733    F-CODE: 0    Attributes: 0    Index: 0
    #3734    F-CODE: 0    Attributes: 0    Index: 0
    #3735    F-CODE: 0    Attributes: 0    Index: 0
    #3736    F-CODE: 0    Attributes: 0    Index: 0
    #3737    F-CODE: 0    Attributes: 0    Index: 0
    #3738    F-CODE: 0    Attributes: 0    Index: 0
    #3739    F-CODE: 0    Attributes: 0    Index: 0
    #3740    F-CODE: 0    Attributes: 0    Index: 0
    #3741    F-CODE: 0    Attributes: 0    Index: 0
    #3742    F-CODE: 0    Attributes: 0    Index: 0
    #3743    F-CODE: 0    Attributes: 0    Index: 0
    #3744    F-CODE: 0    Attributes: 0    Index: 0
    #3745    F-CODE: 0    Attributes: 0    Index: 0
    #3746    F-CODE: 0    Attributes: 0    Index: 0
    #3747    F-CODE: 0    Attributes: 0    Index: 0
    #3748    F-CODE: 0    Attributes: 0    Index: 0
    #3749    F-CODE: 0    Attributes: 0    Index: 0
    #3750    F-CODE: 0    Attributes: 0    Index: 0
    #3751    F-CODE: 0    Attributes: 0    Index: 0
    #3752    F-CODE: 0    Attributes: 0    Index: 0
    #3753    F-CODE: 0    Attributes: 0    Index: 0
    #3754    F-CODE: 0    Attributes: 0    Index: 0
    #3755    F-CODE: 0    Attributes: 0    Index: 0
    #3756    F-CODE: 0    Attributes: 0    Index: 0
    #3757    F-CODE: 0    Attributes: 0    Index: 0
    #3758    F-CODE: 0    Attributes: 0    Index: 0
    #3759    F-CODE: 0    Attributes: 0    Index: 0
    #3760    F-CODE: 0    Attributes: 0    Index: 0
    #3761    F-CODE: 0    Attributes: 0    Index: 0
    #3762    F-CODE: 0    Attributes: 0    Index: 0
    #3763    F-CODE: 0    Attributes: 0    Index: 0
    #3764    F-CODE: 0    Attributes: 0    Index: 0
    #3765    F-CODE: 0    Attributes: 0    Index: 0
    #3766    F-CODE: 0    Attributes: 0    Index: 0
    #3767    F-CODE: 0    Attributes: 0    Index: 0
    #3768    F-CODE: 0    Attributes: 0    Index: 0
    #3769    F-CODE: 0    Attributes: 0    Index: 0
    #3770    F-CODE: 0    Attributes: 0    Index: 0
    #3771    F-CODE: 0    Attributes: 0    Index: 0
    #3772    F-CODE: 0    Attributes: 0    Index: 0
    #3773    F-CODE: 0    Attributes: 0    Index: 0
    #3774    F-CODE: 0    Attributes: 0    Index: 0
    #3775    F-CODE: 0    Attributes: 0    Index: 0
    #3776    F-CODE: 0    Attributes: 0    Index: 0
    #3777    F-CODE: 0    Attributes: 0    Index: 0
    #3778    F-CODE: 0    Attributes: 0    Index: 0
    #3779    F-CODE: 0    Attributes: 0    Index: 0
    #3780    F-CODE: 0    Attributes: 0    Index: 0
    #3781    F-CODE: 0    Attributes: 0    Index: 0
    #3782    F-CODE: 0    Attributes: 0    Index: 0
    #3783    F-CODE: 0    Attributes: 0    Index: 0
    #3784    F-CODE: 0    Attributes: 0    Index: 0
    #3785    F-CODE: 0    Attributes: 0    Index: 0
    #3786    F-CODE: 0    Attributes: 0    Index: 0
    #3787    F-CODE: 0    Attributes: 0    Index: 0
    #3788    F-CODE: 0    Attributes: 0    Index: 0
    #3789    F-CODE: 0    Attributes: 0    Index: 0
    #3790    F-CODE: 0    Attributes: 0    Index: 0
    #3791    F-CODE: 0    Attributes: 0    Index: 0
    #3792    F-CODE: 0    Attributes: 0    Index: 0
    #3793    F-CODE: 0    Attributes: 0    Index: 0
    #3794    F-CODE: 0    Attributes: 0    Index: 0
    #3795    F-CODE: 0    Attributes: 0    Index: 0
    #3796    F-CODE: 0    Attributes: 0    Index: 0
    #3797    F-CODE: 0    Attributes: 0    Index: 0
    #3798    F-CODE: 0    Attributes: 0    Index: 0
    #3799    F-CODE: 0    Attributes: 0    Index: 0
    #3800    F-CODE: 0    Attributes: 0    Index: 0
    #3801    F-CODE: 0    Attributes: 0    Index: 0
    #3802    F-CODE: 0    Attributes: 0    Index: 0
    #3803    F-CODE: 0    Attributes: 0    Index: 0
    #3804    F-CODE: 0    Attributes: 0    Index: 0
    #3805    F-CODE: 0    Attributes: 0    Index: 0
    #3806    F-CODE: 0    Attributes: 0    Index: 0
    #3807    F-CODE: 0    Attributes: 0    Index: 0
    #3808    F-CODE: 0    Attributes: 0    Index: 0
    #3809    F-CODE: 0    Attributes: 0    Index: 0
    #3810    F-CODE: 0    Attributes: 0    Index: 0
    #3811    F-CODE: 0    Attributes: 0    Index: 0
    #3812    F-CODE: 0    Attributes: 0    Index: 0
    #3813    F-CODE: 0    Attributes: 0    Index: 0
    #3814    F-CODE: 0    Attributes: 0    Index: 0
    #3815    F-CODE: 0    Attributes: 0    Index: 0
    #3816    F-CODE: 0    Attributes: 0    Index: 0
    #3817    F-CODE: 0    Attributes: 0    Index: 0
    #3818    F-CODE: 0    Attributes: 0    Index: 0
    #3819    F-CODE: 0    Attributes: 0    Index: 0
    #3820    F-CODE: 0    Attributes: 0    Index: 0
    #3821    F-CODE: 0    Attributes: 0    Index: 0
    #3822    F-CODE: 0    Attributes: 0    Index: 0
    #3823    F-CODE: 0    Attributes: 0    Index: 0
    #3824    F-CODE: 0    Attributes: 0    Index: 0
    #3825    F-CODE: 0    Attributes: 0    Index: 0
    #3826    F-CODE: 0    Attributes: 0    Index: 0
    #3827    F-CODE: 0    Attributes: 0    Index: 0
    #3828    F-CODE: 0    Attributes: 0    Index: 0
    #3829    F-CODE: 0    Attributes: 0    Index: 0
    #3830    F-CODE: 0    Attributes: 0    Index: 0
    #3831    F-CODE: 0    Attributes: 0    Index: 0
    #3832    F-CODE: 0    Attributes: 0    Index: 0
    #3833    F-CODE: 0    Attributes: 0    Index: 0
    #3834    F-CODE: 0    Attributes: 0    Index: 0
    #3835    F-CODE: 0    Attributes: 0    Index: 0
    #3836    F-CODE: 0    Attributes: 0    Index: 0
    #3837    F-CODE: 0    Attributes: 0    Index: 0
    #3838    F-CODE: 0    Attributes: 0    Index: 0
    #3839    F-CODE: 0    Attributes: 0    Index: 0
    #3840    F-CODE: 0    Attributes: 0    Index: 0
    #3841    F-CODE: 0    Attributes: 0    Index: 0
    #3842    F-CODE: 0    Attributes: 0    Index: 0
    #3843    F-CODE: 0    Attributes: 0    Index: 0
    #3844    F-CODE: 0    Attributes: 0    Index: 0
    #3845    F-CODE: 0    Attributes: 0    Index: 0
    #3846    F-CODE: 0    Attributes: 0    Index: 0
    #3847    F-CODE: 0    Attributes: 0    Index: 0
    #3848    F-CODE: 0    Attributes: 0    Index: 0
    #3849    F-CODE: 0    Attributes: 0    Index: 0
    #3850    F-CODE: 0    Attributes: 0    Index: 0
    #3851    F-CODE: 0    Attributes: 0    Index: 0
    #3852    F-CODE: 0    Attributes: 0    Index: 0
    #3853    F-CODE: 0    Attributes: 0    Index: 0
    #3854    F-CODE: 0    Attributes: 0    Index: 0
    #3855    F-CODE: 0    Attributes: 0    Index: 0
    #3856    F-CODE: 0    Attributes: 0    Index: 0
    #3857    F-CODE: 0    Attributes: 0    Index: 0
    #3858    F-CODE: 0    Attributes: 0    Index: 0
    #3859    F-CODE: 0    Attributes: 0    Index: 0
    #3860    F-CODE: 0    Attributes: 0    Index: 0
    #3861    F-CODE: 0    Attributes: 0    Index: 0
    #3862    F-CODE: 0    Attributes: 0    Index: 0
    #3863    F-CODE: 0    Attributes: 0    Index: 0
    #3864    F-CODE: 0    Attributes: 0    Index: 0
    #3865    F-CODE: 0    Attributes: 0    Index: 0
    #3866    F-CODE: 0    Attributes: 0    Index: 0
    #3867    F-CODE: 0    Attributes: 0    Index: 0
    #3868    F-CODE: 0    Attributes: 0    Index: 0
    #3869    F-CODE: 0    Attributes: 0    Index: 0
    #3870    F-CODE: 0    Attributes: 0    Index: 0
    #3871    F-CODE: 0    Attributes: 0    Index: 0
    #3872    F-CODE: 0    Attributes: 0    Index: 0
    #3873    F-CODE: 0    Attributes: 0    Index: 0
    #3874    F-CODE: 0    Attributes: 0    Index: 0
    #3875    F-CODE: 0    Attributes: 0    Index: 0
    #3876    F-CODE: 0    Attributes: 0    Index: 0
    #3877    F-CODE: 0    Attributes: 0    Index: 0
    #3878    F-CODE: 0    Attributes: 0    Index: 0
    #3879    F-CODE: 0    Attributes: 0    Index: 0
    #3880    F-CODE: 0    Attributes: 0    Index: 0
    #3881    F-CODE: 0    Attributes: 0    Index: 0
    #3882    F-CODE: 0    Attributes: 0    Index: 0
    #3883    F-CODE: 0    Attributes: 0    Index: 0
    #3884    F-CODE: 0    Attributes: 0    Index: 0
    #3885    F-CODE: 0    Attributes: 0    Index: 0
    #3886    F-CODE: 0    Attributes: 0    Index: 0
    #3887    F-CODE: 0    Attributes: 0    Index: 0
    #3888    F-CODE: 0    Attributes: 0    Index: 0
    #3889    F-CODE: 0    Attributes: 0    Index: 0
    #3890    F-CODE: 0    Attributes: 0    Index: 0
    #3891    F-CODE: 0    Attributes: 0    Index: 0
    #3892    F-CODE: 0    Attributes: 0    Index: 0
    #3893    F-CODE: 0    Attributes: 0    Index: 0
    #3894    F-CODE: 0    Attributes: 0    Index: 0
    #3895    F-CODE: 0    Attributes: 0    Index: 0
    #3896    F-CODE: 0    Attributes: 0    Index: 0
    #3897    F-CODE: 0    Attributes: 0    Index: 0
    #3898    F-CODE: 0    Attributes: 0    Index: 0
    #3899    F-CODE: 0    Attributes: 0    Index: 0
    #3900    F-CODE: 0    Attributes: 0    Index: 0
    #3901    F-CODE: 0    Attributes: 0    Index: 0
    #3902    F-CODE: 0    Attributes: 0    Index: 0
    #3903    F-CODE: 0    Attributes: 0    Index: 0
    #3904    F-CODE: 0    Attributes: 0    Index: 0
    #3905    F-CODE: 0    Attributes: 0    Index: 0
    #3906    F-CODE: 0    Attributes: 0    Index: 0
    #3907    F-CODE: 0    Attributes: 0    Index: 0
    #3908    F-CODE: 0    Attributes: 0    Index: 0
    #3909    F-CODE: 0    Attributes: 0    Index: 0
    #3910    F-CODE: 0    Attributes: 0    Index: 0
    #3911    F-CODE: 0    Attributes: 0    Index: 0
    #3912    F-CODE: 0    Attributes: 0    Index: 0
    #3913    F-CODE: 0    Attributes: 0    Index: 0
    #3914    F-CODE: 0    Attributes: 0    Index: 0
    #3915    F-CODE: 0    Attributes: 0    Index: 0
    #3916    F-CODE: 0    Attributes: 0    Index: 0
    #3917    F-CODE: 0    Attributes: 0    Index: 0
    #3918    F-CODE: 0    Attributes: 0    Index: 0
    #3919    F-CODE: 0    Attributes: 0    Index: 0
    #3920    F-CODE: 0    Attributes: 0    Index: 0
    #3921    F-CODE: 0    Attributes: 0    Index: 0
    #3922    F-CODE: 0    Attributes: 0    Index: 0
    #3923    F-CODE: 0    Attributes: 0    Index: 0
    #3924    F-CODE: 0    Attributes: 0    Index: 0
    #3925    F-CODE: 0    Attributes: 0    Index: 0
    #3926    F-CODE: 0    Attributes: 0    Index: 0
    #3927    F-CODE: 0    Attributes: 0    Index: 0
    #3928    F-CODE: 0    Attributes: 0    Index: 0
    #3929    F-CODE: 0    Attributes: 0    Index: 0
    #3930    F-CODE: 0    Attributes: 0    Index: 0
    #3931    F-CODE: 0    Attributes: 0    Index: 0
    #3932    F-CODE: 0    Attributes: 0    Index: 0
    #3933    F-CODE: 0    Attributes: 0    Index: 0
    #3934    F-CODE: 0    Attributes: 0    Index: 0
    #3935    F-CODE: 0    Attributes: 0    Index: 0
    #3936    F-CODE: 0    Attributes: 0    Index: 0
    #3937    F-CODE: 0    Attributes: 0    Index: 0
    #3938    F-CODE: 0    Attributes: 0    Index: 0
    #3939    F-CODE: 0    Attributes: 0    Index: 0
    #3940    F-CODE: 0    Attributes: 0    Index: 0
    #3941    F-CODE: 0    Attributes: 0    Index: 0
    #3942    F-CODE: 0    Attributes: 0    Index: 0
    #3943    F-CODE: 0    Attributes: 0    Index: 0
    #3944    F-CODE: 0    Attributes: 0    Index: 0
    #3945    F-CODE: 0    Attributes: 0    Index: 0
    #3946    F-CODE: 0    Attributes: 0    Index: 0
    #3947    F-CODE: 0    Attributes: 0    Index: 0
    #3948    F-CODE: 0    Attributes: 0    Index: 0
    #3949    F-CODE: 0    Attributes: 0    Index: 0
    #3950    F-CODE: 0    Attributes: 0    Index: 0
    #3951    F-CODE: 0    Attributes: 0    Index: 0
    #3952    F-CODE: 0    Attributes: 0    Index: 0
    #3953    F-CODE: 0    Attributes: 0    Index: 0
    #3954    F-CODE: 0    Attributes: 0    Index: 0
    #3955    F-CODE: 0    Attributes: 0    Index: 0
    #3956    F-CODE: 0    Attributes: 0    Index: 0
    #3957    F-CODE: 0    Attributes: 0    Index: 0
    #3958    F-CODE: 0    Attributes: 0    Index: 0
    #3959    F-CODE: 0    Attributes: 0    Index: 0
    #3960    F-CODE: 0    Attributes: 0    Index: 0
    #3961    F-CODE: 0    Attributes: 0    Index: 0
    #3962    F-CODE: 0    Attributes: 0    Index: 0
    #3963    F-CODE: 0    Attributes: 0    Index: 0
    #3964    F-CODE: 0    Attributes: 0    Index: 0
    #3965    F-CODE: 0    Attributes: 0    Index: 0
    #3966    F-CODE: 0    Attributes: 0    Index: 0
    #3967    F-CODE: 0    Attributes: 0    Index: 0
    #3968    F-CODE: 0    Attributes: 0    Index: 0
    #3969    F-CODE: 0    Attributes: 0    Index: 0
    #3970    F-CODE: 0    Attributes: 0    Index: 0
    #3971    F-CODE: 0    Attributes: 0    Index: 0
    #3972    F-CODE: 0    Attributes: 0    Index: 0
    #3973    F-CODE: 0    Attributes: 0    Index: 0
    #3974    F-CODE: 0    Attributes: 0    Index: 0
    #3975    F-CODE: 0    Attributes: 0    Index: 0
    #3976    F-CODE: 0    Attributes: 0    Index: 0
    #3977    F-CODE: 0    Attributes: 0    Index: 0
    #3978    F-CODE: 0    Attributes: 0    Index: 0
    #3979    F-CODE: 0    Attributes: 0    Index: 0
    #3980    F-CODE: 0    Attributes: 0    Index: 0
    #3981    F-CODE: 0    Attributes: 0    Index: 0
    #3982    F-CODE: 0    Attributes: 0    Index: 0
    #3983    F-CODE: 0    Attributes: 0    Index: 0
    #3984    F-CODE: 0    Attributes: 0    Index: 0
    #3985    F-CODE: 0    Attributes: 0    Index: 0
    #3986    F-CODE: 0    Attributes: 0    Index: 0
    #3987    F-CODE: 0    Attributes: 0    Index: 0
    #3988    F-CODE: 0    Attributes: 0    Index: 0
    #3989    F-CODE: 0    Attributes: 0    Index: 0
    #3990    F-CODE: 0    Attributes: 0    Index: 0
    #3991    F-CODE: 0    Attributes: 0    Index: 0
    #3992    F-CODE: 0    Attributes: 0    Index: 0
    #3993    F-CODE: 0    Attributes: 0    Index: 0
    #3994    F-CODE: 0    Attributes: 0    Index: 0
    #3995    F-CODE: 0    Attributes: 0    Index: 0
    #3996    F-CODE: 0    Attributes: 0    Index: 0
    #3997    F-CODE: 0    Attributes: 0    Index: 0
    #3998    F-CODE: 0    Attributes: 0    Index: 0
    #3999    F-CODE: 0    Attributes: 0    Index: 0
    #4000    F-CODE: 0    Attributes: 0    Index: 0
    #4001    F-CODE: 0    Attributes: 0    Index: 0
    #4002    F-CODE: 0    Attributes: 0    Index: 0
    #4003    F-CODE: 0    Attributes: 0    Index: 0
    #4004    F-CODE: 0    Attributes: 0    Index: 0
    #4005    F-CODE: 0    Attributes: 0    Index: 0
    #4006    F-CODE: 0    Attributes: 0    Index: 0
    #4007    F-CODE: 0    Attributes: 0    Index: 0
    #4008    F-CODE: 0    Attributes: 0    Index: 0
    #4009    F-CODE: 0    Attributes: 0    Index: 0
    #4010    F-CODE: 0    Attributes: 0    Index: 0
    #4011    F-CODE: 0    Attributes: 0    Index: 0
    #4012    F-CODE: 0    Attributes: 0    Index: 0
    #4013    F-CODE: 0    Attributes: 0    Index: 0
    #4014    F-CODE: 0    Attributes: 0    Index: 0
    #4015    F-CODE: 0    Attributes: 0    Index: 0
    #4016    F-CODE: 0    Attributes: 0    Index: 0
    #4017    F-CODE: 0    Attributes: 0    Index: 0
    #4018    F-CODE: 0    Attributes: 0    Index: 0
    #4019    F-CODE: 0    Attributes: 0    Index: 0
    #4020    F-CODE: 0    Attributes: 0    Index: 0
    #4021    F-CODE: 0    Attributes: 0    Index: 0
    #4022    F-CODE: 0    Attributes: 0    Index: 0
    #4023    F-CODE: 0    Attributes: 0    Index: 0
    #4024    F-CODE: 0    Attributes: 0    Index: 0
    #4025    F-CODE: 0    Attributes: 0    Index: 0
    #4026    F-CODE: 0    Attributes: 0    Index: 0
    #4027    F-CODE: 0    Attributes: 0    Index: 0
    #4028    F-CODE: 0    Attributes: 0    Index: 0
    #4029    F-CODE: 0    Attributes: 0    Index: 0
    #4030    F-CODE: 0    Attributes: 0    Index: 0
    #4031    F-CODE: 0    Attributes: 0    Index: 0
    #4032    F-CODE: 0    Attributes: 0    Index: 0
    #4033    F-CODE: 0    Attributes: 0    Index: 0
    #4034    F-CODE: 0    Attributes: 0    Index: 0
    #4035    F-CODE: 0    Attributes: 0    Index: 0
    #4036    F-CODE: 0    Attributes: 0    Index: 0
    #4037    F-CODE: 0    Attributes: 0    Index: 0
    #4038    F-CODE: 0    Attributes: 0    Index: 0
    #4039    F-CODE: 0    Attributes: 0    Index: 0
    #4040    F-CODE: 0    Attributes: 0    Index: 0
    #4041    F-CODE: 0    Attributes: 0    Index: 0
    #4042    F-CODE: 0    Attributes: 0    Index: 0
    #4043    F-CODE: 0    Attributes: 0    Index: 0
    #4044    F-CODE: 0    Attributes: 0    Index: 0
    #4045    F-CODE: 0    Attributes: 0    Index: 0
    #4046    F-CODE: 0    Attributes: 0    Index: 0
    #4047    F-CODE: 0    Attributes: 0    Index: 0
    #4048    F-CODE: 0    Attributes: 0    Index: 0
    #4049    F-CODE: 0    Attributes: 0    Index: 0
    #4050    F-CODE: 0    Attributes: 0    Index: 0
    #4051    F-CODE: 0    Attributes: 0    Index: 0
    #4052    F-CODE: 0    Attributes: 0    Index: 0
    #4053    F-CODE: 0    Attributes: 0    Index: 0
    #4054    F-CODE: 0    Attributes: 0    Index: 0
    #4055    F-CODE: 0    Attributes: 0    Index: 0
    #4056    F-CODE: 0    Attributes: 0    Index: 0
    #4057    F-CODE: 0    Attributes: 0    Index: 0
    #4058    F-CODE: 0    Attributes: 0    Index: 0
    #4059    F-CODE: 0    Attributes: 0    Index: 0
    #4060    F-CODE: 0    Attributes: 0    Index: 0
    #4061    F-CODE: 0    Attributes: 0    Index: 0
    #4062    F-CODE: 0    Attributes: 0    Index: 0
    #4063    F-CODE: 0    Attributes: 0    Index: 0
    #4064    F-CODE: 0    Attributes: 0    Index: 0
    #4065    F-CODE: 0    Attributes: 0    Index: 0
    #4066    F-CODE: 0    Attributes: 0    Index: 0
    #4067    F-CODE: 0    Attributes: 0    Index: 0
    #4068    F-CODE: 0    Attributes: 0    Index: 0
    #4069    F-CODE: 0    Attributes: 0    Index: 0
    #4070    F-CODE: 0    Attributes: 0    Index: 0
    #4071    F-CODE: 0    Attributes: 0    Index: 0
    #4072    F-CODE: 0    Attributes: 0    Index: 0
    #4073    F-CODE: 0    Attributes: 0    Index: 0
    #4074    F-CODE: 0    Attributes: 0    Index: 0
    #4075    F-CODE: 0    Attributes: 0    Index: 0
    #4076    F-CODE: 0    Attributes: 0    Index: 0
    #4077    F-CODE: 0    Attributes: 0    Index: 0
    #4078    F-CODE: 0    Attributes: 0    Index: 0
    #4079    F-CODE: 0    Attributes: 0    Index: 0
    #4080    F-CODE: 0    Attributes: 0    Index: 0
    #4081    F-CODE: 0    Attributes: 0    Index: 0
    #4082    F-CODE: 0    Attributes: 0    Index: 0
    #4083    F-CODE: 0    Attributes: 0    Index: 0
    #4084    F-CODE: 0    Attributes: 0    Index: 0
    #4085    F-CODE: 0    Attributes: 0    Index: 0
    #4086    F-CODE: 0    Attributes: 0    Index: 0
    #4087    F-CODE: 0    Attributes: 0    Index: 0
    #4088    F-CODE: 0    Attributes: 0    Index: 0
    #4089    F-CODE: 0    Attributes: 0    Index: 0
    #4090    F-CODE: 0    Attributes: 0    Index: 0
    #4091    F-CODE: 0    Attributes: 0    Index: 0
    #4092    F-CODE: 0    Attributes: 0    Index: 0
    #4093    F-CODE: 0    Attributes: 0    Index: 0
    #4094    F-CODE: 0    Attributes: 0    Index: 0
    #4095    F-CODE: 0    Attributes: 0    Index: 0
Closing Disk Interface >> {
Allocating 64 item(s) of 2 bytes    Out Buffer: 0x7E7C8E98
Setting 128 bytes to 0
[C:\GitHub\BlockyOS\src\Boot\UEFI\tools\tools.c:4]{EBD0A0A2-B9E5-4433-A02D-B4B8D3D3F000}
[C:\GitHub\BlockyOS\src\Boot\UEFI\tools\tools.c:11]   Freeing Buffer    0x7E7C8E98}
[C:\GitHub\BlockyOS\src\Boot\UEFI\drivers\.disk\raw\raw.c:288]   Freeing Buffer    0x7E0EE818
Allocating 1 item(s) of 56 bytes    Out Buffer: 0x7E0EE818
Setting 56 bytes to 0
[C:\GitHub\BlockyOS\src\Boot\UEFI\drivers\socket\sockets.c:125]
Opened FS Socket
Mounted FRaT Socket!
Allocating 72 item(s) of 1 bytes    Out Buffer: 0x7E7C8F98
Setting 72 bytes to 0
[C:\GitHub\BlockyOS\src\Boot\UEFI\tools\tools.c:193]
[C:\GitHub\BlockyOS\src\Boot\UEFI\drivers\.disk\fs\frat.c:85]  >>  Formatting Partition:    ROOT
[C:\GitHub\BlockyOS\src\Boot\UEFI\drivers\.disk\fs\frat.c:49]  >>  Loading Partition:    ROOT
Verifying Disk GPT
[Parent:0x7E0A00AA] >>   ConfBlockSize: 512    Starting Disk Env ID: 
Allocating 64 item(s) of 2 bytes    Out Buffer: 0x7E7C8E98
Setting 128 bytes to 0
[C:\GitHub\BlockyOS\src\Boot\UEFI\tools\tools.c:4]{EBD0A0A2-B9E5-4433-A02D-B4B8D3D3F000}
[C:\GitHub\BlockyOS\src\Boot\UEFI\tools\tools.c:11]   Freeing Buffer    0x7E7C8E98
Allocating 1 item(s) of 56 bytes    Out Buffer: 0x7E0EEA98
Setting 56 bytes to 0
[C:\GitHub\BlockyOS\src\Boot\UEFI\drivers\.disk\raw\raw.c:118]
nHandles:	5
Handle 0: BlockSize=512,    LastBlock=2623490,    LogicalPartition? = FALSE,    MediaId=0,    Status=0
Allocating 512 item(s) of 1 bytes    Out Buffer: 0x7E0EDA98
Setting 512 bytes to 0
[C:\GitHub\BlockyOS\src\Boot\UEFI\drivers\.disk\raw\raw.c:30]
Comparing 8 bytes
memcmp Return TRUE
    Target-GUID={
Allocating 64 item(s) of 2 bytes    Out Buffer: 0x7E7C8E98
Setting 128 bytes to 0
[C:\GitHub\BlockyOS\src\Boot\UEFI\tools\tools.c:4]{EBD0A0A2-B9E5-4433-A02D-B4B8D3D3F000}
[C:\GitHub\BlockyOS\src\Boot\UEFI\tools\tools.c:11]   Freeing Buffer    0x7E7C8E98}    Disk-GUID={
Allocating 64 item(s) of 2 bytes    Out Buffer: 0x7E7C8E98
Setting 128 bytes to 0
[C:\GitHub\BlockyOS\src\Boot\UEFI\tools\tools.c:4]{6B98B3C5-0494-48CC-A82E-5935765850B5}
[C:\GitHub\BlockyOS\src\Boot\UEFI\tools\tools.c:11]   Freeing Buffer    0x7E7C8E98}
Comparing 16 bytes
memcmp Return FALSE
Found Handle
[C:\GitHub\BlockyOS\src\Boot\UEFI\drivers\.disk\raw\raw.c:51]   Freeing Buffer    0x7E0EDA98
[C:\GitHub\BlockyOS\src\Boot\UEFI\drivers\.disk\raw\raw.c:52]   Freeing Buffer    0x7E7C9798
Rawenv Dump
    IsPart: FALSE
    Real-Block Size: 512
    Calculated-Block Size: 1
Reading Bytes
[Parent:0x7E0A00C4] >> Reading [92 bytes(s)->1 block(s)] to LBA[1(512)-2(1024)]
Allocating 1 item(s) of 512 bytes    Out Buffer: 0x7E0EDA98
Setting 512 bytes to 0
[C:\GitHub\BlockyOS\src\Boot\UEFI\drivers\.disk\raw\raw.c:178]    Read ...:0:
GPT Dump:
    Sig: "EFI PART"
    Rev: 65536
    Header-Size: 92
    Header Checksum: 1775024932
    localLBA: 1
    altLBA: 2623490
    firstUsable: 2048
    lastUsable: 2623488
    Disk-GUID: 
Allocating 64 item(s) of 2 bytes    Out Buffer: 0x7E7C8E98
Setting 128 bytes to 0
[C:\GitHub\BlockyOS\src\Boot\UEFI\tools\tools.c:4]{6B98B3C5-0494-48CC-A82E-5935765850B5}
[C:\GitHub\BlockyOS\src\Boot\UEFI\tools\tools.c:11]   Freeing Buffer    0x7E7C8E98
    Partition-Table: 2
    # of Partition-Entries: 3
    Partition-Entry Size: 128
    Partition-Table Checksum: 801556421
Comparing 8 bytes
memcmp Return TRUE
[C:\GitHub\BlockyOS\src\Boot\UEFI\drivers\.disk\fs\frat.c:37]   Freeing Buffer    0x7E0EDA98
Closing Disk Interface >> {
Allocating 64 item(s) of 2 bytes    Out Buffer: 0x7E7C8E98
Setting 128 bytes to 0
[C:\GitHub\BlockyOS\src\Boot\UEFI\tools\tools.c:4]{EBD0A0A2-B9E5-4433-A02D-B4B8D3D3F000}
[C:\GitHub\BlockyOS\src\Boot\UEFI\tools\tools.c:11]   Freeing Buffer    0x7E7C8E98}
[C:\GitHub\BlockyOS\src\Boot\UEFI\drivers\.disk\raw\raw.c:288]   Freeing Buffer    0x7E0EEA98
GPT Exists? TRUE
[Parent:0x7E0A0307] >>   ConfBlockSize: 512    Starting Disk Env ID: 
Allocating 64 item(s) of 2 bytes    Out Buffer: 0x7E7C8E98
Setting 128 bytes to 0
[C:\GitHub\BlockyOS\src\Boot\UEFI\tools\tools.c:4]{EBD0A0A2-B9E5-4433-A02D-B4B8D3D3F000}
[C:\GitHub\BlockyOS\src\Boot\UEFI\tools\tools.c:11]   Freeing Buffer    0x7E7C8E98
Allocating 1 item(s) of 56 bytes    Out Buffer: 0x7E0EEA98
Setting 56 bytes to 0
[C:\GitHub\BlockyOS\src\Boot\UEFI\drivers\.disk\raw\raw.c:118]
nHandles:	5
Handle 0: BlockSize=512,    LastBlock=2623490,    LogicalPartition? = FALSE,    MediaId=0,    Status=0
Allocating 512 item(s) of 1 bytes    Out Buffer: 0x7E0EDA98
Setting 512 bytes to 0
[C:\GitHub\BlockyOS\src\Boot\UEFI\drivers\.disk\raw\raw.c:30]
Comparing 8 bytes
memcmp Return TRUE
    Target-GUID={
Allocating 64 item(s) of 2 bytes    Out Buffer: 0x7E7C8E98
Setting 128 bytes to 0
[C:\GitHub\BlockyOS\src\Boot\UEFI\tools\tools.c:4]{EBD0A0A2-B9E5-4433-A02D-B4B8D3D3F000}
[C:\GitHub\BlockyOS\src\Boot\UEFI\tools\tools.c:11]   Freeing Buffer    0x7E7C8E98}    Disk-GUID={
Allocating 64 item(s) of 2 bytes    Out Buffer: 0x7E7C8E98
Setting 128 bytes to 0
[C:\GitHub\BlockyOS\src\Boot\UEFI\tools\tools.c:4]{6B98B3C5-0494-48CC-A82E-5935765850B5}
[C:\GitHub\BlockyOS\src\Boot\UEFI\tools\tools.c:11]   Freeing Buffer    0x7E7C8E98}
Comparing 16 bytes
memcmp Return FALSE
Found Handle
[C:\GitHub\BlockyOS\src\Boot\UEFI\drivers\.disk\raw\raw.c:51]   Freeing Buffer    0x7E0EDA98
[C:\GitHub\BlockyOS\src\Boot\UEFI\drivers\.disk\raw\raw.c:52]   Freeing Buffer    0x7E7C7B18
Rawenv Dump
    IsPart: FALSE
    Real-Block Size: 512
    Calculated-Block Size: 1
Reading Bytes
[Parent:0x7E0A0321] >> Reading [92 bytes(s)->1 block(s)] to LBA[1(512)-2(1024)]
Allocating 1 item(s) of 512 bytes    Out Buffer: 0x7E0EDA98
Setting 512 bytes to 0
[C:\GitHub\BlockyOS\src\Boot\UEFI\drivers\.disk\raw\raw.c:178]    Read ...:0:
Reading Bytes
[Parent:0x7E0A034C] >> Reading [384 bytes(s)->1 block(s)] to LBA[2(1024)-3(1536)]
Allocating 1 item(s) of 512 bytes    Out Buffer: 0x7E7C8A98
Setting 512 bytes to 0
[C:\GitHub\BlockyOS\src\Boot\UEFI\drivers\.disk\raw\raw.c:178]    Read ...:0:
Closing Disk Interface >> {
Allocating 64 item(s) of 2 bytes    Out Buffer: 0x7E7C8E98
Setting 128 bytes to 0
[C:\GitHub\BlockyOS\src\Boot\UEFI\tools\tools.c:4]{EBD0A0A2-B9E5-4433-A02D-B4B8D3D3F000}
[C:\GitHub\BlockyOS\src\Boot\UEFI\tools\tools.c:11]   Freeing Buffer    0x7E7C8E98}
[C:\GitHub\BlockyOS\src\Boot\UEFI\drivers\.disk\raw\raw.c:288]   Freeing Buffer    0x7E0EEA98
Comparing 72 bytes
memcmp Return FALSE
Comparing 72 bytes
memcmp Return TRUE
[C:\GitHub\BlockyOS\src\Boot\UEFI\drivers\.disk\fs\frat.c:59]   Freeing Buffer    0x7E0EDA98
[C:\GitHub\BlockyOS\src\Boot\UEFI\drivers\.disk\fs\frat.c:60]   Freeing Buffer    0x7E7C8A98
[C:\GitHub\BlockyOS\src\Boot\UEFI\drivers\.disk\fs\frat.c:62]  >>  Found Partition: 526336:2623487
[Parent:0x7E0A063E] >>   ConfBlockSize: 512    Starting Disk Env ID: 
Allocating 64 item(s) of 2 bytes    Out Buffer: 0x7E7C8E98
Setting 128 bytes to 0
[C:\GitHub\BlockyOS\src\Boot\UEFI\tools\tools.c:4]{EBD0A0A2-B9E5-4433-A02D-B4B8D3D3F000}
[C:\GitHub\BlockyOS\src\Boot\UEFI\tools\tools.c:11]   Freeing Buffer    0x7E7C8E98
Allocating 1 item(s) of 56 bytes    Out Buffer: 0x7E0EEA98
Setting 56 bytes to 0
[C:\GitHub\BlockyOS\src\Boot\UEFI\drivers\.disk\raw\raw.c:118]
nHandles:	5
Handle 0: BlockSize=512,    LastBlock=2623490,    LogicalPartition? = FALSE,    MediaId=0,    Status=0
Allocating 512 item(s) of 1 bytes    Out Buffer: 0x7E7C8A98
Setting 512 bytes to 0
[C:\GitHub\BlockyOS\src\Boot\UEFI\drivers\.disk\raw\raw.c:30]
Comparing 8 bytes
memcmp Return TRUE
    Target-GUID={
Allocating 64 item(s) of 2 bytes    Out Buffer: 0x7E7C8E98
Setting 128 bytes to 0
[C:\GitHub\BlockyOS\src\Boot\UEFI\tools\tools.c:4]{EBD0A0A2-B9E5-4433-A02D-B4B8D3D3F000}
[C:\GitHub\BlockyOS\src\Boot\UEFI\tools\tools.c:11]   Freeing Buffer    0x7E7C8E98}    Disk-GUID={
Allocating 64 item(s) of 2 bytes    Out Buffer: 0x7E7C8E98
Setting 128 bytes to 0
[C:\GitHub\BlockyOS\src\Boot\UEFI\tools\tools.c:4]{6B98B3C5-0494-48CC-A82E-5935765850B5}
[C:\GitHub\BlockyOS\src\Boot\UEFI\tools\tools.c:11]   Freeing Buffer    0x7E7C8E98}
Comparing 16 bytes
memcmp Return FALSE
Found Handle
[C:\GitHub\BlockyOS\src\Boot\UEFI\drivers\.disk\raw\raw.c:51]   Freeing Buffer    0x7E7C8A98
[C:\GitHub\BlockyOS\src\Boot\UEFI\drivers\.disk\raw\raw.c:52]   Freeing Buffer    0x7E7C9798
Rawenv Dump
    IsPart: FALSE
    Real-Block Size: 512
    Calculated-Block Size: 1
[C:\GitHub\BlockyOS\src\Boot\UEFI\drivers\.disk\fs\frat.c:98]  >>  Format Target: 526336:2623487 -> 2097151 LBAs
    Version-Code: [1:0]
    Configured Block-Size: 512
    Configured Cluster-Size: 65536
    Configured # of Log-Sectors: 5
    Configured Log-Size: 70
Allocating 5 item(s) of 512 bytes    Out Buffer: 0x7E0DB018
Setting 2560 bytes to 0
[C:\GitHub\BlockyOS\src\Boot\UEFI\drivers\.disk\fs\frat.c:107]
Copying 16 bytes
Allocating 1 item(s) of 512 bytes    Out Buffer: 0x7E7C8A98
Setting 512 bytes to 0
[C:\GitHub\BlockyOS\src\Boot\UEFI\drivers\.disk\raw\raw.c:235]
Writing Bytes
[Parent:0x7E0A07EC] >> Writing [36 bytes(s)->1 block(s)] to LBA[526336(269484032)-526337(269484544)]
Copying 36 bytes    Write ...:0:
Setting 2560 bytes to 0
Allocating 5 item(s) of 512 bytes    Out Buffer: 0x7E0DA018
Setting 2560 bytes to 0
[C:\GitHub\BlockyOS\src\Boot\UEFI\drivers\.disk\raw\raw.c:235]
Writing Bytes
[Parent:0x7E0A082D] >> Writing [2560 bytes(s)->5 block(s)] to LBA[526337(269484544)-526342(269487104)]
Copying 2560 bytes    Write ...:0:
[C:\GitHub\BlockyOS\src\Boot\UEFI\drivers\.disk\fs\frat.c:125]   Freeing Buffer    0x7E0DB018
Allocating 65536 item(s) of 512 bytes    Out Buffer: 0x7C09C018
Setting 33554432 bytes to 0
[C:\GitHub\BlockyOS\src\Boot\UEFI\drivers\.disk\fs\frat.c:126]
Allocating 65536 item(s) of 512 bytes    Out Buffer: 0x77B5A018
Setting 33554432 bytes to 0
[C:\GitHub\BlockyOS\src\Boot\UEFI\drivers\.disk\raw\raw.c:235]
Writing Bytes
[Parent:0x7E0A094A] >> Writing [33554432 bytes(s)->65536 block(s)] to LBA[526343(269487616)-591879(303042048)]
Copying 33554432 bytes    Write ...:0:
[C:\GitHub\BlockyOS\src\Boot\UEFI\drivers\.disk\fs\frat.c:129]   Freeing Buffer    0x7C09C018
Closing Disk Interface >> {
Allocating 64 item(s) of 2 bytes    Out Buffer: 0x7E7C8E98
Setting 128 bytes to 0
[C:\GitHub\BlockyOS\src\Boot\UEFI\tools\tools.c:4]{EBD0A0A2-B9E5-4433-A02D-B4B8D3D3F000}
[C:\GitHub\BlockyOS\src\Boot\UEFI\tools\tools.c:11]   Freeing Buffer    0x7E7C8E98}
[C:\GitHub\BlockyOS\src\Boot\UEFI\drivers\.disk\raw\raw.c:288]   Freeing Buffer    0x7E0EEA98
[C:\GitHub\BlockyOS\src\Boot\UEFI\drivers\.disk\fs\frat.c:132]  >>  Formatted Partition
[C:\GitHub\BlockyOS\src\Boot\UEFI\boot.c:49]   Freeing Buffer    0x7E7C8F98
Retrieved Expanded Node TreeBdsDxe: failed to start Boot0002 "UEFI Misc Device" from PciRoot(0x0)/Pci(0x2,0x0): Aborted
