CPU Reset (CPU 0)
EAX=00000000 EBX=00000000 ECX=00000000 EDX=00060fb1
ESI=00000000 EDI=00000000 EBP=00000000 ESP=00000000
EIP=0000fff0 EFL=00000002 [-------] CPL=0 II=0 A20=1 SMM=0 HLT=0
ES =0000 00000000 0000ffff 00009300
CS =f000 ffff0000 0000ffff 00009b00
SS =0000 00000000 0000ffff 00009300
DS =0000 00000000 0000ffff 00009300
FS =0000 00000000 0000ffff 00009300
GS =0000 00000000 0000ffff 00009300
LDT=0000 00000000 0000ffff 00008200
TR =0000 00000000 0000ffff 00008b00
GDT=     00000000 0000ffff
IDT=     00000000 0000ffff
CR0=60000010 CR2=00000000 CR3=00000000 CR4=00000000
DR0=0000000000000000 DR1=0000000000000000 DR2=0000000000000000 DR3=0000000000000000 
DR6=00000000ffff0ff0 DR7=0000000000000400
CCS=00000000 CCD=00000000 CCO=EFLAGS
EFER=0000000000000000
FCW=037f FSW=0000 [ST=0] FTW=00 MXCSR=00001f80
FPR0=0000000000000000 0000 FPR1=0000000000000000 0000
FPR2=0000000000000000 0000 FPR3=0000000000000000 0000
FPR4=0000000000000000 0000 FPR5=0000000000000000 0000
FPR6=0000000000000000 0000 FPR7=0000000000000000 0000
XMM00=0000000000000000 0000000000000000 XMM01=0000000000000000 0000000000000000
XMM02=0000000000000000 0000000000000000 XMM03=0000000000000000 0000000000000000
XMM04=0000000000000000 0000000000000000 XMM05=0000000000000000 0000000000000000
XMM06=0000000000000000 0000000000000000 XMM07=0000000000000000 0000000000000000
CPU Reset (CPU 1)
EAX=00000000 EBX=00000000 ECX=00000000 EDX=00060fb1
ESI=00000000 EDI=00000000 EBP=00000000 ESP=00000000
EIP=0000fff0 EFL=00000002 [-------] CPL=0 II=0 A20=1 SMM=0 HLT=1
ES =0000 00000000 0000ffff 00009300
CS =f000 ffff0000 0000ffff 00009b00
SS =0000 00000000 0000ffff 00009300
DS =0000 00000000 0000ffff 00009300
FS =0000 00000000 0000ffff 00009300
GS =0000 00000000 0000ffff 00009300
LDT=0000 00000000 0000ffff 00008200
TR =0000 00000000 0000ffff 00008b00
GDT=     00000000 0000ffff
IDT=     00000000 0000ffff
CR0=60000010 CR2=00000000 CR3=00000000 CR4=00000000
DR0=0000000000000000 DR1=0000000000000000 DR2=0000000000000000 DR3=0000000000000000 
DR6=00000000ffff0ff0 DR7=0000000000000400
CCS=00000000 CCD=00000000 CCO=EFLAGS
EFER=0000000000000000
FCW=037f FSW=0000 [ST=0] FTW=00 MXCSR=00001f80
FPR0=0000000000000000 0000 FPR1=0000000000000000 0000
FPR2=0000000000000000 0000 FPR3=0000000000000000 0000
FPR4=0000000000000000 0000 FPR5=0000000000000000 0000
FPR6=0000000000000000 0000 FPR7=0000000000000000 0000
XMM00=0000000000000000 0000000000000000 XMM01=0000000000000000 0000000000000000
XMM02=0000000000000000 0000000000000000 XMM03=0000000000000000 0000000000000000
XMM04=0000000000000000 0000000000000000 XMM05=0000000000000000 0000000000000000
XMM06=0000000000000000 0000000000000000 XMM07=0000000000000000 0000000000000000
CPU Reset (CPU 0)
EAX=00000000 EBX=00000000 ECX=00000000 EDX=00060fb1
ESI=00000000 EDI=00000000 EBP=00000000 ESP=00000000
EIP=0000fff0 EFL=00000002 [-------] CPL=0 II=0 A20=1 SMM=0 HLT=0
ES =0000 00000000 0000ffff 00009300
CS =f000 ffff0000 0000ffff 00009b00
SS =0000 00000000 0000ffff 00009300
DS =0000 00000000 0000ffff 00009300
FS =0000 00000000 0000ffff 00009300
GS =0000 00000000 0000ffff 00009300
LDT=0000 00000000 0000ffff 00008200
TR =0000 00000000 0000ffff 00008b00
GDT=     00000000 0000ffff
IDT=     00000000 0000ffff
CR0=60000010 CR2=00000000 CR3=00000000 CR4=00000000
DR0=0000000000000000 DR1=0000000000000000 DR2=0000000000000000 DR3=0000000000000000 
DR6=00000000ffff0ff0 DR7=0000000000000400
CCS=00000000 CCD=00000000 CCO=EFLAGS
EFER=0000000000000000
FCW=037f FSW=0000 [ST=0] FTW=00 MXCSR=00001f80
FPR0=0000000000000000 0000 FPR1=0000000000000000 0000
FPR2=0000000000000000 0000 FPR3=0000000000000000 0000
FPR4=0000000000000000 0000 FPR5=0000000000000000 0000
FPR6=0000000000000000 0000 FPR7=0000000000000000 0000
XMM00=0000000000000000 0000000000000000 XMM01=0000000000000000 0000000000000000
XMM02=0000000000000000 0000000000000000 XMM03=0000000000000000 0000000000000000
XMM04=0000000000000000 0000000000000000 XMM05=0000000000000000 0000000000000000
XMM06=0000000000000000 0000000000000000 XMM07=0000000000000000 0000000000000000
CPU Reset (CPU 1)
EAX=00000000 EBX=00000000 ECX=00000000 EDX=00060fb1
ESI=00000000 EDI=00000000 EBP=00000000 ESP=00000000
EIP=0000fff0 EFL=00000002 [-------] CPL=0 II=0 A20=1 SMM=0 HLT=1
ES =0000 00000000 0000ffff 00009300
CS =f000 ffff0000 0000ffff 00009b00
SS =0000 00000000 0000ffff 00009300
DS =0000 00000000 0000ffff 00009300
FS =0000 00000000 0000ffff 00009300
GS =0000 00000000 0000ffff 00009300
LDT=0000 00000000 0000ffff 00008200
TR =0000 00000000 0000ffff 00008b00
GDT=     00000000 0000ffff
IDT=     00000000 0000ffff
CR0=60000010 CR2=00000000 CR3=00000000 CR4=00000000
DR0=0000000000000000 DR1=0000000000000000 DR2=0000000000000000 DR3=0000000000000000 
DR6=00000000ffff0ff0 DR7=0000000000000400
CCS=00000000 CCD=00000000 CCO=EFLAGS
EFER=0000000000000000
FCW=037f FSW=0000 [ST=0] FTW=00 MXCSR=00001f80
FPR0=0000000000000000 0000 FPR1=0000000000000000 0000
FPR2=0000000000000000 0000 FPR3=0000000000000000 0000
FPR4=0000000000000000 0000 FPR5=0000000000000000 0000
FPR6=0000000000000000 0000 FPR7=0000000000000000 0000
XMM00=0000000000000000 0000000000000000 XMM01=0000000000000000 0000000000000000
XMM02=0000000000000000 0000000000000000 XMM03=0000000000000000 0000000000000000
XMM04=0000000000000000 0000000000000000 XMM05=0000000000000000 0000000000000000
XMM06=0000000000000000 0000000000000000 XMM07=0000000000000000 0000000000000000
CPU Reset (CPU 1)
EAX=00000000 EBX=00000000 ECX=00000000 EDX=00060fb1
ESI=00000000 EDI=00000000 EBP=00000000 ESP=00000000
EIP=0000fff0 EFL=00000002 [-------] CPL=0 II=0 A20=1 SMM=0 HLT=1
ES =0000 00000000 0000ffff 00009300
CS =f000 ffff0000 0000ffff 00009b00
SS =0000 00000000 0000ffff 00009300
DS =0000 00000000 0000ffff 00009300
FS =0000 00000000 0000ffff 00009300
GS =0000 00000000 0000ffff 00009300
LDT=0000 00000000 0000ffff 00008200
TR =0000 00000000 0000ffff 00008b00
GDT=     00000000 0000ffff
IDT=     00000000 0000ffff
CR0=60000010 CR2=00000000 CR3=00000000 CR4=00000000
DR0=0000000000000000 DR1=0000000000000000 DR2=0000000000000000 DR3=0000000000000000 
DR6=00000000ffff0ff0 DR7=0000000000000400
CCS=00000000 CCD=00000000 CCO=EFLAGS
EFER=0000000000000000
FCW=037f FSW=0000 [ST=0] FTW=00 MXCSR=00001f80
FPR0=0000000000000000 0000 FPR1=0000000000000000 0000
FPR2=0000000000000000 0000 FPR3=0000000000000000 0000
FPR4=0000000000000000 0000 FPR5=0000000000000000 0000
FPR6=0000000000000000 0000 FPR7=0000000000000000 0000
XMM00=0000000000000000 0000000000000000 XMM01=0000000000000000 0000000000000000
XMM02=0000000000000000 0000000000000000 XMM03=0000000000000000 0000000000000000
XMM04=0000000000000000 0000000000000000 XMM05=0000000000000000 0000000000000000
XMM06=0000000000000000 0000000000000000 XMM07=0000000000000000 0000000000000000
CPU Reset (CPU 1)
EAX=00000000 EBX=00000000 ECX=00000000 EDX=00060fb1
ESI=00000000 EDI=00000000 EBP=00000000 ESP=00000000
EIP=0000fff0 EFL=00000002 [-------] CPL=0 II=0 A20=1 SMM=0 HLT=1
ES =0000 00000000 0000ffff 00009300
CS =f000 ffff0000 0000ffff 00009b00
SS =0000 00000000 0000ffff 00009300
DS =0000 00000000 0000ffff 00009300
FS =0000 00000000 0000ffff 00009300
GS =0000 00000000 0000ffff 00009300
LDT=0000 00000000 0000ffff 00008200
TR =0000 00000000 0000ffff 00008b00
GDT=     00000000 0000ffff
IDT=     00000000 0000ffff
CR0=60000010 CR2=00000000 CR3=00000000 CR4=00000000
DR0=0000000000000000 DR1=0000000000000000 DR2=0000000000000000 DR3=0000000000000000 
DR6=00000000ffff0ff0 DR7=0000000000000400
CCS=00000000 CCD=00000000 CCO=EFLAGS
EFER=0000000000000000
FCW=037f FSW=0000 [ST=0] FTW=00 MXCSR=00001f80
FPR0=0000000000000000 0000 FPR1=0000000000000000 0000
FPR2=0000000000000000 0000 FPR3=0000000000000000 0000
FPR4=0000000000000000 0000 FPR5=0000000000000000 0000
FPR6=0000000000000000 0000 FPR7=0000000000000000 0000
XMM00=0000000000000000 0000000000000000 XMM01=0000000000000000 0000000000000000
XMM02=0000000000000000 0000000000000000 XMM03=0000000000000000 0000000000000000
XMM04=0000000000000000 0000000000000000 XMM05=0000000000000000 0000000000000000
XMM06=0000000000000000 0000000000000000 XMM07=0000000000000000 0000000000000000
CPU Reset (CPU 1)
EAX=00000000 EBX=00000000 ECX=00000000 EDX=00060fb1
ESI=00000000 EDI=00000000 EBP=00000000 ESP=00000000
EIP=0000fff0 EFL=00000002 [-------] CPL=0 II=0 A20=1 SMM=0 HLT=1
ES =0000 00000000 0000ffff 00009300
CS =f000 ffff0000 0000ffff 00009b00
SS =0000 00000000 0000ffff 00009300
DS =0000 00000000 0000ffff 00009300
FS =0000 00000000 0000ffff 00009300
GS =0000 00000000 0000ffff 00009300
LDT=0000 00000000 0000ffff 00008200
TR =0000 00000000 0000ffff 00008b00
GDT=     00000000 0000ffff
IDT=     00000000 0000ffff
CR0=60000010 CR2=00000000 CR3=00000000 CR4=00000000
DR0=0000000000000000 DR1=0000000000000000 DR2=0000000000000000 DR3=0000000000000000 
DR6=00000000ffff0ff0 DR7=0000000000000400
CCS=00000000 CCD=00000000 CCO=EFLAGS
EFER=0000000000000000
FCW=037f FSW=0000 [ST=0] FTW=00 MXCSR=00001f80
FPR0=0000000000000000 0000 FPR1=0000000000000000 0000
FPR2=0000000000000000 0000 FPR3=0000000000000000 0000
FPR4=0000000000000000 0000 FPR5=0000000000000000 0000
FPR6=0000000000000000 0000 FPR7=0000000000000000 0000
XMM00=0000000000000000 0000000000000000 XMM01=0000000000000000 0000000000000000
XMM02=0000000000000000 0000000000000000 XMM03=0000000000000000 0000000000000000
XMM04=0000000000000000 0000000000000000 XMM05=0000000000000000 0000000000000000
XMM06=0000000000000000 0000000000000000 XMM07=0000000000000000 0000000000000000
CPU Reset (CPU 1)
EAX=00000000 EBX=00000000 ECX=00000000 EDX=00060fb1
ESI=00000000 EDI=00000000 EBP=00000000 ESP=00000000
EIP=0000fff0 EFL=00000002 [-------] CPL=0 II=0 A20=1 SMM=0 HLT=1
ES =0000 00000000 0000ffff 00009300
CS =f000 ffff0000 0000ffff 00009b00
SS =0000 00000000 0000ffff 00009300
DS =0000 00000000 0000ffff 00009300
FS =0000 00000000 0000ffff 00009300
GS =0000 00000000 0000ffff 00009300
LDT=0000 00000000 0000ffff 00008200
TR =0000 00000000 0000ffff 00008b00
GDT=     00000000 0000ffff
IDT=     00000000 0000ffff
CR0=60000010 CR2=00000000 CR3=00000000 CR4=00000000
DR0=0000000000000000 DR1=0000000000000000 DR2=0000000000000000 DR3=0000000000000000 
DR6=00000000ffff0ff0 DR7=0000000000000400
CCS=00000000 CCD=00000000 CCO=EFLAGS
EFER=0000000000000000
FCW=037f FSW=0000 [ST=0] FTW=00 MXCSR=00001f80
FPR0=0000000000000000 0000 FPR1=0000000000000000 0000
FPR2=0000000000000000 0000 FPR3=0000000000000000 0000
FPR4=0000000000000000 0000 FPR5=0000000000000000 0000
FPR6=0000000000000000 0000 FPR7=0000000000000000 0000
XMM00=0000000000000000 0000000000000000 XMM01=0000000000000000 0000000000000000
XMM02=0000000000000000 0000000000000000 XMM03=0000000000000000 0000000000000000
XMM04=0000000000000000 0000000000000000 XMM05=0000000000000000 0000000000000000
XMM06=0000000000000000 0000000000000000 XMM07=0000000000000000 0000000000000000
CPU Reset (CPU 1)
EAX=00000000 EBX=00000000 ECX=00000000 EDX=00060fb1
ESI=00000000 EDI=00000000 EBP=00000000 ESP=00000000
EIP=0000fff0 EFL=00000002 [-------] CPL=0 II=0 A20=1 SMM=0 HLT=1
ES =0000 00000000 0000ffff 00009300
CS =f000 ffff0000 0000ffff 00009b00
SS =0000 00000000 0000ffff 00009300
DS =0000 00000000 0000ffff 00009300
FS =0000 00000000 0000ffff 00009300
GS =0000 00000000 0000ffff 00009300
LDT=0000 00000000 0000ffff 00008200
TR =0000 00000000 0000ffff 00008b00
GDT=     00000000 0000ffff
IDT=     00000000 0000ffff
CR0=60000010 CR2=00000000 CR3=00000000 CR4=00000000
DR0=0000000000000000 DR1=0000000000000000 DR2=0000000000000000 DR3=0000000000000000 
DR6=00000000ffff0ff0 DR7=0000000000000400
CCS=00000000 CCD=00000000 CCO=EFLAGS
EFER=0000000000000000
FCW=037f FSW=0000 [ST=0] FTW=00 MXCSR=00001f80
FPR0=0000000000000000 0000 FPR1=0000000000000000 0000
FPR2=0000000000000000 0000 FPR3=0000000000000000 0000
FPR4=0000000000000000 0000 FPR5=0000000000000000 0000
FPR6=0000000000000000 0000 FPR7=0000000000000000 0000
XMM00=0000000000000000 0000000000000000 XMM01=0000000000000000 0000000000000000
XMM02=0000000000000000 0000000000000000 XMM03=0000000000000000 0000000000000000
XMM04=0000000000000000 0000000000000000 XMM05=0000000000000000 0000000000000000
XMM06=0000000000000000 0000000000000000 XMM07=0000000000000000 0000000000000000
CPU Reset (CPU 1)
EAX=00000000 EBX=00000000 ECX=00000000 EDX=00060fb1
ESI=00000000 EDI=00000000 EBP=00000000 ESP=00000000
EIP=0000fff0 EFL=00000002 [-------] CPL=0 II=0 A20=1 SMM=0 HLT=1
ES =0000 00000000 0000ffff 00009300
CS =f000 ffff0000 0000ffff 00009b00
SS =0000 00000000 0000ffff 00009300
DS =0000 00000000 0000ffff 00009300
FS =0000 00000000 0000ffff 00009300
GS =0000 00000000 0000ffff 00009300
LDT=0000 00000000 0000ffff 00008200
TR =0000 00000000 0000ffff 00008b00
GDT=     00000000 0000ffff
IDT=     00000000 0000ffff
CR0=60000010 CR2=00000000 CR3=00000000 CR4=00000000
DR0=0000000000000000 DR1=0000000000000000 DR2=0000000000000000 DR3=0000000000000000 
DR6=00000000ffff0ff0 DR7=0000000000000400
CCS=00000000 CCD=00000000 CCO=EFLAGS
EFER=0000000000000000
FCW=037f FSW=0000 [ST=0] FTW=00 MXCSR=00001f80
FPR0=0000000000000000 0000 FPR1=0000000000000000 0000
FPR2=0000000000000000 0000 FPR3=0000000000000000 0000
FPR4=0000000000000000 0000 FPR5=0000000000000000 0000
FPR6=0000000000000000 0000 FPR7=0000000000000000 0000
XMM00=0000000000000000 0000000000000000 XMM01=0000000000000000 0000000000000000
XMM02=0000000000000000 0000000000000000 XMM03=0000000000000000 0000000000000000
XMM04=0000000000000000 0000000000000000 XMM05=0000000000000000 0000000000000000
XMM06=0000000000000000 0000000000000000 XMM07=0000000000000000 0000000000000000
CPU Reset (CPU 1)
EAX=00000000 EBX=00000000 ECX=00000000 EDX=00060fb1
ESI=00000000 EDI=00000000 EBP=00000000 ESP=00000000
EIP=0000fff0 EFL=00000002 [-------] CPL=0 II=0 A20=1 SMM=0 HLT=1
ES =0000 00000000 0000ffff 00009300
CS =f000 ffff0000 0000ffff 00009b00
SS =0000 00000000 0000ffff 00009300
DS =0000 00000000 0000ffff 00009300
FS =0000 00000000 0000ffff 00009300
GS =0000 00000000 0000ffff 00009300
LDT=0000 00000000 0000ffff 00008200
TR =0000 00000000 0000ffff 00008b00
GDT=     00000000 0000ffff
IDT=     00000000 0000ffff
CR0=60000010 CR2=00000000 CR3=00000000 CR4=00000000
DR0=0000000000000000 DR1=0000000000000000 DR2=0000000000000000 DR3=0000000000000000 
DR6=00000000ffff0ff0 DR7=0000000000000400
CCS=00000000 CCD=00000000 CCO=EFLAGS
EFER=0000000000000000
FCW=037f FSW=0000 [ST=0] FTW=00 MXCSR=00001f80
FPR0=0000000000000000 0000 FPR1=0000000000000000 0000
FPR2=0000000000000000 0000 FPR3=0000000000000000 0000
FPR4=0000000000000000 0000 FPR5=0000000000000000 0000
FPR6=0000000000000000 0000 FPR7=0000000000000000 0000
XMM00=0000000000000000 0000000000000000 XMM01=0000000000000000 0000000000000000
XMM02=0000000000000000 0000000000000000 XMM03=0000000000000000 0000000000000000
XMM04=0000000000000000 0000000000000000 XMM05=0000000000000000 0000000000000000
XMM06=0000000000000000 0000000000000000 XMM07=0000000000000000 0000000000000000
CPU Reset (CPU 1)
EAX=00000000 EBX=00000000 ECX=00000000 EDX=00060fb1
ESI=00000000 EDI=00000000 EBP=00000000 ESP=00000000
EIP=0000fff0 EFL=00000002 [-------] CPL=0 II=0 A20=1 SMM=0 HLT=1
ES =0000 00000000 0000ffff 00009300
CS =f000 ffff0000 0000ffff 00009b00
SS =0000 00000000 0000ffff 00009300
DS =0000 00000000 0000ffff 00009300
FS =0000 00000000 0000ffff 00009300
GS =0000 00000000 0000ffff 00009300
LDT=0000 00000000 0000ffff 00008200
TR =0000 00000000 0000ffff 00008b00
GDT=     00000000 0000ffff
IDT=     00000000 0000ffff
CR0=60000010 CR2=00000000 CR3=00000000 CR4=00000000
DR0=0000000000000000 DR1=0000000000000000 DR2=0000000000000000 DR3=0000000000000000 
DR6=00000000ffff0ff0 DR7=0000000000000400
CCS=00000000 CCD=00000000 CCO=EFLAGS
EFER=0000000000000000
FCW=037f FSW=0000 [ST=0] FTW=00 MXCSR=00001f80
FPR0=0000000000000000 0000 FPR1=0000000000000000 0000
FPR2=0000000000000000 0000 FPR3=0000000000000000 0000
FPR4=0000000000000000 0000 FPR5=0000000000000000 0000
FPR6=0000000000000000 0000 FPR7=0000000000000000 0000
XMM00=0000000000000000 0000000000000000 XMM01=0000000000000000 0000000000000000
XMM02=0000000000000000 0000000000000000 XMM03=0000000000000000 0000000000000000
XMM04=0000000000000000 0000000000000000 XMM05=0000000000000000 0000000000000000
XMM06=0000000000000000 0000000000000000 XMM07=0000000000000000 0000000000000000
Servicing hardware INT=0x20
     0: v=20 e=0000 i=0 cpl=0 IP=0038:000000007eb58a44 pc=000000007eb58a44 SP=0030:000000007fe63280 env->regs[R_EAX]=0000000000000015
RAX=0000000000000015 RBX=0000000000000015 RCX=0000006000000000 RDX=0000000000000280
RSI=0000000000000016 RDI=000000007fe655e8 RBP=000000007fe693b0 RSP=000000007fe63280
R8 =000000007fe65368 R9 =000000007fe65608 R10=0000000000000002 R11=0000000000000004
R12=0000000000000015 R13=0000000000000003 R14=0000000000000016 R15=000000007fe655e8
RIP=000000007eb58a44 RFL=00000202 [-------] CPL=0 II=0 A20=1 SMM=0 HLT=0
ES =0030 0000000000000000 ffffffff 00cf9300 DPL=0 DS   [-WA]
CS =0038 0000000000000000 ffffffff 00af9a00 DPL=0 CS64 [-R-]
SS =0030 0000000000000000 ffffffff 00cf9300 DPL=0 DS   [-WA]
DS =0030 0000000000000000 ffffffff 00cf9300 DPL=0 DS   [-WA]
FS =0030 0000000000000000 ffffffff 00cf9300 DPL=0 DS   [-WA]
GS =0030 0000000000000000 ffffffff 00cf9300 DPL=0 DS   [-WA]
LDT=0000 0000000000000000 0000ffff 00008200 DPL=0 LDT
TR =0048 000000007f5da058 00000067 00008900 DPL=0 TSS64-avl
GDT=     000000007f5da000 00000057
IDT=     000000007bb7af58 00000fff
CR0=80010033 CR2=0000000000000000 CR3=000000007f801000 CR4=00000660
DR0=0000000000000000 DR1=0000000000000000 DR2=0000000000000000 DR3=0000000000000000 
DR6=00000000ffff0ff0 DR7=0000000000000400
CCS=0000000000000000 CCD=0000000000000001 CCO=EFLAGS
EFER=0000000000000d00
Servicing hardware INT=0x20
     1: v=20 e=0000 i=0 cpl=0 IP=0038:000000007eb4e67c pc=000000007eb4e67c SP=0030:000000007fe69240 env->regs[R_EAX]=0000000000001002
RAX=0000000000001002 RBX=0000000000633cef RCX=0000000000000608 RDX=0000000000632ced
RSI=0000000000000000 RDI=00000000000c4500 RBP=000000007fe69270 RSP=000000007fe69240
R8 =000000007fe69138 R9 =000000007fe69134 R10=0000000000000000 R11=0000000000000008
R12=0000000000002710 R13=0000000000000000 R14=0000000000087040 R15=000000007eb4f528
RIP=000000007eb4e67c RFL=00000202 [-------] CPL=0 II=0 A20=1 SMM=0 HLT=0
ES =0030 0000000000000000 ffffffff 00cf9300 DPL=0 DS   [-WA]
CS =0038 0000000000000000 ffffffff 00af9a00 DPL=0 CS64 [-R-]
SS =0030 0000000000000000 ffffffff 00cf9300 DPL=0 DS   [-WA]
DS =0030 0000000000000000 ffffffff 00cf9300 DPL=0 DS   [-WA]
FS =0030 0000000000000000 ffffffff 00cf9300 DPL=0 DS   [-WA]
GS =0030 0000000000000000 ffffffff 00cf9300 DPL=0 DS   [-WA]
LDT=0000 0000000000000000 0000ffff 00008200 DPL=0 LDT
TR =0048 000000007f5da058 00000067 00008900 DPL=0 TSS64-avl
GDT=     000000007f5da000 00000057
IDT=     000000007bb7af58 00000fff
CR0=80010033 CR2=0000000000000000 CR3=000000007f801000 CR4=00000668
DR0=0000000000000000 DR1=0000000000000000 DR2=0000000000000000 DR3=0000000000000000 
DR6=00000000ffff0ff0 DR7=0000000000000400
CCS=0000000000000000 CCD=0000000000001002 CCO=EFLAGS
EFER=0000000000000d00
CPU Reset (CPU 1)
EAX=00000000 EBX=00000000 ECX=00000000 EDX=00060fb1
ESI=00000000 EDI=00000000 EBP=00000000 ESP=00000000
EIP=0000fff0 EFL=00000002 [-------] CPL=0 II=0 A20=1 SMM=0 HLT=1
ES =0000 00000000 0000ffff 00009300
CS =f000 ffff0000 0000ffff 00009b00
SS =0000 00000000 0000ffff 00009300
DS =0000 00000000 0000ffff 00009300
FS =0000 00000000 0000ffff 00009300
GS =0000 00000000 0000ffff 00009300
LDT=0000 00000000 0000ffff 00008200
TR =0000 00000000 0000ffff 00008b00
GDT=     00000000 0000ffff
IDT=     00000000 0000ffff
CR0=60000010 CR2=00000000 CR3=00000000 CR4=00000000
DR0=0000000000000000 DR1=0000000000000000 DR2=0000000000000000 DR3=0000000000000000 
DR6=00000000ffff0ff0 DR7=0000000000000400
CCS=00000000 CCD=00000000 CCO=EFLAGS
EFER=0000000000000000
FCW=037f FSW=0000 [ST=0] FTW=00 MXCSR=00001f80
FPR0=0000000000000000 0000 FPR1=0000000000000000 0000
FPR2=0000000000000000 0000 FPR3=0000000000000000 0000
FPR4=0000000000000000 0000 FPR5=0000000000000000 0000
FPR6=0000000000000000 0000 FPR7=0000000000000000 0000
XMM00=0000000000000000 0000000000000000 XMM01=0000000000000000 0000000000000000
XMM02=0000000000000000 0000000000000000 XMM03=0000000000000000 0000000000000000
XMM04=0000000000000000 0000000000000000 XMM05=0000000000000000 0000000000000000
XMM06=0000000000000000 0000000000000000 XMM07=0000000000000000 0000000000000000
Servicing hardware INT=0x20
     2: v=20 e=0000 i=0 cpl=0 IP=0038:000000007eb4902e pc=000000007eb4902e SP=0030:000000007fe69138 env->regs[R_EAX]=000000007eb60360
RAX=000000007eb60360 RBX=0000000000000010 RCX=000000007eb60360 RDX=000000007f4e1b7c
RSI=0000000008000128 RDI=0000000000000001 RBP=000000007fe69170 RSP=000000007fe69138
R8 =000000000000001a R9 =000000007eb66ce7 R10=0000000000000000 R11=0000000000000008
R12=0000000000000010 R13=0000000000000007 R14=0000000000000000 R15=0000000000000008
RIP=000000007eb4902e RFL=00000202 [-------] CPL=0 II=0 A20=1 SMM=0 HLT=0
ES =0030 0000000000000000 ffffffff 00cf9300 DPL=0 DS   [-WA]
CS =0038 0000000000000000 ffffffff 00af9a00 DPL=0 CS64 [-R-]
SS =0030 0000000000000000 ffffffff 00cf9300 DPL=0 DS   [-WA]
DS =0030 0000000000000000 ffffffff 00cf9300 DPL=0 DS   [-WA]
FS =0030 0000000000000000 ffffffff 00cf9300 DPL=0 DS   [-WA]
GS =0030 0000000000000000 ffffffff 00cf9300 DPL=0 DS   [-WA]
LDT=0000 0000000000000000 0000ffff 00008200 DPL=0 LDT
TR =0048 000000007f5da058 00000067 00008900 DPL=0 TSS64-avl
GDT=     000000007f5da000 00000057
IDT=     000000007bb7af58 00000fff
CR0=80000033 CR2=0000000000000000 CR3=000000007f801000 CR4=00000668
DR0=0000000000000000 DR1=0000000000000000 DR2=0000000000000000 DR3=0000000000000000 
DR6=00000000ffff0ff0 DR7=0000000000000400
CCS=0000000000000000 CCD=000000007fe69140 CCO=EFLAGS
EFER=0000000000000d00
Servicing hardware INT=0x20
     3: v=20 e=0000 i=0 cpl=0 IP=0038:000000007eb4902e pc=000000007eb4902e SP=0030:000000007fe69138 env->regs[R_EAX]=000000007eb60360
RAX=000000007eb60360 RBX=0000000000000010 RCX=000000007eb60360 RDX=000000007f4e1b7c
RSI=0000000008000128 RDI=0000000000000001 RBP=000000007fe69170 RSP=000000007fe69138
R8 =000000000000001a R9 =000000007eb66ce7 R10=0000000000000000 R11=0000000000000008
R12=0000000000000010 R13=0000000000000007 R14=0000000000000000 R15=0000000000000008
RIP=000000007eb4902e RFL=00000202 [-------] CPL=0 II=0 A20=1 SMM=0 HLT=0
ES =0030 0000000000000000 ffffffff 00cf9300 DPL=0 DS   [-WA]
CS =0038 0000000000000000 ffffffff 00af9a00 DPL=0 CS64 [-R-]
SS =0030 0000000000000000 ffffffff 00cf9300 DPL=0 DS   [-WA]
DS =0030 0000000000000000 ffffffff 00cf9300 DPL=0 DS   [-WA]
FS =0030 0000000000000000 ffffffff 00cf9300 DPL=0 DS   [-WA]
GS =0030 0000000000000000 ffffffff 00cf9300 DPL=0 DS   [-WA]
LDT=0000 0000000000000000 0000ffff 00008200 DPL=0 LDT
TR =0048 000000007f5da058 00000067 00008900 DPL=0 TSS64-avl
GDT=     000000007f5da000 00000057
IDT=     000000007bb7af58 00000fff
CR0=80000033 CR2=0000000000000000 CR3=000000007f801000 CR4=00000668
DR0=0000000000000000 DR1=0000000000000000 DR2=0000000000000000 DR3=0000000000000000 
DR6=00000000ffff0ff0 DR7=0000000000000400
CCS=0000000000000000 CCD=000000007fe69140 CCO=EFLAGS
EFER=0000000000000d00
Servicing hardware INT=0x20
     4: v=20 e=0000 i=0 cpl=0 IP=0038:000000007eb4902e pc=000000007eb4902e SP=0030:000000007fe69138 env->regs[R_EAX]=000000007eb60360
RAX=000000007eb60360 RBX=0000000000000010 RCX=000000007eb60360 RDX=000000007f4e1b7c
RSI=0000000008000128 RDI=0000000000000001 RBP=000000007fe69170 RSP=000000007fe69138
R8 =000000000000001a R9 =000000007eb66ce7 R10=0000000000000000 R11=0000000000000008
R12=0000000000000010 R13=0000000000000007 R14=0000000000000000 R15=0000000000000008
RIP=000000007eb4902e RFL=00000202 [-------] CPL=0 II=0 A20=1 SMM=0 HLT=0
ES =0030 0000000000000000 ffffffff 00cf9300 DPL=0 DS   [-WA]
CS =0038 0000000000000000 ffffffff 00af9a00 DPL=0 CS64 [-R-]
SS =0030 0000000000000000 ffffffff 00cf9300 DPL=0 DS   [-WA]
DS =0030 0000000000000000 ffffffff 00cf9300 DPL=0 DS   [-WA]
FS =0030 0000000000000000 ffffffff 00cf9300 DPL=0 DS   [-WA]
GS =0030 0000000000000000 ffffffff 00cf9300 DPL=0 DS   [-WA]
LDT=0000 0000000000000000 0000ffff 00008200 DPL=0 LDT
TR =0048 000000007f5da058 00000067 00008900 DPL=0 TSS64-avl
GDT=     000000007f5da000 00000057
IDT=     000000007bb7af58 00000fff
CR0=80000033 CR2=0000000000000000 CR3=000000007f801000 CR4=00000668
DR0=0000000000000000 DR1=0000000000000000 DR2=0000000000000000 DR3=0000000000000000 
DR6=00000000ffff0ff0 DR7=0000000000000400
CCS=0000000000000000 CCD=000000007fe69140 CCO=EFLAGS
EFER=0000000000000d00
Servicing hardware INT=0x20
     5: v=20 e=0000 i=0 cpl=0 IP=0038:000000007eb4902e pc=000000007eb4902e SP=0030:000000007fe69138 env->regs[R_EAX]=000000007eb60360
RAX=000000007eb60360 RBX=0000000000000010 RCX=000000007eb60360 RDX=000000007f4e1b7c
RSI=0000000008000128 RDI=0000000000000001 RBP=000000007fe69170 RSP=000000007fe69138
R8 =000000000000001a R9 =000000007eb66ce7 R10=0000000000000000 R11=0000000000000008
R12=0000000000000010 R13=0000000000000007 R14=0000000000000000 R15=0000000000000008
RIP=000000007eb4902e RFL=00000202 [-------] CPL=0 II=0 A20=1 SMM=0 HLT=0
ES =0030 0000000000000000 ffffffff 00cf9300 DPL=0 DS   [-WA]
CS =0038 0000000000000000 ffffffff 00af9a00 DPL=0 CS64 [-R-]
SS =0030 0000000000000000 ffffffff 00cf9300 DPL=0 DS   [-WA]
DS =0030 0000000000000000 ffffffff 00cf9300 DPL=0 DS   [-WA]
FS =0030 0000000000000000 ffffffff 00cf9300 DPL=0 DS   [-WA]
GS =0030 0000000000000000 ffffffff 00cf9300 DPL=0 DS   [-WA]
LDT=0000 0000000000000000 0000ffff 00008200 DPL=0 LDT
TR =0048 000000007f5da058 00000067 00008900 DPL=0 TSS64-avl
GDT=     000000007f5da000 00000057
IDT=     000000007bb7af58 00000fff
CR0=80000033 CR2=0000000000000000 CR3=000000007f801000 CR4=00000668
DR0=0000000000000000 DR1=0000000000000000 DR2=0000000000000000 DR3=0000000000000000 
DR6=00000000ffff0ff0 DR7=0000000000000400
CCS=0000000000000000 CCD=000000007fe69140 CCO=EFLAGS
EFER=0000000000000d00
Servicing hardware INT=0x20
     6: v=20 e=0000 i=0 cpl=0 IP=0038:000000007eb4902e pc=000000007eb4902e SP=0030:000000007fe69138 env->regs[R_EAX]=000000007eb60360
RAX=000000007eb60360 RBX=0000000000000010 RCX=000000007eb60360 RDX=000000007f4e1b7c
RSI=0000000008000128 RDI=0000000000000001 RBP=000000007fe69170 RSP=000000007fe69138
R8 =000000000000001a R9 =000000007eb66ce7 R10=0000000000000000 R11=0000000000000008
R12=0000000000000010 R13=0000000000000007 R14=0000000000000000 R15=0000000000000008
RIP=000000007eb4902e RFL=00000202 [-------] CPL=0 II=0 A20=1 SMM=0 HLT=0
ES =0030 0000000000000000 ffffffff 00cf9300 DPL=0 DS   [-WA]
CS =0038 0000000000000000 ffffffff 00af9a00 DPL=0 CS64 [-R-]
SS =0030 0000000000000000 ffffffff 00cf9300 DPL=0 DS   [-WA]
DS =0030 0000000000000000 ffffffff 00cf9300 DPL=0 DS   [-WA]
FS =0030 0000000000000000 ffffffff 00cf9300 DPL=0 DS   [-WA]
GS =0030 0000000000000000 ffffffff 00cf9300 DPL=0 DS   [-WA]
LDT=0000 0000000000000000 0000ffff 00008200 DPL=0 LDT
TR =0048 000000007f5da058 00000067 00008900 DPL=0 TSS64-avl
GDT=     000000007f5da000 00000057
IDT=     000000007bb7af58 00000fff
CR0=80000033 CR2=0000000000000000 CR3=000000007f801000 CR4=00000668
DR0=0000000000000000 DR1=0000000000000000 DR2=0000000000000000 DR3=0000000000000000 
DR6=00000000ffff0ff0 DR7=0000000000000400
CCS=0000000000000000 CCD=000000007fe69140 CCO=EFLAGS
EFER=0000000000000d00
Servicing hardware INT=0x20
     7: v=20 e=0000 i=0 cpl=0 IP=0038:000000007eb4902e pc=000000007eb4902e SP=0030:000000007fe69138 env->regs[R_EAX]=000000007eb60360
RAX=000000007eb60360 RBX=0000000000000010 RCX=000000007eb60360 RDX=000000007f4e1b7c
RSI=0000000008000120 RDI=0000000000000001 RBP=000000007fe69170 RSP=000000007fe69138
R8 =000000000000001a R9 =000000007eb66ce7 R10=0000000000000000 R11=0000000000000008
R12=0000000000000010 R13=0000000000000005 R14=0000000000000000 R15=0000000000000008
RIP=000000007eb4902e RFL=00000202 [-------] CPL=0 II=0 A20=1 SMM=0 HLT=0
ES =0030 0000000000000000 ffffffff 00cf9300 DPL=0 DS   [-WA]
CS =0038 0000000000000000 ffffffff 00af9a00 DPL=0 CS64 [-R-]
SS =0030 0000000000000000 ffffffff 00cf9300 DPL=0 DS   [-WA]
DS =0030 0000000000000000 ffffffff 00cf9300 DPL=0 DS   [-WA]
FS =0030 0000000000000000 ffffffff 00cf9300 DPL=0 DS   [-WA]
GS =0030 0000000000000000 ffffffff 00cf9300 DPL=0 DS   [-WA]
LDT=0000 0000000000000000 0000ffff 00008200 DPL=0 LDT
TR =0048 000000007f5da058 00000067 00008900 DPL=0 TSS64-avl
GDT=     000000007f5da000 00000057
IDT=     000000007bb7af58 00000fff
CR0=80000033 CR2=0000000000000000 CR3=000000007f801000 CR4=00000668
DR0=0000000000000000 DR1=0000000000000000 DR2=0000000000000000 DR3=0000000000000000 
DR6=00000000ffff0ff0 DR7=0000000000000400
CCS=0000000000000000 CCD=000000007fe69140 CCO=EFLAGS
EFER=0000000000000d00
Servicing hardware INT=0x20
     8: v=20 e=0000 i=0 cpl=0 IP=0038:000000007eb4902e pc=000000007eb4902e SP=0030:000000007fe69138 env->regs[R_EAX]=000000007eb60360
RAX=000000007eb60360 RBX=0000000000000010 RCX=000000007eb60360 RDX=000000007f4e1b7c
RSI=0000000008000128 RDI=0000000000000001 RBP=000000007fe69170 RSP=000000007fe69138
R8 =000000000000001a R9 =000000007eb66ce7 R10=0000000000000000 R11=0000000000000008
R12=0000000000000010 R13=0000000000000007 R14=0000000000000000 R15=0000000000000008
RIP=000000007eb4902e RFL=00000202 [-------] CPL=0 II=0 A20=1 SMM=0 HLT=0
ES =0030 0000000000000000 ffffffff 00cf9300 DPL=0 DS   [-WA]
CS =0038 0000000000000000 ffffffff 00af9a00 DPL=0 CS64 [-R-]
SS =0030 0000000000000000 ffffffff 00cf9300 DPL=0 DS   [-WA]
DS =0030 0000000000000000 ffffffff 00cf9300 DPL=0 DS   [-WA]
FS =0030 0000000000000000 ffffffff 00cf9300 DPL=0 DS   [-WA]
GS =0030 0000000000000000 ffffffff 00cf9300 DPL=0 DS   [-WA]
LDT=0000 0000000000000000 0000ffff 00008200 DPL=0 LDT
TR =0048 000000007f5da058 00000067 00008900 DPL=0 TSS64-avl
GDT=     000000007f5da000 00000057
IDT=     000000007bb7af58 00000fff
CR0=80000033 CR2=0000000000000000 CR3=000000007f801000 CR4=00000668
DR0=0000000000000000 DR1=0000000000000000 DR2=0000000000000000 DR3=0000000000000000 
DR6=00000000ffff0ff0 DR7=0000000000000400
CCS=0000000000000000 CCD=000000007fe69140 CCO=EFLAGS
EFER=0000000000000d00
Servicing hardware INT=0x20
     9: v=20 e=0000 i=0 cpl=0 IP=0038:000000007fe750cf pc=000000007fe750cf SP=0030:000000007fe69180 env->regs[R_EAX]=000000007fe74f46
RAX=000000007fe74f46 RBX=0000000000000010 RCX=0000000000000000 RDX=000000007f4e1b7c
RSI=0000000008000128 RDI=000000007f4e1a80 RBP=000000007fe691f0 RSP=000000007fe69180
R8 =000000000000001a R9 =000000007eb66ce7 R10=0000000000000000 R11=0000000000000008
R12=0000000000000010 R13=0000000000000007 R14=0000000000000000 R15=0000000000000008
RIP=000000007fe750cf RFL=00000246 [---Z-P-] CPL=0 II=0 A20=1 SMM=0 HLT=0
ES =0030 0000000000000000 ffffffff 00cf9300 DPL=0 DS   [-WA]
CS =0038 0000000000000000 ffffffff 00af9a00 DPL=0 CS64 [-R-]
SS =0030 0000000000000000 ffffffff 00cf9300 DPL=0 DS   [-WA]
DS =0030 0000000000000000 ffffffff 00cf9300 DPL=0 DS   [-WA]
FS =0030 0000000000000000 ffffffff 00cf9300 DPL=0 DS   [-WA]
GS =0030 0000000000000000 ffffffff 00cf9300 DPL=0 DS   [-WA]
LDT=0000 0000000000000000 0000ffff 00008200 DPL=0 LDT
TR =0048 000000007f5da058 00000067 00008900 DPL=0 TSS64-avl
GDT=     000000007f5da000 00000057
IDT=     000000007bb7af58 00000fff
CR0=80000033 CR2=0000000000000000 CR3=000000007f801000 CR4=00000668
DR0=0000000000000000 DR1=0000000000000000 DR2=0000000000000000 DR3=0000000000000000 
DR6=00000000ffff0ff0 DR7=0000000000000400
CCS=0000000000000044 CCD=0000000000000000 CCO=EFLAGS
EFER=0000000000000d00
Servicing hardware INT=0x20
    10: v=20 e=0000 i=0 cpl=0 IP=0038:000000007eb4947e pc=000000007eb4947e SP=0030:000000007fe691e8 env->regs[R_EAX]=000000007f801000
RAX=000000007f801000 RBX=000000007eab0000 RCX=000000007eb60360 RDX=0000000000000000
RSI=0000000000000001 RDI=0000000000000001 RBP=000000007fe697a0 RSP=000000007fe691e8
R8 =000000007eb66ce8 R9 =000000007eb66ce7 R10=000000007fe691c0 R11=000000007eb46080
R12=0000000000004008 R13=0000000000000006 R14=0000000000000c06 R15=0000000000000008
RIP=000000007eb4947e RFL=00000202 [-------] CPL=0 II=0 A20=1 SMM=0 HLT=0
ES =0030 0000000000000000 ffffffff 00cf9300 DPL=0 DS   [-WA]
CS =0038 0000000000000000 ffffffff 00af9a00 DPL=0 CS64 [-R-]
SS =0030 0000000000000000 ffffffff 00cf9300 DPL=0 DS   [-WA]
DS =0030 0000000000000000 ffffffff 00cf9300 DPL=0 DS   [-WA]
FS =0030 0000000000000000 ffffffff 00cf9300 DPL=0 DS   [-WA]
GS =0030 0000000000000000 ffffffff 00cf9300 DPL=0 DS   [-WA]
LDT=0000 0000000000000000 0000ffff 00008200 DPL=0 LDT
TR =0048 000000007f5da058 00000067 00008900 DPL=0 TSS64-avl
GDT=     000000007f5da000 00000057
IDT=     000000007bb7af58 00000fff
CR0=80010033 CR2=0000000000000000 CR3=000000007f801000 CR4=00000668
DR0=0000000000000000 DR1=0000000000000000 DR2=0000000000000000 DR3=0000000000000000 
DR6=00000000ffff0ff0 DR7=0000000000000400
CCS=0000000000000000 CCD=0000000000000001 CCO=EFLAGS
EFER=0000000000000d00
Servicing hardware INT=0x20
    11: v=20 e=0000 i=0 cpl=0 IP=0038:000000007fe88d0b pc=000000007fe88d0b SP=0030:000000007fe69538 env->regs[R_EAX]=0000000000000001
RAX=0000000000000001 RBX=000000007fe93260 RCX=0000000000001100 RDX=0000000000000000
RSI=0000000000000002 RDI=0000000000000004 RBP=000000007fe695a0 RSP=000000007fe69538
R8 =000000007fe69678 R9 =000000007eae6be7 R10=0000000000000000 R11=000000007eb46080
R12=0000000000001950 R13=0000000000000002 R14=0000000000001928 R15=0000000000000007
RIP=000000007fe88d0b RFL=00000203 [------C] CPL=0 II=0 A20=1 SMM=0 HLT=0
ES =0030 0000000000000000 ffffffff 00cf9300 DPL=0 DS   [-WA]
CS =0038 0000000000000000 ffffffff 00af9a00 DPL=0 CS64 [-R-]
SS =0030 0000000000000000 ffffffff 00cf9300 DPL=0 DS   [-WA]
DS =0030 0000000000000000 ffffffff 00cf9300 DPL=0 DS   [-WA]
FS =0030 0000000000000000 ffffffff 00cf9300 DPL=0 DS   [-WA]
GS =0030 0000000000000000 ffffffff 00cf9300 DPL=0 DS   [-WA]
LDT=0000 0000000000000000 0000ffff 00008200 DPL=0 LDT
TR =0048 000000007f5da058 00000067 00008900 DPL=0 TSS64-avl
GDT=     000000007f5da000 00000057
IDT=     000000007bb7af58 00000fff
CR0=80010033 CR2=0000000000000000 CR3=000000007f801000 CR4=00000668
DR0=0000000000000000 DR1=0000000000000000 DR2=0000000000000000 DR3=0000000000000000 
DR6=00000000ffff0ff0 DR7=0000000000000400
CCS=0000000000000001 CCD=0000000000000001 CCO=EFLAGS
EFER=0000000000000d00
Servicing hardware INT=0x20
    12: v=20 e=0000 i=0 cpl=0 IP=0038:000000007fe8a41c pc=000000007fe8a41c SP=0030:000000007fe69af0 env->regs[R_EAX]=00000000000000af
RAX=00000000000000af RBX=000000007eaa0000 RCX=0000000000000000 RDX=000000007eaa0000
RSI=000000007fe92d20 RDI=000000007eaa8000 RBP=000000007fe69b80 RSP=000000007fe69af0
R8 =00000000000000af R9 =000000007eaa7fff R10=0000000000000000 R11=0000000000000000
R12=000000007eaa7fff R13=0000000000000007 R14=000000000002600f R15=000000007f7ffe80
RIP=000000007fe8a41c RFL=00000206 [-----P-] CPL=0 II=0 A20=1 SMM=0 HLT=0
ES =0030 0000000000000000 ffffffff 00cf9300 DPL=0 DS   [-WA]
CS =0038 0000000000000000 ffffffff 00af9a00 DPL=0 CS64 [-R-]
SS =0030 0000000000000000 ffffffff 00cf9300 DPL=0 DS   [-WA]
DS =0030 0000000000000000 ffffffff 00cf9300 DPL=0 DS   [-WA]
FS =0030 0000000000000000 ffffffff 00cf9300 DPL=0 DS   [-WA]
GS =0030 0000000000000000 ffffffff 00cf9300 DPL=0 DS   [-WA]
LDT=0000 0000000000000000 0000ffff 00008200 DPL=0 LDT
TR =0048 000000007f5da058 00000067 00008900 DPL=0 TSS64-avl
GDT=     000000007f5da000 00000057
IDT=     000000007bb7af58 00000fff
CR0=80010033 CR2=0000000000000000 CR3=000000007f801000 CR4=00000668
DR0=0000000000000000 DR1=0000000000000000 DR2=0000000000000000 DR3=0000000000000000 
DR6=00000000ffff0ff0 DR7=0000000000000400
CCS=0000000000000004 CCD=000000007fe69ad8 CCO=EFLAGS
EFER=0000000000000d00
Servicing hardware INT=0x20
    13: v=20 e=0000 i=0 cpl=0 IP=0038:000000007fe80e58 pc=000000007fe80e58 SP=0030:000000007fe69a08 env->regs[R_EAX]=000000007ea74000
RAX=000000007ea74000 RBX=000000007ea69f08 RCX=000000007ea69000 RDX=0000000000000000
RSI=0000000000009000 RDI=000000007eae5688 RBP=000000007fe69d40 RSP=000000007fe69a08
R8 =000000007ea73a1e R9 =000000007ea73fff R10=00000000000094f4 R11=0000000000000000
R12=0000000000000000 R13=000000007ea73000 R14=000000007ea73000 R15=000000007eae5598
RIP=000000007fe80e58 RFL=00000206 [-----P-] CPL=0 II=0 A20=1 SMM=0 HLT=0
ES =0030 0000000000000000 ffffffff 00cf9300 DPL=0 DS   [-WA]
CS =0038 0000000000000000 ffffffff 00af9a00 DPL=0 CS64 [-R-]
SS =0030 0000000000000000 ffffffff 00cf9300 DPL=0 DS   [-WA]
DS =0030 0000000000000000 ffffffff 00cf9300 DPL=0 DS   [-WA]
FS =0030 0000000000000000 ffffffff 00cf9300 DPL=0 DS   [-WA]
GS =0030 0000000000000000 ffffffff 00cf9300 DPL=0 DS   [-WA]
LDT=0000 0000000000000000 0000ffff 00008200 DPL=0 LDT
TR =0048 000000007f5da058 00000067 00008900 DPL=0 TSS64-avl
GDT=     000000007f5da000 00000057
IDT=     000000007bb7af58 00000fff
CR0=80010033 CR2=0000000000000000 CR3=000000007f801000 CR4=00000668
DR0=0000000000000000 DR1=0000000000000000 DR2=0000000000000000 DR3=0000000000000000 
DR6=00000000ffff0ff0 DR7=0000000000000400
CCS=0000000000000004 CCD=0000000000009000 CCO=EFLAGS
EFER=0000000000000d00
Servicing hardware INT=0x20
    14: v=20 e=0000 i=0 cpl=0 IP=0038:000000007fe8a41c pc=000000007fe8a41c SP=0030:000000007fe69af0 env->regs[R_EAX]=00000000000000af
RAX=00000000000000af RBX=000000007ea69000 RCX=0000000000000000 RDX=000000007ea69000
RSI=000000007fe92d20 RDI=000000007ea74000 RBP=000000007fe69b80 RSP=000000007fe69af0
R8 =00000000000000af R9 =000000007ea73fff R10=0000000000000000 R11=0000000000000000
R12=000000007ea73fff R13=0000000000000007 R14=000000000002600f R15=000000007f7ff140
RIP=000000007fe8a41c RFL=00000206 [-----P-] CPL=0 II=0 A20=1 SMM=0 HLT=0
ES =0030 0000000000000000 ffffffff 00cf9300 DPL=0 DS   [-WA]
CS =0038 0000000000000000 ffffffff 00af9a00 DPL=0 CS64 [-R-]
SS =0030 0000000000000000 ffffffff 00cf9300 DPL=0 DS   [-WA]
DS =0030 0000000000000000 ffffffff 00cf9300 DPL=0 DS   [-WA]
FS =0030 0000000000000000 ffffffff 00cf9300 DPL=0 DS   [-WA]
GS =0030 0000000000000000 ffffffff 00cf9300 DPL=0 DS   [-WA]
LDT=0000 0000000000000000 0000ffff 00008200 DPL=0 LDT
TR =0048 000000007f5da058 00000067 00008900 DPL=0 TSS64-avl
GDT=     000000007f5da000 00000057
IDT=     000000007bb7af58 00000fff
CR0=80010033 CR2=0000000000000000 CR3=000000007f801000 CR4=00000668
DR0=0000000000000000 DR1=0000000000000000 DR2=0000000000000000 DR3=0000000000000000 
DR6=00000000ffff0ff0 DR7=0000000000000400
CCS=0000000000000004 CCD=000000007fe69ad8 CCO=EFLAGS
EFER=0000000000000d00
Servicing hardware INT=0x20
    15: v=20 e=0000 i=0 cpl=0 IP=0038:000000007f6ba1ed pc=000000007f6ba1ed SP=0030:000000007fe69c40 env->regs[R_EAX]=00000000e0000000
RAX=00000000e0000000 RBX=0000000000000601 RCX=000000007f4e28a8 RDX=a58b88411adf6801
RSI=000000007f6bc020 RDI=000000007eacb018 RBP=000000007fe69cd0 RSP=000000007fe69c40
R8 =000000007eacb8d0 R9 =00000000000029c0 R10=0000000000000000 R11=000000000000000c
R12=0000000000000000 R13=000000007f425c30 R14=000000007f5ec018 R15=000000007eacc098
RIP=000000007f6ba1ed RFL=00000246 [---Z-P-] CPL=0 II=0 A20=1 SMM=0 HLT=0
ES =0030 0000000000000000 ffffffff 00cf9300 DPL=0 DS   [-WA]
CS =0038 0000000000000000 ffffffff 00af9a00 DPL=0 CS64 [-R-]
SS =0030 0000000000000000 ffffffff 00cf9300 DPL=0 DS   [-WA]
DS =0030 0000000000000000 ffffffff 00cf9300 DPL=0 DS   [-WA]
FS =0030 0000000000000000 ffffffff 00cf9300 DPL=0 DS   [-WA]
GS =0030 0000000000000000 ffffffff 00cf9300 DPL=0 DS   [-WA]
LDT=0000 0000000000000000 0000ffff 00008200 DPL=0 LDT
TR =0048 000000007f5da058 00000067 00008900 DPL=0 TSS64-avl
GDT=     000000007f5da000 00000057
IDT=     000000007bb7af58 00000fff
CR0=80010033 CR2=0000000000000000 CR3=000000007f801000 CR4=00000668
DR0=0000000000000000 DR1=0000000000000000 DR2=0000000000000000 DR3=0000000000000000 
DR6=00000000ffff0ff0 DR7=0000000000000400
CCS=0000000000000044 CCD=00000000e0000000 CCO=EFLAGS
EFER=0000000000000d00
Servicing hardware INT=0x20
    16: v=20 e=0000 i=0 cpl=0 IP=0038:000000007f6b318b pc=000000007f6b318b SP=0030:000000007fe69c20 env->regs[R_EAX]=0000000000000000
RAX=0000000000000000 RBX=000000007fe69ca4 RCX=000000007eb60360 RDX=0000005800000000
RSI=000000007fe69ca4 RDI=000000007f6b3000 RBP=000000007fe69c60 RSP=000000007fe69c20
R8 =0000000000000004 R9 =000000007f596677 R10=000000007f596630 R11=0000000000000004
R12=0000000000000000 R13=000000007f4052b0 R14=0000000000000000 R15=000000007fe918b0
RIP=000000007f6b318b RFL=00000206 [-----P-] CPL=0 II=0 A20=1 SMM=0 HLT=0
ES =0030 0000000000000000 ffffffff 00cf9300 DPL=0 DS   [-WA]
CS =0038 0000000000000000 ffffffff 00af9a00 DPL=0 CS64 [-R-]
SS =0030 0000000000000000 ffffffff 00cf9300 DPL=0 DS   [-WA]
DS =0030 0000000000000000 ffffffff 00cf9300 DPL=0 DS   [-WA]
FS =0030 0000000000000000 ffffffff 00cf9300 DPL=0 DS   [-WA]
GS =0030 0000000000000000 ffffffff 00cf9300 DPL=0 DS   [-WA]
LDT=0000 0000000000000000 0000ffff 00008200 DPL=0 LDT
TR =0048 000000007f5da058 00000067 00008900 DPL=0 TSS64-avl
GDT=     000000007f5da000 00000057
IDT=     000000007bb7af58 00000fff
CR0=80010033 CR2=0000000000000000 CR3=000000007f801000 CR4=00000668
DR0=0000000000000000 DR1=0000000000000000 DR2=0000000000000000 DR3=0000000000000000 
DR6=00000000ffff0ff0 DR7=0000000000000400
CCS=0000000000000004 CCD=000000007fe69bd8 CCO=EFLAGS
EFER=0000000000000d00
Servicing hardware INT=0x20
    17: v=20 e=0000 i=0 cpl=0 IP=0038:000000007ea31e34 pc=000000007ea31e34 SP=0030:000000007fe69c70 env->regs[R_EAX]=0000000000000000
RAX=0000000000000000 RBX=000000007f5ec018 RCX=000000007eb60360 RDX=00000000000008b8
RSI=0000000000000000 RDI=000000007eac7798 RBP=000000007fe69cd0 RSP=000000007fe69c70
R8 =000000007ea34658 R9 =000000007eac6018 R10=0000000000000000 R11=000000007eb46080
R12=000000007ea34550 R13=000000007f403e30 R14=0000000000000000 R15=000000007fe918b0
RIP=000000007ea31e34 RFL=00000202 [-------] CPL=0 II=0 A20=1 SMM=0 HLT=0
ES =0030 0000000000000000 ffffffff 00cf9300 DPL=0 DS   [-WA]
CS =0038 0000000000000000 ffffffff 00af9a00 DPL=0 CS64 [-R-]
SS =0030 0000000000000000 ffffffff 00cf9300 DPL=0 DS   [-WA]
DS =0030 0000000000000000 ffffffff 00cf9300 DPL=0 DS   [-WA]
FS =0030 0000000000000000 ffffffff 00cf9300 DPL=0 DS   [-WA]
GS =0030 0000000000000000 ffffffff 00cf9300 DPL=0 DS   [-WA]
LDT=0000 0000000000000000 0000ffff 00008200 DPL=0 LDT
TR =0048 000000007f5da058 00000067 00008900 DPL=0 TSS64-avl
GDT=     000000007f5da000 00000057
IDT=     000000007bb7af58 00000fff
CR0=80010033 CR2=0000000000000000 CR3=000000007f801000 CR4=00000668
DR0=0000000000000000 DR1=0000000000000000 DR2=0000000000000000 DR3=0000000000000000 
DR6=00000000ffff0ff0 DR7=0000000000000400
CCS=0000000000000000 CCD=000000007f6e3040 CCO=EFLAGS
EFER=0000000000000d00
Servicing hardware INT=0x20
    18: v=20 e=0000 i=0 cpl=0 IP=0038:000000007ea19cf4 pc=000000007ea19cf4 SP=0030:000000007fe69c30 env->regs[R_EAX]=000000007ea9df98
RAX=000000007ea9df98 RBX=000000007f5ec018 RCX=000000007eb60360 RDX=0000000030646870
RSI=000000007ea1d450 RDI=000000007f5ec018 RBP=000000007fe69cd0 RSP=000000007fe69c30
R8 =00000000000000af R9 =0000000000000928 R10=0000000000000000 R11=0000000000000000
R12=000000007ea9ed18 R13=0000000000000030 R14=000000007ea1c0b0 R15=000000007fe918b0
RIP=000000007ea19cf4 RFL=00000206 [-----P-] CPL=0 II=0 A20=1 SMM=0 HLT=0
ES =0030 0000000000000000 ffffffff 00cf9300 DPL=0 DS   [-WA]
CS =0038 0000000000000000 ffffffff 00af9a00 DPL=0 CS64 [-R-]
SS =0030 0000000000000000 ffffffff 00cf9300 DPL=0 DS   [-WA]
DS =0030 0000000000000000 ffffffff 00cf9300 DPL=0 DS   [-WA]
FS =0030 0000000000000000 ffffffff 00cf9300 DPL=0 DS   [-WA]
GS =0030 0000000000000000 ffffffff 00cf9300 DPL=0 DS   [-WA]
LDT=0000 0000000000000000 0000ffff 00008200 DPL=0 LDT
TR =0048 000000007f5da058 00000067 00008900 DPL=0 TSS64-avl
GDT=     000000007f5da000 00000057
IDT=     000000007bb7af58 00000fff
CR0=80010033 CR2=0000000000000000 CR3=000000007f801000 CR4=00000668
DR0=0000000000000000 DR1=0000000000000000 DR2=0000000000000000 DR3=0000000000000000 
DR6=00000000ffff0ff0 DR7=0000000000000400
CCS=0000000000000004 CCD=000000007fe69bf0 CCO=EFLAGS
EFER=0000000000000d00
Servicing hardware INT=0x20
    19: v=20 e=0000 i=0 cpl=0 IP=0038:000000007eb11327 pc=000000007eb11327 SP=0030:000000007fe69a18 env->regs[R_EAX]=800000000000006f
RAX=800000000000006f RBX=000000000000001e RCX=000000007ea7a2d9 RDX=000000007fe69bc8
RSI=000000007ea7a2bd RDI=000000007ea7c798 RBP=000000007fe69a70 RSP=000000007fe69a18
R8 =000000007fe69ab8 R9 =000000007fe69ab0 R10=000000007ea7aa98 R11=0000000000000000
R12=000000007fe69bc8 R13=000000007ea7a2bd R14=000000007ea7c798 R15=000000007ea7a2bb
RIP=000000007eb11327 RFL=00000202 [-------] CPL=0 II=0 A20=1 SMM=0 HLT=0
ES =0030 0000000000000000 ffffffff 00cf9300 DPL=0 DS   [-WA]
CS =0038 0000000000000000 ffffffff 00af9a00 DPL=0 CS64 [-R-]
SS =0030 0000000000000000 ffffffff 00cf9300 DPL=0 DS   [-WA]
DS =0030 0000000000000000 ffffffff 00cf9300 DPL=0 DS   [-WA]
FS =0030 0000000000000000 ffffffff 00cf9300 DPL=0 DS   [-WA]
GS =0030 0000000000000000 ffffffff 00cf9300 DPL=0 DS   [-WA]
LDT=0000 0000000000000000 0000ffff 00008200 DPL=0 LDT
TR =0048 000000007f5da058 00000067 00008900 DPL=0 TSS64-avl
GDT=     000000007f5da000 00000057
IDT=     000000007bb7af58 00000fff
CR0=80010033 CR2=0000000000000000 CR3=000000007f801000 CR4=00000668
DR0=0000000000000000 DR1=0000000000000000 DR2=0000000000000000 DR3=0000000000000000 
DR6=00000000ffff0ff0 DR7=0000000000000400
CCS=0000000000000000 CCD=000000007fe69a20 CCO=EFLAGS
EFER=0000000000000d00
Servicing hardware INT=0x20
    20: v=20 e=0000 i=0 cpl=0 IP=0038:000000007fe6e3f4 pc=000000007fe6e3f4 SP=0030:000000007fe69818 env->regs[R_EAX]=000000007fe92180
RAX=000000007fe92180 RBX=0000000000000000 RCX=000000007ea73c98 RDX=000000007eb46150
RSI=000000007ea73c98 RDI=000000007eb46080 RBP=000000007fe69880 RSP=000000007fe69818
R8 =0000000000000000 R9 =000000007eb6aa18 R10=0000000000000001 R11=000000007eb46080
R12=000000007ea66118 R13=0000000000000001 R14=000000007eb46080 R15=0000000000000000
RIP=000000007fe6e3f4 RFL=00000202 [-------] CPL=0 II=0 A20=1 SMM=0 HLT=0
ES =0030 0000000000000000 ffffffff 00cf9300 DPL=0 DS   [-WA]
CS =0038 0000000000000000 ffffffff 00af9a00 DPL=0 CS64 [-R-]
SS =0030 0000000000000000 ffffffff 00cf9300 DPL=0 DS   [-WA]
DS =0030 0000000000000000 ffffffff 00cf9300 DPL=0 DS   [-WA]
FS =0030 0000000000000000 ffffffff 00cf9300 DPL=0 DS   [-WA]
GS =0030 0000000000000000 ffffffff 00cf9300 DPL=0 DS   [-WA]
LDT=0000 0000000000000000 0000ffff 00008200 DPL=0 LDT
TR =0048 000000007f5da058 00000067 00008900 DPL=0 TSS64-avl
GDT=     000000007f5da000 00000057
IDT=     000000007bb7af58 00000fff
CR0=80010033 CR2=0000000000000000 CR3=000000007f801000 CR4=00000668
DR0=0000000000000000 DR1=0000000000000000 DR2=0000000000000000 DR3=0000000000000000 
DR6=00000000ffff0ff0 DR7=0000000000000400
CCS=0000000000000000 CCD=000000007fe69820 CCO=EFLAGS
EFER=0000000000000d00
Servicing hardware INT=0x20
    21: v=20 e=0000 i=0 cpl=0 IP=0038:000000007fe7d270 pc=000000007fe7d270 SP=0030:000000007fe69710 env->regs[R_EAX]=000000007ea65098
RAX=000000007ea65098 RBX=000000007ea37e18 RCX=000000007ea37e18 RDX=000000007ea65098
RSI=000000007ea37e18 RDI=000000007ea650a0 RBP=000000007fe69750 RSP=000000007fe69710
R8 =0000000000000050 R9 =000000007ea37e18 R10=000000007fe691c0 R11=000000007e7b2160
R12=000000007ea65098 R13=000000007ea37e18 R14=0000000000001000 R15=000000007ea06000
RIP=000000007fe7d270 RFL=00000206 [-----P-] CPL=0 II=0 A20=1 SMM=0 HLT=0
ES =0030 0000000000000000 ffffffff 00cf9300 DPL=0 DS   [-WA]
CS =0038 0000000000000000 ffffffff 00af9a00 DPL=0 CS64 [-R-]
SS =0030 0000000000000000 ffffffff 00cf9300 DPL=0 DS   [-WA]
DS =0030 0000000000000000 ffffffff 00cf9300 DPL=0 DS   [-WA]
FS =0030 0000000000000000 ffffffff 00cf9300 DPL=0 DS   [-WA]
GS =0030 0000000000000000 ffffffff 00cf9300 DPL=0 DS   [-WA]
LDT=0000 0000000000000000 0000ffff 00008200 DPL=0 LDT
TR =0048 000000007f5da058 00000067 00008900 DPL=0 TSS64-avl
GDT=     000000007f5da000 00000057
IDT=     000000007bb7af58 00000fff
CR0=80010033 CR2=0000000000000000 CR3=000000007f801000 CR4=00000668
DR0=0000000000000000 DR1=0000000000000000 DR2=0000000000000000 DR3=0000000000000000 
DR6=00000000ffff0ff0 DR7=0000000000000400
CCS=0000000000000004 CCD=0000000000000050 CCO=EFLAGS
EFER=0000000000000d00
Servicing hardware INT=0x20
    22: v=20 e=0000 i=0 cpl=0 IP=0038:000000007fe8a41c pc=000000007fe8a41c SP=0030:000000007fe695a0 env->regs[R_EAX]=00000000000000af
RAX=00000000000000af RBX=000000007ea3a000 RCX=0000000000000000 RDX=000000007ea3a000
RSI=000000007fe92d20 RDI=000000007ea3d000 RBP=000000007fe69630 RSP=000000007fe695a0
R8 =00000000000000af R9 =000000007ea3cfff R10=0000000000000000 R11=000000007e7b2160
R12=000000007ea3cfff R13=0000000000000007 R14=000000000002600f R15=000000007eac9100
RIP=000000007fe8a41c RFL=00000206 [-----P-] CPL=0 II=0 A20=1 SMM=0 HLT=0
ES =0030 0000000000000000 ffffffff 00cf9300 DPL=0 DS   [-WA]
CS =0038 0000000000000000 ffffffff 00af9a00 DPL=0 CS64 [-R-]
SS =0030 0000000000000000 ffffffff 00cf9300 DPL=0 DS   [-WA]
DS =0030 0000000000000000 ffffffff 00cf9300 DPL=0 DS   [-WA]
FS =0030 0000000000000000 ffffffff 00cf9300 DPL=0 DS   [-WA]
GS =0030 0000000000000000 ffffffff 00cf9300 DPL=0 DS   [-WA]
LDT=0000 0000000000000000 0000ffff 00008200 DPL=0 LDT
TR =0048 000000007f5da058 00000067 00008900 DPL=0 TSS64-avl
GDT=     000000007f5da000 00000057
IDT=     000000007bb7af58 00000fff
CR0=80010033 CR2=0000000000000000 CR3=000000007f801000 CR4=00000668
DR0=0000000000000000 DR1=0000000000000000 DR2=0000000000000000 DR3=0000000000000000 
DR6=00000000ffff0ff0 DR7=0000000000000400
CCS=0000000000000004 CCD=000000007fe69588 CCO=EFLAGS
EFER=0000000000000d00
Servicing hardware INT=0x20
    23: v=20 e=0000 i=0 cpl=0 IP=0038:000000007fe7cdec pc=000000007fe7cdec SP=0030:000000007fe69a20 env->regs[R_EAX]=9a6108b174b90584
RAX=9a6108b174b90584 RBX=000000007e771110 RCX=000000007f4d86b8 RDX=000000007e771110
RSI=000000007f4d86b0 RDI=44136bdb220e73b6 RBP=000000007fe69a60 RSP=000000007fe69a20
R8 =000000007e771110 R9 =000000007e771150 R10=0000000000000000 R11=0000000000000004
R12=11d269c7387477c2 R13=000000007fe910e0 R14=000000007f4d8698 R15=000000007fe8b9ce
RIP=000000007fe7cdec RFL=00000202 [-------] CPL=0 II=0 A20=1 SMM=0 HLT=0
ES =0030 0000000000000000 ffffffff 00cf9300 DPL=0 DS   [-WA]
CS =0038 0000000000000000 ffffffff 00af9a00 DPL=0 CS64 [-R-]
SS =0030 0000000000000000 ffffffff 00cf9300 DPL=0 DS   [-WA]
DS =0030 0000000000000000 ffffffff 00cf9300 DPL=0 DS   [-WA]
FS =0030 0000000000000000 ffffffff 00cf9300 DPL=0 DS   [-WA]
GS =0030 0000000000000000 ffffffff 00cf9300 DPL=0 DS   [-WA]
LDT=0000 0000000000000000 0000ffff 00008200 DPL=0 LDT
TR =0048 000000007f5da058 00000067 00008900 DPL=0 TSS64-avl
GDT=     000000007f5da000 00000057
IDT=     000000007bb7af58 00000fff
CR0=80010033 CR2=0000000000000000 CR3=000000007f801000 CR4=00000668
DR0=0000000000000000 DR1=0000000000000000 DR2=0000000000000000 DR3=0000000000000000 
DR6=00000000ffff0ff0 DR7=0000000000000400
CCS=0000000000000000 CCD=000000007fe69a08 CCO=EFLAGS
EFER=0000000000000d00
Servicing hardware INT=0x20
    24: v=20 e=0000 i=0 cpl=0 IP=0038:000000007fe6dbc8 pc=000000007fe6dbc8 SP=0030:000000007fe69888 env->regs[R_EAX]=000000007ea04118
RAX=000000007ea04118 RBX=0000000000000000 RCX=000000007fe91130 RDX=0000000000000000
RSI=0000000000000000 RDI=000000007fe910f0 RBP=000000007fe69970 RSP=000000007fe69888
R8 =000000007fe698f0 R9 =000000007ea04118 R10=0000000000000000 R11=0000000000000000
R12=000000007ea04118 R13=0000000000000011 R14=000000007ea04bc0 R15=000000007ea04b98
RIP=000000007fe6dbc8 RFL=00000246 [---Z-P-] CPL=0 II=0 A20=1 SMM=0 HLT=0
ES =0030 0000000000000000 ffffffff 00cf9300 DPL=0 DS   [-WA]
CS =0038 0000000000000000 ffffffff 00af9a00 DPL=0 CS64 [-R-]
SS =0030 0000000000000000 ffffffff 00cf9300 DPL=0 DS   [-WA]
DS =0030 0000000000000000 ffffffff 00cf9300 DPL=0 DS   [-WA]
FS =0030 0000000000000000 ffffffff 00cf9300 DPL=0 DS   [-WA]
GS =0030 0000000000000000 ffffffff 00cf9300 DPL=0 DS   [-WA]
LDT=0000 0000000000000000 0000ffff 00008200 DPL=0 LDT
TR =0048 000000007f5da058 00000067 00008900 DPL=0 TSS64-avl
GDT=     000000007f5da000 00000057
IDT=     000000007bb7af58 00000fff
CR0=80010033 CR2=0000000000000000 CR3=000000007f801000 CR4=00000668
DR0=0000000000000000 DR1=0000000000000000 DR2=0000000000000000 DR3=0000000000000000 
DR6=00000000ffff0ff0 DR7=0000000000000400
CCS=0000000000000044 CCD=0000000000000000 CCO=EFLAGS
EFER=0000000000000d00
Servicing hardware INT=0x20
    25: v=20 e=0000 i=0 cpl=0 IP=0038:000000007fe8a41c pc=000000007fe8a41c SP=0030:000000007fe69af0 env->regs[R_EAX]=00000000000000af
RAX=00000000000000af RBX=000000007e74a000 RCX=0000000000000000 RDX=000000007e74a000
RSI=000000007fe92d20 RDI=000000007e752000 RBP=000000007fe69b80 RSP=000000007fe69af0
R8 =00000000000000af R9 =000000007e751fff R10=0000000000000000 R11=0000000000000000
R12=000000007e751fff R13=0000000000000007 R14=000000000002600f R15=000000007eac9e80
RIP=000000007fe8a41c RFL=00000206 [-----P-] CPL=0 II=0 A20=1 SMM=0 HLT=0
ES =0030 0000000000000000 ffffffff 00cf9300 DPL=0 DS   [-WA]
CS =0038 0000000000000000 ffffffff 00af9a00 DPL=0 CS64 [-R-]
SS =0030 0000000000000000 ffffffff 00cf9300 DPL=0 DS   [-WA]
DS =0030 0000000000000000 ffffffff 00cf9300 DPL=0 DS   [-WA]
FS =0030 0000000000000000 ffffffff 00cf9300 DPL=0 DS   [-WA]
GS =0030 0000000000000000 ffffffff 00cf9300 DPL=0 DS   [-WA]
LDT=0000 0000000000000000 0000ffff 00008200 DPL=0 LDT
TR =0048 000000007f5da058 00000067 00008900 DPL=0 TSS64-avl
GDT=     000000007f5da000 00000057
IDT=     000000007bb7af58 00000fff
CR0=80010033 CR2=0000000000000000 CR3=000000007f801000 CR4=00000668
DR0=0000000000000000 DR1=0000000000000000 DR2=0000000000000000 DR3=0000000000000000 
DR6=00000000ffff0ff0 DR7=0000000000000400
CCS=0000000000000004 CCD=000000007fe69ad8 CCO=EFLAGS
EFER=0000000000000d00
Servicing hardware INT=0x20
    26: v=20 e=0000 i=0 cpl=0 IP=0038:000000007fe8a41c pc=000000007fe8a41c SP=0030:000000007fe698b0 env->regs[R_EAX]=00000000000000af
RAX=00000000000000af RBX=000000007fe93260 RCX=0000000000000000 RDX=000000007e75f000
RSI=0000000030646870 RDI=000000007e768028 RBP=000000007fe69930 RSP=000000007fe698b0
R8 =00000000000000af R9 =0000000000009000 R10=0000000000000000 R11=000000007e750060
R12=0000000000009028 R13=000000007e75f000 R14=000000000000000c R15=000000007e75f018
RIP=000000007fe8a41c RFL=00000202 [-------] CPL=0 II=0 A20=1 SMM=0 HLT=0
ES =0030 0000000000000000 ffffffff 00cf9300 DPL=0 DS   [-WA]
CS =0038 0000000000000000 ffffffff 00af9a00 DPL=0 CS64 [-R-]
SS =0030 0000000000000000 ffffffff 00cf9300 DPL=0 DS   [-WA]
DS =0030 0000000000000000 ffffffff 00cf9300 DPL=0 DS   [-WA]
FS =0030 0000000000000000 ffffffff 00cf9300 DPL=0 DS   [-WA]
GS =0030 0000000000000000 ffffffff 00cf9300 DPL=0 DS   [-WA]
LDT=0000 0000000000000000 0000ffff 00008200 DPL=0 LDT
TR =0048 000000007f5da058 00000067 00008900 DPL=0 TSS64-avl
GDT=     000000007f5da000 00000057
IDT=     000000007bb7af58 00000fff
CR0=80010033 CR2=0000000000000000 CR3=000000007f801000 CR4=00000668
DR0=0000000000000000 DR1=0000000000000000 DR2=0000000000000000 DR3=0000000000000000 
DR6=00000000ffff0ff0 DR7=0000000000000400
CCS=0000000000000000 CCD=000000007fe69898 CCO=EFLAGS
EFER=0000000000000d00
Servicing hardware INT=0x20
    27: v=20 e=0000 i=0 cpl=0 IP=0038:000000007fe7cbe2 pc=000000007fe7cbe2 SP=0030:000000007fe69678 env->regs[R_EAX]=000000007ea01188
RAX=000000007ea01188 RBX=000000007fe93260 RCX=000000007ea01188 RDX=000000007fe90170
RSI=0000000000000000 RDI=0000000000001000 RBP=000000007fe69700 RSP=000000007fe69678
R8 =000000007fe697d8 R9 =000000007fe69910 R10=0000000000000000 R11=0000000000000000
R12=00000000000000d0 R13=0000000000000001 R14=000000007fe93270 R15=000000007ea01180
RIP=000000007fe7cbe2 RFL=00000202 [-------] CPL=0 II=0 A20=1 SMM=0 HLT=0
ES =0030 0000000000000000 ffffffff 00cf9300 DPL=0 DS   [-WA]
CS =0038 0000000000000000 ffffffff 00af9a00 DPL=0 CS64 [-R-]
SS =0030 0000000000000000 ffffffff 00cf9300 DPL=0 DS   [-WA]
DS =0030 0000000000000000 ffffffff 00cf9300 DPL=0 DS   [-WA]
FS =0030 0000000000000000 ffffffff 00cf9300 DPL=0 DS   [-WA]
GS =0030 0000000000000000 ffffffff 00cf9300 DPL=0 DS   [-WA]
LDT=0000 0000000000000000 0000ffff 00008200 DPL=0 LDT
TR =0048 000000007f5da058 00000067 00008900 DPL=0 TSS64-avl
GDT=     000000007f5da000 00000057
IDT=     000000007bb7af58 00000fff
CR0=80010033 CR2=0000000000000000 CR3=000000007f801000 CR4=00000668
DR0=0000000000000000 DR1=0000000000000000 DR2=0000000000000000 DR3=0000000000000000 
DR6=00000000ffff0ff0 DR7=0000000000000400
CCS=0000000000000000 CCD=000000007fe69680 CCO=EFLAGS
EFER=0000000000000d00
Servicing hardware INT=0x20
    28: v=20 e=0000 i=0 cpl=0 IP=0038:000000007fe7cdb9 pc=000000007fe7cdb9 SP=0030:000000007fe697b8 env->regs[R_EAX]=00000000a404f800
RAX=00000000a404f800 RBX=000000007eb35920 RCX=000000007eb35930 RDX=000000007fe91120
RSI=0000000000000000 RDI=000000007fe91120 RBP=000000007fe69820 RSP=000000007fe697b8
R8 =000000007fe69920 R9 =000000007e7ca398 R10=0000000000000000 R11=0000000000000000
R12=0000000000000000 R13=000000007fe910e0 R14=000000007eb35918 R15=000000007fe8b9ce
RIP=000000007fe7cdb9 RFL=00000206 [-----P-] CPL=0 II=0 A20=1 SMM=0 HLT=0
ES =0030 0000000000000000 ffffffff 00cf9300 DPL=0 DS   [-WA]
CS =0038 0000000000000000 ffffffff 00af9a00 DPL=0 CS64 [-R-]
SS =0030 0000000000000000 ffffffff 00cf9300 DPL=0 DS   [-WA]
DS =0030 0000000000000000 ffffffff 00cf9300 DPL=0 DS   [-WA]
FS =0030 0000000000000000 ffffffff 00cf9300 DPL=0 DS   [-WA]
GS =0030 0000000000000000 ffffffff 00cf9300 DPL=0 DS   [-WA]
LDT=0000 0000000000000000 0000ffff 00008200 DPL=0 LDT
TR =0048 000000007f5da058 00000067 00008900 DPL=0 TSS64-avl
GDT=     000000007f5da000 00000057
IDT=     000000007bb7af58 00000fff
CR0=80010033 CR2=0000000000000000 CR3=000000007f801000 CR4=00000668
DR0=0000000000000000 DR1=0000000000000000 DR2=0000000000000000 DR3=0000000000000000 
DR6=00000000ffff0ff0 DR7=0000000000000400
CCS=0000000000000004 CCD=000000007fe697c0 CCO=EFLAGS
EFER=0000000000000d00
Servicing hardware INT=0x20
    29: v=20 e=0000 i=0 cpl=0 IP=0038:000000007e6ea0d4 pc=000000007e6ea0d4 SP=0030:000000007fe69c20 env->regs[R_EAX]=0000000001800004
RAX=0000000001800004 RBX=000000007f4e1570 RCX=000000007eb60360 RDX=0000000000000d9b
RSI=000000007e6ec040 RDI=000000007e774418 RBP=000000007fe69cd0 RSP=000000007fe69c20
R8 =000000007e6ec1e8 R9 =000000007e773018 R10=0000000000000000 R11=000000007e707200
R12=000000007e774b18 R13=000000007f5ec018 R14=0000000000000000 R15=000000007fe918b0
RIP=000000007e6ea0d4 RFL=00000246 [---Z-P-] CPL=0 II=0 A20=1 SMM=0 HLT=0
ES =0030 0000000000000000 ffffffff 00cf9300 DPL=0 DS   [-WA]
CS =0038 0000000000000000 ffffffff 00af9a00 DPL=0 CS64 [-R-]
SS =0030 0000000000000000 ffffffff 00cf9300 DPL=0 DS   [-WA]
DS =0030 0000000000000000 ffffffff 00cf9300 DPL=0 DS   [-WA]
FS =0030 0000000000000000 ffffffff 00cf9300 DPL=0 DS   [-WA]
GS =0030 0000000000000000 ffffffff 00cf9300 DPL=0 DS   [-WA]
LDT=0000 0000000000000000 0000ffff 00008200 DPL=0 LDT
TR =0048 000000007f5da058 00000067 00008900 DPL=0 TSS64-avl
GDT=     000000007f5da000 00000057
IDT=     000000007bb7af58 00000fff
CR0=80010033 CR2=0000000000000000 CR3=000000007f801000 CR4=00000668
DR0=0000000000000000 DR1=0000000000000000 DR2=0000000000000000 DR3=0000000000000000 
DR6=00000000ffff0ff0 DR7=0000000000000400
CCS=0000000000000044 CCD=0000000001800000 CCO=EFLAGS
EFER=0000000000000d00
Servicing hardware INT=0x20
    30: v=20 e=0000 i=0 cpl=0 IP=0038:000000007fe6b049 pc=000000007fe6b049 SP=0030:000000007fe69a58 env->regs[R_EAX]=000000007ea36998
RAX=000000007ea36998 RBX=000000007ea36998 RCX=000000007ea36e18 RDX=000000007ea36e18
RSI=000000007f4ec018 RDI=000000007ea36e18 RBP=000000007fe69aa0 RSP=000000007fe69a58
R8 =000000007fe69ba8 R9 =000000007ea36e18 R10=000000000000001e R11=000000007e771680
R12=000000007ea36e18 R13=000000007fe69ba8 R14=000000007e77b0a0 R15=000000007e77c800
RIP=000000007fe6b049 RFL=00000202 [-------] CPL=0 II=0 A20=1 SMM=0 HLT=0
ES =0030 0000000000000000 ffffffff 00cf9300 DPL=0 DS   [-WA]
CS =0038 0000000000000000 ffffffff 00af9a00 DPL=0 CS64 [-R-]
SS =0030 0000000000000000 ffffffff 00cf9300 DPL=0 DS   [-WA]
DS =0030 0000000000000000 ffffffff 00cf9300 DPL=0 DS   [-WA]
FS =0030 0000000000000000 ffffffff 00cf9300 DPL=0 DS   [-WA]
GS =0030 0000000000000000 ffffffff 00cf9300 DPL=0 DS   [-WA]
LDT=0000 0000000000000000 0000ffff 00008200 DPL=0 LDT
TR =0048 000000007f5da058 00000067 00008900 DPL=0 TSS64-avl
GDT=     000000007f5da000 00000057
IDT=     000000007bb7af58 00000fff
CR0=80010033 CR2=0000000000000000 CR3=000000007f801000 CR4=00000668
DR0=0000000000000000 DR1=0000000000000000 DR2=0000000000000000 DR3=0000000000000000 
DR6=00000000ffff0ff0 DR7=0000000000000400
CCS=0000000000000000 CCD=000000007ea36998 CCO=EFLAGS
EFER=0000000000000d00
Servicing hardware INT=0x20
    31: v=20 e=0000 i=0 cpl=0 IP=0038:000000007e6a2584 pc=000000007e6a2584 SP=0030:000000007fe69a30 env->regs[R_EAX]=4c24ae569b3ada4f
RAX=4c24ae569b3ada4f RBX=000000007e6a7108 RCX=000000007e6a7108 RDX=000000007f4e1c08
RSI=000000007e6a7100 RDI=11eedc09a291ce0e RBP=000000007fe69a60 RSP=000000007fe69a30
R8 =0000000000000002 R9 =000000007f4e2a8f R10=0000000000000000 R11=000000007e771600
R12=4c24ae569b3ada4f R13=000000002f632300 R14=0000000000000200 R15=000000007e6a6e60
RIP=000000007e6a2584 RFL=00000202 [-------] CPL=0 II=0 A20=1 SMM=0 HLT=0
ES =0030 0000000000000000 ffffffff 00cf9300 DPL=0 DS   [-WA]
CS =0038 0000000000000000 ffffffff 00af9a00 DPL=0 CS64 [-R-]
SS =0030 0000000000000000 ffffffff 00cf9300 DPL=0 DS   [-WA]
DS =0030 0000000000000000 ffffffff 00cf9300 DPL=0 DS   [-WA]
FS =0030 0000000000000000 ffffffff 00cf9300 DPL=0 DS   [-WA]
GS =0030 0000000000000000 ffffffff 00cf9300 DPL=0 DS   [-WA]
LDT=0000 0000000000000000 0000ffff 00008200 DPL=0 LDT
TR =0048 000000007f5da058 00000067 00008900 DPL=0 TSS64-avl
GDT=     000000007f5da000 00000057
IDT=     000000007bb7af58 00000fff
CR0=80010033 CR2=0000000000000000 CR3=000000007f801000 CR4=00000668
DR0=0000000000000000 DR1=0000000000000000 DR2=0000000000000000 DR3=0000000000000000 
DR6=00000000ffff0ff0 DR7=0000000000000400
CCS=0000000000000000 CCD=000000007e6a7108 CCO=EFLAGS
EFER=0000000000000d00
Servicing hardware INT=0x20
    32: v=20 e=0000 i=0 cpl=0 IP=0038:000000007fe7cdb9 pc=000000007fe7cdb9 SP=0030:000000007fe697b8 env->regs[R_EAX]=00000000a404f800
RAX=00000000a404f800 RBX=000000007ea38fa0 RCX=000000007ea38fb0 RDX=000000007fe91120
RSI=0000000000000000 RDI=000000007fe91120 RBP=000000007fe69820 RSP=000000007fe697b8
R8 =000000007fe69920 R9 =000000007e765398 R10=0000000000000000 R11=0000000000000000
R12=0000000000000000 R13=000000007fe910e0 R14=000000007ea38f98 R15=000000007fe8b9ce
RIP=000000007fe7cdb9 RFL=00000206 [-----P-] CPL=0 II=0 A20=1 SMM=0 HLT=0
ES =0030 0000000000000000 ffffffff 00cf9300 DPL=0 DS   [-WA]
CS =0038 0000000000000000 ffffffff 00af9a00 DPL=0 CS64 [-R-]
SS =0030 0000000000000000 ffffffff 00cf9300 DPL=0 DS   [-WA]
DS =0030 0000000000000000 ffffffff 00cf9300 DPL=0 DS   [-WA]
FS =0030 0000000000000000 ffffffff 00cf9300 DPL=0 DS   [-WA]
GS =0030 0000000000000000 ffffffff 00cf9300 DPL=0 DS   [-WA]
LDT=0000 0000000000000000 0000ffff 00008200 DPL=0 LDT
TR =0048 000000007f5da058 00000067 00008900 DPL=0 TSS64-avl
GDT=     000000007f5da000 00000057
IDT=     000000007bb7af58 00000fff
CR0=80010033 CR2=0000000000000000 CR3=000000007f801000 CR4=00000668
DR0=0000000000000000 DR1=0000000000000000 DR2=0000000000000000 DR3=0000000000000000 
DR6=00000000ffff0ff0 DR7=0000000000000400
CCS=0000000000000004 CCD=000000007fe697c0 CCO=EFLAGS
EFER=0000000000000d00
Servicing hardware INT=0x20
    33: v=20 e=0000 i=0 cpl=0 IP=0038:000000007fe7cdec pc=000000007fe7cdec SP=0030:000000007fe69a20 env->regs[R_EAX]=395811a9bfd1ffb9
RAX=395811a9bfd1ffb9 RBX=000000007fe91140 RCX=000000007f4eba38 RDX=000000007fe91140
RSI=000000007f4eba30 RDI=49f14617a46423e3 RBP=000000007fe69a60 RSP=000000007fe69a20
R8 =000000007e763c18 R9 =000000007e763c18 R10=0000000000000000 R11=000000007e6620a0
R12=4d1ab44318a031ab R13=000000007fe910e0 R14=000000007f4eba18 R15=000000007fe8b9ce
RIP=000000007fe7cdec RFL=00000202 [-------] CPL=0 II=0 A20=1 SMM=0 HLT=0
ES =0030 0000000000000000 ffffffff 00cf9300 DPL=0 DS   [-WA]
CS =0038 0000000000000000 ffffffff 00af9a00 DPL=0 CS64 [-R-]
SS =0030 0000000000000000 ffffffff 00cf9300 DPL=0 DS   [-WA]
DS =0030 0000000000000000 ffffffff 00cf9300 DPL=0 DS   [-WA]
FS =0030 0000000000000000 ffffffff 00cf9300 DPL=0 DS   [-WA]
GS =0030 0000000000000000 ffffffff 00cf9300 DPL=0 DS   [-WA]
LDT=0000 0000000000000000 0000ffff 00008200 DPL=0 LDT
TR =0048 000000007f5da058 00000067 00008900 DPL=0 TSS64-avl
GDT=     000000007f5da000 00000057
IDT=     000000007bb7af58 00000fff
CR0=80010033 CR2=0000000000000000 CR3=000000007f801000 CR4=00000668
DR0=0000000000000000 DR1=0000000000000000 DR2=0000000000000000 DR3=0000000000000000 
DR6=00000000ffff0ff0 DR7=0000000000000400
CCS=0000000000000000 CCD=000000007fe69a08 CCO=EFLAGS
EFER=0000000000000d00
Servicing hardware INT=0x20
    34: v=20 e=0000 i=0 cpl=0 IP=0038:000000007fe6b456 pc=000000007fe6b456 SP=0030:000000007fe69868 env->regs[R_EAX]=0000000000000004
RAX=0000000000000004 RBX=000000007e697000 RCX=000000007fe69890 RDX=000000007fe69898
RSI=0000000000000001 RDI=000000007e697000 RBP=000000007fe698d0 RSP=000000007fe69868
R8 =000000007fe91180 R9 =0000000000004000 R10=0000000000000000 R11=000000007e7dd080
R12=000000007fe69928 R13=8000000000000002 R14=000000007e762348 R15=000000007e699000
RIP=000000007fe6b456 RFL=00000206 [-----P-] CPL=0 II=0 A20=1 SMM=0 HLT=0
ES =0030 0000000000000000 ffffffff 00cf9300 DPL=0 DS   [-WA]
CS =0038 0000000000000000 ffffffff 00af9a00 DPL=0 CS64 [-R-]
SS =0030 0000000000000000 ffffffff 00cf9300 DPL=0 DS   [-WA]
DS =0030 0000000000000000 ffffffff 00cf9300 DPL=0 DS   [-WA]
FS =0030 0000000000000000 ffffffff 00cf9300 DPL=0 DS   [-WA]
GS =0030 0000000000000000 ffffffff 00cf9300 DPL=0 DS   [-WA]
LDT=0000 0000000000000000 0000ffff 00008200 DPL=0 LDT
TR =0048 000000007f5da058 00000067 00008900 DPL=0 TSS64-avl
GDT=     000000007f5da000 00000057
IDT=     000000007bb7af58 00000fff
CR0=80010033 CR2=0000000000000000 CR3=000000007f801000 CR4=00000668
DR0=0000000000000000 DR1=0000000000000000 DR2=0000000000000000 DR3=0000000000000000 
DR6=00000000ffff0ff0 DR7=0000000000000400
CCS=0000000000000004 CCD=000000007fe69850 CCO=EFLAGS
EFER=0000000000000d00
Servicing hardware INT=0x20
    35: v=20 e=0000 i=0 cpl=0 IP=0038:000000007fe6b81b pc=000000007fe6b81b SP=0030:000000007fe69d68 env->regs[R_EAX]=0000000000000000
RAX=0000000000000000 RBX=000000007efe9e18 RCX=0000000000000000 RDX=000000007f4ecb18
RSI=000000007fe918a0 RDI=000000007fe918c0 RBP=000000007fe69e20 RSP=000000007fe69d68
R8 =000000007efe9b98 R9 =0000000000000000 R10=000000000000002c R11=000000007e783120
R12=0000000000000000 R13=000000007efe9e30 R14=0000000000000000 R15=000000007fe918b0
RIP=000000007fe6b81b RFL=00000246 [---Z-P-] CPL=0 II=0 A20=1 SMM=0 HLT=0
ES =0030 0000000000000000 ffffffff 00cf9300 DPL=0 DS   [-WA]
CS =0038 0000000000000000 ffffffff 00af9a00 DPL=0 CS64 [-R-]
SS =0030 0000000000000000 ffffffff 00cf9300 DPL=0 DS   [-WA]
DS =0030 0000000000000000 ffffffff 00cf9300 DPL=0 DS   [-WA]
FS =0030 0000000000000000 ffffffff 00cf9300 DPL=0 DS   [-WA]
GS =0030 0000000000000000 ffffffff 00cf9300 DPL=0 DS   [-WA]
LDT=0000 0000000000000000 0000ffff 00008200 DPL=0 LDT
TR =0048 000000007f5da058 00000067 00008900 DPL=0 TSS64-avl
GDT=     000000007f5da000 00000057
IDT=     000000007bb7af58 00000fff
CR0=80010033 CR2=0000000000000000 CR3=000000007f801000 CR4=00000668
DR0=0000000000000000 DR1=0000000000000000 DR2=0000000000000000 DR3=0000000000000000 
DR6=00000000ffff0ff0 DR7=0000000000000400
CCS=0000000000000044 CCD=000000007efe9e00 CCO=EFLAGS
EFER=0000000000000d00
Servicing hardware INT=0x20
    36: v=20 e=0000 i=0 cpl=0 IP=0038:000000007e7f722d pc=000000007e7f722d SP=0030:000000007fe69958 env->regs[R_EAX]=0000000000000000
RAX=0000000000000000 RBX=000000007e7fe490 RCX=0000000000000000 RDX=000000007e7fc34a
RSI=000000007e75ed98 RDI=000000007e7fce00 RBP=000000007fe69e20 RSP=000000007fe69958
R8 =00000000000000af R9 =0000000000000008 R10=000000007f587174 R11=0000000000000000
R12=000000007e7fce00 R13=000000007fe8dd79 R14=0000000000000001 R15=000000007fe8bb30
RIP=000000007e7f722d RFL=00000246 [---Z-P-] CPL=0 II=0 A20=1 SMM=0 HLT=0
ES =0030 0000000000000000 ffffffff 00cf9300 DPL=0 DS   [-WA]
CS =0038 0000000000000000 ffffffff 00af9a00 DPL=0 CS64 [-R-]
SS =0030 0000000000000000 ffffffff 00cf9300 DPL=0 DS   [-WA]
DS =0030 0000000000000000 ffffffff 00cf9300 DPL=0 DS   [-WA]
FS =0030 0000000000000000 ffffffff 00cf9300 DPL=0 DS   [-WA]
GS =0030 0000000000000000 ffffffff 00cf9300 DPL=0 DS   [-WA]
LDT=0000 0000000000000000 0000ffff 00008200 DPL=0 LDT
TR =0048 000000007f5da058 00000067 00008900 DPL=0 TSS64-avl
GDT=     000000007f5da000 00000057
IDT=     000000007bb7af58 00000fff
CR0=80010033 CR2=0000000000000000 CR3=000000007f801000 CR4=00000668
DR0=0000000000000000 DR1=0000000000000000 DR2=0000000000000000 DR3=0000000000000000 
DR6=00000000ffff0ff0 DR7=0000000000000400
CCS=0000000000000044 CCD=000000007fe69910 CCO=EFLAGS
EFER=0000000000000d00
Servicing hardware INT=0x20
    37: v=20 e=0000 i=0 cpl=0 IP=0038:000000007eb4902e pc=000000007eb4902e SP=0030:000000007fe69398 env->regs[R_EAX]=000000007eb60360
RAX=000000007eb60360 RBX=000000000000001f RCX=000000007eb60360 RDX=0000000000000002
RSI=000000007e7a33a7 RDI=0000000000000001 RBP=000000007fe693d0 RSP=000000007fe69398
R8 =0000000000000000 R9 =000000007fe693af R10=0000000000000000 R11=0000000000000000
R12=0000000000000004 R13=000000007fe694f8 R14=000000007fe694fc R15=000000007fe6949c
RIP=000000007eb4902e RFL=00000206 [-----P-] CPL=0 II=0 A20=1 SMM=0 HLT=0
ES =0030 0000000000000000 ffffffff 00cf9300 DPL=0 DS   [-WA]
CS =0038 0000000000000000 ffffffff 00af9a00 DPL=0 CS64 [-R-]
SS =0030 0000000000000000 ffffffff 00cf9300 DPL=0 DS   [-WA]
DS =0030 0000000000000000 ffffffff 00cf9300 DPL=0 DS   [-WA]
FS =0030 0000000000000000 ffffffff 00cf9300 DPL=0 DS   [-WA]
GS =0030 0000000000000000 ffffffff 00cf9300 DPL=0 DS   [-WA]
LDT=0000 0000000000000000 0000ffff 00008200 DPL=0 LDT
TR =0048 000000007f5da058 00000067 00008900 DPL=0 TSS64-avl
GDT=     000000007f5da000 00000057
IDT=     000000007bb7af58 00000fff
CR0=80010033 CR2=0000000000000000 CR3=000000007f801000 CR4=00000668
DR0=0000000000000000 DR1=0000000000000000 DR2=0000000000000000 DR3=0000000000000000 
DR6=00000000ffff0ff0 DR7=0000000000000400
CCS=0000000000000020 CCD=000000007fe693a0 CCO=SUBQ
EFER=0000000000000d00
Servicing hardware INT=0x20
    38: v=20 e=0000 i=0 cpl=0 IP=0038:000000007fe732ad pc=000000007fe732ad SP=0030:000000007fe690c0 env->regs[R_EAX]=0000000000000001
RAX=0000000000000001 RBX=0000000000000000 RCX=000000007fe690b0 RDX=000000007fe91050
RSI=0000000000000001 RDI=000000007f4ecda0 RBP=000000007fe69160 RSP=000000007fe690c0
R8 =0000000000006000 R9 =0000000000000050 R10=0000000000000000 R11=0000000000000000
R12=0000000000000001 R13=000000007fe69218 R14=000000007fe91050 R15=000000007e6fdf20
RIP=000000007fe732ad RFL=00000246 [---Z-P-] CPL=0 II=0 A20=1 SMM=0 HLT=0
ES =0030 0000000000000000 ffffffff 00cf9300 DPL=0 DS   [-WA]
CS =0038 0000000000000000 ffffffff 00af9a00 DPL=0 CS64 [-R-]
SS =0030 0000000000000000 ffffffff 00cf9300 DPL=0 DS   [-WA]
DS =0030 0000000000000000 ffffffff 00cf9300 DPL=0 DS   [-WA]
FS =0030 0000000000000000 ffffffff 00cf9300 DPL=0 DS   [-WA]
GS =0030 0000000000000000 ffffffff 00cf9300 DPL=0 DS   [-WA]
LDT=0000 0000000000000000 0000ffff 00008200 DPL=0 LDT
TR =0048 000000007f5da058 00000067 00008900 DPL=0 TSS64-avl
GDT=     000000007f5da000 00000057
IDT=     000000007bb7af58 00000fff
CR0=80010033 CR2=0000000000000000 CR3=000000007f801000 CR4=00000668
DR0=0000000000000000 DR1=0000000000000000 DR2=0000000000000000 DR3=0000000000000000 
DR6=00000000ffff0ff0 DR7=0000000000000400
CCS=0000000000000044 CCD=0000000000000000 CCO=EFLAGS
EFER=0000000000000d00
Servicing hardware INT=0x20
    39: v=20 e=0000 i=0 cpl=0 IP=0038:000000007eabd2a6 pc=000000007eabd2a6 SP=0030:000000007fe693d0 env->regs[R_EAX]=00000000e0000000
RAX=00000000e0000000 RBX=0000000000010000 RCX=0000000000010004 RDX=0000000000000001
RSI=00000000e0010004 RDI=000000007fe6961e RBP=000000007fe69430 RSP=000000007fe693d0
R8 =0000000000000000 R9 =000000007fe6952f R10=0000000000000000 R11=0000000000000000
R12=000000007fe6961e R13=0000000000000000 R14=0000000000000001 R15=0000000000000002
RIP=000000007eabd2a6 RFL=00000246 [---Z-P-] CPL=0 II=0 A20=1 SMM=0 HLT=0
ES =0030 0000000000000000 ffffffff 00cf9300 DPL=0 DS   [-WA]
CS =0038 0000000000000000 ffffffff 00af9a00 DPL=0 CS64 [-R-]
SS =0030 0000000000000000 ffffffff 00cf9300 DPL=0 DS   [-WA]
DS =0030 0000000000000000 ffffffff 00cf9300 DPL=0 DS   [-WA]
FS =0030 0000000000000000 ffffffff 00cf9300 DPL=0 DS   [-WA]
GS =0030 0000000000000000 ffffffff 00cf9300 DPL=0 DS   [-WA]
LDT=0000 0000000000000000 0000ffff 00008200 DPL=0 LDT
TR =0048 000000007f5da058 00000067 00008900 DPL=0 TSS64-avl
GDT=     000000007f5da000 00000057
IDT=     000000007bb7af58 00000fff
CR0=80010033 CR2=0000000000000000 CR3=000000007f801000 CR4=00000668
DR0=0000000000000000 DR1=0000000000000000 DR2=0000000000000000 DR3=0000000000000000 
DR6=00000000ffff0ff0 DR7=0000000000000400
CCS=0000000000000044 CCD=00000000e0000000 CCO=EFLAGS
EFER=0000000000000d00
Servicing hardware INT=0x20
    40: v=20 e=0000 i=0 cpl=0 IP=0038:000000007eabd2a6 pc=000000007eabd2a6 SP=0030:000000007fe69390 env->regs[R_EAX]=00000000e0000000
RAX=00000000e0000000 RBX=0000000000010000 RCX=0000000000010004 RDX=0000000000000001
RSI=00000000e0010004 RDI=000000007fe695de RBP=000000007fe693f0 RSP=000000007fe69390
R8 =0000000000000000 R9 =000000007fe694ef R10=0000000000000000 R11=0000000000000004
R12=000000007fe695de R13=0000000000000000 R14=0000000000000001 R15=0000000000000002
RIP=000000007eabd2a6 RFL=00000246 [---Z-P-] CPL=0 II=0 A20=1 SMM=0 HLT=0
ES =0030 0000000000000000 ffffffff 00cf9300 DPL=0 DS   [-WA]
CS =0038 0000000000000000 ffffffff 00af9a00 DPL=0 CS64 [-R-]
SS =0030 0000000000000000 ffffffff 00cf9300 DPL=0 DS   [-WA]
DS =0030 0000000000000000 ffffffff 00cf9300 DPL=0 DS   [-WA]
FS =0030 0000000000000000 ffffffff 00cf9300 DPL=0 DS   [-WA]
GS =0030 0000000000000000 ffffffff 00cf9300 DPL=0 DS   [-WA]
LDT=0000 0000000000000000 0000ffff 00008200 DPL=0 LDT
TR =0048 000000007f5da058 00000067 00008900 DPL=0 TSS64-avl
GDT=     000000007f5da000 00000057
IDT=     000000007bb7af58 00000fff
CR0=80010033 CR2=0000000000000000 CR3=000000007f801000 CR4=00000668
DR0=0000000000000000 DR1=0000000000000000 DR2=0000000000000000 DR3=0000000000000000 
DR6=00000000ffff0ff0 DR7=0000000000000400
CCS=0000000000000044 CCD=00000000e0000000 CCO=EFLAGS
EFER=0000000000000d00
Servicing hardware INT=0x20
    41: v=20 e=0000 i=0 cpl=0 IP=0038:000000007eab2233 pc=000000007eab2233 SP=0030:000000007fe69540 env->regs[R_EAX]=0000000000000000
RAX=0000000000000000 RBX=0000000000000000 RCX=0000000000000514 RDX=0000000000000514
RSI=000000007e6da018 RDI=0000000000001000 RBP=000000007fe69590 RSP=000000007fe69540
R8 =0000000000000000 R9 =0000000000000514 R10=0000000000000000 R11=0000000000000004
R12=0000000000000000 R13=0000000000000000 R14=000000007fe69600 R15=0000000000001000
RIP=000000007eab2233 RFL=00000293 [--S-A-C] CPL=0 II=0 A20=1 SMM=0 HLT=0
ES =0030 0000000000000000 ffffffff 00cf9300 DPL=0 DS   [-WA]
CS =0038 0000000000000000 ffffffff 00af9a00 DPL=0 CS64 [-R-]
SS =0030 0000000000000000 ffffffff 00cf9300 DPL=0 DS   [-WA]
DS =0030 0000000000000000 ffffffff 00cf9300 DPL=0 DS   [-WA]
FS =0030 0000000000000000 ffffffff 00cf9300 DPL=0 DS   [-WA]
GS =0030 0000000000000000 ffffffff 00cf9300 DPL=0 DS   [-WA]
LDT=0000 0000000000000000 0000ffff 00008200 DPL=0 LDT
TR =0048 000000007f5da058 00000067 00008900 DPL=0 TSS64-avl
GDT=     000000007f5da000 00000057
IDT=     000000007bb7af58 00000fff
CR0=80010033 CR2=0000000000000000 CR3=000000007f801000 CR4=00000668
DR0=0000000000000000 DR1=0000000000000000 DR2=0000000000000000 DR3=0000000000000000 
DR6=00000000ffff0ff0 DR7=0000000000000400
CCS=0000000000000091 CCD=fffffffffffffffe CCO=EFLAGS
EFER=0000000000000d00
Servicing hardware INT=0x20
    42: v=20 e=0000 i=0 cpl=0 IP=0038:000000007eab3764 pc=000000007eab3764 SP=0030:000000007fe69610 env->regs[R_EAX]=000000007e6d9b18
RAX=000000007e6d9b18 RBX=0000000000000000 RCX=000000007e6d9b18 RDX=000000007e6d9b18
RSI=000000007e6d9c18 RDI=000000007e734018 RBP=000000007fe69690 RSP=000000007fe69610
R8 =0000000000000000 R9 =0000000000000000 R10=0000000000000000 R11=0000000000000000
R12=000000007e6d9c18 R13=000000007e6d9f98 R14=0000000000000001 R15=000000007e6d9018
RIP=000000007eab3764 RFL=00000246 [---Z-P-] CPL=0 II=0 A20=1 SMM=0 HLT=0
ES =0030 0000000000000000 ffffffff 00cf9300 DPL=0 DS   [-WA]
CS =0038 0000000000000000 ffffffff 00af9a00 DPL=0 CS64 [-R-]
SS =0030 0000000000000000 ffffffff 00cf9300 DPL=0 DS   [-WA]
DS =0030 0000000000000000 ffffffff 00cf9300 DPL=0 DS   [-WA]
FS =0030 0000000000000000 ffffffff 00cf9300 DPL=0 DS   [-WA]
GS =0030 0000000000000000 ffffffff 00cf9300 DPL=0 DS   [-WA]
LDT=0000 0000000000000000 0000ffff 00008200 DPL=0 LDT
TR =0048 000000007f5da058 00000067 00008900 DPL=0 TSS64-avl
GDT=     000000007f5da000 00000057
IDT=     000000007bb7af58 00000fff
CR0=80010033 CR2=0000000000000000 CR3=000000007f801000 CR4=00000668
DR0=0000000000000000 DR1=0000000000000000 DR2=0000000000000000 DR3=0000000000000000 
DR6=00000000ffff0ff0 DR7=0000000000000400
CCS=0000000000000044 CCD=0000000000000000 CCO=EFLAGS
EFER=0000000000000d00
Servicing hardware INT=0x20
    43: v=20 e=0000 i=0 cpl=0 IP=0038:000000007eabdae5 pc=000000007eabdae5 SP=0030:000000007fe69490 env->regs[R_EAX]=000000000000000a
RAX=000000000000000a RBX=0000000000008009 RCX=0000000000000000 RDX=0000000000000000
RSI=0000000000008009 RDI=000000007eb341f0 RBP=000000007fe69550 RSP=000000007fe69490
R8 =0000000000000000 R9 =000000007fe6957f R10=0000000000000000 R11=000000007e7830c0
R12=000000007fe69655 R13=000000007eb34018 R14=0000000000000003 R15=0000000000000001
RIP=000000007eabdae5 RFL=00000202 [-------] CPL=0 II=0 A20=1 SMM=0 HLT=0
ES =0030 0000000000000000 ffffffff 00cf9300 DPL=0 DS   [-WA]
CS =0038 0000000000000000 ffffffff 00af9a00 DPL=0 CS64 [-R-]
SS =0030 0000000000000000 ffffffff 00cf9300 DPL=0 DS   [-WA]
DS =0030 0000000000000000 ffffffff 00cf9300 DPL=0 DS   [-WA]
FS =0030 0000000000000000 ffffffff 00cf9300 DPL=0 DS   [-WA]
GS =0030 0000000000000000 ffffffff 00cf9300 DPL=0 DS   [-WA]
LDT=0000 0000000000000000 0000ffff 00008200 DPL=0 LDT
TR =0048 000000007f5da058 00000067 00008900 DPL=0 TSS64-avl
GDT=     000000007f5da000 00000057
IDT=     000000007bb7af58 00000fff
CR0=80010033 CR2=0000000000000000 CR3=000000007f801000 CR4=00000668
DR0=0000000000000000 DR1=0000000000000000 DR2=0000000000000000 DR3=0000000000000000 
DR6=00000000ffff0ff0 DR7=0000000000000400
CCS=0000000000000000 CCD=0000000000000001 CCO=EFLAGS
EFER=0000000000000d00
Servicing hardware INT=0x20
    44: v=20 e=0000 i=0 cpl=0 IP=0038:000000007eb8a082 pc=000000007eb8a082 SP=0030:000000007fe69370 env->regs[R_EAX]=0000000000000000
RAX=0000000000000000 RBX=00000000800537f4 RCX=0000000000000002 RDX=000000007eb8c4e0
RSI=0000000000000002 RDI=00000000000eb203 RBP=000000007fe69380 RSP=000000007fe69370
R8 =000000007fe694cc R9 =0000000080000000 R10=00000000000fffff R11=000000000000000a
R12=000000007fe694cc R13=0000000000000000 R14=0000000000000004 R15=0000000000000000
RIP=000000007eb8a082 RFL=00000202 [-------] CPL=0 II=0 A20=1 SMM=0 HLT=0
ES =0030 0000000000000000 ffffffff 00cf9300 DPL=0 DS   [-WA]
CS =0038 0000000000000000 ffffffff 00af9a00 DPL=0 CS64 [-R-]
SS =0030 0000000000000000 ffffffff 00cf9300 DPL=0 DS   [-WA]
DS =0030 0000000000000000 ffffffff 00cf9300 DPL=0 DS   [-WA]
FS =0030 0000000000000000 ffffffff 00cf9300 DPL=0 DS   [-WA]
GS =0030 0000000000000000 ffffffff 00cf9300 DPL=0 DS   [-WA]
LDT=0000 0000000000000000 0000ffff 00008200 DPL=0 LDT
TR =0048 000000007f5da058 00000067 00008900 DPL=0 TSS64-avl
GDT=     000000007f5da000 00000057
IDT=     000000007bb7af58 00000fff
CR0=80010033 CR2=0000000000000000 CR3=000000007f801000 CR4=00000668
DR0=0000000000000000 DR1=0000000000000000 DR2=0000000000000000 DR3=0000000000000000 
DR6=00000000ffff0ff0 DR7=0000000000000400
CCS=0000000000000000 CCD=0000000000000001 CCO=EFLAGS
EFER=0000000000000d00
Servicing hardware INT=0x20
    45: v=20 e=0000 i=0 cpl=0 IP=0038:000000007eb8a082 pc=000000007eb8a082 SP=0030:000000007fe69370 env->regs[R_EAX]=0000000000000000
RAX=0000000000000000 RBX=00000000800f690c RCX=0000000000000002 RDX=000000007eb8c4e0
RSI=0000000000000002 RDI=00000000000c25bd RBP=000000007fe69380 RSP=000000007fe69370
R8 =000000007fe694cc R9 =0000000080000000 R10=00000000000fffff R11=000000000000000a
R12=000000007fe694cc R13=0000000000000000 R14=0000000000000004 R15=0000000000000000
RIP=000000007eb8a082 RFL=00000202 [-------] CPL=0 II=0 A20=1 SMM=0 HLT=0
ES =0030 0000000000000000 ffffffff 00cf9300 DPL=0 DS   [-WA]
CS =0038 0000000000000000 ffffffff 00af9a00 DPL=0 CS64 [-R-]
SS =0030 0000000000000000 ffffffff 00cf9300 DPL=0 DS   [-WA]
DS =0030 0000000000000000 ffffffff 00cf9300 DPL=0 DS   [-WA]
FS =0030 0000000000000000 ffffffff 00cf9300 DPL=0 DS   [-WA]
GS =0030 0000000000000000 ffffffff 00cf9300 DPL=0 DS   [-WA]
LDT=0000 0000000000000000 0000ffff 00008200 DPL=0 LDT
TR =0048 000000007f5da058 00000067 00008900 DPL=0 TSS64-avl
GDT=     000000007f5da000 00000057
IDT=     000000007bb7af58 00000fff
CR0=80010033 CR2=0000000000000000 CR3=000000007f801000 CR4=00000668
DR0=0000000000000000 DR1=0000000000000000 DR2=0000000000000000 DR3=0000000000000000 
DR6=00000000ffff0ff0 DR7=0000000000000400
CCS=0000000000000000 CCD=0000000000000001 CCO=EFLAGS
EFER=0000000000000d00
Servicing hardware INT=0x20
    46: v=20 e=0000 i=0 cpl=0 IP=0038:000000007eb8b7b1 pc=000000007eb8b7b1 SP=0030:000000007fe69390 env->regs[R_EAX]=0000000000000000
RAX=0000000000000000 RBX=00000000801803fc RCX=0000000000000002 RDX=000000007eb8c4e0
RSI=0000000000000002 RDI=000000000009ff01 RBP=000000007fe69410 RSP=000000007fe69390
R8 =000000007fe694cc R9 =0000000080000000 R10=00000000000fffff R11=000000000000000a
R12=000000007fe694cc R13=0000000000000000 R14=0000000000000004 R15=0000000000000000
RIP=000000007eb8b7b1 RFL=00000202 [-------] CPL=0 II=0 A20=1 SMM=0 HLT=0
ES =0030 0000000000000000 ffffffff 00cf9300 DPL=0 DS   [-WA]
CS =0038 0000000000000000 ffffffff 00af9a00 DPL=0 CS64 [-R-]
SS =0030 0000000000000000 ffffffff 00cf9300 DPL=0 DS   [-WA]
DS =0030 0000000000000000 ffffffff 00cf9300 DPL=0 DS   [-WA]
FS =0030 0000000000000000 ffffffff 00cf9300 DPL=0 DS   [-WA]
GS =0030 0000000000000000 ffffffff 00cf9300 DPL=0 DS   [-WA]
LDT=0000 0000000000000000 0000ffff 00008200 DPL=0 LDT
TR =0048 000000007f5da058 00000067 00008900 DPL=0 TSS64-avl
GDT=     000000007f5da000 00000057
IDT=     000000007bb7af58 00000fff
CR0=80010033 CR2=0000000000000000 CR3=000000007f801000 CR4=00000668
DR0=0000000000000000 DR1=0000000000000000 DR2=0000000000000000 DR3=0000000000000000 
DR6=00000000ffff0ff0 DR7=0000000000000400
CCS=0000000000000000 CCD=000000000009ff01 CCO=EFLAGS
EFER=0000000000000d00
Servicing hardware INT=0x20
    47: v=20 e=0000 i=0 cpl=0 IP=0038:000000007eb8b8e0 pc=000000007eb8b8e0 SP=0030:000000007fe69390 env->regs[R_EAX]=0000000000000000
RAX=0000000000000000 RBX=0000000080203204 RCX=0000000000000002 RDX=000000007eb8c4e0
RSI=0000000000000002 RDI=000000000007f37f RBP=000000007fe69410 RSP=000000007fe69390
R8 =000000007fe694cc R9 =0000000080000000 R10=00000000000fffff R11=000000000000000a
R12=000000007fe694cc R13=0000000000000000 R14=0000000000000004 R15=0000000000000000
RIP=000000007eb8b8e0 RFL=00000293 [--S-A-C] CPL=0 II=0 A20=1 SMM=0 HLT=0
ES =0030 0000000000000000 ffffffff 00cf9300 DPL=0 DS   [-WA]
CS =0038 0000000000000000 ffffffff 00af9a00 DPL=0 CS64 [-R-]
SS =0030 0000000000000000 ffffffff 00cf9300 DPL=0 DS   [-WA]
DS =0030 0000000000000000 ffffffff 00cf9300 DPL=0 DS   [-WA]
FS =0030 0000000000000000 ffffffff 00cf9300 DPL=0 DS   [-WA]
GS =0030 0000000000000000 ffffffff 00cf9300 DPL=0 DS   [-WA]
LDT=0000 0000000000000000 0000ffff 00008200 DPL=0 LDT
TR =0048 000000007f5da058 00000067 00008900 DPL=0 TSS64-avl
GDT=     000000007f5da000 00000057
IDT=     000000007bb7af58 00000fff
CR0=80010033 CR2=0000000000000000 CR3=000000007f801000 CR4=00000668
DR0=0000000000000000 DR1=0000000000000000 DR2=0000000000000000 DR3=0000000000000000 
DR6=00000000ffff0ff0 DR7=0000000000000400
CCS=0000000000000091 CCD=fffffffffffffffe CCO=EFLAGS
EFER=0000000000000d00
Servicing hardware INT=0x20
    48: v=20 e=0000 i=0 cpl=0 IP=0038:000000007eb8a082 pc=000000007eb8a082 SP=0030:000000007fe69370 env->regs[R_EAX]=0000000000000000
RAX=0000000000000000 RBX=000000008028fd8c RCX=0000000000000002 RDX=000000007eb8c4e0
RSI=0000000000000002 RDI=000000000005c09d RBP=000000007fe69380 RSP=000000007fe69370
R8 =000000007fe694cc R9 =0000000080000000 R10=00000000000fffff R11=000000000000000a
R12=000000007fe694cc R13=0000000000000000 R14=0000000000000004 R15=0000000000000000
RIP=000000007eb8a082 RFL=00000202 [-------] CPL=0 II=0 A20=1 SMM=0 HLT=0
ES =0030 0000000000000000 ffffffff 00cf9300 DPL=0 DS   [-WA]
CS =0038 0000000000000000 ffffffff 00af9a00 DPL=0 CS64 [-R-]
SS =0030 0000000000000000 ffffffff 00cf9300 DPL=0 DS   [-WA]
DS =0030 0000000000000000 ffffffff 00cf9300 DPL=0 DS   [-WA]
FS =0030 0000000000000000 ffffffff 00cf9300 DPL=0 DS   [-WA]
GS =0030 0000000000000000 ffffffff 00cf9300 DPL=0 DS   [-WA]
LDT=0000 0000000000000000 0000ffff 00008200 DPL=0 LDT
TR =0048 000000007f5da058 00000067 00008900 DPL=0 TSS64-avl
GDT=     000000007f5da000 00000057
IDT=     000000007bb7af58 00000fff
CR0=80010033 CR2=0000000000000000 CR3=000000007f801000 CR4=00000668
DR0=0000000000000000 DR1=0000000000000000 DR2=0000000000000000 DR3=0000000000000000 
DR6=00000000ffff0ff0 DR7=0000000000000400
CCS=0000000000000000 CCD=0000000000000001 CCO=EFLAGS
EFER=0000000000000d00
Servicing hardware INT=0x20
    49: v=20 e=0000 i=0 cpl=0 IP=0038:000000007eb8a082 pc=000000007eb8a082 SP=0030:000000007fe69370 env->regs[R_EAX]=0000000000000000
RAX=0000000000000000 RBX=000000008032895c RCX=0000000000000002 RDX=000000007eb8c4e0
RSI=0000000000000002 RDI=0000000000035da9 RBP=000000007fe69380 RSP=000000007fe69370
R8 =000000007fe694cc R9 =0000000080000000 R10=00000000000fffff R11=000000000000000a
R12=000000007fe694cc R13=0000000000000000 R14=0000000000000004 R15=0000000000000000
RIP=000000007eb8a082 RFL=00000202 [-------] CPL=0 II=0 A20=1 SMM=0 HLT=0
ES =0030 0000000000000000 ffffffff 00cf9300 DPL=0 DS   [-WA]
CS =0038 0000000000000000 ffffffff 00af9a00 DPL=0 CS64 [-R-]
SS =0030 0000000000000000 ffffffff 00cf9300 DPL=0 DS   [-WA]
DS =0030 0000000000000000 ffffffff 00cf9300 DPL=0 DS   [-WA]
FS =0030 0000000000000000 ffffffff 00cf9300 DPL=0 DS   [-WA]
GS =0030 0000000000000000 ffffffff 00cf9300 DPL=0 DS   [-WA]
LDT=0000 0000000000000000 0000ffff 00008200 DPL=0 LDT
TR =0048 000000007f5da058 00000067 00008900 DPL=0 TSS64-avl
GDT=     000000007f5da000 00000057
IDT=     000000007bb7af58 00000fff
CR0=80010033 CR2=0000000000000000 CR3=000000007f801000 CR4=00000668
DR0=0000000000000000 DR1=0000000000000000 DR2=0000000000000000 DR3=0000000000000000 
DR6=00000000ffff0ff0 DR7=0000000000000400
CCS=0000000000000000 CCD=0000000000000001 CCO=EFLAGS
EFER=0000000000000d00
Servicing hardware INT=0x20
    50: v=20 e=0000 i=0 cpl=0 IP=0038:000000007eb8b8e0 pc=000000007eb8b8e0 SP=0030:000000007fe69390 env->regs[R_EAX]=0000000000000000
RAX=0000000000000000 RBX=00000000803c2eb4 RCX=0000000000000002 RDX=000000007eb8c4e0
RSI=0000000000000002 RDI=000000000000f453 RBP=000000007fe69410 RSP=000000007fe69390
R8 =000000007fe694cc R9 =0000000080000000 R10=00000000000fffff R11=000000000000000a
R12=000000007fe694cc R13=0000000000000000 R14=0000000000000004 R15=0000000000000000
RIP=000000007eb8b8e0 RFL=00000293 [--S-A-C] CPL=0 II=0 A20=1 SMM=0 HLT=0
ES =0030 0000000000000000 ffffffff 00cf9300 DPL=0 DS   [-WA]
CS =0038 0000000000000000 ffffffff 00af9a00 DPL=0 CS64 [-R-]
SS =0030 0000000000000000 ffffffff 00cf9300 DPL=0 DS   [-WA]
DS =0030 0000000000000000 ffffffff 00cf9300 DPL=0 DS   [-WA]
FS =0030 0000000000000000 ffffffff 00cf9300 DPL=0 DS   [-WA]
GS =0030 0000000000000000 ffffffff 00cf9300 DPL=0 DS   [-WA]
LDT=0000 0000000000000000 0000ffff 00008200 DPL=0 LDT
TR =0048 000000007f5da058 00000067 00008900 DPL=0 TSS64-avl
GDT=     000000007f5da000 00000057
IDT=     000000007bb7af58 00000fff
CR0=80010033 CR2=0000000000000000 CR3=000000007f801000 CR4=00000668
DR0=0000000000000000 DR1=0000000000000000 DR2=0000000000000000 DR3=0000000000000000 
DR6=00000000ffff0ff0 DR7=0000000000000400
CCS=0000000000000091 CCD=fffffffffffffffe CCO=EFLAGS
EFER=0000000000000d00
Servicing hardware INT=0x20
    51: v=20 e=0000 i=0 cpl=0 IP=0038:000000007ea22a20 pc=000000007ea22a20 SP=0030:000000007fe693a0 env->regs[R_EAX]=000000007e6d8698
RAX=000000007e6d8698 RBX=000000007e6d9d98 RCX=0000000000000000 RDX=000000007fe69458
RSI=000000007e6d8698 RDI=000000007e6d8698 RBP=000000007fe694f0 RSP=000000007fe693a0
R8 =0000000000000004 R9 =000000007fe6945b R10=0000000000000000 R11=0000000000000000
R12=000000007e6d8018 R13=0000000000000088 R14=0000000000000001 R15=0000000000000015
RIP=000000007ea22a20 RFL=00000247 [---Z-PC] CPL=0 II=0 A20=1 SMM=0 HLT=0
ES =0030 0000000000000000 ffffffff 00cf9300 DPL=0 DS   [-WA]
CS =0038 0000000000000000 ffffffff 00af9a00 DPL=0 CS64 [-R-]
SS =0030 0000000000000000 ffffffff 00cf9300 DPL=0 DS   [-WA]
DS =0030 0000000000000000 ffffffff 00cf9300 DPL=0 DS   [-WA]
FS =0030 0000000000000000 ffffffff 00cf9300 DPL=0 DS   [-WA]
GS =0030 0000000000000000 ffffffff 00cf9300 DPL=0 DS   [-WA]
LDT=0000 0000000000000000 0000ffff 00008200 DPL=0 LDT
TR =0048 000000007f5da058 00000067 00008900 DPL=0 TSS64-avl
GDT=     000000007f5da000 00000057
IDT=     000000007bb7af58 00000fff
CR0=80010033 CR2=0000000000000000 CR3=000000007f801000 CR4=00000668
DR0=0000000000000000 DR1=0000000000000000 DR2=0000000000000000 DR3=0000000000000000 
DR6=00000000ffff0ff0 DR7=0000000000000400
CCS=0000000000000045 CCD=0000000000000000 CCO=EFLAGS
EFER=0000000000000d00
Servicing hardware INT=0x20
    52: v=20 e=0000 i=0 cpl=0 IP=0038:000000007f6c516c pc=000000007f6c516c SP=0030:000000007fe69518 env->regs[R_EAX]=0000000000000001
RAX=0000000000000001 RBX=00000000000000fa RCX=0000000000000000 RDX=000000007e7fe490
RSI=0000000000000000 RDI=000000007f57e018 RBP=000000007fe695c0 RSP=000000007fe69518
R8 =0000000000000000 R9 =000000007e7fe49f R10=0000000000000000 R11=000000007f6e7dfe
R12=000000007fe69620 R13=000000007fe69568 R14=000000007f57e018 R15=000000000000000e
RIP=000000007f6c516c RFL=00000202 [-------] CPL=0 II=0 A20=1 SMM=0 HLT=0
ES =0030 0000000000000000 ffffffff 00cf9300 DPL=0 DS   [-WA]
CS =0038 0000000000000000 ffffffff 00af9a00 DPL=0 CS64 [-R-]
SS =0030 0000000000000000 ffffffff 00cf9300 DPL=0 DS   [-WA]
DS =0030 0000000000000000 ffffffff 00cf9300 DPL=0 DS   [-WA]
FS =0030 0000000000000000 ffffffff 00cf9300 DPL=0 DS   [-WA]
GS =0030 0000000000000000 ffffffff 00cf9300 DPL=0 DS   [-WA]
LDT=0000 0000000000000000 0000ffff 00008200 DPL=0 LDT
TR =0048 000000007f5da058 00000067 00008900 DPL=0 TSS64-avl
GDT=     000000007f5da000 00000057
IDT=     000000007bb7af58 00000fff
CR0=80010033 CR2=0000000000000000 CR3=000000007f801000 CR4=00000668
DR0=0000000000000000 DR1=0000000000000000 DR2=0000000000000000 DR3=0000000000000000 
DR6=00000000ffff0ff0 DR7=0000000000000400
CCS=0000000000000000 CCD=0000000000000001 CCO=EFLAGS
EFER=0000000000000d00
Servicing hardware INT=0x20
    53: v=20 e=0000 i=0 cpl=0 IP=0038:000000007f6e7d68 pc=000000007f6e7d68 SP=0030:000000007fe693d0 env->regs[R_EAX]=0000000000000000
RAX=0000000000000000 RBX=00000000ffc101e2 RCX=0000000000000101 RDX=0000000000000000
RSI=0000000000000010 RDI=00000000ffc101e2 RBP=000000007fe69400 RSP=000000007fe693d0
R8 =00000000000001e2 R9 =000000007fe694c8 R10=0000000000000000 R11=000000007f6e7dfe
R12=00000000ffc101e2 R13=0000000000000010 R14=0000000000000000 R15=000000007fe694c8
RIP=000000007f6e7d68 RFL=00000246 [---Z-P-] CPL=0 II=0 A20=1 SMM=0 HLT=0
ES =0030 0000000000000000 ffffffff 00cf9300 DPL=0 DS   [-WA]
CS =0038 0000000000000000 ffffffff 00af9a00 DPL=0 CS64 [-R-]
SS =0030 0000000000000000 ffffffff 00cf9300 DPL=0 DS   [-WA]
DS =0030 0000000000000000 ffffffff 00cf9300 DPL=0 DS   [-WA]
FS =0030 0000000000000000 ffffffff 00cf9300 DPL=0 DS   [-WA]
GS =0030 0000000000000000 ffffffff 00cf9300 DPL=0 DS   [-WA]
LDT=0000 0000000000000000 0000ffff 00008200 DPL=0 LDT
TR =0048 000000007f5da058 00000067 00008900 DPL=0 TSS64-avl
GDT=     000000007f5da000 00000057
IDT=     000000007bb7af58 00000fff
CR0=80010033 CR2=0000000000000000 CR3=000000007f801000 CR4=00000668
DR0=0000000000000000 DR1=0000000000000000 DR2=0000000000000000 DR3=0000000000000000 
DR6=00000000ffff0ff0 DR7=0000000000000400
CCS=0000000000000044 CCD=0000000000000000 CCO=EFLAGS
EFER=0000000000000d00
Servicing hardware INT=0x20
    54: v=20 e=0000 i=0 cpl=0 IP=0038:000000007f6e7d68 pc=000000007f6e7d68 SP=0030:000000007fe693d0 env->regs[R_EAX]=0000000000000000
RAX=0000000000000000 RBX=00000000ffc10550 RCX=0000000000000101 RDX=0000000000000000
RSI=0000000000000010 RDI=00000000ffc1057b RBP=000000007fe69400 RSP=000000007fe693d0
R8 =0000000000000550 R9 =000000007fe694c8 R10=0000000000000000 R11=000000007f6e7dfe
R12=00000000ffc1057b R13=0000000000000010 R14=000000000000002b R15=000000007fe694c8
RIP=000000007f6e7d68 RFL=00000246 [---Z-P-] CPL=0 II=0 A20=1 SMM=0 HLT=0
ES =0030 0000000000000000 ffffffff 00cf9300 DPL=0 DS   [-WA]
CS =0038 0000000000000000 ffffffff 00af9a00 DPL=0 CS64 [-R-]
SS =0030 0000000000000000 ffffffff 00cf9300 DPL=0 DS   [-WA]
DS =0030 0000000000000000 ffffffff 00cf9300 DPL=0 DS   [-WA]
FS =0030 0000000000000000 ffffffff 00cf9300 DPL=0 DS   [-WA]
GS =0030 0000000000000000 ffffffff 00cf9300 DPL=0 DS   [-WA]
LDT=0000 0000000000000000 0000ffff 00008200 DPL=0 LDT
TR =0048 000000007f5da058 00000067 00008900 DPL=0 TSS64-avl
GDT=     000000007f5da000 00000057
IDT=     000000007bb7af58 00000fff
CR0=80010033 CR2=0000000000000000 CR3=000000007f801000 CR4=00000668
DR0=0000000000000000 DR1=0000000000000000 DR2=0000000000000000 DR3=0000000000000000 
DR6=00000000ffff0ff0 DR7=0000000000000400
CCS=0000000000000044 CCD=0000000000000000 CCO=EFLAGS
EFER=0000000000000d00
Servicing hardware INT=0x20
    55: v=20 e=0000 i=0 cpl=0 IP=0038:000000007f6ccfc0 pc=000000007f6ccfc0 SP=0030:000000007fe69518 env->regs[R_EAX]=000000007f5c8198
RAX=000000007f5c8198 RBX=000000000000010b RCX=000000000001050a RDX=000000007f5ec8b0
RSI=0000000000000001 RDI=0000000000000000 RBP=000000007fe695c0 RSP=000000007fe69518
R8 =0000000000000001 R9 =000000007f57e01a R10=0000000000000000 R11=000000007f6e7dfe
R12=000000007fe69620 R13=000000007fe69568 R14=000000007f57e018 R15=0000000000000000
RIP=000000007f6ccfc0 RFL=00000206 [-----P-] CPL=0 II=0 A20=1 SMM=0 HLT=0
ES =0030 0000000000000000 ffffffff 00cf9300 DPL=0 DS   [-WA]
CS =0038 0000000000000000 ffffffff 00af9a00 DPL=0 CS64 [-R-]
SS =0030 0000000000000000 ffffffff 00cf9300 DPL=0 DS   [-WA]
DS =0030 0000000000000000 ffffffff 00cf9300 DPL=0 DS   [-WA]
FS =0030 0000000000000000 ffffffff 00cf9300 DPL=0 DS   [-WA]
GS =0030 0000000000000000 ffffffff 00cf9300 DPL=0 DS   [-WA]
LDT=0000 0000000000000000 0000ffff 00008200 DPL=0 LDT
TR =0048 000000007f5da058 00000067 00008900 DPL=0 TSS64-avl
GDT=     000000007f5da000 00000057
IDT=     000000007bb7af58 00000fff
CR0=80010033 CR2=0000000000000000 CR3=000000007f801000 CR4=00000668
DR0=0000000000000000 DR1=0000000000000000 DR2=0000000000000000 DR3=0000000000000000 
DR6=00000000ffff0ff0 DR7=0000000000000400
CCS=0000000000000004 CCD=000000000001050a CCO=EFLAGS
EFER=0000000000000d00
Servicing hardware INT=0x20
    56: v=20 e=0000 i=0 cpl=0 IP=0038:000000007f6e7d68 pc=000000007f6e7d68 SP=0030:000000007fe693d0 env->regs[R_EAX]=0000000000000000
RAX=0000000000000000 RBX=00000000ffc1065c RCX=0000000000000101 RDX=0000000000000000
RSI=0000000000000010 RDI=00000000ffc1071c RBP=000000007fe69400 RSP=000000007fe693d0
R8 =000000000000065c R9 =000000007fe694c8 R10=0000000000000000 R11=000000007f6e7dfe
R12=00000000ffc1071c R13=0000000000000010 R14=00000000000000c0 R15=000000007fe694c8
RIP=000000007f6e7d68 RFL=00000246 [---Z-P-] CPL=0 II=0 A20=1 SMM=0 HLT=0
ES =0030 0000000000000000 ffffffff 00cf9300 DPL=0 DS   [-WA]
CS =0038 0000000000000000 ffffffff 00af9a00 DPL=0 CS64 [-R-]
SS =0030 0000000000000000 ffffffff 00cf9300 DPL=0 DS   [-WA]
DS =0030 0000000000000000 ffffffff 00cf9300 DPL=0 DS   [-WA]
FS =0030 0000000000000000 ffffffff 00cf9300 DPL=0 DS   [-WA]
GS =0030 0000000000000000 ffffffff 00cf9300 DPL=0 DS   [-WA]
LDT=0000 0000000000000000 0000ffff 00008200 DPL=0 LDT
TR =0048 000000007f5da058 00000067 00008900 DPL=0 TSS64-avl
GDT=     000000007f5da000 00000057
IDT=     000000007bb7af58 00000fff
CR0=80010033 CR2=0000000000000000 CR3=000000007f801000 CR4=00000668
DR0=0000000000000000 DR1=0000000000000000 DR2=0000000000000000 DR3=0000000000000000 
DR6=00000000ffff0ff0 DR7=0000000000000400
CCS=0000000000000044 CCD=0000000000000000 CCO=EFLAGS
EFER=0000000000000d00
Servicing hardware INT=0x20
    57: v=20 e=0000 i=0 cpl=0 IP=0038:000000007f6e7d68 pc=000000007f6e7d68 SP=0030:000000007fe69570 env->regs[R_EAX]=0000000000000000
RAX=0000000000000000 RBX=00000000ffc10738 RCX=0000000000000101 RDX=0000000000000000
RSI=0000000000000010 RDI=00000000ffc10799 RBP=000000007fe695a0 RSP=000000007fe69570
R8 =0000000000000738 R9 =000000007fe69668 R10=0000000000000000 R11=000000007f6e7dfe
R12=00000000ffc10799 R13=0000000000000010 R14=0000000000000061 R15=000000007fe69668
RIP=000000007f6e7d68 RFL=00000246 [---Z-P-] CPL=0 II=0 A20=1 SMM=0 HLT=0
ES =0030 0000000000000000 ffffffff 00cf9300 DPL=0 DS   [-WA]
CS =0038 0000000000000000 ffffffff 00af9a00 DPL=0 CS64 [-R-]
SS =0030 0000000000000000 ffffffff 00cf9300 DPL=0 DS   [-WA]
DS =0030 0000000000000000 ffffffff 00cf9300 DPL=0 DS   [-WA]
FS =0030 0000000000000000 ffffffff 00cf9300 DPL=0 DS   [-WA]
GS =0030 0000000000000000 ffffffff 00cf9300 DPL=0 DS   [-WA]
LDT=0000 0000000000000000 0000ffff 00008200 DPL=0 LDT
TR =0048 000000007f5da058 00000067 00008900 DPL=0 TSS64-avl
GDT=     000000007f5da000 00000057
IDT=     000000007bb7af58 00000fff
CR0=80010033 CR2=0000000000000000 CR3=000000007f801000 CR4=00000668
DR0=0000000000000000 DR1=0000000000000000 DR2=0000000000000000 DR3=0000000000000000 
DR6=00000000ffff0ff0 DR7=0000000000000400
CCS=0000000000000044 CCD=0000000000000000 CCO=EFLAGS
EFER=0000000000000d00
Servicing hardware INT=0x20
    58: v=20 e=0000 i=0 cpl=0 IP=0038:000000007f6ccfc0 pc=000000007f6ccfc0 SP=0030:000000007fe696b8 env->regs[R_EAX]=000000007f5c8198
RAX=000000007f5c8198 RBX=000000000000014a RCX=00000000000106f2 RDX=000000007f5ec8b0
RSI=0000000000000001 RDI=0000000000000000 RBP=000000007fe69760 RSP=000000007fe696b8
R8 =0000000000000001 R9 =000000007f57e01a R10=0000000000000000 R11=000000007f6e7dfe
R12=000000007fe697c0 R13=000000007fe69708 R14=000000007f57e018 R15=0000000000000000
RIP=000000007f6ccfc0 RFL=00000202 [-------] CPL=0 II=0 A20=1 SMM=0 HLT=0
ES =0030 0000000000000000 ffffffff 00cf9300 DPL=0 DS   [-WA]
CS =0038 0000000000000000 ffffffff 00af9a00 DPL=0 CS64 [-R-]
SS =0030 0000000000000000 ffffffff 00cf9300 DPL=0 DS   [-WA]
DS =0030 0000000000000000 ffffffff 00cf9300 DPL=0 DS   [-WA]
FS =0030 0000000000000000 ffffffff 00cf9300 DPL=0 DS   [-WA]
GS =0030 0000000000000000 ffffffff 00cf9300 DPL=0 DS   [-WA]
LDT=0000 0000000000000000 0000ffff 00008200 DPL=0 LDT
TR =0048 000000007f5da058 00000067 00008900 DPL=0 TSS64-avl
GDT=     000000007f5da000 00000057
IDT=     000000007bb7af58 00000fff
CR0=80010033 CR2=0000000000000000 CR3=000000007f801000 CR4=00000668
DR0=0000000000000000 DR1=0000000000000000 DR2=0000000000000000 DR3=0000000000000000 
DR6=00000000ffff0ff0 DR7=0000000000000400
CCS=0000000000000000 CCD=00000000000106f2 CCO=EFLAGS
EFER=0000000000000d00
Servicing hardware INT=0x20
    59: v=20 e=0000 i=0 cpl=0 IP=0038:000000007f6e7d68 pc=000000007f6e7d68 SP=0030:000000007fe69570 env->regs[R_EAX]=0000000000000000
RAX=0000000000000000 RBX=00000000ffc10884 RCX=0000000000000101 RDX=0000000000000000
RSI=0000000000000010 RDI=00000000ffc10966 RBP=000000007fe695a0 RSP=000000007fe69570
R8 =0000000000000884 R9 =000000007fe69668 R10=0000000000000000 R11=000000007f6e7dfe
R12=00000000ffc10966 R13=0000000000000010 R14=00000000000000e2 R15=000000007fe69668
RIP=000000007f6e7d68 RFL=00000246 [---Z-P-] CPL=0 II=0 A20=1 SMM=0 HLT=0
ES =0030 0000000000000000 ffffffff 00cf9300 DPL=0 DS   [-WA]
CS =0038 0000000000000000 ffffffff 00af9a00 DPL=0 CS64 [-R-]
SS =0030 0000000000000000 ffffffff 00cf9300 DPL=0 DS   [-WA]
DS =0030 0000000000000000 ffffffff 00cf9300 DPL=0 DS   [-WA]
FS =0030 0000000000000000 ffffffff 00cf9300 DPL=0 DS   [-WA]
GS =0030 0000000000000000 ffffffff 00cf9300 DPL=0 DS   [-WA]
LDT=0000 0000000000000000 0000ffff 00008200 DPL=0 LDT
TR =0048 000000007f5da058 00000067 00008900 DPL=0 TSS64-avl
GDT=     000000007f5da000 00000057
IDT=     000000007bb7af58 00000fff
CR0=80010033 CR2=0000000000000000 CR3=000000007f801000 CR4=00000668
DR0=0000000000000000 DR1=0000000000000000 DR2=0000000000000000 DR3=0000000000000000 
DR6=00000000ffff0ff0 DR7=0000000000000400
CCS=0000000000000044 CCD=0000000000000000 CCO=EFLAGS
EFER=0000000000000d00
Servicing hardware INT=0x20
    60: v=20 e=0000 i=0 cpl=0 IP=0038:000000007f6e7d68 pc=000000007f6e7d68 SP=0030:000000007fe69570 env->regs[R_EAX]=0000000000000000
RAX=0000000000000000 RBX=00000000ffc109c0 RCX=0000000000000101 RDX=0000000000000000
RSI=0000000000000010 RDI=00000000ffc109ed RBP=000000007fe695a0 RSP=000000007fe69570
R8 =00000000000009c0 R9 =000000007fe69668 R10=0000000000000000 R11=000000007f6e7dfe
R12=00000000ffc109ed R13=0000000000000010 R14=000000000000002d R15=000000007fe69668
RIP=000000007f6e7d68 RFL=00000246 [---Z-P-] CPL=0 II=0 A20=1 SMM=0 HLT=0
ES =0030 0000000000000000 ffffffff 00cf9300 DPL=0 DS   [-WA]
CS =0038 0000000000000000 ffffffff 00af9a00 DPL=0 CS64 [-R-]
SS =0030 0000000000000000 ffffffff 00cf9300 DPL=0 DS   [-WA]
DS =0030 0000000000000000 ffffffff 00cf9300 DPL=0 DS   [-WA]
FS =0030 0000000000000000 ffffffff 00cf9300 DPL=0 DS   [-WA]
GS =0030 0000000000000000 ffffffff 00cf9300 DPL=0 DS   [-WA]
LDT=0000 0000000000000000 0000ffff 00008200 DPL=0 LDT
TR =0048 000000007f5da058 00000067 00008900 DPL=0 TSS64-avl
GDT=     000000007f5da000 00000057
IDT=     000000007bb7af58 00000fff
CR0=80010033 CR2=0000000000000000 CR3=000000007f801000 CR4=00000668
DR0=0000000000000000 DR1=0000000000000000 DR2=0000000000000000 DR3=0000000000000000 
DR6=00000000ffff0ff0 DR7=0000000000000400
CCS=0000000000000044 CCD=0000000000000000 CCO=EFLAGS
EFER=0000000000000d00
Servicing hardware INT=0x20
    61: v=20 e=0000 i=0 cpl=0 IP=0038:000000007f6e7d68 pc=000000007f6e7d68 SP=0030:000000007fe69570 env->regs[R_EAX]=0000000000000000
RAX=0000000000000000 RBX=00000000ffc109c0 RCX=0000000000000101 RDX=0000000000000000
RSI=0000000000000010 RDI=00000000ffc10acf RBP=000000007fe695a0 RSP=000000007fe69570
R8 =00000000000009c0 R9 =000000007fe69668 R10=0000000000000000 R11=000000007f6e7dfe
R12=00000000ffc10acf R13=0000000000000010 R14=000000000000010f R15=000000007fe69668
RIP=000000007f6e7d68 RFL=00000246 [---Z-P-] CPL=0 II=0 A20=1 SMM=0 HLT=0
ES =0030 0000000000000000 ffffffff 00cf9300 DPL=0 DS   [-WA]
CS =0038 0000000000000000 ffffffff 00af9a00 DPL=0 CS64 [-R-]
SS =0030 0000000000000000 ffffffff 00cf9300 DPL=0 DS   [-WA]
DS =0030 0000000000000000 ffffffff 00cf9300 DPL=0 DS   [-WA]
FS =0030 0000000000000000 ffffffff 00cf9300 DPL=0 DS   [-WA]
GS =0030 0000000000000000 ffffffff 00cf9300 DPL=0 DS   [-WA]
LDT=0000 0000000000000000 0000ffff 00008200 DPL=0 LDT
TR =0048 000000007f5da058 00000067 00008900 DPL=0 TSS64-avl
GDT=     000000007f5da000 00000057
IDT=     000000007bb7af58 00000fff
CR0=80010033 CR2=0000000000000000 CR3=000000007f801000 CR4=00000668
DR0=0000000000000000 DR1=0000000000000000 DR2=0000000000000000 DR3=0000000000000000 
DR6=00000000ffff0ff0 DR7=0000000000000400
CCS=0000000000000044 CCD=0000000000000000 CCO=EFLAGS
EFER=0000000000000d00
Servicing hardware INT=0x20
    62: v=20 e=0000 i=0 cpl=0 IP=0038:000000007f6e7d68 pc=000000007f6e7d68 SP=0030:000000007fe69570 env->regs[R_EAX]=0000000000000000
RAX=0000000000000000 RBX=00000000ffc10adc RCX=0000000000000101 RDX=0000000000000000
RSI=0000000000000010 RDI=00000000ffc10b9c RBP=000000007fe695a0 RSP=000000007fe69570
R8 =0000000000000adc R9 =000000007fe69668 R10=0000000000000000 R11=000000007f6e7dfe
R12=00000000ffc10b9c R13=0000000000000010 R14=00000000000000c0 R15=000000007fe69668
RIP=000000007f6e7d68 RFL=00000246 [---Z-P-] CPL=0 II=0 A20=1 SMM=0 HLT=0
ES =0030 0000000000000000 ffffffff 00cf9300 DPL=0 DS   [-WA]
CS =0038 0000000000000000 ffffffff 00af9a00 DPL=0 CS64 [-R-]
SS =0030 0000000000000000 ffffffff 00cf9300 DPL=0 DS   [-WA]
DS =0030 0000000000000000 ffffffff 00cf9300 DPL=0 DS   [-WA]
FS =0030 0000000000000000 ffffffff 00cf9300 DPL=0 DS   [-WA]
GS =0030 0000000000000000 ffffffff 00cf9300 DPL=0 DS   [-WA]
LDT=0000 0000000000000000 0000ffff 00008200 DPL=0 LDT
TR =0048 000000007f5da058 00000067 00008900 DPL=0 TSS64-avl
GDT=     000000007f5da000 00000057
IDT=     000000007bb7af58 00000fff
CR0=80010033 CR2=0000000000000000 CR3=000000007f801000 CR4=00000668
DR0=0000000000000000 DR1=0000000000000000 DR2=0000000000000000 DR3=0000000000000000 
DR6=00000000ffff0ff0 DR7=0000000000000400
CCS=0000000000000044 CCD=0000000000000000 CCO=EFLAGS
EFER=0000000000000d00
Servicing hardware INT=0x20
    63: v=20 e=0000 i=0 cpl=0 IP=0038:000000007ea513ff pc=000000007ea513ff SP=0030:000000007fe695b0 env->regs[R_EAX]=000000007fe69670
RAX=000000007fe69670 RBX=000000007f747fff RCX=000000007f72ef08 RDX=0000000000000000
RSI=0000000000019fff RDI=000000007fe69670 RBP=000000007fe697e0 RSP=000000007fe695b0
R8 =0000000000000000 R9 =000000007f747058 R10=000000007f747000 R11=000000007f747000
R12=000000007f747008 R13=000000007f72e000 R14=0000000000000000 R15=000000007ea5b9d8
RIP=000000007ea513ff RFL=00000202 [-------] CPL=0 II=0 A20=1 SMM=0 HLT=0
ES =0030 0000000000000000 ffffffff 00cf9300 DPL=0 DS   [-WA]
CS =0038 0000000000000000 ffffffff 00af9a00 DPL=0 CS64 [-R-]
SS =0030 0000000000000000 ffffffff 00cf9300 DPL=0 DS   [-WA]
DS =0030 0000000000000000 ffffffff 00cf9300 DPL=0 DS   [-WA]
FS =0030 0000000000000000 ffffffff 00cf9300 DPL=0 DS   [-WA]
GS =0030 0000000000000000 ffffffff 00cf9300 DPL=0 DS   [-WA]
LDT=0000 0000000000000000 0000ffff 00008200 DPL=0 LDT
TR =0048 000000007f5da058 00000067 00008900 DPL=0 TSS64-avl
GDT=     000000007f5da000 00000057
IDT=     000000007bb7af58 00000fff
CR0=80010033 CR2=0000000000000000 CR3=000000007f801000 CR4=00000668
DR0=0000000000000000 DR1=0000000000000000 DR2=0000000000000000 DR3=0000000000000000 
DR6=00000000ffff0ff0 DR7=0000000000000400
CCS=0000000000000000 CCD=000000007f747058 CCO=EFLAGS
EFER=0000000000000d00
Servicing hardware INT=0x20
    64: v=20 e=0000 i=0 cpl=0 IP=0038:000000007e7eba4a pc=000000007e7eba4a SP=0030:000000007fe69878 env->regs[R_EAX]=000000007ea65e18
RAX=000000007ea65e18 RBX=000000007ea65e18 RCX=000000007eb60360 RDX=000000007efd0208
RSI=000000007e7fc4c6 RDI=000000007ea65e18 RBP=000000007fe69950 RSP=000000007fe69878
R8 =00000000000000af R9 =0000000000000018 R10=0000000000000000 R11=0000000000000000
R12=0000000000000101 R13=000000007fe698ac R14=0000000000000001 R15=000000007e7fc4c6
RIP=000000007e7eba4a RFL=00000206 [-----P-] CPL=0 II=0 A20=1 SMM=0 HLT=0
ES =0030 0000000000000000 ffffffff 00cf9300 DPL=0 DS   [-WA]
CS =0038 0000000000000000 ffffffff 00af9a00 DPL=0 CS64 [-R-]
SS =0030 0000000000000000 ffffffff 00cf9300 DPL=0 DS   [-WA]
DS =0030 0000000000000000 ffffffff 00cf9300 DPL=0 DS   [-WA]
FS =0030 0000000000000000 ffffffff 00cf9300 DPL=0 DS   [-WA]
GS =0030 0000000000000000 ffffffff 00cf9300 DPL=0 DS   [-WA]
LDT=0000 0000000000000000 0000ffff 00008200 DPL=0 LDT
TR =0048 000000007f5da058 00000067 00008900 DPL=0 TSS64-avl
GDT=     000000007f5da000 00000057
IDT=     000000007bb7af58 00000fff
CR0=80010033 CR2=0000000000000000 CR3=000000007f801000 CR4=00000668
DR0=0000000000000000 DR1=0000000000000000 DR2=0000000000000000 DR3=0000000000000000 
DR6=00000000ffff0ff0 DR7=0000000000000400
CCS=0000000000000004 CCD=000000007ea65e18 CCO=EFLAGS
EFER=0000000000000d00
Servicing hardware INT=0x20
    65: v=20 e=0000 i=0 cpl=0 IP=0038:000000007eb8b8e0 pc=000000007eb8b8e0 SP=0030:000000007fe69350 env->regs[R_EAX]=0000000000000000
RAX=0000000000000000 RBX=000000008002d080 RCX=0000000000000002 RDX=000000007eb8c4e0
RSI=0000000000000002 RDI=00000000000f4be0 RBP=000000007fe693d0 RSP=000000007fe69350
R8 =000000007fe6948c R9 =0000000080000000 R10=00000000000fffff R11=000000000000000a
R12=000000007fe6948c R13=0000000000000000 R14=0000000000000004 R15=0000000000000000
RIP=000000007eb8b8e0 RFL=00000293 [--S-A-C] CPL=0 II=0 A20=1 SMM=0 HLT=0
ES =0030 0000000000000000 ffffffff 00cf9300 DPL=0 DS   [-WA]
CS =0038 0000000000000000 ffffffff 00af9a00 DPL=0 CS64 [-R-]
SS =0030 0000000000000000 ffffffff 00cf9300 DPL=0 DS   [-WA]
DS =0030 0000000000000000 ffffffff 00cf9300 DPL=0 DS   [-WA]
FS =0030 0000000000000000 ffffffff 00cf9300 DPL=0 DS   [-WA]
GS =0030 0000000000000000 ffffffff 00cf9300 DPL=0 DS   [-WA]
LDT=0000 0000000000000000 0000ffff 00008200 DPL=0 LDT
TR =0048 000000007f5da058 00000067 00008900 DPL=0 TSS64-avl
GDT=     000000007f5da000 00000057
IDT=     000000007bb7af58 00000fff
CR0=80010033 CR2=0000000000000000 CR3=000000007f801000 CR4=00000668
DR0=0000000000000000 DR1=0000000000000000 DR2=0000000000000000 DR3=0000000000000000 
DR6=00000000ffff0ff0 DR7=0000000000000400
CCS=0000000000000091 CCD=fffffffffffffffe CCO=EFLAGS
EFER=0000000000000d00
Servicing hardware INT=0x20
    66: v=20 e=0000 i=0 cpl=0 IP=0038:000000007eb8a082 pc=000000007eb8a082 SP=0030:000000007fe69330 env->regs[R_EAX]=0000000000000000
RAX=0000000000000000 RBX=00000000801755ec RCX=0000000000000002 RDX=000000007eb8c4e0
RSI=0000000000000002 RDI=00000000000a2a85 RBP=000000007fe69340 RSP=000000007fe69330
R8 =000000007fe6948c R9 =0000000080000000 R10=00000000000fffff R11=000000000000000a
R12=000000007fe6948c R13=0000000000000000 R14=0000000000000004 R15=0000000000000000
RIP=000000007eb8a082 RFL=00000202 [-------] CPL=0 II=0 A20=1 SMM=0 HLT=0
ES =0030 0000000000000000 ffffffff 00cf9300 DPL=0 DS   [-WA]
CS =0038 0000000000000000 ffffffff 00af9a00 DPL=0 CS64 [-R-]
SS =0030 0000000000000000 ffffffff 00cf9300 DPL=0 DS   [-WA]
DS =0030 0000000000000000 ffffffff 00cf9300 DPL=0 DS   [-WA]
FS =0030 0000000000000000 ffffffff 00cf9300 DPL=0 DS   [-WA]
GS =0030 0000000000000000 ffffffff 00cf9300 DPL=0 DS   [-WA]
LDT=0000 0000000000000000 0000ffff 00008200 DPL=0 LDT
TR =0048 000000007f5da058 00000067 00008900 DPL=0 TSS64-avl
GDT=     000000007f5da000 00000057
IDT=     000000007bb7af58 00000fff
CR0=80010033 CR2=0000000000000000 CR3=000000007f801000 CR4=00000668
DR0=0000000000000000 DR1=0000000000000000 DR2=0000000000000000 DR3=0000000000000000 
DR6=00000000ffff0ff0 DR7=0000000000000400
CCS=0000000000000000 CCD=0000000000000001 CCO=EFLAGS
EFER=0000000000000d00
Servicing hardware INT=0x20
    67: v=20 e=0000 i=0 cpl=0 IP=0038:000000007eb8a082 pc=000000007eb8a082 SP=0030:000000007fe69330 env->regs[R_EAX]=0000000000000000
RAX=0000000000000000 RBX=0000000080190894 RCX=0000000000000002 RDX=000000007eb8c4e0
RSI=0000000000000002 RDI=000000000009bddb RBP=000000007fe69340 RSP=000000007fe69330
R8 =000000007fe6948c R9 =0000000080000000 R10=00000000000fffff R11=000000000000000a
R12=000000007fe6948c R13=0000000000000000 R14=0000000000000004 R15=0000000000000000
RIP=000000007eb8a082 RFL=00000202 [-------] CPL=0 II=0 A20=1 SMM=0 HLT=0
ES =0030 0000000000000000 ffffffff 00cf9300 DPL=0 DS   [-WA]
CS =0038 0000000000000000 ffffffff 00af9a00 DPL=0 CS64 [-R-]
SS =0030 0000000000000000 ffffffff 00cf9300 DPL=0 DS   [-WA]
DS =0030 0000000000000000 ffffffff 00cf9300 DPL=0 DS   [-WA]
FS =0030 0000000000000000 ffffffff 00cf9300 DPL=0 DS   [-WA]
GS =0030 0000000000000000 ffffffff 00cf9300 DPL=0 DS   [-WA]
LDT=0000 0000000000000000 0000ffff 00008200 DPL=0 LDT
TR =0048 000000007f5da058 00000067 00008900 DPL=0 TSS64-avl
GDT=     000000007f5da000 00000057
IDT=     000000007bb7af58 00000fff
CR0=80010033 CR2=0000000000000000 CR3=000000007f801000 CR4=00000668
DR0=0000000000000000 DR1=0000000000000000 DR2=0000000000000000 DR3=0000000000000000 
DR6=00000000ffff0ff0 DR7=0000000000000400
CCS=0000000000000000 CCD=0000000000000001 CCO=EFLAGS
EFER=0000000000000d00
Servicing hardware INT=0x20
    68: v=20 e=0000 i=0 cpl=0 IP=0038:000000007eb8b8b3 pc=000000007eb8b8b3 SP=0030:000000007fe69350 env->regs[R_EAX]=0000000000000000
RAX=0000000000000000 RBX=0000000080215318 RCX=0000000000000002 RDX=000000007eb8c4e0
RSI=0000000000000002 RDI=000000000007ab3a RBP=000000007fe693d0 RSP=000000007fe69350
R8 =000000007fe6948c R9 =0000000080000000 R10=00000000000fffff R11=000000000000000a
R12=000000007fe6948c R13=0000000000000000 R14=0000000000000004 R15=0000000000000000
RIP=000000007eb8b8b3 RFL=00000246 [---Z-P-] CPL=0 II=0 A20=1 SMM=0 HLT=0
ES =0030 0000000000000000 ffffffff 00cf9300 DPL=0 DS   [-WA]
CS =0038 0000000000000000 ffffffff 00af9a00 DPL=0 CS64 [-R-]
SS =0030 0000000000000000 ffffffff 00cf9300 DPL=0 DS   [-WA]
DS =0030 0000000000000000 ffffffff 00cf9300 DPL=0 DS   [-WA]
FS =0030 0000000000000000 ffffffff 00cf9300 DPL=0 DS   [-WA]
GS =0030 0000000000000000 ffffffff 00cf9300 DPL=0 DS   [-WA]
LDT=0000 0000000000000000 0000ffff 00008200 DPL=0 LDT
TR =0048 000000007f5da058 00000067 00008900 DPL=0 TSS64-avl
GDT=     000000007f5da000 00000057
IDT=     000000007bb7af58 00000fff
CR0=80010033 CR2=0000000000000000 CR3=000000007f801000 CR4=00000668
DR0=0000000000000000 DR1=0000000000000000 DR2=0000000000000000 DR3=0000000000000000 
DR6=00000000ffff0ff0 DR7=0000000000000400
CCS=0000000000000044 CCD=0000000000000000 CCO=EFLAGS
EFER=0000000000000d00
Servicing hardware INT=0x20
    69: v=20 e=0000 i=0 cpl=0 IP=0038:000000007eb8b8e0 pc=000000007eb8b8e0 SP=0030:000000007fe69350 env->regs[R_EAX]=0000000000000000
RAX=0000000000000000 RBX=00000000802b25f8 RCX=0000000000000002 RDX=000000007eb8c4e0
RSI=0000000000000002 RDI=0000000000053682 RBP=000000007fe693d0 RSP=000000007fe69350
R8 =000000007fe6948c R9 =0000000080000000 R10=00000000000fffff R11=000000000000000a
R12=000000007fe6948c R13=0000000000000000 R14=0000000000000004 R15=0000000000000000
RIP=000000007eb8b8e0 RFL=00000293 [--S-A-C] CPL=0 II=0 A20=1 SMM=0 HLT=0
ES =0030 0000000000000000 ffffffff 00cf9300 DPL=0 DS   [-WA]
CS =0038 0000000000000000 ffffffff 00af9a00 DPL=0 CS64 [-R-]
SS =0030 0000000000000000 ffffffff 00cf9300 DPL=0 DS   [-WA]
DS =0030 0000000000000000 ffffffff 00cf9300 DPL=0 DS   [-WA]
FS =0030 0000000000000000 ffffffff 00cf9300 DPL=0 DS   [-WA]
GS =0030 0000000000000000 ffffffff 00cf9300 DPL=0 DS   [-WA]
LDT=0000 0000000000000000 0000ffff 00008200 DPL=0 LDT
TR =0048 000000007f5da058 00000067 00008900 DPL=0 TSS64-avl
GDT=     000000007f5da000 00000057
IDT=     000000007bb7af58 00000fff
CR0=80010033 CR2=0000000000000000 CR3=000000007f801000 CR4=00000668
DR0=0000000000000000 DR1=0000000000000000 DR2=0000000000000000 DR3=0000000000000000 
DR6=00000000ffff0ff0 DR7=0000000000000400
CCS=0000000000000091 CCD=fffffffffffffffe CCO=EFLAGS
EFER=0000000000000d00
Servicing hardware INT=0x20
    70: v=20 e=0000 i=0 cpl=0 IP=0038:000000007eb8b8e0 pc=000000007eb8b8e0 SP=0030:000000007fe69350 env->regs[R_EAX]=0000000000000000
RAX=0000000000000000 RBX=000000008035f844 RCX=0000000000000002 RDX=000000007eb8c4e0
RSI=0000000000000002 RDI=00000000000281ef RBP=000000007fe693d0 RSP=000000007fe69350
R8 =000000007fe6948c R9 =0000000080000000 R10=00000000000fffff R11=000000000000000a
R12=000000007fe6948c R13=0000000000000000 R14=0000000000000004 R15=0000000000000000
RIP=000000007eb8b8e0 RFL=00000293 [--S-A-C] CPL=0 II=0 A20=1 SMM=0 HLT=0
ES =0030 0000000000000000 ffffffff 00cf9300 DPL=0 DS   [-WA]
CS =0038 0000000000000000 ffffffff 00af9a00 DPL=0 CS64 [-R-]
SS =0030 0000000000000000 ffffffff 00cf9300 DPL=0 DS   [-WA]
DS =0030 0000000000000000 ffffffff 00cf9300 DPL=0 DS   [-WA]
FS =0030 0000000000000000 ffffffff 00cf9300 DPL=0 DS   [-WA]
GS =0030 0000000000000000 ffffffff 00cf9300 DPL=0 DS   [-WA]
LDT=0000 0000000000000000 0000ffff 00008200 DPL=0 LDT
TR =0048 000000007f5da058 00000067 00008900 DPL=0 TSS64-avl
GDT=     000000007f5da000 00000057
IDT=     000000007bb7af58 00000fff
CR0=80010033 CR2=0000000000000000 CR3=000000007f801000 CR4=00000668
DR0=0000000000000000 DR1=0000000000000000 DR2=0000000000000000 DR3=0000000000000000 
DR6=00000000ffff0ff0 DR7=0000000000000400
CCS=0000000000000091 CCD=fffffffffffffffe CCO=EFLAGS
EFER=0000000000000d00
Servicing hardware INT=0x20
    71: v=20 e=0000 i=0 cpl=0 IP=0038:000000007fe6c6a5 pc=000000007fe6c6a5 SP=0030:000000007fe691f8 env->regs[R_EAX]=0000000000000001
RAX=0000000000000001 RBX=000000007e6d7000 RCX=000000007fe69210 RDX=00000000ffff0f00
RSI=000000007e6d7000 RDI=000000007fe91970 RBP=000000007fe69220 RSP=000000007fe691f8
R8 =000000007e6d7000 R9 =000000007e6d7fff R10=0000000000000000 R11=000000000000000a
R12=000000007fe91b60 R13=0000000000000004 R14=000000007fe91900 R15=000000007eac9280
RIP=000000007fe6c6a5 RFL=00000202 [-------] CPL=0 II=0 A20=1 SMM=0 HLT=0
ES =0030 0000000000000000 ffffffff 00cf9300 DPL=0 DS   [-WA]
CS =0038 0000000000000000 ffffffff 00af9a00 DPL=0 CS64 [-R-]
SS =0030 0000000000000000 ffffffff 00cf9300 DPL=0 DS   [-WA]
DS =0030 0000000000000000 ffffffff 00cf9300 DPL=0 DS   [-WA]
FS =0030 0000000000000000 ffffffff 00cf9300 DPL=0 DS   [-WA]
GS =0030 0000000000000000 ffffffff 00cf9300 DPL=0 DS   [-WA]
LDT=0000 0000000000000000 0000ffff 00008200 DPL=0 LDT
TR =0048 000000007f5da058 00000067 00008900 DPL=0 TSS64-avl
GDT=     000000007f5da000 00000057
IDT=     000000007bb7af58 00000fff
CR0=80010033 CR2=0000000000000000 CR3=000000007f801000 CR4=00000668
DR0=0000000000000000 DR1=0000000000000000 DR2=0000000000000000 DR3=0000000000000000 
DR6=00000000ffff0ff0 DR7=0000000000000400
CCS=0000000000000000 CCD=00000000000006a1 CCO=EFLAGS
EFER=0000000000000d00
Servicing hardware INT=0x20
    72: v=20 e=0000 i=0 cpl=0 IP=0038:000000007eb4902e pc=000000007eb4902e SP=0030:000000007fe694a8 env->regs[R_EAX]=000000007eb60360
RAX=000000007eb60360 RBX=0000000000000010 RCX=000000007eb60360 RDX=000000007e77b0a0
RSI=000000007ea05e20 RDI=0000000000000001 RBP=000000007fe694e0 RSP=000000007fe694a8
R8 =000000007fe696b8 R9 =000000007f4ecb18 R10=0000000000000000 R11=000000007e7830c0
R12=0000000000000004 R13=000000007fe696b8 R14=000000007ea36818 R15=000000007ea36858
RIP=000000007eb4902e RFL=00000202 [-------] CPL=0 II=0 A20=1 SMM=0 HLT=0
ES =0030 0000000000000000 ffffffff 00cf9300 DPL=0 DS   [-WA]
CS =0038 0000000000000000 ffffffff 00af9a00 DPL=0 CS64 [-R-]
SS =0030 0000000000000000 ffffffff 00cf9300 DPL=0 DS   [-WA]
DS =0030 0000000000000000 ffffffff 00cf9300 DPL=0 DS   [-WA]
FS =0030 0000000000000000 ffffffff 00cf9300 DPL=0 DS   [-WA]
GS =0030 0000000000000000 ffffffff 00cf9300 DPL=0 DS   [-WA]
LDT=0000 0000000000000000 0000ffff 00008200 DPL=0 LDT
TR =0048 000000007f5da058 00000067 00008900 DPL=0 TSS64-avl
GDT=     000000007f5da000 00000057
IDT=     000000007bb7af58 00000fff
CR0=80010033 CR2=0000000000000000 CR3=000000007f801000 CR4=00000668
DR0=0000000000000000 DR1=0000000000000000 DR2=0000000000000000 DR3=0000000000000000 
DR6=00000000ffff0ff0 DR7=0000000000000400
CCS=0000000000000000 CCD=000000007fe694b0 CCO=EFLAGS
EFER=0000000000000d00
Servicing hardware INT=0x20
    73: v=20 e=0000 i=0 cpl=0 IP=0038:000000007efba71f pc=000000007efba71f SP=0030:000000007fe69420 env->regs[R_EAX]=000000007e6c0800
RAX=000000007e6c0800 RBX=000000007e6c0849 RCX=000000007e6c0849 RDX=000000007e6c0800
RSI=0000000000000013 RDI=0000000000000031 RBP=000000007fe69450 RSP=000000007fe69420
R8 =00000000000000af R9 =0000000000000050 R10=0000000000000000 R11=000000007e7830c0
R12=000000007e6c0918 R13=000000007e6c0818 R14=0000000000000000 R15=000000007fe695d0
RIP=000000007efba71f RFL=00000202 [-------] CPL=0 II=0 A20=1 SMM=0 HLT=0
ES =0030 0000000000000000 ffffffff 00cf9300 DPL=0 DS   [-WA]
CS =0038 0000000000000000 ffffffff 00af9a00 DPL=0 CS64 [-R-]
SS =0030 0000000000000000 ffffffff 00cf9300 DPL=0 DS   [-WA]
DS =0030 0000000000000000 ffffffff 00cf9300 DPL=0 DS   [-WA]
FS =0030 0000000000000000 ffffffff 00cf9300 DPL=0 DS   [-WA]
GS =0030 0000000000000000 ffffffff 00cf9300 DPL=0 DS   [-WA]
LDT=0000 0000000000000000 0000ffff 00008200 DPL=0 LDT
TR =0048 000000007f5da058 00000067 00008900 DPL=0 TSS64-avl
GDT=     000000007f5da000 00000057
IDT=     000000007bb7af58 00000fff
CR0=80010033 CR2=0000000000000000 CR3=000000007f801000 CR4=00000668
DR0=0000000000000000 DR1=0000000000000000 DR2=0000000000000000 DR3=0000000000000000 
DR6=00000000ffff0ff0 DR7=0000000000000400
CCS=0000000000000000 CCD=000000007fe69408 CCO=EFLAGS
EFER=0000000000000d00
Servicing hardware INT=0x20
    74: v=20 e=0000 i=0 cpl=0 IP=0038:000000007eb4902e pc=000000007eb4902e SP=0030:000000007fe69588 env->regs[R_EAX]=000000007eb60360
RAX=000000007eb60360 RBX=0000000000000010 RCX=000000007eb60360 RDX=000000007ea3f918
RSI=000000007fe69798 RDI=0000000000000001 RBP=000000007fe695c0 RSP=000000007fe69588
R8 =000000007e69d018 R9 =0000000000000000 R10=0000000000000000 R11=0000000000000064
R12=0000000000000004 R13=0000000000000000 R14=000000007fe69798 R15=000000007e69dd18
RIP=000000007eb4902e RFL=00000206 [-----P-] CPL=0 II=0 A20=1 SMM=0 HLT=0
ES =0030 0000000000000000 ffffffff 00cf9300 DPL=0 DS   [-WA]
CS =0038 0000000000000000 ffffffff 00af9a00 DPL=0 CS64 [-R-]
SS =0030 0000000000000000 ffffffff 00cf9300 DPL=0 DS   [-WA]
DS =0030 0000000000000000 ffffffff 00cf9300 DPL=0 DS   [-WA]
FS =0030 0000000000000000 ffffffff 00cf9300 DPL=0 DS   [-WA]
GS =0030 0000000000000000 ffffffff 00cf9300 DPL=0 DS   [-WA]
LDT=0000 0000000000000000 0000ffff 00008200 DPL=0 LDT
TR =0048 000000007f5da058 00000067 00008900 DPL=0 TSS64-avl
GDT=     000000007f5da000 00000057
IDT=     000000007bb7af58 00000fff
CR0=80010033 CR2=0000000000000000 CR3=000000007f801000 CR4=00000668
DR0=0000000000000000 DR1=0000000000000000 DR2=0000000000000000 DR3=0000000000000000 
DR6=00000000ffff0ff0 DR7=0000000000000400
CCS=0000000000000004 CCD=000000007fe69590 CCO=EFLAGS
EFER=0000000000000d00
Servicing hardware INT=0x20
    75: v=20 e=0000 i=0 cpl=0 IP=0038:000000007f6e7d68 pc=000000007f6e7d68 SP=0030:000000007fe694b0 env->regs[R_EAX]=0000000000000000
RAX=0000000000000000 RBX=00000000ffc10c38 RCX=0000000000000101 RDX=0000000000000000
RSI=0000000000000010 RDI=00000000ffc10cab RBP=000000007fe694e0 RSP=000000007fe694b0
R8 =0000000000000c38 R9 =000000007fe695a8 R10=0000000000000000 R11=000000007f6e7dfe
R12=00000000ffc10cab R13=0000000000000010 R14=0000000000000073 R15=000000007fe695a8
RIP=000000007f6e7d68 RFL=00000246 [---Z-P-] CPL=0 II=0 A20=1 SMM=0 HLT=0
ES =0030 0000000000000000 ffffffff 00cf9300 DPL=0 DS   [-WA]
CS =0038 0000000000000000 ffffffff 00af9a00 DPL=0 CS64 [-R-]
SS =0030 0000000000000000 ffffffff 00cf9300 DPL=0 DS   [-WA]
DS =0030 0000000000000000 ffffffff 00cf9300 DPL=0 DS   [-WA]
FS =0030 0000000000000000 ffffffff 00cf9300 DPL=0 DS   [-WA]
GS =0030 0000000000000000 ffffffff 00cf9300 DPL=0 DS   [-WA]
LDT=0000 0000000000000000 0000ffff 00008200 DPL=0 LDT
TR =0048 000000007f5da058 00000067 00008900 DPL=0 TSS64-avl
GDT=     000000007f5da000 00000057
IDT=     000000007bb7af58 00000fff
CR0=80010033 CR2=0000000000000000 CR3=000000007f801000 CR4=00000668
DR0=0000000000000000 DR1=0000000000000000 DR2=0000000000000000 DR3=0000000000000000 
DR6=00000000ffff0ff0 DR7=0000000000000400
CCS=0000000000000044 CCD=0000000000000000 CCO=EFLAGS
EFER=0000000000000d00
Servicing hardware INT=0x20
    76: v=20 e=0000 i=0 cpl=0 IP=0038:000000007f6e7d68 pc=000000007f6e7d68 SP=0030:000000007fe694b0 env->regs[R_EAX]=0000000000000000
RAX=0000000000000000 RBX=00000000ffc10d48 RCX=0000000000000101 RDX=0000000000000000
RSI=00000000000000aa RDI=00000000ffc10d48 RBP=000000007fe694e0 RSP=000000007fe694b0
R8 =0000000000000d48 R9 =000000007fe695a8 R10=0000000000000000 R11=000000007f6e7dfe
R12=00000000ffc10d48 R13=00000000000000aa R14=0000000000000001 R15=000000007fe695a8
RIP=000000007f6e7d68 RFL=00000246 [---Z-P-] CPL=0 II=0 A20=1 SMM=0 HLT=0
ES =0030 0000000000000000 ffffffff 00cf9300 DPL=0 DS   [-WA]
CS =0038 0000000000000000 ffffffff 00af9a00 DPL=0 CS64 [-R-]
SS =0030 0000000000000000 ffffffff 00cf9300 DPL=0 DS   [-WA]
DS =0030 0000000000000000 ffffffff 00cf9300 DPL=0 DS   [-WA]
FS =0030 0000000000000000 ffffffff 00cf9300 DPL=0 DS   [-WA]
GS =0030 0000000000000000 ffffffff 00cf9300 DPL=0 DS   [-WA]
LDT=0000 0000000000000000 0000ffff 00008200 DPL=0 LDT
TR =0048 000000007f5da058 00000067 00008900 DPL=0 TSS64-avl
GDT=     000000007f5da000 00000057
IDT=     000000007bb7af58 00000fff
CR0=80010033 CR2=0000000000000000 CR3=000000007f801000 CR4=00000668
DR0=0000000000000000 DR1=0000000000000000 DR2=0000000000000000 DR3=0000000000000000 
DR6=00000000ffff0ff0 DR7=0000000000000400
CCS=0000000000000044 CCD=0000000000000000 CCO=EFLAGS
EFER=0000000000000d00
Servicing hardware INT=0x20
    77: v=20 e=0000 i=0 cpl=0 IP=0038:000000007fe73d91 pc=000000007fe73d91 SP=0030:000000007fe69718 env->regs[R_EAX]=0000000000000007
RAX=0000000000000007 RBX=000000007fe93260 RCX=0000000000000a80 RDX=000000007fe90170
RSI=0000000030646870 RDI=0000000000001000 RBP=000000007fe69770 RSP=000000007fe69718
R8 =00000000000000af R9 =0000000000000040 R10=0000000000000000 R11=000000007f6e7dfe
R12=0000000000000068 R13=000000007ea65e00 R14=0000000000000000 R15=000000007ea65e18
RIP=000000007fe73d91 RFL=00000293 [--S-A-C] CPL=0 II=0 A20=1 SMM=0 HLT=0
ES =0030 0000000000000000 ffffffff 00cf9300 DPL=0 DS   [-WA]
CS =0038 0000000000000000 ffffffff 00af9a00 DPL=0 CS64 [-R-]
SS =0030 0000000000000000 ffffffff 00cf9300 DPL=0 DS   [-WA]
DS =0030 0000000000000000 ffffffff 00cf9300 DPL=0 DS   [-WA]
FS =0030 0000000000000000 ffffffff 00cf9300 DPL=0 DS   [-WA]
GS =0030 0000000000000000 ffffffff 00cf9300 DPL=0 DS   [-WA]
LDT=0000 0000000000000000 0000ffff 00008200 DPL=0 LDT
TR =0048 000000007f5da058 00000067 00008900 DPL=0 TSS64-avl
GDT=     000000007f5da000 00000057
IDT=     000000007bb7af58 00000fff
CR0=80010033 CR2=0000000000000000 CR3=000000007f801000 CR4=00000668
DR0=0000000000000000 DR1=0000000000000000 DR2=0000000000000000 DR3=0000000000000000 
DR6=00000000ffff0ff0 DR7=0000000000000400
CCS=0000000000000091 CCD=fffffffffffffffb CCO=EFLAGS
EFER=0000000000000d00
Servicing hardware INT=0x20
    78: v=20 e=0000 i=0 cpl=0 IP=0038:000000007fe74f46 pc=000000007fe74f46 SP=0030:000000007fe69668 env->regs[R_EAX]=000000007fe92180
RAX=000000007fe92180 RBX=000000007f5c81f8 RCX=0000000000000004 RDX=000000007f5c8210
RSI=000000007e7fe490 RDI=000000007f5c81f8 RBP=000000007fe696a0 RSP=000000007fe69668
R8 =0000000000000d4a R9 =000000007fe695a8 R10=0000000000000000 R11=000000007f6e7dfe
R12=0000000000000007 R13=000000007e7fc382 R14=0000000000000000 R15=0000000000000000
RIP=000000007fe74f46 RFL=00000202 [-------] CPL=0 II=0 A20=1 SMM=0 HLT=0
ES =0030 0000000000000000 ffffffff 00cf9300 DPL=0 DS   [-WA]
CS =0038 0000000000000000 ffffffff 00af9a00 DPL=0 CS64 [-R-]
SS =0030 0000000000000000 ffffffff 00cf9300 DPL=0 DS   [-WA]
DS =0030 0000000000000000 ffffffff 00cf9300 DPL=0 DS   [-WA]
FS =0030 0000000000000000 ffffffff 00cf9300 DPL=0 DS   [-WA]
GS =0030 0000000000000000 ffffffff 00cf9300 DPL=0 DS   [-WA]
LDT=0000 0000000000000000 0000ffff 00008200 DPL=0 LDT
TR =0048 000000007f5da058 00000067 00008900 DPL=0 TSS64-avl
GDT=     000000007f5da000 00000057
IDT=     000000007bb7af58 00000fff
CR0=80010033 CR2=0000000000000000 CR3=000000007f801000 CR4=00000668
DR0=0000000000000000 DR1=0000000000000000 DR2=0000000000000000 DR3=0000000000000000 
DR6=00000000ffff0ff0 DR7=0000000000000400
CCS=0000000000000000 CCD=000000007fe69670 CCO=EFLAGS
EFER=0000000000000d00
Servicing hardware INT=0x20
    79: v=20 e=0000 i=0 cpl=0 IP=0038:000000007e6e7af8 pc=000000007e6e7af8 SP=0030:000000007fe695c0 env->regs[R_EAX]=0000000000000069
RAX=0000000000000069 RBX=00000000008e4a94 RCX=0000000000000608 RDX=00000000008e4a2b
RSI=000000007fe6969f RDI=000000007e69b018 RBP=000000007fe695f0 RSP=000000007fe695c0
R8 =000000007e6db598 R9 =0000000000000064 R10=0000000000000000 R11=000000007e7830c0
R12=0000000000000784 R13=000000007fe6969f R14=000000007e6ec110 R15=000000007e69c900
RIP=000000007e6e7af8 RFL=00000206 [-----P-] CPL=0 II=0 A20=1 SMM=0 HLT=0
ES =0030 0000000000000000 ffffffff 00cf9300 DPL=0 DS   [-WA]
CS =0038 0000000000000000 ffffffff 00af9a00 DPL=0 CS64 [-R-]
SS =0030 0000000000000000 ffffffff 00cf9300 DPL=0 DS   [-WA]
DS =0030 0000000000000000 ffffffff 00cf9300 DPL=0 DS   [-WA]
FS =0030 0000000000000000 ffffffff 00cf9300 DPL=0 DS   [-WA]
GS =0030 0000000000000000 ffffffff 00cf9300 DPL=0 DS   [-WA]
LDT=0000 0000000000000000 0000ffff 00008200 DPL=0 LDT
TR =0048 000000007f5da058 00000067 00008900 DPL=0 TSS64-avl
GDT=     000000007f5da000 00000057
IDT=     000000007bb7af58 00000fff
CR0=80010033 CR2=0000000000000000 CR3=000000007f801000 CR4=00000668
DR0=0000000000000000 DR1=0000000000000000 DR2=0000000000000000 DR3=0000000000000000 
DR6=00000000ffff0ff0 DR7=0000000000000400
CCS=0000000000000004 CCD=0000000000000069 CCO=EFLAGS
EFER=0000000000000d00
Servicing hardware INT=0x20
    80: v=20 e=0000 i=0 cpl=0 IP=0038:000000007e6e7af8 pc=000000007e6e7af8 SP=0030:000000007fe695c0 env->regs[R_EAX]=0000000000000053
RAX=0000000000000053 RBX=00000000008ed20e RCX=0000000000000608 RDX=00000000008ed1bb
RSI=000000007fe6969f RDI=000000007e69b018 RBP=000000007fe695f0 RSP=000000007fe695c0
R8 =000000007e6db598 R9 =0000000000000064 R10=0000000000000000 R11=000000007e7830c0
R12=000000000000064f R13=000000007fe6969f R14=000000007e6ec110 R15=000000007e69c900
RIP=000000007e6e7af8 RFL=00000206 [-----P-] CPL=0 II=0 A20=1 SMM=0 HLT=0
ES =0030 0000000000000000 ffffffff 00cf9300 DPL=0 DS   [-WA]
CS =0038 0000000000000000 ffffffff 00af9a00 DPL=0 CS64 [-R-]
SS =0030 0000000000000000 ffffffff 00cf9300 DPL=0 DS   [-WA]
DS =0030 0000000000000000 ffffffff 00cf9300 DPL=0 DS   [-WA]
FS =0030 0000000000000000 ffffffff 00cf9300 DPL=0 DS   [-WA]
GS =0030 0000000000000000 ffffffff 00cf9300 DPL=0 DS   [-WA]
LDT=0000 0000000000000000 0000ffff 00008200 DPL=0 LDT
TR =0048 000000007f5da058 00000067 00008900 DPL=0 TSS64-avl
GDT=     000000007f5da000 00000057
IDT=     000000007bb7af58 00000fff
CR0=80010033 CR2=0000000000000000 CR3=000000007f801000 CR4=00000668
DR0=0000000000000000 DR1=0000000000000000 DR2=0000000000000000 DR3=0000000000000000 
DR6=00000000ffff0ff0 DR7=0000000000000400
CCS=0000000000000004 CCD=0000000000000053 CCO=EFLAGS
EFER=0000000000000d00
Servicing hardware INT=0x20
    81: v=20 e=0000 i=0 cpl=0 IP=0038:000000007e6e7af8 pc=000000007e6e7af8 SP=0030:000000007fe695c0 env->regs[R_EAX]=0000000000000044
RAX=0000000000000044 RBX=00000000008f5e56 RCX=0000000000000608 RDX=00000000008f5e12
RSI=000000007fe6969f RDI=000000007e69b018 RBP=000000007fe695f0 RSP=000000007fe695c0
R8 =000000007e6db598 R9 =0000000000000064 R10=0000000000000000 R11=000000007e7830c0
R12=000000000000050f R13=000000007fe6969f R14=000000007e6ec110 R15=000000007e69c900
RIP=000000007e6e7af8 RFL=00000206 [-----P-] CPL=0 II=0 A20=1 SMM=0 HLT=0
ES =0030 0000000000000000 ffffffff 00cf9300 DPL=0 DS   [-WA]
CS =0038 0000000000000000 ffffffff 00af9a00 DPL=0 CS64 [-R-]
SS =0030 0000000000000000 ffffffff 00cf9300 DPL=0 DS   [-WA]
DS =0030 0000000000000000 ffffffff 00cf9300 DPL=0 DS   [-WA]
FS =0030 0000000000000000 ffffffff 00cf9300 DPL=0 DS   [-WA]
GS =0030 0000000000000000 ffffffff 00cf9300 DPL=0 DS   [-WA]
LDT=0000 0000000000000000 0000ffff 00008200 DPL=0 LDT
TR =0048 000000007f5da058 00000067 00008900 DPL=0 TSS64-avl
GDT=     000000007f5da000 00000057
IDT=     000000007bb7af58 00000fff
CR0=80010033 CR2=0000000000000000 CR3=000000007f801000 CR4=00000668
DR0=0000000000000000 DR1=0000000000000000 DR2=0000000000000000 DR3=0000000000000000 
DR6=00000000ffff0ff0 DR7=0000000000000400
CCS=0000000000000004 CCD=0000000000000044 CCO=EFLAGS
EFER=0000000000000d00
Servicing hardware INT=0x20
    82: v=20 e=0000 i=0 cpl=0 IP=0038:000000007e6e7af8 pc=000000007e6e7af8 SP=0030:000000007fe695c0 env->regs[R_EAX]=0000000000000016
RAX=0000000000000016 RBX=00000000008fff37 RCX=0000000000000608 RDX=00000000008fff21
RSI=000000007fe6969f RDI=000000007e69b018 RBP=000000007fe695f0 RSP=000000007fe695c0
R8 =000000007e6db598 R9 =0000000000000064 R10=0000000000000000 R11=000000007e7830c0
R12=00000000000003af R13=000000007fe6969f R14=000000007e6ec110 R15=000000007e69c900
RIP=000000007e6e7af8 RFL=00000202 [-------] CPL=0 II=0 A20=1 SMM=0 HLT=0
ES =0030 0000000000000000 ffffffff 00cf9300 DPL=0 DS   [-WA]
CS =0038 0000000000000000 ffffffff 00af9a00 DPL=0 CS64 [-R-]
SS =0030 0000000000000000 ffffffff 00cf9300 DPL=0 DS   [-WA]
DS =0030 0000000000000000 ffffffff 00cf9300 DPL=0 DS   [-WA]
FS =0030 0000000000000000 ffffffff 00cf9300 DPL=0 DS   [-WA]
GS =0030 0000000000000000 ffffffff 00cf9300 DPL=0 DS   [-WA]
LDT=0000 0000000000000000 0000ffff 00008200 DPL=0 LDT
TR =0048 000000007f5da058 00000067 00008900 DPL=0 TSS64-avl
GDT=     000000007f5da000 00000057
IDT=     000000007bb7af58 00000fff
CR0=80010033 CR2=0000000000000000 CR3=000000007f801000 CR4=00000668
DR0=0000000000000000 DR1=0000000000000000 DR2=0000000000000000 DR3=0000000000000000 
DR6=00000000ffff0ff0 DR7=0000000000000400
CCS=0000000000000000 CCD=0000000000000016 CCO=EFLAGS
EFER=0000000000000d00
Servicing hardware INT=0x20
    83: v=20 e=0000 i=0 cpl=0 IP=0038:000000007e6e7af8 pc=000000007e6e7af8 SP=0030:000000007fe695c0 env->regs[R_EAX]=0000000000000034
RAX=0000000000000034 RBX=00000000009077eb RCX=0000000000000608 RDX=00000000009077b7
RSI=000000007fe6969f RDI=000000007e69b018 RBP=000000007fe695f0 RSP=000000007fe695c0
R8 =000000007e6db598 R9 =0000000000000064 R10=0000000000000000 R11=000000007e7830c0
R12=00000000000002a9 R13=000000007fe6969f R14=000000007e6ec110 R15=000000007e69c900
RIP=000000007e6e7af8 RFL=00000202 [-------] CPL=0 II=0 A20=1 SMM=0 HLT=0
ES =0030 0000000000000000 ffffffff 00cf9300 DPL=0 DS   [-WA]
CS =0038 0000000000000000 ffffffff 00af9a00 DPL=0 CS64 [-R-]
SS =0030 0000000000000000 ffffffff 00cf9300 DPL=0 DS   [-WA]
DS =0030 0000000000000000 ffffffff 00cf9300 DPL=0 DS   [-WA]
FS =0030 0000000000000000 ffffffff 00cf9300 DPL=0 DS   [-WA]
GS =0030 0000000000000000 ffffffff 00cf9300 DPL=0 DS   [-WA]
LDT=0000 0000000000000000 0000ffff 00008200 DPL=0 LDT
TR =0048 000000007f5da058 00000067 00008900 DPL=0 TSS64-avl
GDT=     000000007f5da000 00000057
IDT=     000000007bb7af58 00000fff
CR0=80010033 CR2=0000000000000000 CR3=000000007f801000 CR4=00000668
DR0=0000000000000000 DR1=0000000000000000 DR2=0000000000000000 DR3=0000000000000000 
DR6=00000000ffff0ff0 DR7=0000000000000400
CCS=0000000000000000 CCD=0000000000000034 CCO=EFLAGS
EFER=0000000000000d00
Servicing hardware INT=0x20
    84: v=20 e=0000 i=0 cpl=0 IP=0038:000000007e6e7af8 pc=000000007e6e7af8 SP=0030:000000007fe695c0 env->regs[R_EAX]=000000000000001e
RAX=000000000000001e RBX=000000000091021c RCX=0000000000000608 RDX=00000000009101fe
RSI=000000007fe6969f RDI=000000007e69b018 RBP=000000007fe695f0 RSP=000000007fe695c0
R8 =000000007e6db598 R9 =0000000000000064 R10=0000000000000000 R11=000000007e7830c0
R12=0000000000000179 R13=000000007fe6969f R14=000000007e6ec110 R15=000000007e69c900
RIP=000000007e6e7af8 RFL=00000206 [-----P-] CPL=0 II=0 A20=1 SMM=0 HLT=0
ES =0030 0000000000000000 ffffffff 00cf9300 DPL=0 DS   [-WA]
CS =0038 0000000000000000 ffffffff 00af9a00 DPL=0 CS64 [-R-]
SS =0030 0000000000000000 ffffffff 00cf9300 DPL=0 DS   [-WA]
DS =0030 0000000000000000 ffffffff 00cf9300 DPL=0 DS   [-WA]
FS =0030 0000000000000000 ffffffff 00cf9300 DPL=0 DS   [-WA]
GS =0030 0000000000000000 ffffffff 00cf9300 DPL=0 DS   [-WA]
LDT=0000 0000000000000000 0000ffff 00008200 DPL=0 LDT
TR =0048 000000007f5da058 00000067 00008900 DPL=0 TSS64-avl
GDT=     000000007f5da000 00000057
IDT=     000000007bb7af58 00000fff
CR0=80010033 CR2=0000000000000000 CR3=000000007f801000 CR4=00000668
DR0=0000000000000000 DR1=0000000000000000 DR2=0000000000000000 DR3=0000000000000000 
DR6=00000000ffff0ff0 DR7=0000000000000400
CCS=0000000000000004 CCD=000000000000001e CCO=EFLAGS
EFER=0000000000000d00
Servicing hardware INT=0x20
    85: v=20 e=0000 i=0 cpl=0 IP=0038:000000007e6e7af8 pc=000000007e6e7af8 SP=0030:000000007fe695c0 env->regs[R_EAX]=0000000000000032
RAX=0000000000000032 RBX=0000000000919bd7 RCX=0000000000000608 RDX=0000000000919ba5
RSI=000000007fe6969f RDI=000000007e69b018 RBP=000000007fe695f0 RSP=000000007fe695c0
R8 =000000007e6db598 R9 =0000000000000064 R10=0000000000000000 R11=000000007e7830c0
R12=0000000000000019 R13=000000007fe6969f R14=000000007e6ec110 R15=000000007e69c900
RIP=000000007e6e7af8 RFL=00000202 [-------] CPL=0 II=0 A20=1 SMM=0 HLT=0
ES =0030 0000000000000000 ffffffff 00cf9300 DPL=0 DS   [-WA]
CS =0038 0000000000000000 ffffffff 00af9a00 DPL=0 CS64 [-R-]
SS =0030 0000000000000000 ffffffff 00cf9300 DPL=0 DS   [-WA]
DS =0030 0000000000000000 ffffffff 00cf9300 DPL=0 DS   [-WA]
FS =0030 0000000000000000 ffffffff 00cf9300 DPL=0 DS   [-WA]
GS =0030 0000000000000000 ffffffff 00cf9300 DPL=0 DS   [-WA]
LDT=0000 0000000000000000 0000ffff 00008200 DPL=0 LDT
TR =0048 000000007f5da058 00000067 00008900 DPL=0 TSS64-avl
GDT=     000000007f5da000 00000057
IDT=     000000007bb7af58 00000fff
CR0=80010033 CR2=0000000000000000 CR3=000000007f801000 CR4=00000668
DR0=0000000000000000 DR1=0000000000000000 DR2=0000000000000000 DR3=0000000000000000 
DR6=00000000ffff0ff0 DR7=0000000000000400
CCS=0000000000000000 CCD=0000000000000032 CCO=EFLAGS
EFER=0000000000000d00
Servicing hardware INT=0x20
    86: v=20 e=0000 i=0 cpl=0 IP=0038:000000007fe6b8b7 pc=000000007fe6b8b7 SP=0030:000000007fe69418 env->regs[R_EAX]=000000007fe92180
RAX=000000007fe92180 RBX=000000007e69a018 RCX=0000000000004e20 RDX=000000007eb3f030
RSI=0000000000000000 RDI=000000007e69a018 RBP=000000007fe694c0 RSP=000000007fe69418
R8 =0000000000000000 R9 =0000000082011020 R10=0000000000000000 R11=0000000000000002
R12=000000007e6ff828 R13=000000007e5d3080 R14=000000007fe69460 R15=0000000000000000
RIP=000000007fe6b8b7 RFL=00000206 [-----P-] CPL=0 II=0 A20=1 SMM=0 HLT=0
ES =0030 0000000000000000 ffffffff 00cf9300 DPL=0 DS   [-WA]
CS =0038 0000000000000000 ffffffff 00af9a00 DPL=0 CS64 [-R-]
SS =0030 0000000000000000 ffffffff 00cf9300 DPL=0 DS   [-WA]
DS =0030 0000000000000000 ffffffff 00cf9300 DPL=0 DS   [-WA]
FS =0030 0000000000000000 ffffffff 00cf9300 DPL=0 DS   [-WA]
GS =0030 0000000000000000 ffffffff 00cf9300 DPL=0 DS   [-WA]
LDT=0000 0000000000000000 0000ffff 00008200 DPL=0 LDT
TR =0048 000000007f5da058 00000067 00008900 DPL=0 TSS64-avl
GDT=     000000007f5da000 00000057
IDT=     000000007bb7af58 00000fff
CR0=80010033 CR2=0000000000000000 CR3=000000007f801000 CR4=00000668
DR0=0000000000000000 DR1=0000000000000000 DR2=0000000000000000 DR3=0000000000000000 
DR6=00000000ffff0ff0 DR7=0000000000000400
CCS=0000000000000004 CCD=000000007eb3f030 CCO=EFLAGS
EFER=0000000000000d00
Servicing hardware INT=0x20
    87: v=20 e=0000 i=0 cpl=0 IP=0038:000000007eb3cf04 pc=000000007eb3cf04 SP=0030:000000007fe69340 env->regs[R_EAX]=0000000000008dca
RAX=0000000000008dca RBX=0000000000933336 RCX=0000000000000608 RDX=000000000092a56c
RSI=0000000000000000 RDI=00000000000117a6 RBP=000000007fe69350 RSP=000000007fe69340
R8 =000000007fe693ec R9 =0000000082011020 R10=0000000000000000 R11=0000000000000002
R12=0000000000000000 R13=000000007e5d3080 R14=000000007fe69460 R15=0000000000000000
RIP=000000007eb3cf04 RFL=00000206 [-----P-] CPL=0 II=0 A20=1 SMM=0 HLT=0
ES =0030 0000000000000000 ffffffff 00cf9300 DPL=0 DS   [-WA]
CS =0038 0000000000000000 ffffffff 00af9a00 DPL=0 CS64 [-R-]
SS =0030 0000000000000000 ffffffff 00cf9300 DPL=0 DS   [-WA]
DS =0030 0000000000000000 ffffffff 00cf9300 DPL=0 DS   [-WA]
FS =0030 0000000000000000 ffffffff 00cf9300 DPL=0 DS   [-WA]
GS =0030 0000000000000000 ffffffff 00cf9300 DPL=0 DS   [-WA]
LDT=0000 0000000000000000 0000ffff 00008200 DPL=0 LDT
TR =0048 000000007f5da058 00000067 00008900 DPL=0 TSS64-avl
GDT=     000000007f5da000 00000057
IDT=     000000007bb7af58 00000fff
CR0=80010033 CR2=0000000000000000 CR3=000000007f801000 CR4=00000668
DR0=0000000000000000 DR1=0000000000000000 DR2=0000000000000000 DR3=0000000000000000 
DR6=00000000ffff0ff0 DR7=0000000000000400
CCS=0000000000000004 CCD=0000000000008dca CCO=EFLAGS
EFER=0000000000000d00
Servicing hardware INT=0x20
    88: v=20 e=0000 i=0 cpl=0 IP=0038:000000007eb3cf04 pc=000000007eb3cf04 SP=0030:000000007fe69340 env->regs[R_EAX]=0000000000000275
RAX=0000000000000275 RBX=0000000000933336 RCX=0000000000000608 RDX=00000000009330c1
RSI=0000000000000000 RDI=00000000000117a6 RBP=000000007fe69350 RSP=000000007fe69340
R8 =000000007fe693ec R9 =0000000082011020 R10=0000000000000000 R11=0000000000000002
R12=0000000000000000 R13=000000007e5d3080 R14=000000007fe69460 R15=0000000000000000
RIP=000000007eb3cf04 RFL=00000202 [-------] CPL=0 II=0 A20=1 SMM=0 HLT=0
ES =0030 0000000000000000 ffffffff 00cf9300 DPL=0 DS   [-WA]
CS =0038 0000000000000000 ffffffff 00af9a00 DPL=0 CS64 [-R-]
SS =0030 0000000000000000 ffffffff 00cf9300 DPL=0 DS   [-WA]
DS =0030 0000000000000000 ffffffff 00cf9300 DPL=0 DS   [-WA]
FS =0030 0000000000000000 ffffffff 00cf9300 DPL=0 DS   [-WA]
GS =0030 0000000000000000 ffffffff 00cf9300 DPL=0 DS   [-WA]
LDT=0000 0000000000000000 0000ffff 00008200 DPL=0 LDT
TR =0048 000000007f5da058 00000067 00008900 DPL=0 TSS64-avl
GDT=     000000007f5da000 00000057
IDT=     000000007bb7af58 00000fff
CR0=80010033 CR2=0000000000000000 CR3=000000007f801000 CR4=00000668
DR0=0000000000000000 DR1=0000000000000000 DR2=0000000000000000 DR3=0000000000000000 
DR6=00000000ffff0ff0 DR7=0000000000000400
CCS=0000000000000000 CCD=0000000000000275 CCO=EFLAGS
EFER=0000000000000d00
Servicing hardware INT=0x20
    89: v=20 e=0000 i=0 cpl=0 IP=0038:000000007eb8b392 pc=000000007eb8b392 SP=0030:000000007fe69220 env->regs[R_EAX]=0000000000000082
RAX=0000000000000082 RBX=0000000000006132 RCX=0000000000000001 RDX=0000000000006132
RSI=0000000000000001 RDI=0000000000000002 RBP=000000007fe69280 RSP=000000007fe69220
R8 =000000007fe6933c R9 =0000000000006132 R10=0000000000000000 R11=0000000000000001
R12=0000000000000001 R13=000000007fe6933c R14=0000000000000082 R15=0000000000000002
RIP=000000007eb8b392 RFL=00000246 [---Z-P-] CPL=0 II=0 A20=1 SMM=0 HLT=0
ES =0030 0000000000000000 ffffffff 00cf9300 DPL=0 DS   [-WA]
CS =0038 0000000000000000 ffffffff 00af9a00 DPL=0 CS64 [-R-]
SS =0030 0000000000000000 ffffffff 00cf9300 DPL=0 DS   [-WA]
DS =0030 0000000000000000 ffffffff 00cf9300 DPL=0 DS   [-WA]
FS =0030 0000000000000000 ffffffff 00cf9300 DPL=0 DS   [-WA]
GS =0030 0000000000000000 ffffffff 00cf9300 DPL=0 DS   [-WA]
LDT=0000 0000000000000000 0000ffff 00008200 DPL=0 LDT
TR =0048 000000007f5da058 00000067 00008900 DPL=0 TSS64-avl
GDT=     000000007f5da000 00000057
IDT=     000000007bb7af58 00000fff
CR0=80010033 CR2=0000000000000000 CR3=000000007f801000 CR4=00000668
DR0=0000000000000000 DR1=0000000000000000 DR2=0000000000000000 DR3=0000000000000000 
DR6=00000000ffff0ff0 DR7=0000000000000400
CCS=0000000000000044 CCD=0000000000000000 CCO=EFLAGS
EFER=0000000000000d00
Servicing hardware INT=0x20
    90: v=20 e=0000 i=0 cpl=0 IP=0038:000000007eb3cf04 pc=000000007eb3cf04 SP=0030:000000007fe692d0 env->regs[R_EAX]=000000000005204b
RAX=000000000005204b RBX=0000000000996923 RCX=0000000000000608 RDX=00000000009448d8
RSI=0000000000000000 RDI=0000000000057642 RBP=000000007fe692e0 RSP=000000007fe692d0
R8 =000000007fe6937c R9 =0000000000000101 R10=0000000000000000 R11=0000000000000002
R12=0000000000000000 R13=0000000000000001 R14=000000007e59d118 R15=000000007e59cb18
RIP=000000007eb3cf04 RFL=00000206 [-----P-] CPL=0 II=0 A20=1 SMM=0 HLT=0
ES =0030 0000000000000000 ffffffff 00cf9300 DPL=0 DS   [-WA]
CS =0038 0000000000000000 ffffffff 00af9a00 DPL=0 CS64 [-R-]
SS =0030 0000000000000000 ffffffff 00cf9300 DPL=0 DS   [-WA]
DS =0030 0000000000000000 ffffffff 00cf9300 DPL=0 DS   [-WA]
FS =0030 0000000000000000 ffffffff 00cf9300 DPL=0 DS   [-WA]
GS =0030 0000000000000000 ffffffff 00cf9300 DPL=0 DS   [-WA]
LDT=0000 0000000000000000 0000ffff 00008200 DPL=0 LDT
TR =0048 000000007f5da058 00000067 00008900 DPL=0 TSS64-avl
GDT=     000000007f5da000 00000057
IDT=     000000007bb7af58 00000fff
CR0=80010033 CR2=0000000000000000 CR3=000000007f801000 CR4=00000668
DR0=0000000000000000 DR1=0000000000000000 DR2=0000000000000000 DR3=0000000000000000 
DR6=00000000ffff0ff0 DR7=0000000000000400
CCS=0000000000000004 CCD=000000000005204b CCO=EFLAGS
EFER=0000000000000d00
Servicing hardware INT=0x20
    91: v=20 e=0000 i=0 cpl=0 IP=0038:000000007eb3cf04 pc=000000007eb3cf04 SP=0030:000000007fe692d0 env->regs[R_EAX]=000000000004864b
RAX=000000000004864b RBX=0000000000996923 RCX=0000000000000608 RDX=000000000094e2d8
RSI=0000000000000000 RDI=0000000000057642 RBP=000000007fe692e0 RSP=000000007fe692d0
R8 =000000007fe6937c R9 =0000000000000101 R10=0000000000000000 R11=0000000000000002
R12=0000000000000000 R13=0000000000000001 R14=000000007e59d118 R15=000000007e59cb18
RIP=000000007eb3cf04 RFL=00000206 [-----P-] CPL=0 II=0 A20=1 SMM=0 HLT=0
ES =0030 0000000000000000 ffffffff 00cf9300 DPL=0 DS   [-WA]
CS =0038 0000000000000000 ffffffff 00af9a00 DPL=0 CS64 [-R-]
SS =0030 0000000000000000 ffffffff 00cf9300 DPL=0 DS   [-WA]
DS =0030 0000000000000000 ffffffff 00cf9300 DPL=0 DS   [-WA]
FS =0030 0000000000000000 ffffffff 00cf9300 DPL=0 DS   [-WA]
GS =0030 0000000000000000 ffffffff 00cf9300 DPL=0 DS   [-WA]
LDT=0000 0000000000000000 0000ffff 00008200 DPL=0 LDT
TR =0048 000000007f5da058 00000067 00008900 DPL=0 TSS64-avl
GDT=     000000007f5da000 00000057
IDT=     000000007bb7af58 00000fff
CR0=80010033 CR2=0000000000000000 CR3=000000007f801000 CR4=00000668
DR0=0000000000000000 DR1=0000000000000000 DR2=0000000000000000 DR3=0000000000000000 
DR6=00000000ffff0ff0 DR7=0000000000000400
CCS=0000000000000004 CCD=000000000004864b CCO=EFLAGS
EFER=0000000000000d00
Servicing hardware INT=0x20
    92: v=20 e=0000 i=0 cpl=0 IP=0038:000000007eb3cf04 pc=000000007eb3cf04 SP=0030:000000007fe692d0 env->regs[R_EAX]=000000000004169a
RAX=000000000004169a RBX=0000000000996923 RCX=0000000000000608 RDX=0000000000955289
RSI=0000000000000000 RDI=0000000000057642 RBP=000000007fe692e0 RSP=000000007fe692d0
R8 =000000007fe6937c R9 =0000000000000101 R10=0000000000000000 R11=0000000000000002
R12=0000000000000000 R13=0000000000000001 R14=000000007e59d118 R15=000000007e59cb18
RIP=000000007eb3cf04 RFL=00000206 [-----P-] CPL=0 II=0 A20=1 SMM=0 HLT=0
ES =0030 0000000000000000 ffffffff 00cf9300 DPL=0 DS   [-WA]
CS =0038 0000000000000000 ffffffff 00af9a00 DPL=0 CS64 [-R-]
SS =0030 0000000000000000 ffffffff 00cf9300 DPL=0 DS   [-WA]
DS =0030 0000000000000000 ffffffff 00cf9300 DPL=0 DS   [-WA]
FS =0030 0000000000000000 ffffffff 00cf9300 DPL=0 DS   [-WA]
GS =0030 0000000000000000 ffffffff 00cf9300 DPL=0 DS   [-WA]
LDT=0000 0000000000000000 0000ffff 00008200 DPL=0 LDT
TR =0048 000000007f5da058 00000067 00008900 DPL=0 TSS64-avl
GDT=     000000007f5da000 00000057
IDT=     000000007bb7af58 00000fff
CR0=80010033 CR2=0000000000000000 CR3=000000007f801000 CR4=00000668
DR0=0000000000000000 DR1=0000000000000000 DR2=0000000000000000 DR3=0000000000000000 
DR6=00000000ffff0ff0 DR7=0000000000000400
CCS=0000000000000004 CCD=000000000004169a CCO=EFLAGS
EFER=0000000000000d00
Servicing hardware INT=0x20
    93: v=20 e=0000 i=0 cpl=0 IP=0038:000000007eb3cf04 pc=000000007eb3cf04 SP=0030:000000007fe692d0 env->regs[R_EAX]=0000000000037c43
RAX=0000000000037c43 RBX=0000000000996923 RCX=0000000000000608 RDX=000000000095ece0
RSI=0000000000000000 RDI=0000000000057642 RBP=000000007fe692e0 RSP=000000007fe692d0
R8 =000000007fe6937c R9 =0000000000000101 R10=0000000000000000 R11=0000000000000002
R12=0000000000000000 R13=0000000000000001 R14=000000007e59d118 R15=000000007e59cb18
RIP=000000007eb3cf04 RFL=00000202 [-------] CPL=0 II=0 A20=1 SMM=0 HLT=0
ES =0030 0000000000000000 ffffffff 00cf9300 DPL=0 DS   [-WA]
CS =0038 0000000000000000 ffffffff 00af9a00 DPL=0 CS64 [-R-]
SS =0030 0000000000000000 ffffffff 00cf9300 DPL=0 DS   [-WA]
DS =0030 0000000000000000 ffffffff 00cf9300 DPL=0 DS   [-WA]
FS =0030 0000000000000000 ffffffff 00cf9300 DPL=0 DS   [-WA]
GS =0030 0000000000000000 ffffffff 00cf9300 DPL=0 DS   [-WA]
LDT=0000 0000000000000000 0000ffff 00008200 DPL=0 LDT
TR =0048 000000007f5da058 00000067 00008900 DPL=0 TSS64-avl
GDT=     000000007f5da000 00000057
IDT=     000000007bb7af58 00000fff
CR0=80010033 CR2=0000000000000000 CR3=000000007f801000 CR4=00000668
DR0=0000000000000000 DR1=0000000000000000 DR2=0000000000000000 DR3=0000000000000000 
DR6=00000000ffff0ff0 DR7=0000000000000400
CCS=0000000000000000 CCD=0000000000037c43 CCO=EFLAGS
EFER=0000000000000d00
Servicing hardware INT=0x20
    94: v=20 e=0000 i=0 cpl=0 IP=0038:000000007eb3cf04 pc=000000007eb3cf04 SP=0030:000000007fe692d0 env->regs[R_EAX]=000000000002e2aa
RAX=000000000002e2aa RBX=0000000000996923 RCX=0000000000000608 RDX=0000000000968679
RSI=0000000000000000 RDI=0000000000057642 RBP=000000007fe692e0 RSP=000000007fe692d0
R8 =000000007fe6937c R9 =0000000000000101 R10=0000000000000000 R11=0000000000000002
R12=0000000000000000 R13=0000000000000001 R14=000000007e59d118 R15=000000007e59cb18
RIP=000000007eb3cf04 RFL=00000206 [-----P-] CPL=0 II=0 A20=1 SMM=0 HLT=0
ES =0030 0000000000000000 ffffffff 00cf9300 DPL=0 DS   [-WA]
CS =0038 0000000000000000 ffffffff 00af9a00 DPL=0 CS64 [-R-]
SS =0030 0000000000000000 ffffffff 00cf9300 DPL=0 DS   [-WA]
DS =0030 0000000000000000 ffffffff 00cf9300 DPL=0 DS   [-WA]
FS =0030 0000000000000000 ffffffff 00cf9300 DPL=0 DS   [-WA]
GS =0030 0000000000000000 ffffffff 00cf9300 DPL=0 DS   [-WA]
LDT=0000 0000000000000000 0000ffff 00008200 DPL=0 LDT
TR =0048 000000007f5da058 00000067 00008900 DPL=0 TSS64-avl
GDT=     000000007f5da000 00000057
IDT=     000000007bb7af58 00000fff
CR0=80010033 CR2=0000000000000000 CR3=000000007f801000 CR4=00000668
DR0=0000000000000000 DR1=0000000000000000 DR2=0000000000000000 DR3=0000000000000000 
DR6=00000000ffff0ff0 DR7=0000000000000400
CCS=0000000000000004 CCD=000000000002e2aa CCO=EFLAGS
EFER=0000000000000d00
Servicing hardware INT=0x20
    95: v=20 e=0000 i=0 cpl=0 IP=0038:000000007eb3cf04 pc=000000007eb3cf04 SP=0030:000000007fe692d0 env->regs[R_EAX]=0000000000026496
RAX=0000000000026496 RBX=0000000000996923 RCX=0000000000000608 RDX=000000000097048d
RSI=0000000000000000 RDI=0000000000057642 RBP=000000007fe692e0 RSP=000000007fe692d0
R8 =000000007fe6937c R9 =0000000000000101 R10=0000000000000000 R11=0000000000000002
R12=0000000000000000 R13=0000000000000001 R14=000000007e59d118 R15=000000007e59cb18
RIP=000000007eb3cf04 RFL=00000206 [-----P-] CPL=0 II=0 A20=1 SMM=0 HLT=0
ES =0030 0000000000000000 ffffffff 00cf9300 DPL=0 DS   [-WA]
CS =0038 0000000000000000 ffffffff 00af9a00 DPL=0 CS64 [-R-]
SS =0030 0000000000000000 ffffffff 00cf9300 DPL=0 DS   [-WA]
DS =0030 0000000000000000 ffffffff 00cf9300 DPL=0 DS   [-WA]
FS =0030 0000000000000000 ffffffff 00cf9300 DPL=0 DS   [-WA]
GS =0030 0000000000000000 ffffffff 00cf9300 DPL=0 DS   [-WA]
LDT=0000 0000000000000000 0000ffff 00008200 DPL=0 LDT
TR =0048 000000007f5da058 00000067 00008900 DPL=0 TSS64-avl
GDT=     000000007f5da000 00000057
IDT=     000000007bb7af58 00000fff
CR0=80010033 CR2=0000000000000000 CR3=000000007f801000 CR4=00000668
DR0=0000000000000000 DR1=0000000000000000 DR2=0000000000000000 DR3=0000000000000000 
DR6=00000000ffff0ff0 DR7=0000000000000400
CCS=0000000000000004 CCD=0000000000026496 CCO=EFLAGS
EFER=0000000000000d00
Servicing hardware INT=0x20
    96: v=20 e=0000 i=0 cpl=0 IP=0038:000000007eb3cf04 pc=000000007eb3cf04 SP=0030:000000007fe692d0 env->regs[R_EAX]=000000000001d8d0
RAX=000000000001d8d0 RBX=0000000000996923 RCX=0000000000000608 RDX=0000000000979053
RSI=0000000000000000 RDI=0000000000057642 RBP=000000007fe692e0 RSP=000000007fe692d0
R8 =000000007fe6937c R9 =0000000000000101 R10=0000000000000000 R11=0000000000000002
R12=0000000000000000 R13=0000000000000001 R14=000000007e59d118 R15=000000007e59cb18
RIP=000000007eb3cf04 RFL=00000202 [-------] CPL=0 II=0 A20=1 SMM=0 HLT=0
ES =0030 0000000000000000 ffffffff 00cf9300 DPL=0 DS   [-WA]
CS =0038 0000000000000000 ffffffff 00af9a00 DPL=0 CS64 [-R-]
SS =0030 0000000000000000 ffffffff 00cf9300 DPL=0 DS   [-WA]
DS =0030 0000000000000000 ffffffff 00cf9300 DPL=0 DS   [-WA]
FS =0030 0000000000000000 ffffffff 00cf9300 DPL=0 DS   [-WA]
GS =0030 0000000000000000 ffffffff 00cf9300 DPL=0 DS   [-WA]
LDT=0000 0000000000000000 0000ffff 00008200 DPL=0 LDT
TR =0048 000000007f5da058 00000067 00008900 DPL=0 TSS64-avl
GDT=     000000007f5da000 00000057
IDT=     000000007bb7af58 00000fff
CR0=80010033 CR2=0000000000000000 CR3=000000007f801000 CR4=00000668
DR0=0000000000000000 DR1=0000000000000000 DR2=0000000000000000 DR3=0000000000000000 
DR6=00000000ffff0ff0 DR7=0000000000000400
CCS=0000000000000000 CCD=000000000001d8d0 CCO=EFLAGS
EFER=0000000000000d00
Servicing hardware INT=0x20
    97: v=20 e=0000 i=0 cpl=0 IP=0038:000000007eb3cf04 pc=000000007eb3cf04 SP=0030:000000007fe692d0 env->regs[R_EAX]=0000000000014cf9
RAX=0000000000014cf9 RBX=0000000000996923 RCX=0000000000000608 RDX=0000000000981c2a
RSI=0000000000000000 RDI=0000000000057642 RBP=000000007fe692e0 RSP=000000007fe692d0
R8 =000000007fe6937c R9 =0000000000000101 R10=0000000000000000 R11=0000000000000002
R12=0000000000000000 R13=0000000000000001 R14=000000007e59d118 R15=000000007e59cb18
RIP=000000007eb3cf04 RFL=00000206 [-----P-] CPL=0 II=0 A20=1 SMM=0 HLT=0
ES =0030 0000000000000000 ffffffff 00cf9300 DPL=0 DS   [-WA]
CS =0038 0000000000000000 ffffffff 00af9a00 DPL=0 CS64 [-R-]
SS =0030 0000000000000000 ffffffff 00cf9300 DPL=0 DS   [-WA]
DS =0030 0000000000000000 ffffffff 00cf9300 DPL=0 DS   [-WA]
FS =0030 0000000000000000 ffffffff 00cf9300 DPL=0 DS   [-WA]
GS =0030 0000000000000000 ffffffff 00cf9300 DPL=0 DS   [-WA]
LDT=0000 0000000000000000 0000ffff 00008200 DPL=0 LDT
TR =0048 000000007f5da058 00000067 00008900 DPL=0 TSS64-avl
GDT=     000000007f5da000 00000057
IDT=     000000007bb7af58 00000fff
CR0=80010033 CR2=0000000000000000 CR3=000000007f801000 CR4=00000668
DR0=0000000000000000 DR1=0000000000000000 DR2=0000000000000000 DR3=0000000000000000 
DR6=00000000ffff0ff0 DR7=0000000000000400
CCS=0000000000000004 CCD=0000000000014cf9 CCO=EFLAGS
EFER=0000000000000d00
Servicing hardware INT=0x20
    98: v=20 e=0000 i=0 cpl=0 IP=0038:000000007eb3cf04 pc=000000007eb3cf04 SP=0030:000000007fe692d0 env->regs[R_EAX]=000000000000b395
RAX=000000000000b395 RBX=0000000000996923 RCX=0000000000000608 RDX=000000000098b58e
RSI=0000000000000000 RDI=0000000000057642 RBP=000000007fe692e0 RSP=000000007fe692d0
R8 =000000007fe6937c R9 =0000000000000101 R10=0000000000000000 R11=0000000000000002
R12=0000000000000000 R13=0000000000000001 R14=000000007e59d118 R15=000000007e59cb18
RIP=000000007eb3cf04 RFL=00000206 [-----P-] CPL=0 II=0 A20=1 SMM=0 HLT=0
ES =0030 0000000000000000 ffffffff 00cf9300 DPL=0 DS   [-WA]
CS =0038 0000000000000000 ffffffff 00af9a00 DPL=0 CS64 [-R-]
SS =0030 0000000000000000 ffffffff 00cf9300 DPL=0 DS   [-WA]
DS =0030 0000000000000000 ffffffff 00cf9300 DPL=0 DS   [-WA]
FS =0030 0000000000000000 ffffffff 00cf9300 DPL=0 DS   [-WA]
GS =0030 0000000000000000 ffffffff 00cf9300 DPL=0 DS   [-WA]
LDT=0000 0000000000000000 0000ffff 00008200 DPL=0 LDT
TR =0048 000000007f5da058 00000067 00008900 DPL=0 TSS64-avl
GDT=     000000007f5da000 00000057
IDT=     000000007bb7af58 00000fff
CR0=80010033 CR2=0000000000000000 CR3=000000007f801000 CR4=00000668
DR0=0000000000000000 DR1=0000000000000000 DR2=0000000000000000 DR3=0000000000000000 
DR6=00000000ffff0ff0 DR7=0000000000000400
CCS=0000000000000004 CCD=000000000000b395 CCO=EFLAGS
EFER=0000000000000d00
Servicing hardware INT=0x20
    99: v=20 e=0000 i=0 cpl=0 IP=0038:000000007eb3cf04 pc=000000007eb3cf04 SP=0030:000000007fe692d0 env->regs[R_EAX]=000000000000284a
RAX=000000000000284a RBX=0000000000996923 RCX=0000000000000608 RDX=00000000009940d9
RSI=0000000000000000 RDI=0000000000057642 RBP=000000007fe692e0 RSP=000000007fe692d0
R8 =000000007fe6937c R9 =0000000000000101 R10=0000000000000000 R11=0000000000000002
R12=0000000000000000 R13=0000000000000001 R14=000000007e59d118 R15=000000007e59cb18
RIP=000000007eb3cf04 RFL=00000202 [-------] CPL=0 II=0 A20=1 SMM=0 HLT=0
ES =0030 0000000000000000 ffffffff 00cf9300 DPL=0 DS   [-WA]
CS =0038 0000000000000000 ffffffff 00af9a00 DPL=0 CS64 [-R-]
SS =0030 0000000000000000 ffffffff 00cf9300 DPL=0 DS   [-WA]
DS =0030 0000000000000000 ffffffff 00cf9300 DPL=0 DS   [-WA]
FS =0030 0000000000000000 ffffffff 00cf9300 DPL=0 DS   [-WA]
GS =0030 0000000000000000 ffffffff 00cf9300 DPL=0 DS   [-WA]
LDT=0000 0000000000000000 0000ffff 00008200 DPL=0 LDT
TR =0048 000000007f5da058 00000067 00008900 DPL=0 TSS64-avl
GDT=     000000007f5da000 00000057
IDT=     000000007bb7af58 00000fff
CR0=80010033 CR2=0000000000000000 CR3=000000007f801000 CR4=00000668
DR0=0000000000000000 DR1=0000000000000000 DR2=0000000000000000 DR3=0000000000000000 
DR6=00000000ffff0ff0 DR7=0000000000000400
CCS=0000000000000000 CCD=000000000000284a CCO=EFLAGS
EFER=0000000000000d00
Servicing hardware INT=0x20
   100: v=20 e=0000 i=0 cpl=0 IP=0038:000000007eb3cf04 pc=000000007eb3cf04 SP=0030:000000007fe69270 env->regs[R_EAX]=00000000000268d9
RAX=00000000000268d9 RBX=00000000009c2812 RCX=0000000000000608 RDX=000000000099bf39
RSI=0000000000000000 RDI=000000000002bb21 RBP=000000007fe69280 RSP=000000007fe69270
R8 =000000007fe6931c R9 =0000000082011064 R10=0000000000000000 R11=0000000000000002
R12=0000000000000000 R13=000000007e59cc98 R14=000000007e59d118 R15=000000007e59d118
RIP=000000007eb3cf04 RFL=00000202 [-------] CPL=0 II=0 A20=1 SMM=0 HLT=0
ES =0030 0000000000000000 ffffffff 00cf9300 DPL=0 DS   [-WA]
CS =0038 0000000000000000 ffffffff 00af9a00 DPL=0 CS64 [-R-]
SS =0030 0000000000000000 ffffffff 00cf9300 DPL=0 DS   [-WA]
DS =0030 0000000000000000 ffffffff 00cf9300 DPL=0 DS   [-WA]
FS =0030 0000000000000000 ffffffff 00cf9300 DPL=0 DS   [-WA]
GS =0030 0000000000000000 ffffffff 00cf9300 DPL=0 DS   [-WA]
LDT=0000 0000000000000000 0000ffff 00008200 DPL=0 LDT
TR =0048 000000007f5da058 00000067 00008900 DPL=0 TSS64-avl
GDT=     000000007f5da000 00000057
IDT=     000000007bb7af58 00000fff
CR0=80010033 CR2=0000000000000000 CR3=000000007f801000 CR4=00000668
DR0=0000000000000000 DR1=0000000000000000 DR2=0000000000000000 DR3=0000000000000000 
DR6=00000000ffff0ff0 DR7=0000000000000400
CCS=0000000000000000 CCD=00000000000268d9 CCO=EFLAGS
EFER=0000000000000d00
Servicing hardware INT=0x20
   101: v=20 e=0000 i=0 cpl=0 IP=0038:000000007eb3cf04 pc=000000007eb3cf04 SP=0030:000000007fe69270 env->regs[R_EAX]=000000000001dc8a
RAX=000000000001dc8a RBX=00000000009c2812 RCX=0000000000000608 RDX=00000000009a4b88
RSI=0000000000000000 RDI=000000000002bb21 RBP=000000007fe69280 RSP=000000007fe69270
R8 =000000007fe6931c R9 =0000000082011064 R10=0000000000000000 R11=0000000000000002
R12=0000000000000000 R13=000000007e59cc98 R14=000000007e59d118 R15=000000007e59d118
RIP=000000007eb3cf04 RFL=00000202 [-------] CPL=0 II=0 A20=1 SMM=0 HLT=0
ES =0030 0000000000000000 ffffffff 00cf9300 DPL=0 DS   [-WA]
CS =0038 0000000000000000 ffffffff 00af9a00 DPL=0 CS64 [-R-]
SS =0030 0000000000000000 ffffffff 00cf9300 DPL=0 DS   [-WA]
DS =0030 0000000000000000 ffffffff 00cf9300 DPL=0 DS   [-WA]
FS =0030 0000000000000000 ffffffff 00cf9300 DPL=0 DS   [-WA]
GS =0030 0000000000000000 ffffffff 00cf9300 DPL=0 DS   [-WA]
LDT=0000 0000000000000000 0000ffff 00008200 DPL=0 LDT
TR =0048 000000007f5da058 00000067 00008900 DPL=0 TSS64-avl
GDT=     000000007f5da000 00000057
IDT=     000000007bb7af58 00000fff
CR0=80010033 CR2=0000000000000000 CR3=000000007f801000 CR4=00000668
DR0=0000000000000000 DR1=0000000000000000 DR2=0000000000000000 DR3=0000000000000000 
DR6=00000000ffff0ff0 DR7=0000000000000400
CCS=0000000000000000 CCD=000000000001dc8a CCO=EFLAGS
EFER=0000000000000d00
Servicing hardware INT=0x20
   102: v=20 e=0000 i=0 cpl=0 IP=0038:000000007eb3cf04 pc=000000007eb3cf04 SP=0030:000000007fe69270 env->regs[R_EAX]=000000000001427a
RAX=000000000001427a RBX=00000000009c2812 RCX=0000000000000608 RDX=00000000009ae598
RSI=0000000000000000 RDI=000000000002bb21 RBP=000000007fe69280 RSP=000000007fe69270
R8 =000000007fe6931c R9 =0000000082011064 R10=0000000000000000 R11=0000000000000002
R12=0000000000000000 R13=000000007e59cc98 R14=000000007e59d118 R15=000000007e59d118
RIP=000000007eb3cf04 RFL=00000202 [-------] CPL=0 II=0 A20=1 SMM=0 HLT=0
ES =0030 0000000000000000 ffffffff 00cf9300 DPL=0 DS   [-WA]
CS =0038 0000000000000000 ffffffff 00af9a00 DPL=0 CS64 [-R-]
SS =0030 0000000000000000 ffffffff 00cf9300 DPL=0 DS   [-WA]
DS =0030 0000000000000000 ffffffff 00cf9300 DPL=0 DS   [-WA]
FS =0030 0000000000000000 ffffffff 00cf9300 DPL=0 DS   [-WA]
GS =0030 0000000000000000 ffffffff 00cf9300 DPL=0 DS   [-WA]
LDT=0000 0000000000000000 0000ffff 00008200 DPL=0 LDT
TR =0048 000000007f5da058 00000067 00008900 DPL=0 TSS64-avl
GDT=     000000007f5da000 00000057
IDT=     000000007bb7af58 00000fff
CR0=80010033 CR2=0000000000000000 CR3=000000007f801000 CR4=00000668
DR0=0000000000000000 DR1=0000000000000000 DR2=0000000000000000 DR3=0000000000000000 
DR6=00000000ffff0ff0 DR7=0000000000000400
CCS=0000000000000000 CCD=000000000001427a CCO=EFLAGS
EFER=0000000000000d00
Servicing hardware INT=0x20
   103: v=20 e=0000 i=0 cpl=0 IP=0038:000000007eb3cf04 pc=000000007eb3cf04 SP=0030:000000007fe69270 env->regs[R_EAX]=000000000000cf7a
RAX=000000000000cf7a RBX=00000000009c2812 RCX=0000000000000608 RDX=00000000009b5898
RSI=0000000000000000 RDI=000000000002bb21 RBP=000000007fe69280 RSP=000000007fe69270
R8 =000000007fe6931c R9 =0000000082011064 R10=0000000000000000 R11=0000000000000002
R12=0000000000000000 R13=000000007e59cc98 R14=000000007e59d118 R15=000000007e59d118
RIP=000000007eb3cf04 RFL=00000202 [-------] CPL=0 II=0 A20=1 SMM=0 HLT=0
ES =0030 0000000000000000 ffffffff 00cf9300 DPL=0 DS   [-WA]
CS =0038 0000000000000000 ffffffff 00af9a00 DPL=0 CS64 [-R-]
SS =0030 0000000000000000 ffffffff 00cf9300 DPL=0 DS   [-WA]
DS =0030 0000000000000000 ffffffff 00cf9300 DPL=0 DS   [-WA]
FS =0030 0000000000000000 ffffffff 00cf9300 DPL=0 DS   [-WA]
GS =0030 0000000000000000 ffffffff 00cf9300 DPL=0 DS   [-WA]
LDT=0000 0000000000000000 0000ffff 00008200 DPL=0 LDT
TR =0048 000000007f5da058 00000067 00008900 DPL=0 TSS64-avl
GDT=     000000007f5da000 00000057
IDT=     000000007bb7af58 00000fff
CR0=80010033 CR2=0000000000000000 CR3=000000007f801000 CR4=00000668
DR0=0000000000000000 DR1=0000000000000000 DR2=0000000000000000 DR3=0000000000000000 
DR6=00000000ffff0ff0 DR7=0000000000000400
CCS=0000000000000000 CCD=000000000000cf7a CCO=EFLAGS
EFER=0000000000000d00
Servicing hardware INT=0x20
   104: v=20 e=0000 i=0 cpl=0 IP=0038:000000007eb3cf04 pc=000000007eb3cf04 SP=0030:000000007fe69270 env->regs[R_EAX]=0000000000003513
RAX=0000000000003513 RBX=00000000009c2812 RCX=0000000000000608 RDX=00000000009bf2ff
RSI=0000000000000000 RDI=000000000002bb21 RBP=000000007fe69280 RSP=000000007fe69270
R8 =000000007fe6931c R9 =0000000082011064 R10=0000000000000000 R11=0000000000000002
R12=0000000000000000 R13=000000007e59cc98 R14=000000007e59d118 R15=000000007e59d118
RIP=000000007eb3cf04 RFL=00000202 [-------] CPL=0 II=0 A20=1 SMM=0 HLT=0
ES =0030 0000000000000000 ffffffff 00cf9300 DPL=0 DS   [-WA]
CS =0038 0000000000000000 ffffffff 00af9a00 DPL=0 CS64 [-R-]
SS =0030 0000000000000000 ffffffff 00cf9300 DPL=0 DS   [-WA]
DS =0030 0000000000000000 ffffffff 00cf9300 DPL=0 DS   [-WA]
FS =0030 0000000000000000 ffffffff 00cf9300 DPL=0 DS   [-WA]
GS =0030 0000000000000000 ffffffff 00cf9300 DPL=0 DS   [-WA]
LDT=0000 0000000000000000 0000ffff 00008200 DPL=0 LDT
TR =0048 000000007f5da058 00000067 00008900 DPL=0 TSS64-avl
GDT=     000000007f5da000 00000057
IDT=     000000007bb7af58 00000fff
CR0=80010033 CR2=0000000000000000 CR3=000000007f801000 CR4=00000668
DR0=0000000000000000 DR1=0000000000000000 DR2=0000000000000000 DR3=0000000000000000 
DR6=00000000ffff0ff0 DR7=0000000000000400
CCS=0000000000000000 CCD=0000000000003513 CCO=EFLAGS
EFER=0000000000000d00
Servicing hardware INT=0x20
   105: v=20 e=0000 i=0 cpl=0 IP=0038:000000007eb3cf04 pc=000000007eb3cf04 SP=0030:000000007fe69270 env->regs[R_EAX]=000000000000d237
RAX=000000000000d237 RBX=00000000009d4303 RCX=0000000000000608 RDX=00000000009c70cc
RSI=0000000000000000 RDI=00000000000117a6 RBP=000000007fe69280 RSP=000000007fe69270
R8 =000000007fe6931c R9 =0000000082011064 R10=0000000000000000 R11=0000000000000002
R12=0000000000000000 R13=000000007e59cc98 R14=0000000000000000 R15=000000007e59d118
RIP=000000007eb3cf04 RFL=00000202 [-------] CPL=0 II=0 A20=1 SMM=0 HLT=0
ES =0030 0000000000000000 ffffffff 00cf9300 DPL=0 DS   [-WA]
CS =0038 0000000000000000 ffffffff 00af9a00 DPL=0 CS64 [-R-]
SS =0030 0000000000000000 ffffffff 00cf9300 DPL=0 DS   [-WA]
DS =0030 0000000000000000 ffffffff 00cf9300 DPL=0 DS   [-WA]
FS =0030 0000000000000000 ffffffff 00cf9300 DPL=0 DS   [-WA]
GS =0030 0000000000000000 ffffffff 00cf9300 DPL=0 DS   [-WA]
LDT=0000 0000000000000000 0000ffff 00008200 DPL=0 LDT
TR =0048 000000007f5da058 00000067 00008900 DPL=0 TSS64-avl
GDT=     000000007f5da000 00000057
IDT=     000000007bb7af58 00000fff
CR0=80010033 CR2=0000000000000000 CR3=000000007f801000 CR4=00000668
DR0=0000000000000000 DR1=0000000000000000 DR2=0000000000000000 DR3=0000000000000000 
DR6=00000000ffff0ff0 DR7=0000000000000400
CCS=0000000000000000 CCD=000000000000d237 CCO=EFLAGS
EFER=0000000000000d00
Servicing hardware INT=0x20
   106: v=20 e=0000 i=0 cpl=0 IP=0038:000000007eb3cead pc=000000007eb3cead SP=0030:000000007fe691e0 env->regs[R_EAX]=00000000009d0a9d
RAX=00000000009d0a9d RBX=0000000000000608 RCX=0000000000000608 RDX=0000000000000608
RSI=0000000000000000 RDI=00000000000117a6 RBP=000000007fe69240 RSP=000000007fe691e0
R8 =000000007fe6931c R9 =0000000082011064 R10=0000000000000000 R11=0000000000000002
R12=0000000000000000 R13=000000007e59cc98 R14=0000000000000000 R15=000000007e59d118
RIP=000000007eb3cead RFL=00000293 [--S-A-C] CPL=0 II=0 A20=1 SMM=0 HLT=0
ES =0030 0000000000000000 ffffffff 00cf9300 DPL=0 DS   [-WA]
CS =0038 0000000000000000 ffffffff 00af9a00 DPL=0 CS64 [-R-]
SS =0030 0000000000000000 ffffffff 00cf9300 DPL=0 DS   [-WA]
DS =0030 0000000000000000 ffffffff 00cf9300 DPL=0 DS   [-WA]
FS =0030 0000000000000000 ffffffff 00cf9300 DPL=0 DS   [-WA]
GS =0030 0000000000000000 ffffffff 00cf9300 DPL=0 DS   [-WA]
LDT=0000 0000000000000000 0000ffff 00008200 DPL=0 LDT
TR =0048 000000007f5da058 00000067 00008900 DPL=0 TSS64-avl
GDT=     000000007f5da000 00000057
IDT=     000000007bb7af58 00000fff
CR0=80010033 CR2=0000000000000000 CR3=000000007f801000 CR4=00000668
DR0=0000000000000000 DR1=0000000000000000 DR2=0000000000000000 DR3=0000000000000000 
DR6=00000000ffff0ff0 DR7=0000000000000400
CCS=0000000000000091 CCD=00000000000037fe CCO=EFLAGS
EFER=0000000000000d00
Servicing hardware INT=0x20
   107: v=20 e=0000 i=0 cpl=0 IP=0038:000000007eb3cf04 pc=000000007eb3cf04 SP=0030:000000007fe690c0 env->regs[R_EAX]=0000000000000466
RAX=0000000000000466 RBX=00000000009d8cdc RCX=0000000000000608 RDX=00000000009d8876
RSI=0000000000000004 RDI=0000000000000dfb RBP=000000007fe690d0 RSP=000000007fe690c0
R8 =000000007fe6916c R9 =0000000082011024 R10=0000000000000000 R11=0000000000000002
R12=0000000000000000 R13=0000000000000004 R14=0000000000000020 R15=0000000000000001
RIP=000000007eb3cf04 RFL=00000206 [-----P-] CPL=0 II=0 A20=1 SMM=0 HLT=0
ES =0030 0000000000000000 ffffffff 00cf9300 DPL=0 DS   [-WA]
CS =0038 0000000000000000 ffffffff 00af9a00 DPL=0 CS64 [-R-]
SS =0030 0000000000000000 ffffffff 00cf9300 DPL=0 DS   [-WA]
DS =0030 0000000000000000 ffffffff 00cf9300 DPL=0 DS   [-WA]
FS =0030 0000000000000000 ffffffff 00cf9300 DPL=0 DS   [-WA]
GS =0030 0000000000000000 ffffffff 00cf9300 DPL=0 DS   [-WA]
LDT=0000 0000000000000000 0000ffff 00008200 DPL=0 LDT
TR =0048 000000007f5da058 00000067 00008900 DPL=0 TSS64-avl
GDT=     000000007f5da000 00000057
IDT=     000000007bb7af58 00000fff
CR0=80010033 CR2=0000000000000000 CR3=000000007f801000 CR4=00000668
DR0=0000000000000000 DR1=0000000000000000 DR2=0000000000000000 DR3=0000000000000000 
DR6=00000000ffff0ff0 DR7=0000000000000400
CCS=0000000000000004 CCD=0000000000000466 CCO=EFLAGS
EFER=0000000000000d00
Servicing hardware INT=0x20
   108: v=20 e=0000 i=0 cpl=0 IP=0038:000000007eb8b6b5 pc=000000007eb8b6b5 SP=0030:000000007fe68fa0 env->regs[R_EAX]=000000000000e000
RAX=000000000000e000 RBX=0000000082011024 RCX=0000000000000002 RDX=000000007eb8c4e0
RSI=0000000000000002 RDI=0000000000000001 RBP=000000007fe69010 RSP=000000007fe68fa0
R8 =000000007fe690cc R9 =0000000082011024 R10=0000000000000000 R11=0000000000000002
R12=000000007fe690cc R13=0000000000000004 R14=0000000000000004 R15=000000000007a120
RIP=000000007eb8b6b5 RFL=00000246 [---Z-P-] CPL=0 II=0 A20=1 SMM=0 HLT=0
ES =0030 0000000000000000 ffffffff 00cf9300 DPL=0 DS   [-WA]
CS =0038 0000000000000000 ffffffff 00af9a00 DPL=0 CS64 [-R-]
SS =0030 0000000000000000 ffffffff 00cf9300 DPL=0 DS   [-WA]
DS =0030 0000000000000000 ffffffff 00cf9300 DPL=0 DS   [-WA]
FS =0030 0000000000000000 ffffffff 00cf9300 DPL=0 DS   [-WA]
GS =0030 0000000000000000 ffffffff 00cf9300 DPL=0 DS   [-WA]
LDT=0000 0000000000000000 0000ffff 00008200 DPL=0 LDT
TR =0048 000000007f5da058 00000067 00008900 DPL=0 TSS64-avl
GDT=     000000007f5da000 00000057
IDT=     000000007bb7af58 00000fff
CR0=80010033 CR2=0000000000000000 CR3=000000007f801000 CR4=00000668
DR0=0000000000000000 DR1=0000000000000000 DR2=0000000000000000 DR3=0000000000000000 
DR6=00000000ffff0ff0 DR7=0000000000000400
CCS=0000000000000044 CCD=0000000000000000 CCO=EFLAGS
EFER=0000000000000d00
Servicing hardware INT=0x20
   109: v=20 e=0000 i=0 cpl=0 IP=0038:000000007eb3cf04 pc=000000007eb3cf04 SP=0030:000000007fe68ff0 env->regs[R_EAX]=0000000000000002
RAX=0000000000000002 RBX=00000000009ea01f RCX=0000000000000608 RDX=00000000009ea01d
RSI=0000000000000004 RDI=0000000000000003 RBP=000000007fe69000 RSP=000000007fe68ff0
R8 =000000007fe6909c R9 =0000000082011024 R10=0000000000000000 R11=0000000000000002
R12=0000000000000000 R13=0000000000000186 R14=000000007fe69200 R15=000000000007a120
RIP=000000007eb3cf04 RFL=00000202 [-------] CPL=0 II=0 A20=1 SMM=0 HLT=0
ES =0030 0000000000000000 ffffffff 00cf9300 DPL=0 DS   [-WA]
CS =0038 0000000000000000 ffffffff 00af9a00 DPL=0 CS64 [-R-]
SS =0030 0000000000000000 ffffffff 00cf9300 DPL=0 DS   [-WA]
DS =0030 0000000000000000 ffffffff 00cf9300 DPL=0 DS   [-WA]
FS =0030 0000000000000000 ffffffff 00cf9300 DPL=0 DS   [-WA]
GS =0030 0000000000000000 ffffffff 00cf9300 DPL=0 DS   [-WA]
LDT=0000 0000000000000000 0000ffff 00008200 DPL=0 LDT
TR =0048 000000007f5da058 00000067 00008900 DPL=0 TSS64-avl
GDT=     000000007f5da000 00000057
IDT=     000000007bb7af58 00000fff
CR0=80010033 CR2=0000000000000000 CR3=000000007f801000 CR4=00000668
DR0=0000000000000000 DR1=0000000000000000 DR2=0000000000000000 DR3=0000000000000000 
DR6=00000000ffff0ff0 DR7=0000000000000400
CCS=0000000000000000 CCD=0000000000000002 CCO=EFLAGS
EFER=0000000000000d00
Servicing hardware INT=0x20
   110: v=20 e=0000 i=0 cpl=0 IP=0038:000000007eb0d896 pc=000000007eb0d896 SP=0030:000000007fe690f0 env->regs[R_EAX]=000000007e598018
RAX=000000007e598018 RBX=000000007eb18188 RCX=0000000000000000 RDX=0000000000000007
RSI=000000007e662110 RDI=000000007eb180c0 RBP=000000007fe69160 RSP=000000007fe690f0
R8 =0000000000000004 R9 =000000007e598018 R10=0000000000000000 R11=000000000000000c
R12=000000007eb18250 R13=000000007fe6912e R14=000000007e598018 R15=000000007e59a038
RIP=000000007eb0d896 RFL=00000206 [-----P-] CPL=0 II=0 A20=1 SMM=0 HLT=0
ES =0030 0000000000000000 ffffffff 00cf9300 DPL=0 DS   [-WA]
CS =0038 0000000000000000 ffffffff 00af9a00 DPL=0 CS64 [-R-]
SS =0030 0000000000000000 ffffffff 00cf9300 DPL=0 DS   [-WA]
DS =0030 0000000000000000 ffffffff 00cf9300 DPL=0 DS   [-WA]
FS =0030 0000000000000000 ffffffff 00cf9300 DPL=0 DS   [-WA]
GS =0030 0000000000000000 ffffffff 00cf9300 DPL=0 DS   [-WA]
LDT=0000 0000000000000000 0000ffff 00008200 DPL=0 LDT
TR =0048 000000007f5da058 00000067 00008900 DPL=0 TSS64-avl
GDT=     000000007f5da000 00000057
IDT=     000000007bb7af58 00000fff
CR0=80010033 CR2=0000000000000000 CR3=000000007f801000 CR4=00000668
DR0=0000000000000000 DR1=0000000000000000 DR2=0000000000000000 DR3=0000000000000000 
DR6=00000000ffff0ff0 DR7=0000000000000400
CCS=0000000000000004 CCD=000000007e598018 CCO=EFLAGS
EFER=0000000000000d00
Servicing hardware INT=0x20
   111: v=20 e=0000 i=0 cpl=0 IP=0038:000000007e65f7ce pc=000000007e65f7ce SP=0030:000000007fe69110 env->regs[R_EAX]=000000007e597e28
RAX=000000007e597e28 RBX=000000007e597e18 RCX=0000000000000000 RDX=0000000000000000
RSI=000000007e597e18 RDI=000000007e661118 RBP=000000007fe69160 RSP=000000007fe69110
R8 =0000000000000002 R9 =000000007e661141 R10=0000000000000000 R11=000000007e598e18
R12=0000000000000015 R13=000000007e59a420 R14=0000000000000020 R15=000000007e59a038
RIP=000000007e65f7ce RFL=00000246 [---Z-P-] CPL=0 II=0 A20=1 SMM=0 HLT=0
ES =0030 0000000000000000 ffffffff 00cf9300 DPL=0 DS   [-WA]
CS =0038 0000000000000000 ffffffff 00af9a00 DPL=0 CS64 [-R-]
SS =0030 0000000000000000 ffffffff 00cf9300 DPL=0 DS   [-WA]
DS =0030 0000000000000000 ffffffff 00cf9300 DPL=0 DS   [-WA]
FS =0030 0000000000000000 ffffffff 00cf9300 DPL=0 DS   [-WA]
GS =0030 0000000000000000 ffffffff 00cf9300 DPL=0 DS   [-WA]
LDT=0000 0000000000000000 0000ffff 00008200 DPL=0 LDT
TR =0048 000000007f5da058 00000067 00008900 DPL=0 TSS64-avl
GDT=     000000007f5da000 00000057
IDT=     000000007bb7af58 00000fff
CR0=80010033 CR2=0000000000000000 CR3=000000007f801000 CR4=00000668
DR0=0000000000000000 DR1=0000000000000000 DR2=0000000000000000 DR3=0000000000000000 
DR6=00000000ffff0ff0 DR7=0000000000000400
CCS=0000000000000044 CCD=0000000000000000 CCO=EFLAGS
EFER=0000000000000d00
Servicing hardware INT=0x20
   112: v=20 e=0000 i=0 cpl=0 IP=0038:000000007eb3cf04 pc=000000007eb3cf04 SP=0030:000000007fe692d0 env->regs[R_EAX]=00000000000544d1
RAX=00000000000544d1 RBX=0000000000a59f24 RCX=0000000000000608 RDX=0000000000a05a53
RSI=0000000000000001 RDI=0000000000057642 RBP=000000007fe692e0 RSP=000000007fe692d0
R8 =000000007fe6937c R9 =0000000000000100 R10=0000000000000000 R11=0000000000000002
R12=0000000000000000 R13=0000000000000001 R14=000000007e59d118 R15=000000007e59cb18
RIP=000000007eb3cf04 RFL=00000206 [-----P-] CPL=0 II=0 A20=1 SMM=0 HLT=0
ES =0030 0000000000000000 ffffffff 00cf9300 DPL=0 DS   [-WA]
CS =0038 0000000000000000 ffffffff 00af9a00 DPL=0 CS64 [-R-]
SS =0030 0000000000000000 ffffffff 00cf9300 DPL=0 DS   [-WA]
DS =0030 0000000000000000 ffffffff 00cf9300 DPL=0 DS   [-WA]
FS =0030 0000000000000000 ffffffff 00cf9300 DPL=0 DS   [-WA]
GS =0030 0000000000000000 ffffffff 00cf9300 DPL=0 DS   [-WA]
LDT=0000 0000000000000000 0000ffff 00008200 DPL=0 LDT
TR =0048 000000007f5da058 00000067 00008900 DPL=0 TSS64-avl
GDT=     000000007f5da000 00000057
IDT=     000000007bb7af58 00000fff
CR0=80010033 CR2=0000000000000000 CR3=000000007f801000 CR4=00000668
DR0=0000000000000000 DR1=0000000000000000 DR2=0000000000000000 DR3=0000000000000000 
DR6=00000000ffff0ff0 DR7=0000000000000400
CCS=0000000000000004 CCD=00000000000544d1 CCO=EFLAGS
EFER=0000000000000d00
Servicing hardware INT=0x20
   113: v=20 e=0000 i=0 cpl=0 IP=0038:000000007eb3cf04 pc=000000007eb3cf04 SP=0030:000000007fe692d0 env->regs[R_EAX]=000000000004c717
RAX=000000000004c717 RBX=0000000000a59f24 RCX=0000000000000608 RDX=0000000000a0d80d
RSI=0000000000000001 RDI=0000000000057642 RBP=000000007fe692e0 RSP=000000007fe692d0
R8 =000000007fe6937c R9 =0000000000000100 R10=0000000000000000 R11=0000000000000002
R12=0000000000000000 R13=0000000000000001 R14=000000007e59d118 R15=000000007e59cb18
RIP=000000007eb3cf04 RFL=00000206 [-----P-] CPL=0 II=0 A20=1 SMM=0 HLT=0
ES =0030 0000000000000000 ffffffff 00cf9300 DPL=0 DS   [-WA]
CS =0038 0000000000000000 ffffffff 00af9a00 DPL=0 CS64 [-R-]
SS =0030 0000000000000000 ffffffff 00cf9300 DPL=0 DS   [-WA]
DS =0030 0000000000000000 ffffffff 00cf9300 DPL=0 DS   [-WA]
FS =0030 0000000000000000 ffffffff 00cf9300 DPL=0 DS   [-WA]
GS =0030 0000000000000000 ffffffff 00cf9300 DPL=0 DS   [-WA]
LDT=0000 0000000000000000 0000ffff 00008200 DPL=0 LDT
TR =0048 000000007f5da058 00000067 00008900 DPL=0 TSS64-avl
GDT=     000000007f5da000 00000057
IDT=     000000007bb7af58 00000fff
CR0=80010033 CR2=0000000000000000 CR3=000000007f801000 CR4=00000668
DR0=0000000000000000 DR1=0000000000000000 DR2=0000000000000000 DR3=0000000000000000 
DR6=00000000ffff0ff0 DR7=0000000000000400
CCS=0000000000000004 CCD=000000000004c717 CCO=EFLAGS
EFER=0000000000000d00
Servicing hardware INT=0x20
   114: v=20 e=0000 i=0 cpl=0 IP=0038:000000007eb3cf04 pc=000000007eb3cf04 SP=0030:000000007fe692d0 env->regs[R_EAX]=0000000000043b25
RAX=0000000000043b25 RBX=0000000000a59f24 RCX=0000000000000608 RDX=0000000000a163ff
RSI=0000000000000001 RDI=0000000000057642 RBP=000000007fe692e0 RSP=000000007fe692d0
R8 =000000007fe6937c R9 =0000000000000100 R10=0000000000000000 R11=0000000000000002
R12=0000000000000000 R13=0000000000000001 R14=000000007e59d118 R15=000000007e59cb18
RIP=000000007eb3cf04 RFL=00000202 [-------] CPL=0 II=0 A20=1 SMM=0 HLT=0
ES =0030 0000000000000000 ffffffff 00cf9300 DPL=0 DS   [-WA]
CS =0038 0000000000000000 ffffffff 00af9a00 DPL=0 CS64 [-R-]
SS =0030 0000000000000000 ffffffff 00cf9300 DPL=0 DS   [-WA]
DS =0030 0000000000000000 ffffffff 00cf9300 DPL=0 DS   [-WA]
FS =0030 0000000000000000 ffffffff 00cf9300 DPL=0 DS   [-WA]
GS =0030 0000000000000000 ffffffff 00cf9300 DPL=0 DS   [-WA]
LDT=0000 0000000000000000 0000ffff 00008200 DPL=0 LDT
TR =0048 000000007f5da058 00000067 00008900 DPL=0 TSS64-avl
GDT=     000000007f5da000 00000057
IDT=     000000007bb7af58 00000fff
CR0=80010033 CR2=0000000000000000 CR3=000000007f801000 CR4=00000668
DR0=0000000000000000 DR1=0000000000000000 DR2=0000000000000000 DR3=0000000000000000 
DR6=00000000ffff0ff0 DR7=0000000000000400
CCS=0000000000000000 CCD=0000000000043b25 CCO=EFLAGS
EFER=0000000000000d00
Servicing hardware INT=0x20
   115: v=20 e=0000 i=0 cpl=0 IP=0038:000000007eb3cf04 pc=000000007eb3cf04 SP=0030:000000007fe692d0 env->regs[R_EAX]=000000000003b68e
RAX=000000000003b68e RBX=0000000000a59f24 RCX=0000000000000608 RDX=0000000000a1e896
RSI=0000000000000001 RDI=0000000000057642 RBP=000000007fe692e0 RSP=000000007fe692d0
R8 =000000007fe6937c R9 =0000000000000100 R10=0000000000000000 R11=0000000000000002
R12=0000000000000000 R13=0000000000000001 R14=000000007e59d118 R15=000000007e59cb18
RIP=000000007eb3cf04 RFL=00000206 [-----P-] CPL=0 II=0 A20=1 SMM=0 HLT=0
ES =0030 0000000000000000 ffffffff 00cf9300 DPL=0 DS   [-WA]
CS =0038 0000000000000000 ffffffff 00af9a00 DPL=0 CS64 [-R-]
SS =0030 0000000000000000 ffffffff 00cf9300 DPL=0 DS   [-WA]
DS =0030 0000000000000000 ffffffff 00cf9300 DPL=0 DS   [-WA]
FS =0030 0000000000000000 ffffffff 00cf9300 DPL=0 DS   [-WA]
GS =0030 0000000000000000 ffffffff 00cf9300 DPL=0 DS   [-WA]
LDT=0000 0000000000000000 0000ffff 00008200 DPL=0 LDT
TR =0048 000000007f5da058 00000067 00008900 DPL=0 TSS64-avl
GDT=     000000007f5da000 00000057
IDT=     000000007bb7af58 00000fff
CR0=80010033 CR2=0000000000000000 CR3=000000007f801000 CR4=00000668
DR0=0000000000000000 DR1=0000000000000000 DR2=0000000000000000 DR3=0000000000000000 
DR6=00000000ffff0ff0 DR7=0000000000000400
CCS=0000000000000004 CCD=000000000003b68e CCO=EFLAGS
EFER=0000000000000d00
Servicing hardware INT=0x20
   116: v=20 e=0000 i=0 cpl=0 IP=0038:000000007eb3cf04 pc=000000007eb3cf04 SP=0030:000000007fe692d0 env->regs[R_EAX]=0000000000031c79
RAX=0000000000031c79 RBX=0000000000a59f24 RCX=0000000000000608 RDX=0000000000a282ab
RSI=0000000000000001 RDI=0000000000057642 RBP=000000007fe692e0 RSP=000000007fe692d0
R8 =000000007fe6937c R9 =0000000000000100 R10=0000000000000000 R11=0000000000000002
R12=0000000000000000 R13=0000000000000001 R14=000000007e59d118 R15=000000007e59cb18
RIP=000000007eb3cf04 RFL=00000202 [-------] CPL=0 II=0 A20=1 SMM=0 HLT=0
ES =0030 0000000000000000 ffffffff 00cf9300 DPL=0 DS   [-WA]
CS =0038 0000000000000000 ffffffff 00af9a00 DPL=0 CS64 [-R-]
SS =0030 0000000000000000 ffffffff 00cf9300 DPL=0 DS   [-WA]
DS =0030 0000000000000000 ffffffff 00cf9300 DPL=0 DS   [-WA]
FS =0030 0000000000000000 ffffffff 00cf9300 DPL=0 DS   [-WA]
GS =0030 0000000000000000 ffffffff 00cf9300 DPL=0 DS   [-WA]
LDT=0000 0000000000000000 0000ffff 00008200 DPL=0 LDT
TR =0048 000000007f5da058 00000067 00008900 DPL=0 TSS64-avl
GDT=     000000007f5da000 00000057
IDT=     000000007bb7af58 00000fff
CR0=80010033 CR2=0000000000000000 CR3=000000007f801000 CR4=00000668
DR0=0000000000000000 DR1=0000000000000000 DR2=0000000000000000 DR3=0000000000000000 
DR6=00000000ffff0ff0 DR7=0000000000000400
CCS=0000000000000000 CCD=0000000000031c79 CCO=EFLAGS
EFER=0000000000000d00
Servicing hardware INT=0x20
   117: v=20 e=0000 i=0 cpl=0 IP=0038:000000007eb3cf04 pc=000000007eb3cf04 SP=0030:000000007fe692d0 env->regs[R_EAX]=0000000000029eeb
RAX=0000000000029eeb RBX=0000000000a59f24 RCX=0000000000000608 RDX=0000000000a30039
RSI=0000000000000001 RDI=0000000000057642 RBP=000000007fe692e0 RSP=000000007fe692d0
R8 =000000007fe6937c R9 =0000000000000100 R10=0000000000000000 R11=0000000000000002
R12=0000000000000000 R13=0000000000000001 R14=000000007e59d118 R15=000000007e59cb18
RIP=000000007eb3cf04 RFL=00000206 [-----P-] CPL=0 II=0 A20=1 SMM=0 HLT=0
ES =0030 0000000000000000 ffffffff 00cf9300 DPL=0 DS   [-WA]
CS =0038 0000000000000000 ffffffff 00af9a00 DPL=0 CS64 [-R-]
SS =0030 0000000000000000 ffffffff 00cf9300 DPL=0 DS   [-WA]
DS =0030 0000000000000000 ffffffff 00cf9300 DPL=0 DS   [-WA]
FS =0030 0000000000000000 ffffffff 00cf9300 DPL=0 DS   [-WA]
GS =0030 0000000000000000 ffffffff 00cf9300 DPL=0 DS   [-WA]
LDT=0000 0000000000000000 0000ffff 00008200 DPL=0 LDT
TR =0048 000000007f5da058 00000067 00008900 DPL=0 TSS64-avl
GDT=     000000007f5da000 00000057
IDT=     000000007bb7af58 00000fff
CR0=80010033 CR2=0000000000000000 CR3=000000007f801000 CR4=00000668
DR0=0000000000000000 DR1=0000000000000000 DR2=0000000000000000 DR3=0000000000000000 
DR6=00000000ffff0ff0 DR7=0000000000000400
CCS=0000000000000004 CCD=0000000000029eeb CCO=EFLAGS
EFER=0000000000000d00
Servicing hardware INT=0x20
   118: v=20 e=0000 i=0 cpl=0 IP=0038:000000007eb3cf04 pc=000000007eb3cf04 SP=0030:000000007fe692d0 env->regs[R_EAX]=0000000000021396
RAX=0000000000021396 RBX=0000000000a59f24 RCX=0000000000000608 RDX=0000000000a38b8e
RSI=0000000000000001 RDI=0000000000057642 RBP=000000007fe692e0 RSP=000000007fe692d0
R8 =000000007fe6937c R9 =0000000000000100 R10=0000000000000000 R11=0000000000000002
R12=0000000000000000 R13=0000000000000001 R14=000000007e59d118 R15=000000007e59cb18
RIP=000000007eb3cf04 RFL=00000206 [-----P-] CPL=0 II=0 A20=1 SMM=0 HLT=0
ES =0030 0000000000000000 ffffffff 00cf9300 DPL=0 DS   [-WA]
CS =0038 0000000000000000 ffffffff 00af9a00 DPL=0 CS64 [-R-]
SS =0030 0000000000000000 ffffffff 00cf9300 DPL=0 DS   [-WA]
DS =0030 0000000000000000 ffffffff 00cf9300 DPL=0 DS   [-WA]
FS =0030 0000000000000000 ffffffff 00cf9300 DPL=0 DS   [-WA]
GS =0030 0000000000000000 ffffffff 00cf9300 DPL=0 DS   [-WA]
LDT=0000 0000000000000000 0000ffff 00008200 DPL=0 LDT
TR =0048 000000007f5da058 00000067 00008900 DPL=0 TSS64-avl
GDT=     000000007f5da000 00000057
IDT=     000000007bb7af58 00000fff
CR0=80010033 CR2=0000000000000000 CR3=000000007f801000 CR4=00000668
DR0=0000000000000000 DR1=0000000000000000 DR2=0000000000000000 DR3=0000000000000000 
DR6=00000000ffff0ff0 DR7=0000000000000400
CCS=0000000000000004 CCD=0000000000021396 CCO=EFLAGS
EFER=0000000000000d00
Servicing hardware INT=0x20
   119: v=20 e=0000 i=0 cpl=0 IP=0038:000000007eb3cf04 pc=000000007eb3cf04 SP=0030:000000007fe692d0 env->regs[R_EAX]=00000000000183f9
RAX=00000000000183f9 RBX=0000000000a59f24 RCX=0000000000000608 RDX=0000000000a41b2b
RSI=0000000000000001 RDI=0000000000057642 RBP=000000007fe692e0 RSP=000000007fe692d0
R8 =000000007fe6937c R9 =0000000000000100 R10=0000000000000000 R11=0000000000000002
R12=0000000000000000 R13=0000000000000001 R14=000000007e59d118 R15=000000007e59cb18
RIP=000000007eb3cf04 RFL=00000206 [-----P-] CPL=0 II=0 A20=1 SMM=0 HLT=0
ES =0030 0000000000000000 ffffffff 00cf9300 DPL=0 DS   [-WA]
CS =0038 0000000000000000 ffffffff 00af9a00 DPL=0 CS64 [-R-]
SS =0030 0000000000000000 ffffffff 00cf9300 DPL=0 DS   [-WA]
DS =0030 0000000000000000 ffffffff 00cf9300 DPL=0 DS   [-WA]
FS =0030 0000000000000000 ffffffff 00cf9300 DPL=0 DS   [-WA]
GS =0030 0000000000000000 ffffffff 00cf9300 DPL=0 DS   [-WA]
LDT=0000 0000000000000000 0000ffff 00008200 DPL=0 LDT
TR =0048 000000007f5da058 00000067 00008900 DPL=0 TSS64-avl
GDT=     000000007f5da000 00000057
IDT=     000000007bb7af58 00000fff
CR0=80010033 CR2=0000000000000000 CR3=000000007f801000 CR4=00000668
DR0=0000000000000000 DR1=0000000000000000 DR2=0000000000000000 DR3=0000000000000000 
DR6=00000000ffff0ff0 DR7=0000000000000400
CCS=0000000000000004 CCD=00000000000183f9 CCO=EFLAGS
EFER=0000000000000d00
Servicing hardware INT=0x20
   120: v=20 e=0000 i=0 cpl=0 IP=0038:000000007eb3cf04 pc=000000007eb3cf04 SP=0030:000000007fe692d0 env->regs[R_EAX]=000000000000ee6f
RAX=000000000000ee6f RBX=0000000000a59f24 RCX=0000000000000608 RDX=0000000000a4b0b5
RSI=0000000000000001 RDI=0000000000057642 RBP=000000007fe692e0 RSP=000000007fe692d0
R8 =000000007fe6937c R9 =0000000000000100 R10=0000000000000000 R11=0000000000000002
R12=0000000000000000 R13=0000000000000001 R14=000000007e59d118 R15=000000007e59cb18
RIP=000000007eb3cf04 RFL=00000206 [-----P-] CPL=0 II=0 A20=1 SMM=0 HLT=0
ES =0030 0000000000000000 ffffffff 00cf9300 DPL=0 DS   [-WA]
CS =0038 0000000000000000 ffffffff 00af9a00 DPL=0 CS64 [-R-]
SS =0030 0000000000000000 ffffffff 00cf9300 DPL=0 DS   [-WA]
DS =0030 0000000000000000 ffffffff 00cf9300 DPL=0 DS   [-WA]
FS =0030 0000000000000000 ffffffff 00cf9300 DPL=0 DS   [-WA]
GS =0030 0000000000000000 ffffffff 00cf9300 DPL=0 DS   [-WA]
LDT=0000 0000000000000000 0000ffff 00008200 DPL=0 LDT
TR =0048 000000007f5da058 00000067 00008900 DPL=0 TSS64-avl
GDT=     000000007f5da000 00000057
IDT=     000000007bb7af58 00000fff
CR0=80010033 CR2=0000000000000000 CR3=000000007f801000 CR4=00000668
DR0=0000000000000000 DR1=0000000000000000 DR2=0000000000000000 DR3=0000000000000000 
DR6=00000000ffff0ff0 DR7=0000000000000400
CCS=0000000000000004 CCD=000000000000ee6f CCO=EFLAGS
EFER=0000000000000d00
Servicing hardware INT=0x20
   121: v=20 e=0000 i=0 cpl=0 IP=0038:000000007eb3cf04 pc=000000007eb3cf04 SP=0030:000000007fe692d0 env->regs[R_EAX]=0000000000007097
RAX=0000000000007097 RBX=0000000000a59f24 RCX=0000000000000608 RDX=0000000000a52e8d
RSI=0000000000000001 RDI=0000000000057642 RBP=000000007fe692e0 RSP=000000007fe692d0
R8 =000000007fe6937c R9 =0000000000000100 R10=0000000000000000 R11=0000000000000002
R12=0000000000000000 R13=0000000000000001 R14=000000007e59d118 R15=000000007e59cb18
RIP=000000007eb3cf04 RFL=00000202 [-------] CPL=0 II=0 A20=1 SMM=0 HLT=0
ES =0030 0000000000000000 ffffffff 00cf9300 DPL=0 DS   [-WA]
CS =0038 0000000000000000 ffffffff 00af9a00 DPL=0 CS64 [-R-]
SS =0030 0000000000000000 ffffffff 00cf9300 DPL=0 DS   [-WA]
DS =0030 0000000000000000 ffffffff 00cf9300 DPL=0 DS   [-WA]
FS =0030 0000000000000000 ffffffff 00cf9300 DPL=0 DS   [-WA]
GS =0030 0000000000000000 ffffffff 00cf9300 DPL=0 DS   [-WA]
LDT=0000 0000000000000000 0000ffff 00008200 DPL=0 LDT
TR =0048 000000007f5da058 00000067 00008900 DPL=0 TSS64-avl
GDT=     000000007f5da000 00000057
IDT=     000000007bb7af58 00000fff
CR0=80010033 CR2=0000000000000000 CR3=000000007f801000 CR4=00000668
DR0=0000000000000000 DR1=0000000000000000 DR2=0000000000000000 DR3=0000000000000000 
DR6=00000000ffff0ff0 DR7=0000000000000400
CCS=0000000000000000 CCD=0000000000007097 CCO=EFLAGS
EFER=0000000000000d00
Servicing hardware INT=0x20
   122: v=20 e=0000 i=0 cpl=0 IP=0038:000000007eb3cf04 pc=000000007eb3cf04 SP=0030:000000007fe69270 env->regs[R_EAX]=000000000002a01e
RAX=000000000002a01e RBX=0000000000a85b05 RCX=0000000000000608 RDX=0000000000a5bae7
RSI=0000000000000001 RDI=000000000002bb21 RBP=000000007fe69280 RSP=000000007fe69270
R8 =000000007fe6931c R9 =0000000082011068 R10=0000000000000000 R11=0000000000000002
R12=0000000000000000 R13=000000007e59cc98 R14=000000007e59d118 R15=000000007e59d118
RIP=000000007eb3cf04 RFL=00000206 [-----P-] CPL=0 II=0 A20=1 SMM=0 HLT=0
ES =0030 0000000000000000 ffffffff 00cf9300 DPL=0 DS   [-WA]
CS =0038 0000000000000000 ffffffff 00af9a00 DPL=0 CS64 [-R-]
SS =0030 0000000000000000 ffffffff 00cf9300 DPL=0 DS   [-WA]
DS =0030 0000000000000000 ffffffff 00cf9300 DPL=0 DS   [-WA]
FS =0030 0000000000000000 ffffffff 00cf9300 DPL=0 DS   [-WA]
GS =0030 0000000000000000 ffffffff 00cf9300 DPL=0 DS   [-WA]
LDT=0000 0000000000000000 0000ffff 00008200 DPL=0 LDT
TR =0048 000000007f5da058 00000067 00008900 DPL=0 TSS64-avl
GDT=     000000007f5da000 00000057
IDT=     000000007bb7af58 00000fff
CR0=80010033 CR2=0000000000000000 CR3=000000007f801000 CR4=00000668
DR0=0000000000000000 DR1=0000000000000000 DR2=0000000000000000 DR3=0000000000000000 
DR6=00000000ffff0ff0 DR7=0000000000000400
CCS=0000000000000004 CCD=000000000002a01e CCO=EFLAGS
EFER=0000000000000d00
Servicing hardware INT=0x20
   123: v=20 e=0000 i=0 cpl=0 IP=0038:000000007eb3cf04 pc=000000007eb3cf04 SP=0030:000000007fe69270 env->regs[R_EAX]=00000000000213d2
RAX=00000000000213d2 RBX=0000000000a85b05 RCX=0000000000000608 RDX=0000000000a64733
RSI=0000000000000001 RDI=000000000002bb21 RBP=000000007fe69280 RSP=000000007fe69270
R8 =000000007fe6931c R9 =0000000082011068 R10=0000000000000000 R11=0000000000000002
R12=0000000000000000 R13=000000007e59cc98 R14=000000007e59d118 R15=000000007e59d118
RIP=000000007eb3cf04 RFL=00000206 [-----P-] CPL=0 II=0 A20=1 SMM=0 HLT=0
ES =0030 0000000000000000 ffffffff 00cf9300 DPL=0 DS   [-WA]
CS =0038 0000000000000000 ffffffff 00af9a00 DPL=0 CS64 [-R-]
SS =0030 0000000000000000 ffffffff 00cf9300 DPL=0 DS   [-WA]
DS =0030 0000000000000000 ffffffff 00cf9300 DPL=0 DS   [-WA]
FS =0030 0000000000000000 ffffffff 00cf9300 DPL=0 DS   [-WA]
GS =0030 0000000000000000 ffffffff 00cf9300 DPL=0 DS   [-WA]
LDT=0000 0000000000000000 0000ffff 00008200 DPL=0 LDT
TR =0048 000000007f5da058 00000067 00008900 DPL=0 TSS64-avl
GDT=     000000007f5da000 00000057
IDT=     000000007bb7af58 00000fff
CR0=80010033 CR2=0000000000000000 CR3=000000007f801000 CR4=00000668
DR0=0000000000000000 DR1=0000000000000000 DR2=0000000000000000 DR3=0000000000000000 
DR6=00000000ffff0ff0 DR7=0000000000000400
CCS=0000000000000004 CCD=00000000000213d2 CCO=EFLAGS
EFER=0000000000000d00
Servicing hardware INT=0x20
   124: v=20 e=0000 i=0 cpl=0 IP=0038:000000007eb3cf04 pc=000000007eb3cf04 SP=0030:000000007fe69270 env->regs[R_EAX]=0000000000018809
RAX=0000000000018809 RBX=0000000000a85b05 RCX=0000000000000608 RDX=0000000000a6d2fc
RSI=0000000000000001 RDI=000000000002bb21 RBP=000000007fe69280 RSP=000000007fe69270
R8 =000000007fe6931c R9 =0000000082011068 R10=0000000000000000 R11=0000000000000002
R12=0000000000000000 R13=000000007e59cc98 R14=000000007e59d118 R15=000000007e59d118
RIP=000000007eb3cf04 RFL=00000206 [-----P-] CPL=0 II=0 A20=1 SMM=0 HLT=0
ES =0030 0000000000000000 ffffffff 00cf9300 DPL=0 DS   [-WA]
CS =0038 0000000000000000 ffffffff 00af9a00 DPL=0 CS64 [-R-]
SS =0030 0000000000000000 ffffffff 00cf9300 DPL=0 DS   [-WA]
DS =0030 0000000000000000 ffffffff 00cf9300 DPL=0 DS   [-WA]
FS =0030 0000000000000000 ffffffff 00cf9300 DPL=0 DS   [-WA]
GS =0030 0000000000000000 ffffffff 00cf9300 DPL=0 DS   [-WA]
LDT=0000 0000000000000000 0000ffff 00008200 DPL=0 LDT
TR =0048 000000007f5da058 00000067 00008900 DPL=0 TSS64-avl
GDT=     000000007f5da000 00000057
IDT=     000000007bb7af58 00000fff
CR0=80010033 CR2=0000000000000000 CR3=000000007f801000 CR4=00000668
DR0=0000000000000000 DR1=0000000000000000 DR2=0000000000000000 DR3=0000000000000000 
DR6=00000000ffff0ff0 DR7=0000000000000400
CCS=0000000000000004 CCD=0000000000018809 CCO=EFLAGS
EFER=0000000000000d00
Servicing hardware INT=0x20
   125: v=20 e=0000 i=0 cpl=0 IP=0038:000000007eb3cf04 pc=000000007eb3cf04 SP=0030:000000007fe69270 env->regs[R_EAX]=000000000000fc2f
RAX=000000000000fc2f RBX=0000000000a85b05 RCX=0000000000000608 RDX=0000000000a75ed6
RSI=0000000000000001 RDI=000000000002bb21 RBP=000000007fe69280 RSP=000000007fe69270
R8 =000000007fe6931c R9 =0000000082011068 R10=0000000000000000 R11=0000000000000002
R12=0000000000000000 R13=000000007e59cc98 R14=000000007e59d118 R15=000000007e59d118
RIP=000000007eb3cf04 RFL=00000202 [-------] CPL=0 II=0 A20=1 SMM=0 HLT=0
ES =0030 0000000000000000 ffffffff 00cf9300 DPL=0 DS   [-WA]
CS =0038 0000000000000000 ffffffff 00af9a00 DPL=0 CS64 [-R-]
SS =0030 0000000000000000 ffffffff 00cf9300 DPL=0 DS   [-WA]
DS =0030 0000000000000000 ffffffff 00cf9300 DPL=0 DS   [-WA]
FS =0030 0000000000000000 ffffffff 00cf9300 DPL=0 DS   [-WA]
GS =0030 0000000000000000 ffffffff 00cf9300 DPL=0 DS   [-WA]
LDT=0000 0000000000000000 0000ffff 00008200 DPL=0 LDT
TR =0048 000000007f5da058 00000067 00008900 DPL=0 TSS64-avl
GDT=     000000007f5da000 00000057
IDT=     000000007bb7af58 00000fff
CR0=80010033 CR2=0000000000000000 CR3=000000007f801000 CR4=00000668
DR0=0000000000000000 DR1=0000000000000000 DR2=0000000000000000 DR3=0000000000000000 
DR6=00000000ffff0ff0 DR7=0000000000000400
CCS=0000000000000000 CCD=000000000000fc2f CCO=EFLAGS
EFER=0000000000000d00
Servicing hardware INT=0x20
   126: v=20 e=0000 i=0 cpl=0 IP=0038:000000007eb3cf04 pc=000000007eb3cf04 SP=0030:000000007fe69270 env->regs[R_EAX]=0000000000006290
RAX=0000000000006290 RBX=0000000000a85b05 RCX=0000000000000608 RDX=0000000000a7f875
RSI=0000000000000001 RDI=000000000002bb21 RBP=000000007fe69280 RSP=000000007fe69270
R8 =000000007fe6931c R9 =0000000082011068 R10=0000000000000000 R11=0000000000000002
R12=0000000000000000 R13=000000007e59cc98 R14=000000007e59d118 R15=000000007e59d118
RIP=000000007eb3cf04 RFL=00000206 [-----P-] CPL=0 II=0 A20=1 SMM=0 HLT=0
ES =0030 0000000000000000 ffffffff 00cf9300 DPL=0 DS   [-WA]
CS =0038 0000000000000000 ffffffff 00af9a00 DPL=0 CS64 [-R-]
SS =0030 0000000000000000 ffffffff 00cf9300 DPL=0 DS   [-WA]
DS =0030 0000000000000000 ffffffff 00cf9300 DPL=0 DS   [-WA]
FS =0030 0000000000000000 ffffffff 00cf9300 DPL=0 DS   [-WA]
GS =0030 0000000000000000 ffffffff 00cf9300 DPL=0 DS   [-WA]
LDT=0000 0000000000000000 0000ffff 00008200 DPL=0 LDT
TR =0048 000000007f5da058 00000067 00008900 DPL=0 TSS64-avl
GDT=     000000007f5da000 00000057
IDT=     000000007bb7af58 00000fff
CR0=80010033 CR2=0000000000000000 CR3=000000007f801000 CR4=00000668
DR0=0000000000000000 DR1=0000000000000000 DR2=0000000000000000 DR3=0000000000000000 
DR6=00000000ffff0ff0 DR7=0000000000000400
CCS=0000000000000004 CCD=0000000000006290 CCO=EFLAGS
EFER=0000000000000d00
Servicing hardware INT=0x20
   127: v=20 e=0000 i=0 cpl=0 IP=0038:000000007eb3cf04 pc=000000007eb3cf04 SP=0030:000000007fe69270 env->regs[R_EAX]=000000000000fd2d
RAX=000000000000fd2d RBX=0000000000a973a0 RCX=0000000000000608 RDX=0000000000a87673
RSI=0000000000000001 RDI=00000000000117a6 RBP=000000007fe69280 RSP=000000007fe69270
R8 =000000007fe6931c R9 =0000000082011068 R10=0000000000000000 R11=0000000000000002
R12=0000000000000000 R13=000000007e59cc98 R14=0000000000000000 R15=000000007e59d118
RIP=000000007eb3cf04 RFL=00000206 [-----P-] CPL=0 II=0 A20=1 SMM=0 HLT=0
ES =0030 0000000000000000 ffffffff 00cf9300 DPL=0 DS   [-WA]
CS =0038 0000000000000000 ffffffff 00af9a00 DPL=0 CS64 [-R-]
SS =0030 0000000000000000 ffffffff 00cf9300 DPL=0 DS   [-WA]
DS =0030 0000000000000000 ffffffff 00cf9300 DPL=0 DS   [-WA]
FS =0030 0000000000000000 ffffffff 00cf9300 DPL=0 DS   [-WA]
GS =0030 0000000000000000 ffffffff 00cf9300 DPL=0 DS   [-WA]
LDT=0000 0000000000000000 0000ffff 00008200 DPL=0 LDT
TR =0048 000000007f5da058 00000067 00008900 DPL=0 TSS64-avl
GDT=     000000007f5da000 00000057
IDT=     000000007bb7af58 00000fff
CR0=80010033 CR2=0000000000000000 CR3=000000007f801000 CR4=00000668
DR0=0000000000000000 DR1=0000000000000000 DR2=0000000000000000 DR3=0000000000000000 
DR6=00000000ffff0ff0 DR7=0000000000000400
CCS=0000000000000004 CCD=000000000000fd2d CCO=EFLAGS
EFER=0000000000000d00
Servicing hardware INT=0x20
   128: v=20 e=0000 i=0 cpl=0 IP=0038:000000007eb3cf04 pc=000000007eb3cf04 SP=0030:000000007fe69270 env->regs[R_EAX]=0000000000007188
RAX=0000000000007188 RBX=0000000000a973a0 RCX=0000000000000608 RDX=0000000000a90218
RSI=0000000000000001 RDI=00000000000117a6 RBP=000000007fe69280 RSP=000000007fe69270
R8 =000000007fe6931c R9 =0000000082011068 R10=0000000000000000 R11=0000000000000002
R12=0000000000000000 R13=000000007e59cc98 R14=0000000000000000 R15=000000007e59d118
RIP=000000007eb3cf04 RFL=00000206 [-----P-] CPL=0 II=0 A20=1 SMM=0 HLT=0
ES =0030 0000000000000000 ffffffff 00cf9300 DPL=0 DS   [-WA]
CS =0038 0000000000000000 ffffffff 00af9a00 DPL=0 CS64 [-R-]
SS =0030 0000000000000000 ffffffff 00cf9300 DPL=0 DS   [-WA]
DS =0030 0000000000000000 ffffffff 00cf9300 DPL=0 DS   [-WA]
FS =0030 0000000000000000 ffffffff 00cf9300 DPL=0 DS   [-WA]
GS =0030 0000000000000000 ffffffff 00cf9300 DPL=0 DS   [-WA]
LDT=0000 0000000000000000 0000ffff 00008200 DPL=0 LDT
TR =0048 000000007f5da058 00000067 00008900 DPL=0 TSS64-avl
GDT=     000000007f5da000 00000057
IDT=     000000007bb7af58 00000fff
CR0=80010033 CR2=0000000000000000 CR3=000000007f801000 CR4=00000668
DR0=0000000000000000 DR1=0000000000000000 DR2=0000000000000000 DR3=0000000000000000 
DR6=00000000ffff0ff0 DR7=0000000000000400
CCS=0000000000000004 CCD=0000000000007188 CCO=EFLAGS
EFER=0000000000000d00
Servicing hardware INT=0x20
   129: v=20 e=0000 i=0 cpl=0 IP=0038:000000007eb3cf04 pc=000000007eb3cf04 SP=0030:000000007fe690f0 env->regs[R_EAX]=0000000000000000
RAX=0000000000000000 RBX=0000000000a99b20 RCX=0000000000000608 RDX=0000000000a99b20
RSI=0000000000000004 RDI=0000000000000003 RBP=000000007fe69100 RSP=000000007fe690f0
R8 =000000007fe6919c R9 =0000000082011024 R10=0000000000000000 R11=0000000000000002
R12=0000000000000000 R13=0000000000000319 R14=000000007fe69300 R15=000000000007a120
RIP=000000007eb3cf04 RFL=00000246 [---Z-P-] CPL=0 II=0 A20=1 SMM=0 HLT=0
ES =0030 0000000000000000 ffffffff 00cf9300 DPL=0 DS   [-WA]
CS =0038 0000000000000000 ffffffff 00af9a00 DPL=0 CS64 [-R-]
SS =0030 0000000000000000 ffffffff 00cf9300 DPL=0 DS   [-WA]
DS =0030 0000000000000000 ffffffff 00cf9300 DPL=0 DS   [-WA]
FS =0030 0000000000000000 ffffffff 00cf9300 DPL=0 DS   [-WA]
GS =0030 0000000000000000 ffffffff 00cf9300 DPL=0 DS   [-WA]
LDT=0000 0000000000000000 0000ffff 00008200 DPL=0 LDT
TR =0048 000000007f5da058 00000067 00008900 DPL=0 TSS64-avl
GDT=     000000007f5da000 00000057
IDT=     000000007bb7af58 00000fff
CR0=80010033 CR2=0000000000000000 CR3=000000007f801000 CR4=00000668
DR0=0000000000000000 DR1=0000000000000000 DR2=0000000000000000 DR3=0000000000000000 
DR6=00000000ffff0ff0 DR7=0000000000000400
CCS=0000000000000044 CCD=0000000000000000 CCO=EFLAGS
EFER=0000000000000d00
Servicing hardware INT=0x20
   130: v=20 e=0000 i=0 cpl=0 IP=0038:000000007eb3cf04 pc=000000007eb3cf04 SP=0030:000000007fe690f0 env->regs[R_EAX]=0000000000000001
RAX=0000000000000001 RBX=0000000000aa19f4 RCX=0000000000000608 RDX=0000000000aa19f3
RSI=0000000000000004 RDI=0000000000000003 RBP=000000007fe69100 RSP=000000007fe690f0
R8 =000000007fe6919c R9 =0000000082011024 R10=0000000000000000 R11=0000000000000002
R12=0000000000000000 R13=0000000000000d4d R14=000000007fe69300 R15=000000000007a120
RIP=000000007eb3cf04 RFL=00000202 [-------] CPL=0 II=0 A20=1 SMM=0 HLT=0
ES =0030 0000000000000000 ffffffff 00cf9300 DPL=0 DS   [-WA]
CS =0038 0000000000000000 ffffffff 00af9a00 DPL=0 CS64 [-R-]
SS =0030 0000000000000000 ffffffff 00cf9300 DPL=0 DS   [-WA]
DS =0030 0000000000000000 ffffffff 00cf9300 DPL=0 DS   [-WA]
FS =0030 0000000000000000 ffffffff 00cf9300 DPL=0 DS   [-WA]
GS =0030 0000000000000000 ffffffff 00cf9300 DPL=0 DS   [-WA]
LDT=0000 0000000000000000 0000ffff 00008200 DPL=0 LDT
TR =0048 000000007f5da058 00000067 00008900 DPL=0 TSS64-avl
GDT=     000000007f5da000 00000057
IDT=     000000007bb7af58 00000fff
CR0=80010033 CR2=0000000000000000 CR3=000000007f801000 CR4=00000668
DR0=0000000000000000 DR1=0000000000000000 DR2=0000000000000000 DR3=0000000000000000 
DR6=00000000ffff0ff0 DR7=0000000000000400
CCS=0000000000000000 CCD=0000000000000001 CCO=EFLAGS
EFER=0000000000000d00
Servicing hardware INT=0x20
   131: v=20 e=0000 i=0 cpl=0 IP=0038:000000007eb8b6b5 pc=000000007eb8b6b5 SP=0030:000000007fe69000 env->regs[R_EAX]=000000000000c000
RAX=000000000000c000 RBX=0000000082011024 RCX=0000000000000002 RDX=000000007eb8c4e0
RSI=0000000000000002 RDI=0000000000000001 RBP=000000007fe69070 RSP=000000007fe69000
R8 =000000007fe6912c R9 =0000000082011024 R10=0000000000000000 R11=0000000000000002
R12=000000007fe6912c R13=0000000000000004 R14=0000000000000004 R15=000000000007a120
RIP=000000007eb8b6b5 RFL=00000246 [---Z-P-] CPL=0 II=0 A20=1 SMM=0 HLT=0
ES =0030 0000000000000000 ffffffff 00cf9300 DPL=0 DS   [-WA]
CS =0038 0000000000000000 ffffffff 00af9a00 DPL=0 CS64 [-R-]
SS =0030 0000000000000000 ffffffff 00cf9300 DPL=0 DS   [-WA]
DS =0030 0000000000000000 ffffffff 00cf9300 DPL=0 DS   [-WA]
FS =0030 0000000000000000 ffffffff 00cf9300 DPL=0 DS   [-WA]
GS =0030 0000000000000000 ffffffff 00cf9300 DPL=0 DS   [-WA]
LDT=0000 0000000000000000 0000ffff 00008200 DPL=0 LDT
TR =0048 000000007f5da058 00000067 00008900 DPL=0 TSS64-avl
GDT=     000000007f5da000 00000057
IDT=     000000007bb7af58 00000fff
CR0=80010033 CR2=0000000000000000 CR3=000000007f801000 CR4=00000668
DR0=0000000000000000 DR1=0000000000000000 DR2=0000000000000000 DR3=0000000000000000 
DR6=00000000ffff0ff0 DR7=0000000000000400
CCS=0000000000000044 CCD=0000000000000000 CCO=EFLAGS
EFER=0000000000000d00
Servicing hardware INT=0x20
   132: v=20 e=0000 i=0 cpl=0 IP=0038:000000007eb3cf63 pc=000000007eb3cf63 SP=0030:000000007fe69050 env->regs[R_EAX]=00000000ffffffe0
RAX=00000000ffffffe0 RBX=000000000000000a RCX=0000000000000608 RDX=0000000000ab3f60
RSI=0000000000000004 RDI=0000000000000003 RBP=000000007fe69060 RSP=000000007fe69050
R8 =000000007fe690dc R9 =0000000082011024 R10=0000000000000000 R11=0000000000000002
R12=ffffffff00000001 R13=0000000000000220 R14=000000007fe69200 R15=000000000007a120
RIP=000000007eb3cf63 RFL=00000246 [---Z-P-] CPL=0 II=0 A20=1 SMM=0 HLT=0
ES =0030 0000000000000000 ffffffff 00cf9300 DPL=0 DS   [-WA]
CS =0038 0000000000000000 ffffffff 00af9a00 DPL=0 CS64 [-R-]
SS =0030 0000000000000000 ffffffff 00cf9300 DPL=0 DS   [-WA]
DS =0030 0000000000000000 ffffffff 00cf9300 DPL=0 DS   [-WA]
FS =0030 0000000000000000 ffffffff 00cf9300 DPL=0 DS   [-WA]
GS =0030 0000000000000000 ffffffff 00cf9300 DPL=0 DS   [-WA]
LDT=0000 0000000000000000 0000ffff 00008200 DPL=0 LDT
TR =0048 000000007f5da058 00000067 00008900 DPL=0 TSS64-avl
GDT=     000000007f5da000 00000057
IDT=     000000007bb7af58 00000fff
CR0=80010033 CR2=0000000000000000 CR3=000000007f801000 CR4=00000668
DR0=0000000000000000 DR1=0000000000000000 DR2=0000000000000000 DR3=0000000000000000 
DR6=00000000ffff0ff0 DR7=0000000000000400
CCS=0000000000000044 CCD=0000000100000000 CCO=EFLAGS
EFER=0000000000000d00
Servicing hardware INT=0x20
   133: v=20 e=0000 i=0 cpl=0 IP=0038:000000007eb8b6b5 pc=000000007eb8b6b5 SP=0030:000000007fe69060 env->regs[R_EAX]=000000000000e000
RAX=000000000000e000 RBX=0000000082011024 RCX=0000000000000002 RDX=000000007eb8c4e0
RSI=0000000000000002 RDI=0000000000000001 RBP=000000007fe690d0 RSP=000000007fe69060
R8 =000000007fe6918c R9 =0000000082011024 R10=0000000000000000 R11=0000000000000002
R12=000000007fe6918c R13=0000000000000004 R14=0000000000000004 R15=000000000007a120
RIP=000000007eb8b6b5 RFL=00000246 [---Z-P-] CPL=0 II=0 A20=1 SMM=0 HLT=0
ES =0030 0000000000000000 ffffffff 00cf9300 DPL=0 DS   [-WA]
CS =0038 0000000000000000 ffffffff 00af9a00 DPL=0 CS64 [-R-]
SS =0030 0000000000000000 ffffffff 00cf9300 DPL=0 DS   [-WA]
DS =0030 0000000000000000 ffffffff 00cf9300 DPL=0 DS   [-WA]
FS =0030 0000000000000000 ffffffff 00cf9300 DPL=0 DS   [-WA]
GS =0030 0000000000000000 ffffffff 00cf9300 DPL=0 DS   [-WA]
LDT=0000 0000000000000000 0000ffff 00008200 DPL=0 LDT
TR =0048 000000007f5da058 00000067 00008900 DPL=0 TSS64-avl
GDT=     000000007f5da000 00000057
IDT=     000000007bb7af58 00000fff
CR0=80010033 CR2=0000000000000000 CR3=000000007f801000 CR4=00000668
DR0=0000000000000000 DR1=0000000000000000 DR2=0000000000000000 DR3=0000000000000000 
DR6=00000000ffff0ff0 DR7=0000000000000400
CCS=0000000000000044 CCD=0000000000000000 CCO=EFLAGS
EFER=0000000000000d00
Servicing hardware INT=0x20
   134: v=20 e=0000 i=0 cpl=0 IP=0038:000000007f6e7d68 pc=000000007f6e7d68 SP=0030:000000007fe694b0 env->regs[R_EAX]=0000000000000000
RAX=0000000000000000 RBX=00000000ffc10ed0 RCX=0000000000000101 RDX=0000000000000000
RSI=0000000000000010 RDI=00000000ffc10f49 RBP=000000007fe694e0 RSP=000000007fe694b0
R8 =0000000000000ed0 R9 =000000007fe695a8 R10=0000000000000000 R11=000000007f6e7dfe
R12=00000000ffc10f49 R13=0000000000000010 R14=0000000000000079 R15=000000007fe695a8
RIP=000000007f6e7d68 RFL=00000246 [---Z-P-] CPL=0 II=0 A20=1 SMM=0 HLT=0
ES =0030 0000000000000000 ffffffff 00cf9300 DPL=0 DS   [-WA]
CS =0038 0000000000000000 ffffffff 00af9a00 DPL=0 CS64 [-R-]
SS =0030 0000000000000000 ffffffff 00cf9300 DPL=0 DS   [-WA]
DS =0030 0000000000000000 ffffffff 00cf9300 DPL=0 DS   [-WA]
FS =0030 0000000000000000 ffffffff 00cf9300 DPL=0 DS   [-WA]
GS =0030 0000000000000000 ffffffff 00cf9300 DPL=0 DS   [-WA]
LDT=0000 0000000000000000 0000ffff 00008200 DPL=0 LDT
TR =0048 000000007f5da058 00000067 00008900 DPL=0 TSS64-avl
GDT=     000000007f5da000 00000057
IDT=     000000007bb7af58 00000fff
CR0=80010033 CR2=0000000000000000 CR3=000000007f801000 CR4=00000668
DR0=0000000000000000 DR1=0000000000000000 DR2=0000000000000000 DR3=0000000000000000 
DR6=00000000ffff0ff0 DR7=0000000000000400
CCS=0000000000000044 CCD=0000000000000000 CCO=EFLAGS
EFER=0000000000000d00
Servicing hardware INT=0x20
   135: v=20 e=0000 i=0 cpl=0 IP=0038:000000007f6e7d68 pc=000000007f6e7d68 SP=0030:000000007fe694b0 env->regs[R_EAX]=0000000000000000
RAX=0000000000000000 RBX=00000000ffc10fd4 RCX=0000000000000101 RDX=0000000000000000
RSI=0000000000000010 RDI=00000000ffc10fee RBP=000000007fe694e0 RSP=000000007fe694b0
R8 =0000000000000fd4 R9 =000000007fe695b0 R10=0000000000000000 R11=000000007f6e7dfe
R12=00000000ffc10fee R13=0000000000000010 R14=000000000000001a R15=000000007fe695b0
RIP=000000007f6e7d68 RFL=00000246 [---Z-P-] CPL=0 II=0 A20=1 SMM=0 HLT=0
ES =0030 0000000000000000 ffffffff 00cf9300 DPL=0 DS   [-WA]
CS =0038 0000000000000000 ffffffff 00af9a00 DPL=0 CS64 [-R-]
SS =0030 0000000000000000 ffffffff 00cf9300 DPL=0 DS   [-WA]
DS =0030 0000000000000000 ffffffff 00cf9300 DPL=0 DS   [-WA]
FS =0030 0000000000000000 ffffffff 00cf9300 DPL=0 DS   [-WA]
GS =0030 0000000000000000 ffffffff 00cf9300 DPL=0 DS   [-WA]
LDT=0000 0000000000000000 0000ffff 00008200 DPL=0 LDT
TR =0048 000000007f5da058 00000067 00008900 DPL=0 TSS64-avl
GDT=     000000007f5da000 00000057
IDT=     000000007bb7af58 00000fff
CR0=80010033 CR2=0000000000000000 CR3=000000007f801000 CR4=00000668
DR0=0000000000000000 DR1=0000000000000000 DR2=0000000000000000 DR3=0000000000000000 
DR6=00000000ffff0ff0 DR7=0000000000000400
CCS=0000000000000044 CCD=0000000000000000 CCO=EFLAGS
EFER=0000000000000d00
Servicing hardware INT=0x20
   136: v=20 e=0000 i=0 cpl=0 IP=0038:000000007fe7f677 pc=000000007fe7f677 SP=0030:000000007fe69600 env->regs[R_EAX]=000000007e75e901
RAX=000000007e75e901 RBX=000000007e75e924 RCX=000000007e75e924 RDX=00000000ffffff00
RSI=000000000000000c RDI=000000000000000c RBP=000000007fe69630 RSP=000000007fe69600
R8 =000000007fe69788 R9 =000000007f4ecb18 R10=0000000000000000 R11=0000000000000002
R12=fffffffffffffffb R13=000000007fe69810 R14=0000000000000007 R15=000000007eb34b18
RIP=000000007fe7f677 RFL=00000206 [-----P-] CPL=0 II=0 A20=1 SMM=0 HLT=0
ES =0030 0000000000000000 ffffffff 00cf9300 DPL=0 DS   [-WA]
CS =0038 0000000000000000 ffffffff 00af9a00 DPL=0 CS64 [-R-]
SS =0030 0000000000000000 ffffffff 00cf9300 DPL=0 DS   [-WA]
DS =0030 0000000000000000 ffffffff 00cf9300 DPL=0 DS   [-WA]
FS =0030 0000000000000000 ffffffff 00cf9300 DPL=0 DS   [-WA]
GS =0030 0000000000000000 ffffffff 00cf9300 DPL=0 DS   [-WA]
LDT=0000 0000000000000000 0000ffff 00008200 DPL=0 LDT
TR =0048 000000007f5da058 00000067 00008900 DPL=0 TSS64-avl
GDT=     000000007f5da000 00000057
IDT=     000000007bb7af58 00000fff
CR0=80010033 CR2=0000000000000000 CR3=000000007f801000 CR4=00000668
DR0=0000000000000000 DR1=0000000000000000 DR2=0000000000000000 DR3=0000000000000000 
DR6=00000000ffff0ff0 DR7=0000000000000400
CCS=0000000000000004 CCD=000000007fe695e8 CCO=EFLAGS
EFER=0000000000000d00
Servicing hardware INT=0x20
   137: v=20 e=0000 i=0 cpl=0 IP=0038:000000007f6e7d68 pc=000000007f6e7d68 SP=0030:000000007fe694b0 env->regs[R_EAX]=0000000000000000
RAX=0000000000000000 RBX=00000000ffc11098 RCX=0000000000000101 RDX=0000000000000000
RSI=0000000000000010 RDI=00000000ffc11128 RBP=000000007fe694e0 RSP=000000007fe694b0
R8 =0000000000000098 R9 =000000007fe695a8 R10=0000000000000000 R11=000000007f6e7dfe
R12=00000000ffc11128 R13=0000000000000010 R14=0000000000000090 R15=000000007fe695a8
RIP=000000007f6e7d68 RFL=00000246 [---Z-P-] CPL=0 II=0 A20=1 SMM=0 HLT=0
ES =0030 0000000000000000 ffffffff 00cf9300 DPL=0 DS   [-WA]
CS =0038 0000000000000000 ffffffff 00af9a00 DPL=0 CS64 [-R-]
SS =0030 0000000000000000 ffffffff 00cf9300 DPL=0 DS   [-WA]
DS =0030 0000000000000000 ffffffff 00cf9300 DPL=0 DS   [-WA]
FS =0030 0000000000000000 ffffffff 00cf9300 DPL=0 DS   [-WA]
GS =0030 0000000000000000 ffffffff 00cf9300 DPL=0 DS   [-WA]
LDT=0000 0000000000000000 0000ffff 00008200 DPL=0 LDT
TR =0048 000000007f5da058 00000067 00008900 DPL=0 TSS64-avl
GDT=     000000007f5da000 00000057
IDT=     000000007bb7af58 00000fff
CR0=80010033 CR2=0000000000000000 CR3=000000007f801000 CR4=00000668
DR0=0000000000000000 DR1=0000000000000000 DR2=0000000000000000 DR3=0000000000000000 
DR6=00000000ffff0ff0 DR7=0000000000000400
CCS=0000000000000044 CCD=0000000000000000 CCO=EFLAGS
EFER=0000000000000d00
Servicing hardware INT=0x20
   138: v=20 e=0000 i=0 cpl=0 IP=0038:000000007f6e7d68 pc=000000007f6e7d68 SP=0030:000000007fe694b0 env->regs[R_EAX]=0000000000000000
RAX=0000000000000000 RBX=00000000ffc1116c RCX=0000000000000101 RDX=0000000000000000
RSI=0000000000000010 RDI=00000000ffc111fb RBP=000000007fe694e0 RSP=000000007fe694b0
R8 =000000000000016c R9 =000000007fe695a8 R10=0000000000000000 R11=000000007f6e7dfe
R12=00000000ffc111fb R13=0000000000000010 R14=000000000000008f R15=000000007fe695a8
RIP=000000007f6e7d68 RFL=00000246 [---Z-P-] CPL=0 II=0 A20=1 SMM=0 HLT=0
ES =0030 0000000000000000 ffffffff 00cf9300 DPL=0 DS   [-WA]
CS =0038 0000000000000000 ffffffff 00af9a00 DPL=0 CS64 [-R-]
SS =0030 0000000000000000 ffffffff 00cf9300 DPL=0 DS   [-WA]
DS =0030 0000000000000000 ffffffff 00cf9300 DPL=0 DS   [-WA]
FS =0030 0000000000000000 ffffffff 00cf9300 DPL=0 DS   [-WA]
GS =0030 0000000000000000 ffffffff 00cf9300 DPL=0 DS   [-WA]
LDT=0000 0000000000000000 0000ffff 00008200 DPL=0 LDT
TR =0048 000000007f5da058 00000067 00008900 DPL=0 TSS64-avl
GDT=     000000007f5da000 00000057
IDT=     000000007bb7af58 00000fff
CR0=80010033 CR2=0000000000000000 CR3=000000007f801000 CR4=00000668
DR0=0000000000000000 DR1=0000000000000000 DR2=0000000000000000 DR3=0000000000000000 
DR6=00000000ffff0ff0 DR7=0000000000000400
CCS=0000000000000044 CCD=0000000000000000 CCO=EFLAGS
EFER=0000000000000d00
Servicing hardware INT=0x20
   139: v=20 e=0000 i=0 cpl=0 IP=0038:000000007fe7cdd5 pc=000000007fe7cdd5 SP=0030:000000007fe69580 env->regs[R_EAX]=41a98f191a1241e6
RAX=41a98f191a1241e6 RBX=000000007fe91120 RCX=000000007eb68e30 RDX=000000007fe91120
RSI=000000007eb68e30 RDI=000000007fe91120 RBP=000000007fe695c0 RSP=000000007fe69580
R8 =000000007fe69730 R9 =000000007e595098 R10=0000000000000000 R11=000000007e7830c0
R12=0000000000000000 R13=000000007fe910e0 R14=000000007eb68e18 R15=000000007fe8b9ce
RIP=000000007fe7cdd5 RFL=00000202 [-------] CPL=0 II=0 A20=1 SMM=0 HLT=0
ES =0030 0000000000000000 ffffffff 00cf9300 DPL=0 DS   [-WA]
CS =0038 0000000000000000 ffffffff 00af9a00 DPL=0 CS64 [-R-]
SS =0030 0000000000000000 ffffffff 00cf9300 DPL=0 DS   [-WA]
DS =0030 0000000000000000 ffffffff 00cf9300 DPL=0 DS   [-WA]
FS =0030 0000000000000000 ffffffff 00cf9300 DPL=0 DS   [-WA]
GS =0030 0000000000000000 ffffffff 00cf9300 DPL=0 DS   [-WA]
LDT=0000 0000000000000000 0000ffff 00008200 DPL=0 LDT
TR =0048 000000007f5da058 00000067 00008900 DPL=0 TSS64-avl
GDT=     000000007f5da000 00000057
IDT=     000000007bb7af58 00000fff
CR0=80010033 CR2=0000000000000000 CR3=000000007f801000 CR4=00000668
DR0=0000000000000000 DR1=0000000000000000 DR2=0000000000000000 DR3=0000000000000000 
DR6=00000000ffff0ff0 DR7=0000000000000400
CCS=0000000000000000 CCD=000000007fe69568 CCO=EFLAGS
EFER=0000000000000d00
Servicing hardware INT=0x20
   140: v=20 e=0000 i=0 cpl=0 IP=0038:000000007fe7cde0 pc=000000007fe7cde0 SP=0030:000000007fe69640 env->regs[R_EAX]=4d1ab44318a031ab
RAX=4d1ab44318a031ab RBX=000000007fe91140 RCX=000000007fe91140 RDX=000000007fe91140
RSI=000000007f4dd730 RDI=47fdf6e0f4ccbfb7 RBP=000000007fe69680 RSP=000000007fe69640
R8 =0000000000000000 R9 =000000007fe69880 R10=0000000000000000 R11=000000007e7830c0
R12=0000000000000000 R13=000000007fe910e0 R14=000000007f4dd718 R15=000000007fe8b9ce
RIP=000000007fe7cde0 RFL=00000206 [-----P-] CPL=0 II=0 A20=1 SMM=0 HLT=0
ES =0030 0000000000000000 ffffffff 00cf9300 DPL=0 DS   [-WA]
CS =0038 0000000000000000 ffffffff 00af9a00 DPL=0 CS64 [-R-]
SS =0030 0000000000000000 ffffffff 00cf9300 DPL=0 DS   [-WA]
DS =0030 0000000000000000 ffffffff 00cf9300 DPL=0 DS   [-WA]
FS =0030 0000000000000000 ffffffff 00cf9300 DPL=0 DS   [-WA]
GS =0030 0000000000000000 ffffffff 00cf9300 DPL=0 DS   [-WA]
LDT=0000 0000000000000000 0000ffff 00008200 DPL=0 LDT
TR =0048 000000007f5da058 00000067 00008900 DPL=0 TSS64-avl
GDT=     000000007f5da000 00000057
IDT=     000000007bb7af58 00000fff
CR0=80010033 CR2=0000000000000000 CR3=000000007f801000 CR4=00000668
DR0=0000000000000000 DR1=0000000000000000 DR2=0000000000000000 DR3=0000000000000000 
DR6=00000000ffff0ff0 DR7=0000000000000400
CCS=0000000000000004 CCD=000000007fe69628 CCO=EFLAGS
EFER=0000000000000d00
Servicing hardware INT=0x20
   141: v=20 e=0000 i=0 cpl=0 IP=0038:000000007fe75b6b pc=000000007fe75b6b SP=0030:000000007fe69690 env->regs[R_EAX]=0000000000000000
RAX=0000000000000000 RBX=000000007fe69758 RCX=0000000000000004 RDX=0000000000000002
RSI=0000000000000000 RDI=0000000000000004 RBP=000000007fe696d0 RSP=000000007fe69690
R8 =000000007fe69758 R9 =000000007fe69880 R10=0000000000000000 R11=000000007e7830c0
R12=0000000000000004 R13=0000000000000160 R14=0000000000000000 R15=0000000000000000
RIP=000000007fe75b6b RFL=00000246 [---Z-P-] CPL=0 II=0 A20=1 SMM=0 HLT=0
ES =0030 0000000000000000 ffffffff 00cf9300 DPL=0 DS   [-WA]
CS =0038 0000000000000000 ffffffff 00af9a00 DPL=0 CS64 [-R-]
SS =0030 0000000000000000 ffffffff 00cf9300 DPL=0 DS   [-WA]
DS =0030 0000000000000000 ffffffff 00cf9300 DPL=0 DS   [-WA]
FS =0030 0000000000000000 ffffffff 00cf9300 DPL=0 DS   [-WA]
GS =0030 0000000000000000 ffffffff 00cf9300 DPL=0 DS   [-WA]
LDT=0000 0000000000000000 0000ffff 00008200 DPL=0 LDT
TR =0048 000000007f5da058 00000067 00008900 DPL=0 TSS64-avl
GDT=     000000007f5da000 00000057
IDT=     000000007bb7af58 00000fff
CR0=80010033 CR2=0000000000000000 CR3=000000007f801000 CR4=00000668
DR0=0000000000000000 DR1=0000000000000000 DR2=0000000000000000 DR3=0000000000000000 
DR6=00000000ffff0ff0 DR7=0000000000000400
CCS=0000000000000044 CCD=0000000000000189 CCO=EFLAGS
EFER=0000000000000d00
Servicing hardware INT=0x20
   142: v=20 e=0000 i=0 cpl=0 IP=0038:000000007e7439d3 pc=000000007e7439d3 SP=0030:000000007fe69660 env->regs[R_EAX]=000000007e594dc0
RAX=000000007e594dc0 RBX=000000007e6fed98 RCX=000000007eb60360 RDX=8000000000000014
RSI=8000000000000003 RDI=0000000000000001 RBP=000000007fe69710 RSP=000000007fe69660
R8 =000000007fe696b0 R9 =000000007ea04298 R10=0000000000000000 R11=0000000000000004
R12=000000007e748060 R13=000000007e7480a0 R14=000000007e748001 R15=0000000000000000
RIP=000000007e7439d3 RFL=00000202 [-------] CPL=0 II=0 A20=1 SMM=0 HLT=0
ES =0030 0000000000000000 ffffffff 00cf9300 DPL=0 DS   [-WA]
CS =0038 0000000000000000 ffffffff 00af9a00 DPL=0 CS64 [-R-]
SS =0030 0000000000000000 ffffffff 00cf9300 DPL=0 DS   [-WA]
DS =0030 0000000000000000 ffffffff 00cf9300 DPL=0 DS   [-WA]
FS =0030 0000000000000000 ffffffff 00cf9300 DPL=0 DS   [-WA]
GS =0030 0000000000000000 ffffffff 00cf9300 DPL=0 DS   [-WA]
LDT=0000 0000000000000000 0000ffff 00008200 DPL=0 LDT
TR =0048 000000007f5da058 00000067 00008900 DPL=0 TSS64-avl
GDT=     000000007f5da000 00000057
IDT=     000000007bb7af58 00000fff
CR0=80010033 CR2=0000000000000000 CR3=000000007f801000 CR4=00000668
DR0=0000000000000000 DR1=0000000000000000 DR2=0000000000000000 DR3=0000000000000000 
DR6=00000000ffff0ff0 DR7=0000000000000400
CCS=0000000000000000 CCD=000000007e748001 CCO=EFLAGS
EFER=0000000000000d00
Servicing hardware INT=0x20
   143: v=20 e=0000 i=0 cpl=0 IP=0038:000000007eb3cf04 pc=000000007eb3cf04 SP=0030:000000007fe68fe0 env->regs[R_EAX]=000000000000006f
RAX=000000000000006f RBX=0000000000b1158c RCX=0000000000000608 RDX=0000000000b1151d
RSI=000000007e58e000 RDI=0000000000000072 RBP=000000007fe68ff0 RSP=000000007fe68fe0
R8 =000000007fe6908c R9 =0000000000006010 R10=0000000000000000 R11=0000000000000001
R12=0000000000000000 R13=0000000000000000 R14=000000007e594d18 R15=0000000000000020
RIP=000000007eb3cf04 RFL=00000206 [-----P-] CPL=0 II=0 A20=1 SMM=0 HLT=0
ES =0030 0000000000000000 ffffffff 00cf9300 DPL=0 DS   [-WA]
CS =0038 0000000000000000 ffffffff 00af9a00 DPL=0 CS64 [-R-]
SS =0030 0000000000000000 ffffffff 00cf9300 DPL=0 DS   [-WA]
DS =0030 0000000000000000 ffffffff 00cf9300 DPL=0 DS   [-WA]
FS =0030 0000000000000000 ffffffff 00cf9300 DPL=0 DS   [-WA]
GS =0030 0000000000000000 ffffffff 00cf9300 DPL=0 DS   [-WA]
LDT=0000 0000000000000000 0000ffff 00008200 DPL=0 LDT
TR =0048 000000007f5da058 00000067 00008900 DPL=0 TSS64-avl
GDT=     000000007f5da000 00000057
IDT=     000000007bb7af58 00000fff
CR0=80010033 CR2=0000000000000000 CR3=000000007f801000 CR4=00000668
DR0=0000000000000000 DR1=0000000000000000 DR2=0000000000000000 DR3=0000000000000000 
DR6=00000000ffff0ff0 DR7=0000000000000400
CCS=0000000000000004 CCD=000000000000006f CCO=EFLAGS
EFER=0000000000000d00
Servicing hardware INT=0x20
   144: v=20 e=0000 i=0 cpl=0 IP=0038:000000007fe8a41a pc=000000007fe8a41a SP=0030:000000007fe69350 env->regs[R_EAX]=00000000000000af
RAX=00000000000000af RBX=000000007fe93260 RCX=0000000000270001 RDX=000000007e0ee018
RSI=000000007fe92d20 RDI=000000007e2fe017 RBP=000000007fe693e0 RSP=000000007fe69350
R8 =00000000000000af R9 =0000000000481000 R10=0000000000000000 R11=0000000000000001
R12=0000000000480028 R13=0000000000480000 R14=000000007e0ee018 R15=000000007e0ee000
RIP=000000007fe8a41a RFL=00010202 [-------] CPL=0 II=0 A20=1 SMM=0 HLT=0
ES =0030 0000000000000000 ffffffff 00cf9300 DPL=0 DS   [-WA]
CS =0038 0000000000000000 ffffffff 00af9a00 DPL=0 CS64 [-R-]
SS =0030 0000000000000000 ffffffff 00cf9300 DPL=0 DS   [-WA]
DS =0030 0000000000000000 ffffffff 00cf9300 DPL=0 DS   [-WA]
FS =0030 0000000000000000 ffffffff 00cf9300 DPL=0 DS   [-WA]
GS =0030 0000000000000000 ffffffff 00cf9300 DPL=0 DS   [-WA]
LDT=0000 0000000000000000 0000ffff 00008200 DPL=0 LDT
TR =0048 000000007f5da058 00000067 00008900 DPL=0 TSS64-avl
GDT=     000000007f5da000 00000057
IDT=     000000007bb7af58 00000fff
CR0=80010033 CR2=0000000000000000 CR3=000000007f801000 CR4=00000668
DR0=0000000000000000 DR1=0000000000000000 DR2=0000000000000000 DR3=0000000000000000 
DR6=00000000ffff0ff0 DR7=0000000000000400
CCS=0000000000000000 CCD=000000007fe69338 CCO=EFLAGS
EFER=0000000000000d00
Servicing hardware INT=0x20
   145: v=20 e=0000 i=0 cpl=0 IP=0038:000000007fe8a41c pc=000000007fe8a41c SP=0030:000000007fe69310 env->regs[R_EAX]=00000000000000af
RAX=00000000000000af RBX=000000007e58a000 RCX=0000000000000000 RDX=000000007e58a000
RSI=000000007fe92d20 RDI=000000007e58b000 RBP=000000007fe693a0 RSP=000000007fe69310
R8 =00000000000000af R9 =000000007e58afff R10=0000000000000000 R11=0000000000000002
R12=000000007e58afff R13=0000000000000007 R14=000000000002600f R15=000000007fe92d20
RIP=000000007fe8a41c RFL=00000202 [-------] CPL=0 II=0 A20=1 SMM=0 HLT=0
ES =0030 0000000000000000 ffffffff 00cf9300 DPL=0 DS   [-WA]
CS =0038 0000000000000000 ffffffff 00af9a00 DPL=0 CS64 [-R-]
SS =0030 0000000000000000 ffffffff 00cf9300 DPL=0 DS   [-WA]
DS =0030 0000000000000000 ffffffff 00cf9300 DPL=0 DS   [-WA]
FS =0030 0000000000000000 ffffffff 00cf9300 DPL=0 DS   [-WA]
GS =0030 0000000000000000 ffffffff 00cf9300 DPL=0 DS   [-WA]
LDT=0000 0000000000000000 0000ffff 00008200 DPL=0 LDT
TR =0048 000000007f5da058 00000067 00008900 DPL=0 TSS64-avl
GDT=     000000007f5da000 00000057
IDT=     000000007bb7af58 00000fff
CR0=80010033 CR2=0000000000000000 CR3=000000007f801000 CR4=00000668
DR0=0000000000000000 DR1=0000000000000000 DR2=0000000000000000 DR3=0000000000000000 
DR6=00000000ffff0ff0 DR7=0000000000000400
CCS=0000000000000000 CCD=000000007fe692f8 CCO=EFLAGS
EFER=0000000000000d00
Servicing hardware INT=0x20
   146: v=20 e=0000 i=0 cpl=0 IP=0038:000000007efba79d pc=000000007efba79d SP=0030:000000007fe69310 env->regs[R_EAX]=000000007e0e519f
RAX=000000007e0e519f RBX=000000007e0e518b RCX=000000007e0e518b RDX=000000007e0e5100
RSI=0000000000000014 RDI=0000000000000120 RBP=000000007fe69350 RSP=000000007fe69310
R8 =00000000000000af R9 =0000000000000050 R10=0000000000000000 R11=000000007e7830c0
R12=000000007e0e5e98 R13=000000007e0e5018 R14=000000007e0e5f18 R15=000000007fe69410
RIP=000000007efba79d RFL=00000206 [-----P-] CPL=0 II=0 A20=1 SMM=0 HLT=0
ES =0030 0000000000000000 ffffffff 00cf9300 DPL=0 DS   [-WA]
CS =0038 0000000000000000 ffffffff 00af9a00 DPL=0 CS64 [-R-]
SS =0030 0000000000000000 ffffffff 00cf9300 DPL=0 DS   [-WA]
DS =0030 0000000000000000 ffffffff 00cf9300 DPL=0 DS   [-WA]
FS =0030 0000000000000000 ffffffff 00cf9300 DPL=0 DS   [-WA]
GS =0030 0000000000000000 ffffffff 00cf9300 DPL=0 DS   [-WA]
LDT=0000 0000000000000000 0000ffff 00008200 DPL=0 LDT
TR =0048 000000007f5da058 00000067 00008900 DPL=0 TSS64-avl
GDT=     000000007f5da000 00000057
IDT=     000000007bb7af58 00000fff
CR0=80010033 CR2=0000000000000000 CR3=000000007f801000 CR4=00000668
DR0=0000000000000000 DR1=0000000000000000 DR2=0000000000000000 DR3=0000000000000000 
DR6=00000000ffff0ff0 DR7=0000000000000400
CCS=0000000000000004 CCD=000000007e0e519f CCO=EFLAGS
EFER=0000000000000d00
Servicing hardware INT=0x20
   147: v=20 e=0000 i=0 cpl=0 IP=0038:000000007e70c799 pc=000000007e70c799 SP=0030:000000007fe68e20 env->regs[R_EAX]=0000000000000da3
RAX=0000000000000da3 RBX=00000000000003e8 RCX=0000000000000608 RDX=0000000000b362ea
RSI=0000000000b3708d RDI=0000000000000128 RBP=000000007fe68e50 RSP=000000007fe68e20
R8 =000000007fe68e3c R9 =0000000082010128 R10=0000000000000000 R11=0000000000000002
R12=0000000000000124 R13=000000007e0e4018 R14=0000000000000000 R15=0000000000000124
RIP=000000007e70c799 RFL=00000206 [-----P-] CPL=0 II=0 A20=1 SMM=0 HLT=0
ES =0030 0000000000000000 ffffffff 00cf9300 DPL=0 DS   [-WA]
CS =0038 0000000000000000 ffffffff 00af9a00 DPL=0 CS64 [-R-]
SS =0030 0000000000000000 ffffffff 00cf9300 DPL=0 DS   [-WA]
DS =0030 0000000000000000 ffffffff 00cf9300 DPL=0 DS   [-WA]
FS =0030 0000000000000000 ffffffff 00cf9300 DPL=0 DS   [-WA]
GS =0030 0000000000000000 ffffffff 00cf9300 DPL=0 DS   [-WA]
LDT=0000 0000000000000000 0000ffff 00008200 DPL=0 LDT
TR =0048 000000007f5da058 00000067 00008900 DPL=0 TSS64-avl
GDT=     000000007f5da000 00000057
IDT=     000000007bb7af58 00000fff
CR0=80010033 CR2=0000000000000000 CR3=000000007f801000 CR4=00000668
DR0=0000000000000000 DR1=0000000000000000 DR2=0000000000000000 DR3=0000000000000000 
DR6=00000000ffff0ff0 DR7=0000000000000400
CCS=0000000000000004 CCD=0000000000000da3 CCO=EFLAGS
EFER=0000000000000d00
Servicing hardware INT=0x20
   148: v=20 e=0000 i=0 cpl=0 IP=0038:000000007e70c799 pc=000000007e70c799 SP=0030:000000007fe68e20 env->regs[R_EAX]=0000000000000162
RAX=0000000000000162 RBX=00000000000003e8 RCX=0000000000000608 RDX=0000000000b3fcef
RSI=0000000000b3fe51 RDI=0000000000000128 RBP=000000007fe68e50 RSP=000000007fe68e20
R8 =000000007fe68e3c R9 =0000000082010128 R10=0000000000000000 R11=0000000000000002
R12=0000000000000124 R13=000000007e0e4018 R14=0000000000000000 R15=0000000000000124
RIP=000000007e70c799 RFL=00000202 [-------] CPL=0 II=0 A20=1 SMM=0 HLT=0
ES =0030 0000000000000000 ffffffff 00cf9300 DPL=0 DS   [-WA]
CS =0038 0000000000000000 ffffffff 00af9a00 DPL=0 CS64 [-R-]
SS =0030 0000000000000000 ffffffff 00cf9300 DPL=0 DS   [-WA]
DS =0030 0000000000000000 ffffffff 00cf9300 DPL=0 DS   [-WA]
FS =0030 0000000000000000 ffffffff 00cf9300 DPL=0 DS   [-WA]
GS =0030 0000000000000000 ffffffff 00cf9300 DPL=0 DS   [-WA]
LDT=0000 0000000000000000 0000ffff 00008200 DPL=0 LDT
TR =0048 000000007f5da058 00000067 00008900 DPL=0 TSS64-avl
GDT=     000000007f5da000 00000057
IDT=     000000007bb7af58 00000fff
CR0=80010033 CR2=0000000000000000 CR3=000000007f801000 CR4=00000668
DR0=0000000000000000 DR1=0000000000000000 DR2=0000000000000000 DR3=0000000000000000 
DR6=00000000ffff0ff0 DR7=0000000000000400
CCS=0000000000000000 CCD=0000000000000162 CCO=EFLAGS
EFER=0000000000000d00
Servicing hardware INT=0x20
   149: v=20 e=0000 i=0 cpl=0 IP=0038:000000007e70c799 pc=000000007e70c799 SP=0030:000000007fe68e20 env->regs[R_EAX]=000000000000059b
RAX=000000000000059b RBX=00000000000003e8 RCX=0000000000000608 RDX=0000000000b47ac6
RSI=0000000000b48061 RDI=00000000000001a8 RBP=000000007fe68e50 RSP=000000007fe68e20
R8 =000000007fe68e3c R9 =00000000820101a8 R10=0000000000000000 R11=0000000000000002
R12=00000000000001a4 R13=000000007e0e4018 R14=0000000000000000 R15=00000000000001a4
RIP=000000007e70c799 RFL=00000202 [-------] CPL=0 II=0 A20=1 SMM=0 HLT=0
ES =0030 0000000000000000 ffffffff 00cf9300 DPL=0 DS   [-WA]
CS =0038 0000000000000000 ffffffff 00af9a00 DPL=0 CS64 [-R-]
SS =0030 0000000000000000 ffffffff 00cf9300 DPL=0 DS   [-WA]
DS =0030 0000000000000000 ffffffff 00cf9300 DPL=0 DS   [-WA]
FS =0030 0000000000000000 ffffffff 00cf9300 DPL=0 DS   [-WA]
GS =0030 0000000000000000 ffffffff 00cf9300 DPL=0 DS   [-WA]
LDT=0000 0000000000000000 0000ffff 00008200 DPL=0 LDT
TR =0048 000000007f5da058 00000067 00008900 DPL=0 TSS64-avl
GDT=     000000007f5da000 00000057
IDT=     000000007bb7af58 00000fff
CR0=80010033 CR2=0000000000000000 CR3=000000007f801000 CR4=00000668
DR0=0000000000000000 DR1=0000000000000000 DR2=0000000000000000 DR3=0000000000000000 
DR6=00000000ffff0ff0 DR7=0000000000000400
CCS=0000000000000000 CCD=000000000000059b CCO=EFLAGS
EFER=0000000000000d00
Servicing hardware INT=0x20
   150: v=20 e=0000 i=0 cpl=0 IP=0038:000000007e713123 pc=000000007e713123 SP=0030:000000007fe68c68 env->regs[R_EAX]=0000000000000000
RAX=0000000000000000 RBX=0000000000000000 RCX=0000000000010001 RDX=0000000000000000
RSI=0000000000000001 RDI=000000007e061068 RBP=000000007fe68cf0 RSP=000000007fe68c68
R8 =0000000000000002 R9 =0000000000000000 R10=0000000000000000 R11=000000007fe68f68
R12=000000007fe68da8 R13=000000007e0e4100 R14=0000000000000002 R15=000000007fe68dc8
RIP=000000007e713123 RFL=00010246 [---Z-P-] CPL=0 II=0 A20=1 SMM=0 HLT=0
ES =0030 0000000000000000 ffffffff 00cf9300 DPL=0 DS   [-WA]
CS =0038 0000000000000000 ffffffff 00af9a00 DPL=0 CS64 [-R-]
SS =0030 0000000000000000 ffffffff 00cf9300 DPL=0 DS   [-WA]
DS =0030 0000000000000000 ffffffff 00cf9300 DPL=0 DS   [-WA]
FS =0030 0000000000000000 ffffffff 00cf9300 DPL=0 DS   [-WA]
GS =0030 0000000000000000 ffffffff 00cf9300 DPL=0 DS   [-WA]
LDT=0000 0000000000000000 0000ffff 00008200 DPL=0 LDT
TR =0048 000000007f5da058 00000067 00008900 DPL=0 TSS64-avl
GDT=     000000007f5da000 00000057
IDT=     000000007bb7af58 00000fff
CR0=80010033 CR2=0000000000000000 CR3=000000007f801000 CR4=00000668
DR0=0000000000000000 DR1=0000000000000000 DR2=0000000000000000 DR3=0000000000000000 
DR6=00000000ffff0ff0 DR7=0000000000000400
CCS=0000000000000044 CCD=0000000000000000 CCO=EFLAGS
EFER=0000000000000d00
Servicing hardware INT=0x20
   151: v=20 e=0000 i=0 cpl=0 IP=0038:000000007e70c799 pc=000000007e70c799 SP=0030:000000007fe68e20 env->regs[R_EAX]=0000000000000c06
RAX=0000000000000c06 RBX=00000000000003e8 RCX=0000000000000608 RDX=0000000000b59246
RSI=0000000000b59e4c RDI=00000000000002a8 RBP=000000007fe68e50 RSP=000000007fe68e20
R8 =000000007fe68e3c R9 =00000000820102a8 R10=0000000000000000 R11=0000000000000002
R12=00000000000002a4 R13=000000007e0e4018 R14=0000000000000000 R15=00000000000002a4
RIP=000000007e70c799 RFL=00000206 [-----P-] CPL=0 II=0 A20=1 SMM=0 HLT=0
ES =0030 0000000000000000 ffffffff 00cf9300 DPL=0 DS   [-WA]
CS =0038 0000000000000000 ffffffff 00af9a00 DPL=0 CS64 [-R-]
SS =0030 0000000000000000 ffffffff 00cf9300 DPL=0 DS   [-WA]
DS =0030 0000000000000000 ffffffff 00cf9300 DPL=0 DS   [-WA]
FS =0030 0000000000000000 ffffffff 00cf9300 DPL=0 DS   [-WA]
GS =0030 0000000000000000 ffffffff 00cf9300 DPL=0 DS   [-WA]
LDT=0000 0000000000000000 0000ffff 00008200 DPL=0 LDT
TR =0048 000000007f5da058 00000067 00008900 DPL=0 TSS64-avl
GDT=     000000007f5da000 00000057
IDT=     000000007bb7af58 00000fff
CR0=80010033 CR2=0000000000000000 CR3=000000007f801000 CR4=00000668
DR0=0000000000000000 DR1=0000000000000000 DR2=0000000000000000 DR3=0000000000000000 
DR6=00000000ffff0ff0 DR7=0000000000000400
CCS=0000000000000004 CCD=0000000000000c06 CCO=EFLAGS
EFER=0000000000000d00
Servicing hardware INT=0x20
   152: v=20 e=0000 i=0 cpl=0 IP=0038:000000007e70c799 pc=000000007e70c799 SP=0030:000000007fe68e20 env->regs[R_EAX]=0000000000000d8b
RAX=0000000000000d8b RBX=00000000000003e8 RCX=0000000000000608 RDX=0000000000b61db8
RSI=0000000000b62b43 RDI=0000000000000328 RBP=000000007fe68e50 RSP=000000007fe68e20
R8 =000000007fe68e3c R9 =0000000082010328 R10=0000000000000000 R11=0000000000000002
R12=0000000000000324 R13=000000007e0e4018 R14=0000000000000000 R15=0000000000000324
RIP=000000007e70c799 RFL=00000206 [-----P-] CPL=0 II=0 A20=1 SMM=0 HLT=0
ES =0030 0000000000000000 ffffffff 00cf9300 DPL=0 DS   [-WA]
CS =0038 0000000000000000 ffffffff 00af9a00 DPL=0 CS64 [-R-]
SS =0030 0000000000000000 ffffffff 00cf9300 DPL=0 DS   [-WA]
DS =0030 0000000000000000 ffffffff 00cf9300 DPL=0 DS   [-WA]
FS =0030 0000000000000000 ffffffff 00cf9300 DPL=0 DS   [-WA]
GS =0030 0000000000000000 ffffffff 00cf9300 DPL=0 DS   [-WA]
LDT=0000 0000000000000000 0000ffff 00008200 DPL=0 LDT
TR =0048 000000007f5da058 00000067 00008900 DPL=0 TSS64-avl
GDT=     000000007f5da000 00000057
IDT=     000000007bb7af58 00000fff
CR0=80010033 CR2=0000000000000000 CR3=000000007f801000 CR4=00000668
DR0=0000000000000000 DR1=0000000000000000 DR2=0000000000000000 DR3=0000000000000000 
DR6=00000000ffff0ff0 DR7=0000000000000400
CCS=0000000000000004 CCD=0000000000000d8b CCO=EFLAGS
EFER=0000000000000d00
Servicing hardware INT=0x20
   153: v=20 e=0000 i=0 cpl=0 IP=0038:000000007e70c799 pc=000000007e70c799 SP=0030:000000007fe68e20 env->regs[R_EAX]=0000000000000103
RAX=0000000000000103 RBX=00000000000003e8 RCX=0000000000000608 RDX=0000000000b6a97b
RSI=0000000000b6aa7e RDI=0000000000000328 RBP=000000007fe68e50 RSP=000000007fe68e20
R8 =000000007fe68e3c R9 =0000000082010328 R10=0000000000000000 R11=0000000000000002
R12=0000000000000324 R13=000000007e0e4018 R14=0000000000000000 R15=0000000000000324
RIP=000000007e70c799 RFL=00000206 [-----P-] CPL=0 II=0 A20=1 SMM=0 HLT=0
ES =0030 0000000000000000 ffffffff 00cf9300 DPL=0 DS   [-WA]
CS =0038 0000000000000000 ffffffff 00af9a00 DPL=0 CS64 [-R-]
SS =0030 0000000000000000 ffffffff 00cf9300 DPL=0 DS   [-WA]
DS =0030 0000000000000000 ffffffff 00cf9300 DPL=0 DS   [-WA]
FS =0030 0000000000000000 ffffffff 00cf9300 DPL=0 DS   [-WA]
GS =0030 0000000000000000 ffffffff 00cf9300 DPL=0 DS   [-WA]
LDT=0000 0000000000000000 0000ffff 00008200 DPL=0 LDT
TR =0048 000000007f5da058 00000067 00008900 DPL=0 TSS64-avl
GDT=     000000007f5da000 00000057
IDT=     000000007bb7af58 00000fff
CR0=80010033 CR2=0000000000000000 CR3=000000007f801000 CR4=00000668
DR0=0000000000000000 DR1=0000000000000000 DR2=0000000000000000 DR3=0000000000000000 
DR6=00000000ffff0ff0 DR7=0000000000000400
CCS=0000000000000004 CCD=0000000000000103 CCO=EFLAGS
EFER=0000000000000d00
Servicing hardware INT=0x20
   154: v=20 e=0000 i=0 cpl=0 IP=0038:000000007e70c799 pc=000000007e70c799 SP=0030:000000007fe68e20 env->regs[R_EAX]=00000000000004e6
RAX=00000000000004e6 RBX=00000000000003e8 RCX=0000000000000608 RDX=0000000000b735c5
RSI=0000000000b73aab RDI=00000000000003a8 RBP=000000007fe68e50 RSP=000000007fe68e20
R8 =000000007fe68e3c R9 =00000000820103a8 R10=0000000000000000 R11=0000000000000002
R12=00000000000003a4 R13=000000007e0e4018 R14=0000000000000000 R15=00000000000003a4
RIP=000000007e70c799 RFL=00000202 [-------] CPL=0 II=0 A20=1 SMM=0 HLT=0
ES =0030 0000000000000000 ffffffff 00cf9300 DPL=0 DS   [-WA]
CS =0038 0000000000000000 ffffffff 00af9a00 DPL=0 CS64 [-R-]
SS =0030 0000000000000000 ffffffff 00cf9300 DPL=0 DS   [-WA]
DS =0030 0000000000000000 ffffffff 00cf9300 DPL=0 DS   [-WA]
FS =0030 0000000000000000 ffffffff 00cf9300 DPL=0 DS   [-WA]
GS =0030 0000000000000000 ffffffff 00cf9300 DPL=0 DS   [-WA]
LDT=0000 0000000000000000 0000ffff 00008200 DPL=0 LDT
TR =0048 000000007f5da058 00000067 00008900 DPL=0 TSS64-avl
GDT=     000000007f5da000 00000057
IDT=     000000007bb7af58 00000fff
CR0=80010033 CR2=0000000000000000 CR3=000000007f801000 CR4=00000668
DR0=0000000000000000 DR1=0000000000000000 DR2=0000000000000000 DR3=0000000000000000 
DR6=00000000ffff0ff0 DR7=0000000000000400
CCS=0000000000000000 CCD=00000000000004e6 CCO=EFLAGS
EFER=0000000000000d00
Servicing hardware INT=0x20
   155: v=20 e=0000 i=0 cpl=0 IP=0038:000000007e721344 pc=000000007e721344 SP=0030:000000007fe693b0 env->regs[R_EAX]=000000007fe693ec
RAX=000000007fe693ec RBX=000000007e6fef18 RCX=000000007e724008 RDX=000000007e724000
RSI=0000000000000016 RDI=000000007e6fef18 RBP=000000007fe69620 RSP=000000007fe693b0
R8 =0000000000000000 R9 =0000000000000000 R10=0000000000000000 R11=0000000000000002
R12=0000000002080000 R13=0000000000000001 R14=000000007e7240c0 R15=0000000000000001
RIP=000000007e721344 RFL=00000206 [-----P-] CPL=0 II=0 A20=1 SMM=0 HLT=0
ES =0030 0000000000000000 ffffffff 00cf9300 DPL=0 DS   [-WA]
CS =0038 0000000000000000 ffffffff 00af9a00 DPL=0 CS64 [-R-]
SS =0030 0000000000000000 ffffffff 00cf9300 DPL=0 DS   [-WA]
DS =0030 0000000000000000 ffffffff 00cf9300 DPL=0 DS   [-WA]
FS =0030 0000000000000000 ffffffff 00cf9300 DPL=0 DS   [-WA]
GS =0030 0000000000000000 ffffffff 00cf9300 DPL=0 DS   [-WA]
LDT=0000 0000000000000000 0000ffff 00008200 DPL=0 LDT
TR =0048 000000007f5da058 00000067 00008900 DPL=0 TSS64-avl
GDT=     000000007f5da000 00000057
IDT=     000000007bb7af58 00000fff
CR0=80010033 CR2=0000000000000000 CR3=000000007f801000 CR4=00000668
DR0=0000000000000000 DR1=0000000000000000 DR2=0000000000000000 DR3=0000000000000000 
DR6=00000000ffff0ff0 DR7=0000000000000400
CCS=0000000000000004 CCD=000000007fe69390 CCO=EFLAGS
EFER=0000000000000d00
Servicing hardware INT=0x20
   156: v=20 e=0000 i=0 cpl=0 IP=0038:000000007e72e234 pc=000000007e72e234 SP=0030:000000007fe69410 env->regs[R_EAX]=000000007e58a098
RAX=000000007e58a098 RBX=0000000000000020 RCX=0000000000000000 RDX=0000000000000000
RSI=000000007dfe0918 RDI=000000007dfe0918 RBP=000000007fe69470 RSP=000000007fe69410
R8 =0000000000000004 R9 =000000007e730278 R10=0000000000000000 R11=0000000000000000
R12=0000000000000001 R13=000000007dfe0458 R14=000000007fe69560 R15=0000000000000000
RIP=000000007e72e234 RFL=00000293 [--S-A-C] CPL=0 II=0 A20=1 SMM=0 HLT=0
ES =0030 0000000000000000 ffffffff 00cf9300 DPL=0 DS   [-WA]
CS =0038 0000000000000000 ffffffff 00af9a00 DPL=0 CS64 [-R-]
SS =0030 0000000000000000 ffffffff 00cf9300 DPL=0 DS   [-WA]
DS =0030 0000000000000000 ffffffff 00cf9300 DPL=0 DS   [-WA]
FS =0030 0000000000000000 ffffffff 00cf9300 DPL=0 DS   [-WA]
GS =0030 0000000000000000 ffffffff 00cf9300 DPL=0 DS   [-WA]
LDT=0000 0000000000000000 0000ffff 00008200 DPL=0 LDT
TR =0048 000000007f5da058 00000067 00008900 DPL=0 TSS64-avl
GDT=     000000007f5da000 00000057
IDT=     000000007bb7af58 00000fff
CR0=80010033 CR2=0000000000000000 CR3=000000007f801000 CR4=00000668
DR0=0000000000000000 DR1=0000000000000000 DR2=0000000000000000 DR3=0000000000000000 
DR6=00000000ffff0ff0 DR7=0000000000000400
CCS=0000000000000091 CCD=fffffffffff0bdc1 CCO=EFLAGS
EFER=0000000000000d00
Servicing hardware INT=0x20
   157: v=20 e=0000 i=0 cpl=0 IP=0038:000000007eb4902e pc=000000007eb4902e SP=0030:000000007fe69698 env->regs[R_EAX]=000000007eb60360
RAX=000000007eb60360 RBX=0000000000000010 RCX=000000007eb60360 RDX=000000007ea04098
RSI=000000007fe698a8 RDI=0000000000000001 RBP=000000007fe696d0 RSP=000000007fe69698
R8 =000000007dfe0098 R9 =0000000000000000 R10=0000000000000000 R11=000000007e7830c0
R12=0000000000000004 R13=0000000000000000 R14=000000007fe698a8 R15=000000007dfdf118
RIP=000000007eb4902e RFL=00000206 [-----P-] CPL=0 II=0 A20=1 SMM=0 HLT=0
ES =0030 0000000000000000 ffffffff 00cf9300 DPL=0 DS   [-WA]
CS =0038 0000000000000000 ffffffff 00af9a00 DPL=0 CS64 [-R-]
SS =0030 0000000000000000 ffffffff 00cf9300 DPL=0 DS   [-WA]
DS =0030 0000000000000000 ffffffff 00cf9300 DPL=0 DS   [-WA]
FS =0030 0000000000000000 ffffffff 00cf9300 DPL=0 DS   [-WA]
GS =0030 0000000000000000 ffffffff 00cf9300 DPL=0 DS   [-WA]
LDT=0000 0000000000000000 0000ffff 00008200 DPL=0 LDT
TR =0048 000000007f5da058 00000067 00008900 DPL=0 TSS64-avl
GDT=     000000007f5da000 00000057
IDT=     000000007bb7af58 00000fff
CR0=80010033 CR2=0000000000000000 CR3=000000007f801000 CR4=00000668
DR0=0000000000000000 DR1=0000000000000000 DR2=0000000000000000 DR3=0000000000000000 
DR6=00000000ffff0ff0 DR7=0000000000000400
CCS=0000000000000004 CCD=000000007fe696a0 CCO=EFLAGS
EFER=0000000000000d00
Servicing hardware INT=0x20
   158: v=20 e=0000 i=0 cpl=0 IP=0038:000000007eb4902e pc=000000007eb4902e SP=0030:000000007fe695b8 env->regs[R_EAX]=000000007eb60360
RAX=000000007eb60360 RBX=0000000000000010 RCX=000000007eb60360 RDX=000000007e7d6060
RSI=000000007ea3eb20 RDI=0000000000000001 RBP=000000007fe695f0 RSP=000000007fe695b8
R8 =000000007fe697c8 R9 =000000007f4ecb18 R10=0000000000000000 R11=000000007e7830c0
R12=0000000000000004 R13=000000007fe697c8 R14=000000007ea3e018 R15=000000007ea3e058
RIP=000000007eb4902e RFL=00000206 [-----P-] CPL=0 II=0 A20=1 SMM=0 HLT=0
ES =0030 0000000000000000 ffffffff 00cf9300 DPL=0 DS   [-WA]
CS =0038 0000000000000000 ffffffff 00af9a00 DPL=0 CS64 [-R-]
SS =0030 0000000000000000 ffffffff 00cf9300 DPL=0 DS   [-WA]
DS =0030 0000000000000000 ffffffff 00cf9300 DPL=0 DS   [-WA]
FS =0030 0000000000000000 ffffffff 00cf9300 DPL=0 DS   [-WA]
GS =0030 0000000000000000 ffffffff 00cf9300 DPL=0 DS   [-WA]
LDT=0000 0000000000000000 0000ffff 00008200 DPL=0 LDT
TR =0048 000000007f5da058 00000067 00008900 DPL=0 TSS64-avl
GDT=     000000007f5da000 00000057
IDT=     000000007bb7af58 00000fff
CR0=80010033 CR2=0000000000000000 CR3=000000007f801000 CR4=00000668
DR0=0000000000000000 DR1=0000000000000000 DR2=0000000000000000 DR3=0000000000000000 
DR6=00000000ffff0ff0 DR7=0000000000000400
CCS=0000000000000004 CCD=000000007fe695c0 CCO=EFLAGS
EFER=0000000000000d00
Servicing hardware INT=0x20
   159: v=20 e=0000 i=0 cpl=0 IP=0038:000000007eb4902e pc=000000007eb4902e SP=0030:000000007fe69478 env->regs[R_EAX]=000000007eb60360
RAX=000000007eb60360 RBX=000000000000001f RCX=000000007eb60360 RDX=abd7f02e4201db00
RSI=000000007dfbe000 RDI=0000000000000001 RBP=000000007fe694b0 RSP=000000007fe69478
R8 =000000007dfbe000 R9 =000000007dfbefff R10=0000000000000000 R11=000000007e7830c0
R12=0000000000000010 R13=0000000000000004 R14=000000000002600f R15=000000007eac9240
RIP=000000007eb4902e RFL=00000202 [-------] CPL=0 II=0 A20=1 SMM=0 HLT=0
ES =0030 0000000000000000 ffffffff 00cf9300 DPL=0 DS   [-WA]
CS =0038 0000000000000000 ffffffff 00af9a00 DPL=0 CS64 [-R-]
SS =0030 0000000000000000 ffffffff 00cf9300 DPL=0 DS   [-WA]
DS =0030 0000000000000000 ffffffff 00cf9300 DPL=0 DS   [-WA]
FS =0030 0000000000000000 ffffffff 00cf9300 DPL=0 DS   [-WA]
GS =0030 0000000000000000 ffffffff 00cf9300 DPL=0 DS   [-WA]
LDT=0000 0000000000000000 0000ffff 00008200 DPL=0 LDT
TR =0048 000000007f5da058 00000067 00008900 DPL=0 TSS64-avl
GDT=     000000007f5da000 00000057
IDT=     000000007bb7af58 00000fff
CR0=80010033 CR2=0000000000000000 CR3=000000007f801000 CR4=00000668
DR0=0000000000000000 DR1=0000000000000000 DR2=0000000000000000 DR3=0000000000000000 
DR6=00000000ffff0ff0 DR7=0000000000000400
CCS=0000000000000020 CCD=000000007fe69480 CCO=SUBQ
EFER=0000000000000d00
Servicing hardware INT=0x20
   160: v=20 e=0000 i=0 cpl=0 IP=0038:000000007fe6b049 pc=000000007fe6b049 SP=0030:000000007fe69648 env->regs[R_EAX]=000000007eac7118
RAX=000000007eac7118 RBX=000000007eac7118 RCX=000000007e761118 RDX=000000007eac7c98
RSI=000000007f4ec018 RDI=000000007e761118 RBP=000000007fe69690 RSP=000000007fe69648
R8 =000000007fe69798 R9 =000000007e761118 R10=000000000000002c R11=000000007e7830c0
R12=000000007e761118 R13=000000007fe69798 R14=000000007e62d140 R15=000000007e62d3e0
RIP=000000007fe6b049 RFL=00000206 [-----P-] CPL=0 II=0 A20=1 SMM=0 HLT=0
ES =0030 0000000000000000 ffffffff 00cf9300 DPL=0 DS   [-WA]
CS =0038 0000000000000000 ffffffff 00af9a00 DPL=0 CS64 [-R-]
SS =0030 0000000000000000 ffffffff 00cf9300 DPL=0 DS   [-WA]
DS =0030 0000000000000000 ffffffff 00cf9300 DPL=0 DS   [-WA]
FS =0030 0000000000000000 ffffffff 00cf9300 DPL=0 DS   [-WA]
GS =0030 0000000000000000 ffffffff 00cf9300 DPL=0 DS   [-WA]
LDT=0000 0000000000000000 0000ffff 00008200 DPL=0 LDT
TR =0048 000000007f5da058 00000067 00008900 DPL=0 TSS64-avl
GDT=     000000007f5da000 00000057
IDT=     000000007bb7af58 00000fff
CR0=80010033 CR2=0000000000000000 CR3=000000007f801000 CR4=00000668
DR0=0000000000000000 DR1=0000000000000000 DR2=0000000000000000 DR3=0000000000000000 
DR6=00000000ffff0ff0 DR7=0000000000000400
CCS=0000000000000004 CCD=000000007eac7118 CCO=EFLAGS
EFER=0000000000000d00
Servicing hardware INT=0x20
   161: v=20 e=0000 i=0 cpl=0 IP=0038:000000007eb3cf04 pc=000000007eb3cf04 SP=0030:000000007fe69270 env->regs[R_EAX]=0000000000000072
RAX=0000000000000072 RBX=0000000000bb070f RCX=0000000000000608 RDX=0000000000bb069d
RSI=000000007dfbd000 RDI=0000000000000072 RBP=000000007fe69280 RSP=000000007fe69270
R8 =000000007fe6931c R9 =0000000000006010 R10=0000000000000000 R11=0000000000000001
R12=0000000000000000 R13=0000000000000000 R14=000000007e594d18 R15=0000000000000020
RIP=000000007eb3cf04 RFL=00000206 [-----P-] CPL=0 II=0 A20=1 SMM=0 HLT=0
ES =0030 0000000000000000 ffffffff 00cf9300 DPL=0 DS   [-WA]
CS =0038 0000000000000000 ffffffff 00af9a00 DPL=0 CS64 [-R-]
SS =0030 0000000000000000 ffffffff 00cf9300 DPL=0 DS   [-WA]
DS =0030 0000000000000000 ffffffff 00cf9300 DPL=0 DS   [-WA]
FS =0030 0000000000000000 ffffffff 00cf9300 DPL=0 DS   [-WA]
GS =0030 0000000000000000 ffffffff 00cf9300 DPL=0 DS   [-WA]
LDT=0000 0000000000000000 0000ffff 00008200 DPL=0 LDT
TR =0048 000000007f5da058 00000067 00008900 DPL=0 TSS64-avl
GDT=     000000007f5da000 00000057
IDT=     000000007bb7af58 00000fff
CR0=80010033 CR2=0000000000000000 CR3=000000007f801000 CR4=00000668
DR0=0000000000000000 DR1=0000000000000000 DR2=0000000000000000 DR3=0000000000000000 
DR6=00000000ffff0ff0 DR7=0000000000000400
CCS=0000000000000004 CCD=0000000000000072 CCO=EFLAGS
EFER=0000000000000d00
Servicing hardware INT=0x20
   162: v=20 e=0000 i=0 cpl=0 IP=0038:000000007efba72f pc=000000007efba72f SP=0030:000000007fe69300 env->regs[R_EAX]=00000000000000ff
RAX=00000000000000ff RBX=000000007dfe012c RCX=000000007dfe012c RDX=000000007dfe0101
RSI=0000000000000014 RDI=0000000000000014 RBP=000000007fe69330 RSP=000000007fe69300
R8 =0000000000000004 R9 =000000007efc387d R10=0000000000000000 R11=000000007e7830c0
R12=000000007e6daa98 R13=000000007e6daa98 R14=000000007dfe0198 R15=000000007fe69500
RIP=000000007efba72f RFL=00000206 [-----P-] CPL=0 II=0 A20=1 SMM=0 HLT=0
ES =0030 0000000000000000 ffffffff 00cf9300 DPL=0 DS   [-WA]
CS =0038 0000000000000000 ffffffff 00af9a00 DPL=0 CS64 [-R-]
SS =0030 0000000000000000 ffffffff 00cf9300 DPL=0 DS   [-WA]
DS =0030 0000000000000000 ffffffff 00cf9300 DPL=0 DS   [-WA]
FS =0030 0000000000000000 ffffffff 00cf9300 DPL=0 DS   [-WA]
GS =0030 0000000000000000 ffffffff 00cf9300 DPL=0 DS   [-WA]
LDT=0000 0000000000000000 0000ffff 00008200 DPL=0 LDT
TR =0048 000000007f5da058 00000067 00008900 DPL=0 TSS64-avl
GDT=     000000007f5da000 00000057
IDT=     000000007bb7af58 00000fff
CR0=80010033 CR2=0000000000000000 CR3=000000007f801000 CR4=00000668
DR0=0000000000000000 DR1=0000000000000000 DR2=0000000000000000 DR3=0000000000000000 
DR6=00000000ffff0ff0 DR7=0000000000000400
CCS=0000000000000004 CCD=000000007fe692e8 CCO=EFLAGS
EFER=0000000000000d00
Servicing hardware INT=0x20
   163: v=20 e=0000 i=0 cpl=0 IP=0038:000000007fe7cdec pc=000000007fe7cdec SP=0030:000000007fe69570 env->regs[R_EAX]=3b7269c9a000398e
RAX=3b7269c9a000398e RBX=000000007e6a7160 RCX=000000007f4dd4b8 RDX=000000007e6a7160
RSI=000000007f4dd4b0 RDI=11d26d3f09576e91 RBP=000000007fe695b0 RSP=000000007fe69570
R8 =000000007fe696e8 R9 =000000007e75f998 R10=0000000000000000 R11=800000000000000c
R12=49416785fa920010 R13=000000007e0e4798 R14=000000007fe8b9b9 R15=000000007fe8b9ce
RIP=000000007fe7cdec RFL=00000202 [-------] CPL=0 II=0 A20=1 SMM=0 HLT=0
ES =0030 0000000000000000 ffffffff 00cf9300 DPL=0 DS   [-WA]
CS =0038 0000000000000000 ffffffff 00af9a00 DPL=0 CS64 [-R-]
SS =0030 0000000000000000 ffffffff 00cf9300 DPL=0 DS   [-WA]
DS =0030 0000000000000000 ffffffff 00cf9300 DPL=0 DS   [-WA]
FS =0030 0000000000000000 ffffffff 00cf9300 DPL=0 DS   [-WA]
GS =0030 0000000000000000 ffffffff 00cf9300 DPL=0 DS   [-WA]
LDT=0000 0000000000000000 0000ffff 00008200 DPL=0 LDT
TR =0048 000000007f5da058 00000067 00008900 DPL=0 TSS64-avl
GDT=     000000007f5da000 00000057
IDT=     000000007bb7af58 00000fff
CR0=80010033 CR2=0000000000000000 CR3=000000007f801000 CR4=00000668
DR0=0000000000000000 DR1=0000000000000000 DR2=0000000000000000 DR3=0000000000000000 
DR6=00000000ffff0ff0 DR7=0000000000000400
CCS=0000000000000000 CCD=000000007fe69558 CCO=EFLAGS
EFER=0000000000000d00
Servicing hardware INT=0x20
   164: v=20 e=0000 i=0 cpl=0 IP=0038:000000007fe7cdf8 pc=000000007fe7cdf8 SP=0030:000000007fe69370 env->regs[R_EAX]=719f1e26090cc0a5
RAX=719f1e26090cc0a5 RBX=000000007fe91140 RCX=000000007fe91148 RDX=000000007fe91140
RSI=cf0394d77bdc6e9d RDI=42593914ee4e5898 RBP=000000007fe693b0 RSP=000000007fe69370
R8 =0000000000000000 R9 =000000007fe695c0 R10=0000000000000000 R11=000000007e7830c0
R12=4d1ab44318a031ab R13=000000007fe910e0 R14=000000007f4d8498 R15=000000007fe8b9ce
RIP=000000007fe7cdf8 RFL=00000202 [-------] CPL=0 II=0 A20=1 SMM=0 HLT=0
ES =0030 0000000000000000 ffffffff 00cf9300 DPL=0 DS   [-WA]
CS =0038 0000000000000000 ffffffff 00af9a00 DPL=0 CS64 [-R-]
SS =0030 0000000000000000 ffffffff 00cf9300 DPL=0 DS   [-WA]
DS =0030 0000000000000000 ffffffff 00cf9300 DPL=0 DS   [-WA]
FS =0030 0000000000000000 ffffffff 00cf9300 DPL=0 DS   [-WA]
GS =0030 0000000000000000 ffffffff 00cf9300 DPL=0 DS   [-WA]
LDT=0000 0000000000000000 0000ffff 00008200 DPL=0 LDT
TR =0048 000000007f5da058 00000067 00008900 DPL=0 TSS64-avl
GDT=     000000007f5da000 00000057
IDT=     000000007bb7af58 00000fff
CR0=80010033 CR2=0000000000000000 CR3=000000007f801000 CR4=00000668
DR0=0000000000000000 DR1=0000000000000000 DR2=0000000000000000 DR3=0000000000000000 
DR6=00000000ffff0ff0 DR7=0000000000000400
CCS=0000000000000000 CCD=000000007fe69358 CCO=EFLAGS
EFER=0000000000000d00
Servicing hardware INT=0x20
   165: v=20 e=0000 i=0 cpl=0 IP=0038:000000007fe7cdd5 pc=000000007fe7cdd5 SP=0030:000000007fe69510 env->regs[R_EAX]=11d4d5e1107a772c
RAX=11d4d5e1107a772c RBX=000000007fe91140 RCX=000000007eb6a530 RDX=000000007fe91140
RSI=000000007eb6a530 RDI=000000007ea3ba98 RBP=000000007fe69550 RSP=000000007fe69510
R8 =000000007fe696d8 R9 =000000007f4ecb18 R10=0000000000000000 R11=000000007e7830c0
R12=000000007ea3b9a0 R13=000000007ea3b998 R14=000000007fe8b9b9 R15=000000007fe8b9ce
RIP=000000007fe7cdd5 RFL=00000202 [-------] CPL=0 II=0 A20=1 SMM=0 HLT=0
ES =0030 0000000000000000 ffffffff 00cf9300 DPL=0 DS   [-WA]
CS =0038 0000000000000000 ffffffff 00af9a00 DPL=0 CS64 [-R-]
SS =0030 0000000000000000 ffffffff 00cf9300 DPL=0 DS   [-WA]
DS =0030 0000000000000000 ffffffff 00cf9300 DPL=0 DS   [-WA]
FS =0030 0000000000000000 ffffffff 00cf9300 DPL=0 DS   [-WA]
GS =0030 0000000000000000 ffffffff 00cf9300 DPL=0 DS   [-WA]
LDT=0000 0000000000000000 0000ffff 00008200 DPL=0 LDT
TR =0048 000000007f5da058 00000067 00008900 DPL=0 TSS64-avl
GDT=     000000007f5da000 00000057
IDT=     000000007bb7af58 00000fff
CR0=80010033 CR2=0000000000000000 CR3=000000007f801000 CR4=00000668
DR0=0000000000000000 DR1=0000000000000000 DR2=0000000000000000 DR3=0000000000000000 
DR6=00000000ffff0ff0 DR7=0000000000000400
CCS=0000000000000000 CCD=000000007fe694f8 CCO=EFLAGS
EFER=0000000000000d00
Servicing hardware INT=0x20
   166: v=20 e=0000 i=0 cpl=0 IP=0038:000000007e7ebd01 pc=000000007e7ebd01 SP=0030:000000007fe697e0 env->regs[R_EAX]=8000000000000003
RAX=8000000000000003 RBX=000000007e6fed98 RCX=000000007eb60360 RDX=3b7269c9a0003f00
RSI=800000000000000e RDI=000000007e6fed98 RBP=000000007fe69820 RSP=000000007fe697e0
R8 =000000007fe69800 R9 =000000007f4ecb18 R10=0000000000000001 R11=000000007e7830c0
R12=000000007e7fe710 R13=000000007e6fed98 R14=0000000000000000 R15=0000000000000001
RIP=000000007e7ebd01 RFL=00000202 [-------] CPL=0 II=0 A20=1 SMM=0 HLT=0
ES =0030 0000000000000000 ffffffff 00cf9300 DPL=0 DS   [-WA]
CS =0038 0000000000000000 ffffffff 00af9a00 DPL=0 CS64 [-R-]
SS =0030 0000000000000000 ffffffff 00cf9300 DPL=0 DS   [-WA]
DS =0030 0000000000000000 ffffffff 00cf9300 DPL=0 DS   [-WA]
FS =0030 0000000000000000 ffffffff 00cf9300 DPL=0 DS   [-WA]
GS =0030 0000000000000000 ffffffff 00cf9300 DPL=0 DS   [-WA]
LDT=0000 0000000000000000 0000ffff 00008200 DPL=0 LDT
TR =0048 000000007f5da058 00000067 00008900 DPL=0 TSS64-avl
GDT=     000000007f5da000 00000057
IDT=     000000007bb7af58 00000fff
CR0=80010033 CR2=0000000000000000 CR3=000000007f801000 CR4=00000668
DR0=0000000000000000 DR1=0000000000000000 DR2=0000000000000000 DR3=0000000000000000 
DR6=00000000ffff0ff0 DR7=0000000000000400
CCS=0000000000000000 CCD=000000007fe69758 CCO=EFLAGS
EFER=0000000000000d00
Servicing hardware INT=0x20
   167: v=20 e=0000 i=0 cpl=0 IP=0038:000000007eaea2bc pc=000000007eaea2bc SP=0030:000000007fe69660 env->regs[R_EAX]=000000001adf2901
RAX=000000001adf2901 RBX=000000007eb38198 RCX=000000001adf2978 RDX=0000000000000078
RSI=000000007eb381d0 RDI=00000000ffc84000 RBP=000000007fe69660 RSP=000000007fe69660
R8 =000000007eb381d0 R9 =00000000ffc84010 R10=0000000000000000 R11=0000000000000004
R12=0000000000000004 R13=0000000000000010 R14=0000000000000100 R15=000000007fe92b00
RIP=000000007eaea2bc RFL=00000206 [-----P-] CPL=0 II=0 A20=1 SMM=0 HLT=0
ES =0030 0000000000000000 ffffffff 00cf9300 DPL=0 DS   [-WA]
CS =0038 0000000000000000 ffffffff 00af9a00 DPL=0 CS64 [-R-]
SS =0030 0000000000000000 ffffffff 00cf9300 DPL=0 DS   [-WA]
DS =0030 0000000000000000 ffffffff 00cf9300 DPL=0 DS   [-WA]
FS =0030 0000000000000000 ffffffff 00cf9300 DPL=0 DS   [-WA]
GS =0030 0000000000000000 ffffffff 00cf9300 DPL=0 DS   [-WA]
LDT=0000 0000000000000000 0000ffff 00008200 DPL=0 LDT
TR =0048 000000007f5da058 00000067 00008900 DPL=0 TSS64-avl
GDT=     000000007f5da000 00000057
IDT=     000000007bb7af58 00000fff
CR0=80010033 CR2=0000000000000000 CR3=000000007f801000 CR4=00000668
DR0=0000000000000000 DR1=0000000000000000 DR2=0000000000000000 DR3=0000000000000000 
DR6=00000000ffff0ff0 DR7=0000000000000400
CCS=0000000000000004 CCD=000000001adf2928 CCO=EFLAGS
EFER=0000000000000d00
Servicing hardware INT=0x20
   168: v=20 e=0000 i=0 cpl=0 IP=0038:000000007eb3cf04 pc=000000007eb3cf04 SP=0030:000000007fe68f00 env->regs[R_EAX]=0000000000000015
RAX=0000000000000015 RBX=0000000000bed7b0 RCX=0000000000000608 RDX=0000000000bed79b
RSI=000000007e589000 RDI=000000000000001c RBP=000000007fe68f10 RSP=000000007fe68f00
R8 =000000007fe68fac R9 =0000000000006010 R10=0000000000000000 R11=0000000000000001
R12=0000000000000000 R13=0000000000000000 R14=000000007e594d18 R15=0000000000000008
RIP=000000007eb3cf04 RFL=00000202 [-------] CPL=0 II=0 A20=1 SMM=0 HLT=0
ES =0030 0000000000000000 ffffffff 00cf9300 DPL=0 DS   [-WA]
CS =0038 0000000000000000 ffffffff 00af9a00 DPL=0 CS64 [-R-]
SS =0030 0000000000000000 ffffffff 00cf9300 DPL=0 DS   [-WA]
DS =0030 0000000000000000 ffffffff 00cf9300 DPL=0 DS   [-WA]
FS =0030 0000000000000000 ffffffff 00cf9300 DPL=0 DS   [-WA]
GS =0030 0000000000000000 ffffffff 00cf9300 DPL=0 DS   [-WA]
LDT=0000 0000000000000000 0000ffff 00008200 DPL=0 LDT
TR =0048 000000007f5da058 00000067 00008900 DPL=0 TSS64-avl
GDT=     000000007f5da000 00000057
IDT=     000000007bb7af58 00000fff
CR0=80010033 CR2=0000000000000000 CR3=000000007f801000 CR4=00000668
DR0=0000000000000000 DR1=0000000000000000 DR2=0000000000000000 DR3=0000000000000000 
DR6=00000000ffff0ff0 DR7=0000000000000400
CCS=0000000000000000 CCD=0000000000000015 CCO=EFLAGS
EFER=0000000000000d00
Servicing hardware INT=0x20
   169: v=20 e=0000 i=0 cpl=0 IP=0038:000000007eb3cf04 pc=000000007eb3cf04 SP=0030:000000007fe69420 env->regs[R_EAX]=000000000000006c
RAX=000000000000006c RBX=0000000000bf6f84 RCX=0000000000000608 RDX=0000000000bf6f18
RSI=000000007e589000 RDI=0000000000000072 RBP=000000007fe69430 RSP=000000007fe69420
R8 =000000007fe694cc R9 =0000000000006010 R10=0000000000000000 R11=0000000000000001
R12=0000000000000000 R13=0000000000000001 R14=000000007e594d18 R15=0000000000000020
RIP=000000007eb3cf04 RFL=00000206 [-----P-] CPL=0 II=0 A20=1 SMM=0 HLT=0
ES =0030 0000000000000000 ffffffff 00cf9300 DPL=0 DS   [-WA]
CS =0038 0000000000000000 ffffffff 00af9a00 DPL=0 CS64 [-R-]
SS =0030 0000000000000000 ffffffff 00cf9300 DPL=0 DS   [-WA]
DS =0030 0000000000000000 ffffffff 00cf9300 DPL=0 DS   [-WA]
FS =0030 0000000000000000 ffffffff 00cf9300 DPL=0 DS   [-WA]
GS =0030 0000000000000000 ffffffff 00cf9300 DPL=0 DS   [-WA]
LDT=0000 0000000000000000 0000ffff 00008200 DPL=0 LDT
TR =0048 000000007f5da058 00000067 00008900 DPL=0 TSS64-avl
GDT=     000000007f5da000 00000057
IDT=     000000007bb7af58 00000fff
CR0=80010033 CR2=0000000000000000 CR3=000000007f801000 CR4=00000668
DR0=0000000000000000 DR1=0000000000000000 DR2=0000000000000000 DR3=0000000000000000 
DR6=00000000ffff0ff0 DR7=0000000000000400
CCS=0000000000000004 CCD=000000000000006c CCO=EFLAGS
EFER=0000000000000d00
Servicing hardware INT=0x20
   170: v=20 e=0000 i=0 cpl=0 IP=0038:000000007eb09c7e pc=000000007eb09c7e SP=0030:000000007fe69040 env->regs[R_EAX]=000000007fe6006f
RAX=000000007fe6006f RBX=000000007e5890a0 RCX=0000000000000000 RDX=000000007e7df2b4
RSI=000000000000006f RDI=00000000000000f2 RBP=000000007fe69120 RSP=000000007fe69040
R8 =0000000000000006 R9 =000000000000001e R10=000000007ea36918 R11=000000007ea36618
R12=000000007e589342 R13=000000007e589fa9 R14=000000007ea36638 R15=000000007ea36928
RIP=000000007eb09c7e RFL=00000297 [--S-APC] CPL=0 II=0 A20=1 SMM=0 HLT=0
ES =0030 0000000000000000 ffffffff 00cf9300 DPL=0 DS   [-WA]
CS =0038 0000000000000000 ffffffff 00af9a00 DPL=0 CS64 [-R-]
SS =0030 0000000000000000 ffffffff 00cf9300 DPL=0 DS   [-WA]
DS =0030 0000000000000000 ffffffff 00cf9300 DPL=0 DS   [-WA]
FS =0030 0000000000000000 ffffffff 00cf9300 DPL=0 DS   [-WA]
GS =0030 0000000000000000 ffffffff 00cf9300 DPL=0 DS   [-WA]
LDT=0000 0000000000000000 0000ffff 00008200 DPL=0 LDT
TR =0048 000000007f5da058 00000067 00008900 DPL=0 TSS64-avl
GDT=     000000007f5da000 00000057
IDT=     000000007bb7af58 00000fff
CR0=80010033 CR2=0000000000000000 CR3=000000007f801000 CR4=00000668
DR0=0000000000000000 DR1=0000000000000000 DR2=0000000000000000 DR3=0000000000000000 
DR6=00000000ffff0ff0 DR7=0000000000000400
CCS=0000000000000095 CCD=ffffffff8019ffcf CCO=EFLAGS
EFER=0000000000000d00
Servicing hardware INT=0x20
   171: v=20 e=0000 i=0 cpl=0 IP=0038:000000007eb05b60 pc=000000007eb05b60 SP=0030:000000007fe68d80 env->regs[R_EAX]=0000000000000005
RAX=0000000000000005 RBX=00000000000000a8 RCX=000000007dea5018 RDX=0000000000000010
RSI=0000000000000a80 RDI=0000000000000013 RBP=000000007fe68dd0 RSP=000000007fe68d80
R8 =0000000000000008 R9 =0000000000000007 R10=0000000000000a84 R11=0000000000000000
R12=000000007fe68f00 R13=000000007eb38218 R14=0000000000989898 R15=0000000000000000
RIP=000000007eb05b60 RFL=00000206 [-----P-] CPL=0 II=0 A20=1 SMM=0 HLT=0
ES =0030 0000000000000000 ffffffff 00cf9300 DPL=0 DS   [-WA]
CS =0038 0000000000000000 ffffffff 00af9a00 DPL=0 CS64 [-R-]
SS =0030 0000000000000000 ffffffff 00cf9300 DPL=0 DS   [-WA]
DS =0030 0000000000000000 ffffffff 00cf9300 DPL=0 DS   [-WA]
FS =0030 0000000000000000 ffffffff 00cf9300 DPL=0 DS   [-WA]
GS =0030 0000000000000000 ffffffff 00cf9300 DPL=0 DS   [-WA]
LDT=0000 0000000000000000 0000ffff 00008200 DPL=0 LDT
TR =0048 000000007f5da058 00000067 00008900 DPL=0 TSS64-avl
GDT=     000000007f5da000 00000057
IDT=     000000007bb7af58 00000fff
CR0=80010033 CR2=0000000000000000 CR3=000000007f801000 CR4=00000668
DR0=0000000000000000 DR1=0000000000000000 DR2=0000000000000000 DR3=0000000000000000 
DR6=00000000ffff0ff0 DR7=0000000000000400
CCS=0000000000000004 CCD=0000000000000005 CCO=EFLAGS
EFER=0000000000000d00
Servicing hardware INT=0x20
   172: v=20 e=0000 i=0 cpl=0 IP=0038:000000007e64d258 pc=000000007e64d258 SP=0030:000000007fe68898 env->regs[R_EAX]=000000008009c400
RAX=000000008009c400 RBX=0000000000000000 RCX=0000000000000000 RDX=000000007dea52d8
RSI=000000007dea5698 RDI=000000008009c7c0 RBP=000000007fe68940 RSP=000000007fe68898
R8 =0000000000000000 R9 =000000007dea5697 R10=000000007dea52d8 R11=000000007dea52d8
R12=00000000000003c0 R13=0000000000000006 R14=0000000000000002 R15=0000000000000013
RIP=000000007e64d258 RFL=00000206 [-----P-] CPL=0 II=0 A20=1 SMM=0 HLT=0
ES =0030 0000000000000000 ffffffff 00cf9300 DPL=0 DS   [-WA]
CS =0038 0000000000000000 ffffffff 00af9a00 DPL=0 CS64 [-R-]
SS =0030 0000000000000000 ffffffff 00cf9300 DPL=0 DS   [-WA]
DS =0030 0000000000000000 ffffffff 00cf9300 DPL=0 DS   [-WA]
FS =0030 0000000000000000 ffffffff 00cf9300 DPL=0 DS   [-WA]
GS =0030 0000000000000000 ffffffff 00cf9300 DPL=0 DS   [-WA]
LDT=0000 0000000000000000 0000ffff 00008200 DPL=0 LDT
TR =0048 000000007f5da058 00000067 00008900 DPL=0 TSS64-avl
GDT=     000000007f5da000 00000057
IDT=     000000007bb7af58 00000fff
CR0=80010033 CR2=0000000000000000 CR3=000000007f801000 CR4=00000668
DR0=0000000000000000 DR1=0000000000000000 DR2=0000000000000000 DR3=0000000000000000 
DR6=00000000ffff0ff0 DR7=0000000000000400
CCS=0000000000000004 CCD=0000000000000078 CCO=EFLAGS
EFER=0000000000000d00
Servicing hardware INT=0x20
   173: v=20 e=0000 i=0 cpl=0 IP=0038:000000007de59e81 pc=000000007de59e81 SP=0030:000000007fe69358 env->regs[R_EAX]=0000000000000000
RAX=0000000000000000 RBX=00f0d3d3b8b42da0 RCX=000000007de6e31c RDX=0000000000000010
RSI=000000007e588018 RDI=000000007fe69470 RBP=000000007fe69570 RSP=000000007fe69358
R8 =000000007de6bb8a R9 =000000007de59e81 R10=0000000000000000 R11=0000000000000001
R12=000000007e6d9598 R13=000000007f5ec018 R14=0000000000000000 R15=000000007fe91f20
RIP=000000007de59e81 RFL=00000206 [-----P-] CPL=0 II=0 A20=1 SMM=0 HLT=0
ES =0030 0000000000000000 ffffffff 00cf9300 DPL=0 DS   [-WA]
CS =0038 0000000000000000 ffffffff 00af9a00 DPL=0 CS64 [-R-]
SS =0030 0000000000000000 ffffffff 00cf9300 DPL=0 DS   [-WA]
DS =0030 0000000000000000 ffffffff 00cf9300 DPL=0 DS   [-WA]
FS =0030 0000000000000000 ffffffff 00cf9300 DPL=0 DS   [-WA]
GS =0030 0000000000000000 ffffffff 00cf9300 DPL=0 DS   [-WA]
LDT=0000 0000000000000000 0000ffff 00008200 DPL=0 LDT
TR =0048 000000007f5da058 00000067 00008900 DPL=0 TSS64-avl
GDT=     000000007f5da000 00000057
IDT=     000000007bb7af58 00000fff
CR0=80010033 CR2=0000000000000000 CR3=000000007f801000 CR4=00000668
DR0=0000000000000000 DR1=0000000000000000 DR2=0000000000000000 DR3=0000000000000000 
DR6=00000000ffff0ff0 DR7=0000000000000400
CCS=0000000000000004 CCD=000000007fe69360 CCO=EFLAGS
EFER=0000000000000d00
Servicing hardware INT=0x20
   174: v=20 e=0000 i=0 cpl=0 IP=0038:000000007eb4902e pc=000000007eb4902e SP=0030:000000007fe68458 env->regs[R_EAX]=000000007eb60360
RAX=000000007eb60360 RBX=000000000000001f RCX=000000007eb60360 RDX=abd7f02e4201db00
RSI=000000007de9d000 RDI=0000000000000001 RBP=000000007fe68490 RSP=000000007fe68458
R8 =000000007de9d000 R9 =000000007de9dfff R10=000000007de9be98 R11=000000007de9be98
R12=0000000000000010 R13=0000000000000007 R14=000000000002600f R15=000000007eac9100
RIP=000000007eb4902e RFL=00000206 [-----P-] CPL=0 II=0 A20=1 SMM=0 HLT=0
ES =0030 0000000000000000 ffffffff 00cf9300 DPL=0 DS   [-WA]
CS =0038 0000000000000000 ffffffff 00af9a00 DPL=0 CS64 [-R-]
SS =0030 0000000000000000 ffffffff 00cf9300 DPL=0 DS   [-WA]
DS =0030 0000000000000000 ffffffff 00cf9300 DPL=0 DS   [-WA]
FS =0030 0000000000000000 ffffffff 00cf9300 DPL=0 DS   [-WA]
GS =0030 0000000000000000 ffffffff 00cf9300 DPL=0 DS   [-WA]
LDT=0000 0000000000000000 0000ffff 00008200 DPL=0 LDT
TR =0048 000000007f5da058 00000067 00008900 DPL=0 TSS64-avl
GDT=     000000007f5da000 00000057
IDT=     000000007bb7af58 00000fff
CR0=80010033 CR2=0000000000000000 CR3=000000007f801000 CR4=00000668
DR0=0000000000000000 DR1=0000000000000000 DR2=0000000000000000 DR3=0000000000000000 
DR6=00000000ffff0ff0 DR7=0000000000000400
CCS=0000000000000020 CCD=000000007fe68460 CCO=SUBQ
EFER=0000000000000d00
Servicing hardware INT=0x20
   175: v=20 e=0000 i=0 cpl=0 IP=0038:000000007eb3cf04 pc=000000007eb3cf04 SP=0030:000000007fe68bd0 env->regs[R_EAX]=0000000000000018
RAX=0000000000000018 RBX=0000000000c2ab24 RCX=0000000000000608 RDX=0000000000c2ab0c
RSI=000000007de9b000 RDI=0000000000000039 RBP=000000007fe68be0 RSP=000000007fe68bd0
R8 =000000007fe68c7c R9 =0000000000006010 R10=0000000000000000 R11=0000000000000001
R12=0000000000000000 R13=0000000000000000 R14=000000007e594d18 R15=0000000000000010
RIP=000000007eb3cf04 RFL=00000206 [-----P-] CPL=0 II=0 A20=1 SMM=0 HLT=0
ES =0030 0000000000000000 ffffffff 00cf9300 DPL=0 DS   [-WA]
CS =0038 0000000000000000 ffffffff 00af9a00 DPL=0 CS64 [-R-]
SS =0030 0000000000000000 ffffffff 00cf9300 DPL=0 DS   [-WA]
DS =0030 0000000000000000 ffffffff 00cf9300 DPL=0 DS   [-WA]
FS =0030 0000000000000000 ffffffff 00cf9300 DPL=0 DS   [-WA]
GS =0030 0000000000000000 ffffffff 00cf9300 DPL=0 DS   [-WA]
LDT=0000 0000000000000000 0000ffff 00008200 DPL=0 LDT
TR =0048 000000007f5da058 00000067 00008900 DPL=0 TSS64-avl
GDT=     000000007f5da000 00000057
IDT=     000000007bb7af58 00000fff
CR0=80010033 CR2=0000000000000000 CR3=000000007f801000 CR4=00000668
DR0=0000000000000000 DR1=0000000000000000 DR2=0000000000000000 DR3=0000000000000000 
DR6=00000000ffff0ff0 DR7=0000000000000400
CCS=0000000000000004 CCD=0000000000000018 CCO=EFLAGS
EFER=0000000000000d00
Servicing hardware INT=0x20
   176: v=20 e=0000 i=0 cpl=0 IP=0038:000000007eb3cf04 pc=000000007eb3cf04 SP=0030:000000007fe689e0 env->regs[R_EAX]=000000000000006e
RAX=000000000000006e RBX=0000000000c33661 RCX=0000000000000608 RDX=0000000000c335f3
RSI=000000007de98000 RDI=0000000000000072 RBP=000000007fe689f0 RSP=000000007fe689e0
R8 =000000007fe68a8c R9 =0000000000006010 R10=0000000000000000 R11=0000000000000001
R12=0000000000000000 R13=0000000000000000 R14=000000007e594d18 R15=0000000000000020
RIP=000000007eb3cf04 RFL=00000202 [-------] CPL=0 II=0 A20=1 SMM=0 HLT=0
ES =0030 0000000000000000 ffffffff 00cf9300 DPL=0 DS   [-WA]
CS =0038 0000000000000000 ffffffff 00af9a00 DPL=0 CS64 [-R-]
SS =0030 0000000000000000 ffffffff 00cf9300 DPL=0 DS   [-WA]
DS =0030 0000000000000000 ffffffff 00cf9300 DPL=0 DS   [-WA]
FS =0030 0000000000000000 ffffffff 00cf9300 DPL=0 DS   [-WA]
GS =0030 0000000000000000 ffffffff 00cf9300 DPL=0 DS   [-WA]
LDT=0000 0000000000000000 0000ffff 00008200 DPL=0 LDT
TR =0048 000000007f5da058 00000067 00008900 DPL=0 TSS64-avl
GDT=     000000007f5da000 00000057
IDT=     000000007bb7af58 00000fff
CR0=80010033 CR2=0000000000000000 CR3=000000007f801000 CR4=00000668
DR0=0000000000000000 DR1=0000000000000000 DR2=0000000000000000 DR3=0000000000000000 
DR6=00000000ffff0ff0 DR7=0000000000000400
CCS=0000000000000000 CCD=000000000000006e CCO=EFLAGS
EFER=0000000000000d00
Servicing hardware INT=0x20
   177: v=20 e=0000 i=0 cpl=0 IP=0038:000000007eb3cf04 pc=000000007eb3cf04 SP=0030:000000007fe689b0 env->regs[R_EAX]=0000000000000006
RAX=0000000000000006 RBX=0000000000c3c1d3 RCX=0000000000000608 RDX=0000000000c3c1cd
RSI=000000007de96000 RDI=0000000000000007 RBP=000000007fe689c0 RSP=000000007fe689b0
R8 =000000007fe68a5c R9 =0000000000006010 R10=0000000000000000 R11=0000000000000001
R12=0000000000000000 R13=0000000000000000 R14=000000007e594d18 R15=0000000000000002
RIP=000000007eb3cf04 RFL=00000206 [-----P-] CPL=0 II=0 A20=1 SMM=0 HLT=0
ES =0030 0000000000000000 ffffffff 00cf9300 DPL=0 DS   [-WA]
CS =0038 0000000000000000 ffffffff 00af9a00 DPL=0 CS64 [-R-]
SS =0030 0000000000000000 ffffffff 00cf9300 DPL=0 DS   [-WA]
DS =0030 0000000000000000 ffffffff 00cf9300 DPL=0 DS   [-WA]
FS =0030 0000000000000000 ffffffff 00cf9300 DPL=0 DS   [-WA]
GS =0030 0000000000000000 ffffffff 00cf9300 DPL=0 DS   [-WA]
LDT=0000 0000000000000000 0000ffff 00008200 DPL=0 LDT
TR =0048 000000007f5da058 00000067 00008900 DPL=0 TSS64-avl
GDT=     000000007f5da000 00000057
IDT=     000000007bb7af58 00000fff
CR0=80010033 CR2=0000000000000000 CR3=000000007f801000 CR4=00000668
DR0=0000000000000000 DR1=0000000000000000 DR2=0000000000000000 DR3=0000000000000000 
DR6=00000000ffff0ff0 DR7=0000000000000400
CCS=0000000000000004 CCD=0000000000000006 CCO=EFLAGS
EFER=0000000000000d00
Servicing hardware INT=0x20
   178: v=20 e=0000 i=0 cpl=0 IP=0038:000000007eb3cf04 pc=000000007eb3cf04 SP=0030:000000007fe68c30 env->regs[R_EAX]=0000000000000001
RAX=0000000000000001 RBX=0000000000c45b4a RCX=0000000000000608 RDX=0000000000c45b49
RSI=000000007de91000 RDI=0000000000000003 RBP=000000007fe68c40 RSP=000000007fe68c30
R8 =000000007fe68cdc R9 =0000000000006010 R10=0000000000000000 R11=0000000000000001
R12=0000000000000000 R13=0000000000000000 R14=000000007e594d18 R15=0000000000000001
RIP=000000007eb3cf04 RFL=00000202 [-------] CPL=0 II=0 A20=1 SMM=0 HLT=0
ES =0030 0000000000000000 ffffffff 00cf9300 DPL=0 DS   [-WA]
CS =0038 0000000000000000 ffffffff 00af9a00 DPL=0 CS64 [-R-]
SS =0030 0000000000000000 ffffffff 00cf9300 DPL=0 DS   [-WA]
DS =0030 0000000000000000 ffffffff 00cf9300 DPL=0 DS   [-WA]
FS =0030 0000000000000000 ffffffff 00cf9300 DPL=0 DS   [-WA]
GS =0030 0000000000000000 ffffffff 00cf9300 DPL=0 DS   [-WA]
LDT=0000 0000000000000000 0000ffff 00008200 DPL=0 LDT
TR =0048 000000007f5da058 00000067 00008900 DPL=0 TSS64-avl
GDT=     000000007f5da000 00000057
IDT=     000000007bb7af58 00000fff
CR0=80010033 CR2=0000000000000000 CR3=000000007f801000 CR4=00000668
DR0=0000000000000000 DR1=0000000000000000 DR2=0000000000000000 DR3=0000000000000000 
DR6=00000000ffff0ff0 DR7=0000000000000400
CCS=0000000000000000 CCD=0000000000000001 CCO=EFLAGS
EFER=0000000000000d00
Servicing hardware INT=0x20
   179: v=20 e=0000 i=0 cpl=0 IP=0038:000000007eb3cf04 pc=000000007eb3cf04 SP=0030:000000007fe68bf0 env->regs[R_EAX]=000000000000006c
RAX=000000000000006c RBX=0000000000c4dc79 RCX=0000000000000608 RDX=0000000000c4dc0d
RSI=000000007de90000 RDI=0000000000000072 RBP=000000007fe68c00 RSP=000000007fe68bf0
R8 =000000007fe68c9c R9 =0000000000006010 R10=0000000000000000 R11=0000000000000001
R12=0000000000000000 R13=0000000000000000 R14=000000007e594d18 R15=0000000000000020
RIP=000000007eb3cf04 RFL=00000206 [-----P-] CPL=0 II=0 A20=1 SMM=0 HLT=0
ES =0030 0000000000000000 ffffffff 00cf9300 DPL=0 DS   [-WA]
CS =0038 0000000000000000 ffffffff 00af9a00 DPL=0 CS64 [-R-]
SS =0030 0000000000000000 ffffffff 00cf9300 DPL=0 DS   [-WA]
DS =0030 0000000000000000 ffffffff 00cf9300 DPL=0 DS   [-WA]
FS =0030 0000000000000000 ffffffff 00cf9300 DPL=0 DS   [-WA]
GS =0030 0000000000000000 ffffffff 00cf9300 DPL=0 DS   [-WA]
LDT=0000 0000000000000000 0000ffff 00008200 DPL=0 LDT
TR =0048 000000007f5da058 00000067 00008900 DPL=0 TSS64-avl
GDT=     000000007f5da000 00000057
IDT=     000000007bb7af58 00000fff
CR0=80010033 CR2=0000000000000000 CR3=000000007f801000 CR4=00000668
DR0=0000000000000000 DR1=0000000000000000 DR2=0000000000000000 DR3=0000000000000000 
DR6=00000000ffff0ff0 DR7=0000000000000400
CCS=0000000000000004 CCD=000000000000006c CCO=EFLAGS
EFER=0000000000000d00
Servicing hardware INT=0x20
   180: v=20 e=0000 i=0 cpl=0 IP=0038:000000007eb3cf04 pc=000000007eb3cf04 SP=0030:000000007fe68c20 env->regs[R_EAX]=0000000000000005
RAX=0000000000000005 RBX=0000000000c5653c RCX=0000000000000608 RDX=0000000000c56537
RSI=000000007de8c000 RDI=0000000000000007 RBP=000000007fe68c30 RSP=000000007fe68c20
R8 =000000007fe68ccc R9 =0000000000006010 R10=0000000000000000 R11=0000000000000001
R12=0000000000000000 R13=0000000000000000 R14=000000007e594d18 R15=0000000000000002
RIP=000000007eb3cf04 RFL=00000206 [-----P-] CPL=0 II=0 A20=1 SMM=0 HLT=0
ES =0030 0000000000000000 ffffffff 00cf9300 DPL=0 DS   [-WA]
CS =0038 0000000000000000 ffffffff 00af9a00 DPL=0 CS64 [-R-]
SS =0030 0000000000000000 ffffffff 00cf9300 DPL=0 DS   [-WA]
DS =0030 0000000000000000 ffffffff 00cf9300 DPL=0 DS   [-WA]
FS =0030 0000000000000000 ffffffff 00cf9300 DPL=0 DS   [-WA]
GS =0030 0000000000000000 ffffffff 00cf9300 DPL=0 DS   [-WA]
LDT=0000 0000000000000000 0000ffff 00008200 DPL=0 LDT
TR =0048 000000007f5da058 00000067 00008900 DPL=0 TSS64-avl
GDT=     000000007f5da000 00000057
IDT=     000000007bb7af58 00000fff
CR0=80010033 CR2=0000000000000000 CR3=000000007f801000 CR4=00000668
DR0=0000000000000000 DR1=0000000000000000 DR2=0000000000000000 DR3=0000000000000000 
DR6=00000000ffff0ff0 DR7=0000000000000400
CCS=0000000000000004 CCD=0000000000000005 CCO=EFLAGS
EFER=0000000000000d00
Servicing hardware INT=0x20
   181: v=20 e=0000 i=0 cpl=0 IP=0038:000000007eb14640 pc=000000007eb14640 SP=0030:000000007fe685e8 env->regs[R_EAX]=000000007fe6868b
RAX=000000007fe6868b RBX=000000007de8fd38 RCX=000000007fe68676 RDX=000000007e7df21a
RSI=0000000000000069 RDI=00000000000000f2 RBP=000000007fe686f0 RSP=000000007fe685e8
R8 =0000000000000016 R9 =0000000000000017 R10=000000007ea36918 R11=000000007ea36618
R12=000000007de8f6c0 R13=000000007de8ff9c R14=000000007ea36638 R15=000000007ea36928
RIP=000000007eb14640 RFL=00000206 [-----P-] CPL=0 II=0 A20=1 SMM=0 HLT=0
ES =0030 0000000000000000 ffffffff 00cf9300 DPL=0 DS   [-WA]
CS =0038 0000000000000000 ffffffff 00af9a00 DPL=0 CS64 [-R-]
SS =0030 0000000000000000 ffffffff 00cf9300 DPL=0 DS   [-WA]
DS =0030 0000000000000000 ffffffff 00cf9300 DPL=0 DS   [-WA]
FS =0030 0000000000000000 ffffffff 00cf9300 DPL=0 DS   [-WA]
GS =0030 0000000000000000 ffffffff 00cf9300 DPL=0 DS   [-WA]
LDT=0000 0000000000000000 0000ffff 00008200 DPL=0 LDT
TR =0048 000000007f5da058 00000067 00008900 DPL=0 TSS64-avl
GDT=     000000007f5da000 00000057
IDT=     000000007bb7af58 00000fff
CR0=80010033 CR2=0000000000000000 CR3=000000007f801000 CR4=00000668
DR0=0000000000000000 DR1=0000000000000000 DR2=0000000000000000 DR3=0000000000000000 
DR6=00000000ffff0ff0 DR7=0000000000000400
CCS=0000000000000004 CCD=000000007fe685c0 CCO=EFLAGS
EFER=0000000000000d00
Servicing hardware INT=0x20
   182: v=20 e=0000 i=0 cpl=0 IP=0038:000000007eb3cf04 pc=000000007eb3cf04 SP=0030:000000007fe687a0 env->regs[R_EAX]=000000000000005a
RAX=000000000000005a RBX=0000000000c6818a RCX=0000000000000608 RDX=0000000000c68130
RSI=000000007de8d000 RDI=0000000000000072 RBP=000000007fe687b0 RSP=000000007fe687a0
R8 =000000007fe6884c R9 =0000000000006010 R10=0000000000000000 R11=0000000000000001
R12=0000000000000000 R13=0000000000000000 R14=000000007e594d18 R15=0000000000000020
RIP=000000007eb3cf04 RFL=00000206 [-----P-] CPL=0 II=0 A20=1 SMM=0 HLT=0
ES =0030 0000000000000000 ffffffff 00cf9300 DPL=0 DS   [-WA]
CS =0038 0000000000000000 ffffffff 00af9a00 DPL=0 CS64 [-R-]
SS =0030 0000000000000000 ffffffff 00cf9300 DPL=0 DS   [-WA]
DS =0030 0000000000000000 ffffffff 00cf9300 DPL=0 DS   [-WA]
FS =0030 0000000000000000 ffffffff 00cf9300 DPL=0 DS   [-WA]
GS =0030 0000000000000000 ffffffff 00cf9300 DPL=0 DS   [-WA]
LDT=0000 0000000000000000 0000ffff 00008200 DPL=0 LDT
TR =0048 000000007f5da058 00000067 00008900 DPL=0 TSS64-avl
GDT=     000000007f5da000 00000057
IDT=     000000007bb7af58 00000fff
CR0=80010033 CR2=0000000000000000 CR3=000000007f801000 CR4=00000668
DR0=0000000000000000 DR1=0000000000000000 DR2=0000000000000000 DR3=0000000000000000 
DR6=00000000ffff0ff0 DR7=0000000000000400
CCS=0000000000000004 CCD=000000000000005a CCO=EFLAGS
EFER=0000000000000d00
Servicing hardware INT=0x20
   183: v=20 e=0000 i=0 cpl=0 IP=0038:000000007de3ebf1 pc=000000007de3ebf1 SP=0030:000000007fe68c18 env->regs[R_EAX]=0000e8e5bdee76e5
RAX=0000e8e5bdee76e5 RBX=0000000000029000 RCX=00000000bdee76e5 RDX=0000e8e5bdee76e5
RSI=000000007fe68c60 RDI=000000007e588f18 RBP=000000007fe68c40 RSP=000000007fe68c18
R8 =0000000000002000 R9 =000000007de59670 R10=0000000000000000 R11=0000000000000001
R12=000000007f51d000 R13=000000007f51eea0 R14=0000000000000000 R15=000000007fe91f20
RIP=000000007de3ebf1 RFL=00000246 [---Z-P-] CPL=0 II=0 A20=1 SMM=0 HLT=0
ES =0030 0000000000000000 ffffffff 00cf9300 DPL=0 DS   [-WA]
CS =0038 0000000000000000 ffffffff 00af9a00 DPL=0 CS64 [-R-]
SS =0030 0000000000000000 ffffffff 00cf9300 DPL=0 DS   [-WA]
DS =0030 0000000000000000 ffffffff 00cf9300 DPL=0 DS   [-WA]
FS =0030 0000000000000000 ffffffff 00cf9300 DPL=0 DS   [-WA]
GS =0030 0000000000000000 ffffffff 00cf9300 DPL=0 DS   [-WA]
LDT=0000 0000000000000000 0000ffff 00008200 DPL=0 LDT
TR =0048 000000007f5da058 00000067 00008900 DPL=0 TSS64-avl
GDT=     000000007f5da000 00000057
IDT=     000000007bb7af58 00000fff
CR0=80010033 CR2=0000000000000000 CR3=000000007f801000 CR4=00000668
DR0=0000000000000000 DR1=0000000000000000 DR2=0000000000000000 DR3=0000000000000000 
DR6=00000000ffff0ff0 DR7=0000000000000400
CCS=0000000000000044 CCD=0000000000000000 CCO=EFLAGS
EFER=0000000000000d00
Servicing hardware INT=0x20
   184: v=20 e=0000 i=0 cpl=0 IP=0038:000000007eb3cf04 pc=000000007eb3cf04 SP=0030:000000007fe687d0 env->regs[R_EAX]=0000000000000006
RAX=0000000000000006 RBX=0000000000c79618 RCX=0000000000000608 RDX=0000000000c79612
RSI=000000007de88000 RDI=0000000000000007 RBP=000000007fe687e0 RSP=000000007fe687d0
R8 =000000007fe6887c R9 =0000000000006010 R10=0000000000000000 R11=0000000000000001
R12=0000000000000000 R13=0000000000000000 R14=000000007e594d18 R15=0000000000000002
RIP=000000007eb3cf04 RFL=00000206 [-----P-] CPL=0 II=0 A20=1 SMM=0 HLT=0
ES =0030 0000000000000000 ffffffff 00cf9300 DPL=0 DS   [-WA]
CS =0038 0000000000000000 ffffffff 00af9a00 DPL=0 CS64 [-R-]
SS =0030 0000000000000000 ffffffff 00cf9300 DPL=0 DS   [-WA]
DS =0030 0000000000000000 ffffffff 00cf9300 DPL=0 DS   [-WA]
FS =0030 0000000000000000 ffffffff 00cf9300 DPL=0 DS   [-WA]
GS =0030 0000000000000000 ffffffff 00cf9300 DPL=0 DS   [-WA]
LDT=0000 0000000000000000 0000ffff 00008200 DPL=0 LDT
TR =0048 000000007f5da058 00000067 00008900 DPL=0 TSS64-avl
GDT=     000000007f5da000 00000057
IDT=     000000007bb7af58 00000fff
CR0=80010033 CR2=0000000000000000 CR3=000000007f801000 CR4=00000668
DR0=0000000000000000 DR1=0000000000000000 DR2=0000000000000000 DR3=0000000000000000 
DR6=00000000ffff0ff0 DR7=0000000000000400
CCS=0000000000000004 CCD=0000000000000006 CCO=EFLAGS
EFER=0000000000000d00
Servicing hardware INT=0x20
   185: v=20 e=0000 i=0 cpl=0 IP=0038:000000007fe7b4cc pc=000000007fe7b4cc SP=0030:000000007fe68ff8 env->regs[R_EAX]=8000000000024000
RAX=8000000000024000 RBX=000000007de81018 RCX=0000000000400000 RDX=000000007fe8bdf4
RSI=0000000000000050 RDI=0000000000000074 RBP=000000007fe69090 RSP=000000007fe68ff8
R8 =000000007de81118 R9 =000000007de82f47 R10=0000000000000000 R11=0000000000000001
R12=000000007de81118 R13=0000000000000030 R14=0000000000000001 R15=000000007de82f18
RIP=000000007fe7b4cc RFL=00000206 [-----P-] CPL=0 II=0 A20=1 SMM=0 HLT=0
ES =0030 0000000000000000 ffffffff 00cf9300 DPL=0 DS   [-WA]
CS =0038 0000000000000000 ffffffff 00af9a00 DPL=0 CS64 [-R-]
SS =0030 0000000000000000 ffffffff 00cf9300 DPL=0 DS   [-WA]
DS =0030 0000000000000000 ffffffff 00cf9300 DPL=0 DS   [-WA]
FS =0030 0000000000000000 ffffffff 00cf9300 DPL=0 DS   [-WA]
GS =0030 0000000000000000 ffffffff 00cf9300 DPL=0 DS   [-WA]
LDT=0000 0000000000000000 0000ffff 00008200 DPL=0 LDT
TR =0048 000000007f5da058 00000067 00008900 DPL=0 TSS64-avl
GDT=     000000007f5da000 00000057
IDT=     000000007bb7af58 00000fff
CR0=80010033 CR2=0000000000000000 CR3=000000007f801000 CR4=00000668
DR0=0000000000000000 DR1=0000000000000000 DR2=0000000000000000 DR3=0000000000000000 
DR6=00000000ffff0ff0 DR7=0000000000000400
CCS=0000000000000004 CCD=000000007fe69000 CCO=EFLAGS
EFER=0000000000000d00
Servicing hardware INT=0x20
   186: v=20 e=0000 i=0 cpl=0 IP=0038:000000007eb3cf04 pc=000000007eb3cf04 SP=0030:000000007fe68c20 env->regs[R_EAX]=0000000000000004
RAX=0000000000000004 RBX=0000000000c8ad00 RCX=0000000000000608 RDX=0000000000c8acfc
RSI=000000007de83000 RDI=0000000000000007 RBP=000000007fe68c30 RSP=000000007fe68c20
R8 =000000007fe68ccc R9 =0000000000006010 R10=0000000000000000 R11=0000000000000001
R12=0000000000000000 R13=0000000000000000 R14=000000007e594d18 R15=0000000000000002
RIP=000000007eb3cf04 RFL=00000202 [-------] CPL=0 II=0 A20=1 SMM=0 HLT=0
ES =0030 0000000000000000 ffffffff 00cf9300 DPL=0 DS   [-WA]
CS =0038 0000000000000000 ffffffff 00af9a00 DPL=0 CS64 [-R-]
SS =0030 0000000000000000 ffffffff 00cf9300 DPL=0 DS   [-WA]
DS =0030 0000000000000000 ffffffff 00cf9300 DPL=0 DS   [-WA]
FS =0030 0000000000000000 ffffffff 00cf9300 DPL=0 DS   [-WA]
GS =0030 0000000000000000 ffffffff 00cf9300 DPL=0 DS   [-WA]
LDT=0000 0000000000000000 0000ffff 00008200 DPL=0 LDT
TR =0048 000000007f5da058 00000067 00008900 DPL=0 TSS64-avl
GDT=     000000007f5da000 00000057
IDT=     000000007bb7af58 00000fff
CR0=80010033 CR2=0000000000000000 CR3=000000007f801000 CR4=00000668
DR0=0000000000000000 DR1=0000000000000000 DR2=0000000000000000 DR3=0000000000000000 
DR6=00000000ffff0ff0 DR7=0000000000000400
CCS=0000000000000000 CCD=0000000000000004 CCO=EFLAGS
EFER=0000000000000d00
Servicing hardware INT=0x20
   187: v=20 e=0000 i=0 cpl=0 IP=0038:000000007eb3cf04 pc=000000007eb3cf04 SP=0030:000000007fe68c20 env->regs[R_EAX]=0000000000000071
RAX=0000000000000071 RBX=0000000000c938ce RCX=0000000000000608 RDX=0000000000c9385d
RSI=000000007de83000 RDI=0000000000000072 RBP=000000007fe68c30 RSP=000000007fe68c20
R8 =000000007fe68ccc R9 =0000000000006010 R10=0000000000000000 R11=0000000000000001
R12=0000000000000000 R13=0000000000000000 R14=000000007e594d18 R15=0000000000000020
RIP=000000007eb3cf04 RFL=00000206 [-----P-] CPL=0 II=0 A20=1 SMM=0 HLT=0
ES =0030 0000000000000000 ffffffff 00cf9300 DPL=0 DS   [-WA]
CS =0038 0000000000000000 ffffffff 00af9a00 DPL=0 CS64 [-R-]
SS =0030 0000000000000000 ffffffff 00cf9300 DPL=0 DS   [-WA]
DS =0030 0000000000000000 ffffffff 00cf9300 DPL=0 DS   [-WA]
FS =0030 0000000000000000 ffffffff 00cf9300 DPL=0 DS   [-WA]
GS =0030 0000000000000000 ffffffff 00cf9300 DPL=0 DS   [-WA]
LDT=0000 0000000000000000 0000ffff 00008200 DPL=0 LDT
TR =0048 000000007f5da058 00000067 00008900 DPL=0 TSS64-avl
GDT=     000000007f5da000 00000057
IDT=     000000007bb7af58 00000fff
CR0=80010033 CR2=0000000000000000 CR3=000000007f801000 CR4=00000668
DR0=0000000000000000 DR1=0000000000000000 DR2=0000000000000000 DR3=0000000000000000 
DR6=00000000ffff0ff0 DR7=0000000000000400
CCS=0000000000000004 CCD=0000000000000071 CCO=EFLAGS
EFER=0000000000000d00
Servicing hardware INT=0x20
   188: v=20 e=0000 i=0 cpl=0 IP=0038:000000007eb3cf04 pc=000000007eb3cf04 SP=0030:000000007fe68c20 env->regs[R_EAX]=0000000000000007
RAX=0000000000000007 RBX=0000000000c9c40f RCX=0000000000000608 RDX=0000000000c9c408
RSI=000000007de83000 RDI=0000000000000007 RBP=000000007fe68c30 RSP=000000007fe68c20
R8 =000000007fe68ccc R9 =0000000000006010 R10=0000000000000000 R11=0000000000000001
R12=0000000000000000 R13=0000000000000000 R14=000000007e594d18 R15=0000000000000002
RIP=000000007eb3cf04 RFL=00000202 [-------] CPL=0 II=0 A20=1 SMM=0 HLT=0
ES =0030 0000000000000000 ffffffff 00cf9300 DPL=0 DS   [-WA]
CS =0038 0000000000000000 ffffffff 00af9a00 DPL=0 CS64 [-R-]
SS =0030 0000000000000000 ffffffff 00cf9300 DPL=0 DS   [-WA]
DS =0030 0000000000000000 ffffffff 00cf9300 DPL=0 DS   [-WA]
FS =0030 0000000000000000 ffffffff 00cf9300 DPL=0 DS   [-WA]
GS =0030 0000000000000000 ffffffff 00cf9300 DPL=0 DS   [-WA]
LDT=0000 0000000000000000 0000ffff 00008200 DPL=0 LDT
TR =0048 000000007f5da058 00000067 00008900 DPL=0 TSS64-avl
GDT=     000000007f5da000 00000057
IDT=     000000007bb7af58 00000fff
CR0=80010033 CR2=0000000000000000 CR3=000000007f801000 CR4=00000668
DR0=0000000000000000 DR1=0000000000000000 DR2=0000000000000000 DR3=0000000000000000 
DR6=00000000ffff0ff0 DR7=0000000000000400
CCS=0000000000000000 CCD=0000000000000007 CCO=EFLAGS
EFER=0000000000000d00
Servicing hardware INT=0x20
   189: v=20 e=0000 i=0 cpl=0 IP=0038:000000007eb3cf04 pc=000000007eb3cf04 SP=0030:000000007fe68a00 env->regs[R_EAX]=0000000000000019
RAX=0000000000000019 RBX=0000000000ca536c RCX=0000000000000608 RDX=0000000000ca5353
RSI=000000007de8f000 RDI=000000000000001c RBP=000000007fe68a10 RSP=000000007fe68a00
R8 =000000007fe68aac R9 =0000000000006010 R10=0000000000000000 R11=0000000000000001
R12=0000000000000000 R13=0000000000000000 R14=000000007e594d18 R15=0000000000000008
RIP=000000007eb3cf04 RFL=00000202 [-------] CPL=0 II=0 A20=1 SMM=0 HLT=0
ES =0030 0000000000000000 ffffffff 00cf9300 DPL=0 DS   [-WA]
CS =0038 0000000000000000 ffffffff 00af9a00 DPL=0 CS64 [-R-]
SS =0030 0000000000000000 ffffffff 00cf9300 DPL=0 DS   [-WA]
DS =0030 0000000000000000 ffffffff 00cf9300 DPL=0 DS   [-WA]
FS =0030 0000000000000000 ffffffff 00cf9300 DPL=0 DS   [-WA]
GS =0030 0000000000000000 ffffffff 00cf9300 DPL=0 DS   [-WA]
LDT=0000 0000000000000000 0000ffff 00008200 DPL=0 LDT
TR =0048 000000007f5da058 00000067 00008900 DPL=0 TSS64-avl
GDT=     000000007f5da000 00000057
IDT=     000000007bb7af58 00000fff
CR0=80010033 CR2=0000000000000000 CR3=000000007f801000 CR4=00000668
DR0=0000000000000000 DR1=0000000000000000 DR2=0000000000000000 DR3=0000000000000000 
DR6=00000000ffff0ff0 DR7=0000000000000400
CCS=0000000000000000 CCD=0000000000000019 CCO=EFLAGS
EFER=0000000000000d00
Servicing hardware INT=0x20
   190: v=20 e=0000 i=0 cpl=0 IP=0038:000000007eb3cf04 pc=000000007eb3cf04 SP=0030:000000007fe68a00 env->regs[R_EAX]=0000000000000005
RAX=0000000000000005 RBX=0000000000cadb53 RCX=0000000000000608 RDX=0000000000cadb4e
RSI=000000007de8f000 RDI=0000000000000007 RBP=000000007fe68a10 RSP=000000007fe68a00
R8 =000000007fe68aac R9 =0000000000006010 R10=0000000000000000 R11=0000000000000001
R12=0000000000000000 R13=0000000000000000 R14=000000007e594d18 R15=0000000000000002
RIP=000000007eb3cf04 RFL=00000206 [-----P-] CPL=0 II=0 A20=1 SMM=0 HLT=0
ES =0030 0000000000000000 ffffffff 00cf9300 DPL=0 DS   [-WA]
CS =0038 0000000000000000 ffffffff 00af9a00 DPL=0 CS64 [-R-]
SS =0030 0000000000000000 ffffffff 00cf9300 DPL=0 DS   [-WA]
DS =0030 0000000000000000 ffffffff 00cf9300 DPL=0 DS   [-WA]
FS =0030 0000000000000000 ffffffff 00cf9300 DPL=0 DS   [-WA]
GS =0030 0000000000000000 ffffffff 00cf9300 DPL=0 DS   [-WA]
LDT=0000 0000000000000000 0000ffff 00008200 DPL=0 LDT
TR =0048 000000007f5da058 00000067 00008900 DPL=0 TSS64-avl
GDT=     000000007f5da000 00000057
IDT=     000000007bb7af58 00000fff
CR0=80010033 CR2=0000000000000000 CR3=000000007f801000 CR4=00000668
DR0=0000000000000000 DR1=0000000000000000 DR2=0000000000000000 DR3=0000000000000000 
DR6=00000000ffff0ff0 DR7=0000000000000400
CCS=0000000000000004 CCD=0000000000000005 CCO=EFLAGS
EFER=0000000000000d00
Servicing hardware INT=0x20
   191: v=20 e=0000 i=0 cpl=0 IP=0038:000000007eb3cf04 pc=000000007eb3cf04 SP=0030:000000007fe68c20 env->regs[R_EAX]=0000000000000005
RAX=0000000000000005 RBX=0000000000cb67a0 RCX=0000000000000608 RDX=0000000000cb679b
RSI=000000007de83000 RDI=0000000000000007 RBP=000000007fe68c30 RSP=000000007fe68c20
R8 =000000007fe68ccc R9 =0000000000006010 R10=0000000000000000 R11=0000000000000001
R12=0000000000000000 R13=0000000000000000 R14=000000007e594d18 R15=0000000000000002
RIP=000000007eb3cf04 RFL=00000206 [-----P-] CPL=0 II=0 A20=1 SMM=0 HLT=0
ES =0030 0000000000000000 ffffffff 00cf9300 DPL=0 DS   [-WA]
CS =0038 0000000000000000 ffffffff 00af9a00 DPL=0 CS64 [-R-]
SS =0030 0000000000000000 ffffffff 00cf9300 DPL=0 DS   [-WA]
DS =0030 0000000000000000 ffffffff 00cf9300 DPL=0 DS   [-WA]
FS =0030 0000000000000000 ffffffff 00cf9300 DPL=0 DS   [-WA]
GS =0030 0000000000000000 ffffffff 00cf9300 DPL=0 DS   [-WA]
LDT=0000 0000000000000000 0000ffff 00008200 DPL=0 LDT
TR =0048 000000007f5da058 00000067 00008900 DPL=0 TSS64-avl
GDT=     000000007f5da000 00000057
IDT=     000000007bb7af58 00000fff
CR0=80010033 CR2=0000000000000000 CR3=000000007f801000 CR4=00000668
DR0=0000000000000000 DR1=0000000000000000 DR2=0000000000000000 DR3=0000000000000000 
DR6=00000000ffff0ff0 DR7=0000000000000400
CCS=0000000000000004 CCD=0000000000000005 CCO=EFLAGS
EFER=0000000000000d00
Servicing hardware INT=0x20
   192: v=20 e=0000 i=0 cpl=0 IP=0038:000000007eb3cf04 pc=000000007eb3cf04 SP=0030:000000007fe68a00 env->regs[R_EAX]=0000000000000005
RAX=0000000000000005 RBX=0000000000cbf590 RCX=0000000000000608 RDX=0000000000cbf58b
RSI=000000007de8f000 RDI=0000000000000007 RBP=000000007fe68a10 RSP=000000007fe68a00
R8 =000000007fe68aac R9 =0000000000006010 R10=0000000000000000 R11=0000000000000001
R12=0000000000000000 R13=0000000000000000 R14=000000007e594d18 R15=0000000000000002
RIP=000000007eb3cf04 RFL=00000206 [-----P-] CPL=0 II=0 A20=1 SMM=0 HLT=0
ES =0030 0000000000000000 ffffffff 00cf9300 DPL=0 DS   [-WA]
CS =0038 0000000000000000 ffffffff 00af9a00 DPL=0 CS64 [-R-]
SS =0030 0000000000000000 ffffffff 00cf9300 DPL=0 DS   [-WA]
DS =0030 0000000000000000 ffffffff 00cf9300 DPL=0 DS   [-WA]
FS =0030 0000000000000000 ffffffff 00cf9300 DPL=0 DS   [-WA]
GS =0030 0000000000000000 ffffffff 00cf9300 DPL=0 DS   [-WA]
LDT=0000 0000000000000000 0000ffff 00008200 DPL=0 LDT
TR =0048 000000007f5da058 00000067 00008900 DPL=0 TSS64-avl
GDT=     000000007f5da000 00000057
IDT=     000000007bb7af58 00000fff
CR0=80010033 CR2=0000000000000000 CR3=000000007f801000 CR4=00000668
DR0=0000000000000000 DR1=0000000000000000 DR2=0000000000000000 DR3=0000000000000000 
DR6=00000000ffff0ff0 DR7=0000000000000400
CCS=0000000000000004 CCD=0000000000000005 CCO=EFLAGS
EFER=0000000000000d00
Servicing hardware INT=0x20
   193: v=20 e=0000 i=0 cpl=0 IP=0038:000000007eb3cf04 pc=000000007eb3cf04 SP=0030:000000007fe68c20 env->regs[R_EAX]=0000000000000006
RAX=0000000000000006 RBX=0000000000cc7fb8 RCX=0000000000000608 RDX=0000000000cc7fb2
RSI=000000007de83000 RDI=0000000000000039 RBP=000000007fe68c30 RSP=000000007fe68c20
R8 =000000007fe68ccc R9 =0000000000006010 R10=0000000000000000 R11=0000000000000001
R12=0000000000000000 R13=0000000000000000 R14=000000007e594d18 R15=0000000000000010
RIP=000000007eb3cf04 RFL=00000206 [-----P-] CPL=0 II=0 A20=1 SMM=0 HLT=0
ES =0030 0000000000000000 ffffffff 00cf9300 DPL=0 DS   [-WA]
CS =0038 0000000000000000 ffffffff 00af9a00 DPL=0 CS64 [-R-]
SS =0030 0000000000000000 ffffffff 00cf9300 DPL=0 DS   [-WA]
DS =0030 0000000000000000 ffffffff 00cf9300 DPL=0 DS   [-WA]
FS =0030 0000000000000000 ffffffff 00cf9300 DPL=0 DS   [-WA]
GS =0030 0000000000000000 ffffffff 00cf9300 DPL=0 DS   [-WA]
LDT=0000 0000000000000000 0000ffff 00008200 DPL=0 LDT
TR =0048 000000007f5da058 00000067 00008900 DPL=0 TSS64-avl
GDT=     000000007f5da000 00000057
IDT=     000000007bb7af58 00000fff
CR0=80010033 CR2=0000000000000000 CR3=000000007f801000 CR4=00000668
DR0=0000000000000000 DR1=0000000000000000 DR2=0000000000000000 DR3=0000000000000000 
DR6=00000000ffff0ff0 DR7=0000000000000400
CCS=0000000000000004 CCD=0000000000000006 CCO=EFLAGS
EFER=0000000000000d00
Servicing hardware INT=0x20
   194: v=20 e=0000 i=0 cpl=0 IP=0038:000000007eb3cf04 pc=000000007eb3cf04 SP=0030:000000007fe68a00 env->regs[R_EAX]=000000000000001b
RAX=000000000000001b RBX=0000000000cd0e29 RCX=0000000000000608 RDX=0000000000cd0e0e
RSI=000000007de8f000 RDI=0000000000000039 RBP=000000007fe68a10 RSP=000000007fe68a00
R8 =000000007fe68aac R9 =0000000000006010 R10=0000000000000000 R11=0000000000000001
R12=0000000000000000 R13=0000000000000000 R14=000000007e594d18 R15=0000000000000010
RIP=000000007eb3cf04 RFL=00000206 [-----P-] CPL=0 II=0 A20=1 SMM=0 HLT=0
ES =0030 0000000000000000 ffffffff 00cf9300 DPL=0 DS   [-WA]
CS =0038 0000000000000000 ffffffff 00af9a00 DPL=0 CS64 [-R-]
SS =0030 0000000000000000 ffffffff 00cf9300 DPL=0 DS   [-WA]
DS =0030 0000000000000000 ffffffff 00cf9300 DPL=0 DS   [-WA]
FS =0030 0000000000000000 ffffffff 00cf9300 DPL=0 DS   [-WA]
GS =0030 0000000000000000 ffffffff 00cf9300 DPL=0 DS   [-WA]
LDT=0000 0000000000000000 0000ffff 00008200 DPL=0 LDT
TR =0048 000000007f5da058 00000067 00008900 DPL=0 TSS64-avl
GDT=     000000007f5da000 00000057
IDT=     000000007bb7af58 00000fff
CR0=80010033 CR2=0000000000000000 CR3=000000007f801000 CR4=00000668
DR0=0000000000000000 DR1=0000000000000000 DR2=0000000000000000 DR3=0000000000000000 
DR6=00000000ffff0ff0 DR7=0000000000000400
CCS=0000000000000004 CCD=000000000000001b CCO=EFLAGS
EFER=0000000000000d00
Servicing hardware INT=0x20
   195: v=20 e=0000 i=0 cpl=0 IP=0038:000000007eb3cf04 pc=000000007eb3cf04 SP=0030:000000007fe68c20 env->regs[R_EAX]=0000000000000004
RAX=0000000000000004 RBX=0000000000cd968a RCX=0000000000000608 RDX=0000000000cd9686
RSI=000000007de83000 RDI=0000000000000007 RBP=000000007fe68c30 RSP=000000007fe68c20
R8 =000000007fe68ccc R9 =0000000000006010 R10=0000000000000000 R11=0000000000000001
R12=0000000000000000 R13=0000000000000000 R14=000000007e594d18 R15=0000000000000002
RIP=000000007eb3cf04 RFL=00000202 [-------] CPL=0 II=0 A20=1 SMM=0 HLT=0
ES =0030 0000000000000000 ffffffff 00cf9300 DPL=0 DS   [-WA]
CS =0038 0000000000000000 ffffffff 00af9a00 DPL=0 CS64 [-R-]
SS =0030 0000000000000000 ffffffff 00cf9300 DPL=0 DS   [-WA]
DS =0030 0000000000000000 ffffffff 00cf9300 DPL=0 DS   [-WA]
FS =0030 0000000000000000 ffffffff 00cf9300 DPL=0 DS   [-WA]
GS =0030 0000000000000000 ffffffff 00cf9300 DPL=0 DS   [-WA]
LDT=0000 0000000000000000 0000ffff 00008200 DPL=0 LDT
TR =0048 000000007f5da058 00000067 00008900 DPL=0 TSS64-avl
GDT=     000000007f5da000 00000057
IDT=     000000007bb7af58 00000fff
CR0=80010033 CR2=0000000000000000 CR3=000000007f801000 CR4=00000668
DR0=0000000000000000 DR1=0000000000000000 DR2=0000000000000000 DR3=0000000000000000 
DR6=00000000ffff0ff0 DR7=0000000000000400
CCS=0000000000000000 CCD=0000000000000004 CCO=EFLAGS
EFER=0000000000000d00
Servicing hardware INT=0x20
   196: v=20 e=0000 i=0 cpl=0 IP=0038:000000007eb3cf04 pc=000000007eb3cf04 SP=0030:000000007fe68a00 env->regs[R_EAX]=0000000000000002
RAX=0000000000000002 RBX=0000000000ce240a RCX=0000000000000608 RDX=0000000000ce2408
RSI=000000007de8f000 RDI=0000000000000007 RBP=000000007fe68a10 RSP=000000007fe68a00
R8 =000000007fe68aac R9 =0000000000006010 R10=0000000000000000 R11=0000000000000001
R12=0000000000000000 R13=0000000000000000 R14=000000007e594d18 R15=0000000000000002
RIP=000000007eb3cf04 RFL=00000202 [-------] CPL=0 II=0 A20=1 SMM=0 HLT=0
ES =0030 0000000000000000 ffffffff 00cf9300 DPL=0 DS   [-WA]
CS =0038 0000000000000000 ffffffff 00af9a00 DPL=0 CS64 [-R-]
SS =0030 0000000000000000 ffffffff 00cf9300 DPL=0 DS   [-WA]
DS =0030 0000000000000000 ffffffff 00cf9300 DPL=0 DS   [-WA]
FS =0030 0000000000000000 ffffffff 00cf9300 DPL=0 DS   [-WA]
GS =0030 0000000000000000 ffffffff 00cf9300 DPL=0 DS   [-WA]
LDT=0000 0000000000000000 0000ffff 00008200 DPL=0 LDT
TR =0048 000000007f5da058 00000067 00008900 DPL=0 TSS64-avl
GDT=     000000007f5da000 00000057
IDT=     000000007bb7af58 00000fff
CR0=80010033 CR2=0000000000000000 CR3=000000007f801000 CR4=00000668
DR0=0000000000000000 DR1=0000000000000000 DR2=0000000000000000 DR3=0000000000000000 
DR6=00000000ffff0ff0 DR7=0000000000000400
CCS=0000000000000000 CCD=0000000000000002 CCO=EFLAGS
EFER=0000000000000d00
Servicing hardware INT=0x20
   197: v=20 e=0000 i=0 cpl=0 IP=0038:000000007de3ebf1 pc=000000007de3ebf1 SP=0030:000000007fe68e58 env->regs[R_EAX]=0000e8e5bdee76e5
RAX=0000e8e5bdee76e5 RBX=0000000000024000 RCX=00000000bdee76e5 RDX=0000e8e5bdee76e5
RSI=000000007fe68ea0 RDI=000000007e588f18 RBP=000000007fe68e80 RSP=000000007fe68e58
R8 =0000000000001000 R9 =000000007de59670 R10=0000000000000000 R11=000000007de7fc58
R12=000000007f4ef000 R13=000000007f4ef000 R14=0000000000000000 R15=000000007fe91f20
RIP=000000007de3ebf1 RFL=00000246 [---Z-P-] CPL=0 II=0 A20=1 SMM=0 HLT=0
ES =0030 0000000000000000 ffffffff 00cf9300 DPL=0 DS   [-WA]
CS =0038 0000000000000000 ffffffff 00af9a00 DPL=0 CS64 [-R-]
SS =0030 0000000000000000 ffffffff 00cf9300 DPL=0 DS   [-WA]
DS =0030 0000000000000000 ffffffff 00cf9300 DPL=0 DS   [-WA]
FS =0030 0000000000000000 ffffffff 00cf9300 DPL=0 DS   [-WA]
GS =0030 0000000000000000 ffffffff 00cf9300 DPL=0 DS   [-WA]
LDT=0000 0000000000000000 0000ffff 00008200 DPL=0 LDT
TR =0048 000000007f5da058 00000067 00008900 DPL=0 TSS64-avl
GDT=     000000007f5da000 00000057
IDT=     000000007bb7af58 00000fff
CR0=80010033 CR2=0000000000000000 CR3=000000007f801000 CR4=00000668
DR0=0000000000000000 DR1=0000000000000000 DR2=0000000000000000 DR3=0000000000000000 
DR6=00000000ffff0ff0 DR7=0000000000000400
CCS=0000000000000044 CCD=0000000000000000 CCO=EFLAGS
EFER=0000000000000d00
Servicing hardware INT=0x20
   198: v=20 e=0000 i=0 cpl=0 IP=0038:000000007eb3cf04 pc=000000007eb3cf04 SP=0030:000000007fe68a10 env->regs[R_EAX]=0000000000000028
RAX=0000000000000028 RBX=0000000000cf4c92 RCX=0000000000000608 RDX=0000000000cf4c6a
RSI=000000007de83000 RDI=0000000000000039 RBP=000000007fe68a20 RSP=000000007fe68a10
R8 =000000007fe68abc R9 =0000000000006010 R10=0000000000000000 R11=0000000000000001
R12=0000000000000000 R13=0000000000000000 R14=000000007e594d18 R15=0000000000000010
RIP=000000007eb3cf04 RFL=00000206 [-----P-] CPL=0 II=0 A20=1 SMM=0 HLT=0
ES =0030 0000000000000000 ffffffff 00cf9300 DPL=0 DS   [-WA]
CS =0038 0000000000000000 ffffffff 00af9a00 DPL=0 CS64 [-R-]
SS =0030 0000000000000000 ffffffff 00cf9300 DPL=0 DS   [-WA]
DS =0030 0000000000000000 ffffffff 00cf9300 DPL=0 DS   [-WA]
FS =0030 0000000000000000 ffffffff 00cf9300 DPL=0 DS   [-WA]
GS =0030 0000000000000000 ffffffff 00cf9300 DPL=0 DS   [-WA]
LDT=0000 0000000000000000 0000ffff 00008200 DPL=0 LDT
TR =0048 000000007f5da058 00000067 00008900 DPL=0 TSS64-avl
GDT=     000000007f5da000 00000057
IDT=     000000007bb7af58 00000fff
CR0=80010033 CR2=0000000000000000 CR3=000000007f801000 CR4=00000668
DR0=0000000000000000 DR1=0000000000000000 DR2=0000000000000000 DR3=0000000000000000 
DR6=00000000ffff0ff0 DR7=0000000000000400
CCS=0000000000000004 CCD=0000000000000028 CCO=EFLAGS
EFER=0000000000000d00
Servicing hardware INT=0x20
   199: v=20 e=0000 i=0 cpl=0 IP=0038:000000007eb3cf04 pc=000000007eb3cf04 SP=0030:000000007fe68a00 env->regs[R_EAX]=0000000000000004
RAX=0000000000000004 RBX=0000000000cfc83f RCX=0000000000000608 RDX=0000000000cfc83b
RSI=000000007de83000 RDI=0000000000000007 RBP=000000007fe68a10 RSP=000000007fe68a00
R8 =000000007fe68aac R9 =0000000000006010 R10=0000000000000000 R11=0000000000000001
R12=0000000000000000 R13=0000000000000000 R14=000000007e594d18 R15=0000000000000002
RIP=000000007eb3cf04 RFL=00000202 [-------] CPL=0 II=0 A20=1 SMM=0 HLT=0
ES =0030 0000000000000000 ffffffff 00cf9300 DPL=0 DS   [-WA]
CS =0038 0000000000000000 ffffffff 00af9a00 DPL=0 CS64 [-R-]
SS =0030 0000000000000000 ffffffff 00cf9300 DPL=0 DS   [-WA]
DS =0030 0000000000000000 ffffffff 00cf9300 DPL=0 DS   [-WA]
FS =0030 0000000000000000 ffffffff 00cf9300 DPL=0 DS   [-WA]
GS =0030 0000000000000000 ffffffff 00cf9300 DPL=0 DS   [-WA]
LDT=0000 0000000000000000 0000ffff 00008200 DPL=0 LDT
TR =0048 000000007f5da058 00000067 00008900 DPL=0 TSS64-avl
GDT=     000000007f5da000 00000057
IDT=     000000007bb7af58 00000fff
CR0=80010033 CR2=0000000000000000 CR3=000000007f801000 CR4=00000668
DR0=0000000000000000 DR1=0000000000000000 DR2=0000000000000000 DR3=0000000000000000 
DR6=00000000ffff0ff0 DR7=0000000000000400
CCS=0000000000000000 CCD=0000000000000004 CCO=EFLAGS
EFER=0000000000000d00
Servicing hardware INT=0x20
   200: v=20 e=0000 i=0 cpl=0 IP=0038:000000007eb3cf04 pc=000000007eb3cf04 SP=0030:000000007fe68c40 env->regs[R_EAX]=0000000000000071
RAX=0000000000000071 RBX=0000000000d0524f RCX=0000000000000608 RDX=0000000000d051de
RSI=000000007de82000 RDI=0000000000000072 RBP=000000007fe68c50 RSP=000000007fe68c40
R8 =000000007fe68cec R9 =0000000000006010 R10=0000000000000000 R11=0000000000000001
R12=0000000000000000 R13=0000000000000001 R14=000000007e594d18 R15=0000000000000020
RIP=000000007eb3cf04 RFL=00000206 [-----P-] CPL=0 II=0 A20=1 SMM=0 HLT=0
ES =0030 0000000000000000 ffffffff 00cf9300 DPL=0 DS   [-WA]
CS =0038 0000000000000000 ffffffff 00af9a00 DPL=0 CS64 [-R-]
SS =0030 0000000000000000 ffffffff 00cf9300 DPL=0 DS   [-WA]
DS =0030 0000000000000000 ffffffff 00cf9300 DPL=0 DS   [-WA]
FS =0030 0000000000000000 ffffffff 00cf9300 DPL=0 DS   [-WA]
GS =0030 0000000000000000 ffffffff 00cf9300 DPL=0 DS   [-WA]
LDT=0000 0000000000000000 0000ffff 00008200 DPL=0 LDT
TR =0048 000000007f5da058 00000067 00008900 DPL=0 TSS64-avl
GDT=     000000007f5da000 00000057
IDT=     000000007bb7af58 00000fff
CR0=80010033 CR2=0000000000000000 CR3=000000007f801000 CR4=00000668
DR0=0000000000000000 DR1=0000000000000000 DR2=0000000000000000 DR3=0000000000000000 
DR6=00000000ffff0ff0 DR7=0000000000000400
CCS=0000000000000004 CCD=0000000000000071 CCO=EFLAGS
EFER=0000000000000d00
Servicing hardware INT=0x20
   201: v=20 e=0000 i=0 cpl=0 IP=0038:000000007eb09bb4 pc=000000007eb09bb4 SP=0030:000000007fe68860 env->regs[R_EAX]=000000007e7df018
RAX=000000007e7df018 RBX=000000007e587310 RCX=0000000000000000 RDX=000000007e7df716
RSI=0000000000000073 RDI=00000000000000f2 RBP=000000007fe68940 RSP=000000007fe68860
R8 =0000000000000006 R9 =0000000000000052 R10=000000007ea36918 R11=000000007ea36618
R12=000000007de8172e R13=000000007e587727 R14=000000007ea36638 R15=000000007ea36928
RIP=000000007eb09bb4 RFL=00000287 [--S--PC] CPL=0 II=0 A20=1 SMM=0 HLT=0
ES =0030 0000000000000000 ffffffff 00cf9300 DPL=0 DS   [-WA]
CS =0038 0000000000000000 ffffffff 00af9a00 DPL=0 CS64 [-R-]
SS =0030 0000000000000000 ffffffff 00cf9300 DPL=0 DS   [-WA]
DS =0030 0000000000000000 ffffffff 00cf9300 DPL=0 DS   [-WA]
FS =0030 0000000000000000 ffffffff 00cf9300 DPL=0 DS   [-WA]
GS =0030 0000000000000000 ffffffff 00cf9300 DPL=0 DS   [-WA]
LDT=0000 0000000000000000 0000ffff 00008200 DPL=0 LDT
TR =0048 000000007f5da058 00000067 00008900 DPL=0 TSS64-avl
GDT=     000000007f5da000 00000057
IDT=     000000007bb7af58 00000fff
CR0=80010033 CR2=0000000000000000 CR3=000000007f801000 CR4=00000668
DR0=0000000000000000 DR1=0000000000000000 DR2=0000000000000000 DR3=0000000000000000 
DR6=00000000ffff0ff0 DR7=0000000000000400
CCS=0000000000000085 CCD=ffffffffffffff60 CCO=EFLAGS
EFER=0000000000000d00
Servicing hardware INT=0x20
   202: v=20 e=0000 i=0 cpl=0 IP=0038:000000007fe75975 pc=000000007fe75975 SP=0030:000000007fe688b0 env->regs[R_EAX]=000000007e589408
RAX=000000007e589408 RBX=000000007fe93260 RCX=000000007e589308 RDX=000000007fe93278
RSI=0000000000000000 RDI=0000000000001000 RBP=000000007fe68930 RSP=000000007fe688b0
R8 =000000007fe68a08 R9 =0000000000000049 R10=0000000000000000 R11=000000007ea36618
R12=0000000000000040 R13=0000000000000000 R14=000000007fe93260 R15=000000007e589300
RIP=000000007fe75975 RFL=00000202 [-------] CPL=0 II=0 A20=1 SMM=0 HLT=0
ES =0030 0000000000000000 ffffffff 00cf9300 DPL=0 DS   [-WA]
CS =0038 0000000000000000 ffffffff 00af9a00 DPL=0 CS64 [-R-]
SS =0030 0000000000000000 ffffffff 00cf9300 DPL=0 DS   [-WA]
DS =0030 0000000000000000 ffffffff 00cf9300 DPL=0 DS   [-WA]
FS =0030 0000000000000000 ffffffff 00cf9300 DPL=0 DS   [-WA]
GS =0030 0000000000000000 ffffffff 00cf9300 DPL=0 DS   [-WA]
LDT=0000 0000000000000000 0000ffff 00008200 DPL=0 LDT
TR =0048 000000007f5da058 00000067 00008900 DPL=0 TSS64-avl
GDT=     000000007f5da000 00000057
IDT=     000000007bb7af58 00000fff
CR0=80010033 CR2=0000000000000000 CR3=000000007f801000 CR4=00000668
DR0=0000000000000000 DR1=0000000000000000 DR2=0000000000000000 DR3=0000000000000000 
DR6=00000000ffff0ff0 DR7=0000000000000400
CCS=0000000000000000 CCD=000000007fe68898 CCO=EFLAGS
EFER=0000000000000d00
Servicing hardware INT=0x20
   203: v=20 e=0000 i=0 cpl=0 IP=0038:000000007e70120a pc=000000007e70120a SP=0030:000000007fe68be0 env->regs[R_EAX]=0000000000000060
RAX=0000000000000060 RBX=000000007e6da918 RCX=00000000000003fd RDX=00000000000003fd
RSI=0000000000000005 RDI=000000007e6da918 RBP=000000007fe68c30 RSP=000000007fe68be0
R8 =000000000000000a R9 =00000000000003fd R10=000000007de80318 R11=000000007de80318
R12=000000007fe68da8 R13=0000000000000000 R14=000000007fe68c9f R15=000000007fe68da5
RIP=000000007e70120a RFL=00000293 [--S-A-C] CPL=0 II=0 A20=1 SMM=0 HLT=0
ES =0030 0000000000000000 ffffffff 00cf9300 DPL=0 DS   [-WA]
CS =0038 0000000000000000 ffffffff 00af9a00 DPL=0 CS64 [-R-]
SS =0030 0000000000000000 ffffffff 00cf9300 DPL=0 DS   [-WA]
DS =0030 0000000000000000 ffffffff 00cf9300 DPL=0 DS   [-WA]
FS =0030 0000000000000000 ffffffff 00cf9300 DPL=0 DS   [-WA]
GS =0030 0000000000000000 ffffffff 00cf9300 DPL=0 DS   [-WA]
LDT=0000 0000000000000000 0000ffff 00008200 DPL=0 LDT
TR =0048 000000007f5da058 00000067 00008900 DPL=0 TSS64-avl
GDT=     000000007f5da000 00000057
IDT=     000000007bb7af58 00000fff
CR0=80010033 CR2=0000000000000000 CR3=000000007f801000 CR4=00000668
DR0=0000000000000000 DR1=0000000000000000 DR2=0000000000000000 DR3=0000000000000000 
DR6=00000000ffff0ff0 DR7=0000000000000400
CCS=0000000000000091 CCD=fffffffffffffffe CCO=EFLAGS
EFER=0000000000000d00
Servicing hardware INT=0x20
   204: v=20 e=0000 i=0 cpl=0 IP=0038:000000007eb071d2 pc=000000007eb071d2 SP=0030:000000007fe68a58 env->regs[R_EAX]=0000000000000000
RAX=0000000000000000 RBX=000000007de819e0 RCX=000000007de81792 RDX=000000000000000a
RSI=0000000000000061 RDI=000000007eb180c0 RBP=000000007fe68b60 RSP=000000007fe68a58
R8 =000000007de81792 R9 =000000007de81fb1 R10=0000000000000061 R11=000000007ea36618
R12=000000007de81792 R13=000000007de81fb1 R14=0000000000000061 R15=0000000000000000
RIP=000000007eb071d2 RFL=00000206 [-----P-] CPL=0 II=0 A20=1 SMM=0 HLT=0
ES =0030 0000000000000000 ffffffff 00cf9300 DPL=0 DS   [-WA]
CS =0038 0000000000000000 ffffffff 00af9a00 DPL=0 CS64 [-R-]
SS =0030 0000000000000000 ffffffff 00cf9300 DPL=0 DS   [-WA]
DS =0030 0000000000000000 ffffffff 00cf9300 DPL=0 DS   [-WA]
FS =0030 0000000000000000 ffffffff 00cf9300 DPL=0 DS   [-WA]
GS =0030 0000000000000000 ffffffff 00cf9300 DPL=0 DS   [-WA]
LDT=0000 0000000000000000 0000ffff 00008200 DPL=0 LDT
TR =0048 000000007f5da058 00000067 00008900 DPL=0 TSS64-avl
GDT=     000000007f5da000 00000057
IDT=     000000007bb7af58 00000fff
CR0=80010033 CR2=0000000000000000 CR3=000000007f801000 CR4=00000668
DR0=0000000000000000 DR1=0000000000000000 DR2=0000000000000000 DR3=0000000000000000 
DR6=00000000ffff0ff0 DR7=0000000000000400
CCS=0000000000000004 CCD=000000007fe68a60 CCO=EFLAGS
EFER=0000000000000d00
Servicing hardware INT=0x20
   205: v=20 e=0000 i=0 cpl=0 IP=0038:000000007e64d258 pc=000000007e64d258 SP=0030:000000007fe68c38 env->regs[R_EAX]=000000008009f600
RAX=000000008009f600 RBX=00000000800af000 RCX=0000000000000000 RDX=00000000800ae380
RSI=00000000800af000 RDI=00000000800a0280 RBP=000000007fe68ce0 RSP=000000007fe68c38
R8 =0000000000000000 R9 =00000000800aefff R10=000000007de80818 R11=000000007de80818
R12=0000000000000c80 R13=0000000000000000 R14=0000000000000003 R15=0000000000000173
RIP=000000007e64d258 RFL=00000206 [-----P-] CPL=0 II=0 A20=1 SMM=0 HLT=0
ES =0030 0000000000000000 ffffffff 00cf9300 DPL=0 DS   [-WA]
CS =0038 0000000000000000 ffffffff 00af9a00 DPL=0 CS64 [-R-]
SS =0030 0000000000000000 ffffffff 00cf9300 DPL=0 DS   [-WA]
DS =0030 0000000000000000 ffffffff 00cf9300 DPL=0 DS   [-WA]
FS =0030 0000000000000000 ffffffff 00cf9300 DPL=0 DS   [-WA]
GS =0030 0000000000000000 ffffffff 00cf9300 DPL=0 DS   [-WA]
LDT=0000 0000000000000000 0000ffff 00008200 DPL=0 LDT
TR =0048 000000007f5da058 00000067 00008900 DPL=0 TSS64-avl
GDT=     000000007f5da000 00000057
IDT=     000000007bb7af58 00000fff
CR0=80010033 CR2=0000000000000000 CR3=000000007f801000 CR4=00000668
DR0=0000000000000000 DR1=0000000000000000 DR2=0000000000000000 DR3=0000000000000000 
DR6=00000000ffff0ff0 DR7=0000000000000400
CCS=0000000000000004 CCD=0000000000000190 CCO=EFLAGS
EFER=0000000000000d00
Servicing hardware INT=0x20
   206: v=20 e=0000 i=0 cpl=0 IP=0038:000000007e70120a pc=000000007e70120a SP=0030:000000007fe68770 env->regs[R_EAX]=0000000000000060
RAX=0000000000000060 RBX=000000007e6da918 RCX=00000000000003fd RDX=00000000000003fd
RSI=0000000000000005 RDI=000000007e6da918 RBP=000000007fe687c0 RSP=000000007fe68770
R8 =0000000000000005 R9 =00000000000003fd R10=000000007de80018 R11=000000007de80018
R12=000000007fe68938 R13=0000000000000000 R14=000000007fe6882f R15=000000007fe68935
RIP=000000007e70120a RFL=00000293 [--S-A-C] CPL=0 II=0 A20=1 SMM=0 HLT=0
ES =0030 0000000000000000 ffffffff 00cf9300 DPL=0 DS   [-WA]
CS =0038 0000000000000000 ffffffff 00af9a00 DPL=0 CS64 [-R-]
SS =0030 0000000000000000 ffffffff 00cf9300 DPL=0 DS   [-WA]
DS =0030 0000000000000000 ffffffff 00cf9300 DPL=0 DS   [-WA]
FS =0030 0000000000000000 ffffffff 00cf9300 DPL=0 DS   [-WA]
GS =0030 0000000000000000 ffffffff 00cf9300 DPL=0 DS   [-WA]
LDT=0000 0000000000000000 0000ffff 00008200 DPL=0 LDT
TR =0048 000000007f5da058 00000067 00008900 DPL=0 TSS64-avl
GDT=     000000007f5da000 00000057
IDT=     000000007bb7af58 00000fff
CR0=80010033 CR2=0000000000000000 CR3=000000007f801000 CR4=00000668
DR0=0000000000000000 DR1=0000000000000000 DR2=0000000000000000 DR3=0000000000000000 
DR6=00000000ffff0ff0 DR7=0000000000000400
CCS=0000000000000091 CCD=fffffffffffffffe CCO=EFLAGS
EFER=0000000000000d00
Servicing hardware INT=0x20
   207: v=20 e=0000 i=0 cpl=0 IP=0038:000000007eb3cf04 pc=000000007eb3cf04 SP=0030:000000007fe687a0 env->regs[R_EAX]=0000000000000005
RAX=0000000000000005 RBX=0000000000d4264c RCX=0000000000000608 RDX=0000000000d42647
RSI=000000007de80000 RDI=0000000000000007 RBP=000000007fe687b0 RSP=000000007fe687a0
R8 =000000007fe6884c R9 =0000000000006010 R10=0000000000000000 R11=0000000000000001
R12=0000000000000000 R13=0000000000000000 R14=000000007e594d18 R15=0000000000000002
RIP=000000007eb3cf04 RFL=00000206 [-----P-] CPL=0 II=0 A20=1 SMM=0 HLT=0
ES =0030 0000000000000000 ffffffff 00cf9300 DPL=0 DS   [-WA]
CS =0038 0000000000000000 ffffffff 00af9a00 DPL=0 CS64 [-R-]
SS =0030 0000000000000000 ffffffff 00cf9300 DPL=0 DS   [-WA]
DS =0030 0000000000000000 ffffffff 00cf9300 DPL=0 DS   [-WA]
FS =0030 0000000000000000 ffffffff 00cf9300 DPL=0 DS   [-WA]
GS =0030 0000000000000000 ffffffff 00cf9300 DPL=0 DS   [-WA]
LDT=0000 0000000000000000 0000ffff 00008200 DPL=0 LDT
TR =0048 000000007f5da058 00000067 00008900 DPL=0 TSS64-avl
GDT=     000000007f5da000 00000057
IDT=     000000007bb7af58 00000fff
CR0=80010033 CR2=0000000000000000 CR3=000000007f801000 CR4=00000668
DR0=0000000000000000 DR1=0000000000000000 DR2=0000000000000000 DR3=0000000000000000 
DR6=00000000ffff0ff0 DR7=0000000000000400
CCS=0000000000000004 CCD=0000000000000005 CCO=EFLAGS
EFER=0000000000000d00
Servicing hardware INT=0x20
   208: v=20 e=0000 i=0 cpl=0 IP=0038:000000007eb3cf04 pc=000000007eb3cf04 SP=0030:000000007fe687d0 env->regs[R_EAX]=0000000000000005
RAX=0000000000000005 RBX=0000000000d4b15b RCX=0000000000000608 RDX=0000000000d4b156
RSI=000000007de7d000 RDI=0000000000000007 RBP=000000007fe687e0 RSP=000000007fe687d0
R8 =000000007fe6887c R9 =0000000000006010 R10=0000000000000000 R11=0000000000000001
R12=0000000000000000 R13=0000000000000000 R14=000000007e594d18 R15=0000000000000002
RIP=000000007eb3cf04 RFL=00000206 [-----P-] CPL=0 II=0 A20=1 SMM=0 HLT=0
ES =0030 0000000000000000 ffffffff 00cf9300 DPL=0 DS   [-WA]
CS =0038 0000000000000000 ffffffff 00af9a00 DPL=0 CS64 [-R-]
SS =0030 0000000000000000 ffffffff 00cf9300 DPL=0 DS   [-WA]
DS =0030 0000000000000000 ffffffff 00cf9300 DPL=0 DS   [-WA]
FS =0030 0000000000000000 ffffffff 00cf9300 DPL=0 DS   [-WA]
GS =0030 0000000000000000 ffffffff 00cf9300 DPL=0 DS   [-WA]
LDT=0000 0000000000000000 0000ffff 00008200 DPL=0 LDT
TR =0048 000000007f5da058 00000067 00008900 DPL=0 TSS64-avl
GDT=     000000007f5da000 00000057
IDT=     000000007bb7af58 00000fff
CR0=80010033 CR2=0000000000000000 CR3=000000007f801000 CR4=00000668
DR0=0000000000000000 DR1=0000000000000000 DR2=0000000000000000 DR3=0000000000000000 
DR6=00000000ffff0ff0 DR7=0000000000000400
CCS=0000000000000004 CCD=0000000000000005 CCO=EFLAGS
EFER=0000000000000d00
Servicing hardware INT=0x20
   209: v=20 e=0000 i=0 cpl=0 IP=0038:000000007eb3cf04 pc=000000007eb3cf04 SP=0030:000000007fe68a00 env->regs[R_EAX]=0000000000000006
RAX=0000000000000006 RBX=0000000000d53d1e RCX=0000000000000608 RDX=0000000000d53d18
RSI=000000007de81000 RDI=0000000000000007 RBP=000000007fe68a10 RSP=000000007fe68a00
R8 =000000007fe68aac R9 =0000000000006010 R10=0000000000000000 R11=0000000000000001
R12=0000000000000000 R13=0000000000000000 R14=000000007e594d18 R15=0000000000000002
RIP=000000007eb3cf04 RFL=00000206 [-----P-] CPL=0 II=0 A20=1 SMM=0 HLT=0
ES =0030 0000000000000000 ffffffff 00cf9300 DPL=0 DS   [-WA]
CS =0038 0000000000000000 ffffffff 00af9a00 DPL=0 CS64 [-R-]
SS =0030 0000000000000000 ffffffff 00cf9300 DPL=0 DS   [-WA]
DS =0030 0000000000000000 ffffffff 00cf9300 DPL=0 DS   [-WA]
FS =0030 0000000000000000 ffffffff 00cf9300 DPL=0 DS   [-WA]
GS =0030 0000000000000000 ffffffff 00cf9300 DPL=0 DS   [-WA]
LDT=0000 0000000000000000 0000ffff 00008200 DPL=0 LDT
TR =0048 000000007f5da058 00000067 00008900 DPL=0 TSS64-avl
GDT=     000000007f5da000 00000057
IDT=     000000007bb7af58 00000fff
CR0=80010033 CR2=0000000000000000 CR3=000000007f801000 CR4=00000668
DR0=0000000000000000 DR1=0000000000000000 DR2=0000000000000000 DR3=0000000000000000 
DR6=00000000ffff0ff0 DR7=0000000000000400
CCS=0000000000000004 CCD=0000000000000006 CCO=EFLAGS
EFER=0000000000000d00
Servicing hardware INT=0x20
   210: v=20 e=0000 i=0 cpl=0 IP=0038:000000007eb3cf04 pc=000000007eb3cf04 SP=0030:000000007fe68a00 env->regs[R_EAX]=0000000000000005
RAX=0000000000000005 RBX=0000000000d5c914 RCX=0000000000000608 RDX=0000000000d5c90f
RSI=000000007de81000 RDI=0000000000000007 RBP=000000007fe68a10 RSP=000000007fe68a00
R8 =000000007fe68aac R9 =0000000000006010 R10=0000000000000000 R11=0000000000000001
R12=0000000000000000 R13=0000000000000000 R14=000000007e594d18 R15=0000000000000002
RIP=000000007eb3cf04 RFL=00000206 [-----P-] CPL=0 II=0 A20=1 SMM=0 HLT=0
ES =0030 0000000000000000 ffffffff 00cf9300 DPL=0 DS   [-WA]
CS =0038 0000000000000000 ffffffff 00af9a00 DPL=0 CS64 [-R-]
SS =0030 0000000000000000 ffffffff 00cf9300 DPL=0 DS   [-WA]
DS =0030 0000000000000000 ffffffff 00cf9300 DPL=0 DS   [-WA]
FS =0030 0000000000000000 ffffffff 00cf9300 DPL=0 DS   [-WA]
GS =0030 0000000000000000 ffffffff 00cf9300 DPL=0 DS   [-WA]
LDT=0000 0000000000000000 0000ffff 00008200 DPL=0 LDT
TR =0048 000000007f5da058 00000067 00008900 DPL=0 TSS64-avl
GDT=     000000007f5da000 00000057
IDT=     000000007bb7af58 00000fff
CR0=80010033 CR2=0000000000000000 CR3=000000007f801000 CR4=00000668
DR0=0000000000000000 DR1=0000000000000000 DR2=0000000000000000 DR3=0000000000000000 
DR6=00000000ffff0ff0 DR7=0000000000000400
CCS=0000000000000004 CCD=0000000000000005 CCO=EFLAGS
EFER=0000000000000d00
Servicing hardware INT=0x20
   211: v=20 e=0000 i=0 cpl=0 IP=0038:000000007eb3cf04 pc=000000007eb3cf04 SP=0030:000000007fe68a00 env->regs[R_EAX]=0000000000000005
RAX=0000000000000005 RBX=0000000000d653b1 RCX=0000000000000608 RDX=0000000000d653ac
RSI=000000007de81000 RDI=0000000000000007 RBP=000000007fe68a10 RSP=000000007fe68a00
R8 =000000007fe68aac R9 =0000000000006010 R10=0000000000000000 R11=0000000000000001
R12=0000000000000000 R13=0000000000000000 R14=000000007e594d18 R15=0000000000000002
RIP=000000007eb3cf04 RFL=00000206 [-----P-] CPL=0 II=0 A20=1 SMM=0 HLT=0
ES =0030 0000000000000000 ffffffff 00cf9300 DPL=0 DS   [-WA]
CS =0038 0000000000000000 ffffffff 00af9a00 DPL=0 CS64 [-R-]
SS =0030 0000000000000000 ffffffff 00cf9300 DPL=0 DS   [-WA]
DS =0030 0000000000000000 ffffffff 00cf9300 DPL=0 DS   [-WA]
FS =0030 0000000000000000 ffffffff 00cf9300 DPL=0 DS   [-WA]
GS =0030 0000000000000000 ffffffff 00cf9300 DPL=0 DS   [-WA]
LDT=0000 0000000000000000 0000ffff 00008200 DPL=0 LDT
TR =0048 000000007f5da058 00000067 00008900 DPL=0 TSS64-avl
GDT=     000000007f5da000 00000057
IDT=     000000007bb7af58 00000fff
CR0=80010033 CR2=0000000000000000 CR3=000000007f801000 CR4=00000668
DR0=0000000000000000 DR1=0000000000000000 DR2=0000000000000000 DR3=0000000000000000 
DR6=00000000ffff0ff0 DR7=0000000000000400
CCS=0000000000000004 CCD=0000000000000005 CCO=EFLAGS
EFER=0000000000000d00
Servicing hardware INT=0x20
   212: v=20 e=0000 i=0 cpl=0 IP=0038:000000007e70120a pc=000000007e70120a SP=0030:000000007fe689c0 env->regs[R_EAX]=0000000000000060
RAX=0000000000000060 RBX=000000007e6da918 RCX=00000000000003fd RDX=00000000000003fd
RSI=0000000000000005 RDI=000000007e6da918 RBP=000000007fe68a10 RSP=000000007fe689c0
R8 =000000000000000c R9 =00000000000003fd R10=000000007de79c58 R11=000000007de79c58
R12=000000007fe68b88 R13=0000000000000000 R14=000000007fe68a7f R15=000000007fe68b85
RIP=000000007e70120a RFL=00000293 [--S-A-C] CPL=0 II=0 A20=1 SMM=0 HLT=0
ES =0030 0000000000000000 ffffffff 00cf9300 DPL=0 DS   [-WA]
CS =0038 0000000000000000 ffffffff 00af9a00 DPL=0 CS64 [-R-]
SS =0030 0000000000000000 ffffffff 00cf9300 DPL=0 DS   [-WA]
DS =0030 0000000000000000 ffffffff 00cf9300 DPL=0 DS   [-WA]
FS =0030 0000000000000000 ffffffff 00cf9300 DPL=0 DS   [-WA]
GS =0030 0000000000000000 ffffffff 00cf9300 DPL=0 DS   [-WA]
LDT=0000 0000000000000000 0000ffff 00008200 DPL=0 LDT
TR =0048 000000007f5da058 00000067 00008900 DPL=0 TSS64-avl
GDT=     000000007f5da000 00000057
IDT=     000000007bb7af58 00000fff
CR0=80010033 CR2=0000000000000000 CR3=000000007f801000 CR4=00000668
DR0=0000000000000000 DR1=0000000000000000 DR2=0000000000000000 DR3=0000000000000000 
DR6=00000000ffff0ff0 DR7=0000000000000400
CCS=0000000000000091 CCD=fffffffffffffffe CCO=EFLAGS
EFER=0000000000000d00
Servicing hardware INT=0x20
   213: v=20 e=0000 i=0 cpl=0 IP=0038:000000007fe8a41c pc=000000007fe8a41c SP=0030:000000007fe687e0 env->regs[R_EAX]=00000000000000af
RAX=00000000000000af RBX=000000007fe93260 RCX=0000000000000000 RDX=000000007de73000
RSI=0000000030646870 RDI=000000007de79188 RBP=000000007fe68860 RSP=000000007fe687e0
R8 =00000000000000af R9 =0000000000006160 R10=000000007de78c58 R11=000000007de78c58
R12=0000000000006188 R13=000000007de73000 R14=000000000000000b R15=000000007de73018
RIP=000000007fe8a41c RFL=00000202 [-------] CPL=0 II=0 A20=1 SMM=0 HLT=0
ES =0030 0000000000000000 ffffffff 00cf9300 DPL=0 DS   [-WA]
CS =0038 0000000000000000 ffffffff 00af9a00 DPL=0 CS64 [-R-]
SS =0030 0000000000000000 ffffffff 00cf9300 DPL=0 DS   [-WA]
DS =0030 0000000000000000 ffffffff 00cf9300 DPL=0 DS   [-WA]
FS =0030 0000000000000000 ffffffff 00cf9300 DPL=0 DS   [-WA]
GS =0030 0000000000000000 ffffffff 00cf9300 DPL=0 DS   [-WA]
LDT=0000 0000000000000000 0000ffff 00008200 DPL=0 LDT
TR =0048 000000007f5da058 00000067 00008900 DPL=0 TSS64-avl
GDT=     000000007f5da000 00000057
IDT=     000000007bb7af58 00000fff
CR0=80010033 CR2=0000000000000000 CR3=000000007f801000 CR4=00000668
DR0=0000000000000000 DR1=0000000000000000 DR2=0000000000000000 DR3=0000000000000000 
DR6=00000000ffff0ff0 DR7=0000000000000400
CCS=0000000000000000 CCD=000000007fe687c8 CCO=EFLAGS
EFER=0000000000000d00
Servicing hardware INT=0x20
   214: v=20 e=0000 i=0 cpl=0 IP=0038:000000007eb3cf04 pc=000000007eb3cf04 SP=0030:000000007fe68a10 env->regs[R_EAX]=000000000000001d
RAX=000000000000001d RBX=0000000000d80643 RCX=0000000000000608 RDX=0000000000d80626
RSI=000000007de79000 RDI=0000000000000039 RBP=000000007fe68a20 RSP=000000007fe68a10
R8 =000000007fe68abc R9 =0000000000006010 R10=0000000000000000 R11=0000000000000001
R12=0000000000000000 R13=0000000000000000 R14=000000007e594d18 R15=0000000000000010
RIP=000000007eb3cf04 RFL=00000206 [-----P-] CPL=0 II=0 A20=1 SMM=0 HLT=0
ES =0030 0000000000000000 ffffffff 00cf9300 DPL=0 DS   [-WA]
CS =0038 0000000000000000 ffffffff 00af9a00 DPL=0 CS64 [-R-]
SS =0030 0000000000000000 ffffffff 00cf9300 DPL=0 DS   [-WA]
DS =0030 0000000000000000 ffffffff 00cf9300 DPL=0 DS   [-WA]
FS =0030 0000000000000000 ffffffff 00cf9300 DPL=0 DS   [-WA]
GS =0030 0000000000000000 ffffffff 00cf9300 DPL=0 DS   [-WA]
LDT=0000 0000000000000000 0000ffff 00008200 DPL=0 LDT
TR =0048 000000007f5da058 00000067 00008900 DPL=0 TSS64-avl
GDT=     000000007f5da000 00000057
IDT=     000000007bb7af58 00000fff
CR0=80010033 CR2=0000000000000000 CR3=000000007f801000 CR4=00000668
DR0=0000000000000000 DR1=0000000000000000 DR2=0000000000000000 DR3=0000000000000000 
DR6=00000000ffff0ff0 DR7=0000000000000400
CCS=0000000000000004 CCD=000000000000001d CCO=EFLAGS
EFER=0000000000000d00
Servicing hardware INT=0x20
   215: v=20 e=0000 i=0 cpl=0 IP=0038:000000007e70120a pc=000000007e70120a SP=0030:000000007fe689c0 env->regs[R_EAX]=0000000000000060
RAX=0000000000000060 RBX=000000007e6da918 RCX=00000000000003fd RDX=00000000000003fd
RSI=0000000000000005 RDI=000000007e6da918 RBP=000000007fe68a10 RSP=000000007fe689c0
R8 =000000000000000a R9 =00000000000003fd R10=000000007de27e58 R11=000000007de27e58
R12=000000007fe68b88 R13=0000000000000000 R14=000000007fe68a7f R15=000000007fe68b85
RIP=000000007e70120a RFL=00000293 [--S-A-C] CPL=0 II=0 A20=1 SMM=0 HLT=0
ES =0030 0000000000000000 ffffffff 00cf9300 DPL=0 DS   [-WA]
CS =0038 0000000000000000 ffffffff 00af9a00 DPL=0 CS64 [-R-]
SS =0030 0000000000000000 ffffffff 00cf9300 DPL=0 DS   [-WA]
DS =0030 0000000000000000 ffffffff 00cf9300 DPL=0 DS   [-WA]
FS =0030 0000000000000000 ffffffff 00cf9300 DPL=0 DS   [-WA]
GS =0030 0000000000000000 ffffffff 00cf9300 DPL=0 DS   [-WA]
LDT=0000 0000000000000000 0000ffff 00008200 DPL=0 LDT
TR =0048 000000007f5da058 00000067 00008900 DPL=0 TSS64-avl
GDT=     000000007f5da000 00000057
IDT=     000000007bb7af58 00000fff
CR0=80010033 CR2=0000000000000000 CR3=000000007f801000 CR4=00000668
DR0=0000000000000000 DR1=0000000000000000 DR2=0000000000000000 DR3=0000000000000000 
DR6=00000000ffff0ff0 DR7=0000000000000400
CCS=0000000000000091 CCD=fffffffffffffffe CCO=EFLAGS
EFER=0000000000000d00
Servicing hardware INT=0x20
   216: v=20 e=0000 i=0 cpl=0 IP=0038:000000007e70120a pc=000000007e70120a SP=0030:000000007fe689c0 env->regs[R_EAX]=0000000000000060
RAX=0000000000000060 RBX=000000007e6da918 RCX=00000000000003fd RDX=00000000000003fd
RSI=0000000000000005 RDI=000000007e6da918 RBP=000000007fe68a10 RSP=000000007fe689c0
R8 =0000000000000007 R9 =00000000000003fd R10=000000007de780d8 R11=000000007de780d8
R12=000000007fe68b88 R13=0000000000000000 R14=000000007fe68a7f R15=000000007fe68b85
RIP=000000007e70120a RFL=00000293 [--S-A-C] CPL=0 II=0 A20=1 SMM=0 HLT=0
ES =0030 0000000000000000 ffffffff 00cf9300 DPL=0 DS   [-WA]
CS =0038 0000000000000000 ffffffff 00af9a00 DPL=0 CS64 [-R-]
SS =0030 0000000000000000 ffffffff 00cf9300 DPL=0 DS   [-WA]
DS =0030 0000000000000000 ffffffff 00cf9300 DPL=0 DS   [-WA]
FS =0030 0000000000000000 ffffffff 00cf9300 DPL=0 DS   [-WA]
GS =0030 0000000000000000 ffffffff 00cf9300 DPL=0 DS   [-WA]
LDT=0000 0000000000000000 0000ffff 00008200 DPL=0 LDT
TR =0048 000000007f5da058 00000067 00008900 DPL=0 TSS64-avl
GDT=     000000007f5da000 00000057
IDT=     000000007bb7af58 00000fff
CR0=80010033 CR2=0000000000000000 CR3=000000007f801000 CR4=00000668
DR0=0000000000000000 DR1=0000000000000000 DR2=0000000000000000 DR3=0000000000000000 
DR6=00000000ffff0ff0 DR7=0000000000000400
CCS=0000000000000091 CCD=fffffffffffffffe CCO=EFLAGS
EFER=0000000000000d00
Servicing hardware INT=0x20
   217: v=20 e=0000 i=0 cpl=0 IP=0038:000000007e64d258 pc=000000007e64d258 SP=0030:000000007fe68a18 env->regs[R_EAX]=00000000800bdd80
RAX=00000000800bdd80 RBX=00000000800cd780 RCX=0000000000000000 RDX=00000000800ccb00
RSI=00000000800cd780 RDI=00000000800bea00 RBP=000000007fe68ac0 RSP=000000007fe68a18
R8 =0000000000000000 R9 =00000000800cd77f R10=000000007de78a18 R11=000000007de78a18
R12=0000000000000c80 R13=0000000000000000 R14=0000000000000003 R15=000000000000014c
RIP=000000007e64d258 RFL=00000206 [-----P-] CPL=0 II=0 A20=1 SMM=0 HLT=0
ES =0030 0000000000000000 ffffffff 00cf9300 DPL=0 DS   [-WA]
CS =0038 0000000000000000 ffffffff 00af9a00 DPL=0 CS64 [-R-]
SS =0030 0000000000000000 ffffffff 00cf9300 DPL=0 DS   [-WA]
DS =0030 0000000000000000 ffffffff 00cf9300 DPL=0 DS   [-WA]
FS =0030 0000000000000000 ffffffff 00cf9300 DPL=0 DS   [-WA]
GS =0030 0000000000000000 ffffffff 00cf9300 DPL=0 DS   [-WA]
LDT=0000 0000000000000000 0000ffff 00008200 DPL=0 LDT
TR =0048 000000007f5da058 00000067 00008900 DPL=0 TSS64-avl
GDT=     000000007f5da000 00000057
IDT=     000000007bb7af58 00000fff
CR0=80010033 CR2=0000000000000000 CR3=000000007f801000 CR4=00000668
DR0=0000000000000000 DR1=0000000000000000 DR2=0000000000000000 DR3=0000000000000000 
DR6=00000000ffff0ff0 DR7=0000000000000400
CCS=0000000000000004 CCD=0000000000000190 CCO=EFLAGS
EFER=0000000000000d00
Servicing hardware INT=0x20
   218: v=20 e=0000 i=0 cpl=0 IP=0038:000000007eb09bf1 pc=000000007eb09bf1 SP=0030:000000007fe68840 env->regs[R_EAX]=000000007fe688c6
RAX=000000007fe688c6 RBX=000000007de81d78 RCX=0000000000000000 RDX=000000007e7df692
RSI=0000000000000074 RDI=00000000000000f2 RBP=000000007fe68940 RSP=000000007fe68840
R8 =0000000000000006 R9 =000000007e7df6a7 R10=000000007ea36918 R11=000000007ea36618
R12=000000007de81090 R13=000000007de81fa4 R14=000000007ea36638 R15=000000007ea36928
RIP=000000007eb09bf1 RFL=00000203 [------C] CPL=0 II=0 A20=1 SMM=0 HLT=0
ES =0030 0000000000000000 ffffffff 00cf9300 DPL=0 DS   [-WA]
CS =0038 0000000000000000 ffffffff 00af9a00 DPL=0 CS64 [-R-]
SS =0030 0000000000000000 ffffffff 00cf9300 DPL=0 DS   [-WA]
DS =0030 0000000000000000 ffffffff 00cf9300 DPL=0 DS   [-WA]
FS =0030 0000000000000000 ffffffff 00cf9300 DPL=0 DS   [-WA]
GS =0030 0000000000000000 ffffffff 00cf9300 DPL=0 DS   [-WA]
LDT=0000 0000000000000000 0000ffff 00008200 DPL=0 LDT
TR =0048 000000007f5da058 00000067 00008900 DPL=0 TSS64-avl
GDT=     000000007f5da000 00000057
IDT=     000000007bb7af58 00000fff
CR0=80010033 CR2=0000000000000000 CR3=000000007f801000 CR4=00000668
DR0=0000000000000000 DR1=0000000000000000 DR2=0000000000000000 DR3=0000000000000000 
DR6=00000000ffff0ff0 DR7=0000000000000400
CCS=0000000000000001 CCD=0000000000000002 CCO=EFLAGS
EFER=0000000000000d00
Servicing hardware INT=0x20
   219: v=20 e=0000 i=0 cpl=0 IP=0038:000000007e64d258 pc=000000007e64d258 SP=0030:000000007fe68a18 env->regs[R_EAX]=0000000080127500
RAX=0000000080127500 RBX=0000000080136f00 RCX=0000000000000000 RDX=0000000080136280
RSI=0000000080136f00 RDI=0000000080128180 RBP=000000007fe68ac0 RSP=000000007fe68a18
R8 =0000000000000000 R9 =0000000080136eff R10=000000007de27998 R11=000000007de27998
R12=0000000000000c80 R13=0000000000000000 R14=0000000000000003 R15=00000000000000c5
RIP=000000007e64d258 RFL=00000206 [-----P-] CPL=0 II=0 A20=1 SMM=0 HLT=0
ES =0030 0000000000000000 ffffffff 00cf9300 DPL=0 DS   [-WA]
CS =0038 0000000000000000 ffffffff 00af9a00 DPL=0 CS64 [-R-]
SS =0030 0000000000000000 ffffffff 00cf9300 DPL=0 DS   [-WA]
DS =0030 0000000000000000 ffffffff 00cf9300 DPL=0 DS   [-WA]
FS =0030 0000000000000000 ffffffff 00cf9300 DPL=0 DS   [-WA]
GS =0030 0000000000000000 ffffffff 00cf9300 DPL=0 DS   [-WA]
LDT=0000 0000000000000000 0000ffff 00008200 DPL=0 LDT
TR =0048 000000007f5da058 00000067 00008900 DPL=0 TSS64-avl
GDT=     000000007f5da000 00000057
IDT=     000000007bb7af58 00000fff
CR0=80010033 CR2=0000000000000000 CR3=000000007f801000 CR4=00000668
DR0=0000000000000000 DR1=0000000000000000 DR2=0000000000000000 DR3=0000000000000000 
DR6=00000000ffff0ff0 DR7=0000000000000400
CCS=0000000000000004 CCD=0000000000000190 CCO=EFLAGS
EFER=0000000000000d00
Servicing hardware INT=0x20
   220: v=20 e=0000 i=0 cpl=0 IP=0038:000000007e64d258 pc=000000007e64d258 SP=0030:000000007fe68a18 env->regs[R_EAX]=0000000080191900
RAX=0000000080191900 RBX=00000000801a1300 RCX=0000000000000000 RDX=00000000801a0680
RSI=00000000801a1300 RDI=0000000080192580 RBP=000000007fe68ac0 RSP=000000007fe68a18
R8 =0000000000000000 R9 =00000000801a12ff R10=000000007de78a58 R11=000000007de78a58
R12=0000000000000c80 R13=0000000000000000 R14=0000000000000003 R15=000000000000003d
RIP=000000007e64d258 RFL=00000206 [-----P-] CPL=0 II=0 A20=1 SMM=0 HLT=0
ES =0030 0000000000000000 ffffffff 00cf9300 DPL=0 DS   [-WA]
CS =0038 0000000000000000 ffffffff 00af9a00 DPL=0 CS64 [-R-]
SS =0030 0000000000000000 ffffffff 00cf9300 DPL=0 DS   [-WA]
DS =0030 0000000000000000 ffffffff 00cf9300 DPL=0 DS   [-WA]
FS =0030 0000000000000000 ffffffff 00cf9300 DPL=0 DS   [-WA]
GS =0030 0000000000000000 ffffffff 00cf9300 DPL=0 DS   [-WA]
LDT=0000 0000000000000000 0000ffff 00008200 DPL=0 LDT
TR =0048 000000007f5da058 00000067 00008900 DPL=0 TSS64-avl
GDT=     000000007f5da000 00000057
IDT=     000000007bb7af58 00000fff
CR0=80010033 CR2=0000000000000000 CR3=000000007f801000 CR4=00000668
DR0=0000000000000000 DR1=0000000000000000 DR2=0000000000000000 DR3=0000000000000000 
DR6=00000000ffff0ff0 DR7=0000000000000400
CCS=0000000000000004 CCD=0000000000000190 CCO=EFLAGS
EFER=0000000000000d00
Servicing hardware INT=0x20
   221: v=20 e=0000 i=0 cpl=0 IP=0038:000000007fe75bab pc=000000007fe75bab SP=0030:000000007fe68720 env->regs[R_EAX]=000000007e589718
RAX=000000007e589718 RBX=000000007fe687e8 RCX=000000007fe68690 RDX=000000007fe686d0
RSI=0000000000000000 RDI=0000000000001000 RBP=000000007fe68760 RSP=000000007fe68720
R8 =0000000000000004 R9 =000000007e589718 R10=0000000000000000 R11=000000007ea36618
R12=0000000000000004 R13=0000000000000013 R14=000000007fe91bb0 R15=0000000000000000
RIP=000000007fe75bab RFL=00000202 [-------] CPL=0 II=0 A20=1 SMM=0 HLT=0
ES =0030 0000000000000000 ffffffff 00cf9300 DPL=0 DS   [-WA]
CS =0038 0000000000000000 ffffffff 00af9a00 DPL=0 CS64 [-R-]
SS =0030 0000000000000000 ffffffff 00cf9300 DPL=0 DS   [-WA]
DS =0030 0000000000000000 ffffffff 00cf9300 DPL=0 DS   [-WA]
FS =0030 0000000000000000 ffffffff 00cf9300 DPL=0 DS   [-WA]
GS =0030 0000000000000000 ffffffff 00cf9300 DPL=0 DS   [-WA]
LDT=0000 0000000000000000 0000ffff 00008200 DPL=0 LDT
TR =0048 000000007f5da058 00000067 00008900 DPL=0 TSS64-avl
GDT=     000000007f5da000 00000057
IDT=     000000007bb7af58 00000fff
CR0=80010033 CR2=0000000000000000 CR3=000000007f801000 CR4=00000668
DR0=0000000000000000 DR1=0000000000000000 DR2=0000000000000000 DR3=0000000000000000 
DR6=00000000ffff0ff0 DR7=0000000000000400
CCS=0000000000000000 CCD=000000007fe686b0 CCO=EFLAGS
EFER=0000000000000d00
Servicing hardware INT=0x20
   222: v=20 e=0000 i=0 cpl=0 IP=0038:000000007e70120a pc=000000007e70120a SP=0030:000000007fe689c0 env->regs[R_EAX]=0000000000000060
RAX=0000000000000060 RBX=000000007e6da918 RCX=00000000000003fd RDX=00000000000003fd
RSI=0000000000000005 RDI=000000007e6da918 RBP=000000007fe68a10 RSP=000000007fe689c0
R8 =000000000000000c R9 =00000000000003fd R10=000000007de77e98 R11=000000007de77e98
R12=000000007fe68b88 R13=0000000000000000 R14=000000007fe68a7f R15=000000007fe68b85
RIP=000000007e70120a RFL=00000293 [--S-A-C] CPL=0 II=0 A20=1 SMM=0 HLT=0
ES =0030 0000000000000000 ffffffff 00cf9300 DPL=0 DS   [-WA]
CS =0038 0000000000000000 ffffffff 00af9a00 DPL=0 CS64 [-R-]
SS =0030 0000000000000000 ffffffff 00cf9300 DPL=0 DS   [-WA]
DS =0030 0000000000000000 ffffffff 00cf9300 DPL=0 DS   [-WA]
FS =0030 0000000000000000 ffffffff 00cf9300 DPL=0 DS   [-WA]
GS =0030 0000000000000000 ffffffff 00cf9300 DPL=0 DS   [-WA]
LDT=0000 0000000000000000 0000ffff 00008200 DPL=0 LDT
TR =0048 000000007f5da058 00000067 00008900 DPL=0 TSS64-avl
GDT=     000000007f5da000 00000057
IDT=     000000007bb7af58 00000fff
CR0=80010033 CR2=0000000000000000 CR3=000000007f801000 CR4=00000668
DR0=0000000000000000 DR1=0000000000000000 DR2=0000000000000000 DR3=0000000000000000 
DR6=00000000ffff0ff0 DR7=0000000000000400
CCS=0000000000000091 CCD=fffffffffffffffe CCO=EFLAGS
EFER=0000000000000d00
Servicing hardware INT=0x20
   223: v=20 e=0000 i=0 cpl=0 IP=0038:000000007fe8a41c pc=000000007fe8a41c SP=0030:000000007fe68a00 env->regs[R_EAX]=00000000000000af
RAX=00000000000000af RBX=000000007fe93260 RCX=0000000000000000 RDX=000000007de20000
RSI=0000000030646870 RDI=000000007de28788 RBP=000000007fe68a80 RSP=000000007fe68a00
R8 =00000000000000af R9 =0000000000008760 R10=000000007de28058 R11=000000007de28058
R12=0000000000008788 R13=000000007de20000 R14=000000000000000c R15=000000007de20018
RIP=000000007fe8a41c RFL=00000206 [-----P-] CPL=0 II=0 A20=1 SMM=0 HLT=0
ES =0030 0000000000000000 ffffffff 00cf9300 DPL=0 DS   [-WA]
CS =0038 0000000000000000 ffffffff 00af9a00 DPL=0 CS64 [-R-]
SS =0030 0000000000000000 ffffffff 00cf9300 DPL=0 DS   [-WA]
DS =0030 0000000000000000 ffffffff 00cf9300 DPL=0 DS   [-WA]
FS =0030 0000000000000000 ffffffff 00cf9300 DPL=0 DS   [-WA]
GS =0030 0000000000000000 ffffffff 00cf9300 DPL=0 DS   [-WA]
LDT=0000 0000000000000000 0000ffff 00008200 DPL=0 LDT
TR =0048 000000007f5da058 00000067 00008900 DPL=0 TSS64-avl
GDT=     000000007f5da000 00000057
IDT=     000000007bb7af58 00000fff
CR0=80010033 CR2=0000000000000000 CR3=000000007f801000 CR4=00000668
DR0=0000000000000000 DR1=0000000000000000 DR2=0000000000000000 DR3=0000000000000000 
DR6=00000000ffff0ff0 DR7=0000000000000400
CCS=0000000000000004 CCD=000000007fe689e8 CCO=EFLAGS
EFER=0000000000000d00
Servicing hardware INT=0x20
   224: v=20 e=0000 i=0 cpl=0 IP=0038:000000007eb4902e pc=000000007eb4902e SP=0030:000000007fe68238 env->regs[R_EAX]=000000007eb60360
RAX=000000007eb60360 RBX=000000000000001f RCX=000000007eb60360 RDX=abd7f02e4201db00
RSI=000000007de72000 RDI=0000000000000001 RBP=000000007fe68270 RSP=000000007fe68238
R8 =000000007de72000 R9 =000000007de78fff R10=000000007de77e98 R11=000000007de77e98
R12=0000000000000010 R13=0000000000000007 R14=000000000002600f R15=000000007f7ff740
RIP=000000007eb4902e RFL=00000202 [-------] CPL=0 II=0 A20=1 SMM=0 HLT=0
ES =0030 0000000000000000 ffffffff 00cf9300 DPL=0 DS   [-WA]
CS =0038 0000000000000000 ffffffff 00af9a00 DPL=0 CS64 [-R-]
SS =0030 0000000000000000 ffffffff 00cf9300 DPL=0 DS   [-WA]
DS =0030 0000000000000000 ffffffff 00cf9300 DPL=0 DS   [-WA]
FS =0030 0000000000000000 ffffffff 00cf9300 DPL=0 DS   [-WA]
GS =0030 0000000000000000 ffffffff 00cf9300 DPL=0 DS   [-WA]
LDT=0000 0000000000000000 0000ffff 00008200 DPL=0 LDT
TR =0048 000000007f5da058 00000067 00008900 DPL=0 TSS64-avl
GDT=     000000007f5da000 00000057
IDT=     000000007bb7af58 00000fff
CR0=80010033 CR2=0000000000000000 CR3=000000007f801000 CR4=00000668
DR0=0000000000000000 DR1=0000000000000000 DR2=0000000000000000 DR3=0000000000000000 
DR6=00000000ffff0ff0 DR7=0000000000000400
CCS=0000000000000020 CCD=000000007fe68240 CCO=SUBQ
EFER=0000000000000d00
Servicing hardware INT=0x20
   225: v=20 e=0000 i=0 cpl=0 IP=0038:000000007eb3cf04 pc=000000007eb3cf04 SP=0030:000000007fe68790 env->regs[R_EAX]=000000000000000e
RAX=000000000000000e RBX=0000000000ddfa4a RCX=0000000000000608 RDX=0000000000ddfa3c
RSI=000000007de78000 RDI=0000000000000039 RBP=000000007fe687a0 RSP=000000007fe68790
R8 =000000007fe6883c R9 =0000000000006010 R10=0000000000000000 R11=0000000000000001
R12=0000000000000000 R13=0000000000000000 R14=000000007e594d18 R15=0000000000000010
RIP=000000007eb3cf04 RFL=00000202 [-------] CPL=0 II=0 A20=1 SMM=0 HLT=0
ES =0030 0000000000000000 ffffffff 00cf9300 DPL=0 DS   [-WA]
CS =0038 0000000000000000 ffffffff 00af9a00 DPL=0 CS64 [-R-]
SS =0030 0000000000000000 ffffffff 00cf9300 DPL=0 DS   [-WA]
DS =0030 0000000000000000 ffffffff 00cf9300 DPL=0 DS   [-WA]
FS =0030 0000000000000000 ffffffff 00cf9300 DPL=0 DS   [-WA]
GS =0030 0000000000000000 ffffffff 00cf9300 DPL=0 DS   [-WA]
LDT=0000 0000000000000000 0000ffff 00008200 DPL=0 LDT
TR =0048 000000007f5da058 00000067 00008900 DPL=0 TSS64-avl
GDT=     000000007f5da000 00000057
IDT=     000000007bb7af58 00000fff
CR0=80010033 CR2=0000000000000000 CR3=000000007f801000 CR4=00000668
DR0=0000000000000000 DR1=0000000000000000 DR2=0000000000000000 DR3=0000000000000000 
DR6=00000000ffff0ff0 DR7=0000000000000400
CCS=0000000000000000 CCD=000000000000000e CCO=EFLAGS
EFER=0000000000000d00
Servicing hardware INT=0x20
   226: v=20 e=0000 i=0 cpl=0 IP=0038:000000007eb3cf04 pc=000000007eb3cf04 SP=0030:000000007fe689e0 env->regs[R_EAX]=0000000000000007
RAX=0000000000000007 RBX=0000000000de873d RCX=0000000000000608 RDX=0000000000de8736
RSI=000000007de73000 RDI=0000000000000007 RBP=000000007fe689f0 RSP=000000007fe689e0
R8 =000000007fe68a8c R9 =0000000000006010 R10=0000000000000000 R11=0000000000000001
R12=0000000000000000 R13=0000000000000000 R14=000000007e594d18 R15=0000000000000002
RIP=000000007eb3cf04 RFL=00000202 [-------] CPL=0 II=0 A20=1 SMM=0 HLT=0
ES =0030 0000000000000000 ffffffff 00cf9300 DPL=0 DS   [-WA]
CS =0038 0000000000000000 ffffffff 00af9a00 DPL=0 CS64 [-R-]
SS =0030 0000000000000000 ffffffff 00cf9300 DPL=0 DS   [-WA]
DS =0030 0000000000000000 ffffffff 00cf9300 DPL=0 DS   [-WA]
FS =0030 0000000000000000 ffffffff 00cf9300 DPL=0 DS   [-WA]
GS =0030 0000000000000000 ffffffff 00cf9300 DPL=0 DS   [-WA]
LDT=0000 0000000000000000 0000ffff 00008200 DPL=0 LDT
TR =0048 000000007f5da058 00000067 00008900 DPL=0 TSS64-avl
GDT=     000000007f5da000 00000057
IDT=     000000007bb7af58 00000fff
CR0=80010033 CR2=0000000000000000 CR3=000000007f801000 CR4=00000668
DR0=0000000000000000 DR1=0000000000000000 DR2=0000000000000000 DR3=0000000000000000 
DR6=00000000ffff0ff0 DR7=0000000000000400
CCS=0000000000000000 CCD=0000000000000007 CCO=EFLAGS
EFER=0000000000000d00
Servicing hardware INT=0x20
   227: v=20 e=0000 i=0 cpl=0 IP=0038:000000007de3ec38 pc=000000007de3ec38 SP=0030:000000007fe68e58 env->regs[R_EAX]=4423d625aa82467f
RAX=4423d625aa82467f RBX=0000000000003000 RCX=000000007de9e018 RDX=5787a9854345a0e6
RSI=000000007fe68ea0 RDI=000000007e588f18 RBP=000000007fe68e80 RSP=000000007fe68e58
R8 =0000000000002000 R9 =000000007de59670 R10=0000000000000000 R11=000000007de1c718
R12=000000007de20000 R13=000000007de20000 R14=0000000000000000 R15=000000007fe91f20
RIP=000000007de3ec38 RFL=00000212 [----A--] CPL=0 II=0 A20=1 SMM=0 HLT=0
ES =0030 0000000000000000 ffffffff 00cf9300 DPL=0 DS   [-WA]
CS =0038 0000000000000000 ffffffff 00af9a00 DPL=0 CS64 [-R-]
SS =0030 0000000000000000 ffffffff 00cf9300 DPL=0 DS   [-WA]
DS =0030 0000000000000000 ffffffff 00cf9300 DPL=0 DS   [-WA]
FS =0030 0000000000000000 ffffffff 00cf9300 DPL=0 DS   [-WA]
GS =0030 0000000000000000 ffffffff 00cf9300 DPL=0 DS   [-WA]
LDT=0000 0000000000000000 0000ffff 00008200 DPL=0 LDT
TR =0048 000000007f5da058 00000067 00008900 DPL=0 TSS64-avl
GDT=     000000007f5da000 00000057
IDT=     000000007bb7af58 00000fff
CR0=80010033 CR2=0000000000000000 CR3=000000007f801000 CR4=00000668
DR0=0000000000000000 DR1=0000000000000000 DR2=0000000000000000 DR3=0000000000000000 
DR6=00000000ffff0ff0 DR7=0000000000000400
CCS=0000000000000010 CCD=1363d35f98c35a67 CCO=EFLAGS
EFER=0000000000000d00
Servicing hardware INT=0x20
   228: v=20 e=0000 i=0 cpl=0 IP=0038:000000007fe6d049 pc=000000007fe6d049 SP=0030:000000007fe68f70 env->regs[R_EAX]=000000007de81018
RAX=000000007de81018 RBX=000000007fe68fc0 RCX=000000007eb60360 RDX=00000000000015f0
RSI=0000000000000000 RDI=0000000000000075 RBP=000000007fe69000 RSP=000000007fe68f70
R8 =0000000000000004 R9 =000000007de81018 R10=0000000000000000 R11=0000000000000001
R12=0000000000000018 R13=0000000000000030 R14=8000000000000005 R15=000000007fe68fb8
RIP=000000007fe6d049 RFL=00000246 [---Z-P-] CPL=0 II=0 A20=1 SMM=0 HLT=0
ES =0030 0000000000000000 ffffffff 00cf9300 DPL=0 DS   [-WA]
CS =0038 0000000000000000 ffffffff 00af9a00 DPL=0 CS64 [-R-]
SS =0030 0000000000000000 ffffffff 00cf9300 DPL=0 DS   [-WA]
DS =0030 0000000000000000 ffffffff 00cf9300 DPL=0 DS   [-WA]
FS =0030 0000000000000000 ffffffff 00cf9300 DPL=0 DS   [-WA]
GS =0030 0000000000000000 ffffffff 00cf9300 DPL=0 DS   [-WA]
LDT=0000 0000000000000000 0000ffff 00008200 DPL=0 LDT
TR =0048 000000007f5da058 00000067 00008900 DPL=0 TSS64-avl
GDT=     000000007f5da000 00000057
IDT=     000000007bb7af58 00000fff
CR0=80010033 CR2=0000000000000000 CR3=000000007f801000 CR4=00000668
DR0=0000000000000000 DR1=0000000000000000 DR2=0000000000000000 DR3=0000000000000000 
DR6=00000000ffff0ff0 DR7=0000000000000400
CCS=0000000000000044 CCD=0000000000000000 CCO=EFLAGS
EFER=0000000000000d00
Servicing hardware INT=0x20
   229: v=20 e=0000 i=0 cpl=0 IP=0038:000000007de5b65d pc=000000007de5b65d SP=0030:000000007fe69088 env->regs[R_EAX]=0000000000000000
RAX=0000000000000000 RBX=000000007de9bd98 RCX=0000000000000007 RDX=000000007f4ee01e
RSI=0000000000000000 RDI=000000007f4ee000 RBP=000000007fe690a0 RSP=000000007fe69088
R8 =000000007f4ee000 R9 =0000000000001000 R10=0000000000000000 R11=0000000000000001
R12=000000007de20000 R13=000000007de20000 R14=0000000000000000 R15=000000007fe91f20
RIP=000000007de5b65d RFL=00000206 [-----P-] CPL=0 II=0 A20=1 SMM=0 HLT=0
ES =0030 0000000000000000 ffffffff 00cf9300 DPL=0 DS   [-WA]
CS =0038 0000000000000000 ffffffff 00af9a00 DPL=0 CS64 [-R-]
SS =0030 0000000000000000 ffffffff 00cf9300 DPL=0 DS   [-WA]
DS =0030 0000000000000000 ffffffff 00cf9300 DPL=0 DS   [-WA]
FS =0030 0000000000000000 ffffffff 00cf9300 DPL=0 DS   [-WA]
GS =0030 0000000000000000 ffffffff 00cf9300 DPL=0 DS   [-WA]
LDT=0000 0000000000000000 0000ffff 00008200 DPL=0 LDT
TR =0048 000000007f5da058 00000067 00008900 DPL=0 TSS64-avl
GDT=     000000007f5da000 00000057
IDT=     000000007bb7af58 00000fff
CR0=80010033 CR2=0000000000000000 CR3=000000007f801000 CR4=00000668
DR0=0000000000000000 DR1=0000000000000000 DR2=0000000000000000 DR3=0000000000000000 
DR6=00000000ffff0ff0 DR7=0000000000000400
CCS=0000000000000004 CCD=000000000000001e CCO=EFLAGS
EFER=0000000000000d00
Servicing hardware INT=0x20
   230: v=20 e=0000 i=0 cpl=0 IP=0038:000000007fe7c633 pc=000000007fe7c633 SP=0030:000000007fe68e08 env->regs[R_EAX]=0000000000000000
RAX=0000000000000000 RBX=000000007e589000 RCX=0000000000000001 RDX=000000000000000c
RSI=0000000000000000 RDI=0000000000000010 RBP=000000007fe68e70 RSP=000000007fe68e08
R8 =0000000000000030 R9 =0000000000000030 R10=0000000000000000 R11=0000000000000001
R12=000000007de1d018 R13=0000000000000030 R14=000000007de1d4c8 R15=000000007de1d4f8
RIP=000000007fe7c633 RFL=00000202 [-------] CPL=0 II=0 A20=1 SMM=0 HLT=0
ES =0030 0000000000000000 ffffffff 00cf9300 DPL=0 DS   [-WA]
CS =0038 0000000000000000 ffffffff 00af9a00 DPL=0 CS64 [-R-]
SS =0030 0000000000000000 ffffffff 00cf9300 DPL=0 DS   [-WA]
DS =0030 0000000000000000 ffffffff 00cf9300 DPL=0 DS   [-WA]
FS =0030 0000000000000000 ffffffff 00cf9300 DPL=0 DS   [-WA]
GS =0030 0000000000000000 ffffffff 00cf9300 DPL=0 DS   [-WA]
LDT=0000 0000000000000000 0000ffff 00008200 DPL=0 LDT
TR =0048 000000007f5da058 00000067 00008900 DPL=0 TSS64-avl
GDT=     000000007f5da000 00000057
IDT=     000000007bb7af58 00000fff
CR0=80010033 CR2=0000000000000000 CR3=000000007f801000 CR4=00000668
DR0=0000000000000000 DR1=0000000000000000 DR2=0000000000000000 DR3=0000000000000000 
DR6=00000000ffff0ff0 DR7=0000000000000400
CCS=0000000000000000 CCD=000000007fe68e10 CCO=EFLAGS
EFER=0000000000000d00
Servicing hardware INT=0x20
   231: v=20 e=0000 i=0 cpl=0 IP=0038:000000007e703063 pc=000000007e703063 SP=0030:000000007fe68a40 env->regs[R_EAX]=0000000000000064
RAX=0000000000000064 RBX=000000007e6da918 RCX=00000000000003fd RDX=00000000000003f8
RSI=0000000000000000 RDI=000000007e6da918 RBP=000000007fe68a50 RSP=000000007fe68a40
R8 =000000000000000b R9 =00000000000003f8 R10=000000007de1d358 R11=000000007de1d358
R12=0000000000000020 R13=0000000000000000 R14=000000007fe68a7f R15=0000000000000000
RIP=000000007e703063 RFL=00000293 [--S-A-C] CPL=0 II=0 A20=1 SMM=0 HLT=0
ES =0030 0000000000000000 ffffffff 00cf9300 DPL=0 DS   [-WA]
CS =0038 0000000000000000 ffffffff 00af9a00 DPL=0 CS64 [-R-]
SS =0030 0000000000000000 ffffffff 00cf9300 DPL=0 DS   [-WA]
DS =0030 0000000000000000 ffffffff 00cf9300 DPL=0 DS   [-WA]
FS =0030 0000000000000000 ffffffff 00cf9300 DPL=0 DS   [-WA]
GS =0030 0000000000000000 ffffffff 00cf9300 DPL=0 DS   [-WA]
LDT=0000 0000000000000000 0000ffff 00008200 DPL=0 LDT
TR =0048 000000007f5da058 00000067 00008900 DPL=0 TSS64-avl
GDT=     000000007f5da000 00000057
IDT=     000000007bb7af58 00000fff
CR0=80010033 CR2=0000000000000000 CR3=000000007f801000 CR4=00000668
DR0=0000000000000000 DR1=0000000000000000 DR2=0000000000000000 DR3=0000000000000000 
DR6=00000000ffff0ff0 DR7=0000000000000400
CCS=0000000000000091 CCD=fffffffffffffffe CCO=EFLAGS
EFER=0000000000000d00
Servicing hardware INT=0x20
   232: v=20 e=0000 i=0 cpl=0 IP=0038:000000007eb07c03 pc=000000007eb07c03 SP=0030:000000007fe68838 env->regs[R_EAX]=000000007e7df020
RAX=000000007e7df020 RBX=000000007e587398 RCX=000000007fe688c6 RDX=000000007e7df08e
RSI=0000000000000034 RDI=00000000000000f2 RBP=000000007fe68940 RSP=000000007fe68838
R8 =0000000000000016 R9 =0000000000000005 R10=000000007ea36918 R11=000000007ea36618
R12=000000007de81e58 R13=000000007e587738 R14=000000007ea36638 R15=000000007ea36928
RIP=000000007eb07c03 RFL=00000206 [-----P-] CPL=0 II=0 A20=1 SMM=0 HLT=0
ES =0030 0000000000000000 ffffffff 00cf9300 DPL=0 DS   [-WA]
CS =0038 0000000000000000 ffffffff 00af9a00 DPL=0 CS64 [-R-]
SS =0030 0000000000000000 ffffffff 00cf9300 DPL=0 DS   [-WA]
DS =0030 0000000000000000 ffffffff 00cf9300 DPL=0 DS   [-WA]
FS =0030 0000000000000000 ffffffff 00cf9300 DPL=0 DS   [-WA]
GS =0030 0000000000000000 ffffffff 00cf9300 DPL=0 DS   [-WA]
LDT=0000 0000000000000000 0000ffff 00008200 DPL=0 LDT
TR =0048 000000007f5da058 00000067 00008900 DPL=0 TSS64-avl
GDT=     000000007f5da000 00000057
IDT=     000000007bb7af58 00000fff
CR0=80010033 CR2=0000000000000000 CR3=000000007f801000 CR4=00000668
DR0=0000000000000000 DR1=0000000000000000 DR2=0000000000000000 DR3=0000000000000000 
DR6=00000000ffff0ff0 DR7=0000000000000400
CCS=0000000000000004 CCD=000000007e7df08e CCO=EFLAGS
EFER=0000000000000d00
Servicing hardware INT=0x20
   233: v=20 e=0000 i=0 cpl=0 IP=0038:000000007fe73d88 pc=000000007fe73d88 SP=0030:000000007fe68808 env->regs[R_EAX]=0000000000000004
RAX=0000000000000004 RBX=000000007fe93260 RCX=000000007fe687f0 RDX=000000007fe68800
RSI=0000000030646870 RDI=0000000000000040 RBP=000000007fe68860 RSP=000000007fe68808
R8 =000000007e589f98 R9 =0000000000000018 R10=000000007de1cc98 R11=000000007de1cc98
R12=0000000000000040 R13=000000007e589f80 R14=000000007fe688fc R15=000000007e589f98
RIP=000000007fe73d88 RFL=00000206 [-----P-] CPL=0 II=0 A20=1 SMM=0 HLT=0
ES =0030 0000000000000000 ffffffff 00cf9300 DPL=0 DS   [-WA]
CS =0038 0000000000000000 ffffffff 00af9a00 DPL=0 CS64 [-R-]
SS =0030 0000000000000000 ffffffff 00cf9300 DPL=0 DS   [-WA]
DS =0030 0000000000000000 ffffffff 00cf9300 DPL=0 DS   [-WA]
FS =0030 0000000000000000 ffffffff 00cf9300 DPL=0 DS   [-WA]
GS =0030 0000000000000000 ffffffff 00cf9300 DPL=0 DS   [-WA]
LDT=0000 0000000000000000 0000ffff 00008200 DPL=0 LDT
TR =0048 000000007f5da058 00000067 00008900 DPL=0 TSS64-avl
GDT=     000000007f5da000 00000057
IDT=     000000007bb7af58 00000fff
CR0=80010033 CR2=0000000000000000 CR3=000000007f801000 CR4=00000668
DR0=0000000000000000 DR1=0000000000000000 DR2=0000000000000000 DR3=0000000000000000 
DR6=00000000ffff0ff0 DR7=0000000000000400
CCS=0000000000000004 CCD=000000007fe688fc CCO=EFLAGS
EFER=0000000000000d00
Servicing hardware INT=0x20
   234: v=20 e=0000 i=0 cpl=0 IP=0038:000000007e70120a pc=000000007e70120a SP=0030:000000007fe689c0 env->regs[R_EAX]=0000000000000060
RAX=0000000000000060 RBX=000000007e6da918 RCX=00000000000003fd RDX=00000000000003fd
RSI=0000000000000005 RDI=000000007e6da918 RBP=000000007fe68a10 RSP=000000007fe689c0
R8 =0000000000000008 R9 =00000000000003fd R10=000000007de1ce98 R11=000000007de1ce98
R12=000000007fe68b88 R13=0000000000000000 R14=000000007fe68a7f R15=000000007fe68b85
RIP=000000007e70120a RFL=00000293 [--S-A-C] CPL=0 II=0 A20=1 SMM=0 HLT=0
ES =0030 0000000000000000 ffffffff 00cf9300 DPL=0 DS   [-WA]
CS =0038 0000000000000000 ffffffff 00af9a00 DPL=0 CS64 [-R-]
SS =0030 0000000000000000 ffffffff 00cf9300 DPL=0 DS   [-WA]
DS =0030 0000000000000000 ffffffff 00cf9300 DPL=0 DS   [-WA]
FS =0030 0000000000000000 ffffffff 00cf9300 DPL=0 DS   [-WA]
GS =0030 0000000000000000 ffffffff 00cf9300 DPL=0 DS   [-WA]
LDT=0000 0000000000000000 0000ffff 00008200 DPL=0 LDT
TR =0048 000000007f5da058 00000067 00008900 DPL=0 TSS64-avl
GDT=     000000007f5da000 00000057
IDT=     000000007bb7af58 00000fff
CR0=80010033 CR2=0000000000000000 CR3=000000007f801000 CR4=00000668
DR0=0000000000000000 DR1=0000000000000000 DR2=0000000000000000 DR3=0000000000000000 
DR6=00000000ffff0ff0 DR7=0000000000000400
CCS=0000000000000091 CCD=fffffffffffffffe CCO=EFLAGS
EFER=0000000000000d00
Servicing hardware INT=0x20
   235: v=20 e=0000 i=0 cpl=0 IP=0038:000000007eb14678 pc=000000007eb14678 SP=0030:000000007fe68a48 env->regs[R_EAX]=000000007fe68ae6
RAX=000000007fe68ae6 RBX=000000007de810f8 RCX=0000000000000000 RDX=000000007e7df506
RSI=000000007e7df51c RDI=000000007fe68afc RBP=000000007fe68b60 RSP=000000007fe68a48
R8 =0000000000000006 R9 =000000007e7df51b R10=000000007ea36918 R11=000000007ea36618
R12=000000007de813b0 R13=000000007e6d9534 R14=000000007ea36638 R15=000000007ea36928
RIP=000000007eb14678 RFL=00000203 [------C] CPL=0 II=0 A20=1 SMM=0 HLT=0
ES =0030 0000000000000000 ffffffff 00cf9300 DPL=0 DS   [-WA]
CS =0038 0000000000000000 ffffffff 00af9a00 DPL=0 CS64 [-R-]
SS =0030 0000000000000000 ffffffff 00cf9300 DPL=0 DS   [-WA]
DS =0030 0000000000000000 ffffffff 00cf9300 DPL=0 DS   [-WA]
FS =0030 0000000000000000 ffffffff 00cf9300 DPL=0 DS   [-WA]
GS =0030 0000000000000000 ffffffff 00cf9300 DPL=0 DS   [-WA]
LDT=0000 0000000000000000 0000ffff 00008200 DPL=0 LDT
TR =0048 000000007f5da058 00000067 00008900 DPL=0 TSS64-avl
GDT=     000000007f5da000 00000057
IDT=     000000007bb7af58 00000fff
CR0=80010033 CR2=0000000000000000 CR3=000000007f801000 CR4=00000668
DR0=0000000000000000 DR1=0000000000000000 DR2=0000000000000000 DR3=0000000000000000 
DR6=00000000ffff0ff0 DR7=0000000000000400
CCS=0000000000000001 CCD=0000000000000002 CCO=EFLAGS
EFER=0000000000000d00
Servicing hardware INT=0x20
   236: v=20 e=0000 i=0 cpl=0 IP=0038:000000007fe8a41c pc=000000007fe8a41c SP=0030:000000007fe68a00 env->regs[R_EAX]=00000000000000af
RAX=00000000000000af RBX=000000007fe93260 RCX=0000000000000000 RDX=000000007de17000
RSI=0000000030646870 RDI=000000007de1d188 RBP=000000007fe68a80 RSP=000000007fe68a00
R8 =00000000000000af R9 =0000000000006160 R10=000000007de1cc58 R11=000000007de1cc58
R12=0000000000006188 R13=000000007de17000 R14=000000000000000b R15=000000007de17018
RIP=000000007fe8a41c RFL=00000206 [-----P-] CPL=0 II=0 A20=1 SMM=0 HLT=0
ES =0030 0000000000000000 ffffffff 00cf9300 DPL=0 DS   [-WA]
CS =0038 0000000000000000 ffffffff 00af9a00 DPL=0 CS64 [-R-]
SS =0030 0000000000000000 ffffffff 00cf9300 DPL=0 DS   [-WA]
DS =0030 0000000000000000 ffffffff 00cf9300 DPL=0 DS   [-WA]
FS =0030 0000000000000000 ffffffff 00cf9300 DPL=0 DS   [-WA]
GS =0030 0000000000000000 ffffffff 00cf9300 DPL=0 DS   [-WA]
LDT=0000 0000000000000000 0000ffff 00008200 DPL=0 LDT
TR =0048 000000007f5da058 00000067 00008900 DPL=0 TSS64-avl
GDT=     000000007f5da000 00000057
IDT=     000000007bb7af58 00000fff
CR0=80010033 CR2=0000000000000000 CR3=000000007f801000 CR4=00000668
DR0=0000000000000000 DR1=0000000000000000 DR2=0000000000000000 DR3=0000000000000000 
DR6=00000000ffff0ff0 DR7=0000000000000400
CCS=0000000000000004 CCD=000000007fe689e8 CCO=EFLAGS
EFER=0000000000000d00
Servicing hardware INT=0x20
   237: v=20 e=0000 i=0 cpl=0 IP=0038:000000007eb1462c pc=000000007eb1462c SP=0030:000000007fe68b60 env->regs[R_EAX]=0000000000000000
RAX=0000000000000000 RBX=00000000000018f0 RCX=0000000000000000 RDX=000000007de17018
RSI=000000007de81298 RDI=000000007de1d3d8 RBP=000000007fe68ce0 RSP=000000007fe68b60
R8 =0000000000000000 R9 =000000007de17018 R10=0000000000000000 R11=0000000000000000
R12=000000007e589498 R13=000000007e589b18 R14=000000007e589498 R15=0000000000730013
RIP=000000007eb1462c RFL=00000206 [-----P-] CPL=0 II=0 A20=1 SMM=0 HLT=0
ES =0030 0000000000000000 ffffffff 00cf9300 DPL=0 DS   [-WA]
CS =0038 0000000000000000 ffffffff 00af9a00 DPL=0 CS64 [-R-]
SS =0030 0000000000000000 ffffffff 00cf9300 DPL=0 DS   [-WA]
DS =0030 0000000000000000 ffffffff 00cf9300 DPL=0 DS   [-WA]
FS =0030 0000000000000000 ffffffff 00cf9300 DPL=0 DS   [-WA]
GS =0030 0000000000000000 ffffffff 00cf9300 DPL=0 DS   [-WA]
LDT=0000 0000000000000000 0000ffff 00008200 DPL=0 LDT
TR =0048 000000007f5da058 00000067 00008900 DPL=0 TSS64-avl
GDT=     000000007f5da000 00000057
IDT=     000000007bb7af58 00000fff
CR0=80010033 CR2=0000000000000000 CR3=000000007f801000 CR4=00000668
DR0=0000000000000000 DR1=0000000000000000 DR2=0000000000000000 DR3=0000000000000000 
DR6=00000000ffff0ff0 DR7=0000000000000400
CCS=0000000000000004 CCD=00000000000018f0 CCO=EFLAGS
EFER=0000000000000d00
Servicing hardware INT=0x20
   238: v=20 e=0000 i=0 cpl=0 IP=0038:000000007eb07c03 pc=000000007eb07c03 SP=0030:000000007fe68a58 env->regs[R_EAX]=000000007e7df020
RAX=000000007e7df020 RBX=000000007de81020 RCX=000000007fe68ae6 RDX=000000007e7df08e
RSI=0000000000000069 RDI=00000000000000f2 RBP=000000007fe68b60 RSP=000000007fe68a58
R8 =0000000000000016 R9 =0000000000000005 R10=000000007ea36918 R11=000000007ea36618
R12=000000007de812a2 R13=000000007e589b19 R14=000000007ea36638 R15=000000007ea36928
RIP=000000007eb07c03 RFL=00000206 [-----P-] CPL=0 II=0 A20=1 SMM=0 HLT=0
ES =0030 0000000000000000 ffffffff 00cf9300 DPL=0 DS   [-WA]
CS =0038 0000000000000000 ffffffff 00af9a00 DPL=0 CS64 [-R-]
SS =0030 0000000000000000 ffffffff 00cf9300 DPL=0 DS   [-WA]
DS =0030 0000000000000000 ffffffff 00cf9300 DPL=0 DS   [-WA]
FS =0030 0000000000000000 ffffffff 00cf9300 DPL=0 DS   [-WA]
GS =0030 0000000000000000 ffffffff 00cf9300 DPL=0 DS   [-WA]
LDT=0000 0000000000000000 0000ffff 00008200 DPL=0 LDT
TR =0048 000000007f5da058 00000067 00008900 DPL=0 TSS64-avl
GDT=     000000007f5da000 00000057
IDT=     000000007bb7af58 00000fff
CR0=80010033 CR2=0000000000000000 CR3=000000007f801000 CR4=00000668
DR0=0000000000000000 DR1=0000000000000000 DR2=0000000000000000 DR3=0000000000000000 
DR6=00000000ffff0ff0 DR7=0000000000000400
CCS=0000000000000004 CCD=000000007e7df08e CCO=EFLAGS
EFER=0000000000000d00
Servicing hardware INT=0x20
   239: v=20 e=0000 i=0 cpl=0 IP=0038:000000007eb3cf04 pc=000000007eb3cf04 SP=0030:000000007fe68e50 env->regs[R_EAX]=0000000000000010
RAX=0000000000000010 RBX=0000000000e5a115 RCX=0000000000000608 RDX=0000000000e5a105
RSI=000000007de1d000 RDI=0000000000000039 RBP=000000007fe68e60 RSP=000000007fe68e50
R8 =000000007fe68efc R9 =0000000000006010 R10=0000000000000000 R11=0000000000000001
R12=0000000000000000 R13=0000000000000000 R14=000000007e594d18 R15=0000000000000010
RIP=000000007eb3cf04 RFL=00000202 [-------] CPL=0 II=0 A20=1 SMM=0 HLT=0
ES =0030 0000000000000000 ffffffff 00cf9300 DPL=0 DS   [-WA]
CS =0038 0000000000000000 ffffffff 00af9a00 DPL=0 CS64 [-R-]
SS =0030 0000000000000000 ffffffff 00cf9300 DPL=0 DS   [-WA]
DS =0030 0000000000000000 ffffffff 00cf9300 DPL=0 DS   [-WA]
FS =0030 0000000000000000 ffffffff 00cf9300 DPL=0 DS   [-WA]
GS =0030 0000000000000000 ffffffff 00cf9300 DPL=0 DS   [-WA]
LDT=0000 0000000000000000 0000ffff 00008200 DPL=0 LDT
TR =0048 000000007f5da058 00000067 00008900 DPL=0 TSS64-avl
GDT=     000000007f5da000 00000057
IDT=     000000007bb7af58 00000fff
CR0=80010033 CR2=0000000000000000 CR3=000000007f801000 CR4=00000668
DR0=0000000000000000 DR1=0000000000000000 DR2=0000000000000000 DR3=0000000000000000 
DR6=00000000ffff0ff0 DR7=0000000000000400
CCS=0000000000000000 CCD=0000000000000010 CCO=EFLAGS
EFER=0000000000000d00
Servicing hardware INT=0x20
   240: v=20 e=0000 i=0 cpl=0 IP=0038:000000007eb3cf04 pc=000000007eb3cf04 SP=0030:000000007fe69060 env->regs[R_EAX]=0000000000000006
RAX=0000000000000006 RBX=0000000000e62b70 RCX=0000000000000608 RDX=0000000000e62b6a
RSI=000000007de1b000 RDI=0000000000000007 RBP=000000007fe69070 RSP=000000007fe69060
R8 =000000007fe6910c R9 =0000000000006010 R10=0000000000000000 R11=0000000000000001
R12=0000000000000000 R13=0000000000000000 R14=000000007e594d18 R15=0000000000000002
RIP=000000007eb3cf04 RFL=00000206 [-----P-] CPL=0 II=0 A20=1 SMM=0 HLT=0
ES =0030 0000000000000000 ffffffff 00cf9300 DPL=0 DS   [-WA]
CS =0038 0000000000000000 ffffffff 00af9a00 DPL=0 CS64 [-R-]
SS =0030 0000000000000000 ffffffff 00cf9300 DPL=0 DS   [-WA]
DS =0030 0000000000000000 ffffffff 00cf9300 DPL=0 DS   [-WA]
FS =0030 0000000000000000 ffffffff 00cf9300 DPL=0 DS   [-WA]
GS =0030 0000000000000000 ffffffff 00cf9300 DPL=0 DS   [-WA]
LDT=0000 0000000000000000 0000ffff 00008200 DPL=0 LDT
TR =0048 000000007f5da058 00000067 00008900 DPL=0 TSS64-avl
GDT=     000000007f5da000 00000057
IDT=     000000007bb7af58 00000fff
CR0=80010033 CR2=0000000000000000 CR3=000000007f801000 CR4=00000668
DR0=0000000000000000 DR1=0000000000000000 DR2=0000000000000000 DR3=0000000000000000 
DR6=00000000ffff0ff0 DR7=0000000000000400
CCS=0000000000000004 CCD=0000000000000006 CCO=EFLAGS
EFER=0000000000000d00
Servicing hardware INT=0x20
   241: v=20 e=0000 i=0 cpl=0 IP=0038:000000007eb3cf04 pc=000000007eb3cf04 SP=0030:000000007fe68e50 env->regs[R_EAX]=0000000000000003
RAX=0000000000000003 RBX=0000000000e6b77c RCX=0000000000000608 RDX=0000000000e6b779
RSI=000000007de19000 RDI=0000000000000007 RBP=000000007fe68e60 RSP=000000007fe68e50
R8 =000000007fe68efc R9 =0000000000006010 R10=0000000000000000 R11=0000000000000001
R12=0000000000000000 R13=0000000000000000 R14=000000007e594d18 R15=0000000000000002
RIP=000000007eb3cf04 RFL=00000206 [-----P-] CPL=0 II=0 A20=1 SMM=0 HLT=0
ES =0030 0000000000000000 ffffffff 00cf9300 DPL=0 DS   [-WA]
CS =0038 0000000000000000 ffffffff 00af9a00 DPL=0 CS64 [-R-]
SS =0030 0000000000000000 ffffffff 00cf9300 DPL=0 DS   [-WA]
DS =0030 0000000000000000 ffffffff 00cf9300 DPL=0 DS   [-WA]
FS =0030 0000000000000000 ffffffff 00cf9300 DPL=0 DS   [-WA]
GS =0030 0000000000000000 ffffffff 00cf9300 DPL=0 DS   [-WA]
LDT=0000 0000000000000000 0000ffff 00008200 DPL=0 LDT
TR =0048 000000007f5da058 00000067 00008900 DPL=0 TSS64-avl
GDT=     000000007f5da000 00000057
IDT=     000000007bb7af58 00000fff
CR0=80010033 CR2=0000000000000000 CR3=000000007f801000 CR4=00000668
DR0=0000000000000000 DR1=0000000000000000 DR2=0000000000000000 DR3=0000000000000000 
DR6=00000000ffff0ff0 DR7=0000000000000400
CCS=0000000000000004 CCD=0000000000000003 CCO=EFLAGS
EFER=0000000000000d00
Servicing hardware INT=0x20
   242: v=20 e=0000 i=0 cpl=0 IP=0038:000000007eb3cf04 pc=000000007eb3cf04 SP=0030:000000007fe69030 env->regs[R_EAX]=0000000000000005
RAX=0000000000000005 RBX=0000000000e74372 RCX=0000000000000608 RDX=0000000000e7436d
RSI=000000007de17000 RDI=0000000000000007 RBP=000000007fe69040 RSP=000000007fe69030
R8 =000000007fe690dc R9 =0000000000006010 R10=0000000000000000 R11=0000000000000001
R12=0000000000000000 R13=0000000000000000 R14=000000007e594d18 R15=0000000000000002
RIP=000000007eb3cf04 RFL=00000206 [-----P-] CPL=0 II=0 A20=1 SMM=0 HLT=0
ES =0030 0000000000000000 ffffffff 00cf9300 DPL=0 DS   [-WA]
CS =0038 0000000000000000 ffffffff 00af9a00 DPL=0 CS64 [-R-]
SS =0030 0000000000000000 ffffffff 00cf9300 DPL=0 DS   [-WA]
DS =0030 0000000000000000 ffffffff 00cf9300 DPL=0 DS   [-WA]
FS =0030 0000000000000000 ffffffff 00cf9300 DPL=0 DS   [-WA]
GS =0030 0000000000000000 ffffffff 00cf9300 DPL=0 DS   [-WA]
LDT=0000 0000000000000000 0000ffff 00008200 DPL=0 LDT
TR =0048 000000007f5da058 00000067 00008900 DPL=0 TSS64-avl
GDT=     000000007f5da000 00000057
IDT=     000000007bb7af58 00000fff
CR0=80010033 CR2=0000000000000000 CR3=000000007f801000 CR4=00000668
DR0=0000000000000000 DR1=0000000000000000 DR2=0000000000000000 DR3=0000000000000000 
DR6=00000000ffff0ff0 DR7=0000000000000400
CCS=0000000000000004 CCD=0000000000000005 CCO=EFLAGS
EFER=0000000000000d00
Servicing hardware INT=0x20
   243: v=20 e=0000 i=0 cpl=0 IP=0038:000000007eb3cf04 pc=000000007eb3cf04 SP=0030:000000007fe68e10 env->regs[R_EAX]=000000000000001f
RAX=000000000000001f RBX=0000000000e7cead RCX=0000000000000608 RDX=0000000000e7ce8e
RSI=000000007de15000 RDI=0000000000000039 RBP=000000007fe68e20 RSP=000000007fe68e10
R8 =000000007fe68ebc R9 =0000000000006010 R10=0000000000000000 R11=0000000000000001
R12=0000000000000000 R13=0000000000000000 R14=000000007e594d18 R15=0000000000000010
RIP=000000007eb3cf04 RFL=00000202 [-------] CPL=0 II=0 A20=1 SMM=0 HLT=0
ES =0030 0000000000000000 ffffffff 00cf9300 DPL=0 DS   [-WA]
CS =0038 0000000000000000 ffffffff 00af9a00 DPL=0 CS64 [-R-]
SS =0030 0000000000000000 ffffffff 00cf9300 DPL=0 DS   [-WA]
DS =0030 0000000000000000 ffffffff 00cf9300 DPL=0 DS   [-WA]
FS =0030 0000000000000000 ffffffff 00cf9300 DPL=0 DS   [-WA]
GS =0030 0000000000000000 ffffffff 00cf9300 DPL=0 DS   [-WA]
LDT=0000 0000000000000000 0000ffff 00008200 DPL=0 LDT
TR =0048 000000007f5da058 00000067 00008900 DPL=0 TSS64-avl
GDT=     000000007f5da000 00000057
IDT=     000000007bb7af58 00000fff
CR0=80010033 CR2=0000000000000000 CR3=000000007f801000 CR4=00000668
DR0=0000000000000000 DR1=0000000000000000 DR2=0000000000000000 DR3=0000000000000000 
DR6=00000000ffff0ff0 DR7=0000000000000400
CCS=0000000000000000 CCD=000000000000001f CCO=EFLAGS
EFER=0000000000000d00
Servicing hardware INT=0x20
   244: v=20 e=0000 i=0 cpl=0 IP=0038:000000007de5b65d pc=000000007de5b65d SP=0030:000000007fe653a8 env->regs[R_EAX]=0000000000000000
RAX=0000000000000000 RBX=00000000000005a0 RCX=000000007eb60360 RDX=000000007ddd71ed
RSI=0000000000000000 RDI=000000007dd96018 RBP=000000007fe653c0 RSP=000000007fe653a8
R8 =0000000000000002 R9 =000000007dd96018 R10=0000000000000000 R11=0000000000000001
R12=000000007de13f98 R13=000000007f5ec018 R14=0000000000000000 R15=000000007fe91f20
RIP=000000007de5b65d RFL=00000202 [-------] CPL=0 II=0 A20=1 SMM=0 HLT=0
ES =0030 0000000000000000 ffffffff 00cf9300 DPL=0 DS   [-WA]
CS =0038 0000000000000000 ffffffff 00af9a00 DPL=0 CS64 [-R-]
SS =0030 0000000000000000 ffffffff 00cf9300 DPL=0 DS   [-WA]
DS =0030 0000000000000000 ffffffff 00cf9300 DPL=0 DS   [-WA]
FS =0030 0000000000000000 ffffffff 00cf9300 DPL=0 DS   [-WA]
GS =0030 0000000000000000 ffffffff 00cf9300 DPL=0 DS   [-WA]
LDT=0000 0000000000000000 0000ffff 00008200 DPL=0 LDT
TR =0048 000000007f5da058 00000067 00008900 DPL=0 TSS64-avl
GDT=     000000007f5da000 00000057
IDT=     000000007bb7af58 00000fff
CR0=80010033 CR2=0000000000000000 CR3=000000007f801000 CR4=00000668
DR0=0000000000000000 DR1=0000000000000000 DR2=0000000000000000 DR3=0000000000000000 
DR6=00000000ffff0ff0 DR7=0000000000000400
CCS=0000000000000000 CCD=00000000000411d5 CCO=EFLAGS
EFER=0000000000000d00
Servicing hardware INT=0x20
   245: v=20 e=0000 i=0 cpl=0 IP=0038:000000007eb3cf04 pc=000000007eb3cf04 SP=0030:000000007fe69030 env->regs[R_EAX]=0000000000000005
RAX=0000000000000005 RBX=0000000000e8e6e2 RCX=0000000000000608 RDX=0000000000e8e6dd
RSI=000000007de12000 RDI=0000000000000039 RBP=000000007fe69040 RSP=000000007fe69030
R8 =000000007fe690dc R9 =0000000000006010 R10=0000000000000000 R11=0000000000000001
R12=0000000000000000 R13=0000000000000000 R14=000000007e594d18 R15=0000000000000010
RIP=000000007eb3cf04 RFL=00000206 [-----P-] CPL=0 II=0 A20=1 SMM=0 HLT=0
ES =0030 0000000000000000 ffffffff 00cf9300 DPL=0 DS   [-WA]
CS =0038 0000000000000000 ffffffff 00af9a00 DPL=0 CS64 [-R-]
SS =0030 0000000000000000 ffffffff 00cf9300 DPL=0 DS   [-WA]
DS =0030 0000000000000000 ffffffff 00cf9300 DPL=0 DS   [-WA]
FS =0030 0000000000000000 ffffffff 00cf9300 DPL=0 DS   [-WA]
GS =0030 0000000000000000 ffffffff 00cf9300 DPL=0 DS   [-WA]
LDT=0000 0000000000000000 0000ffff 00008200 DPL=0 LDT
TR =0048 000000007f5da058 00000067 00008900 DPL=0 TSS64-avl
GDT=     000000007f5da000 00000057
IDT=     000000007bb7af58 00000fff
CR0=80010033 CR2=0000000000000000 CR3=000000007f801000 CR4=00000668
DR0=0000000000000000 DR1=0000000000000000 DR2=0000000000000000 DR3=0000000000000000 
DR6=00000000ffff0ff0 DR7=0000000000000400
CCS=0000000000000004 CCD=0000000000000005 CCO=EFLAGS
EFER=0000000000000d00
Servicing hardware INT=0x20
   246: v=20 e=0000 i=0 cpl=0 IP=0038:000000007eb3cf04 pc=000000007eb3cf04 SP=0030:000000007fe68e50 env->regs[R_EAX]=0000000000000006
RAX=0000000000000006 RBX=0000000000e973f5 RCX=0000000000000608 RDX=0000000000e973ef
RSI=000000007de10000 RDI=0000000000000007 RBP=000000007fe68e60 RSP=000000007fe68e50
R8 =000000007fe68efc R9 =0000000000006010 R10=0000000000000000 R11=0000000000000001
R12=0000000000000000 R13=0000000000000000 R14=000000007e594d18 R15=0000000000000002
RIP=000000007eb3cf04 RFL=00000206 [-----P-] CPL=0 II=0 A20=1 SMM=0 HLT=0
ES =0030 0000000000000000 ffffffff 00cf9300 DPL=0 DS   [-WA]
CS =0038 0000000000000000 ffffffff 00af9a00 DPL=0 CS64 [-R-]
SS =0030 0000000000000000 ffffffff 00cf9300 DPL=0 DS   [-WA]
DS =0030 0000000000000000 ffffffff 00cf9300 DPL=0 DS   [-WA]
FS =0030 0000000000000000 ffffffff 00cf9300 DPL=0 DS   [-WA]
GS =0030 0000000000000000 ffffffff 00cf9300 DPL=0 DS   [-WA]
LDT=0000 0000000000000000 0000ffff 00008200 DPL=0 LDT
TR =0048 000000007f5da058 00000067 00008900 DPL=0 TSS64-avl
GDT=     000000007f5da000 00000057
IDT=     000000007bb7af58 00000fff
CR0=80010033 CR2=0000000000000000 CR3=000000007f801000 CR4=00000668
DR0=0000000000000000 DR1=0000000000000000 DR2=0000000000000000 DR3=0000000000000000 
DR6=00000000ffff0ff0 DR7=0000000000000400
CCS=0000000000000004 CCD=0000000000000006 CCO=EFLAGS
EFER=0000000000000d00
Servicing hardware INT=0x20
   247: v=20 e=0000 i=0 cpl=0 IP=0038:000000007eb3cf04 pc=000000007eb3cf04 SP=0030:000000007fe69060 env->regs[R_EAX]=0000000000000006
RAX=0000000000000006 RBX=0000000000e9fd9b RCX=0000000000000608 RDX=0000000000e9fd95
RSI=000000007de0d000 RDI=0000000000000007 RBP=000000007fe69070 RSP=000000007fe69060
R8 =000000007fe6910c R9 =0000000000006010 R10=0000000000000000 R11=0000000000000001
R12=0000000000000000 R13=0000000000000000 R14=000000007e594d18 R15=0000000000000002
RIP=000000007eb3cf04 RFL=00000206 [-----P-] CPL=0 II=0 A20=1 SMM=0 HLT=0
ES =0030 0000000000000000 ffffffff 00cf9300 DPL=0 DS   [-WA]
CS =0038 0000000000000000 ffffffff 00af9a00 DPL=0 CS64 [-R-]
SS =0030 0000000000000000 ffffffff 00cf9300 DPL=0 DS   [-WA]
DS =0030 0000000000000000 ffffffff 00cf9300 DPL=0 DS   [-WA]
FS =0030 0000000000000000 ffffffff 00cf9300 DPL=0 DS   [-WA]
GS =0030 0000000000000000 ffffffff 00cf9300 DPL=0 DS   [-WA]
LDT=0000 0000000000000000 0000ffff 00008200 DPL=0 LDT
TR =0048 000000007f5da058 00000067 00008900 DPL=0 TSS64-avl
GDT=     000000007f5da000 00000057
IDT=     000000007bb7af58 00000fff
CR0=80010033 CR2=0000000000000000 CR3=000000007f801000 CR4=00000668
DR0=0000000000000000 DR1=0000000000000000 DR2=0000000000000000 DR3=0000000000000000 
DR6=00000000ffff0ff0 DR7=0000000000000400
CCS=0000000000000004 CCD=0000000000000006 CCO=EFLAGS
EFER=0000000000000d00
Servicing hardware INT=0x20
   248: v=20 e=0000 i=0 cpl=0 IP=0038:000000007eb3cf04 pc=000000007eb3cf04 SP=0030:000000007fe68e10 env->regs[R_EAX]=0000000000000004
RAX=0000000000000004 RBX=0000000000ea89dc RCX=0000000000000608 RDX=0000000000ea89d8
RSI=000000007de0b000 RDI=0000000000000007 RBP=000000007fe68e20 RSP=000000007fe68e10
R8 =000000007fe68ebc R9 =0000000000006010 R10=0000000000000000 R11=0000000000000001
R12=0000000000000000 R13=0000000000000000 R14=000000007e594d18 R15=0000000000000002
RIP=000000007eb3cf04 RFL=00000202 [-------] CPL=0 II=0 A20=1 SMM=0 HLT=0
ES =0030 0000000000000000 ffffffff 00cf9300 DPL=0 DS   [-WA]
CS =0038 0000000000000000 ffffffff 00af9a00 DPL=0 CS64 [-R-]
SS =0030 0000000000000000 ffffffff 00cf9300 DPL=0 DS   [-WA]
DS =0030 0000000000000000 ffffffff 00cf9300 DPL=0 DS   [-WA]
FS =0030 0000000000000000 ffffffff 00cf9300 DPL=0 DS   [-WA]
GS =0030 0000000000000000 ffffffff 00cf9300 DPL=0 DS   [-WA]
LDT=0000 0000000000000000 0000ffff 00008200 DPL=0 LDT
TR =0048 000000007f5da058 00000067 00008900 DPL=0 TSS64-avl
GDT=     000000007f5da000 00000057
IDT=     000000007bb7af58 00000fff
CR0=80010033 CR2=0000000000000000 CR3=000000007f801000 CR4=00000668
DR0=0000000000000000 DR1=0000000000000000 DR2=0000000000000000 DR3=0000000000000000 
DR6=00000000ffff0ff0 DR7=0000000000000400
CCS=0000000000000000 CCD=0000000000000004 CCO=EFLAGS
EFER=0000000000000d00
Servicing hardware INT=0x20
   249: v=20 e=0000 i=0 cpl=0 IP=0038:000000007eb3cf04 pc=000000007eb3cf04 SP=0030:000000007fe68e40 env->regs[R_EAX]=000000000000000d
RAX=000000000000000d RBX=0000000000eb15f1 RCX=0000000000000608 RDX=0000000000eb15e4
RSI=000000007de08000 RDI=000000000000000e RBP=000000007fe68e50 RSP=000000007fe68e40
R8 =000000007fe68eec R9 =0000000000006010 R10=0000000000000000 R11=0000000000000001
R12=0000000000000000 R13=0000000000000000 R14=000000007e594d18 R15=0000000000000004
RIP=000000007eb3cf04 RFL=00000202 [-------] CPL=0 II=0 A20=1 SMM=0 HLT=0
ES =0030 0000000000000000 ffffffff 00cf9300 DPL=0 DS   [-WA]
CS =0038 0000000000000000 ffffffff 00af9a00 DPL=0 CS64 [-R-]
SS =0030 0000000000000000 ffffffff 00cf9300 DPL=0 DS   [-WA]
DS =0030 0000000000000000 ffffffff 00cf9300 DPL=0 DS   [-WA]
FS =0030 0000000000000000 ffffffff 00cf9300 DPL=0 DS   [-WA]
GS =0030 0000000000000000 ffffffff 00cf9300 DPL=0 DS   [-WA]
LDT=0000 0000000000000000 0000ffff 00008200 DPL=0 LDT
TR =0048 000000007f5da058 00000067 00008900 DPL=0 TSS64-avl
GDT=     000000007f5da000 00000057
IDT=     000000007bb7af58 00000fff
CR0=80010033 CR2=0000000000000000 CR3=000000007f801000 CR4=00000668
DR0=0000000000000000 DR1=0000000000000000 DR2=0000000000000000 DR3=0000000000000000 
DR6=00000000ffff0ff0 DR7=0000000000000400
CCS=0000000000000000 CCD=000000000000000d CCO=EFLAGS
EFER=0000000000000d00
Servicing hardware INT=0x20
   250: v=20 e=0000 i=0 cpl=0 IP=0038:000000007eb3cf04 pc=000000007eb3cf04 SP=0030:000000007fe68e50 env->regs[R_EAX]=0000000000000004
RAX=0000000000000004 RBX=0000000000eba360 RCX=0000000000000608 RDX=0000000000eba35c
RSI=000000007de00000 RDI=0000000000000007 RBP=000000007fe68e60 RSP=000000007fe68e50
R8 =000000007fe68efc R9 =0000000000006010 R10=0000000000000000 R11=0000000000000001
R12=0000000000000000 R13=0000000000000000 R14=000000007e594d18 R15=0000000000000002
RIP=000000007eb3cf04 RFL=00000202 [-------] CPL=0 II=0 A20=1 SMM=0 HLT=0
ES =0030 0000000000000000 ffffffff 00cf9300 DPL=0 DS   [-WA]
CS =0038 0000000000000000 ffffffff 00af9a00 DPL=0 CS64 [-R-]
SS =0030 0000000000000000 ffffffff 00cf9300 DPL=0 DS   [-WA]
DS =0030 0000000000000000 ffffffff 00cf9300 DPL=0 DS   [-WA]
FS =0030 0000000000000000 ffffffff 00cf9300 DPL=0 DS   [-WA]
GS =0030 0000000000000000 ffffffff 00cf9300 DPL=0 DS   [-WA]
LDT=0000 0000000000000000 0000ffff 00008200 DPL=0 LDT
TR =0048 000000007f5da058 00000067 00008900 DPL=0 TSS64-avl
GDT=     000000007f5da000 00000057
IDT=     000000007bb7af58 00000fff
CR0=80010033 CR2=0000000000000000 CR3=000000007f801000 CR4=00000668
DR0=0000000000000000 DR1=0000000000000000 DR2=0000000000000000 DR3=0000000000000000 
DR6=00000000ffff0ff0 DR7=0000000000000400
CCS=0000000000000000 CCD=0000000000000004 CCO=EFLAGS
EFER=0000000000000d00
Servicing hardware INT=0x20
   251: v=20 e=0000 i=0 cpl=0 IP=0038:000000007eb3cf04 pc=000000007eb3cf04 SP=0030:000000007fe68e10 env->regs[R_EAX]=0000000000000003
RAX=0000000000000003 RBX=0000000000ec2dc8 RCX=0000000000000608 RDX=0000000000ec2dc5
RSI=000000007ddfe000 RDI=0000000000000007 RBP=000000007fe68e20 RSP=000000007fe68e10
R8 =000000007fe68ebc R9 =0000000000006010 R10=0000000000000000 R11=0000000000000001
R12=0000000000000000 R13=0000000000000000 R14=000000007e594d18 R15=0000000000000002
RIP=000000007eb3cf04 RFL=00000206 [-----P-] CPL=0 II=0 A20=1 SMM=0 HLT=0
ES =0030 0000000000000000 ffffffff 00cf9300 DPL=0 DS   [-WA]
CS =0038 0000000000000000 ffffffff 00af9a00 DPL=0 CS64 [-R-]
SS =0030 0000000000000000 ffffffff 00cf9300 DPL=0 DS   [-WA]
DS =0030 0000000000000000 ffffffff 00cf9300 DPL=0 DS   [-WA]
FS =0030 0000000000000000 ffffffff 00cf9300 DPL=0 DS   [-WA]
GS =0030 0000000000000000 ffffffff 00cf9300 DPL=0 DS   [-WA]
LDT=0000 0000000000000000 0000ffff 00008200 DPL=0 LDT
TR =0048 000000007f5da058 00000067 00008900 DPL=0 TSS64-avl
GDT=     000000007f5da000 00000057
IDT=     000000007bb7af58 00000fff
CR0=80010033 CR2=0000000000000000 CR3=000000007f801000 CR4=00000668
DR0=0000000000000000 DR1=0000000000000000 DR2=0000000000000000 DR3=0000000000000000 
DR6=00000000ffff0ff0 DR7=0000000000000400
CCS=0000000000000004 CCD=0000000000000003 CCO=EFLAGS
EFER=0000000000000d00
Servicing hardware INT=0x20
   252: v=20 e=0000 i=0 cpl=0 IP=0038:000000007eb3cf04 pc=000000007eb3cf04 SP=0030:000000007fe68e10 env->regs[R_EAX]=0000000000000005
RAX=0000000000000005 RBX=0000000000ecbb3d RCX=0000000000000608 RDX=0000000000ecbb38
RSI=000000007ddf6000 RDI=0000000000000007 RBP=000000007fe68e20 RSP=000000007fe68e10
R8 =000000007fe68ebc R9 =0000000000006010 R10=0000000000000000 R11=0000000000000001
R12=0000000000000000 R13=0000000000000000 R14=000000007e594d18 R15=0000000000000002
RIP=000000007eb3cf04 RFL=00000206 [-----P-] CPL=0 II=0 A20=1 SMM=0 HLT=0
ES =0030 0000000000000000 ffffffff 00cf9300 DPL=0 DS   [-WA]
CS =0038 0000000000000000 ffffffff 00af9a00 DPL=0 CS64 [-R-]
SS =0030 0000000000000000 ffffffff 00cf9300 DPL=0 DS   [-WA]
DS =0030 0000000000000000 ffffffff 00cf9300 DPL=0 DS   [-WA]
FS =0030 0000000000000000 ffffffff 00cf9300 DPL=0 DS   [-WA]
GS =0030 0000000000000000 ffffffff 00cf9300 DPL=0 DS   [-WA]
LDT=0000 0000000000000000 0000ffff 00008200 DPL=0 LDT
TR =0048 000000007f5da058 00000067 00008900 DPL=0 TSS64-avl
GDT=     000000007f5da000 00000057
IDT=     000000007bb7af58 00000fff
CR0=80010033 CR2=0000000000000000 CR3=000000007f801000 CR4=00000668
DR0=0000000000000000 DR1=0000000000000000 DR2=0000000000000000 DR3=0000000000000000 
DR6=00000000ffff0ff0 DR7=0000000000000400
CCS=0000000000000004 CCD=0000000000000005 CCO=EFLAGS
EFER=0000000000000d00
Servicing hardware INT=0x20
   253: v=20 e=0000 i=0 cpl=0 IP=0038:000000007eb3cf04 pc=000000007eb3cf04 SP=0030:000000007fe68e40 env->regs[R_EAX]=0000000000000006
RAX=0000000000000006 RBX=0000000000ed47fb RCX=0000000000000608 RDX=0000000000ed47f5
RSI=000000007ddf4000 RDI=0000000000000007 RBP=000000007fe68e50 RSP=000000007fe68e40
R8 =000000007fe68eec R9 =0000000000006010 R10=0000000000000000 R11=0000000000000001
R12=0000000000000000 R13=0000000000000000 R14=000000007e594d18 R15=0000000000000002
RIP=000000007eb3cf04 RFL=00000206 [-----P-] CPL=0 II=0 A20=1 SMM=0 HLT=0
ES =0030 0000000000000000 ffffffff 00cf9300 DPL=0 DS   [-WA]
CS =0038 0000000000000000 ffffffff 00af9a00 DPL=0 CS64 [-R-]
SS =0030 0000000000000000 ffffffff 00cf9300 DPL=0 DS   [-WA]
DS =0030 0000000000000000 ffffffff 00cf9300 DPL=0 DS   [-WA]
FS =0030 0000000000000000 ffffffff 00cf9300 DPL=0 DS   [-WA]
GS =0030 0000000000000000 ffffffff 00cf9300 DPL=0 DS   [-WA]
LDT=0000 0000000000000000 0000ffff 00008200 DPL=0 LDT
TR =0048 000000007f5da058 00000067 00008900 DPL=0 TSS64-avl
GDT=     000000007f5da000 00000057
IDT=     000000007bb7af58 00000fff
CR0=80010033 CR2=0000000000000000 CR3=000000007f801000 CR4=00000668
DR0=0000000000000000 DR1=0000000000000000 DR2=0000000000000000 DR3=0000000000000000 
DR6=00000000ffff0ff0 DR7=0000000000000400
CCS=0000000000000004 CCD=0000000000000006 CCO=EFLAGS
EFER=0000000000000d00
Servicing hardware INT=0x20
   254: v=20 e=0000 i=0 cpl=0 IP=0038:000000007eb3cf04 pc=000000007eb3cf04 SP=0030:000000007fe69080 env->regs[R_EAX]=0000000000000001
RAX=0000000000000001 RBX=0000000000edd203 RCX=0000000000000608 RDX=0000000000edd202
RSI=000000007ddf1000 RDI=0000000000000007 RBP=000000007fe69090 RSP=000000007fe69080
R8 =000000007fe6912c R9 =0000000000006010 R10=0000000000000000 R11=0000000000000001
R12=0000000000000000 R13=0000000000000001 R14=000000007e594d18 R15=0000000000000002
RIP=000000007eb3cf04 RFL=00000202 [-------] CPL=0 II=0 A20=1 SMM=0 HLT=0
ES =0030 0000000000000000 ffffffff 00cf9300 DPL=0 DS   [-WA]
CS =0038 0000000000000000 ffffffff 00af9a00 DPL=0 CS64 [-R-]
SS =0030 0000000000000000 ffffffff 00cf9300 DPL=0 DS   [-WA]
DS =0030 0000000000000000 ffffffff 00cf9300 DPL=0 DS   [-WA]
FS =0030 0000000000000000 ffffffff 00cf9300 DPL=0 DS   [-WA]
GS =0030 0000000000000000 ffffffff 00cf9300 DPL=0 DS   [-WA]
LDT=0000 0000000000000000 0000ffff 00008200 DPL=0 LDT
TR =0048 000000007f5da058 00000067 00008900 DPL=0 TSS64-avl
GDT=     000000007f5da000 00000057
IDT=     000000007bb7af58 00000fff
CR0=80010033 CR2=0000000000000000 CR3=000000007f801000 CR4=00000668
DR0=0000000000000000 DR1=0000000000000000 DR2=0000000000000000 DR3=0000000000000000 
DR6=00000000ffff0ff0 DR7=0000000000000400
CCS=0000000000000000 CCD=0000000000000001 CCO=EFLAGS
EFER=0000000000000d00
Servicing hardware INT=0x20
   255: v=20 e=0000 i=0 cpl=0 IP=0038:000000007de3ec38 pc=000000007de3ec38 SP=0030:000000007fe69298 env->regs[R_EAX]=000000000000000c
RAX=000000000000000c RBX=0000000000001332 RCX=000000007de9e018 RDX=000000000000000e
RSI=000000007fe692e0 RDI=000000007e588f18 RBP=000000007fe692c0 RSP=000000007fe69298
R8 =0000000000000001 R9 =000000007de59670 R10=0000000000000000 R11=0000000000000001
R12=000000007ddfcdf8 R13=000000007f5ec018 R14=0000000000000000 R15=000000007fe91f20
RIP=000000007de3ec38 RFL=00000216 [----AP-] CPL=0 II=0 A20=1 SMM=0 HLT=0
ES =0030 0000000000000000 ffffffff 00cf9300 DPL=0 DS   [-WA]
CS =0038 0000000000000000 ffffffff 00af9a00 DPL=0 CS64 [-R-]
SS =0030 0000000000000000 ffffffff 00cf9300 DPL=0 DS   [-WA]
DS =0030 0000000000000000 ffffffff 00cf9300 DPL=0 DS   [-WA]
FS =0030 0000000000000000 ffffffff 00cf9300 DPL=0 DS   [-WA]
GS =0030 0000000000000000 ffffffff 00cf9300 DPL=0 DS   [-WA]
LDT=0000 0000000000000000 0000ffff 00008200 DPL=0 LDT
TR =0048 000000007f5da058 00000067 00008900 DPL=0 TSS64-avl
GDT=     000000007f5da000 00000057
IDT=     000000007bb7af58 00000fff
CR0=80010033 CR2=0000000000000000 CR3=000000007f801000 CR4=00000668
DR0=0000000000000000 DR1=0000000000000000 DR2=0000000000000000 DR3=0000000000000000 
DR6=00000000ffff0ff0 DR7=0000000000000400
CCS=0000000000000014 CCD=0000000000000005 CCO=EFLAGS
EFER=0000000000000d00
Servicing hardware INT=0x20
   256: v=20 e=0000 i=0 cpl=0 IP=0038:000000007eb3cf04 pc=000000007eb3cf04 SP=0030:000000007fe68e10 env->regs[R_EAX]=0000000000000005
RAX=0000000000000005 RBX=0000000000eee8d2 RCX=0000000000000608 RDX=0000000000eee8cd
RSI=000000007dde8000 RDI=0000000000000007 RBP=000000007fe68e20 RSP=000000007fe68e10
R8 =000000007fe68ebc R9 =0000000000006010 R10=0000000000000000 R11=0000000000000001
R12=0000000000000000 R13=0000000000000000 R14=000000007e594d18 R15=0000000000000002
RIP=000000007eb3cf04 RFL=00000206 [-----P-] CPL=0 II=0 A20=1 SMM=0 HLT=0
ES =0030 0000000000000000 ffffffff 00cf9300 DPL=0 DS   [-WA]
CS =0038 0000000000000000 ffffffff 00af9a00 DPL=0 CS64 [-R-]
SS =0030 0000000000000000 ffffffff 00cf9300 DPL=0 DS   [-WA]
DS =0030 0000000000000000 ffffffff 00cf9300 DPL=0 DS   [-WA]
FS =0030 0000000000000000 ffffffff 00cf9300 DPL=0 DS   [-WA]
GS =0030 0000000000000000 ffffffff 00cf9300 DPL=0 DS   [-WA]
LDT=0000 0000000000000000 0000ffff 00008200 DPL=0 LDT
TR =0048 000000007f5da058 00000067 00008900 DPL=0 TSS64-avl
GDT=     000000007f5da000 00000057
IDT=     000000007bb7af58 00000fff
CR0=80010033 CR2=0000000000000000 CR3=000000007f801000 CR4=00000668
DR0=0000000000000000 DR1=0000000000000000 DR2=0000000000000000 DR3=0000000000000000 
DR6=00000000ffff0ff0 DR7=0000000000000400
CCS=0000000000000004 CCD=0000000000000005 CCO=EFLAGS
EFER=0000000000000d00
Servicing hardware INT=0x20
   257: v=20 e=0000 i=0 cpl=0 IP=0038:000000007eb3cf04 pc=000000007eb3cf04 SP=0030:000000007fe68e10 env->regs[R_EAX]=0000000000000005
RAX=0000000000000005 RBX=0000000000ef758f RCX=0000000000000608 RDX=0000000000ef758a
RSI=000000007dde0000 RDI=0000000000000007 RBP=000000007fe68e20 RSP=000000007fe68e10
R8 =000000007fe68ebc R9 =0000000000006010 R10=0000000000000000 R11=0000000000000001
R12=0000000000000000 R13=0000000000000000 R14=000000007e594d18 R15=0000000000000002
RIP=000000007eb3cf04 RFL=00000206 [-----P-] CPL=0 II=0 A20=1 SMM=0 HLT=0
ES =0030 0000000000000000 ffffffff 00cf9300 DPL=0 DS   [-WA]
CS =0038 0000000000000000 ffffffff 00af9a00 DPL=0 CS64 [-R-]
SS =0030 0000000000000000 ffffffff 00cf9300 DPL=0 DS   [-WA]
DS =0030 0000000000000000 ffffffff 00cf9300 DPL=0 DS   [-WA]
FS =0030 0000000000000000 ffffffff 00cf9300 DPL=0 DS   [-WA]
GS =0030 0000000000000000 ffffffff 00cf9300 DPL=0 DS   [-WA]
LDT=0000 0000000000000000 0000ffff 00008200 DPL=0 LDT
TR =0048 000000007f5da058 00000067 00008900 DPL=0 TSS64-avl
GDT=     000000007f5da000 00000057
IDT=     000000007bb7af58 00000fff
CR0=80010033 CR2=0000000000000000 CR3=000000007f801000 CR4=00000668
DR0=0000000000000000 DR1=0000000000000000 DR2=0000000000000000 DR3=0000000000000000 
DR6=00000000ffff0ff0 DR7=0000000000000400
CCS=0000000000000004 CCD=0000000000000005 CCO=EFLAGS
EFER=0000000000000d00
Servicing hardware INT=0x20
   258: v=20 e=0000 i=0 cpl=0 IP=0038:000000007eb3cf04 pc=000000007eb3cf04 SP=0030:000000007fe68e10 env->regs[R_EAX]=0000000000000005
RAX=0000000000000005 RBX=0000000000f001db RCX=0000000000000608 RDX=0000000000f001d6
RSI=000000007ddde000 RDI=0000000000000007 RBP=000000007fe68e20 RSP=000000007fe68e10
R8 =000000007fe68ebc R9 =0000000000006010 R10=0000000000000000 R11=0000000000000001
R12=0000000000000000 R13=0000000000000000 R14=000000007e594d18 R15=0000000000000002
RIP=000000007eb3cf04 RFL=00000206 [-----P-] CPL=0 II=0 A20=1 SMM=0 HLT=0
ES =0030 0000000000000000 ffffffff 00cf9300 DPL=0 DS   [-WA]
CS =0038 0000000000000000 ffffffff 00af9a00 DPL=0 CS64 [-R-]
SS =0030 0000000000000000 ffffffff 00cf9300 DPL=0 DS   [-WA]
DS =0030 0000000000000000 ffffffff 00cf9300 DPL=0 DS   [-WA]
FS =0030 0000000000000000 ffffffff 00cf9300 DPL=0 DS   [-WA]
GS =0030 0000000000000000 ffffffff 00cf9300 DPL=0 DS   [-WA]
LDT=0000 0000000000000000 0000ffff 00008200 DPL=0 LDT
TR =0048 000000007f5da058 00000067 00008900 DPL=0 TSS64-avl
GDT=     000000007f5da000 00000057
IDT=     000000007bb7af58 00000fff
CR0=80010033 CR2=0000000000000000 CR3=000000007f801000 CR4=00000668
DR0=0000000000000000 DR1=0000000000000000 DR2=0000000000000000 DR3=0000000000000000 
DR6=00000000ffff0ff0 DR7=0000000000000400
CCS=0000000000000004 CCD=0000000000000005 CCO=EFLAGS
EFER=0000000000000d00
Servicing hardware INT=0x20
   259: v=20 e=0000 i=0 cpl=0 IP=0038:000000007eb3cf04 pc=000000007eb3cf04 SP=0030:000000007fe68e50 env->regs[R_EAX]=000000000000004a
RAX=000000000000004a RBX=0000000000f08c75 RCX=0000000000000608 RDX=0000000000f08c2b
RSI=000000007dd8f000 RDI=0000000000000072 RBP=000000007fe68e60 RSP=000000007fe68e50
R8 =000000007fe68efc R9 =0000000000006010 R10=0000000000000000 R11=0000000000000001
R12=0000000000000000 R13=0000000000000000 R14=000000007e594d18 R15=0000000000000020
RIP=000000007eb3cf04 RFL=00000202 [-------] CPL=0 II=0 A20=1 SMM=0 HLT=0
ES =0030 0000000000000000 ffffffff 00cf9300 DPL=0 DS   [-WA]
CS =0038 0000000000000000 ffffffff 00af9a00 DPL=0 CS64 [-R-]
SS =0030 0000000000000000 ffffffff 00cf9300 DPL=0 DS   [-WA]
DS =0030 0000000000000000 ffffffff 00cf9300 DPL=0 DS   [-WA]
FS =0030 0000000000000000 ffffffff 00cf9300 DPL=0 DS   [-WA]
GS =0030 0000000000000000 ffffffff 00cf9300 DPL=0 DS   [-WA]
LDT=0000 0000000000000000 0000ffff 00008200 DPL=0 LDT
TR =0048 000000007f5da058 00000067 00008900 DPL=0 TSS64-avl
GDT=     000000007f5da000 00000057
IDT=     000000007bb7af58 00000fff
CR0=80010033 CR2=0000000000000000 CR3=000000007f801000 CR4=00000668
DR0=0000000000000000 DR1=0000000000000000 DR2=0000000000000000 DR3=0000000000000000 
DR6=00000000ffff0ff0 DR7=0000000000000400
CCS=0000000000000000 CCD=000000000000004a CCO=EFLAGS
EFER=0000000000000d00
Servicing hardware INT=0x20
   260: v=20 e=0000 i=0 cpl=0 IP=0038:000000007eb3cf04 pc=000000007eb3cf04 SP=0030:000000007fe68e40 env->regs[R_EAX]=0000000000000007
RAX=0000000000000007 RBX=0000000000f118af RCX=0000000000000608 RDX=0000000000f118a8
RSI=000000007dd8d000 RDI=0000000000000007 RBP=000000007fe68e50 RSP=000000007fe68e40
R8 =000000007fe68eec R9 =0000000000006010 R10=0000000000000000 R11=0000000000000001
R12=0000000000000000 R13=0000000000000000 R14=000000007e594d18 R15=0000000000000002
RIP=000000007eb3cf04 RFL=00000202 [-------] CPL=0 II=0 A20=1 SMM=0 HLT=0
ES =0030 0000000000000000 ffffffff 00cf9300 DPL=0 DS   [-WA]
CS =0038 0000000000000000 ffffffff 00af9a00 DPL=0 CS64 [-R-]
SS =0030 0000000000000000 ffffffff 00cf9300 DPL=0 DS   [-WA]
DS =0030 0000000000000000 ffffffff 00cf9300 DPL=0 DS   [-WA]
FS =0030 0000000000000000 ffffffff 00cf9300 DPL=0 DS   [-WA]
GS =0030 0000000000000000 ffffffff 00cf9300 DPL=0 DS   [-WA]
LDT=0000 0000000000000000 0000ffff 00008200 DPL=0 LDT
TR =0048 000000007f5da058 00000067 00008900 DPL=0 TSS64-avl
GDT=     000000007f5da000 00000057
IDT=     000000007bb7af58 00000fff
CR0=80010033 CR2=0000000000000000 CR3=000000007f801000 CR4=00000668
DR0=0000000000000000 DR1=0000000000000000 DR2=0000000000000000 DR3=0000000000000000 
DR6=00000000ffff0ff0 DR7=0000000000000400
CCS=0000000000000000 CCD=0000000000000007 CCO=EFLAGS
EFER=0000000000000d00
Servicing hardware INT=0x20
   261: v=20 e=0000 i=0 cpl=0 IP=0038:000000007eb3cf04 pc=000000007eb3cf04 SP=0030:000000007fe68e50 env->regs[R_EAX]=0000000000000004
RAX=0000000000000004 RBX=0000000000f1a379 RCX=0000000000000608 RDX=0000000000f1a375
RSI=000000007dd8b000 RDI=0000000000000007 RBP=000000007fe68e60 RSP=000000007fe68e50
R8 =000000007fe68efc R9 =0000000000006010 R10=0000000000000000 R11=0000000000000001
R12=0000000000000000 R13=0000000000000000 R14=000000007e594d18 R15=0000000000000002
RIP=000000007eb3cf04 RFL=00000202 [-------] CPL=0 II=0 A20=1 SMM=0 HLT=0
ES =0030 0000000000000000 ffffffff 00cf9300 DPL=0 DS   [-WA]
CS =0038 0000000000000000 ffffffff 00af9a00 DPL=0 CS64 [-R-]
SS =0030 0000000000000000 ffffffff 00cf9300 DPL=0 DS   [-WA]
DS =0030 0000000000000000 ffffffff 00cf9300 DPL=0 DS   [-WA]
FS =0030 0000000000000000 ffffffff 00cf9300 DPL=0 DS   [-WA]
GS =0030 0000000000000000 ffffffff 00cf9300 DPL=0 DS   [-WA]
LDT=0000 0000000000000000 0000ffff 00008200 DPL=0 LDT
TR =0048 000000007f5da058 00000067 00008900 DPL=0 TSS64-avl
GDT=     000000007f5da000 00000057
IDT=     000000007bb7af58 00000fff
CR0=80010033 CR2=0000000000000000 CR3=000000007f801000 CR4=00000668
DR0=0000000000000000 DR1=0000000000000000 DR2=0000000000000000 DR3=0000000000000000 
DR6=00000000ffff0ff0 DR7=0000000000000400
CCS=0000000000000000 CCD=0000000000000004 CCO=EFLAGS
EFER=0000000000000d00
Servicing hardware INT=0x20
   262: v=20 e=0000 i=0 cpl=0 IP=0038:000000007eb3cf04 pc=000000007eb3cf04 SP=0030:000000007fe68e50 env->regs[R_EAX]=0000000000000005
RAX=0000000000000005 RBX=0000000000f2313f RCX=0000000000000608 RDX=0000000000f2313a
RSI=000000007dd88000 RDI=0000000000000007 RBP=000000007fe68e60 RSP=000000007fe68e50
R8 =000000007fe68efc R9 =0000000000006010 R10=0000000000000000 R11=0000000000000001
R12=0000000000000000 R13=0000000000000000 R14=000000007e594d18 R15=0000000000000002
RIP=000000007eb3cf04 RFL=00000206 [-----P-] CPL=0 II=0 A20=1 SMM=0 HLT=0
ES =0030 0000000000000000 ffffffff 00cf9300 DPL=0 DS   [-WA]
CS =0038 0000000000000000 ffffffff 00af9a00 DPL=0 CS64 [-R-]
SS =0030 0000000000000000 ffffffff 00cf9300 DPL=0 DS   [-WA]
DS =0030 0000000000000000 ffffffff 00cf9300 DPL=0 DS   [-WA]
FS =0030 0000000000000000 ffffffff 00cf9300 DPL=0 DS   [-WA]
GS =0030 0000000000000000 ffffffff 00cf9300 DPL=0 DS   [-WA]
LDT=0000 0000000000000000 0000ffff 00008200 DPL=0 LDT
TR =0048 000000007f5da058 00000067 00008900 DPL=0 TSS64-avl
GDT=     000000007f5da000 00000057
IDT=     000000007bb7af58 00000fff
CR0=80010033 CR2=0000000000000000 CR3=000000007f801000 CR4=00000668
DR0=0000000000000000 DR1=0000000000000000 DR2=0000000000000000 DR3=0000000000000000 
DR6=00000000ffff0ff0 DR7=0000000000000400
CCS=0000000000000004 CCD=0000000000000005 CCO=EFLAGS
EFER=0000000000000d00
Servicing hardware INT=0x20
   263: v=20 e=0000 i=0 cpl=0 IP=0038:000000007eb3cf04 pc=000000007eb3cf04 SP=0030:000000007fe68e10 env->regs[R_EAX]=0000000000000006
RAX=0000000000000006 RBX=0000000000f2bb4f RCX=0000000000000608 RDX=0000000000f2bb49
RSI=000000007dd81000 RDI=0000000000000007 RBP=000000007fe68e20 RSP=000000007fe68e10
R8 =000000007fe68ebc R9 =0000000000006010 R10=0000000000000000 R11=0000000000000001
R12=0000000000000000 R13=0000000000000000 R14=000000007e594d18 R15=0000000000000002
RIP=000000007eb3cf04 RFL=00000206 [-----P-] CPL=0 II=0 A20=1 SMM=0 HLT=0
ES =0030 0000000000000000 ffffffff 00cf9300 DPL=0 DS   [-WA]
CS =0038 0000000000000000 ffffffff 00af9a00 DPL=0 CS64 [-R-]
SS =0030 0000000000000000 ffffffff 00cf9300 DPL=0 DS   [-WA]
DS =0030 0000000000000000 ffffffff 00cf9300 DPL=0 DS   [-WA]
FS =0030 0000000000000000 ffffffff 00cf9300 DPL=0 DS   [-WA]
GS =0030 0000000000000000 ffffffff 00cf9300 DPL=0 DS   [-WA]
LDT=0000 0000000000000000 0000ffff 00008200 DPL=0 LDT
TR =0048 000000007f5da058 00000067 00008900 DPL=0 TSS64-avl
GDT=     000000007f5da000 00000057
IDT=     000000007bb7af58 00000fff
CR0=80010033 CR2=0000000000000000 CR3=000000007f801000 CR4=00000668
DR0=0000000000000000 DR1=0000000000000000 DR2=0000000000000000 DR3=0000000000000000 
DR6=00000000ffff0ff0 DR7=0000000000000400
CCS=0000000000000004 CCD=0000000000000006 CCO=EFLAGS
EFER=0000000000000d00
Servicing hardware INT=0x20
   264: v=20 e=0000 i=0 cpl=0 IP=0038:000000007eb3cf04 pc=000000007eb3cf04 SP=0030:000000007fe69060 env->regs[R_EAX]=0000000000000006
RAX=0000000000000006 RBX=0000000000f34698 RCX=0000000000000608 RDX=0000000000f34692
RSI=000000007dd7e000 RDI=0000000000000007 RBP=000000007fe69070 RSP=000000007fe69060
R8 =000000007fe6910c R9 =0000000000006010 R10=0000000000000000 R11=0000000000000001
R12=0000000000000000 R13=0000000000000000 R14=000000007e594d18 R15=0000000000000002
RIP=000000007eb3cf04 RFL=00000206 [-----P-] CPL=0 II=0 A20=1 SMM=0 HLT=0
ES =0030 0000000000000000 ffffffff 00cf9300 DPL=0 DS   [-WA]
CS =0038 0000000000000000 ffffffff 00af9a00 DPL=0 CS64 [-R-]
SS =0030 0000000000000000 ffffffff 00cf9300 DPL=0 DS   [-WA]
DS =0030 0000000000000000 ffffffff 00cf9300 DPL=0 DS   [-WA]
FS =0030 0000000000000000 ffffffff 00cf9300 DPL=0 DS   [-WA]
GS =0030 0000000000000000 ffffffff 00cf9300 DPL=0 DS   [-WA]
LDT=0000 0000000000000000 0000ffff 00008200 DPL=0 LDT
TR =0048 000000007f5da058 00000067 00008900 DPL=0 TSS64-avl
GDT=     000000007f5da000 00000057
IDT=     000000007bb7af58 00000fff
CR0=80010033 CR2=0000000000000000 CR3=000000007f801000 CR4=00000668
DR0=0000000000000000 DR1=0000000000000000 DR2=0000000000000000 DR3=0000000000000000 
DR6=00000000ffff0ff0 DR7=0000000000000400
CCS=0000000000000004 CCD=0000000000000006 CCO=EFLAGS
EFER=0000000000000d00
Servicing hardware INT=0x20
   265: v=20 e=0000 i=0 cpl=0 IP=0038:000000007eb3cf04 pc=000000007eb3cf04 SP=0030:000000007fe68e40 env->regs[R_EAX]=0000000000000000
RAX=0000000000000000 RBX=0000000000f3d23e RCX=0000000000000608 RDX=0000000000f3d23e
RSI=000000007dd77000 RDI=0000000000000007 RBP=000000007fe68e50 RSP=000000007fe68e40
R8 =000000007fe68eec R9 =0000000000006010 R10=0000000000000000 R11=0000000000000001
R12=0000000000000000 R13=0000000000000000 R14=000000007e594d18 R15=0000000000000002
RIP=000000007eb3cf04 RFL=00000246 [---Z-P-] CPL=0 II=0 A20=1 SMM=0 HLT=0
ES =0030 0000000000000000 ffffffff 00cf9300 DPL=0 DS   [-WA]
CS =0038 0000000000000000 ffffffff 00af9a00 DPL=0 CS64 [-R-]
SS =0030 0000000000000000 ffffffff 00cf9300 DPL=0 DS   [-WA]
DS =0030 0000000000000000 ffffffff 00cf9300 DPL=0 DS   [-WA]
FS =0030 0000000000000000 ffffffff 00cf9300 DPL=0 DS   [-WA]
GS =0030 0000000000000000 ffffffff 00cf9300 DPL=0 DS   [-WA]
LDT=0000 0000000000000000 0000ffff 00008200 DPL=0 LDT
TR =0048 000000007f5da058 00000067 00008900 DPL=0 TSS64-avl
GDT=     000000007f5da000 00000057
IDT=     000000007bb7af58 00000fff
CR0=80010033 CR2=0000000000000000 CR3=000000007f801000 CR4=00000668
DR0=0000000000000000 DR1=0000000000000000 DR2=0000000000000000 DR3=0000000000000000 
DR6=00000000ffff0ff0 DR7=0000000000000400
CCS=0000000000000044 CCD=0000000000000000 CCO=EFLAGS
EFER=0000000000000d00
Servicing hardware INT=0x20
   266: v=20 e=0000 i=0 cpl=0 IP=0038:000000007eb3cf04 pc=000000007eb3cf04 SP=0030:000000007fe68e40 env->regs[R_EAX]=0000000000000002
RAX=0000000000000002 RBX=0000000000f45faf RCX=0000000000000608 RDX=0000000000f45fad
RSI=000000007dd74000 RDI=0000000000000007 RBP=000000007fe68e50 RSP=000000007fe68e40
R8 =000000007fe68eec R9 =0000000000006010 R10=0000000000000000 R11=0000000000000001
R12=0000000000000000 R13=0000000000000000 R14=000000007e594d18 R15=0000000000000002
RIP=000000007eb3cf04 RFL=00000202 [-------] CPL=0 II=0 A20=1 SMM=0 HLT=0
ES =0030 0000000000000000 ffffffff 00cf9300 DPL=0 DS   [-WA]
CS =0038 0000000000000000 ffffffff 00af9a00 DPL=0 CS64 [-R-]
SS =0030 0000000000000000 ffffffff 00cf9300 DPL=0 DS   [-WA]
DS =0030 0000000000000000 ffffffff 00cf9300 DPL=0 DS   [-WA]
FS =0030 0000000000000000 ffffffff 00cf9300 DPL=0 DS   [-WA]
GS =0030 0000000000000000 ffffffff 00cf9300 DPL=0 DS   [-WA]
LDT=0000 0000000000000000 0000ffff 00008200 DPL=0 LDT
TR =0048 000000007f5da058 00000067 00008900 DPL=0 TSS64-avl
GDT=     000000007f5da000 00000057
IDT=     000000007bb7af58 00000fff
CR0=80010033 CR2=0000000000000000 CR3=000000007f801000 CR4=00000668
DR0=0000000000000000 DR1=0000000000000000 DR2=0000000000000000 DR3=0000000000000000 
DR6=00000000ffff0ff0 DR7=0000000000000400
CCS=0000000000000000 CCD=0000000000000002 CCO=EFLAGS
EFER=0000000000000d00
Servicing hardware INT=0x20
   267: v=20 e=0000 i=0 cpl=0 IP=0038:000000007eb3cf04 pc=000000007eb3cf04 SP=0030:000000007fe68e10 env->regs[R_EAX]=0000000000000005
RAX=0000000000000005 RBX=0000000000f4eba9 RCX=0000000000000608 RDX=0000000000f4eba4
RSI=000000007dd72000 RDI=0000000000000007 RBP=000000007fe68e20 RSP=000000007fe68e10
R8 =000000007fe68ebc R9 =0000000000006010 R10=0000000000000000 R11=0000000000000001
R12=0000000000000000 R13=0000000000000000 R14=000000007e594d18 R15=0000000000000002
RIP=000000007eb3cf04 RFL=00000206 [-----P-] CPL=0 II=0 A20=1 SMM=0 HLT=0
ES =0030 0000000000000000 ffffffff 00cf9300 DPL=0 DS   [-WA]
CS =0038 0000000000000000 ffffffff 00af9a00 DPL=0 CS64 [-R-]
SS =0030 0000000000000000 ffffffff 00cf9300 DPL=0 DS   [-WA]
DS =0030 0000000000000000 ffffffff 00cf9300 DPL=0 DS   [-WA]
FS =0030 0000000000000000 ffffffff 00cf9300 DPL=0 DS   [-WA]
GS =0030 0000000000000000 ffffffff 00cf9300 DPL=0 DS   [-WA]
LDT=0000 0000000000000000 0000ffff 00008200 DPL=0 LDT
TR =0048 000000007f5da058 00000067 00008900 DPL=0 TSS64-avl
GDT=     000000007f5da000 00000057
IDT=     000000007bb7af58 00000fff
CR0=80010033 CR2=0000000000000000 CR3=000000007f801000 CR4=00000668
DR0=0000000000000000 DR1=0000000000000000 DR2=0000000000000000 DR3=0000000000000000 
DR6=00000000ffff0ff0 DR7=0000000000000400
CCS=0000000000000004 CCD=0000000000000005 CCO=EFLAGS
EFER=0000000000000d00
Servicing hardware INT=0x20
   268: v=20 e=0000 i=0 cpl=0 IP=0038:000000007eb3cf04 pc=000000007eb3cf04 SP=0030:000000007fe68e40 env->regs[R_EAX]=0000000000000006
RAX=0000000000000006 RBX=0000000000f57757 RCX=0000000000000608 RDX=0000000000f57751
RSI=000000007dd6b000 RDI=0000000000000007 RBP=000000007fe68e50 RSP=000000007fe68e40
R8 =000000007fe68eec R9 =0000000000006010 R10=0000000000000000 R11=0000000000000001
R12=0000000000000000 R13=0000000000000000 R14=000000007e594d18 R15=0000000000000002
RIP=000000007eb3cf04 RFL=00000206 [-----P-] CPL=0 II=0 A20=1 SMM=0 HLT=0
ES =0030 0000000000000000 ffffffff 00cf9300 DPL=0 DS   [-WA]
CS =0038 0000000000000000 ffffffff 00af9a00 DPL=0 CS64 [-R-]
SS =0030 0000000000000000 ffffffff 00cf9300 DPL=0 DS   [-WA]
DS =0030 0000000000000000 ffffffff 00cf9300 DPL=0 DS   [-WA]
FS =0030 0000000000000000 ffffffff 00cf9300 DPL=0 DS   [-WA]
GS =0030 0000000000000000 ffffffff 00cf9300 DPL=0 DS   [-WA]
LDT=0000 0000000000000000 0000ffff 00008200 DPL=0 LDT
TR =0048 000000007f5da058 00000067 00008900 DPL=0 TSS64-avl
GDT=     000000007f5da000 00000057
IDT=     000000007bb7af58 00000fff
CR0=80010033 CR2=0000000000000000 CR3=000000007f801000 CR4=00000668
DR0=0000000000000000 DR1=0000000000000000 DR2=0000000000000000 DR3=0000000000000000 
DR6=00000000ffff0ff0 DR7=0000000000000400
CCS=0000000000000004 CCD=0000000000000006 CCO=EFLAGS
EFER=0000000000000d00
Servicing hardware INT=0x20
   269: v=20 e=0000 i=0 cpl=0 IP=0038:000000007eb3cf04 pc=000000007eb3cf04 SP=0030:000000007fe68e50 env->regs[R_EAX]=0000000000000006
RAX=0000000000000006 RBX=0000000000f6032b RCX=0000000000000608 RDX=0000000000f60325
RSI=000000007dd69000 RDI=0000000000000007 RBP=000000007fe68e60 RSP=000000007fe68e50
R8 =000000007fe68efc R9 =0000000000006010 R10=0000000000000000 R11=0000000000000001
R12=0000000000000000 R13=0000000000000000 R14=000000007e594d18 R15=0000000000000002
RIP=000000007eb3cf04 RFL=00000206 [-----P-] CPL=0 II=0 A20=1 SMM=0 HLT=0
ES =0030 0000000000000000 ffffffff 00cf9300 DPL=0 DS   [-WA]
CS =0038 0000000000000000 ffffffff 00af9a00 DPL=0 CS64 [-R-]
SS =0030 0000000000000000 ffffffff 00cf9300 DPL=0 DS   [-WA]
DS =0030 0000000000000000 ffffffff 00cf9300 DPL=0 DS   [-WA]
FS =0030 0000000000000000 ffffffff 00cf9300 DPL=0 DS   [-WA]
GS =0030 0000000000000000 ffffffff 00cf9300 DPL=0 DS   [-WA]
LDT=0000 0000000000000000 0000ffff 00008200 DPL=0 LDT
TR =0048 000000007f5da058 00000067 00008900 DPL=0 TSS64-avl
GDT=     000000007f5da000 00000057
IDT=     000000007bb7af58 00000fff
CR0=80010033 CR2=0000000000000000 CR3=000000007f801000 CR4=00000668
DR0=0000000000000000 DR1=0000000000000000 DR2=0000000000000000 DR3=0000000000000000 
DR6=00000000ffff0ff0 DR7=0000000000000400
CCS=0000000000000004 CCD=0000000000000006 CCO=EFLAGS
EFER=0000000000000d00
Servicing hardware INT=0x20
   270: v=20 e=0000 i=0 cpl=0 IP=0038:000000007eb3cf04 pc=000000007eb3cf04 SP=0030:000000007fe68e50 env->regs[R_EAX]=0000000000000005
RAX=0000000000000005 RBX=0000000000f68f18 RCX=0000000000000608 RDX=0000000000f68f13
RSI=000000007dd67000 RDI=0000000000000007 RBP=000000007fe68e60 RSP=000000007fe68e50
R8 =000000007fe68efc R9 =0000000000006010 R10=0000000000000000 R11=0000000000000001
R12=0000000000000000 R13=0000000000000000 R14=000000007e594d18 R15=0000000000000002
RIP=000000007eb3cf04 RFL=00000206 [-----P-] CPL=0 II=0 A20=1 SMM=0 HLT=0
ES =0030 0000000000000000 ffffffff 00cf9300 DPL=0 DS   [-WA]
CS =0038 0000000000000000 ffffffff 00af9a00 DPL=0 CS64 [-R-]
SS =0030 0000000000000000 ffffffff 00cf9300 DPL=0 DS   [-WA]
DS =0030 0000000000000000 ffffffff 00cf9300 DPL=0 DS   [-WA]
FS =0030 0000000000000000 ffffffff 00cf9300 DPL=0 DS   [-WA]
GS =0030 0000000000000000 ffffffff 00cf9300 DPL=0 DS   [-WA]
LDT=0000 0000000000000000 0000ffff 00008200 DPL=0 LDT
TR =0048 000000007f5da058 00000067 00008900 DPL=0 TSS64-avl
GDT=     000000007f5da000 00000057
IDT=     000000007bb7af58 00000fff
CR0=80010033 CR2=0000000000000000 CR3=000000007f801000 CR4=00000668
DR0=0000000000000000 DR1=0000000000000000 DR2=0000000000000000 DR3=0000000000000000 
DR6=00000000ffff0ff0 DR7=0000000000000400
CCS=0000000000000004 CCD=0000000000000005 CCO=EFLAGS
EFER=0000000000000d00
Servicing hardware INT=0x20
   271: v=20 e=0000 i=0 cpl=0 IP=0038:000000007eb3cf04 pc=000000007eb3cf04 SP=0030:000000007fe68e40 env->regs[R_EAX]=0000000000000006
RAX=0000000000000006 RBX=0000000000f71bfe RCX=0000000000000608 RDX=0000000000f71bf8
RSI=000000007dd60000 RDI=0000000000000007 RBP=000000007fe68e50 RSP=000000007fe68e40
R8 =000000007fe68eec R9 =0000000000006010 R10=0000000000000000 R11=0000000000000001
R12=0000000000000000 R13=0000000000000000 R14=000000007e594d18 R15=0000000000000002
RIP=000000007eb3cf04 RFL=00000206 [-----P-] CPL=0 II=0 A20=1 SMM=0 HLT=0
ES =0030 0000000000000000 ffffffff 00cf9300 DPL=0 DS   [-WA]
CS =0038 0000000000000000 ffffffff 00af9a00 DPL=0 CS64 [-R-]
SS =0030 0000000000000000 ffffffff 00cf9300 DPL=0 DS   [-WA]
DS =0030 0000000000000000 ffffffff 00cf9300 DPL=0 DS   [-WA]
FS =0030 0000000000000000 ffffffff 00cf9300 DPL=0 DS   [-WA]
GS =0030 0000000000000000 ffffffff 00cf9300 DPL=0 DS   [-WA]
LDT=0000 0000000000000000 0000ffff 00008200 DPL=0 LDT
TR =0048 000000007f5da058 00000067 00008900 DPL=0 TSS64-avl
GDT=     000000007f5da000 00000057
IDT=     000000007bb7af58 00000fff
CR0=80010033 CR2=0000000000000000 CR3=000000007f801000 CR4=00000668
DR0=0000000000000000 DR1=0000000000000000 DR2=0000000000000000 DR3=0000000000000000 
DR6=00000000ffff0ff0 DR7=0000000000000400
CCS=0000000000000004 CCD=0000000000000006 CCO=EFLAGS
EFER=0000000000000d00
Servicing hardware INT=0x20
   272: v=20 e=0000 i=0 cpl=0 IP=0038:000000007eb3cf04 pc=000000007eb3cf04 SP=0030:000000007fe68e10 env->regs[R_EAX]=000000000000006e
RAX=000000000000006e RBX=0000000000f7a5d9 RCX=0000000000000608 RDX=0000000000f7a56b
RSI=000000007dd5d000 RDI=0000000000000072 RBP=000000007fe68e20 RSP=000000007fe68e10
R8 =000000007fe68ebc R9 =0000000000006010 R10=0000000000000000 R11=0000000000000001
R12=0000000000000000 R13=0000000000000000 R14=000000007e594d18 R15=0000000000000020
RIP=000000007eb3cf04 RFL=00000202 [-------] CPL=0 II=0 A20=1 SMM=0 HLT=0
ES =0030 0000000000000000 ffffffff 00cf9300 DPL=0 DS   [-WA]
CS =0038 0000000000000000 ffffffff 00af9a00 DPL=0 CS64 [-R-]
SS =0030 0000000000000000 ffffffff 00cf9300 DPL=0 DS   [-WA]
DS =0030 0000000000000000 ffffffff 00cf9300 DPL=0 DS   [-WA]
FS =0030 0000000000000000 ffffffff 00cf9300 DPL=0 DS   [-WA]
GS =0030 0000000000000000 ffffffff 00cf9300 DPL=0 DS   [-WA]
LDT=0000 0000000000000000 0000ffff 00008200 DPL=0 LDT
TR =0048 000000007f5da058 00000067 00008900 DPL=0 TSS64-avl
GDT=     000000007f5da000 00000057
IDT=     000000007bb7af58 00000fff
CR0=80010033 CR2=0000000000000000 CR3=000000007f801000 CR4=00000668
DR0=0000000000000000 DR1=0000000000000000 DR2=0000000000000000 DR3=0000000000000000 
DR6=00000000ffff0ff0 DR7=0000000000000400
CCS=0000000000000000 CCD=000000000000006e CCO=EFLAGS
EFER=0000000000000d00
Servicing hardware INT=0x20
   273: v=20 e=0000 i=0 cpl=0 IP=0038:000000007eb3cf04 pc=000000007eb3cf04 SP=0030:000000007fe68e40 env->regs[R_EAX]=0000000000000014
RAX=0000000000000014 RBX=0000000000f8313f RCX=0000000000000608 RDX=0000000000f8312b
RSI=000000007dd5b000 RDI=0000000000000039 RBP=000000007fe68e50 RSP=000000007fe68e40
R8 =000000007fe68eec R9 =0000000000006010 R10=0000000000000000 R11=0000000000000001
R12=0000000000000000 R13=0000000000000000 R14=000000007e594d18 R15=0000000000000010
RIP=000000007eb3cf04 RFL=00000206 [-----P-] CPL=0 II=0 A20=1 SMM=0 HLT=0
ES =0030 0000000000000000 ffffffff 00cf9300 DPL=0 DS   [-WA]
CS =0038 0000000000000000 ffffffff 00af9a00 DPL=0 CS64 [-R-]
SS =0030 0000000000000000 ffffffff 00cf9300 DPL=0 DS   [-WA]
DS =0030 0000000000000000 ffffffff 00cf9300 DPL=0 DS   [-WA]
FS =0030 0000000000000000 ffffffff 00cf9300 DPL=0 DS   [-WA]
GS =0030 0000000000000000 ffffffff 00cf9300 DPL=0 DS   [-WA]
LDT=0000 0000000000000000 0000ffff 00008200 DPL=0 LDT
TR =0048 000000007f5da058 00000067 00008900 DPL=0 TSS64-avl
GDT=     000000007f5da000 00000057
IDT=     000000007bb7af58 00000fff
CR0=80010033 CR2=0000000000000000 CR3=000000007f801000 CR4=00000668
DR0=0000000000000000 DR1=0000000000000000 DR2=0000000000000000 DR3=0000000000000000 
DR6=00000000ffff0ff0 DR7=0000000000000400
CCS=0000000000000004 CCD=0000000000000014 CCO=EFLAGS
EFER=0000000000000d00
Servicing hardware INT=0x20
   274: v=20 e=0000 i=0 cpl=0 IP=0038:000000007eb3cf04 pc=000000007eb3cf04 SP=0030:000000007fe69030 env->regs[R_EAX]=000000000000006b
RAX=000000000000006b RBX=0000000000f8bdc0 RCX=0000000000000608 RDX=0000000000f8bd55
RSI=000000007dd53000 RDI=0000000000000072 RBP=000000007fe69040 RSP=000000007fe69030
R8 =000000007fe690dc R9 =0000000000006010 R10=0000000000000000 R11=0000000000000001
R12=0000000000000000 R13=0000000000000000 R14=000000007e594d18 R15=0000000000000020
RIP=000000007eb3cf04 RFL=00000202 [-------] CPL=0 II=0 A20=1 SMM=0 HLT=0
ES =0030 0000000000000000 ffffffff 00cf9300 DPL=0 DS   [-WA]
CS =0038 0000000000000000 ffffffff 00af9a00 DPL=0 CS64 [-R-]
SS =0030 0000000000000000 ffffffff 00cf9300 DPL=0 DS   [-WA]
DS =0030 0000000000000000 ffffffff 00cf9300 DPL=0 DS   [-WA]
FS =0030 0000000000000000 ffffffff 00cf9300 DPL=0 DS   [-WA]
GS =0030 0000000000000000 ffffffff 00cf9300 DPL=0 DS   [-WA]
LDT=0000 0000000000000000 0000ffff 00008200 DPL=0 LDT
TR =0048 000000007f5da058 00000067 00008900 DPL=0 TSS64-avl
GDT=     000000007f5da000 00000057
IDT=     000000007bb7af58 00000fff
CR0=80010033 CR2=0000000000000000 CR3=000000007f801000 CR4=00000668
DR0=0000000000000000 DR1=0000000000000000 DR2=0000000000000000 DR3=0000000000000000 
DR6=00000000ffff0ff0 DR7=0000000000000400
CCS=0000000000000000 CCD=000000000000006b CCO=EFLAGS
EFER=0000000000000d00
Servicing hardware INT=0x20
   275: v=20 e=0000 i=0 cpl=0 IP=0038:000000007eb3cf04 pc=000000007eb3cf04 SP=0030:000000007fe69030 env->regs[R_EAX]=0000000000000006
RAX=0000000000000006 RBX=0000000000f949b5 RCX=0000000000000608 RDX=0000000000f949af
RSI=000000007dd51000 RDI=0000000000000007 RBP=000000007fe69040 RSP=000000007fe69030
R8 =000000007fe690dc R9 =0000000000006010 R10=0000000000000000 R11=0000000000000001
R12=0000000000000000 R13=0000000000000000 R14=000000007e594d18 R15=0000000000000002
RIP=000000007eb3cf04 RFL=00000206 [-----P-] CPL=0 II=0 A20=1 SMM=0 HLT=0
ES =0030 0000000000000000 ffffffff 00cf9300 DPL=0 DS   [-WA]
CS =0038 0000000000000000 ffffffff 00af9a00 DPL=0 CS64 [-R-]
SS =0030 0000000000000000 ffffffff 00cf9300 DPL=0 DS   [-WA]
DS =0030 0000000000000000 ffffffff 00cf9300 DPL=0 DS   [-WA]
FS =0030 0000000000000000 ffffffff 00cf9300 DPL=0 DS   [-WA]
GS =0030 0000000000000000 ffffffff 00cf9300 DPL=0 DS   [-WA]
LDT=0000 0000000000000000 0000ffff 00008200 DPL=0 LDT
TR =0048 000000007f5da058 00000067 00008900 DPL=0 TSS64-avl
GDT=     000000007f5da000 00000057
IDT=     000000007bb7af58 00000fff
CR0=80010033 CR2=0000000000000000 CR3=000000007f801000 CR4=00000668
DR0=0000000000000000 DR1=0000000000000000 DR2=0000000000000000 DR3=0000000000000000 
DR6=00000000ffff0ff0 DR7=0000000000000400
CCS=0000000000000004 CCD=0000000000000006 CCO=EFLAGS
EFER=0000000000000d00
Servicing hardware INT=0x20
   276: v=20 e=0000 i=0 cpl=0 IP=0038:000000007eb3cf04 pc=000000007eb3cf04 SP=0030:000000007fe69030 env->regs[R_EAX]=0000000000000005
RAX=0000000000000005 RBX=0000000000f9d6ad RCX=0000000000000608 RDX=0000000000f9d6a8
RSI=000000007dd49000 RDI=0000000000000007 RBP=000000007fe69040 RSP=000000007fe69030
R8 =000000007fe690dc R9 =0000000000006010 R10=0000000000000000 R11=0000000000000001
R12=0000000000000000 R13=0000000000000000 R14=000000007e594d18 R15=0000000000000002
RIP=000000007eb3cf04 RFL=00000206 [-----P-] CPL=0 II=0 A20=1 SMM=0 HLT=0
ES =0030 0000000000000000 ffffffff 00cf9300 DPL=0 DS   [-WA]
CS =0038 0000000000000000 ffffffff 00af9a00 DPL=0 CS64 [-R-]
SS =0030 0000000000000000 ffffffff 00cf9300 DPL=0 DS   [-WA]
DS =0030 0000000000000000 ffffffff 00cf9300 DPL=0 DS   [-WA]
FS =0030 0000000000000000 ffffffff 00cf9300 DPL=0 DS   [-WA]
GS =0030 0000000000000000 ffffffff 00cf9300 DPL=0 DS   [-WA]
LDT=0000 0000000000000000 0000ffff 00008200 DPL=0 LDT
TR =0048 000000007f5da058 00000067 00008900 DPL=0 TSS64-avl
GDT=     000000007f5da000 00000057
IDT=     000000007bb7af58 00000fff
CR0=80010033 CR2=0000000000000000 CR3=000000007f801000 CR4=00000668
DR0=0000000000000000 DR1=0000000000000000 DR2=0000000000000000 DR3=0000000000000000 
DR6=00000000ffff0ff0 DR7=0000000000000400
CCS=0000000000000004 CCD=0000000000000005 CCO=EFLAGS
EFER=0000000000000d00
Servicing hardware INT=0x20
   277: v=20 e=0000 i=0 cpl=0 IP=0038:000000007eb3cf04 pc=000000007eb3cf04 SP=0030:000000007fe68e50 env->regs[R_EAX]=0000000000000007
RAX=0000000000000007 RBX=0000000000fa601e RCX=0000000000000608 RDX=0000000000fa6017
RSI=000000007dd47000 RDI=0000000000000007 RBP=000000007fe68e60 RSP=000000007fe68e50
R8 =000000007fe68efc R9 =0000000000006010 R10=0000000000000000 R11=0000000000000001
R12=0000000000000000 R13=0000000000000000 R14=000000007e594d18 R15=0000000000000002
RIP=000000007eb3cf04 RFL=00000202 [-------] CPL=0 II=0 A20=1 SMM=0 HLT=0
ES =0030 0000000000000000 ffffffff 00cf9300 DPL=0 DS   [-WA]
CS =0038 0000000000000000 ffffffff 00af9a00 DPL=0 CS64 [-R-]
SS =0030 0000000000000000 ffffffff 00cf9300 DPL=0 DS   [-WA]
DS =0030 0000000000000000 ffffffff 00cf9300 DPL=0 DS   [-WA]
FS =0030 0000000000000000 ffffffff 00cf9300 DPL=0 DS   [-WA]
GS =0030 0000000000000000 ffffffff 00cf9300 DPL=0 DS   [-WA]
LDT=0000 0000000000000000 0000ffff 00008200 DPL=0 LDT
TR =0048 000000007f5da058 00000067 00008900 DPL=0 TSS64-avl
GDT=     000000007f5da000 00000057
IDT=     000000007bb7af58 00000fff
CR0=80010033 CR2=0000000000000000 CR3=000000007f801000 CR4=00000668
DR0=0000000000000000 DR1=0000000000000000 DR2=0000000000000000 DR3=0000000000000000 
DR6=00000000ffff0ff0 DR7=0000000000000400
CCS=0000000000000000 CCD=0000000000000007 CCO=EFLAGS
EFER=0000000000000d00
Servicing hardware INT=0x20
   278: v=20 e=0000 i=0 cpl=0 IP=0038:000000007eb3cf04 pc=000000007eb3cf04 SP=0030:000000007fe69060 env->regs[R_EAX]=0000000000000054
RAX=0000000000000054 RBX=0000000000faecf6 RCX=0000000000000608 RDX=0000000000faeca2
RSI=000000007dd44000 RDI=0000000000000072 RBP=000000007fe69070 RSP=000000007fe69060
R8 =000000007fe6910c R9 =0000000000006010 R10=0000000000000000 R11=0000000000000001
R12=0000000000000000 R13=0000000000000000 R14=000000007e594d18 R15=0000000000000020
RIP=000000007eb3cf04 RFL=00000202 [-------] CPL=0 II=0 A20=1 SMM=0 HLT=0
ES =0030 0000000000000000 ffffffff 00cf9300 DPL=0 DS   [-WA]
CS =0038 0000000000000000 ffffffff 00af9a00 DPL=0 CS64 [-R-]
SS =0030 0000000000000000 ffffffff 00cf9300 DPL=0 DS   [-WA]
DS =0030 0000000000000000 ffffffff 00cf9300 DPL=0 DS   [-WA]
FS =0030 0000000000000000 ffffffff 00cf9300 DPL=0 DS   [-WA]
GS =0030 0000000000000000 ffffffff 00cf9300 DPL=0 DS   [-WA]
LDT=0000 0000000000000000 0000ffff 00008200 DPL=0 LDT
TR =0048 000000007f5da058 00000067 00008900 DPL=0 TSS64-avl
GDT=     000000007f5da000 00000057
IDT=     000000007bb7af58 00000fff
CR0=80010033 CR2=0000000000000000 CR3=000000007f801000 CR4=00000668
DR0=0000000000000000 DR1=0000000000000000 DR2=0000000000000000 DR3=0000000000000000 
DR6=00000000ffff0ff0 DR7=0000000000000400
CCS=0000000000000000 CCD=0000000000000054 CCO=EFLAGS
EFER=0000000000000d00
Servicing hardware INT=0x20
   279: v=20 e=0000 i=0 cpl=0 IP=0038:000000007eb3cf04 pc=000000007eb3cf04 SP=0030:000000007fe68e40 env->regs[R_EAX]=0000000000000004
RAX=0000000000000004 RBX=0000000000fb79ee RCX=0000000000000608 RDX=0000000000fb79ea
RSI=000000007dd3d000 RDI=0000000000000007 RBP=000000007fe68e50 RSP=000000007fe68e40
R8 =000000007fe68eec R9 =0000000000006010 R10=0000000000000000 R11=0000000000000001
R12=0000000000000000 R13=0000000000000000 R14=000000007e594d18 R15=0000000000000002
RIP=000000007eb3cf04 RFL=00000202 [-------] CPL=0 II=0 A20=1 SMM=0 HLT=0
ES =0030 0000000000000000 ffffffff 00cf9300 DPL=0 DS   [-WA]
CS =0038 0000000000000000 ffffffff 00af9a00 DPL=0 CS64 [-R-]
SS =0030 0000000000000000 ffffffff 00cf9300 DPL=0 DS   [-WA]
DS =0030 0000000000000000 ffffffff 00cf9300 DPL=0 DS   [-WA]
FS =0030 0000000000000000 ffffffff 00cf9300 DPL=0 DS   [-WA]
GS =0030 0000000000000000 ffffffff 00cf9300 DPL=0 DS   [-WA]
LDT=0000 0000000000000000 0000ffff 00008200 DPL=0 LDT
TR =0048 000000007f5da058 00000067 00008900 DPL=0 TSS64-avl
GDT=     000000007f5da000 00000057
IDT=     000000007bb7af58 00000fff
CR0=80010033 CR2=0000000000000000 CR3=000000007f801000 CR4=00000668
DR0=0000000000000000 DR1=0000000000000000 DR2=0000000000000000 DR3=0000000000000000 
DR6=00000000ffff0ff0 DR7=0000000000000400
CCS=0000000000000000 CCD=0000000000000004 CCO=EFLAGS
EFER=0000000000000d00
Servicing hardware INT=0x20
   280: v=20 e=0000 i=0 cpl=0 IP=0038:000000007eb3cf04 pc=000000007eb3cf04 SP=0030:000000007fe68e40 env->regs[R_EAX]=0000000000000004
RAX=0000000000000004 RBX=0000000000fc062e RCX=0000000000000608 RDX=0000000000fc062a
RSI=000000007dd3b000 RDI=0000000000000007 RBP=000000007fe68e50 RSP=000000007fe68e40
R8 =000000007fe68eec R9 =0000000000006010 R10=0000000000000000 R11=0000000000000001
R12=0000000000000000 R13=0000000000000000 R14=000000007e594d18 R15=0000000000000002
RIP=000000007eb3cf04 RFL=00000202 [-------] CPL=0 II=0 A20=1 SMM=0 HLT=0
ES =0030 0000000000000000 ffffffff 00cf9300 DPL=0 DS   [-WA]
CS =0038 0000000000000000 ffffffff 00af9a00 DPL=0 CS64 [-R-]
SS =0030 0000000000000000 ffffffff 00cf9300 DPL=0 DS   [-WA]
DS =0030 0000000000000000 ffffffff 00cf9300 DPL=0 DS   [-WA]
FS =0030 0000000000000000 ffffffff 00cf9300 DPL=0 DS   [-WA]
GS =0030 0000000000000000 ffffffff 00cf9300 DPL=0 DS   [-WA]
LDT=0000 0000000000000000 0000ffff 00008200 DPL=0 LDT
TR =0048 000000007f5da058 00000067 00008900 DPL=0 TSS64-avl
GDT=     000000007f5da000 00000057
IDT=     000000007bb7af58 00000fff
CR0=80010033 CR2=0000000000000000 CR3=000000007f801000 CR4=00000668
DR0=0000000000000000 DR1=0000000000000000 DR2=0000000000000000 DR3=0000000000000000 
DR6=00000000ffff0ff0 DR7=0000000000000400
CCS=0000000000000000 CCD=0000000000000004 CCO=EFLAGS
EFER=0000000000000d00
Servicing hardware INT=0x20
   281: v=20 e=0000 i=0 cpl=0 IP=0038:000000007eb3cf04 pc=000000007eb3cf04 SP=0030:000000007fe69080 env->regs[R_EAX]=000000000000000c
RAX=000000000000000c RBX=0000000000fc9033 RCX=0000000000000608 RDX=0000000000fc9027
RSI=000000007dd38000 RDI=000000000000000e RBP=000000007fe69090 RSP=000000007fe69080
R8 =000000007fe6912c R9 =0000000000006010 R10=0000000000000000 R11=0000000000000001
R12=0000000000000000 R13=0000000000000001 R14=000000007e594d18 R15=0000000000000004
RIP=000000007eb3cf04 RFL=00000206 [-----P-] CPL=0 II=0 A20=1 SMM=0 HLT=0
ES =0030 0000000000000000 ffffffff 00cf9300 DPL=0 DS   [-WA]
CS =0038 0000000000000000 ffffffff 00af9a00 DPL=0 CS64 [-R-]
SS =0030 0000000000000000 ffffffff 00cf9300 DPL=0 DS   [-WA]
DS =0030 0000000000000000 ffffffff 00cf9300 DPL=0 DS   [-WA]
FS =0030 0000000000000000 ffffffff 00cf9300 DPL=0 DS   [-WA]
GS =0030 0000000000000000 ffffffff 00cf9300 DPL=0 DS   [-WA]
LDT=0000 0000000000000000 0000ffff 00008200 DPL=0 LDT
TR =0048 000000007f5da058 00000067 00008900 DPL=0 TSS64-avl
GDT=     000000007f5da000 00000057
IDT=     000000007bb7af58 00000fff
CR0=80010033 CR2=0000000000000000 CR3=000000007f801000 CR4=00000668
DR0=0000000000000000 DR1=0000000000000000 DR2=0000000000000000 DR3=0000000000000000 
DR6=00000000ffff0ff0 DR7=0000000000000400
CCS=0000000000000004 CCD=000000000000000c CCO=EFLAGS
EFER=0000000000000d00
Servicing hardware INT=0x20
   282: v=20 e=0000 i=0 cpl=0 IP=0038:000000007eb3cf04 pc=000000007eb3cf04 SP=0030:000000007fe68e50 env->regs[R_EAX]=0000000000000006
RAX=0000000000000006 RBX=0000000000fd1daf RCX=0000000000000608 RDX=0000000000fd1da9
RSI=000000007dd32000 RDI=0000000000000007 RBP=000000007fe68e60 RSP=000000007fe68e50
R8 =000000007fe68efc R9 =0000000000006010 R10=0000000000000000 R11=0000000000000001
R12=0000000000000000 R13=0000000000000000 R14=000000007e594d18 R15=0000000000000002
RIP=000000007eb3cf04 RFL=00000206 [-----P-] CPL=0 II=0 A20=1 SMM=0 HLT=0
ES =0030 0000000000000000 ffffffff 00cf9300 DPL=0 DS   [-WA]
CS =0038 0000000000000000 ffffffff 00af9a00 DPL=0 CS64 [-R-]
SS =0030 0000000000000000 ffffffff 00cf9300 DPL=0 DS   [-WA]
DS =0030 0000000000000000 ffffffff 00cf9300 DPL=0 DS   [-WA]
FS =0030 0000000000000000 ffffffff 00cf9300 DPL=0 DS   [-WA]
GS =0030 0000000000000000 ffffffff 00cf9300 DPL=0 DS   [-WA]
LDT=0000 0000000000000000 0000ffff 00008200 DPL=0 LDT
TR =0048 000000007f5da058 00000067 00008900 DPL=0 TSS64-avl
GDT=     000000007f5da000 00000057
IDT=     000000007bb7af58 00000fff
CR0=80010033 CR2=0000000000000000 CR3=000000007f801000 CR4=00000668
DR0=0000000000000000 DR1=0000000000000000 DR2=0000000000000000 DR3=0000000000000000 
DR6=00000000ffff0ff0 DR7=0000000000000400
CCS=0000000000000004 CCD=0000000000000006 CCO=EFLAGS
EFER=0000000000000d00
Servicing hardware INT=0x20
   283: v=20 e=0000 i=0 cpl=0 IP=0038:000000007eb3cf04 pc=000000007eb3cf04 SP=0030:000000007fe68e50 env->regs[R_EAX]=0000000000000004
RAX=0000000000000004 RBX=0000000000fda804 RCX=0000000000000608 RDX=0000000000fda800
RSI=000000007dd2f000 RDI=0000000000000007 RBP=000000007fe68e60 RSP=000000007fe68e50
R8 =000000007fe68efc R9 =0000000000006010 R10=0000000000000000 R11=0000000000000001
R12=0000000000000000 R13=0000000000000000 R14=000000007e594d18 R15=0000000000000002
RIP=000000007eb3cf04 RFL=00000202 [-------] CPL=0 II=0 A20=1 SMM=0 HLT=0
ES =0030 0000000000000000 ffffffff 00cf9300 DPL=0 DS   [-WA]
CS =0038 0000000000000000 ffffffff 00af9a00 DPL=0 CS64 [-R-]
SS =0030 0000000000000000 ffffffff 00cf9300 DPL=0 DS   [-WA]
DS =0030 0000000000000000 ffffffff 00cf9300 DPL=0 DS   [-WA]
FS =0030 0000000000000000 ffffffff 00cf9300 DPL=0 DS   [-WA]
GS =0030 0000000000000000 ffffffff 00cf9300 DPL=0 DS   [-WA]
LDT=0000 0000000000000000 0000ffff 00008200 DPL=0 LDT
TR =0048 000000007f5da058 00000067 00008900 DPL=0 TSS64-avl
GDT=     000000007f5da000 00000057
IDT=     000000007bb7af58 00000fff
CR0=80010033 CR2=0000000000000000 CR3=000000007f801000 CR4=00000668
DR0=0000000000000000 DR1=0000000000000000 DR2=0000000000000000 DR3=0000000000000000 
DR6=00000000ffff0ff0 DR7=0000000000000400
CCS=0000000000000000 CCD=0000000000000004 CCO=EFLAGS
EFER=0000000000000d00
Servicing hardware INT=0x20
   284: v=20 e=0000 i=0 cpl=0 IP=0038:000000007eb3cf04 pc=000000007eb3cf04 SP=0030:000000007fe68e40 env->regs[R_EAX]=0000000000000007
RAX=0000000000000007 RBX=0000000000fe33ea RCX=0000000000000608 RDX=0000000000fe33e3
RSI=000000007dd2d000 RDI=0000000000000007 RBP=000000007fe68e50 RSP=000000007fe68e40
R8 =000000007fe68eec R9 =0000000000006010 R10=0000000000000000 R11=0000000000000001
R12=0000000000000000 R13=0000000000000000 R14=000000007e594d18 R15=0000000000000002
RIP=000000007eb3cf04 RFL=00000202 [-------] CPL=0 II=0 A20=1 SMM=0 HLT=0
ES =0030 0000000000000000 ffffffff 00cf9300 DPL=0 DS   [-WA]
CS =0038 0000000000000000 ffffffff 00af9a00 DPL=0 CS64 [-R-]
SS =0030 0000000000000000 ffffffff 00cf9300 DPL=0 DS   [-WA]
DS =0030 0000000000000000 ffffffff 00cf9300 DPL=0 DS   [-WA]
FS =0030 0000000000000000 ffffffff 00cf9300 DPL=0 DS   [-WA]
GS =0030 0000000000000000 ffffffff 00cf9300 DPL=0 DS   [-WA]
LDT=0000 0000000000000000 0000ffff 00008200 DPL=0 LDT
TR =0048 000000007f5da058 00000067 00008900 DPL=0 TSS64-avl
GDT=     000000007f5da000 00000057
IDT=     000000007bb7af58 00000fff
CR0=80010033 CR2=0000000000000000 CR3=000000007f801000 CR4=00000668
DR0=0000000000000000 DR1=0000000000000000 DR2=0000000000000000 DR3=0000000000000000 
DR6=00000000ffff0ff0 DR7=0000000000000400
CCS=0000000000000000 CCD=0000000000000007 CCO=EFLAGS
EFER=0000000000000d00
Servicing hardware INT=0x20
   285: v=20 e=0000 i=0 cpl=0 IP=0038:000000007eb3cf04 pc=000000007eb3cf04 SP=0030:000000007fe68e50 env->regs[R_EAX]=0000000000000019
RAX=0000000000000019 RBX=0000000000fecd43 RCX=0000000000000608 RDX=0000000000fecd2a
RSI=000000007dd25000 RDI=0000000000000039 RBP=000000007fe68e60 RSP=000000007fe68e50
R8 =000000007fe68efc R9 =0000000000006010 R10=0000000000000000 R11=0000000000000001
R12=0000000000000000 R13=0000000000000000 R14=000000007e594d18 R15=0000000000000010
RIP=000000007eb3cf04 RFL=00000202 [-------] CPL=0 II=0 A20=1 SMM=0 HLT=0
ES =0030 0000000000000000 ffffffff 00cf9300 DPL=0 DS   [-WA]
CS =0038 0000000000000000 ffffffff 00af9a00 DPL=0 CS64 [-R-]
SS =0030 0000000000000000 ffffffff 00cf9300 DPL=0 DS   [-WA]
DS =0030 0000000000000000 ffffffff 00cf9300 DPL=0 DS   [-WA]
FS =0030 0000000000000000 ffffffff 00cf9300 DPL=0 DS   [-WA]
GS =0030 0000000000000000 ffffffff 00cf9300 DPL=0 DS   [-WA]
LDT=0000 0000000000000000 0000ffff 00008200 DPL=0 LDT
TR =0048 000000007f5da058 00000067 00008900 DPL=0 TSS64-avl
GDT=     000000007f5da000 00000057
IDT=     000000007bb7af58 00000fff
CR0=80010033 CR2=0000000000000000 CR3=000000007f801000 CR4=00000668
DR0=0000000000000000 DR1=0000000000000000 DR2=0000000000000000 DR3=0000000000000000 
DR6=00000000ffff0ff0 DR7=0000000000000400
CCS=0000000000000000 CCD=0000000000000019 CCO=EFLAGS
EFER=0000000000000d00
Servicing hardware INT=0x20
   286: v=20 e=0000 i=0 cpl=0 IP=0038:000000007eb3cf04 pc=000000007eb3cf04 SP=0030:000000007fe68e10 env->regs[R_EAX]=000000000000006d
RAX=000000000000006d RBX=0000000000ff4d64 RCX=0000000000000608 RDX=0000000000ff4cf7
RSI=000000007dd24000 RDI=0000000000000072 RBP=000000007fe68e20 RSP=000000007fe68e10
R8 =000000007fe68ebc R9 =0000000000006010 R10=0000000000000000 R11=0000000000000001
R12=0000000000000000 R13=0000000000000000 R14=000000007e594d18 R15=0000000000000020
RIP=000000007eb3cf04 RFL=00000202 [-------] CPL=0 II=0 A20=1 SMM=0 HLT=0
ES =0030 0000000000000000 ffffffff 00cf9300 DPL=0 DS   [-WA]
CS =0038 0000000000000000 ffffffff 00af9a00 DPL=0 CS64 [-R-]
SS =0030 0000000000000000 ffffffff 00cf9300 DPL=0 DS   [-WA]
DS =0030 0000000000000000 ffffffff 00cf9300 DPL=0 DS   [-WA]
FS =0030 0000000000000000 ffffffff 00cf9300 DPL=0 DS   [-WA]
GS =0030 0000000000000000 ffffffff 00cf9300 DPL=0 DS   [-WA]
LDT=0000 0000000000000000 0000ffff 00008200 DPL=0 LDT
TR =0048 000000007f5da058 00000067 00008900 DPL=0 TSS64-avl
GDT=     000000007f5da000 00000057
IDT=     000000007bb7af58 00000fff
CR0=80010033 CR2=0000000000000000 CR3=000000007f801000 CR4=00000668
DR0=0000000000000000 DR1=0000000000000000 DR2=0000000000000000 DR3=0000000000000000 
DR6=00000000ffff0ff0 DR7=0000000000000400
CCS=0000000000000000 CCD=000000000000006d CCO=EFLAGS
EFER=0000000000000d00
Servicing hardware INT=0x20
   287: v=20 e=0000 i=0 cpl=0 IP=0038:000000007eb3cf04 pc=000000007eb3cf04 SP=0030:000000007fe68e50 env->regs[R_EAX]=000000000000000d
RAX=000000000000000d RBX=0000000000ffd77f RCX=0000000000000608 RDX=0000000000ffd772
RSI=000000007dd22000 RDI=0000000000000039 RBP=000000007fe68e60 RSP=000000007fe68e50
R8 =000000007fe68efc R9 =0000000000006010 R10=0000000000000000 R11=0000000000000001
R12=0000000000000000 R13=0000000000000000 R14=000000007e594d18 R15=0000000000000010
RIP=000000007eb3cf04 RFL=00000202 [-------] CPL=0 II=0 A20=1 SMM=0 HLT=0
ES =0030 0000000000000000 ffffffff 00cf9300 DPL=0 DS   [-WA]
CS =0038 0000000000000000 ffffffff 00af9a00 DPL=0 CS64 [-R-]
SS =0030 0000000000000000 ffffffff 00cf9300 DPL=0 DS   [-WA]
DS =0030 0000000000000000 ffffffff 00cf9300 DPL=0 DS   [-WA]
FS =0030 0000000000000000 ffffffff 00cf9300 DPL=0 DS   [-WA]
GS =0030 0000000000000000 ffffffff 00cf9300 DPL=0 DS   [-WA]
LDT=0000 0000000000000000 0000ffff 00008200 DPL=0 LDT
TR =0048 000000007f5da058 00000067 00008900 DPL=0 TSS64-avl
GDT=     000000007f5da000 00000057
IDT=     000000007bb7af58 00000fff
CR0=80010033 CR2=0000000000000000 CR3=000000007f801000 CR4=00000668
DR0=0000000000000000 DR1=0000000000000000 DR2=0000000000000000 DR3=0000000000000000 
DR6=00000000ffff0ff0 DR7=0000000000000400
CCS=0000000000000000 CCD=000000000000000d CCO=EFLAGS
EFER=0000000000000d00
Servicing hardware INT=0x20
   288: v=20 e=0000 i=0 cpl=0 IP=0038:000000007eb3cf04 pc=000000007eb3cf04 SP=0030:000000007fe68e40 env->regs[R_EAX]=0000000000000004
RAX=0000000000000004 RBX=0000000000006313 RCX=0000000000000608 RDX=000000000000630f
RSI=000000007dd1a000 RDI=0000000000000007 RBP=000000007fe68e50 RSP=000000007fe68e40
R8 =000000007fe68eec R9 =0000000000006010 R10=0000000000000000 R11=0000000000000001
R12=0000000000000000 R13=0000000000000000 R14=000000007e594d18 R15=0000000000000002
RIP=000000007eb3cf04 RFL=00000202 [-------] CPL=0 II=0 A20=1 SMM=0 HLT=0
ES =0030 0000000000000000 ffffffff 00cf9300 DPL=0 DS   [-WA]
CS =0038 0000000000000000 ffffffff 00af9a00 DPL=0 CS64 [-R-]
SS =0030 0000000000000000 ffffffff 00cf9300 DPL=0 DS   [-WA]
DS =0030 0000000000000000 ffffffff 00cf9300 DPL=0 DS   [-WA]
FS =0030 0000000000000000 ffffffff 00cf9300 DPL=0 DS   [-WA]
GS =0030 0000000000000000 ffffffff 00cf9300 DPL=0 DS   [-WA]
LDT=0000 0000000000000000 0000ffff 00008200 DPL=0 LDT
TR =0048 000000007f5da058 00000067 00008900 DPL=0 TSS64-avl
GDT=     000000007f5da000 00000057
IDT=     000000007bb7af58 00000fff
CR0=80010033 CR2=0000000000000000 CR3=000000007f801000 CR4=00000668
DR0=0000000000000000 DR1=0000000000000000 DR2=0000000000000000 DR3=0000000000000000 
DR6=00000000ffff0ff0 DR7=0000000000000400
CCS=0000000000000000 CCD=0000000000000004 CCO=EFLAGS
EFER=0000000000000d00
Servicing hardware INT=0x20
   289: v=20 e=0000 i=0 cpl=0 IP=0038:000000007eb3cf04 pc=000000007eb3cf04 SP=0030:000000007fe68e50 env->regs[R_EAX]=0000000000000006
RAX=0000000000000006 RBX=000000000000efed RCX=0000000000000608 RDX=000000000000efe7
RSI=000000007dd18000 RDI=0000000000000007 RBP=000000007fe68e60 RSP=000000007fe68e50
R8 =000000007fe68efc R9 =0000000000006010 R10=0000000000000000 R11=0000000000000001
R12=0000000000000000 R13=0000000000000000 R14=000000007e594d18 R15=0000000000000002
RIP=000000007eb3cf04 RFL=00000206 [-----P-] CPL=0 II=0 A20=1 SMM=0 HLT=0
ES =0030 0000000000000000 ffffffff 00cf9300 DPL=0 DS   [-WA]
CS =0038 0000000000000000 ffffffff 00af9a00 DPL=0 CS64 [-R-]
SS =0030 0000000000000000 ffffffff 00cf9300 DPL=0 DS   [-WA]
DS =0030 0000000000000000 ffffffff 00cf9300 DPL=0 DS   [-WA]
FS =0030 0000000000000000 ffffffff 00cf9300 DPL=0 DS   [-WA]
GS =0030 0000000000000000 ffffffff 00cf9300 DPL=0 DS   [-WA]
LDT=0000 0000000000000000 0000ffff 00008200 DPL=0 LDT
TR =0048 000000007f5da058 00000067 00008900 DPL=0 TSS64-avl
GDT=     000000007f5da000 00000057
IDT=     000000007bb7af58 00000fff
CR0=80010033 CR2=0000000000000000 CR3=000000007f801000 CR4=00000668
DR0=0000000000000000 DR1=0000000000000000 DR2=0000000000000000 DR3=0000000000000000 
DR6=00000000ffff0ff0 DR7=0000000000000400
CCS=0000000000000004 CCD=0000000000000006 CCO=EFLAGS
EFER=0000000000000d00
Servicing hardware INT=0x20
   290: v=20 e=0000 i=0 cpl=0 IP=0038:000000007eb3cf04 pc=000000007eb3cf04 SP=0030:000000007fe68e40 env->regs[R_EAX]=0000000000000006
RAX=0000000000000006 RBX=0000000000017cdf RCX=0000000000000608 RDX=0000000000017cd9
RSI=000000007dd16000 RDI=0000000000000007 RBP=000000007fe68e50 RSP=000000007fe68e40
R8 =000000007fe68eec R9 =0000000000006010 R10=0000000000000000 R11=0000000000000001
R12=0000000000000000 R13=0000000000000000 R14=000000007e594d18 R15=0000000000000002
RIP=000000007eb3cf04 RFL=00000206 [-----P-] CPL=0 II=0 A20=1 SMM=0 HLT=0
ES =0030 0000000000000000 ffffffff 00cf9300 DPL=0 DS   [-WA]
CS =0038 0000000000000000 ffffffff 00af9a00 DPL=0 CS64 [-R-]
SS =0030 0000000000000000 ffffffff 00cf9300 DPL=0 DS   [-WA]
DS =0030 0000000000000000 ffffffff 00cf9300 DPL=0 DS   [-WA]
FS =0030 0000000000000000 ffffffff 00cf9300 DPL=0 DS   [-WA]
GS =0030 0000000000000000 ffffffff 00cf9300 DPL=0 DS   [-WA]
LDT=0000 0000000000000000 0000ffff 00008200 DPL=0 LDT
TR =0048 000000007f5da058 00000067 00008900 DPL=0 TSS64-avl
GDT=     000000007f5da000 00000057
IDT=     000000007bb7af58 00000fff
CR0=80010033 CR2=0000000000000000 CR3=000000007f801000 CR4=00000668
DR0=0000000000000000 DR1=0000000000000000 DR2=0000000000000000 DR3=0000000000000000 
DR6=00000000ffff0ff0 DR7=0000000000000400
CCS=0000000000000004 CCD=0000000000000006 CCO=EFLAGS
EFER=0000000000000d00
Servicing hardware INT=0x20
   291: v=20 e=0000 i=0 cpl=0 IP=0038:000000007eb3cf04 pc=000000007eb3cf04 SP=0030:000000007fe69080 env->regs[R_EAX]=0000000000000005
RAX=0000000000000005 RBX=00000000000205cb RCX=0000000000000608 RDX=00000000000205c6
RSI=000000007dd0e000 RDI=0000000000000007 RBP=000000007fe69090 RSP=000000007fe69080
R8 =000000007fe6912c R9 =0000000000006010 R10=0000000000000000 R11=0000000000000001
R12=0000000000000000 R13=0000000000000001 R14=000000007e594d18 R15=0000000000000002
RIP=000000007eb3cf04 RFL=00000206 [-----P-] CPL=0 II=0 A20=1 SMM=0 HLT=0
ES =0030 0000000000000000 ffffffff 00cf9300 DPL=0 DS   [-WA]
CS =0038 0000000000000000 ffffffff 00af9a00 DPL=0 CS64 [-R-]
SS =0030 0000000000000000 ffffffff 00cf9300 DPL=0 DS   [-WA]
DS =0030 0000000000000000 ffffffff 00cf9300 DPL=0 DS   [-WA]
FS =0030 0000000000000000 ffffffff 00cf9300 DPL=0 DS   [-WA]
GS =0030 0000000000000000 ffffffff 00cf9300 DPL=0 DS   [-WA]
LDT=0000 0000000000000000 0000ffff 00008200 DPL=0 LDT
TR =0048 000000007f5da058 00000067 00008900 DPL=0 TSS64-avl
GDT=     000000007f5da000 00000057
IDT=     000000007bb7af58 00000fff
CR0=80010033 CR2=0000000000000000 CR3=000000007f801000 CR4=00000668
DR0=0000000000000000 DR1=0000000000000000 DR2=0000000000000000 DR3=0000000000000000 
DR6=00000000ffff0ff0 DR7=0000000000000400
CCS=0000000000000004 CCD=0000000000000005 CCO=EFLAGS
EFER=0000000000000d00
Servicing hardware INT=0x20
   292: v=20 e=0000 i=0 cpl=0 IP=0038:000000007eb3cf04 pc=000000007eb3cf04 SP=0030:000000007fe69080 env->regs[R_EAX]=0000000000000018
RAX=0000000000000018 RBX=000000000002936f RCX=0000000000000608 RDX=0000000000029357
RSI=000000007dd0b000 RDI=0000000000000039 RBP=000000007fe69090 RSP=000000007fe69080
R8 =000000007fe6912c R9 =0000000000006010 R10=0000000000000000 R11=0000000000000001
R12=0000000000000000 R13=0000000000000001 R14=000000007e594d18 R15=0000000000000010
RIP=000000007eb3cf04 RFL=00000206 [-----P-] CPL=0 II=0 A20=1 SMM=0 HLT=0
ES =0030 0000000000000000 ffffffff 00cf9300 DPL=0 DS   [-WA]
CS =0038 0000000000000000 ffffffff 00af9a00 DPL=0 CS64 [-R-]
SS =0030 0000000000000000 ffffffff 00cf9300 DPL=0 DS   [-WA]
DS =0030 0000000000000000 ffffffff 00cf9300 DPL=0 DS   [-WA]
FS =0030 0000000000000000 ffffffff 00cf9300 DPL=0 DS   [-WA]
GS =0030 0000000000000000 ffffffff 00cf9300 DPL=0 DS   [-WA]
LDT=0000 0000000000000000 0000ffff 00008200 DPL=0 LDT
TR =0048 000000007f5da058 00000067 00008900 DPL=0 TSS64-avl
GDT=     000000007f5da000 00000057
IDT=     000000007bb7af58 00000fff
CR0=80010033 CR2=0000000000000000 CR3=000000007f801000 CR4=00000668
DR0=0000000000000000 DR1=0000000000000000 DR2=0000000000000000 DR3=0000000000000000 
DR6=00000000ffff0ff0 DR7=0000000000000400
CCS=0000000000000004 CCD=0000000000000018 CCO=EFLAGS
EFER=0000000000000d00
Servicing hardware INT=0x20
   293: v=20 e=0000 i=0 cpl=0 IP=0038:000000007eb3cf04 pc=000000007eb3cf04 SP=0030:000000007fe68e10 env->regs[R_EAX]=0000000000000006
RAX=0000000000000006 RBX=00000000000320c1 RCX=0000000000000608 RDX=00000000000320bb
RSI=000000007dd05000 RDI=0000000000000007 RBP=000000007fe68e20 RSP=000000007fe68e10
R8 =000000007fe68ebc R9 =0000000000006010 R10=0000000000000000 R11=0000000000000001
R12=0000000000000000 R13=0000000000000000 R14=000000007e594d18 R15=0000000000000002
RIP=000000007eb3cf04 RFL=00000206 [-----P-] CPL=0 II=0 A20=1 SMM=0 HLT=0
ES =0030 0000000000000000 ffffffff 00cf9300 DPL=0 DS   [-WA]
CS =0038 0000000000000000 ffffffff 00af9a00 DPL=0 CS64 [-R-]
SS =0030 0000000000000000 ffffffff 00cf9300 DPL=0 DS   [-WA]
DS =0030 0000000000000000 ffffffff 00cf9300 DPL=0 DS   [-WA]
FS =0030 0000000000000000 ffffffff 00cf9300 DPL=0 DS   [-WA]
GS =0030 0000000000000000 ffffffff 00cf9300 DPL=0 DS   [-WA]
LDT=0000 0000000000000000 0000ffff 00008200 DPL=0 LDT
TR =0048 000000007f5da058 00000067 00008900 DPL=0 TSS64-avl
GDT=     000000007f5da000 00000057
IDT=     000000007bb7af58 00000fff
CR0=80010033 CR2=0000000000000000 CR3=000000007f801000 CR4=00000668
DR0=0000000000000000 DR1=0000000000000000 DR2=0000000000000000 DR3=0000000000000000 
DR6=00000000ffff0ff0 DR7=0000000000000400
CCS=0000000000000004 CCD=0000000000000006 CCO=EFLAGS
EFER=0000000000000d00
Servicing hardware INT=0x20
   294: v=20 e=0000 i=0 cpl=0 IP=0038:000000007eb3cf04 pc=000000007eb3cf04 SP=0030:000000007fe68e50 env->regs[R_EAX]=0000000000000006
RAX=0000000000000006 RBX=000000000003aa85 RCX=0000000000000608 RDX=000000000003aa7f
RSI=000000007dd03000 RDI=0000000000000007 RBP=000000007fe68e60 RSP=000000007fe68e50
R8 =000000007fe68efc R9 =0000000000006010 R10=0000000000000000 R11=0000000000000001
R12=0000000000000000 R13=0000000000000000 R14=000000007e594d18 R15=0000000000000002
RIP=000000007eb3cf04 RFL=00000206 [-----P-] CPL=0 II=0 A20=1 SMM=0 HLT=0
ES =0030 0000000000000000 ffffffff 00cf9300 DPL=0 DS   [-WA]
CS =0038 0000000000000000 ffffffff 00af9a00 DPL=0 CS64 [-R-]
SS =0030 0000000000000000 ffffffff 00cf9300 DPL=0 DS   [-WA]
DS =0030 0000000000000000 ffffffff 00cf9300 DPL=0 DS   [-WA]
FS =0030 0000000000000000 ffffffff 00cf9300 DPL=0 DS   [-WA]
GS =0030 0000000000000000 ffffffff 00cf9300 DPL=0 DS   [-WA]
LDT=0000 0000000000000000 0000ffff 00008200 DPL=0 LDT
TR =0048 000000007f5da058 00000067 00008900 DPL=0 TSS64-avl
GDT=     000000007f5da000 00000057
IDT=     000000007bb7af58 00000fff
CR0=80010033 CR2=0000000000000000 CR3=000000007f801000 CR4=00000668
DR0=0000000000000000 DR1=0000000000000000 DR2=0000000000000000 DR3=0000000000000000 
DR6=00000000ffff0ff0 DR7=0000000000000400
CCS=0000000000000004 CCD=0000000000000006 CCO=EFLAGS
EFER=0000000000000d00
Servicing hardware INT=0x20
   295: v=20 e=0000 i=0 cpl=0 IP=0038:000000007eb3cf04 pc=000000007eb3cf04 SP=0030:000000007fe68e10 env->regs[R_EAX]=0000000000000008
RAX=0000000000000008 RBX=000000000004354f RCX=0000000000000608 RDX=0000000000043547
RSI=000000007dd01000 RDI=0000000000000039 RBP=000000007fe68e20 RSP=000000007fe68e10
R8 =000000007fe68ebc R9 =0000000000006010 R10=0000000000000000 R11=0000000000000001
R12=0000000000000000 R13=0000000000000000 R14=000000007e594d18 R15=0000000000000010
RIP=000000007eb3cf04 RFL=00000202 [-------] CPL=0 II=0 A20=1 SMM=0 HLT=0
ES =0030 0000000000000000 ffffffff 00cf9300 DPL=0 DS   [-WA]
CS =0038 0000000000000000 ffffffff 00af9a00 DPL=0 CS64 [-R-]
SS =0030 0000000000000000 ffffffff 00cf9300 DPL=0 DS   [-WA]
DS =0030 0000000000000000 ffffffff 00cf9300 DPL=0 DS   [-WA]
FS =0030 0000000000000000 ffffffff 00cf9300 DPL=0 DS   [-WA]
GS =0030 0000000000000000 ffffffff 00cf9300 DPL=0 DS   [-WA]
LDT=0000 0000000000000000 0000ffff 00008200 DPL=0 LDT
TR =0048 000000007f5da058 00000067 00008900 DPL=0 TSS64-avl
GDT=     000000007f5da000 00000057
IDT=     000000007bb7af58 00000fff
CR0=80010033 CR2=0000000000000000 CR3=000000007f801000 CR4=00000668
DR0=0000000000000000 DR1=0000000000000000 DR2=0000000000000000 DR3=0000000000000000 
DR6=00000000ffff0ff0 DR7=0000000000000400
CCS=0000000000000000 CCD=0000000000000008 CCO=EFLAGS
EFER=0000000000000d00
Servicing hardware INT=0x20
   296: v=20 e=0000 i=0 cpl=0 IP=0038:000000007eb3cf04 pc=000000007eb3cf04 SP=0030:000000007fe69080 env->regs[R_EAX]=0000000000000006
RAX=0000000000000006 RBX=000000000004c288 RCX=0000000000000608 RDX=000000000004c282
RSI=000000007dcf9000 RDI=0000000000000007 RBP=000000007fe69090 RSP=000000007fe69080
R8 =000000007fe6912c R9 =0000000000006010 R10=0000000000000000 R11=0000000000000001
R12=0000000000000000 R13=0000000000000001 R14=000000007e594d18 R15=0000000000000002
RIP=000000007eb3cf04 RFL=00000206 [-----P-] CPL=0 II=0 A20=1 SMM=0 HLT=0
ES =0030 0000000000000000 ffffffff 00cf9300 DPL=0 DS   [-WA]
CS =0038 0000000000000000 ffffffff 00af9a00 DPL=0 CS64 [-R-]
SS =0030 0000000000000000 ffffffff 00cf9300 DPL=0 DS   [-WA]
DS =0030 0000000000000000 ffffffff 00cf9300 DPL=0 DS   [-WA]
FS =0030 0000000000000000 ffffffff 00cf9300 DPL=0 DS   [-WA]
GS =0030 0000000000000000 ffffffff 00cf9300 DPL=0 DS   [-WA]
LDT=0000 0000000000000000 0000ffff 00008200 DPL=0 LDT
TR =0048 000000007f5da058 00000067 00008900 DPL=0 TSS64-avl
GDT=     000000007f5da000 00000057
IDT=     000000007bb7af58 00000fff
CR0=80010033 CR2=0000000000000000 CR3=000000007f801000 CR4=00000668
DR0=0000000000000000 DR1=0000000000000000 DR2=0000000000000000 DR3=0000000000000000 
DR6=00000000ffff0ff0 DR7=0000000000000400
CCS=0000000000000004 CCD=0000000000000006 CCO=EFLAGS
EFER=0000000000000d00
Servicing hardware INT=0x20
   297: v=20 e=0000 i=0 cpl=0 IP=0038:000000007eb3cf04 pc=000000007eb3cf04 SP=0030:000000007fe69030 env->regs[R_EAX]=0000000000000005
RAX=0000000000000005 RBX=0000000000054cea RCX=0000000000000608 RDX=0000000000054ce5
RSI=000000007dcf7000 RDI=0000000000000007 RBP=000000007fe69040 RSP=000000007fe69030
R8 =000000007fe690dc R9 =0000000000006010 R10=0000000000000000 R11=0000000000000001
R12=0000000000000000 R13=0000000000000000 R14=000000007e594d18 R15=0000000000000002
RIP=000000007eb3cf04 RFL=00000206 [-----P-] CPL=0 II=0 A20=1 SMM=0 HLT=0
ES =0030 0000000000000000 ffffffff 00cf9300 DPL=0 DS   [-WA]
CS =0038 0000000000000000 ffffffff 00af9a00 DPL=0 CS64 [-R-]
SS =0030 0000000000000000 ffffffff 00cf9300 DPL=0 DS   [-WA]
DS =0030 0000000000000000 ffffffff 00cf9300 DPL=0 DS   [-WA]
FS =0030 0000000000000000 ffffffff 00cf9300 DPL=0 DS   [-WA]
GS =0030 0000000000000000 ffffffff 00cf9300 DPL=0 DS   [-WA]
LDT=0000 0000000000000000 0000ffff 00008200 DPL=0 LDT
TR =0048 000000007f5da058 00000067 00008900 DPL=0 TSS64-avl
GDT=     000000007f5da000 00000057
IDT=     000000007bb7af58 00000fff
CR0=80010033 CR2=0000000000000000 CR3=000000007f801000 CR4=00000668
DR0=0000000000000000 DR1=0000000000000000 DR2=0000000000000000 DR3=0000000000000000 
DR6=00000000ffff0ff0 DR7=0000000000000400
CCS=0000000000000004 CCD=0000000000000005 CCO=EFLAGS
EFER=0000000000000d00
Servicing hardware INT=0x20
   298: v=20 e=0000 i=0 cpl=0 IP=0038:000000007eb3cf04 pc=000000007eb3cf04 SP=0030:000000007fe68e50 env->regs[R_EAX]=0000000000000005
RAX=0000000000000005 RBX=000000000005dba1 RCX=0000000000000608 RDX=000000000005db9c
RSI=000000007dcf5000 RDI=0000000000000007 RBP=000000007fe68e60 RSP=000000007fe68e50
R8 =000000007fe68efc R9 =0000000000006010 R10=0000000000000000 R11=0000000000000001
R12=0000000000000000 R13=0000000000000000 R14=000000007e594d18 R15=0000000000000002
RIP=000000007eb3cf04 RFL=00000206 [-----P-] CPL=0 II=0 A20=1 SMM=0 HLT=0
ES =0030 0000000000000000 ffffffff 00cf9300 DPL=0 DS   [-WA]
CS =0038 0000000000000000 ffffffff 00af9a00 DPL=0 CS64 [-R-]
SS =0030 0000000000000000 ffffffff 00cf9300 DPL=0 DS   [-WA]
DS =0030 0000000000000000 ffffffff 00cf9300 DPL=0 DS   [-WA]
FS =0030 0000000000000000 ffffffff 00cf9300 DPL=0 DS   [-WA]
GS =0030 0000000000000000 ffffffff 00cf9300 DPL=0 DS   [-WA]
LDT=0000 0000000000000000 0000ffff 00008200 DPL=0 LDT
TR =0048 000000007f5da058 00000067 00008900 DPL=0 TSS64-avl
GDT=     000000007f5da000 00000057
IDT=     000000007bb7af58 00000fff
CR0=80010033 CR2=0000000000000000 CR3=000000007f801000 CR4=00000668
DR0=0000000000000000 DR1=0000000000000000 DR2=0000000000000000 DR3=0000000000000000 
DR6=00000000ffff0ff0 DR7=0000000000000400
CCS=0000000000000004 CCD=0000000000000005 CCO=EFLAGS
EFER=0000000000000d00
Servicing hardware INT=0x20
   299: v=20 e=0000 i=0 cpl=0 IP=0038:000000007eb3cf04 pc=000000007eb3cf04 SP=0030:000000007fe68e40 env->regs[R_EAX]=0000000000000004
RAX=0000000000000004 RBX=00000000000664d5 RCX=0000000000000608 RDX=00000000000664d1
RSI=000000007dcee000 RDI=0000000000000007 RBP=000000007fe68e50 RSP=000000007fe68e40
R8 =000000007fe68eec R9 =0000000000006010 R10=0000000000000000 R11=0000000000000001
R12=0000000000000000 R13=0000000000000000 R14=000000007e594d18 R15=0000000000000002
RIP=000000007eb3cf04 RFL=00000202 [-------] CPL=0 II=0 A20=1 SMM=0 HLT=0
ES =0030 0000000000000000 ffffffff 00cf9300 DPL=0 DS   [-WA]
CS =0038 0000000000000000 ffffffff 00af9a00 DPL=0 CS64 [-R-]
SS =0030 0000000000000000 ffffffff 00cf9300 DPL=0 DS   [-WA]
DS =0030 0000000000000000 ffffffff 00cf9300 DPL=0 DS   [-WA]
FS =0030 0000000000000000 ffffffff 00cf9300 DPL=0 DS   [-WA]
GS =0030 0000000000000000 ffffffff 00cf9300 DPL=0 DS   [-WA]
LDT=0000 0000000000000000 0000ffff 00008200 DPL=0 LDT
TR =0048 000000007f5da058 00000067 00008900 DPL=0 TSS64-avl
GDT=     000000007f5da000 00000057
IDT=     000000007bb7af58 00000fff
CR0=80010033 CR2=0000000000000000 CR3=000000007f801000 CR4=00000668
DR0=0000000000000000 DR1=0000000000000000 DR2=0000000000000000 DR3=0000000000000000 
DR6=00000000ffff0ff0 DR7=0000000000000400
CCS=0000000000000000 CCD=0000000000000004 CCO=EFLAGS
EFER=0000000000000d00
Servicing hardware INT=0x20
   300: v=20 e=0000 i=0 cpl=0 IP=0038:000000007eb3cf04 pc=000000007eb3cf04 SP=0030:000000007fe68e40 env->regs[R_EAX]=0000000000000009
RAX=0000000000000009 RBX=000000000006f154 RCX=0000000000000608 RDX=000000000006f14b
RSI=000000007dcec000 RDI=000000000000001c RBP=000000007fe68e50 RSP=000000007fe68e40
R8 =000000007fe68eec R9 =0000000000006010 R10=0000000000000000 R11=0000000000000001
R12=0000000000000000 R13=0000000000000000 R14=000000007e594d18 R15=0000000000000008
RIP=000000007eb3cf04 RFL=00000206 [-----P-] CPL=0 II=0 A20=1 SMM=0 HLT=0
ES =0030 0000000000000000 ffffffff 00cf9300 DPL=0 DS   [-WA]
CS =0038 0000000000000000 ffffffff 00af9a00 DPL=0 CS64 [-R-]
SS =0030 0000000000000000 ffffffff 00cf9300 DPL=0 DS   [-WA]
DS =0030 0000000000000000 ffffffff 00cf9300 DPL=0 DS   [-WA]
FS =0030 0000000000000000 ffffffff 00cf9300 DPL=0 DS   [-WA]
GS =0030 0000000000000000 ffffffff 00cf9300 DPL=0 DS   [-WA]
LDT=0000 0000000000000000 0000ffff 00008200 DPL=0 LDT
TR =0048 000000007f5da058 00000067 00008900 DPL=0 TSS64-avl
GDT=     000000007f5da000 00000057
IDT=     000000007bb7af58 00000fff
CR0=80010033 CR2=0000000000000000 CR3=000000007f801000 CR4=00000668
DR0=0000000000000000 DR1=0000000000000000 DR2=0000000000000000 DR3=0000000000000000 
DR6=00000000ffff0ff0 DR7=0000000000000400
CCS=0000000000000004 CCD=0000000000000009 CCO=EFLAGS
EFER=0000000000000d00
Servicing hardware INT=0x20
   301: v=20 e=0000 i=0 cpl=0 IP=0038:000000007eb3cf04 pc=000000007eb3cf04 SP=0030:000000007fe68e10 env->regs[R_EAX]=0000000000000004
RAX=0000000000000004 RBX=0000000000077da7 RCX=0000000000000608 RDX=0000000000077da3
RSI=000000007dcea000 RDI=0000000000000007 RBP=000000007fe68e20 RSP=000000007fe68e10
R8 =000000007fe68ebc R9 =0000000000006010 R10=0000000000000000 R11=0000000000000001
R12=0000000000000000 R13=0000000000000000 R14=000000007e594d18 R15=0000000000000002
RIP=000000007eb3cf04 RFL=00000202 [-------] CPL=0 II=0 A20=1 SMM=0 HLT=0
ES =0030 0000000000000000 ffffffff 00cf9300 DPL=0 DS   [-WA]
CS =0038 0000000000000000 ffffffff 00af9a00 DPL=0 CS64 [-R-]
SS =0030 0000000000000000 ffffffff 00cf9300 DPL=0 DS   [-WA]
DS =0030 0000000000000000 ffffffff 00cf9300 DPL=0 DS   [-WA]
FS =0030 0000000000000000 ffffffff 00cf9300 DPL=0 DS   [-WA]
GS =0030 0000000000000000 ffffffff 00cf9300 DPL=0 DS   [-WA]
LDT=0000 0000000000000000 0000ffff 00008200 DPL=0 LDT
TR =0048 000000007f5da058 00000067 00008900 DPL=0 TSS64-avl
GDT=     000000007f5da000 00000057
IDT=     000000007bb7af58 00000fff
CR0=80010033 CR2=0000000000000000 CR3=000000007f801000 CR4=00000668
DR0=0000000000000000 DR1=0000000000000000 DR2=0000000000000000 DR3=0000000000000000 
DR6=00000000ffff0ff0 DR7=0000000000000400
CCS=0000000000000000 CCD=0000000000000004 CCO=EFLAGS
EFER=0000000000000d00
Servicing hardware INT=0x20
   302: v=20 e=0000 i=0 cpl=0 IP=0038:000000007eb3cf04 pc=000000007eb3cf04 SP=0030:000000007fe69060 env->regs[R_EAX]=0000000000000003
RAX=0000000000000003 RBX=00000000000808e4 RCX=0000000000000608 RDX=00000000000808e1
RSI=000000007dce1000 RDI=0000000000000007 RBP=000000007fe69070 RSP=000000007fe69060
R8 =000000007fe6910c R9 =0000000000006010 R10=0000000000000000 R11=0000000000000001
R12=0000000000000000 R13=0000000000000000 R14=000000007e594d18 R15=0000000000000002
RIP=000000007eb3cf04 RFL=00000206 [-----P-] CPL=0 II=0 A20=1 SMM=0 HLT=0
ES =0030 0000000000000000 ffffffff 00cf9300 DPL=0 DS   [-WA]
CS =0038 0000000000000000 ffffffff 00af9a00 DPL=0 CS64 [-R-]
SS =0030 0000000000000000 ffffffff 00cf9300 DPL=0 DS   [-WA]
DS =0030 0000000000000000 ffffffff 00cf9300 DPL=0 DS   [-WA]
FS =0030 0000000000000000 ffffffff 00cf9300 DPL=0 DS   [-WA]
GS =0030 0000000000000000 ffffffff 00cf9300 DPL=0 DS   [-WA]
LDT=0000 0000000000000000 0000ffff 00008200 DPL=0 LDT
TR =0048 000000007f5da058 00000067 00008900 DPL=0 TSS64-avl
GDT=     000000007f5da000 00000057
IDT=     000000007bb7af58 00000fff
CR0=80010033 CR2=0000000000000000 CR3=000000007f801000 CR4=00000668
DR0=0000000000000000 DR1=0000000000000000 DR2=0000000000000000 DR3=0000000000000000 
DR6=00000000ffff0ff0 DR7=0000000000000400
CCS=0000000000000004 CCD=0000000000000003 CCO=EFLAGS
EFER=0000000000000d00
Servicing hardware INT=0x20
   303: v=20 e=0000 i=0 cpl=0 IP=0038:000000007eb3cf04 pc=000000007eb3cf04 SP=0030:000000007fe68e50 env->regs[R_EAX]=0000000000000056
RAX=0000000000000056 RBX=0000000000089410 RCX=0000000000000608 RDX=00000000000893ba
RSI=000000007dce0000 RDI=0000000000000072 RBP=000000007fe68e60 RSP=000000007fe68e50
R8 =000000007fe68efc R9 =0000000000006010 R10=0000000000000000 R11=0000000000000001
R12=0000000000000000 R13=0000000000000000 R14=000000007e594d18 R15=0000000000000020
RIP=000000007eb3cf04 RFL=00000206 [-----P-] CPL=0 II=0 A20=1 SMM=0 HLT=0
ES =0030 0000000000000000 ffffffff 00cf9300 DPL=0 DS   [-WA]
CS =0038 0000000000000000 ffffffff 00af9a00 DPL=0 CS64 [-R-]
SS =0030 0000000000000000 ffffffff 00cf9300 DPL=0 DS   [-WA]
DS =0030 0000000000000000 ffffffff 00cf9300 DPL=0 DS   [-WA]
FS =0030 0000000000000000 ffffffff 00cf9300 DPL=0 DS   [-WA]
GS =0030 0000000000000000 ffffffff 00cf9300 DPL=0 DS   [-WA]
LDT=0000 0000000000000000 0000ffff 00008200 DPL=0 LDT
TR =0048 000000007f5da058 00000067 00008900 DPL=0 TSS64-avl
GDT=     000000007f5da000 00000057
IDT=     000000007bb7af58 00000fff
CR0=80010033 CR2=0000000000000000 CR3=000000007f801000 CR4=00000668
DR0=0000000000000000 DR1=0000000000000000 DR2=0000000000000000 DR3=0000000000000000 
DR6=00000000ffff0ff0 DR7=0000000000000400
CCS=0000000000000004 CCD=0000000000000056 CCO=EFLAGS
EFER=0000000000000d00
Servicing hardware INT=0x20
   304: v=20 e=0000 i=0 cpl=0 IP=0038:000000007eb3cf04 pc=000000007eb3cf04 SP=0030:000000007fe69030 env->regs[R_EAX]=0000000000000056
RAX=0000000000000056 RBX=0000000000092001 RCX=0000000000000608 RDX=0000000000091fab
RSI=000000007dcdd000 RDI=0000000000000072 RBP=000000007fe69040 RSP=000000007fe69030
R8 =000000007fe690dc R9 =0000000000006010 R10=0000000000000000 R11=0000000000000001
R12=0000000000000000 R13=0000000000000000 R14=000000007e594d18 R15=0000000000000020
RIP=000000007eb3cf04 RFL=00000206 [-----P-] CPL=0 II=0 A20=1 SMM=0 HLT=0
ES =0030 0000000000000000 ffffffff 00cf9300 DPL=0 DS   [-WA]
CS =0038 0000000000000000 ffffffff 00af9a00 DPL=0 CS64 [-R-]
SS =0030 0000000000000000 ffffffff 00cf9300 DPL=0 DS   [-WA]
DS =0030 0000000000000000 ffffffff 00cf9300 DPL=0 DS   [-WA]
FS =0030 0000000000000000 ffffffff 00cf9300 DPL=0 DS   [-WA]
GS =0030 0000000000000000 ffffffff 00cf9300 DPL=0 DS   [-WA]
LDT=0000 0000000000000000 0000ffff 00008200 DPL=0 LDT
TR =0048 000000007f5da058 00000067 00008900 DPL=0 TSS64-avl
GDT=     000000007f5da000 00000057
IDT=     000000007bb7af58 00000fff
CR0=80010033 CR2=0000000000000000 CR3=000000007f801000 CR4=00000668
DR0=0000000000000000 DR1=0000000000000000 DR2=0000000000000000 DR3=0000000000000000 
DR6=00000000ffff0ff0 DR7=0000000000000400
CCS=0000000000000004 CCD=0000000000000056 CCO=EFLAGS
EFER=0000000000000d00
Servicing hardware INT=0x20
   305: v=20 e=0000 i=0 cpl=0 IP=0038:000000007eb3cf04 pc=000000007eb3cf04 SP=0030:000000007fe69080 env->regs[R_EAX]=0000000000000007
RAX=0000000000000007 RBX=000000000009ab6c RCX=0000000000000608 RDX=000000000009ab65
RSI=000000007dcd5000 RDI=0000000000000007 RBP=000000007fe69090 RSP=000000007fe69080
R8 =000000007fe6912c R9 =0000000000006010 R10=0000000000000000 R11=0000000000000001
R12=0000000000000000 R13=0000000000000001 R14=000000007e594d18 R15=0000000000000002
RIP=000000007eb3cf04 RFL=00000202 [-------] CPL=0 II=0 A20=1 SMM=0 HLT=0
ES =0030 0000000000000000 ffffffff 00cf9300 DPL=0 DS   [-WA]
CS =0038 0000000000000000 ffffffff 00af9a00 DPL=0 CS64 [-R-]
SS =0030 0000000000000000 ffffffff 00cf9300 DPL=0 DS   [-WA]
DS =0030 0000000000000000 ffffffff 00cf9300 DPL=0 DS   [-WA]
FS =0030 0000000000000000 ffffffff 00cf9300 DPL=0 DS   [-WA]
GS =0030 0000000000000000 ffffffff 00cf9300 DPL=0 DS   [-WA]
LDT=0000 0000000000000000 0000ffff 00008200 DPL=0 LDT
TR =0048 000000007f5da058 00000067 00008900 DPL=0 TSS64-avl
GDT=     000000007f5da000 00000057
IDT=     000000007bb7af58 00000fff
CR0=80010033 CR2=0000000000000000 CR3=000000007f801000 CR4=00000668
DR0=0000000000000000 DR1=0000000000000000 DR2=0000000000000000 DR3=0000000000000000 
DR6=00000000ffff0ff0 DR7=0000000000000400
CCS=0000000000000000 CCD=0000000000000007 CCO=EFLAGS
EFER=0000000000000d00
Servicing hardware INT=0x20
   306: v=20 e=0000 i=0 cpl=0 IP=0038:000000007eb3cf04 pc=000000007eb3cf04 SP=0030:000000007fe69080 env->regs[R_EAX]=0000000000000005
RAX=0000000000000005 RBX=00000000000a374c RCX=0000000000000608 RDX=00000000000a3747
RSI=000000007dcd3000 RDI=0000000000000007 RBP=000000007fe69090 RSP=000000007fe69080
R8 =000000007fe6912c R9 =0000000000006010 R10=0000000000000000 R11=0000000000000001
R12=0000000000000000 R13=0000000000000001 R14=000000007e594d18 R15=0000000000000002
RIP=000000007eb3cf04 RFL=00000206 [-----P-] CPL=0 II=0 A20=1 SMM=0 HLT=0
ES =0030 0000000000000000 ffffffff 00cf9300 DPL=0 DS   [-WA]
CS =0038 0000000000000000 ffffffff 00af9a00 DPL=0 CS64 [-R-]
SS =0030 0000000000000000 ffffffff 00cf9300 DPL=0 DS   [-WA]
DS =0030 0000000000000000 ffffffff 00cf9300 DPL=0 DS   [-WA]
FS =0030 0000000000000000 ffffffff 00cf9300 DPL=0 DS   [-WA]
GS =0030 0000000000000000 ffffffff 00cf9300 DPL=0 DS   [-WA]
LDT=0000 0000000000000000 0000ffff 00008200 DPL=0 LDT
TR =0048 000000007f5da058 00000067 00008900 DPL=0 TSS64-avl
GDT=     000000007f5da000 00000057
IDT=     000000007bb7af58 00000fff
CR0=80010033 CR2=0000000000000000 CR3=000000007f801000 CR4=00000668
DR0=0000000000000000 DR1=0000000000000000 DR2=0000000000000000 DR3=0000000000000000 
DR6=00000000ffff0ff0 DR7=0000000000000400
CCS=0000000000000004 CCD=0000000000000005 CCO=EFLAGS
EFER=0000000000000d00
Servicing hardware INT=0x20
   307: v=20 e=0000 i=0 cpl=0 IP=0038:000000007eb3cf04 pc=000000007eb3cf04 SP=0030:000000007fe68e10 env->regs[R_EAX]=0000000000000005
RAX=0000000000000005 RBX=00000000000ac366 RCX=0000000000000608 RDX=00000000000ac361
RSI=000000007dccc000 RDI=0000000000000007 RBP=000000007fe68e20 RSP=000000007fe68e10
R8 =000000007fe68ebc R9 =0000000000006010 R10=0000000000000000 R11=0000000000000001
R12=0000000000000000 R13=0000000000000000 R14=000000007e594d18 R15=0000000000000002
RIP=000000007eb3cf04 RFL=00000206 [-----P-] CPL=0 II=0 A20=1 SMM=0 HLT=0
ES =0030 0000000000000000 ffffffff 00cf9300 DPL=0 DS   [-WA]
CS =0038 0000000000000000 ffffffff 00af9a00 DPL=0 CS64 [-R-]
SS =0030 0000000000000000 ffffffff 00cf9300 DPL=0 DS   [-WA]
DS =0030 0000000000000000 ffffffff 00cf9300 DPL=0 DS   [-WA]
FS =0030 0000000000000000 ffffffff 00cf9300 DPL=0 DS   [-WA]
GS =0030 0000000000000000 ffffffff 00cf9300 DPL=0 DS   [-WA]
LDT=0000 0000000000000000 0000ffff 00008200 DPL=0 LDT
TR =0048 000000007f5da058 00000067 00008900 DPL=0 TSS64-avl
GDT=     000000007f5da000 00000057
IDT=     000000007bb7af58 00000fff
CR0=80010033 CR2=0000000000000000 CR3=000000007f801000 CR4=00000668
DR0=0000000000000000 DR1=0000000000000000 DR2=0000000000000000 DR3=0000000000000000 
DR6=00000000ffff0ff0 DR7=0000000000000400
CCS=0000000000000004 CCD=0000000000000005 CCO=EFLAGS
EFER=0000000000000d00
Servicing hardware INT=0x20
   308: v=20 e=0000 i=0 cpl=0 IP=0038:000000007fe8a41a pc=000000007fe8a41a SP=0030:000000007fe69440 env->regs[R_EAX]=00000000000000af
RAX=00000000000000af RBX=000000007fe93090 RCX=0000000000130001 RDX=000000007daed018
RSI=000000007fe92d20 RDI=000000007db91c17 RBP=000000007fe694d0 RSP=000000007fe69440
R8 =00000000000000af R9 =00000000001d5000 R10=0000000000000000 R11=000000007dccbb18
R12=00000000001d4c28 R13=00000000001d4c00 R14=000000007daed018 R15=000000007daed000
RIP=000000007fe8a41a RFL=00010206 [-----P-] CPL=0 II=0 A20=1 SMM=0 HLT=0
ES =0030 0000000000000000 ffffffff 00cf9300 DPL=0 DS   [-WA]
CS =0038 0000000000000000 ffffffff 00af9a00 DPL=0 CS64 [-R-]
SS =0030 0000000000000000 ffffffff 00cf9300 DPL=0 DS   [-WA]
DS =0030 0000000000000000 ffffffff 00cf9300 DPL=0 DS   [-WA]
FS =0030 0000000000000000 ffffffff 00cf9300 DPL=0 DS   [-WA]
GS =0030 0000000000000000 ffffffff 00cf9300 DPL=0 DS   [-WA]
LDT=0000 0000000000000000 0000ffff 00008200 DPL=0 LDT
TR =0048 000000007f5da058 00000067 00008900 DPL=0 TSS64-avl
GDT=     000000007f5da000 00000057
IDT=     000000007bb7af58 00000fff
CR0=80010033 CR2=0000000000000000 CR3=000000007f801000 CR4=00000668
DR0=0000000000000000 DR1=0000000000000000 DR2=0000000000000000 DR3=0000000000000000 
DR6=00000000ffff0ff0 DR7=0000000000000400
CCS=0000000000000004 CCD=000000007fe69428 CCO=EFLAGS
EFER=0000000000000d00
Servicing hardware INT=0x20
   309: v=20 e=0000 i=0 cpl=0 IP=0038:000000007de5b65d pc=000000007de5b65d SP=0030:000000007fe69598 env->regs[R_EAX]=0000000000000000
RAX=0000000000000000 RBX=00f0d3d3b8b42da0 RCX=000000007eb60360 RDX=000000007dba683b
RSI=0000000000000000 RDI=000000007daed018 RBP=000000007fe695b0 RSP=000000007fe69598
R8 =0000000000000000 R9 =0000000082011024 R10=0000000000000000 R11=0000000000000002
R12=000000007e6d9598 R13=000000007f5ec018 R14=0000000000000000 R15=000000007fe91f20
RIP=000000007de5b65d RFL=00000202 [-------] CPL=0 II=0 A20=1 SMM=0 HLT=0
ES =0030 0000000000000000 ffffffff 00cf9300 DPL=0 DS   [-WA]
CS =0038 0000000000000000 ffffffff 00af9a00 DPL=0 CS64 [-R-]
SS =0030 0000000000000000 ffffffff 00cf9300 DPL=0 DS   [-WA]
DS =0030 0000000000000000 ffffffff 00cf9300 DPL=0 DS   [-WA]
FS =0030 0000000000000000 ffffffff 00cf9300 DPL=0 DS   [-WA]
GS =0030 0000000000000000 ffffffff 00cf9300 DPL=0 DS   [-WA]
LDT=0000 0000000000000000 0000ffff 00008200 DPL=0 LDT
TR =0048 000000007f5da058 00000067 00008900 DPL=0 TSS64-avl
GDT=     000000007f5da000 00000057
IDT=     000000007bb7af58 00000fff
CR0=80010033 CR2=0000000000000000 CR3=000000007f801000 CR4=00000668
DR0=0000000000000000 DR1=0000000000000000 DR2=0000000000000000 DR3=0000000000000000 
DR6=00000000ffff0ff0 DR7=0000000000000400
CCS=0000000000000000 CCD=00000000000b9823 CCO=EFLAGS
EFER=0000000000000d00
Servicing hardware INT=0x20
   310: v=20 e=0000 i=0 cpl=0 IP=0038:000000007de57e0f pc=000000007de57e0f SP=0030:000000007fe69560 env->regs[R_EAX]=0000000000000203
RAX=0000000000000203 RBX=00f0d3d3b8b42da0 RCX=0000000000000000 RDX=0000000080026008
RSI=0000000000000000 RDI=0000000080000000 RBP=000000007fe695a0 RSP=000000007fe69560
R8 =0000000000000000 R9 =0000000000000000 R10=0000000000000000 R11=0000000000000002
R12=000000007e6d9598 R13=000000007f5ec018 R14=0000000000000000 R15=000000007fe91f20
RIP=000000007de57e0f RFL=00000283 [--S---C] CPL=0 II=0 A20=1 SMM=0 HLT=0
ES =0030 0000000000000000 ffffffff 00cf9300 DPL=0 DS   [-WA]
CS =0038 0000000000000000 ffffffff 00af9a00 DPL=0 CS64 [-R-]
SS =0030 0000000000000000 ffffffff 00cf9300 DPL=0 DS   [-WA]
DS =0030 0000000000000000 ffffffff 00cf9300 DPL=0 DS   [-WA]
FS =0030 0000000000000000 ffffffff 00cf9300 DPL=0 DS   [-WA]
GS =0030 0000000000000000 ffffffff 00cf9300 DPL=0 DS   [-WA]
LDT=0000 0000000000000000 0000ffff 00008200 DPL=0 LDT
TR =0048 000000007f5da058 00000067 00008900 DPL=0 TSS64-avl
GDT=     000000007f5da000 00000057
IDT=     000000007bb7af58 00000fff
CR0=80010033 CR2=0000000000000000 CR3=000000007f801000 CR4=00000668
DR0=0000000000000000 DR1=0000000000000000 DR2=0000000000000000 DR3=0000000000000000 
DR6=00000000ffff0ff0 DR7=0000000000000400
CCS=0000000000000081 CCD=fffffffffffffee3 CCO=EFLAGS
EFER=0000000000000d00
Servicing hardware INT=0x20
   311: v=20 e=0000 i=0 cpl=0 IP=0038:000000007de57ea1 pc=000000007de57ea1 SP=0030:000000007fe69560 env->regs[R_EAX]=0000000000000000
RAX=0000000000000000 RBX=00f0d3d3b8b42da0 RCX=0000000000000000 RDX=00000000800d80b0
RSI=0000000000000000 RDI=0000000080000000 RBP=000000007fe695a0 RSP=000000007fe69560
R8 =0000000000000000 R9 =0000000000000000 R10=0000000000000000 R11=0000000000000002
R12=000000007e6d9598 R13=000000007f5ec018 R14=0000000000000000 R15=000000007fe91f20
RIP=000000007de57ea1 RFL=00000202 [-------] CPL=0 II=0 A20=1 SMM=0 HLT=0
ES =0030 0000000000000000 ffffffff 00cf9300 DPL=0 DS   [-WA]
CS =0038 0000000000000000 ffffffff 00af9a00 DPL=0 CS64 [-R-]
SS =0030 0000000000000000 ffffffff 00cf9300 DPL=0 DS   [-WA]
DS =0030 0000000000000000 ffffffff 00cf9300 DPL=0 DS   [-WA]
FS =0030 0000000000000000 ffffffff 00cf9300 DPL=0 DS   [-WA]
GS =0030 0000000000000000 ffffffff 00cf9300 DPL=0 DS   [-WA]
LDT=0000 0000000000000000 0000ffff 00008200 DPL=0 LDT
TR =0048 000000007f5da058 00000067 00008900 DPL=0 TSS64-avl
GDT=     000000007f5da000 00000057
IDT=     000000007bb7af58 00000fff
CR0=80010033 CR2=0000000000000000 CR3=000000007f801000 CR4=00000668
DR0=0000000000000000 DR1=0000000000000000 DR2=0000000000000000 DR3=0000000000000000 
DR6=00000000ffff0ff0 DR7=0000000000000400
CCS=0000000000000000 CCD=00000000800d80b0 CCO=EFLAGS
EFER=0000000000000d00
Servicing hardware INT=0x20
   312: v=20 e=0000 i=0 cpl=0 IP=0038:000000007de57ea1 pc=000000007de57ea1 SP=0030:000000007fe69560 env->regs[R_EAX]=0000000000000000
RAX=0000000000000000 RBX=00f0d3d3b8b42da0 RCX=0000000000000000 RDX=00000000801642bc
RSI=0000000000000000 RDI=0000000080000000 RBP=000000007fe695a0 RSP=000000007fe69560
R8 =0000000000000000 R9 =0000000000000000 R10=0000000000000000 R11=0000000000000002
R12=000000007e6d9598 R13=000000007f5ec018 R14=0000000000000000 R15=000000007fe91f20
RIP=000000007de57ea1 RFL=00000202 [-------] CPL=0 II=0 A20=1 SMM=0 HLT=0
ES =0030 0000000000000000 ffffffff 00cf9300 DPL=0 DS   [-WA]
CS =0038 0000000000000000 ffffffff 00af9a00 DPL=0 CS64 [-R-]
SS =0030 0000000000000000 ffffffff 00cf9300 DPL=0 DS   [-WA]
DS =0030 0000000000000000 ffffffff 00cf9300 DPL=0 DS   [-WA]
FS =0030 0000000000000000 ffffffff 00cf9300 DPL=0 DS   [-WA]
GS =0030 0000000000000000 ffffffff 00cf9300 DPL=0 DS   [-WA]
LDT=0000 0000000000000000 0000ffff 00008200 DPL=0 LDT
TR =0048 000000007f5da058 00000067 00008900 DPL=0 TSS64-avl
GDT=     000000007f5da000 00000057
IDT=     000000007bb7af58 00000fff
CR0=80010033 CR2=0000000000000000 CR3=000000007f801000 CR4=00000668
DR0=0000000000000000 DR1=0000000000000000 DR2=0000000000000000 DR3=0000000000000000 
DR6=00000000ffff0ff0 DR7=0000000000000400
CCS=0000000000000000 CCD=00000000801642bc CCO=EFLAGS
EFER=0000000000000d00
Servicing hardware INT=0x20
   313: v=20 e=0000 i=0 cpl=0 IP=0038:000000007eb3cf04 pc=000000007eb3cf04 SP=0030:000000007fe694e0 env->regs[R_EAX]=000000000002894c
RAX=000000000002894c RBX=000000000010ab49 RCX=0000000000000608 RDX=00000000000e21fd
RSI=000000000000c350 RDI=000000000002bb21 RBP=000000007fe694f0 RSP=000000007fe694e0
R8 =000000007fe6958c R9 =0000000000000000 R10=0000000000000000 R11=0000000000000002
R12=0000000000000000 R13=000000007f5ec018 R14=0000000000000000 R15=000000007fe91f20
RIP=000000007eb3cf04 RFL=00000202 [-------] CPL=0 II=0 A20=1 SMM=0 HLT=0
ES =0030 0000000000000000 ffffffff 00cf9300 DPL=0 DS   [-WA]
CS =0038 0000000000000000 ffffffff 00af9a00 DPL=0 CS64 [-R-]
SS =0030 0000000000000000 ffffffff 00cf9300 DPL=0 DS   [-WA]
DS =0030 0000000000000000 ffffffff 00cf9300 DPL=0 DS   [-WA]
FS =0030 0000000000000000 ffffffff 00cf9300 DPL=0 DS   [-WA]
GS =0030 0000000000000000 ffffffff 00cf9300 DPL=0 DS   [-WA]
LDT=0000 0000000000000000 0000ffff 00008200 DPL=0 LDT
TR =0048 000000007f5da058 00000067 00008900 DPL=0 TSS64-avl
GDT=     000000007f5da000 00000057
IDT=     000000007bb7af58 00000fff
CR0=80010033 CR2=0000000000000000 CR3=000000007f801000 CR4=00000668
DR0=0000000000000000 DR1=0000000000000000 DR2=0000000000000000 DR3=0000000000000000 
DR6=00000000ffff0ff0 DR7=0000000000000400
CCS=0000000000000000 CCD=000000000002894c CCO=EFLAGS
EFER=0000000000000d00
Servicing hardware INT=0x20
   314: v=20 e=0000 i=0 cpl=0 IP=0038:000000007eb3cf04 pc=000000007eb3cf04 SP=0030:000000007fe694e0 env->regs[R_EAX]=0000000000020b78
RAX=0000000000020b78 RBX=000000000010ab49 RCX=0000000000000608 RDX=00000000000e9fd1
RSI=000000000000c350 RDI=000000000002bb21 RBP=000000007fe694f0 RSP=000000007fe694e0
R8 =000000007fe6958c R9 =0000000000000000 R10=0000000000000000 R11=0000000000000002
R12=0000000000000000 R13=000000007f5ec018 R14=0000000000000000 R15=000000007fe91f20
RIP=000000007eb3cf04 RFL=00000206 [-----P-] CPL=0 II=0 A20=1 SMM=0 HLT=0
ES =0030 0000000000000000 ffffffff 00cf9300 DPL=0 DS   [-WA]
CS =0038 0000000000000000 ffffffff 00af9a00 DPL=0 CS64 [-R-]
SS =0030 0000000000000000 ffffffff 00cf9300 DPL=0 DS   [-WA]
DS =0030 0000000000000000 ffffffff 00cf9300 DPL=0 DS   [-WA]
FS =0030 0000000000000000 ffffffff 00cf9300 DPL=0 DS   [-WA]
GS =0030 0000000000000000 ffffffff 00cf9300 DPL=0 DS   [-WA]
LDT=0000 0000000000000000 0000ffff 00008200 DPL=0 LDT
TR =0048 000000007f5da058 00000067 00008900 DPL=0 TSS64-avl
GDT=     000000007f5da000 00000057
IDT=     000000007bb7af58 00000fff
CR0=80010033 CR2=0000000000000000 CR3=000000007f801000 CR4=00000668
DR0=0000000000000000 DR1=0000000000000000 DR2=0000000000000000 DR3=0000000000000000 
DR6=00000000ffff0ff0 DR7=0000000000000400
CCS=0000000000000004 CCD=0000000000020b78 CCO=EFLAGS
EFER=0000000000000d00
Servicing hardware INT=0x20
   315: v=20 e=0000 i=0 cpl=0 IP=0038:000000007eb3cf04 pc=000000007eb3cf04 SP=0030:000000007fe694e0 env->regs[R_EAX]=0000000000017c3c
RAX=0000000000017c3c RBX=000000000010ab49 RCX=0000000000000608 RDX=00000000000f2f0d
RSI=000000000000c350 RDI=000000000002bb21 RBP=000000007fe694f0 RSP=000000007fe694e0
R8 =000000007fe6958c R9 =0000000000000000 R10=0000000000000000 R11=0000000000000002
R12=0000000000000000 R13=000000007f5ec018 R14=0000000000000000 R15=000000007fe91f20
RIP=000000007eb3cf04 RFL=00000206 [-----P-] CPL=0 II=0 A20=1 SMM=0 HLT=0
ES =0030 0000000000000000 ffffffff 00cf9300 DPL=0 DS   [-WA]
CS =0038 0000000000000000 ffffffff 00af9a00 DPL=0 CS64 [-R-]
SS =0030 0000000000000000 ffffffff 00cf9300 DPL=0 DS   [-WA]
DS =0030 0000000000000000 ffffffff 00cf9300 DPL=0 DS   [-WA]
FS =0030 0000000000000000 ffffffff 00cf9300 DPL=0 DS   [-WA]
GS =0030 0000000000000000 ffffffff 00cf9300 DPL=0 DS   [-WA]
LDT=0000 0000000000000000 0000ffff 00008200 DPL=0 LDT
TR =0048 000000007f5da058 00000067 00008900 DPL=0 TSS64-avl
GDT=     000000007f5da000 00000057
IDT=     000000007bb7af58 00000fff
CR0=80010033 CR2=0000000000000000 CR3=000000007f801000 CR4=00000668
DR0=0000000000000000 DR1=0000000000000000 DR2=0000000000000000 DR3=0000000000000000 
DR6=00000000ffff0ff0 DR7=0000000000000400
CCS=0000000000000004 CCD=0000000000017c3c CCO=EFLAGS
EFER=0000000000000d00
Servicing hardware INT=0x20
   316: v=20 e=0000 i=0 cpl=0 IP=0038:000000007eb3cf04 pc=000000007eb3cf04 SP=0030:000000007fe694e0 env->regs[R_EAX]=000000000000f05e
RAX=000000000000f05e RBX=000000000010ab49 RCX=0000000000000608 RDX=00000000000fbaeb
RSI=000000000000c350 RDI=000000000002bb21 RBP=000000007fe694f0 RSP=000000007fe694e0
R8 =000000007fe6958c R9 =0000000000000000 R10=0000000000000000 R11=0000000000000002
R12=0000000000000000 R13=000000007f5ec018 R14=0000000000000000 R15=000000007fe91f20
RIP=000000007eb3cf04 RFL=00000202 [-------] CPL=0 II=0 A20=1 SMM=0 HLT=0
ES =0030 0000000000000000 ffffffff 00cf9300 DPL=0 DS   [-WA]
CS =0038 0000000000000000 ffffffff 00af9a00 DPL=0 CS64 [-R-]
SS =0030 0000000000000000 ffffffff 00cf9300 DPL=0 DS   [-WA]
DS =0030 0000000000000000 ffffffff 00cf9300 DPL=0 DS   [-WA]
FS =0030 0000000000000000 ffffffff 00cf9300 DPL=0 DS   [-WA]
GS =0030 0000000000000000 ffffffff 00cf9300 DPL=0 DS   [-WA]
LDT=0000 0000000000000000 0000ffff 00008200 DPL=0 LDT
TR =0048 000000007f5da058 00000067 00008900 DPL=0 TSS64-avl
GDT=     000000007f5da000 00000057
IDT=     000000007bb7af58 00000fff
CR0=80010033 CR2=0000000000000000 CR3=000000007f801000 CR4=00000668
DR0=0000000000000000 DR1=0000000000000000 DR2=0000000000000000 DR3=0000000000000000 
DR6=00000000ffff0ff0 DR7=0000000000000400
CCS=0000000000000000 CCD=000000000000f05e CCO=EFLAGS
EFER=0000000000000d00
Servicing hardware INT=0x20
   317: v=20 e=0000 i=0 cpl=0 IP=0038:000000007eb3cf04 pc=000000007eb3cf04 SP=0030:000000007fe694e0 env->regs[R_EAX]=000000000000566d
RAX=000000000000566d RBX=000000000010ab49 RCX=0000000000000608 RDX=00000000001054dc
RSI=000000000000c350 RDI=000000000002bb21 RBP=000000007fe694f0 RSP=000000007fe694e0
R8 =000000007fe6958c R9 =0000000000000000 R10=0000000000000000 R11=0000000000000002
R12=0000000000000000 R13=000000007f5ec018 R14=0000000000000000 R15=000000007fe91f20
RIP=000000007eb3cf04 RFL=00000202 [-------] CPL=0 II=0 A20=1 SMM=0 HLT=0
ES =0030 0000000000000000 ffffffff 00cf9300 DPL=0 DS   [-WA]
CS =0038 0000000000000000 ffffffff 00af9a00 DPL=0 CS64 [-R-]
SS =0030 0000000000000000 ffffffff 00cf9300 DPL=0 DS   [-WA]
DS =0030 0000000000000000 ffffffff 00cf9300 DPL=0 DS   [-WA]
FS =0030 0000000000000000 ffffffff 00cf9300 DPL=0 DS   [-WA]
GS =0030 0000000000000000 ffffffff 00cf9300 DPL=0 DS   [-WA]
LDT=0000 0000000000000000 0000ffff 00008200 DPL=0 LDT
TR =0048 000000007f5da058 00000067 00008900 DPL=0 TSS64-avl
GDT=     000000007f5da000 00000057
IDT=     000000007bb7af58 00000fff
CR0=80010033 CR2=0000000000000000 CR3=000000007f801000 CR4=00000668
DR0=0000000000000000 DR1=0000000000000000 DR2=0000000000000000 DR3=0000000000000000 
DR6=00000000ffff0ff0 DR7=0000000000000400
CCS=0000000000000000 CCD=000000000000566d CCO=EFLAGS
EFER=0000000000000d00
Servicing hardware INT=0x20
   318: v=20 e=0000 i=0 cpl=0 IP=0038:000000007de57ea1 pc=000000007de57ea1 SP=0030:000000007fe69560 env->regs[R_EAX]=00000000ffffffff
RAX=00000000ffffffff RBX=00f0d3d3b8b42da0 RCX=00000000000000ff RDX=0000000080028b64
RSI=00000000000000ff RDI=0000000080000000 RBP=000000007fe695a0 RSP=000000007fe69560
R8 =00000000000000ff R9 =00000000000000ff R10=00000000000000ff R11=0000000000000002
R12=000000007e6d9598 R13=000000007f5ec018 R14=0000000000000000 R15=000000007fe91f20
RIP=000000007de57ea1 RFL=00000202 [-------] CPL=0 II=0 A20=1 SMM=0 HLT=0
ES =0030 0000000000000000 ffffffff 00cf9300 DPL=0 DS   [-WA]
CS =0038 0000000000000000 ffffffff 00af9a00 DPL=0 CS64 [-R-]
SS =0030 0000000000000000 ffffffff 00cf9300 DPL=0 DS   [-WA]
DS =0030 0000000000000000 ffffffff 00cf9300 DPL=0 DS   [-WA]
FS =0030 0000000000000000 ffffffff 00cf9300 DPL=0 DS   [-WA]
GS =0030 0000000000000000 ffffffff 00cf9300 DPL=0 DS   [-WA]
LDT=0000 0000000000000000 0000ffff 00008200 DPL=0 LDT
TR =0048 000000007f5da058 00000067 00008900 DPL=0 TSS64-avl
GDT=     000000007f5da000 00000057
IDT=     000000007bb7af58 00000fff
CR0=80010033 CR2=0000000000000000 CR3=000000007f801000 CR4=00000668
DR0=0000000000000000 DR1=0000000000000000 DR2=0000000000000000 DR3=0000000000000000 
DR6=00000000ffff0ff0 DR7=0000000000000400
CCS=0000000000000000 CCD=0000000080028b64 CCO=EFLAGS
EFER=0000000000000d00
Servicing hardware INT=0x20
   319: v=20 e=0000 i=0 cpl=0 IP=0038:000000007de57ea1 pc=000000007de57ea1 SP=0030:000000007fe69560 env->regs[R_EAX]=0000000000000000
RAX=0000000000000000 RBX=00f0d3d3b8b42da0 RCX=0000000000000000 RDX=00000000800d97c4
RSI=0000000000000000 RDI=0000000080000000 RBP=000000007fe695a0 RSP=000000007fe69560
R8 =0000000000000000 R9 =0000000000000000 R10=0000000000000000 R11=0000000000000002
R12=000000007e6d9598 R13=000000007f5ec018 R14=0000000000000000 R15=000000007fe91f20
RIP=000000007de57ea1 RFL=00000202 [-------] CPL=0 II=0 A20=1 SMM=0 HLT=0
ES =0030 0000000000000000 ffffffff 00cf9300 DPL=0 DS   [-WA]
CS =0038 0000000000000000 ffffffff 00af9a00 DPL=0 CS64 [-R-]
SS =0030 0000000000000000 ffffffff 00cf9300 DPL=0 DS   [-WA]
DS =0030 0000000000000000 ffffffff 00cf9300 DPL=0 DS   [-WA]
FS =0030 0000000000000000 ffffffff 00cf9300 DPL=0 DS   [-WA]
GS =0030 0000000000000000 ffffffff 00cf9300 DPL=0 DS   [-WA]
LDT=0000 0000000000000000 0000ffff 00008200 DPL=0 LDT
TR =0048 000000007f5da058 00000067 00008900 DPL=0 TSS64-avl
GDT=     000000007f5da000 00000057
IDT=     000000007bb7af58 00000fff
CR0=80010033 CR2=0000000000000000 CR3=000000007f801000 CR4=00000668
DR0=0000000000000000 DR1=0000000000000000 DR2=0000000000000000 DR3=0000000000000000 
DR6=00000000ffff0ff0 DR7=0000000000000400
CCS=0000000000000000 CCD=00000000800d97c4 CCO=EFLAGS
EFER=0000000000000d00
Servicing hardware INT=0x20
   320: v=20 e=0000 i=0 cpl=0 IP=0038:000000007de57ea1 pc=000000007de57ea1 SP=0030:000000007fe69560 env->regs[R_EAX]=0000000000000000
RAX=0000000000000000 RBX=00f0d3d3b8b42da0 RCX=0000000000000000 RDX=0000000080172bf8
RSI=0000000000000000 RDI=0000000080000000 RBP=000000007fe695a0 RSP=000000007fe69560
R8 =0000000000000000 R9 =0000000000000000 R10=0000000000000000 R11=0000000000000002
R12=000000007e6d9598 R13=000000007f5ec018 R14=0000000000000000 R15=000000007fe91f20
RIP=000000007de57ea1 RFL=00000202 [-------] CPL=0 II=0 A20=1 SMM=0 HLT=0
ES =0030 0000000000000000 ffffffff 00cf9300 DPL=0 DS   [-WA]
CS =0038 0000000000000000 ffffffff 00af9a00 DPL=0 CS64 [-R-]
SS =0030 0000000000000000 ffffffff 00cf9300 DPL=0 DS   [-WA]
DS =0030 0000000000000000 ffffffff 00cf9300 DPL=0 DS   [-WA]
FS =0030 0000000000000000 ffffffff 00cf9300 DPL=0 DS   [-WA]
GS =0030 0000000000000000 ffffffff 00cf9300 DPL=0 DS   [-WA]
LDT=0000 0000000000000000 0000ffff 00008200 DPL=0 LDT
TR =0048 000000007f5da058 00000067 00008900 DPL=0 TSS64-avl
GDT=     000000007f5da000 00000057
IDT=     000000007bb7af58 00000fff
CR0=80010033 CR2=0000000000000000 CR3=000000007f801000 CR4=00000668
DR0=0000000000000000 DR1=0000000000000000 DR2=0000000000000000 DR3=0000000000000000 
DR6=00000000ffff0ff0 DR7=0000000000000400
CCS=0000000000000000 CCD=0000000080172bf8 CCO=EFLAGS
EFER=0000000000000d00
Servicing hardware INT=0x20
   321: v=20 e=0000 i=0 cpl=0 IP=0038:000000007eb3cf04 pc=000000007eb3cf04 SP=0030:000000007fe694e0 env->regs[R_EAX]=0000000000028710
RAX=0000000000028710 RBX=0000000000150abe RCX=0000000000000608 RDX=00000000001283ae
RSI=000000000000c350 RDI=000000000002bb21 RBP=000000007fe694f0 RSP=000000007fe694e0
R8 =000000007fe6958c R9 =0000000000000000 R10=0000000000000000 R11=0000000000000002
R12=0000000000000000 R13=000000007f5ec018 R14=0000000000000000 R15=000000007fe91f20
RIP=000000007eb3cf04 RFL=00000202 [-------] CPL=0 II=0 A20=1 SMM=0 HLT=0
ES =0030 0000000000000000 ffffffff 00cf9300 DPL=0 DS   [-WA]
CS =0038 0000000000000000 ffffffff 00af9a00 DPL=0 CS64 [-R-]
SS =0030 0000000000000000 ffffffff 00cf9300 DPL=0 DS   [-WA]
DS =0030 0000000000000000 ffffffff 00cf9300 DPL=0 DS   [-WA]
FS =0030 0000000000000000 ffffffff 00cf9300 DPL=0 DS   [-WA]
GS =0030 0000000000000000 ffffffff 00cf9300 DPL=0 DS   [-WA]
LDT=0000 0000000000000000 0000ffff 00008200 DPL=0 LDT
TR =0048 000000007f5da058 00000067 00008900 DPL=0 TSS64-avl
GDT=     000000007f5da000 00000057
IDT=     000000007bb7af58 00000fff
CR0=80010033 CR2=0000000000000000 CR3=000000007f801000 CR4=00000668
DR0=0000000000000000 DR1=0000000000000000 DR2=0000000000000000 DR3=0000000000000000 
DR6=00000000ffff0ff0 DR7=0000000000000400
CCS=0000000000000000 CCD=0000000000028710 CCO=EFLAGS
EFER=0000000000000d00
Servicing hardware INT=0x20
   322: v=20 e=0000 i=0 cpl=0 IP=0038:000000007eb3cead pc=000000007eb3cead SP=0030:000000007fe69450 env->regs[R_EAX]=000000000012f4d1
RAX=000000000012f4d1 RBX=0000000000000608 RCX=0000000000000608 RDX=0000000000000608
RSI=000000000000c350 RDI=000000000002bb21 RBP=000000007fe694b0 RSP=000000007fe69450
R8 =000000007fe6958c R9 =0000000000000000 R10=0000000000000000 R11=0000000000000002
R12=0000000000000000 R13=000000007f5ec018 R14=0000000000000000 R15=000000007fe91f20
RIP=000000007eb3cead RFL=00000293 [--S-A-C] CPL=0 II=0 A20=1 SMM=0 HLT=0
ES =0030 0000000000000000 ffffffff 00cf9300 DPL=0 DS   [-WA]
CS =0038 0000000000000000 ffffffff 00af9a00 DPL=0 CS64 [-R-]
SS =0030 0000000000000000 ffffffff 00cf9300 DPL=0 DS   [-WA]
DS =0030 0000000000000000 ffffffff 00cf9300 DPL=0 DS   [-WA]
FS =0030 0000000000000000 ffffffff 00cf9300 DPL=0 DS   [-WA]
GS =0030 0000000000000000 ffffffff 00cf9300 DPL=0 DS   [-WA]
LDT=0000 0000000000000000 0000ffff 00008200 DPL=0 LDT
TR =0048 000000007f5da058 00000067 00008900 DPL=0 TSS64-avl
GDT=     000000007f5da000 00000057
IDT=     000000007bb7af58 00000fff
CR0=80010033 CR2=0000000000000000 CR3=000000007f801000 CR4=00000668
DR0=0000000000000000 DR1=0000000000000000 DR2=0000000000000000 DR3=0000000000000000 
DR6=00000000ffff0ff0 DR7=0000000000000400
CCS=0000000000000091 CCD=00000000000215fe CCO=EFLAGS
EFER=0000000000000d00
Servicing hardware INT=0x20
   323: v=20 e=0000 i=0 cpl=0 IP=0038:000000007eb3cf04 pc=000000007eb3cf04 SP=0030:000000007fe694e0 env->regs[R_EAX]=0000000000017d15
RAX=0000000000017d15 RBX=0000000000150abe RCX=0000000000000608 RDX=0000000000138da9
RSI=000000000000c350 RDI=000000000002bb21 RBP=000000007fe694f0 RSP=000000007fe694e0
R8 =000000007fe6958c R9 =0000000000000000 R10=0000000000000000 R11=0000000000000002
R12=0000000000000000 R13=000000007f5ec018 R14=0000000000000000 R15=000000007fe91f20
RIP=000000007eb3cf04 RFL=00000202 [-------] CPL=0 II=0 A20=1 SMM=0 HLT=0
ES =0030 0000000000000000 ffffffff 00cf9300 DPL=0 DS   [-WA]
CS =0038 0000000000000000 ffffffff 00af9a00 DPL=0 CS64 [-R-]
SS =0030 0000000000000000 ffffffff 00cf9300 DPL=0 DS   [-WA]
DS =0030 0000000000000000 ffffffff 00cf9300 DPL=0 DS   [-WA]
FS =0030 0000000000000000 ffffffff 00cf9300 DPL=0 DS   [-WA]
GS =0030 0000000000000000 ffffffff 00cf9300 DPL=0 DS   [-WA]
LDT=0000 0000000000000000 0000ffff 00008200 DPL=0 LDT
TR =0048 000000007f5da058 00000067 00008900 DPL=0 TSS64-avl
GDT=     000000007f5da000 00000057
IDT=     000000007bb7af58 00000fff
CR0=80010033 CR2=0000000000000000 CR3=000000007f801000 CR4=00000668
DR0=0000000000000000 DR1=0000000000000000 DR2=0000000000000000 DR3=0000000000000000 
DR6=00000000ffff0ff0 DR7=0000000000000400
CCS=0000000000000000 CCD=0000000000017d15 CCO=EFLAGS
EFER=0000000000000d00
Servicing hardware INT=0x20
   324: v=20 e=0000 i=0 cpl=0 IP=0038:000000007eb3cf04 pc=000000007eb3cf04 SP=0030:000000007fe694e0 env->regs[R_EAX]=000000000000f1a5
RAX=000000000000f1a5 RBX=0000000000150abe RCX=0000000000000608 RDX=0000000000141919
RSI=000000000000c350 RDI=000000000002bb21 RBP=000000007fe694f0 RSP=000000007fe694e0
R8 =000000007fe6958c R9 =0000000000000000 R10=0000000000000000 R11=0000000000000002
R12=0000000000000000 R13=000000007f5ec018 R14=0000000000000000 R15=000000007fe91f20
RIP=000000007eb3cf04 RFL=00000206 [-----P-] CPL=0 II=0 A20=1 SMM=0 HLT=0
ES =0030 0000000000000000 ffffffff 00cf9300 DPL=0 DS   [-WA]
CS =0038 0000000000000000 ffffffff 00af9a00 DPL=0 CS64 [-R-]
SS =0030 0000000000000000 ffffffff 00cf9300 DPL=0 DS   [-WA]
DS =0030 0000000000000000 ffffffff 00cf9300 DPL=0 DS   [-WA]
FS =0030 0000000000000000 ffffffff 00cf9300 DPL=0 DS   [-WA]
GS =0030 0000000000000000 ffffffff 00cf9300 DPL=0 DS   [-WA]
LDT=0000 0000000000000000 0000ffff 00008200 DPL=0 LDT
TR =0048 000000007f5da058 00000067 00008900 DPL=0 TSS64-avl
GDT=     000000007f5da000 00000057
IDT=     000000007bb7af58 00000fff
CR0=80010033 CR2=0000000000000000 CR3=000000007f801000 CR4=00000668
DR0=0000000000000000 DR1=0000000000000000 DR2=0000000000000000 DR3=0000000000000000 
DR6=00000000ffff0ff0 DR7=0000000000000400
CCS=0000000000000004 CCD=000000000000f1a5 CCO=EFLAGS
EFER=0000000000000d00
Servicing hardware INT=0x20
   325: v=20 e=0000 i=0 cpl=0 IP=0038:000000007eb3cf04 pc=000000007eb3cf04 SP=0030:000000007fe694e0 env->regs[R_EAX]=0000000000006300
RAX=0000000000006300 RBX=0000000000150abe RCX=0000000000000608 RDX=000000000014a7be
RSI=000000000000c350 RDI=000000000002bb21 RBP=000000007fe694f0 RSP=000000007fe694e0
R8 =000000007fe6958c R9 =0000000000000000 R10=0000000000000000 R11=0000000000000002
R12=0000000000000000 R13=000000007f5ec018 R14=0000000000000000 R15=000000007fe91f20
RIP=000000007eb3cf04 RFL=00000206 [-----P-] CPL=0 II=0 A20=1 SMM=0 HLT=0
ES =0030 0000000000000000 ffffffff 00cf9300 DPL=0 DS   [-WA]
CS =0038 0000000000000000 ffffffff 00af9a00 DPL=0 CS64 [-R-]
SS =0030 0000000000000000 ffffffff 00cf9300 DPL=0 DS   [-WA]
DS =0030 0000000000000000 ffffffff 00cf9300 DPL=0 DS   [-WA]
FS =0030 0000000000000000 ffffffff 00cf9300 DPL=0 DS   [-WA]
GS =0030 0000000000000000 ffffffff 00cf9300 DPL=0 DS   [-WA]
LDT=0000 0000000000000000 0000ffff 00008200 DPL=0 LDT
TR =0048 000000007f5da058 00000067 00008900 DPL=0 TSS64-avl
GDT=     000000007f5da000 00000057
IDT=     000000007bb7af58 00000fff
CR0=80010033 CR2=0000000000000000 CR3=000000007f801000 CR4=00000668
DR0=0000000000000000 DR1=0000000000000000 DR2=0000000000000000 DR3=0000000000000000 
DR6=00000000ffff0ff0 DR7=0000000000000400
CCS=0000000000000004 CCD=0000000000006300 CCO=EFLAGS
EFER=0000000000000d00
Servicing hardware INT=0x20
   326: v=20 e=0000 i=0 cpl=0 IP=0038:000000007de57ea1 pc=000000007de57ea1 SP=0030:000000007fe69560 env->regs[R_EAX]=0000000000000000
RAX=0000000000000000 RBX=00f0d3d3b8b42da0 RCX=0000000000000000 RDX=000000008002da58
RSI=0000000000000000 RDI=0000000080000000 RBP=000000007fe695a0 RSP=000000007fe69560
R8 =0000000000000000 R9 =0000000000000000 R10=0000000000000000 R11=0000000000000002
R12=000000007e6d9598 R13=000000007f5ec018 R14=0000000000000000 R15=000000007fe91f20
RIP=000000007de57ea1 RFL=00000202 [-------] CPL=0 II=0 A20=1 SMM=0 HLT=0
ES =0030 0000000000000000 ffffffff 00cf9300 DPL=0 DS   [-WA]
CS =0038 0000000000000000 ffffffff 00af9a00 DPL=0 CS64 [-R-]
SS =0030 0000000000000000 ffffffff 00cf9300 DPL=0 DS   [-WA]
DS =0030 0000000000000000 ffffffff 00cf9300 DPL=0 DS   [-WA]
FS =0030 0000000000000000 ffffffff 00cf9300 DPL=0 DS   [-WA]
GS =0030 0000000000000000 ffffffff 00cf9300 DPL=0 DS   [-WA]
LDT=0000 0000000000000000 0000ffff 00008200 DPL=0 LDT
TR =0048 000000007f5da058 00000067 00008900 DPL=0 TSS64-avl
GDT=     000000007f5da000 00000057
IDT=     000000007bb7af58 00000fff
CR0=80010033 CR2=0000000000000000 CR3=000000007f801000 CR4=00000668
DR0=0000000000000000 DR1=0000000000000000 DR2=0000000000000000 DR3=0000000000000000 
DR6=00000000ffff0ff0 DR7=0000000000000400
CCS=0000000000000000 CCD=000000008002da58 CCO=EFLAGS
EFER=0000000000000d00
Servicing hardware INT=0x20
   327: v=20 e=0000 i=0 cpl=0 IP=0038:000000007de57ea1 pc=000000007de57ea1 SP=0030:000000007fe69560 env->regs[R_EAX]=0000000000000000
RAX=0000000000000000 RBX=00f0d3d3b8b42da0 RCX=0000000000000000 RDX=00000000800bd3f0
RSI=0000000000000000 RDI=0000000080000000 RBP=000000007fe695a0 RSP=000000007fe69560
R8 =0000000000000000 R9 =0000000000000000 R10=0000000000000000 R11=0000000000000002
R12=000000007e6d9598 R13=000000007f5ec018 R14=0000000000000000 R15=000000007fe91f20
RIP=000000007de57ea1 RFL=00000206 [-----P-] CPL=0 II=0 A20=1 SMM=0 HLT=0
ES =0030 0000000000000000 ffffffff 00cf9300 DPL=0 DS   [-WA]
CS =0038 0000000000000000 ffffffff 00af9a00 DPL=0 CS64 [-R-]
SS =0030 0000000000000000 ffffffff 00cf9300 DPL=0 DS   [-WA]
DS =0030 0000000000000000 ffffffff 00cf9300 DPL=0 DS   [-WA]
FS =0030 0000000000000000 ffffffff 00cf9300 DPL=0 DS   [-WA]
GS =0030 0000000000000000 ffffffff 00cf9300 DPL=0 DS   [-WA]
LDT=0000 0000000000000000 0000ffff 00008200 DPL=0 LDT
TR =0048 000000007f5da058 00000067 00008900 DPL=0 TSS64-avl
GDT=     000000007f5da000 00000057
IDT=     000000007bb7af58 00000fff
CR0=80010033 CR2=0000000000000000 CR3=000000007f801000 CR4=00000668
DR0=0000000000000000 DR1=0000000000000000 DR2=0000000000000000 DR3=0000000000000000 
DR6=00000000ffff0ff0 DR7=0000000000000400
CCS=0000000000000004 CCD=00000000800bd3f0 CCO=EFLAGS
EFER=0000000000000d00
Servicing hardware INT=0x20
   328: v=20 e=0000 i=0 cpl=0 IP=0038:000000007de57d6d pc=000000007de57d6d SP=0030:000000007fe69558 env->regs[R_EAX]=0000000080000000
RAX=0000000080000000 RBX=00f0d3d3b8b42da0 RCX=00000000000001e2 RDX=00000000000001fe
RSI=0000000000000320 RDI=0000000080000000 RBP=000000007fe695a0 RSP=000000007fe69558
R8 =0000000000000000 R9 =0000000000000000 R10=0000000000000000 R11=0000000000000002
R12=000000007e6d9598 R13=000000007f5ec018 R14=0000000000000000 R15=000000007fe91f20
RIP=000000007de57d6d RFL=00000246 [---Z-P-] CPL=0 II=0 A20=1 SMM=0 HLT=0
ES =0030 0000000000000000 ffffffff 00cf9300 DPL=0 DS   [-WA]
CS =0038 0000000000000000 ffffffff 00af9a00 DPL=0 CS64 [-R-]
SS =0030 0000000000000000 ffffffff 00cf9300 DPL=0 DS   [-WA]
DS =0030 0000000000000000 ffffffff 00cf9300 DPL=0 DS   [-WA]
FS =0030 0000000000000000 ffffffff 00cf9300 DPL=0 DS   [-WA]
GS =0030 0000000000000000 ffffffff 00cf9300 DPL=0 DS   [-WA]
LDT=0000 0000000000000000 0000ffff 00008200 DPL=0 LDT
TR =0048 000000007f5da058 00000067 00008900 DPL=0 TSS64-avl
GDT=     000000007f5da000 00000057
IDT=     000000007bb7af58 00000fff
CR0=80010033 CR2=0000000000000000 CR3=000000007f801000 CR4=00000668
DR0=0000000000000000 DR1=0000000000000000 DR2=0000000000000000 DR3=0000000000000000 
DR6=00000000ffff0ff0 DR7=0000000000000400
CCS=0000000000000044 CCD=0000000000000000 CCO=EFLAGS
EFER=0000000000000d00
Servicing hardware INT=0x20
   329: v=20 e=0000 i=0 cpl=0 IP=0038:000000007eb3cf04 pc=000000007eb3cf04 SP=0030:000000007fe694e0 env->regs[R_EAX]=000000000002a13f
RAX=000000000002a13f RBX=00000000001969d0 RCX=0000000000000608 RDX=000000000016c891
RSI=000000000000c350 RDI=000000000002bb21 RBP=000000007fe694f0 RSP=000000007fe694e0
R8 =000000007fe6958c R9 =0000000000000000 R10=0000000000000000 R11=0000000000000002
R12=0000000000000000 R13=000000007f5ec018 R14=0000000000000000 R15=000000007fe91f20
RIP=000000007eb3cf04 RFL=00000206 [-----P-] CPL=0 II=0 A20=1 SMM=0 HLT=0
ES =0030 0000000000000000 ffffffff 00cf9300 DPL=0 DS   [-WA]
CS =0038 0000000000000000 ffffffff 00af9a00 DPL=0 CS64 [-R-]
SS =0030 0000000000000000 ffffffff 00cf9300 DPL=0 DS   [-WA]
DS =0030 0000000000000000 ffffffff 00cf9300 DPL=0 DS   [-WA]
FS =0030 0000000000000000 ffffffff 00cf9300 DPL=0 DS   [-WA]
GS =0030 0000000000000000 ffffffff 00cf9300 DPL=0 DS   [-WA]
LDT=0000 0000000000000000 0000ffff 00008200 DPL=0 LDT
TR =0048 000000007f5da058 00000067 00008900 DPL=0 TSS64-avl
GDT=     000000007f5da000 00000057
IDT=     000000007bb7af58 00000fff
CR0=80010033 CR2=0000000000000000 CR3=000000007f801000 CR4=00000668
DR0=0000000000000000 DR1=0000000000000000 DR2=0000000000000000 DR3=0000000000000000 
DR6=00000000ffff0ff0 DR7=0000000000000400
CCS=0000000000000004 CCD=000000000002a13f CCO=EFLAGS
EFER=0000000000000d00
Servicing hardware INT=0x20
   330: v=20 e=0000 i=0 cpl=0 IP=0038:000000007eb3cf04 pc=000000007eb3cf04 SP=0030:000000007fe694e0 env->regs[R_EAX]=00000000000206b2
RAX=00000000000206b2 RBX=00000000001969d0 RCX=0000000000000608 RDX=000000000017631e
RSI=000000000000c350 RDI=000000000002bb21 RBP=000000007fe694f0 RSP=000000007fe694e0
R8 =000000007fe6958c R9 =0000000000000000 R10=0000000000000000 R11=0000000000000002
R12=0000000000000000 R13=000000007f5ec018 R14=0000000000000000 R15=000000007fe91f20
RIP=000000007eb3cf04 RFL=00000206 [-----P-] CPL=0 II=0 A20=1 SMM=0 HLT=0
ES =0030 0000000000000000 ffffffff 00cf9300 DPL=0 DS   [-WA]
CS =0038 0000000000000000 ffffffff 00af9a00 DPL=0 CS64 [-R-]
SS =0030 0000000000000000 ffffffff 00cf9300 DPL=0 DS   [-WA]
DS =0030 0000000000000000 ffffffff 00cf9300 DPL=0 DS   [-WA]
FS =0030 0000000000000000 ffffffff 00cf9300 DPL=0 DS   [-WA]
GS =0030 0000000000000000 ffffffff 00cf9300 DPL=0 DS   [-WA]
LDT=0000 0000000000000000 0000ffff 00008200 DPL=0 LDT
TR =0048 000000007f5da058 00000067 00008900 DPL=0 TSS64-avl
GDT=     000000007f5da000 00000057
IDT=     000000007bb7af58 00000fff
CR0=80010033 CR2=0000000000000000 CR3=000000007f801000 CR4=00000668
DR0=0000000000000000 DR1=0000000000000000 DR2=0000000000000000 DR3=0000000000000000 
DR6=00000000ffff0ff0 DR7=0000000000000400
CCS=0000000000000004 CCD=00000000000206b2 CCO=EFLAGS
EFER=0000000000000d00
Servicing hardware INT=0x20
   331: v=20 e=0000 i=0 cpl=0 IP=0038:000000007eb3cf04 pc=000000007eb3cf04 SP=0030:000000007fe694e0 env->regs[R_EAX]=0000000000018a0c
RAX=0000000000018a0c RBX=00000000001969d0 RCX=0000000000000608 RDX=000000000017dfc4
RSI=000000000000c350 RDI=000000000002bb21 RBP=000000007fe694f0 RSP=000000007fe694e0
R8 =000000007fe6958c R9 =0000000000000000 R10=0000000000000000 R11=0000000000000002
R12=0000000000000000 R13=000000007f5ec018 R14=0000000000000000 R15=000000007fe91f20
RIP=000000007eb3cf04 RFL=00000206 [-----P-] CPL=0 II=0 A20=1 SMM=0 HLT=0
ES =0030 0000000000000000 ffffffff 00cf9300 DPL=0 DS   [-WA]
CS =0038 0000000000000000 ffffffff 00af9a00 DPL=0 CS64 [-R-]
SS =0030 0000000000000000 ffffffff 00cf9300 DPL=0 DS   [-WA]
DS =0030 0000000000000000 ffffffff 00cf9300 DPL=0 DS   [-WA]
FS =0030 0000000000000000 ffffffff 00cf9300 DPL=0 DS   [-WA]
GS =0030 0000000000000000 ffffffff 00cf9300 DPL=0 DS   [-WA]
LDT=0000 0000000000000000 0000ffff 00008200 DPL=0 LDT
TR =0048 000000007f5da058 00000067 00008900 DPL=0 TSS64-avl
GDT=     000000007f5da000 00000057
IDT=     000000007bb7af58 00000fff
CR0=80010033 CR2=0000000000000000 CR3=000000007f801000 CR4=00000668
DR0=0000000000000000 DR1=0000000000000000 DR2=0000000000000000 DR3=0000000000000000 
DR6=00000000ffff0ff0 DR7=0000000000000400
CCS=0000000000000004 CCD=0000000000018a0c CCO=EFLAGS
EFER=0000000000000d00
Servicing hardware INT=0x20
   332: v=20 e=0000 i=0 cpl=0 IP=0038:000000007eb3cf04 pc=000000007eb3cf04 SP=0030:000000007fe694e0 env->regs[R_EAX]=000000000000ef2a
RAX=000000000000ef2a RBX=00000000001969d0 RCX=0000000000000608 RDX=0000000000187aa6
RSI=000000000000c350 RDI=000000000002bb21 RBP=000000007fe694f0 RSP=000000007fe694e0
R8 =000000007fe6958c R9 =0000000000000000 R10=0000000000000000 R11=0000000000000002
R12=0000000000000000 R13=000000007f5ec018 R14=0000000000000000 R15=000000007fe91f20
RIP=000000007eb3cf04 RFL=00000202 [-------] CPL=0 II=0 A20=1 SMM=0 HLT=0
ES =0030 0000000000000000 ffffffff 00cf9300 DPL=0 DS   [-WA]
CS =0038 0000000000000000 ffffffff 00af9a00 DPL=0 CS64 [-R-]
SS =0030 0000000000000000 ffffffff 00cf9300 DPL=0 DS   [-WA]
DS =0030 0000000000000000 ffffffff 00cf9300 DPL=0 DS   [-WA]
FS =0030 0000000000000000 ffffffff 00cf9300 DPL=0 DS   [-WA]
GS =0030 0000000000000000 ffffffff 00cf9300 DPL=0 DS   [-WA]
LDT=0000 0000000000000000 0000ffff 00008200 DPL=0 LDT
TR =0048 000000007f5da058 00000067 00008900 DPL=0 TSS64-avl
GDT=     000000007f5da000 00000057
IDT=     000000007bb7af58 00000fff
CR0=80010033 CR2=0000000000000000 CR3=000000007f801000 CR4=00000668
DR0=0000000000000000 DR1=0000000000000000 DR2=0000000000000000 DR3=0000000000000000 
DR6=00000000ffff0ff0 DR7=0000000000000400
CCS=0000000000000000 CCD=000000000000ef2a CCO=EFLAGS
EFER=0000000000000d00
Servicing hardware INT=0x20
   333: v=20 e=0000 i=0 cpl=0 IP=0038:000000007eb3cf04 pc=000000007eb3cf04 SP=0030:000000007fe694e0 env->regs[R_EAX]=00000000000071e5
RAX=00000000000071e5 RBX=00000000001969d0 RCX=0000000000000608 RDX=000000000018f7eb
RSI=000000000000c350 RDI=000000000002bb21 RBP=000000007fe694f0 RSP=000000007fe694e0
R8 =000000007fe6958c R9 =0000000000000000 R10=0000000000000000 R11=0000000000000002
R12=0000000000000000 R13=000000007f5ec018 R14=0000000000000000 R15=000000007fe91f20
RIP=000000007eb3cf04 RFL=00000202 [-------] CPL=0 II=0 A20=1 SMM=0 HLT=0
ES =0030 0000000000000000 ffffffff 00cf9300 DPL=0 DS   [-WA]
CS =0038 0000000000000000 ffffffff 00af9a00 DPL=0 CS64 [-R-]
SS =0030 0000000000000000 ffffffff 00cf9300 DPL=0 DS   [-WA]
DS =0030 0000000000000000 ffffffff 00cf9300 DPL=0 DS   [-WA]
FS =0030 0000000000000000 ffffffff 00cf9300 DPL=0 DS   [-WA]
GS =0030 0000000000000000 ffffffff 00cf9300 DPL=0 DS   [-WA]
LDT=0000 0000000000000000 0000ffff 00008200 DPL=0 LDT
TR =0048 000000007f5da058 00000067 00008900 DPL=0 TSS64-avl
GDT=     000000007f5da000 00000057
IDT=     000000007bb7af58 00000fff
CR0=80010033 CR2=0000000000000000 CR3=000000007f801000 CR4=00000668
DR0=0000000000000000 DR1=0000000000000000 DR2=0000000000000000 DR3=0000000000000000 
DR6=00000000ffff0ff0 DR7=0000000000000400
CCS=0000000000000000 CCD=00000000000071e5 CCO=EFLAGS
EFER=0000000000000d00
Servicing hardware INT=0x20
   334: v=20 e=0000 i=0 cpl=0 IP=0038:000000007de57d6d pc=000000007de57d6d SP=0030:000000007fe69558 env->regs[R_EAX]=0000000080000000
RAX=0000000080000000 RBX=00f0d3d3b8b42da0 RCX=0000000000000025 RDX=00000000000000d8
RSI=0000000000000320 RDI=0000000080000000 RBP=000000007fe695a0 RSP=000000007fe69558
R8 =00000000000000ff R9 =00000000000000ff R10=00000000000000ff R11=0000000000000002
R12=000000007e6d9598 R13=000000007f5ec018 R14=0000000000000000 R15=000000007fe91f20
RIP=000000007de57d6d RFL=00000207 [-----PC] CPL=0 II=0 A20=1 SMM=0 HLT=0
ES =0030 0000000000000000 ffffffff 00cf9300 DPL=0 DS   [-WA]
CS =0038 0000000000000000 ffffffff 00af9a00 DPL=0 CS64 [-R-]
SS =0030 0000000000000000 ffffffff 00cf9300 DPL=0 DS   [-WA]
DS =0030 0000000000000000 ffffffff 00cf9300 DPL=0 DS   [-WA]
FS =0030 0000000000000000 ffffffff 00cf9300 DPL=0 DS   [-WA]
GS =0030 0000000000000000 ffffffff 00cf9300 DPL=0 DS   [-WA]
LDT=0000 0000000000000000 0000ffff 00008200 DPL=0 LDT
TR =0048 000000007f5da058 00000067 00008900 DPL=0 TSS64-avl
GDT=     000000007f5da000 00000057
IDT=     000000007bb7af58 00000fff
CR0=80010033 CR2=0000000000000000 CR3=000000007f801000 CR4=00000668
DR0=0000000000000000 DR1=0000000000000000 DR2=0000000000000000 DR3=0000000000000000 
DR6=00000000ffff0ff0 DR7=0000000000000400
CCS=0000000000000005 CCD=00000000000000ff CCO=EFLAGS
EFER=0000000000000d00
Servicing hardware INT=0x20
   335: v=20 e=0000 i=0 cpl=0 IP=0038:000000007de57ea1 pc=000000007de57ea1 SP=0030:000000007fe69560 env->regs[R_EAX]=0000000000000000
RAX=0000000000000000 RBX=00f0d3d3b8b42da0 RCX=0000000000000000 RDX=00000000800cfe28
RSI=0000000000000000 RDI=0000000080000000 RBP=000000007fe695a0 RSP=000000007fe69560
R8 =0000000000000000 R9 =0000000000000000 R10=0000000000000000 R11=0000000000000002
R12=000000007e6d9598 R13=000000007f5ec018 R14=0000000000000000 R15=000000007fe91f20
RIP=000000007de57ea1 RFL=00000206 [-----P-] CPL=0 II=0 A20=1 SMM=0 HLT=0
ES =0030 0000000000000000 ffffffff 00cf9300 DPL=0 DS   [-WA]
CS =0038 0000000000000000 ffffffff 00af9a00 DPL=0 CS64 [-R-]
SS =0030 0000000000000000 ffffffff 00cf9300 DPL=0 DS   [-WA]
DS =0030 0000000000000000 ffffffff 00cf9300 DPL=0 DS   [-WA]
FS =0030 0000000000000000 ffffffff 00cf9300 DPL=0 DS   [-WA]
GS =0030 0000000000000000 ffffffff 00cf9300 DPL=0 DS   [-WA]
LDT=0000 0000000000000000 0000ffff 00008200 DPL=0 LDT
TR =0048 000000007f5da058 00000067 00008900 DPL=0 TSS64-avl
GDT=     000000007f5da000 00000057
IDT=     000000007bb7af58 00000fff
CR0=80010033 CR2=0000000000000000 CR3=000000007f801000 CR4=00000668
DR0=0000000000000000 DR1=0000000000000000 DR2=0000000000000000 DR3=0000000000000000 
DR6=00000000ffff0ff0 DR7=0000000000000400
CCS=0000000000000004 CCD=00000000800cfe28 CCO=EFLAGS
EFER=0000000000000d00
Servicing hardware INT=0x20
   336: v=20 e=0000 i=0 cpl=0 IP=0038:000000007de57ea1 pc=000000007de57ea1 SP=0030:000000007fe69560 env->regs[R_EAX]=0000000000000000
RAX=0000000000000000 RBX=00f0d3d3b8b42da0 RCX=0000000000000000 RDX=0000000080172b84
RSI=0000000000000000 RDI=0000000080000000 RBP=000000007fe695a0 RSP=000000007fe69560
R8 =0000000000000000 R9 =0000000000000000 R10=0000000000000000 R11=0000000000000002
R12=000000007e6d9598 R13=000000007f5ec018 R14=0000000000000000 R15=000000007fe91f20
RIP=000000007de57ea1 RFL=00000206 [-----P-] CPL=0 II=0 A20=1 SMM=0 HLT=0
ES =0030 0000000000000000 ffffffff 00cf9300 DPL=0 DS   [-WA]
CS =0038 0000000000000000 ffffffff 00af9a00 DPL=0 CS64 [-R-]
SS =0030 0000000000000000 ffffffff 00cf9300 DPL=0 DS   [-WA]
DS =0030 0000000000000000 ffffffff 00cf9300 DPL=0 DS   [-WA]
FS =0030 0000000000000000 ffffffff 00cf9300 DPL=0 DS   [-WA]
GS =0030 0000000000000000 ffffffff 00cf9300 DPL=0 DS   [-WA]
LDT=0000 0000000000000000 0000ffff 00008200 DPL=0 LDT
TR =0048 000000007f5da058 00000067 00008900 DPL=0 TSS64-avl
GDT=     000000007f5da000 00000057
IDT=     000000007bb7af58 00000fff
CR0=80010033 CR2=0000000000000000 CR3=000000007f801000 CR4=00000668
DR0=0000000000000000 DR1=0000000000000000 DR2=0000000000000000 DR3=0000000000000000 
DR6=00000000ffff0ff0 DR7=0000000000000400
CCS=0000000000000004 CCD=0000000080172b84 CCO=EFLAGS
EFER=0000000000000d00
Servicing hardware INT=0x20
   337: v=20 e=0000 i=0 cpl=0 IP=0038:000000007eb3cf04 pc=000000007eb3cf04 SP=0030:000000007fe694e0 env->regs[R_EAX]=000000000002967b
RAX=000000000002967b RBX=00000000001dc52d RCX=0000000000000608 RDX=00000000001b2eb2
RSI=000000000000c350 RDI=000000000002bb21 RBP=000000007fe694f0 RSP=000000007fe694e0
R8 =000000007fe6958c R9 =0000000000000000 R10=0000000000000000 R11=0000000000000002
R12=0000000000000000 R13=000000007f5ec018 R14=0000000000000000 R15=000000007fe91f20
RIP=000000007eb3cf04 RFL=00000206 [-----P-] CPL=0 II=0 A20=1 SMM=0 HLT=0
ES =0030 0000000000000000 ffffffff 00cf9300 DPL=0 DS   [-WA]
CS =0038 0000000000000000 ffffffff 00af9a00 DPL=0 CS64 [-R-]
SS =0030 0000000000000000 ffffffff 00cf9300 DPL=0 DS   [-WA]
DS =0030 0000000000000000 ffffffff 00cf9300 DPL=0 DS   [-WA]
FS =0030 0000000000000000 ffffffff 00cf9300 DPL=0 DS   [-WA]
GS =0030 0000000000000000 ffffffff 00cf9300 DPL=0 DS   [-WA]
LDT=0000 0000000000000000 0000ffff 00008200 DPL=0 LDT
TR =0048 000000007f5da058 00000067 00008900 DPL=0 TSS64-avl
GDT=     000000007f5da000 00000057
IDT=     000000007bb7af58 00000fff
CR0=80010033 CR2=0000000000000000 CR3=000000007f801000 CR4=00000668
DR0=0000000000000000 DR1=0000000000000000 DR2=0000000000000000 DR3=0000000000000000 
DR6=00000000ffff0ff0 DR7=0000000000000400
CCS=0000000000000004 CCD=000000000002967b CCO=EFLAGS
EFER=0000000000000d00
Servicing hardware INT=0x20
   338: v=20 e=0000 i=0 cpl=0 IP=0038:000000007eb3cead pc=000000007eb3cead SP=0030:000000007fe69450 env->regs[R_EAX]=00000000001bba3b
RAX=00000000001bba3b RBX=0000000000000608 RCX=0000000000000608 RDX=0000000000000608
RSI=000000000000c350 RDI=000000000002bb21 RBP=000000007fe694b0 RSP=000000007fe69450
R8 =000000007fe6958c R9 =0000000000000000 R10=0000000000000000 R11=0000000000000002
R12=0000000000000000 R13=000000007f5ec018 R14=0000000000000000 R15=000000007fe91f20
RIP=000000007eb3cead RFL=00000293 [--S-A-C] CPL=0 II=0 A20=1 SMM=0 HLT=0
ES =0030 0000000000000000 ffffffff 00cf9300 DPL=0 DS   [-WA]
CS =0038 0000000000000000 ffffffff 00af9a00 DPL=0 CS64 [-R-]
SS =0030 0000000000000000 ffffffff 00cf9300 DPL=0 DS   [-WA]
DS =0030 0000000000000000 ffffffff 00cf9300 DPL=0 DS   [-WA]
FS =0030 0000000000000000 ffffffff 00cf9300 DPL=0 DS   [-WA]
GS =0030 0000000000000000 ffffffff 00cf9300 DPL=0 DS   [-WA]
LDT=0000 0000000000000000 0000ffff 00008200 DPL=0 LDT
TR =0048 000000007f5da058 00000067 00008900 DPL=0 TSS64-avl
GDT=     000000007f5da000 00000057
IDT=     000000007bb7af58 00000fff
CR0=80010033 CR2=0000000000000000 CR3=000000007f801000 CR4=00000668
DR0=0000000000000000 DR1=0000000000000000 DR2=0000000000000000 DR3=0000000000000000 
DR6=00000000ffff0ff0 DR7=0000000000000400
CCS=0000000000000091 CCD=00000000000209fe CCO=EFLAGS
EFER=0000000000000d00
Servicing hardware INT=0x20
   339: v=20 e=0000 i=0 cpl=0 IP=0038:000000007eb3cf04 pc=000000007eb3cf04 SP=0030:000000007fe694e0 env->regs[R_EAX]=00000000000170bd
RAX=00000000000170bd RBX=00000000001dc52d RCX=0000000000000608 RDX=00000000001c5470
RSI=000000000000c350 RDI=000000000002bb21 RBP=000000007fe694f0 RSP=000000007fe694e0
R8 =000000007fe6958c R9 =0000000000000000 R10=0000000000000000 R11=0000000000000002
R12=0000000000000000 R13=000000007f5ec018 R14=0000000000000000 R15=000000007fe91f20
RIP=000000007eb3cf04 RFL=00000206 [-----P-] CPL=0 II=0 A20=1 SMM=0 HLT=0
ES =0030 0000000000000000 ffffffff 00cf9300 DPL=0 DS   [-WA]
CS =0038 0000000000000000 ffffffff 00af9a00 DPL=0 CS64 [-R-]
SS =0030 0000000000000000 ffffffff 00cf9300 DPL=0 DS   [-WA]
DS =0030 0000000000000000 ffffffff 00cf9300 DPL=0 DS   [-WA]
FS =0030 0000000000000000 ffffffff 00cf9300 DPL=0 DS   [-WA]
GS =0030 0000000000000000 ffffffff 00cf9300 DPL=0 DS   [-WA]
LDT=0000 0000000000000000 0000ffff 00008200 DPL=0 LDT
TR =0048 000000007f5da058 00000067 00008900 DPL=0 TSS64-avl
GDT=     000000007f5da000 00000057
IDT=     000000007bb7af58 00000fff
CR0=80010033 CR2=0000000000000000 CR3=000000007f801000 CR4=00000668
DR0=0000000000000000 DR1=0000000000000000 DR2=0000000000000000 DR3=0000000000000000 
DR6=00000000ffff0ff0 DR7=0000000000000400
CCS=0000000000000004 CCD=00000000000170bd CCO=EFLAGS
EFER=0000000000000d00
Servicing hardware INT=0x20
   340: v=20 e=0000 i=0 cpl=0 IP=0038:000000007eb3cf04 pc=000000007eb3cf04 SP=0030:000000007fe694e0 env->regs[R_EAX]=000000000000e4f9
RAX=000000000000e4f9 RBX=00000000001dc52d RCX=0000000000000608 RDX=00000000001ce034
RSI=000000000000c350 RDI=000000000002bb21 RBP=000000007fe694f0 RSP=000000007fe694e0
R8 =000000007fe6958c R9 =0000000000000000 R10=0000000000000000 R11=0000000000000002
R12=0000000000000000 R13=000000007f5ec018 R14=0000000000000000 R15=000000007fe91f20
RIP=000000007eb3cf04 RFL=00000206 [-----P-] CPL=0 II=0 A20=1 SMM=0 HLT=0
ES =0030 0000000000000000 ffffffff 00cf9300 DPL=0 DS   [-WA]
CS =0038 0000000000000000 ffffffff 00af9a00 DPL=0 CS64 [-R-]
SS =0030 0000000000000000 ffffffff 00cf9300 DPL=0 DS   [-WA]
DS =0030 0000000000000000 ffffffff 00cf9300 DPL=0 DS   [-WA]
FS =0030 0000000000000000 ffffffff 00cf9300 DPL=0 DS   [-WA]
GS =0030 0000000000000000 ffffffff 00cf9300 DPL=0 DS   [-WA]
LDT=0000 0000000000000000 0000ffff 00008200 DPL=0 LDT
TR =0048 000000007f5da058 00000067 00008900 DPL=0 TSS64-avl
GDT=     000000007f5da000 00000057
IDT=     000000007bb7af58 00000fff
CR0=80010033 CR2=0000000000000000 CR3=000000007f801000 CR4=00000668
DR0=0000000000000000 DR1=0000000000000000 DR2=0000000000000000 DR3=0000000000000000 
DR6=00000000ffff0ff0 DR7=0000000000000400
CCS=0000000000000004 CCD=000000000000e4f9 CCO=EFLAGS
EFER=0000000000000d00
Servicing hardware INT=0x20
   341: v=20 e=0000 i=0 cpl=0 IP=0038:000000007eb3cead pc=000000007eb3cead SP=0030:000000007fe69450 env->regs[R_EAX]=00000000001d6c75
RAX=00000000001d6c75 RBX=0000000000000608 RCX=0000000000000608 RDX=0000000000000608
RSI=000000000000c350 RDI=000000000002bb21 RBP=000000007fe694b0 RSP=000000007fe69450
R8 =000000007fe6958c R9 =0000000000000000 R10=0000000000000000 R11=0000000000000002
R12=0000000000000000 R13=000000007f5ec018 R14=0000000000000000 R15=000000007fe91f20
RIP=000000007eb3cead RFL=00000293 [--S-A-C] CPL=0 II=0 A20=1 SMM=0 HLT=0
ES =0030 0000000000000000 ffffffff 00cf9300 DPL=0 DS   [-WA]
CS =0038 0000000000000000 ffffffff 00af9a00 DPL=0 CS64 [-R-]
SS =0030 0000000000000000 ffffffff 00cf9300 DPL=0 DS   [-WA]
DS =0030 0000000000000000 ffffffff 00cf9300 DPL=0 DS   [-WA]
FS =0030 0000000000000000 ffffffff 00cf9300 DPL=0 DS   [-WA]
GS =0030 0000000000000000 ffffffff 00cf9300 DPL=0 DS   [-WA]
LDT=0000 0000000000000000 0000ffff 00008200 DPL=0 LDT
TR =0048 000000007f5da058 00000067 00008900 DPL=0 TSS64-avl
GDT=     000000007f5da000 00000057
IDT=     000000007bb7af58 00000fff
CR0=80010033 CR2=0000000000000000 CR3=000000007f801000 CR4=00000668
DR0=0000000000000000 DR1=0000000000000000 DR2=0000000000000000 DR3=0000000000000000 
DR6=00000000ffff0ff0 DR7=0000000000000400
CCS=0000000000000091 CCD=00000000000058fe CCO=EFLAGS
EFER=0000000000000d00
Servicing hardware INT=0x20
   342: v=20 e=0000 i=0 cpl=0 IP=0038:000000007de57d6d pc=000000007de57d6d SP=0030:000000007fe69558 env->regs[R_EAX]=0000000080000000
RAX=0000000080000000 RBX=00f0d3d3b8b42da0 RCX=0000000000000036 RDX=0000000000000027
RSI=0000000000000320 RDI=0000000080000000 RBP=000000007fe695a0 RSP=000000007fe69558
R8 =00000000000000ff R9 =00000000000000ff R10=00000000000000ff R11=0000000000000002
R12=000000007e6d9598 R13=000000007f5ec018 R14=0000000000000000 R15=000000007fe91f20
RIP=000000007de57d6d RFL=00000207 [-----PC] CPL=0 II=0 A20=1 SMM=0 HLT=0
ES =0030 0000000000000000 ffffffff 00cf9300 DPL=0 DS   [-WA]
CS =0038 0000000000000000 ffffffff 00af9a00 DPL=0 CS64 [-R-]
SS =0030 0000000000000000 ffffffff 00cf9300 DPL=0 DS   [-WA]
DS =0030 0000000000000000 ffffffff 00cf9300 DPL=0 DS   [-WA]
FS =0030 0000000000000000 ffffffff 00cf9300 DPL=0 DS   [-WA]
GS =0030 0000000000000000 ffffffff 00cf9300 DPL=0 DS   [-WA]
LDT=0000 0000000000000000 0000ffff 00008200 DPL=0 LDT
TR =0048 000000007f5da058 00000067 00008900 DPL=0 TSS64-avl
GDT=     000000007f5da000 00000057
IDT=     000000007bb7af58 00000fff
CR0=80010033 CR2=0000000000000000 CR3=000000007f801000 CR4=00000668
DR0=0000000000000000 DR1=0000000000000000 DR2=0000000000000000 DR3=0000000000000000 
DR6=00000000ffff0ff0 DR7=0000000000000400
CCS=0000000000000005 CCD=00000000000000ff CCO=EFLAGS
EFER=0000000000000d00
Servicing hardware INT=0x20
   343: v=20 e=0000 i=0 cpl=0 IP=0038:000000007de57ea1 pc=000000007de57ea1 SP=0030:000000007fe69560 env->regs[R_EAX]=0000000000000000
RAX=0000000000000000 RBX=00f0d3d3b8b42da0 RCX=0000000000000000 RDX=00000000800c99f0
RSI=0000000000000000 RDI=0000000080000000 RBP=000000007fe695a0 RSP=000000007fe69560
R8 =0000000000000000 R9 =0000000000000000 R10=0000000000000000 R11=0000000000000002
R12=000000007e6d9598 R13=000000007f5ec018 R14=0000000000000000 R15=000000007fe91f20
RIP=000000007de57ea1 RFL=00000206 [-----P-] CPL=0 II=0 A20=1 SMM=0 HLT=0
ES =0030 0000000000000000 ffffffff 00cf9300 DPL=0 DS   [-WA]
CS =0038 0000000000000000 ffffffff 00af9a00 DPL=0 CS64 [-R-]
SS =0030 0000000000000000 ffffffff 00cf9300 DPL=0 DS   [-WA]
DS =0030 0000000000000000 ffffffff 00cf9300 DPL=0 DS   [-WA]
FS =0030 0000000000000000 ffffffff 00cf9300 DPL=0 DS   [-WA]
GS =0030 0000000000000000 ffffffff 00cf9300 DPL=0 DS   [-WA]
LDT=0000 0000000000000000 0000ffff 00008200 DPL=0 LDT
TR =0048 000000007f5da058 00000067 00008900 DPL=0 TSS64-avl
GDT=     000000007f5da000 00000057
IDT=     000000007bb7af58 00000fff
CR0=80010033 CR2=0000000000000000 CR3=000000007f801000 CR4=00000668
DR0=0000000000000000 DR1=0000000000000000 DR2=0000000000000000 DR3=0000000000000000 
DR6=00000000ffff0ff0 DR7=0000000000000400
CCS=0000000000000004 CCD=00000000800c99f0 CCO=EFLAGS
EFER=0000000000000d00
Servicing hardware INT=0x20
   344: v=20 e=0000 i=0 cpl=0 IP=0038:000000007de57d6d pc=000000007de57d6d SP=0030:000000007fe69558 env->regs[R_EAX]=0000000080000000
RAX=0000000080000000 RBX=00f0d3d3b8b42da0 RCX=00000000000001ce RDX=000000000000020b
RSI=0000000000000320 RDI=0000000080000000 RBP=000000007fe695a0 RSP=000000007fe69558
R8 =0000000000000000 R9 =0000000000000000 R10=0000000000000000 R11=0000000000000002
R12=000000007e6d9598 R13=000000007f5ec018 R14=0000000000000000 R15=000000007fe91f20
RIP=000000007de57d6d RFL=00000246 [---Z-P-] CPL=0 II=0 A20=1 SMM=0 HLT=0
ES =0030 0000000000000000 ffffffff 00cf9300 DPL=0 DS   [-WA]
CS =0038 0000000000000000 ffffffff 00af9a00 DPL=0 CS64 [-R-]
SS =0030 0000000000000000 ffffffff 00cf9300 DPL=0 DS   [-WA]
DS =0030 0000000000000000 ffffffff 00cf9300 DPL=0 DS   [-WA]
FS =0030 0000000000000000 ffffffff 00cf9300 DPL=0 DS   [-WA]
GS =0030 0000000000000000 ffffffff 00cf9300 DPL=0 DS   [-WA]
LDT=0000 0000000000000000 0000ffff 00008200 DPL=0 LDT
TR =0048 000000007f5da058 00000067 00008900 DPL=0 TSS64-avl
GDT=     000000007f5da000 00000057
IDT=     000000007bb7af58 00000fff
CR0=80010033 CR2=0000000000000000 CR3=000000007f801000 CR4=00000668
DR0=0000000000000000 DR1=0000000000000000 DR2=0000000000000000 DR3=0000000000000000 
DR6=00000000ffff0ff0 DR7=0000000000000400
CCS=0000000000000044 CCD=0000000000000000 CCO=EFLAGS
EFER=0000000000000d00
Servicing hardware INT=0x20
   345: v=20 e=0000 i=0 cpl=0 IP=0038:000000007eb3cf04 pc=000000007eb3cf04 SP=0030:000000007fe694e0 env->regs[R_EAX]=0000000000029106
RAX=0000000000029106 RBX=0000000000221e6b RCX=0000000000000608 RDX=00000000001f8d65
RSI=000000000000c350 RDI=000000000002bb21 RBP=000000007fe694f0 RSP=000000007fe694e0
R8 =000000007fe6958c R9 =0000000000000000 R10=0000000000000000 R11=0000000000000002
R12=0000000000000000 R13=000000007f5ec018 R14=0000000000000000 R15=000000007fe91f20
RIP=000000007eb3cf04 RFL=00000206 [-----P-] CPL=0 II=0 A20=1 SMM=0 HLT=0
ES =0030 0000000000000000 ffffffff 00cf9300 DPL=0 DS   [-WA]
CS =0038 0000000000000000 ffffffff 00af9a00 DPL=0 CS64 [-R-]
SS =0030 0000000000000000 ffffffff 00cf9300 DPL=0 DS   [-WA]
DS =0030 0000000000000000 ffffffff 00cf9300 DPL=0 DS   [-WA]
FS =0030 0000000000000000 ffffffff 00cf9300 DPL=0 DS   [-WA]
GS =0030 0000000000000000 ffffffff 00cf9300 DPL=0 DS   [-WA]
LDT=0000 0000000000000000 0000ffff 00008200 DPL=0 LDT
TR =0048 000000007f5da058 00000067 00008900 DPL=0 TSS64-avl
GDT=     000000007f5da000 00000057
IDT=     000000007bb7af58 00000fff
CR0=80010033 CR2=0000000000000000 CR3=000000007f801000 CR4=00000668
DR0=0000000000000000 DR1=0000000000000000 DR2=0000000000000000 DR3=0000000000000000 
DR6=00000000ffff0ff0 DR7=0000000000000400
CCS=0000000000000004 CCD=0000000000029106 CCO=EFLAGS
EFER=0000000000000d00
Servicing hardware INT=0x20
   346: v=20 e=0000 i=0 cpl=0 IP=0038:000000007eb3cf04 pc=000000007eb3cf04 SP=0030:000000007fe694e0 env->regs[R_EAX]=000000000002050b
RAX=000000000002050b RBX=0000000000221e6b RCX=0000000000000608 RDX=0000000000201960
RSI=000000000000c350 RDI=000000000002bb21 RBP=000000007fe694f0 RSP=000000007fe694e0
R8 =000000007fe6958c R9 =0000000000000000 R10=0000000000000000 R11=0000000000000002
R12=0000000000000000 R13=000000007f5ec018 R14=0000000000000000 R15=000000007fe91f20
RIP=000000007eb3cf04 RFL=00000202 [-------] CPL=0 II=0 A20=1 SMM=0 HLT=0
ES =0030 0000000000000000 ffffffff 00cf9300 DPL=0 DS   [-WA]
CS =0038 0000000000000000 ffffffff 00af9a00 DPL=0 CS64 [-R-]
SS =0030 0000000000000000 ffffffff 00cf9300 DPL=0 DS   [-WA]
DS =0030 0000000000000000 ffffffff 00cf9300 DPL=0 DS   [-WA]
FS =0030 0000000000000000 ffffffff 00cf9300 DPL=0 DS   [-WA]
GS =0030 0000000000000000 ffffffff 00cf9300 DPL=0 DS   [-WA]
LDT=0000 0000000000000000 0000ffff 00008200 DPL=0 LDT
TR =0048 000000007f5da058 00000067 00008900 DPL=0 TSS64-avl
GDT=     000000007f5da000 00000057
IDT=     000000007bb7af58 00000fff
CR0=80010033 CR2=0000000000000000 CR3=000000007f801000 CR4=00000668
DR0=0000000000000000 DR1=0000000000000000 DR2=0000000000000000 DR3=0000000000000000 
DR6=00000000ffff0ff0 DR7=0000000000000400
CCS=0000000000000000 CCD=000000000002050b CCO=EFLAGS
EFER=0000000000000d00
Servicing hardware INT=0x20
   347: v=20 e=0000 i=0 cpl=0 IP=0038:000000007eb3cf04 pc=000000007eb3cf04 SP=0030:000000007fe694e0 env->regs[R_EAX]=0000000000016b69
RAX=0000000000016b69 RBX=0000000000221e6b RCX=0000000000000608 RDX=000000000020b302
RSI=000000000000c350 RDI=000000000002bb21 RBP=000000007fe694f0 RSP=000000007fe694e0
R8 =000000007fe6958c R9 =0000000000000000 R10=0000000000000000 R11=0000000000000002
R12=0000000000000000 R13=000000007f5ec018 R14=0000000000000000 R15=000000007fe91f20
RIP=000000007eb3cf04 RFL=00000206 [-----P-] CPL=0 II=0 A20=1 SMM=0 HLT=0
ES =0030 0000000000000000 ffffffff 00cf9300 DPL=0 DS   [-WA]
CS =0038 0000000000000000 ffffffff 00af9a00 DPL=0 CS64 [-R-]
SS =0030 0000000000000000 ffffffff 00cf9300 DPL=0 DS   [-WA]
DS =0030 0000000000000000 ffffffff 00cf9300 DPL=0 DS   [-WA]
FS =0030 0000000000000000 ffffffff 00cf9300 DPL=0 DS   [-WA]
GS =0030 0000000000000000 ffffffff 00cf9300 DPL=0 DS   [-WA]
LDT=0000 0000000000000000 0000ffff 00008200 DPL=0 LDT
TR =0048 000000007f5da058 00000067 00008900 DPL=0 TSS64-avl
GDT=     000000007f5da000 00000057
IDT=     000000007bb7af58 00000fff
CR0=80010033 CR2=0000000000000000 CR3=000000007f801000 CR4=00000668
DR0=0000000000000000 DR1=0000000000000000 DR2=0000000000000000 DR3=0000000000000000 
DR6=00000000ffff0ff0 DR7=0000000000000400
CCS=0000000000000004 CCD=0000000000016b69 CCO=EFLAGS
EFER=0000000000000d00
Servicing hardware INT=0x20
   348: v=20 e=0000 i=0 cpl=0 IP=0038:000000007eb3cf04 pc=000000007eb3cf04 SP=0030:000000007fe694e0 env->regs[R_EAX]=000000000000dff8
RAX=000000000000dff8 RBX=0000000000221e6b RCX=0000000000000608 RDX=0000000000213e73
RSI=000000000000c350 RDI=000000000002bb21 RBP=000000007fe694f0 RSP=000000007fe694e0
R8 =000000007fe6958c R9 =0000000000000000 R10=0000000000000000 R11=0000000000000002
R12=0000000000000000 R13=000000007f5ec018 R14=0000000000000000 R15=000000007fe91f20
RIP=000000007eb3cf04 RFL=00000202 [-------] CPL=0 II=0 A20=1 SMM=0 HLT=0
ES =0030 0000000000000000 ffffffff 00cf9300 DPL=0 DS   [-WA]
CS =0038 0000000000000000 ffffffff 00af9a00 DPL=0 CS64 [-R-]
SS =0030 0000000000000000 ffffffff 00cf9300 DPL=0 DS   [-WA]
DS =0030 0000000000000000 ffffffff 00cf9300 DPL=0 DS   [-WA]
FS =0030 0000000000000000 ffffffff 00cf9300 DPL=0 DS   [-WA]
GS =0030 0000000000000000 ffffffff 00cf9300 DPL=0 DS   [-WA]
LDT=0000 0000000000000000 0000ffff 00008200 DPL=0 LDT
TR =0048 000000007f5da058 00000067 00008900 DPL=0 TSS64-avl
GDT=     000000007f5da000 00000057
IDT=     000000007bb7af58 00000fff
CR0=80010033 CR2=0000000000000000 CR3=000000007f801000 CR4=00000668
DR0=0000000000000000 DR1=0000000000000000 DR2=0000000000000000 DR3=0000000000000000 
DR6=00000000ffff0ff0 DR7=0000000000000400
CCS=0000000000000000 CCD=000000000000dff8 CCO=EFLAGS
EFER=0000000000000d00
Servicing hardware INT=0x20
   349: v=20 e=0000 i=0 cpl=0 IP=0038:000000007eb3cf04 pc=000000007eb3cf04 SP=0030:000000007fe694e0 env->regs[R_EAX]=00000000000061bf
RAX=00000000000061bf RBX=0000000000221e6b RCX=0000000000000608 RDX=000000000021bcac
RSI=000000000000c350 RDI=000000000002bb21 RBP=000000007fe694f0 RSP=000000007fe694e0
R8 =000000007fe6958c R9 =0000000000000000 R10=0000000000000000 R11=0000000000000002
R12=0000000000000000 R13=000000007f5ec018 R14=0000000000000000 R15=000000007fe91f20
RIP=000000007eb3cf04 RFL=00000202 [-------] CPL=0 II=0 A20=1 SMM=0 HLT=0
ES =0030 0000000000000000 ffffffff 00cf9300 DPL=0 DS   [-WA]
CS =0038 0000000000000000 ffffffff 00af9a00 DPL=0 CS64 [-R-]
SS =0030 0000000000000000 ffffffff 00cf9300 DPL=0 DS   [-WA]
DS =0030 0000000000000000 ffffffff 00cf9300 DPL=0 DS   [-WA]
FS =0030 0000000000000000 ffffffff 00cf9300 DPL=0 DS   [-WA]
GS =0030 0000000000000000 ffffffff 00cf9300 DPL=0 DS   [-WA]
LDT=0000 0000000000000000 0000ffff 00008200 DPL=0 LDT
TR =0048 000000007f5da058 00000067 00008900 DPL=0 TSS64-avl
GDT=     000000007f5da000 00000057
IDT=     000000007bb7af58 00000fff
CR0=80010033 CR2=0000000000000000 CR3=000000007f801000 CR4=00000668
DR0=0000000000000000 DR1=0000000000000000 DR2=0000000000000000 DR3=0000000000000000 
DR6=00000000ffff0ff0 DR7=0000000000000400
CCS=0000000000000000 CCD=00000000000061bf CCO=EFLAGS
EFER=0000000000000d00
Servicing hardware INT=0x20
   350: v=20 e=0000 i=0 cpl=0 IP=0038:000000007de57ea1 pc=000000007de57ea1 SP=0030:000000007fe69560 env->regs[R_EAX]=00000000fffe0102
RAX=00000000fffe0102 RBX=00f0d3d3b8b42da0 RCX=00000000000000fe RDX=0000000080041c58
RSI=00000000000000fe RDI=0000000080000000 RBP=000000007fe695a0 RSP=000000007fe69560
R8 =00000000000000ff R9 =00000000000000fe R10=00000000000000ff R11=0000000000000002
R12=000000007e6d9598 R13=000000007f5ec018 R14=0000000000000000 R15=000000007fe91f20
RIP=000000007de57ea1 RFL=00000202 [-------] CPL=0 II=0 A20=1 SMM=0 HLT=0
ES =0030 0000000000000000 ffffffff 00cf9300 DPL=0 DS   [-WA]
CS =0038 0000000000000000 ffffffff 00af9a00 DPL=0 CS64 [-R-]
SS =0030 0000000000000000 ffffffff 00cf9300 DPL=0 DS   [-WA]
DS =0030 0000000000000000 ffffffff 00cf9300 DPL=0 DS   [-WA]
FS =0030 0000000000000000 ffffffff 00cf9300 DPL=0 DS   [-WA]
GS =0030 0000000000000000 ffffffff 00cf9300 DPL=0 DS   [-WA]
LDT=0000 0000000000000000 0000ffff 00008200 DPL=0 LDT
TR =0048 000000007f5da058 00000067 00008900 DPL=0 TSS64-avl
GDT=     000000007f5da000 00000057
IDT=     000000007bb7af58 00000fff
CR0=80010033 CR2=0000000000000000 CR3=000000007f801000 CR4=00000668
DR0=0000000000000000 DR1=0000000000000000 DR2=0000000000000000 DR3=0000000000000000 
DR6=00000000ffff0ff0 DR7=0000000000000400
CCS=0000000000000000 CCD=0000000080041c58 CCO=EFLAGS
EFER=0000000000000d00
Servicing hardware INT=0x20
   351: v=20 e=0000 i=0 cpl=0 IP=0038:000000007de57d6d pc=000000007de57d6d SP=0030:000000007fe69558 env->regs[R_EAX]=0000000080000000
RAX=0000000080000000 RBX=00f0d3d3b8b42da0 RCX=000000000000010f RDX=00000000000001f5
RSI=0000000000000320 RDI=0000000080000000 RBP=000000007fe695a0 RSP=000000007fe69558
R8 =0000000000000000 R9 =0000000000000000 R10=0000000000000000 R11=0000000000000002
R12=000000007e6d9598 R13=000000007f5ec018 R14=0000000000000000 R15=000000007fe91f20
RIP=000000007de57d6d RFL=00000246 [---Z-P-] CPL=0 II=0 A20=1 SMM=0 HLT=0
ES =0030 0000000000000000 ffffffff 00cf9300 DPL=0 DS   [-WA]
CS =0038 0000000000000000 ffffffff 00af9a00 DPL=0 CS64 [-R-]
SS =0030 0000000000000000 ffffffff 00cf9300 DPL=0 DS   [-WA]
DS =0030 0000000000000000 ffffffff 00cf9300 DPL=0 DS   [-WA]
FS =0030 0000000000000000 ffffffff 00cf9300 DPL=0 DS   [-WA]
GS =0030 0000000000000000 ffffffff 00cf9300 DPL=0 DS   [-WA]
LDT=0000 0000000000000000 0000ffff 00008200 DPL=0 LDT
TR =0048 000000007f5da058 00000067 00008900 DPL=0 TSS64-avl
GDT=     000000007f5da000 00000057
IDT=     000000007bb7af58 00000fff
CR0=80010033 CR2=0000000000000000 CR3=000000007f801000 CR4=00000668
DR0=0000000000000000 DR1=0000000000000000 DR2=0000000000000000 DR3=0000000000000000 
DR6=00000000ffff0ff0 DR7=0000000000000400
CCS=0000000000000044 CCD=0000000000000000 CCO=EFLAGS
EFER=0000000000000d00
Servicing hardware INT=0x20
   352: v=20 e=0000 i=0 cpl=0 IP=0038:000000007de57ea1 pc=000000007de57ea1 SP=0030:000000007fe69560 env->regs[R_EAX]=0000000000000000
RAX=0000000000000000 RBX=00f0d3d3b8b42da0 RCX=0000000000000000 RDX=00000000801833ec
RSI=0000000000000000 RDI=0000000080000000 RBP=000000007fe695a0 RSP=000000007fe69560
R8 =0000000000000000 R9 =0000000000000000 R10=0000000000000000 R11=0000000000000002
R12=000000007e6d9598 R13=000000007f5ec018 R14=0000000000000000 R15=000000007fe91f20
RIP=000000007de57ea1 RFL=00000202 [-------] CPL=0 II=0 A20=1 SMM=0 HLT=0
ES =0030 0000000000000000 ffffffff 00cf9300 DPL=0 DS   [-WA]
CS =0038 0000000000000000 ffffffff 00af9a00 DPL=0 CS64 [-R-]
SS =0030 0000000000000000 ffffffff 00cf9300 DPL=0 DS   [-WA]
DS =0030 0000000000000000 ffffffff 00cf9300 DPL=0 DS   [-WA]
FS =0030 0000000000000000 ffffffff 00cf9300 DPL=0 DS   [-WA]
GS =0030 0000000000000000 ffffffff 00cf9300 DPL=0 DS   [-WA]
LDT=0000 0000000000000000 0000ffff 00008200 DPL=0 LDT
TR =0048 000000007f5da058 00000067 00008900 DPL=0 TSS64-avl
GDT=     000000007f5da000 00000057
IDT=     000000007bb7af58 00000fff
CR0=80010033 CR2=0000000000000000 CR3=000000007f801000 CR4=00000668
DR0=0000000000000000 DR1=0000000000000000 DR2=0000000000000000 DR3=0000000000000000 
DR6=00000000ffff0ff0 DR7=0000000000000400
CCS=0000000000000000 CCD=00000000801833ec CCO=EFLAGS
EFER=0000000000000d00
Servicing hardware INT=0x20
   353: v=20 e=0000 i=0 cpl=0 IP=0038:000000007eb3cf04 pc=000000007eb3cf04 SP=0030:000000007fe694e0 env->regs[R_EAX]=000000000002859c
RAX=000000000002859c RBX=00000000002671a6 RCX=0000000000000608 RDX=000000000023ec0a
RSI=000000000000c350 RDI=000000000002bb21 RBP=000000007fe694f0 RSP=000000007fe694e0
R8 =000000007fe6958c R9 =0000000000000000 R10=0000000000000000 R11=0000000000000002
R12=0000000000000000 R13=000000007f5ec018 R14=0000000000000000 R15=000000007fe91f20
RIP=000000007eb3cf04 RFL=00000206 [-----P-] CPL=0 II=0 A20=1 SMM=0 HLT=0
ES =0030 0000000000000000 ffffffff 00cf9300 DPL=0 DS   [-WA]
CS =0038 0000000000000000 ffffffff 00af9a00 DPL=0 CS64 [-R-]
SS =0030 0000000000000000 ffffffff 00cf9300 DPL=0 DS   [-WA]
DS =0030 0000000000000000 ffffffff 00cf9300 DPL=0 DS   [-WA]
FS =0030 0000000000000000 ffffffff 00cf9300 DPL=0 DS   [-WA]
GS =0030 0000000000000000 ffffffff 00cf9300 DPL=0 DS   [-WA]
LDT=0000 0000000000000000 0000ffff 00008200 DPL=0 LDT
TR =0048 000000007f5da058 00000067 00008900 DPL=0 TSS64-avl
GDT=     000000007f5da000 00000057
IDT=     000000007bb7af58 00000fff
CR0=80010033 CR2=0000000000000000 CR3=000000007f801000 CR4=00000668
DR0=0000000000000000 DR1=0000000000000000 DR2=0000000000000000 DR3=0000000000000000 
DR6=00000000ffff0ff0 DR7=0000000000000400
CCS=0000000000000004 CCD=000000000002859c CCO=EFLAGS
EFER=0000000000000d00
Servicing hardware INT=0x20
   354: v=20 e=0000 i=0 cpl=0 IP=0038:000000007eb3cf04 pc=000000007eb3cf04 SP=0030:000000007fe694e0 env->regs[R_EAX]=000000000001f9c5
RAX=000000000001f9c5 RBX=00000000002671a6 RCX=0000000000000608 RDX=00000000002477e1
RSI=000000000000c350 RDI=000000000002bb21 RBP=000000007fe694f0 RSP=000000007fe694e0
R8 =000000007fe6958c R9 =0000000000000000 R10=0000000000000000 R11=0000000000000002
R12=0000000000000000 R13=000000007f5ec018 R14=0000000000000000 R15=000000007fe91f20
RIP=000000007eb3cf04 RFL=00000206 [-----P-] CPL=0 II=0 A20=1 SMM=0 HLT=0
ES =0030 0000000000000000 ffffffff 00cf9300 DPL=0 DS   [-WA]
CS =0038 0000000000000000 ffffffff 00af9a00 DPL=0 CS64 [-R-]
SS =0030 0000000000000000 ffffffff 00cf9300 DPL=0 DS   [-WA]
DS =0030 0000000000000000 ffffffff 00cf9300 DPL=0 DS   [-WA]
FS =0030 0000000000000000 ffffffff 00cf9300 DPL=0 DS   [-WA]
GS =0030 0000000000000000 ffffffff 00cf9300 DPL=0 DS   [-WA]
LDT=0000 0000000000000000 0000ffff 00008200 DPL=0 LDT
TR =0048 000000007f5da058 00000067 00008900 DPL=0 TSS64-avl
GDT=     000000007f5da000 00000057
IDT=     000000007bb7af58 00000fff
CR0=80010033 CR2=0000000000000000 CR3=000000007f801000 CR4=00000668
DR0=0000000000000000 DR1=0000000000000000 DR2=0000000000000000 DR3=0000000000000000 
DR6=00000000ffff0ff0 DR7=0000000000000400
CCS=0000000000000004 CCD=000000000001f9c5 CCO=EFLAGS
EFER=0000000000000d00
Servicing hardware INT=0x20
   355: v=20 e=0000 i=0 cpl=0 IP=0038:000000007eb3cf04 pc=000000007eb3cf04 SP=0030:000000007fe694e0 env->regs[R_EAX]=0000000000016e00
RAX=0000000000016e00 RBX=00000000002671a6 RCX=0000000000000608 RDX=00000000002503a6
RSI=000000000000c350 RDI=000000000002bb21 RBP=000000007fe694f0 RSP=000000007fe694e0
R8 =000000007fe6958c R9 =0000000000000000 R10=0000000000000000 R11=0000000000000002
R12=0000000000000000 R13=000000007f5ec018 R14=0000000000000000 R15=000000007fe91f20
RIP=000000007eb3cf04 RFL=00000206 [-----P-] CPL=0 II=0 A20=1 SMM=0 HLT=0
ES =0030 0000000000000000 ffffffff 00cf9300 DPL=0 DS   [-WA]
CS =0038 0000000000000000 ffffffff 00af9a00 DPL=0 CS64 [-R-]
SS =0030 0000000000000000 ffffffff 00cf9300 DPL=0 DS   [-WA]
DS =0030 0000000000000000 ffffffff 00cf9300 DPL=0 DS   [-WA]
FS =0030 0000000000000000 ffffffff 00cf9300 DPL=0 DS   [-WA]
GS =0030 0000000000000000 ffffffff 00cf9300 DPL=0 DS   [-WA]
LDT=0000 0000000000000000 0000ffff 00008200 DPL=0 LDT
TR =0048 000000007f5da058 00000067 00008900 DPL=0 TSS64-avl
GDT=     000000007f5da000 00000057
IDT=     000000007bb7af58 00000fff
CR0=80010033 CR2=0000000000000000 CR3=000000007f801000 CR4=00000668
DR0=0000000000000000 DR1=0000000000000000 DR2=0000000000000000 DR3=0000000000000000 
DR6=00000000ffff0ff0 DR7=0000000000000400
CCS=0000000000000004 CCD=0000000000016e00 CCO=EFLAGS
EFER=0000000000000d00
Servicing hardware INT=0x20
   356: v=20 e=0000 i=0 cpl=0 IP=0038:000000007eb3cf04 pc=000000007eb3cf04 SP=0030:000000007fe694e0 env->regs[R_EAX]=000000000000d4a6
RAX=000000000000d4a6 RBX=00000000002671a6 RCX=0000000000000608 RDX=0000000000259d00
RSI=000000000000c350 RDI=000000000002bb21 RBP=000000007fe694f0 RSP=000000007fe694e0
R8 =000000007fe6958c R9 =0000000000000000 R10=0000000000000000 R11=0000000000000002
R12=0000000000000000 R13=000000007f5ec018 R14=0000000000000000 R15=000000007fe91f20
RIP=000000007eb3cf04 RFL=00000206 [-----P-] CPL=0 II=0 A20=1 SMM=0 HLT=0
ES =0030 0000000000000000 ffffffff 00cf9300 DPL=0 DS   [-WA]
CS =0038 0000000000000000 ffffffff 00af9a00 DPL=0 CS64 [-R-]
SS =0030 0000000000000000 ffffffff 00cf9300 DPL=0 DS   [-WA]
DS =0030 0000000000000000 ffffffff 00cf9300 DPL=0 DS   [-WA]
FS =0030 0000000000000000 ffffffff 00cf9300 DPL=0 DS   [-WA]
GS =0030 0000000000000000 ffffffff 00cf9300 DPL=0 DS   [-WA]
LDT=0000 0000000000000000 0000ffff 00008200 DPL=0 LDT
TR =0048 000000007f5da058 00000067 00008900 DPL=0 TSS64-avl
GDT=     000000007f5da000 00000057
IDT=     000000007bb7af58 00000fff
CR0=80010033 CR2=0000000000000000 CR3=000000007f801000 CR4=00000668
DR0=0000000000000000 DR1=0000000000000000 DR2=0000000000000000 DR3=0000000000000000 
DR6=00000000ffff0ff0 DR7=0000000000000400
CCS=0000000000000004 CCD=000000000000d4a6 CCO=EFLAGS
EFER=0000000000000d00
Servicing hardware INT=0x20
   357: v=20 e=0000 i=0 cpl=0 IP=0038:000000007eb3cf04 pc=000000007eb3cf04 SP=0030:000000007fe694e0 env->regs[R_EAX]=00000000000055f5
RAX=00000000000055f5 RBX=00000000002671a6 RCX=0000000000000608 RDX=0000000000261bb1
RSI=000000000000c350 RDI=000000000002bb21 RBP=000000007fe694f0 RSP=000000007fe694e0
R8 =000000007fe6958c R9 =0000000000000000 R10=0000000000000000 R11=0000000000000002
R12=0000000000000000 R13=000000007f5ec018 R14=0000000000000000 R15=000000007fe91f20
RIP=000000007eb3cf04 RFL=00000206 [-----P-] CPL=0 II=0 A20=1 SMM=0 HLT=0
ES =0030 0000000000000000 ffffffff 00cf9300 DPL=0 DS   [-WA]
CS =0038 0000000000000000 ffffffff 00af9a00 DPL=0 CS64 [-R-]
SS =0030 0000000000000000 ffffffff 00cf9300 DPL=0 DS   [-WA]
DS =0030 0000000000000000 ffffffff 00cf9300 DPL=0 DS   [-WA]
FS =0030 0000000000000000 ffffffff 00cf9300 DPL=0 DS   [-WA]
GS =0030 0000000000000000 ffffffff 00cf9300 DPL=0 DS   [-WA]
LDT=0000 0000000000000000 0000ffff 00008200 DPL=0 LDT
TR =0048 000000007f5da058 00000067 00008900 DPL=0 TSS64-avl
GDT=     000000007f5da000 00000057
IDT=     000000007bb7af58 00000fff
CR0=80010033 CR2=0000000000000000 CR3=000000007f801000 CR4=00000668
DR0=0000000000000000 DR1=0000000000000000 DR2=0000000000000000 DR3=0000000000000000 
DR6=00000000ffff0ff0 DR7=0000000000000400
CCS=0000000000000004 CCD=00000000000055f5 CCO=EFLAGS
EFER=0000000000000d00
Servicing hardware INT=0x20
   358: v=20 e=0000 i=0 cpl=0 IP=0038:000000007de57d6d pc=000000007de57d6d SP=0030:000000007fe69558 env->regs[R_EAX]=0000000080000000
RAX=0000000080000000 RBX=00f0d3d3b8b42da0 RCX=0000000000000049 RDX=0000000000000206
RSI=0000000000000320 RDI=0000000080000000 RBP=000000007fe695a0 RSP=000000007fe69558
R8 =0000000000000000 R9 =0000000000000000 R10=0000000000000000 R11=0000000000000002
R12=000000007e6d9598 R13=000000007f5ec018 R14=0000000000000000 R15=000000007fe91f20
RIP=000000007de57d6d RFL=00000246 [---Z-P-] CPL=0 II=0 A20=1 SMM=0 HLT=0
ES =0030 0000000000000000 ffffffff 00cf9300 DPL=0 DS   [-WA]
CS =0038 0000000000000000 ffffffff 00af9a00 DPL=0 CS64 [-R-]
SS =0030 0000000000000000 ffffffff 00cf9300 DPL=0 DS   [-WA]
DS =0030 0000000000000000 ffffffff 00cf9300 DPL=0 DS   [-WA]
FS =0030 0000000000000000 ffffffff 00cf9300 DPL=0 DS   [-WA]
GS =0030 0000000000000000 ffffffff 00cf9300 DPL=0 DS   [-WA]
LDT=0000 0000000000000000 0000ffff 00008200 DPL=0 LDT
TR =0048 000000007f5da058 00000067 00008900 DPL=0 TSS64-avl
GDT=     000000007f5da000 00000057
IDT=     000000007bb7af58 00000fff
CR0=80010033 CR2=0000000000000000 CR3=000000007f801000 CR4=00000668
DR0=0000000000000000 DR1=0000000000000000 DR2=0000000000000000 DR3=0000000000000000 
DR6=00000000ffff0ff0 DR7=0000000000000400
CCS=0000000000000044 CCD=0000000000000000 CCO=EFLAGS
EFER=0000000000000d00
Servicing hardware INT=0x20
   359: v=20 e=0000 i=0 cpl=0 IP=0038:000000007de57ea1 pc=000000007de57ea1 SP=0030:000000007fe69560 env->regs[R_EAX]=0000000000000000
RAX=0000000000000000 RBX=00f0d3d3b8b42da0 RCX=0000000000000000 RDX=00000000800d64dc
RSI=0000000000000000 RDI=0000000080000000 RBP=000000007fe695a0 RSP=000000007fe69560
R8 =0000000000000000 R9 =0000000000000000 R10=0000000000000000 R11=0000000000000002
R12=000000007e6d9598 R13=000000007f5ec018 R14=0000000000000000 R15=000000007fe91f20
RIP=000000007de57ea1 RFL=00000202 [-------] CPL=0 II=0 A20=1 SMM=0 HLT=0
ES =0030 0000000000000000 ffffffff 00cf9300 DPL=0 DS   [-WA]
CS =0038 0000000000000000 ffffffff 00af9a00 DPL=0 CS64 [-R-]
SS =0030 0000000000000000 ffffffff 00cf9300 DPL=0 DS   [-WA]
DS =0030 0000000000000000 ffffffff 00cf9300 DPL=0 DS   [-WA]
FS =0030 0000000000000000 ffffffff 00cf9300 DPL=0 DS   [-WA]
GS =0030 0000000000000000 ffffffff 00cf9300 DPL=0 DS   [-WA]
LDT=0000 0000000000000000 0000ffff 00008200 DPL=0 LDT
TR =0048 000000007f5da058 00000067 00008900 DPL=0 TSS64-avl
GDT=     000000007f5da000 00000057
IDT=     000000007bb7af58 00000fff
CR0=80010033 CR2=0000000000000000 CR3=000000007f801000 CR4=00000668
DR0=0000000000000000 DR1=0000000000000000 DR2=0000000000000000 DR3=0000000000000000 
DR6=00000000ffff0ff0 DR7=0000000000000400
CCS=0000000000000000 CCD=00000000800d64dc CCO=EFLAGS
EFER=0000000000000d00
Servicing hardware INT=0x20
   360: v=20 e=0000 i=0 cpl=0 IP=0038:000000007de57d6d pc=000000007de57d6d SP=0030:000000007fe69558 env->regs[R_EAX]=0000000080000000
RAX=0000000080000000 RBX=00f0d3d3b8b42da0 RCX=00000000000001e1 RDX=000000000000003a
RSI=0000000000000320 RDI=0000000080000000 RBP=000000007fe695a0 RSP=000000007fe69558
R8 =0000000000000000 R9 =0000000000000000 R10=0000000000000000 R11=0000000000000002
R12=000000007e6d9598 R13=000000007f5ec018 R14=0000000000000000 R15=000000007fe91f20
RIP=000000007de57d6d RFL=00000246 [---Z-P-] CPL=0 II=0 A20=1 SMM=0 HLT=0
ES =0030 0000000000000000 ffffffff 00cf9300 DPL=0 DS   [-WA]
CS =0038 0000000000000000 ffffffff 00af9a00 DPL=0 CS64 [-R-]
SS =0030 0000000000000000 ffffffff 00cf9300 DPL=0 DS   [-WA]
DS =0030 0000000000000000 ffffffff 00cf9300 DPL=0 DS   [-WA]
FS =0030 0000000000000000 ffffffff 00cf9300 DPL=0 DS   [-WA]
GS =0030 0000000000000000 ffffffff 00cf9300 DPL=0 DS   [-WA]
LDT=0000 0000000000000000 0000ffff 00008200 DPL=0 LDT
TR =0048 000000007f5da058 00000067 00008900 DPL=0 TSS64-avl
GDT=     000000007f5da000 00000057
IDT=     000000007bb7af58 00000fff
CR0=80010033 CR2=0000000000000000 CR3=000000007f801000 CR4=00000668
DR0=0000000000000000 DR1=0000000000000000 DR2=0000000000000000 DR3=0000000000000000 
DR6=00000000ffff0ff0 DR7=0000000000000400
CCS=0000000000000044 CCD=0000000000000000 CCO=EFLAGS
EFER=0000000000000d00
Servicing hardware INT=0x20
   361: v=20 e=0000 i=0 cpl=0 IP=0038:000000007eb3cf04 pc=000000007eb3cf04 SP=0030:000000007fe694e0 env->regs[R_EAX]=0000000000027244
RAX=0000000000027244 RBX=00000000002acae9 RCX=0000000000000608 RDX=00000000002858a5
RSI=000000000000c350 RDI=000000000002bb21 RBP=000000007fe694f0 RSP=000000007fe694e0
R8 =000000007fe6958c R9 =0000000000000000 R10=0000000000000000 R11=0000000000000002
R12=0000000000000000 R13=000000007f5ec018 R14=0000000000000000 R15=000000007fe91f20
RIP=000000007eb3cf04 RFL=00000206 [-----P-] CPL=0 II=0 A20=1 SMM=0 HLT=0
ES =0030 0000000000000000 ffffffff 00cf9300 DPL=0 DS   [-WA]
CS =0038 0000000000000000 ffffffff 00af9a00 DPL=0 CS64 [-R-]
SS =0030 0000000000000000 ffffffff 00cf9300 DPL=0 DS   [-WA]
DS =0030 0000000000000000 ffffffff 00cf9300 DPL=0 DS   [-WA]
FS =0030 0000000000000000 ffffffff 00cf9300 DPL=0 DS   [-WA]
GS =0030 0000000000000000 ffffffff 00cf9300 DPL=0 DS   [-WA]
LDT=0000 0000000000000000 0000ffff 00008200 DPL=0 LDT
TR =0048 000000007f5da058 00000067 00008900 DPL=0 TSS64-avl
GDT=     000000007f5da000 00000057
IDT=     000000007bb7af58 00000fff
CR0=80010033 CR2=0000000000000000 CR3=000000007f801000 CR4=00000668
DR0=0000000000000000 DR1=0000000000000000 DR2=0000000000000000 DR3=0000000000000000 
DR6=00000000ffff0ff0 DR7=0000000000000400
CCS=0000000000000004 CCD=0000000000027244 CCO=EFLAGS
EFER=0000000000000d00
Servicing hardware INT=0x20
   362: v=20 e=0000 i=0 cpl=0 IP=0038:000000007eb3cf04 pc=000000007eb3cf04 SP=0030:000000007fe694e0 env->regs[R_EAX]=000000000001ff1b
RAX=000000000001ff1b RBX=00000000002acae9 RCX=0000000000000608 RDX=000000000028cbce
RSI=000000000000c350 RDI=000000000002bb21 RBP=000000007fe694f0 RSP=000000007fe694e0
R8 =000000007fe6958c R9 =0000000000000000 R10=0000000000000000 R11=0000000000000002
R12=0000000000000000 R13=000000007f5ec018 R14=0000000000000000 R15=000000007fe91f20
RIP=000000007eb3cf04 RFL=00000206 [-----P-] CPL=0 II=0 A20=1 SMM=0 HLT=0
ES =0030 0000000000000000 ffffffff 00cf9300 DPL=0 DS   [-WA]
CS =0038 0000000000000000 ffffffff 00af9a00 DPL=0 CS64 [-R-]
SS =0030 0000000000000000 ffffffff 00cf9300 DPL=0 DS   [-WA]
DS =0030 0000000000000000 ffffffff 00cf9300 DPL=0 DS   [-WA]
FS =0030 0000000000000000 ffffffff 00cf9300 DPL=0 DS   [-WA]
GS =0030 0000000000000000 ffffffff 00cf9300 DPL=0 DS   [-WA]
LDT=0000 0000000000000000 0000ffff 00008200 DPL=0 LDT
TR =0048 000000007f5da058 00000067 00008900 DPL=0 TSS64-avl
GDT=     000000007f5da000 00000057
IDT=     000000007bb7af58 00000fff
CR0=80010033 CR2=0000000000000000 CR3=000000007f801000 CR4=00000668
DR0=0000000000000000 DR1=0000000000000000 DR2=0000000000000000 DR3=0000000000000000 
DR6=00000000ffff0ff0 DR7=0000000000000400
CCS=0000000000000004 CCD=000000000001ff1b CCO=EFLAGS
EFER=0000000000000d00
Servicing hardware INT=0x20
   363: v=20 e=0000 i=0 cpl=0 IP=0038:000000007eb3cf04 pc=000000007eb3cf04 SP=0030:000000007fe694e0 env->regs[R_EAX]=000000000001698f
RAX=000000000001698f RBX=00000000002acae9 RCX=0000000000000608 RDX=000000000029615a
RSI=000000000000c350 RDI=000000000002bb21 RBP=000000007fe694f0 RSP=000000007fe694e0
R8 =000000007fe6958c R9 =0000000000000000 R10=0000000000000000 R11=0000000000000002
R12=0000000000000000 R13=000000007f5ec018 R14=0000000000000000 R15=000000007fe91f20
RIP=000000007eb3cf04 RFL=00000202 [-------] CPL=0 II=0 A20=1 SMM=0 HLT=0
ES =0030 0000000000000000 ffffffff 00cf9300 DPL=0 DS   [-WA]
CS =0038 0000000000000000 ffffffff 00af9a00 DPL=0 CS64 [-R-]
SS =0030 0000000000000000 ffffffff 00cf9300 DPL=0 DS   [-WA]
DS =0030 0000000000000000 ffffffff 00cf9300 DPL=0 DS   [-WA]
FS =0030 0000000000000000 ffffffff 00cf9300 DPL=0 DS   [-WA]
GS =0030 0000000000000000 ffffffff 00cf9300 DPL=0 DS   [-WA]
LDT=0000 0000000000000000 0000ffff 00008200 DPL=0 LDT
TR =0048 000000007f5da058 00000067 00008900 DPL=0 TSS64-avl
GDT=     000000007f5da000 00000057
IDT=     000000007bb7af58 00000fff
CR0=80010033 CR2=0000000000000000 CR3=000000007f801000 CR4=00000668
DR0=0000000000000000 DR1=0000000000000000 DR2=0000000000000000 DR3=0000000000000000 
DR6=00000000ffff0ff0 DR7=0000000000000400
CCS=0000000000000000 CCD=000000000001698f CCO=EFLAGS
EFER=0000000000000d00
Servicing hardware INT=0x20
   364: v=20 e=0000 i=0 cpl=0 IP=0038:000000007eb3cf04 pc=000000007eb3cf04 SP=0030:000000007fe694e0 env->regs[R_EAX]=000000000000dd35
RAX=000000000000dd35 RBX=00000000002acae9 RCX=0000000000000608 RDX=000000000029edb4
RSI=000000000000c350 RDI=000000000002bb21 RBP=000000007fe694f0 RSP=000000007fe694e0
R8 =000000007fe6958c R9 =0000000000000000 R10=0000000000000000 R11=0000000000000002
R12=0000000000000000 R13=000000007f5ec018 R14=0000000000000000 R15=000000007fe91f20
RIP=000000007eb3cf04 RFL=00000206 [-----P-] CPL=0 II=0 A20=1 SMM=0 HLT=0
ES =0030 0000000000000000 ffffffff 00cf9300 DPL=0 DS   [-WA]
CS =0038 0000000000000000 ffffffff 00af9a00 DPL=0 CS64 [-R-]
SS =0030 0000000000000000 ffffffff 00cf9300 DPL=0 DS   [-WA]
DS =0030 0000000000000000 ffffffff 00cf9300 DPL=0 DS   [-WA]
FS =0030 0000000000000000 ffffffff 00cf9300 DPL=0 DS   [-WA]
GS =0030 0000000000000000 ffffffff 00cf9300 DPL=0 DS   [-WA]
LDT=0000 0000000000000000 0000ffff 00008200 DPL=0 LDT
TR =0048 000000007f5da058 00000067 00008900 DPL=0 TSS64-avl
GDT=     000000007f5da000 00000057
IDT=     000000007bb7af58 00000fff
CR0=80010033 CR2=0000000000000000 CR3=000000007f801000 CR4=00000668
DR0=0000000000000000 DR1=0000000000000000 DR2=0000000000000000 DR3=0000000000000000 
DR6=00000000ffff0ff0 DR7=0000000000000400
CCS=0000000000000004 CCD=000000000000dd35 CCO=EFLAGS
EFER=0000000000000d00
Servicing hardware INT=0x20
   365: v=20 e=0000 i=0 cpl=0 IP=0038:000000007eb3cf04 pc=000000007eb3cf04 SP=0030:000000007fe694e0 env->regs[R_EAX]=0000000000003e46
RAX=0000000000003e46 RBX=00000000002acae9 RCX=0000000000000608 RDX=00000000002a8ca3
RSI=000000000000c350 RDI=000000000002bb21 RBP=000000007fe694f0 RSP=000000007fe694e0
R8 =000000007fe6958c R9 =0000000000000000 R10=0000000000000000 R11=0000000000000002
R12=0000000000000000 R13=000000007f5ec018 R14=0000000000000000 R15=000000007fe91f20
RIP=000000007eb3cf04 RFL=00000202 [-------] CPL=0 II=0 A20=1 SMM=0 HLT=0
ES =0030 0000000000000000 ffffffff 00cf9300 DPL=0 DS   [-WA]
CS =0038 0000000000000000 ffffffff 00af9a00 DPL=0 CS64 [-R-]
SS =0030 0000000000000000 ffffffff 00cf9300 DPL=0 DS   [-WA]
DS =0030 0000000000000000 ffffffff 00cf9300 DPL=0 DS   [-WA]
FS =0030 0000000000000000 ffffffff 00cf9300 DPL=0 DS   [-WA]
GS =0030 0000000000000000 ffffffff 00cf9300 DPL=0 DS   [-WA]
LDT=0000 0000000000000000 0000ffff 00008200 DPL=0 LDT
TR =0048 000000007f5da058 00000067 00008900 DPL=0 TSS64-avl
GDT=     000000007f5da000 00000057
IDT=     000000007bb7af58 00000fff
CR0=80010033 CR2=0000000000000000 CR3=000000007f801000 CR4=00000668
DR0=0000000000000000 DR1=0000000000000000 DR2=0000000000000000 DR3=0000000000000000 
DR6=00000000ffff0ff0 DR7=0000000000000400
CCS=0000000000000000 CCD=0000000000003e46 CCO=EFLAGS
EFER=0000000000000d00
Servicing hardware INT=0x20
   366: v=20 e=0000 i=0 cpl=0 IP=0038:000000007de57d6d pc=000000007de57d6d SP=0030:000000007fe69558 env->regs[R_EAX]=0000000080000000
RAX=0000000080000000 RBX=00f0d3d3b8b42da0 RCX=0000000000000057 RDX=0000000000000143
RSI=0000000000000320 RDI=0000000080000000 RBP=000000007fe695a0 RSP=000000007fe69558
R8 =00000000000000ff R9 =00000000000000ff R10=00000000000000ff R11=0000000000000002
R12=000000007e6d9598 R13=000000007f5ec018 R14=0000000000000000 R15=000000007fe91f20
RIP=000000007de57d6d RFL=00000207 [-----PC] CPL=0 II=0 A20=1 SMM=0 HLT=0
ES =0030 0000000000000000 ffffffff 00cf9300 DPL=0 DS   [-WA]
CS =0038 0000000000000000 ffffffff 00af9a00 DPL=0 CS64 [-R-]
SS =0030 0000000000000000 ffffffff 00cf9300 DPL=0 DS   [-WA]
DS =0030 0000000000000000 ffffffff 00cf9300 DPL=0 DS   [-WA]
FS =0030 0000000000000000 ffffffff 00cf9300 DPL=0 DS   [-WA]
GS =0030 0000000000000000 ffffffff 00cf9300 DPL=0 DS   [-WA]
LDT=0000 0000000000000000 0000ffff 00008200 DPL=0 LDT
TR =0048 000000007f5da058 00000067 00008900 DPL=0 TSS64-avl
GDT=     000000007f5da000 00000057
IDT=     000000007bb7af58 00000fff
CR0=80010033 CR2=0000000000000000 CR3=000000007f801000 CR4=00000668
DR0=0000000000000000 DR1=0000000000000000 DR2=0000000000000000 DR3=0000000000000000 
DR6=00000000ffff0ff0 DR7=0000000000000400
CCS=0000000000000005 CCD=00000000000000ff CCO=EFLAGS
EFER=0000000000000d00
Servicing hardware INT=0x20
   367: v=20 e=0000 i=0 cpl=0 IP=0038:000000007de57d6d pc=000000007de57d6d SP=0030:000000007fe69558 env->regs[R_EAX]=0000000080000000
RAX=0000000080000000 RBX=00f0d3d3b8b42da0 RCX=000000000000013c RDX=0000000000000190
RSI=0000000000000320 RDI=0000000080000000 RBP=000000007fe695a0 RSP=000000007fe69558
R8 =0000000000000000 R9 =0000000000000000 R10=0000000000000000 R11=0000000000000002
R12=000000007e6d9598 R13=000000007f5ec018 R14=0000000000000000 R15=000000007fe91f20
RIP=000000007de57d6d RFL=00000246 [---Z-P-] CPL=0 II=0 A20=1 SMM=0 HLT=0
ES =0030 0000000000000000 ffffffff 00cf9300 DPL=0 DS   [-WA]
CS =0038 0000000000000000 ffffffff 00af9a00 DPL=0 CS64 [-R-]
SS =0030 0000000000000000 ffffffff 00cf9300 DPL=0 DS   [-WA]
DS =0030 0000000000000000 ffffffff 00cf9300 DPL=0 DS   [-WA]
FS =0030 0000000000000000 ffffffff 00cf9300 DPL=0 DS   [-WA]
GS =0030 0000000000000000 ffffffff 00cf9300 DPL=0 DS   [-WA]
LDT=0000 0000000000000000 0000ffff 00008200 DPL=0 LDT
TR =0048 000000007f5da058 00000067 00008900 DPL=0 TSS64-avl
GDT=     000000007f5da000 00000057
IDT=     000000007bb7af58 00000fff
CR0=80010033 CR2=0000000000000000 CR3=000000007f801000 CR4=00000668
DR0=0000000000000000 DR1=0000000000000000 DR2=0000000000000000 DR3=0000000000000000 
DR6=00000000ffff0ff0 DR7=0000000000000400
CCS=0000000000000044 CCD=0000000000000000 CCO=EFLAGS
EFER=0000000000000d00
Servicing hardware INT=0x20
   368: v=20 e=0000 i=0 cpl=0 IP=0038:000000007de57ea1 pc=000000007de57ea1 SP=0030:000000007fe69560 env->regs[R_EAX]=0000000000000000
RAX=0000000000000000 RBX=00f0d3d3b8b42da0 RCX=0000000000000000 RDX=0000000080186b08
RSI=0000000000000000 RDI=0000000080000000 RBP=000000007fe695a0 RSP=000000007fe69560
R8 =0000000000000000 R9 =0000000000000000 R10=0000000000000000 R11=0000000000000002
R12=000000007e6d9598 R13=000000007f5ec018 R14=0000000000000000 R15=000000007fe91f20
RIP=000000007de57ea1 RFL=00000202 [-------] CPL=0 II=0 A20=1 SMM=0 HLT=0
ES =0030 0000000000000000 ffffffff 00cf9300 DPL=0 DS   [-WA]
CS =0038 0000000000000000 ffffffff 00af9a00 DPL=0 CS64 [-R-]
SS =0030 0000000000000000 ffffffff 00cf9300 DPL=0 DS   [-WA]
DS =0030 0000000000000000 ffffffff 00cf9300 DPL=0 DS   [-WA]
FS =0030 0000000000000000 ffffffff 00cf9300 DPL=0 DS   [-WA]
GS =0030 0000000000000000 ffffffff 00cf9300 DPL=0 DS   [-WA]
LDT=0000 0000000000000000 0000ffff 00008200 DPL=0 LDT
TR =0048 000000007f5da058 00000067 00008900 DPL=0 TSS64-avl
GDT=     000000007f5da000 00000057
IDT=     000000007bb7af58 00000fff
CR0=80010033 CR2=0000000000000000 CR3=000000007f801000 CR4=00000668
DR0=0000000000000000 DR1=0000000000000000 DR2=0000000000000000 DR3=0000000000000000 
DR6=00000000ffff0ff0 DR7=0000000000000400
CCS=0000000000000000 CCD=0000000080186b08 CCO=EFLAGS
EFER=0000000000000d00
Servicing hardware INT=0x20
   369: v=20 e=0000 i=0 cpl=0 IP=0038:000000007eb3cf04 pc=000000007eb3cf04 SP=0030:000000007fe694e0 env->regs[R_EAX]=000000000002784d
RAX=000000000002784d RBX=00000000002f219e RCX=0000000000000608 RDX=00000000002ca951
RSI=000000000000c350 RDI=000000000002bb21 RBP=000000007fe694f0 RSP=000000007fe694e0
R8 =000000007fe6958c R9 =0000000000000000 R10=0000000000000000 R11=0000000000000002
R12=0000000000000000 R13=000000007f5ec018 R14=0000000000000000 R15=000000007fe91f20
RIP=000000007eb3cf04 RFL=00000206 [-----P-] CPL=0 II=0 A20=1 SMM=0 HLT=0
ES =0030 0000000000000000 ffffffff 00cf9300 DPL=0 DS   [-WA]
CS =0038 0000000000000000 ffffffff 00af9a00 DPL=0 CS64 [-R-]
SS =0030 0000000000000000 ffffffff 00cf9300 DPL=0 DS   [-WA]
DS =0030 0000000000000000 ffffffff 00cf9300 DPL=0 DS   [-WA]
FS =0030 0000000000000000 ffffffff 00cf9300 DPL=0 DS   [-WA]
GS =0030 0000000000000000 ffffffff 00cf9300 DPL=0 DS   [-WA]
LDT=0000 0000000000000000 0000ffff 00008200 DPL=0 LDT
TR =0048 000000007f5da058 00000067 00008900 DPL=0 TSS64-avl
GDT=     000000007f5da000 00000057
IDT=     000000007bb7af58 00000fff
CR0=80010033 CR2=0000000000000000 CR3=000000007f801000 CR4=00000668
DR0=0000000000000000 DR1=0000000000000000 DR2=0000000000000000 DR3=0000000000000000 
DR6=00000000ffff0ff0 DR7=0000000000000400
CCS=0000000000000004 CCD=000000000002784d CCO=EFLAGS
EFER=0000000000000d00
Servicing hardware INT=0x20
   370: v=20 e=0000 i=0 cpl=0 IP=0038:000000007eb3cf04 pc=000000007eb3cf04 SP=0030:000000007fe694e0 env->regs[R_EAX]=000000000001ecf8
RAX=000000000001ecf8 RBX=00000000002f219e RCX=0000000000000608 RDX=00000000002d34a6
RSI=000000000000c350 RDI=000000000002bb21 RBP=000000007fe694f0 RSP=000000007fe694e0
R8 =000000007fe6958c R9 =0000000000000000 R10=0000000000000000 R11=0000000000000002
R12=0000000000000000 R13=000000007f5ec018 R14=0000000000000000 R15=000000007fe91f20
RIP=000000007eb3cf04 RFL=00000202 [-------] CPL=0 II=0 A20=1 SMM=0 HLT=0
ES =0030 0000000000000000 ffffffff 00cf9300 DPL=0 DS   [-WA]
CS =0038 0000000000000000 ffffffff 00af9a00 DPL=0 CS64 [-R-]
SS =0030 0000000000000000 ffffffff 00cf9300 DPL=0 DS   [-WA]
DS =0030 0000000000000000 ffffffff 00cf9300 DPL=0 DS   [-WA]
FS =0030 0000000000000000 ffffffff 00cf9300 DPL=0 DS   [-WA]
GS =0030 0000000000000000 ffffffff 00cf9300 DPL=0 DS   [-WA]
LDT=0000 0000000000000000 0000ffff 00008200 DPL=0 LDT
TR =0048 000000007f5da058 00000067 00008900 DPL=0 TSS64-avl
GDT=     000000007f5da000 00000057
IDT=     000000007bb7af58 00000fff
CR0=80010033 CR2=0000000000000000 CR3=000000007f801000 CR4=00000668
DR0=0000000000000000 DR1=0000000000000000 DR2=0000000000000000 DR3=0000000000000000 
DR6=00000000ffff0ff0 DR7=0000000000000400
CCS=0000000000000000 CCD=000000000001ecf8 CCO=EFLAGS
EFER=0000000000000d00
Servicing hardware INT=0x20
   371: v=20 e=0000 i=0 cpl=0 IP=0038:000000007eb3cf04 pc=000000007eb3cf04 SP=0030:000000007fe694e0 env->regs[R_EAX]=00000000000152bc
RAX=00000000000152bc RBX=00000000002f219e RCX=0000000000000608 RDX=00000000002dcee2
RSI=000000000000c350 RDI=000000000002bb21 RBP=000000007fe694f0 RSP=000000007fe694e0
R8 =000000007fe6958c R9 =0000000000000000 R10=0000000000000000 R11=0000000000000002
R12=0000000000000000 R13=000000007f5ec018 R14=0000000000000000 R15=000000007fe91f20
RIP=000000007eb3cf04 RFL=00000202 [-------] CPL=0 II=0 A20=1 SMM=0 HLT=0
ES =0030 0000000000000000 ffffffff 00cf9300 DPL=0 DS   [-WA]
CS =0038 0000000000000000 ffffffff 00af9a00 DPL=0 CS64 [-R-]
SS =0030 0000000000000000 ffffffff 00cf9300 DPL=0 DS   [-WA]
DS =0030 0000000000000000 ffffffff 00cf9300 DPL=0 DS   [-WA]
FS =0030 0000000000000000 ffffffff 00cf9300 DPL=0 DS   [-WA]
GS =0030 0000000000000000 ffffffff 00cf9300 DPL=0 DS   [-WA]
LDT=0000 0000000000000000 0000ffff 00008200 DPL=0 LDT
TR =0048 000000007f5da058 00000067 00008900 DPL=0 TSS64-avl
GDT=     000000007f5da000 00000057
IDT=     000000007bb7af58 00000fff
CR0=80010033 CR2=0000000000000000 CR3=000000007f801000 CR4=00000668
DR0=0000000000000000 DR1=0000000000000000 DR2=0000000000000000 DR3=0000000000000000 
DR6=00000000ffff0ff0 DR7=0000000000000400
CCS=0000000000000000 CCD=00000000000152bc CCO=EFLAGS
EFER=0000000000000d00
Servicing hardware INT=0x20
   372: v=20 e=0000 i=0 cpl=0 IP=0038:000000007eb3cf04 pc=000000007eb3cf04 SP=0030:000000007fe694e0 env->regs[R_EAX]=000000000000d4e7
RAX=000000000000d4e7 RBX=00000000002f219e RCX=0000000000000608 RDX=00000000002e4cb7
RSI=000000000000c350 RDI=000000000002bb21 RBP=000000007fe694f0 RSP=000000007fe694e0
R8 =000000007fe6958c R9 =0000000000000000 R10=0000000000000000 R11=0000000000000002
R12=0000000000000000 R13=000000007f5ec018 R14=0000000000000000 R15=000000007fe91f20
RIP=000000007eb3cf04 RFL=00000206 [-----P-] CPL=0 II=0 A20=1 SMM=0 HLT=0
ES =0030 0000000000000000 ffffffff 00cf9300 DPL=0 DS   [-WA]
CS =0038 0000000000000000 ffffffff 00af9a00 DPL=0 CS64 [-R-]
SS =0030 0000000000000000 ffffffff 00cf9300 DPL=0 DS   [-WA]
DS =0030 0000000000000000 ffffffff 00cf9300 DPL=0 DS   [-WA]
FS =0030 0000000000000000 ffffffff 00cf9300 DPL=0 DS   [-WA]
GS =0030 0000000000000000 ffffffff 00cf9300 DPL=0 DS   [-WA]
LDT=0000 0000000000000000 0000ffff 00008200 DPL=0 LDT
TR =0048 000000007f5da058 00000067 00008900 DPL=0 TSS64-avl
GDT=     000000007f5da000 00000057
IDT=     000000007bb7af58 00000fff
CR0=80010033 CR2=0000000000000000 CR3=000000007f801000 CR4=00000668
DR0=0000000000000000 DR1=0000000000000000 DR2=0000000000000000 DR3=0000000000000000 
DR6=00000000ffff0ff0 DR7=0000000000000400
CCS=0000000000000004 CCD=000000000000d4e7 CCO=EFLAGS
EFER=0000000000000d00
Servicing hardware INT=0x20
   373: v=20 e=0000 i=0 cpl=0 IP=0038:000000007eb3cf04 pc=000000007eb3cf04 SP=0030:000000007fe694e0 env->regs[R_EAX]=00000000000049ed
RAX=00000000000049ed RBX=00000000002f219e RCX=0000000000000608 RDX=00000000002ed7b1
RSI=000000000000c350 RDI=000000000002bb21 RBP=000000007fe694f0 RSP=000000007fe694e0
R8 =000000007fe6958c R9 =0000000000000000 R10=0000000000000000 R11=0000000000000002
R12=0000000000000000 R13=000000007f5ec018 R14=0000000000000000 R15=000000007fe91f20
RIP=000000007eb3cf04 RFL=00000206 [-----P-] CPL=0 II=0 A20=1 SMM=0 HLT=0
ES =0030 0000000000000000 ffffffff 00cf9300 DPL=0 DS   [-WA]
CS =0038 0000000000000000 ffffffff 00af9a00 DPL=0 CS64 [-R-]
SS =0030 0000000000000000 ffffffff 00cf9300 DPL=0 DS   [-WA]
DS =0030 0000000000000000 ffffffff 00cf9300 DPL=0 DS   [-WA]
FS =0030 0000000000000000 ffffffff 00cf9300 DPL=0 DS   [-WA]
GS =0030 0000000000000000 ffffffff 00cf9300 DPL=0 DS   [-WA]
LDT=0000 0000000000000000 0000ffff 00008200 DPL=0 LDT
TR =0048 000000007f5da058 00000067 00008900 DPL=0 TSS64-avl
GDT=     000000007f5da000 00000057
IDT=     000000007bb7af58 00000fff
CR0=80010033 CR2=0000000000000000 CR3=000000007f801000 CR4=00000668
DR0=0000000000000000 DR1=0000000000000000 DR2=0000000000000000 DR3=0000000000000000 
DR6=00000000ffff0ff0 DR7=0000000000000400
CCS=0000000000000004 CCD=00000000000049ed CCO=EFLAGS
EFER=0000000000000d00
Servicing hardware INT=0x20
   374: v=20 e=0000 i=0 cpl=0 IP=0038:000000007de57d6d pc=000000007de57d6d SP=0030:000000007fe69558 env->regs[R_EAX]=0000000080000000
RAX=0000000080000000 RBX=00f0d3d3b8b42da0 RCX=0000000000000059 RDX=0000000000000273
RSI=0000000000000320 RDI=0000000080000000 RBP=000000007fe695a0 RSP=000000007fe69558
R8 =0000000000000000 R9 =0000000000000000 R10=0000000000000000 R11=0000000000000002
R12=000000007e6d9598 R13=000000007f5ec018 R14=0000000000000000 R15=000000007fe91f20
RIP=000000007de57d6d RFL=00000246 [---Z-P-] CPL=0 II=0 A20=1 SMM=0 HLT=0
ES =0030 0000000000000000 ffffffff 00cf9300 DPL=0 DS   [-WA]
CS =0038 0000000000000000 ffffffff 00af9a00 DPL=0 CS64 [-R-]
SS =0030 0000000000000000 ffffffff 00cf9300 DPL=0 DS   [-WA]
DS =0030 0000000000000000 ffffffff 00cf9300 DPL=0 DS   [-WA]
FS =0030 0000000000000000 ffffffff 00cf9300 DPL=0 DS   [-WA]
GS =0030 0000000000000000 ffffffff 00cf9300 DPL=0 DS   [-WA]
LDT=0000 0000000000000000 0000ffff 00008200 DPL=0 LDT
TR =0048 000000007f5da058 00000067 00008900 DPL=0 TSS64-avl
GDT=     000000007f5da000 00000057
IDT=     000000007bb7af58 00000fff
CR0=80010033 CR2=0000000000000000 CR3=000000007f801000 CR4=00000668
DR0=0000000000000000 DR1=0000000000000000 DR2=0000000000000000 DR3=0000000000000000 
DR6=00000000ffff0ff0 DR7=0000000000000400
CCS=0000000000000044 CCD=0000000000000000 CCO=EFLAGS
EFER=0000000000000d00
Servicing hardware INT=0x20
   375: v=20 e=0000 i=0 cpl=0 IP=0038:000000007de57ea1 pc=000000007de57ea1 SP=0030:000000007fe69560 env->regs[R_EAX]=0000000000000000
RAX=0000000000000000 RBX=00f0d3d3b8b42da0 RCX=0000000000000000 RDX=00000000800d3a94
RSI=0000000000000000 RDI=0000000080000000 RBP=000000007fe695a0 RSP=000000007fe69560
R8 =0000000000000000 R9 =0000000000000000 R10=0000000000000000 R11=0000000000000002
R12=000000007e6d9598 R13=000000007f5ec018 R14=0000000000000000 R15=000000007fe91f20
RIP=000000007de57ea1 RFL=00000202 [-------] CPL=0 II=0 A20=1 SMM=0 HLT=0
ES =0030 0000000000000000 ffffffff 00cf9300 DPL=0 DS   [-WA]
CS =0038 0000000000000000 ffffffff 00af9a00 DPL=0 CS64 [-R-]
SS =0030 0000000000000000 ffffffff 00cf9300 DPL=0 DS   [-WA]
DS =0030 0000000000000000 ffffffff 00cf9300 DPL=0 DS   [-WA]
FS =0030 0000000000000000 ffffffff 00cf9300 DPL=0 DS   [-WA]
GS =0030 0000000000000000 ffffffff 00cf9300 DPL=0 DS   [-WA]
LDT=0000 0000000000000000 0000ffff 00008200 DPL=0 LDT
TR =0048 000000007f5da058 00000067 00008900 DPL=0 TSS64-avl
GDT=     000000007f5da000 00000057
IDT=     000000007bb7af58 00000fff
CR0=80010033 CR2=0000000000000000 CR3=000000007f801000 CR4=00000668
DR0=0000000000000000 DR1=0000000000000000 DR2=0000000000000000 DR3=0000000000000000 
DR6=00000000ffff0ff0 DR7=0000000000000400
CCS=0000000000000000 CCD=00000000800d3a94 CCO=EFLAGS
EFER=0000000000000d00
Servicing hardware INT=0x20
   376: v=20 e=0000 i=0 cpl=0 IP=0038:000000007de57ea1 pc=000000007de57ea1 SP=0030:000000007fe69560 env->regs[R_EAX]=0000000000000000
RAX=0000000000000000 RBX=00f0d3d3b8b42da0 RCX=0000000000000000 RDX=000000008016c3dc
RSI=0000000000000000 RDI=0000000080000000 RBP=000000007fe695a0 RSP=000000007fe69560
R8 =0000000000000000 R9 =0000000000000000 R10=0000000000000000 R11=0000000000000002
R12=000000007e6d9598 R13=000000007f5ec018 R14=0000000000000000 R15=000000007fe91f20
RIP=000000007de57ea1 RFL=00000202 [-------] CPL=0 II=0 A20=1 SMM=0 HLT=0
ES =0030 0000000000000000 ffffffff 00cf9300 DPL=0 DS   [-WA]
CS =0038 0000000000000000 ffffffff 00af9a00 DPL=0 CS64 [-R-]
SS =0030 0000000000000000 ffffffff 00cf9300 DPL=0 DS   [-WA]
DS =0030 0000000000000000 ffffffff 00cf9300 DPL=0 DS   [-WA]
FS =0030 0000000000000000 ffffffff 00cf9300 DPL=0 DS   [-WA]
GS =0030 0000000000000000 ffffffff 00cf9300 DPL=0 DS   [-WA]
LDT=0000 0000000000000000 0000ffff 00008200 DPL=0 LDT
TR =0048 000000007f5da058 00000067 00008900 DPL=0 TSS64-avl
GDT=     000000007f5da000 00000057
IDT=     000000007bb7af58 00000fff
CR0=80010033 CR2=0000000000000000 CR3=000000007f801000 CR4=00000668
DR0=0000000000000000 DR1=0000000000000000 DR2=0000000000000000 DR3=0000000000000000 
DR6=00000000ffff0ff0 DR7=0000000000000400
CCS=0000000000000000 CCD=000000008016c3dc CCO=EFLAGS
EFER=0000000000000d00
Servicing hardware INT=0x20
   377: v=20 e=0000 i=0 cpl=0 IP=0038:000000007eb3cf04 pc=000000007eb3cf04 SP=0030:000000007fe694e0 env->regs[R_EAX]=0000000000029197
RAX=0000000000029197 RBX=000000000033995e RCX=0000000000000608 RDX=00000000003107c7
RSI=000000000000c350 RDI=000000000002bb21 RBP=000000007fe694f0 RSP=000000007fe694e0
R8 =000000007fe6958c R9 =0000000000000000 R10=0000000000000000 R11=0000000000000002
R12=0000000000000000 R13=000000007f5ec018 R14=0000000000000000 R15=000000007fe91f20
RIP=000000007eb3cf04 RFL=00000202 [-------] CPL=0 II=0 A20=1 SMM=0 HLT=0
ES =0030 0000000000000000 ffffffff 00cf9300 DPL=0 DS   [-WA]
CS =0038 0000000000000000 ffffffff 00af9a00 DPL=0 CS64 [-R-]
SS =0030 0000000000000000 ffffffff 00cf9300 DPL=0 DS   [-WA]
DS =0030 0000000000000000 ffffffff 00cf9300 DPL=0 DS   [-WA]
FS =0030 0000000000000000 ffffffff 00cf9300 DPL=0 DS   [-WA]
GS =0030 0000000000000000 ffffffff 00cf9300 DPL=0 DS   [-WA]
LDT=0000 0000000000000000 0000ffff 00008200 DPL=0 LDT
TR =0048 000000007f5da058 00000067 00008900 DPL=0 TSS64-avl
GDT=     000000007f5da000 00000057
IDT=     000000007bb7af58 00000fff
CR0=80010033 CR2=0000000000000000 CR3=000000007f801000 CR4=00000668
DR0=0000000000000000 DR1=0000000000000000 DR2=0000000000000000 DR3=0000000000000000 
DR6=00000000ffff0ff0 DR7=0000000000000400
CCS=0000000000000000 CCD=0000000000029197 CCO=EFLAGS
EFER=0000000000000d00
Servicing hardware INT=0x20
   378: v=20 e=0000 i=0 cpl=0 IP=0038:000000007eb3cf04 pc=000000007eb3cf04 SP=0030:000000007fe694e0 env->regs[R_EAX]=000000000001f822
RAX=000000000001f822 RBX=000000000033995e RCX=0000000000000608 RDX=000000000031a13c
RSI=000000000000c350 RDI=000000000002bb21 RBP=000000007fe694f0 RSP=000000007fe694e0
R8 =000000007fe6958c R9 =0000000000000000 R10=0000000000000000 R11=0000000000000002
R12=0000000000000000 R13=000000007f5ec018 R14=0000000000000000 R15=000000007fe91f20
RIP=000000007eb3cf04 RFL=00000206 [-----P-] CPL=0 II=0 A20=1 SMM=0 HLT=0
ES =0030 0000000000000000 ffffffff 00cf9300 DPL=0 DS   [-WA]
CS =0038 0000000000000000 ffffffff 00af9a00 DPL=0 CS64 [-R-]
SS =0030 0000000000000000 ffffffff 00cf9300 DPL=0 DS   [-WA]
DS =0030 0000000000000000 ffffffff 00cf9300 DPL=0 DS   [-WA]
FS =0030 0000000000000000 ffffffff 00cf9300 DPL=0 DS   [-WA]
GS =0030 0000000000000000 ffffffff 00cf9300 DPL=0 DS   [-WA]
LDT=0000 0000000000000000 0000ffff 00008200 DPL=0 LDT
TR =0048 000000007f5da058 00000067 00008900 DPL=0 TSS64-avl
GDT=     000000007f5da000 00000057
IDT=     000000007bb7af58 00000fff
CR0=80010033 CR2=0000000000000000 CR3=000000007f801000 CR4=00000668
DR0=0000000000000000 DR1=0000000000000000 DR2=0000000000000000 DR3=0000000000000000 
DR6=00000000ffff0ff0 DR7=0000000000000400
CCS=0000000000000004 CCD=000000000001f822 CCO=EFLAGS
EFER=0000000000000d00
Servicing hardware INT=0x20
   379: v=20 e=0000 i=0 cpl=0 IP=0038:000000007eb3cf04 pc=000000007eb3cf04 SP=0030:000000007fe694e0 env->regs[R_EAX]=0000000000016bf1
RAX=0000000000016bf1 RBX=000000000033995e RCX=0000000000000608 RDX=0000000000322d6d
RSI=000000000000c350 RDI=000000000002bb21 RBP=000000007fe694f0 RSP=000000007fe694e0
R8 =000000007fe6958c R9 =0000000000000000 R10=0000000000000000 R11=0000000000000002
R12=0000000000000000 R13=000000007f5ec018 R14=0000000000000000 R15=000000007fe91f20
RIP=000000007eb3cf04 RFL=00000202 [-------] CPL=0 II=0 A20=1 SMM=0 HLT=0
ES =0030 0000000000000000 ffffffff 00cf9300 DPL=0 DS   [-WA]
CS =0038 0000000000000000 ffffffff 00af9a00 DPL=0 CS64 [-R-]
SS =0030 0000000000000000 ffffffff 00cf9300 DPL=0 DS   [-WA]
DS =0030 0000000000000000 ffffffff 00cf9300 DPL=0 DS   [-WA]
FS =0030 0000000000000000 ffffffff 00cf9300 DPL=0 DS   [-WA]
GS =0030 0000000000000000 ffffffff 00cf9300 DPL=0 DS   [-WA]
LDT=0000 0000000000000000 0000ffff 00008200 DPL=0 LDT
TR =0048 000000007f5da058 00000067 00008900 DPL=0 TSS64-avl
GDT=     000000007f5da000 00000057
IDT=     000000007bb7af58 00000fff
CR0=80010033 CR2=0000000000000000 CR3=000000007f801000 CR4=00000668
DR0=0000000000000000 DR1=0000000000000000 DR2=0000000000000000 DR3=0000000000000000 
DR6=00000000ffff0ff0 DR7=0000000000000400
CCS=0000000000000000 CCD=0000000000016bf1 CCO=EFLAGS
EFER=0000000000000d00
Servicing hardware INT=0x20
   380: v=20 e=0000 i=0 cpl=0 IP=0038:000000007eb3cf04 pc=000000007eb3cf04 SP=0030:000000007fe694e0 env->regs[R_EAX]=000000000000e00d
RAX=000000000000e00d RBX=000000000033995e RCX=0000000000000608 RDX=000000000032b951
RSI=000000000000c350 RDI=000000000002bb21 RBP=000000007fe694f0 RSP=000000007fe694e0
R8 =000000007fe6958c R9 =0000000000000000 R10=0000000000000000 R11=0000000000000002
R12=0000000000000000 R13=000000007f5ec018 R14=0000000000000000 R15=000000007fe91f20
RIP=000000007eb3cf04 RFL=00000202 [-------] CPL=0 II=0 A20=1 SMM=0 HLT=0
ES =0030 0000000000000000 ffffffff 00cf9300 DPL=0 DS   [-WA]
CS =0038 0000000000000000 ffffffff 00af9a00 DPL=0 CS64 [-R-]
SS =0030 0000000000000000 ffffffff 00cf9300 DPL=0 DS   [-WA]
DS =0030 0000000000000000 ffffffff 00cf9300 DPL=0 DS   [-WA]
FS =0030 0000000000000000 ffffffff 00cf9300 DPL=0 DS   [-WA]
GS =0030 0000000000000000 ffffffff 00cf9300 DPL=0 DS   [-WA]
LDT=0000 0000000000000000 0000ffff 00008200 DPL=0 LDT
TR =0048 000000007f5da058 00000067 00008900 DPL=0 TSS64-avl
GDT=     000000007f5da000 00000057
IDT=     000000007bb7af58 00000fff
CR0=80010033 CR2=0000000000000000 CR3=000000007f801000 CR4=00000668
DR0=0000000000000000 DR1=0000000000000000 DR2=0000000000000000 DR3=0000000000000000 
DR6=00000000ffff0ff0 DR7=0000000000000400
CCS=0000000000000000 CCD=000000000000e00d CCO=EFLAGS
EFER=0000000000000d00
Servicing hardware INT=0x20
   381: v=20 e=0000 i=0 cpl=0 IP=0038:000000007eb3cf04 pc=000000007eb3cf04 SP=0030:000000007fe694e0 env->regs[R_EAX]=0000000000006223
RAX=0000000000006223 RBX=000000000033995e RCX=0000000000000608 RDX=000000000033373b
RSI=000000000000c350 RDI=000000000002bb21 RBP=000000007fe694f0 RSP=000000007fe694e0
R8 =000000007fe6958c R9 =0000000000000000 R10=0000000000000000 R11=0000000000000002
R12=0000000000000000 R13=000000007f5ec018 R14=0000000000000000 R15=000000007fe91f20
RIP=000000007eb3cf04 RFL=00000202 [-------] CPL=0 II=0 A20=1 SMM=0 HLT=0
ES =0030 0000000000000000 ffffffff 00cf9300 DPL=0 DS   [-WA]
CS =0038 0000000000000000 ffffffff 00af9a00 DPL=0 CS64 [-R-]
SS =0030 0000000000000000 ffffffff 00cf9300 DPL=0 DS   [-WA]
DS =0030 0000000000000000 ffffffff 00cf9300 DPL=0 DS   [-WA]
FS =0030 0000000000000000 ffffffff 00cf9300 DPL=0 DS   [-WA]
GS =0030 0000000000000000 ffffffff 00cf9300 DPL=0 DS   [-WA]
LDT=0000 0000000000000000 0000ffff 00008200 DPL=0 LDT
TR =0048 000000007f5da058 00000067 00008900 DPL=0 TSS64-avl
GDT=     000000007f5da000 00000057
IDT=     000000007bb7af58 00000fff
CR0=80010033 CR2=0000000000000000 CR3=000000007f801000 CR4=00000668
DR0=0000000000000000 DR1=0000000000000000 DR2=0000000000000000 DR3=0000000000000000 
DR6=00000000ffff0ff0 DR7=0000000000000400
CCS=0000000000000000 CCD=0000000000006223 CCO=EFLAGS
EFER=0000000000000d00
Servicing hardware INT=0x20
   382: v=20 e=0000 i=0 cpl=0 IP=0038:000000007de57ea1 pc=000000007de57ea1 SP=0030:000000007fe69560 env->regs[R_EAX]=00000000ffffffff
RAX=00000000ffffffff RBX=00f0d3d3b8b42da0 RCX=00000000000000ff RDX=00000000800354f0
RSI=00000000000000ff RDI=0000000080000000 RBP=000000007fe695a0 RSP=000000007fe69560
R8 =00000000000000ff R9 =00000000000000ff R10=00000000000000ff R11=0000000000000002
R12=000000007e6d9598 R13=000000007f5ec018 R14=0000000000000000 R15=000000007fe91f20
RIP=000000007de57ea1 RFL=00000206 [-----P-] CPL=0 II=0 A20=1 SMM=0 HLT=0
ES =0030 0000000000000000 ffffffff 00cf9300 DPL=0 DS   [-WA]
CS =0038 0000000000000000 ffffffff 00af9a00 DPL=0 CS64 [-R-]
SS =0030 0000000000000000 ffffffff 00cf9300 DPL=0 DS   [-WA]
DS =0030 0000000000000000 ffffffff 00cf9300 DPL=0 DS   [-WA]
FS =0030 0000000000000000 ffffffff 00cf9300 DPL=0 DS   [-WA]
GS =0030 0000000000000000 ffffffff 00cf9300 DPL=0 DS   [-WA]
LDT=0000 0000000000000000 0000ffff 00008200 DPL=0 LDT
TR =0048 000000007f5da058 00000067 00008900 DPL=0 TSS64-avl
GDT=     000000007f5da000 00000057
IDT=     000000007bb7af58 00000fff
CR0=80010033 CR2=0000000000000000 CR3=000000007f801000 CR4=00000668
DR0=0000000000000000 DR1=0000000000000000 DR2=0000000000000000 DR3=0000000000000000 
DR6=00000000ffff0ff0 DR7=0000000000000400
CCS=0000000000000004 CCD=00000000800354f0 CCO=EFLAGS
EFER=0000000000000d00
Servicing hardware INT=0x20
   383: v=20 e=0000 i=0 cpl=0 IP=0038:000000007de57ea1 pc=000000007de57ea1 SP=0030:000000007fe69560 env->regs[R_EAX]=0000000000000000
RAX=0000000000000000 RBX=00f0d3d3b8b42da0 RCX=0000000000000000 RDX=00000000800c2000
RSI=0000000000000000 RDI=0000000080000000 RBP=000000007fe695a0 RSP=000000007fe69560
R8 =0000000000000000 R9 =0000000000000000 R10=0000000000000000 R11=0000000000000002
R12=000000007e6d9598 R13=000000007f5ec018 R14=0000000000000000 R15=000000007fe91f20
RIP=000000007de57ea1 RFL=00000206 [-----P-] CPL=0 II=0 A20=1 SMM=0 HLT=0
ES =0030 0000000000000000 ffffffff 00cf9300 DPL=0 DS   [-WA]
CS =0038 0000000000000000 ffffffff 00af9a00 DPL=0 CS64 [-R-]
SS =0030 0000000000000000 ffffffff 00cf9300 DPL=0 DS   [-WA]
DS =0030 0000000000000000 ffffffff 00cf9300 DPL=0 DS   [-WA]
FS =0030 0000000000000000 ffffffff 00cf9300 DPL=0 DS   [-WA]
GS =0030 0000000000000000 ffffffff 00cf9300 DPL=0 DS   [-WA]
LDT=0000 0000000000000000 0000ffff 00008200 DPL=0 LDT
TR =0048 000000007f5da058 00000067 00008900 DPL=0 TSS64-avl
GDT=     000000007f5da000 00000057
IDT=     000000007bb7af58 00000fff
CR0=80010033 CR2=0000000000000000 CR3=000000007f801000 CR4=00000668
DR0=0000000000000000 DR1=0000000000000000 DR2=0000000000000000 DR3=0000000000000000 
DR6=00000000ffff0ff0 DR7=0000000000000400
CCS=0000000000000004 CCD=00000000800c2000 CCO=EFLAGS
EFER=0000000000000d00
Servicing hardware INT=0x20
   384: v=20 e=0000 i=0 cpl=0 IP=0038:000000007de57ea1 pc=000000007de57ea1 SP=0030:000000007fe69560 env->regs[R_EAX]=0000000000000000
RAX=0000000000000000 RBX=00f0d3d3b8b42da0 RCX=0000000000000000 RDX=000000008016eff8
RSI=0000000000000000 RDI=0000000080000000 RBP=000000007fe695a0 RSP=000000007fe69560
R8 =0000000000000000 R9 =0000000000000000 R10=0000000000000000 R11=0000000000000002
R12=000000007e6d9598 R13=000000007f5ec018 R14=0000000000000000 R15=000000007fe91f20
RIP=000000007de57ea1 RFL=00000202 [-------] CPL=0 II=0 A20=1 SMM=0 HLT=0
ES =0030 0000000000000000 ffffffff 00cf9300 DPL=0 DS   [-WA]
CS =0038 0000000000000000 ffffffff 00af9a00 DPL=0 CS64 [-R-]
SS =0030 0000000000000000 ffffffff 00cf9300 DPL=0 DS   [-WA]
DS =0030 0000000000000000 ffffffff 00cf9300 DPL=0 DS   [-WA]
FS =0030 0000000000000000 ffffffff 00cf9300 DPL=0 DS   [-WA]
GS =0030 0000000000000000 ffffffff 00cf9300 DPL=0 DS   [-WA]
LDT=0000 0000000000000000 0000ffff 00008200 DPL=0 LDT
TR =0048 000000007f5da058 00000067 00008900 DPL=0 TSS64-avl
GDT=     000000007f5da000 00000057
IDT=     000000007bb7af58 00000fff
CR0=80010033 CR2=0000000000000000 CR3=000000007f801000 CR4=00000668
DR0=0000000000000000 DR1=0000000000000000 DR2=0000000000000000 DR3=0000000000000000 
DR6=00000000ffff0ff0 DR7=0000000000000400
CCS=0000000000000000 CCD=000000008016eff8 CCO=EFLAGS
EFER=0000000000000d00
Servicing hardware INT=0x20
   385: v=20 e=0000 i=0 cpl=0 IP=0038:000000007eb3cf04 pc=000000007eb3cf04 SP=0030:000000007fe694e0 env->regs[R_EAX]=0000000000029956
RAX=0000000000029956 RBX=000000000037ffc3 RCX=0000000000000608 RDX=000000000035666d
RSI=000000000000c350 RDI=000000000002bb21 RBP=000000007fe694f0 RSP=000000007fe694e0
R8 =000000007fe6958c R9 =0000000000000000 R10=0000000000000000 R11=0000000000000002
R12=0000000000000000 R13=000000007f5ec018 R14=0000000000000000 R15=000000007fe91f20
RIP=000000007eb3cf04 RFL=00000206 [-----P-] CPL=0 II=0 A20=1 SMM=0 HLT=0
ES =0030 0000000000000000 ffffffff 00cf9300 DPL=0 DS   [-WA]
CS =0038 0000000000000000 ffffffff 00af9a00 DPL=0 CS64 [-R-]
SS =0030 0000000000000000 ffffffff 00cf9300 DPL=0 DS   [-WA]
DS =0030 0000000000000000 ffffffff 00cf9300 DPL=0 DS   [-WA]
FS =0030 0000000000000000 ffffffff 00cf9300 DPL=0 DS   [-WA]
GS =0030 0000000000000000 ffffffff 00cf9300 DPL=0 DS   [-WA]
LDT=0000 0000000000000000 0000ffff 00008200 DPL=0 LDT
TR =0048 000000007f5da058 00000067 00008900 DPL=0 TSS64-avl
GDT=     000000007f5da000 00000057
IDT=     000000007bb7af58 00000fff
CR0=80010033 CR2=0000000000000000 CR3=000000007f801000 CR4=00000668
DR0=0000000000000000 DR1=0000000000000000 DR2=0000000000000000 DR3=0000000000000000 
DR6=00000000ffff0ff0 DR7=0000000000000400
CCS=0000000000000004 CCD=0000000000029956 CCO=EFLAGS
EFER=0000000000000d00
Servicing hardware INT=0x20
   386: v=20 e=0000 i=0 cpl=0 IP=0038:000000007eb3cf04 pc=000000007eb3cf04 SP=0030:000000007fe694e0 env->regs[R_EAX]=000000000001ff6e
RAX=000000000001ff6e RBX=000000000037ffc3 RCX=0000000000000608 RDX=0000000000360055
RSI=000000000000c350 RDI=000000000002bb21 RBP=000000007fe694f0 RSP=000000007fe694e0
R8 =000000007fe6958c R9 =0000000000000000 R10=0000000000000000 R11=0000000000000002
R12=0000000000000000 R13=000000007f5ec018 R14=0000000000000000 R15=000000007fe91f20
RIP=000000007eb3cf04 RFL=00000202 [-------] CPL=0 II=0 A20=1 SMM=0 HLT=0
ES =0030 0000000000000000 ffffffff 00cf9300 DPL=0 DS   [-WA]
CS =0038 0000000000000000 ffffffff 00af9a00 DPL=0 CS64 [-R-]
SS =0030 0000000000000000 ffffffff 00cf9300 DPL=0 DS   [-WA]
DS =0030 0000000000000000 ffffffff 00cf9300 DPL=0 DS   [-WA]
FS =0030 0000000000000000 ffffffff 00cf9300 DPL=0 DS   [-WA]
GS =0030 0000000000000000 ffffffff 00cf9300 DPL=0 DS   [-WA]
LDT=0000 0000000000000000 0000ffff 00008200 DPL=0 LDT
TR =0048 000000007f5da058 00000067 00008900 DPL=0 TSS64-avl
GDT=     000000007f5da000 00000057
IDT=     000000007bb7af58 00000fff
CR0=80010033 CR2=0000000000000000 CR3=000000007f801000 CR4=00000668
DR0=0000000000000000 DR1=0000000000000000 DR2=0000000000000000 DR3=0000000000000000 
DR6=00000000ffff0ff0 DR7=0000000000000400
CCS=0000000000000000 CCD=000000000001ff6e CCO=EFLAGS
EFER=0000000000000d00
Servicing hardware INT=0x20
   387: v=20 e=0000 i=0 cpl=0 IP=0038:000000007eb3cf04 pc=000000007eb3cf04 SP=0030:000000007fe694e0 env->regs[R_EAX]=0000000000018185
RAX=0000000000018185 RBX=000000000037ffc3 RCX=0000000000000608 RDX=0000000000367e3e
RSI=000000000000c350 RDI=000000000002bb21 RBP=000000007fe694f0 RSP=000000007fe694e0
R8 =000000007fe6958c R9 =0000000000000000 R10=0000000000000000 R11=0000000000000002
R12=0000000000000000 R13=000000007f5ec018 R14=0000000000000000 R15=000000007fe91f20
RIP=000000007eb3cf04 RFL=00000202 [-------] CPL=0 II=0 A20=1 SMM=0 HLT=0
ES =0030 0000000000000000 ffffffff 00cf9300 DPL=0 DS   [-WA]
CS =0038 0000000000000000 ffffffff 00af9a00 DPL=0 CS64 [-R-]
SS =0030 0000000000000000 ffffffff 00cf9300 DPL=0 DS   [-WA]
DS =0030 0000000000000000 ffffffff 00cf9300 DPL=0 DS   [-WA]
FS =0030 0000000000000000 ffffffff 00cf9300 DPL=0 DS   [-WA]
GS =0030 0000000000000000 ffffffff 00cf9300 DPL=0 DS   [-WA]
LDT=0000 0000000000000000 0000ffff 00008200 DPL=0 LDT
TR =0048 000000007f5da058 00000067 00008900 DPL=0 TSS64-avl
GDT=     000000007f5da000 00000057
IDT=     000000007bb7af58 00000fff
CR0=80010033 CR2=0000000000000000 CR3=000000007f801000 CR4=00000668
DR0=0000000000000000 DR1=0000000000000000 DR2=0000000000000000 DR3=0000000000000000 
DR6=00000000ffff0ff0 DR7=0000000000000400
CCS=0000000000000000 CCD=0000000000018185 CCO=EFLAGS
EFER=0000000000000d00
Servicing hardware INT=0x20
   388: v=20 e=0000 i=0 cpl=0 IP=0038:000000007eb3cf04 pc=000000007eb3cf04 SP=0030:000000007fe694e0 env->regs[R_EAX]=000000000000f64b
RAX=000000000000f64b RBX=000000000037ffc3 RCX=0000000000000608 RDX=0000000000370978
RSI=000000000000c350 RDI=000000000002bb21 RBP=000000007fe694f0 RSP=000000007fe694e0
R8 =000000007fe6958c R9 =0000000000000000 R10=0000000000000000 R11=0000000000000002
R12=0000000000000000 R13=000000007f5ec018 R14=0000000000000000 R15=000000007fe91f20
RIP=000000007eb3cf04 RFL=00000206 [-----P-] CPL=0 II=0 A20=1 SMM=0 HLT=0
ES =0030 0000000000000000 ffffffff 00cf9300 DPL=0 DS   [-WA]
CS =0038 0000000000000000 ffffffff 00af9a00 DPL=0 CS64 [-R-]
SS =0030 0000000000000000 ffffffff 00cf9300 DPL=0 DS   [-WA]
DS =0030 0000000000000000 ffffffff 00cf9300 DPL=0 DS   [-WA]
FS =0030 0000000000000000 ffffffff 00cf9300 DPL=0 DS   [-WA]
GS =0030 0000000000000000 ffffffff 00cf9300 DPL=0 DS   [-WA]
LDT=0000 0000000000000000 0000ffff 00008200 DPL=0 LDT
TR =0048 000000007f5da058 00000067 00008900 DPL=0 TSS64-avl
GDT=     000000007f5da000 00000057
IDT=     000000007bb7af58 00000fff
CR0=80010033 CR2=0000000000000000 CR3=000000007f801000 CR4=00000668
DR0=0000000000000000 DR1=0000000000000000 DR2=0000000000000000 DR3=0000000000000000 
DR6=00000000ffff0ff0 DR7=0000000000000400
CCS=0000000000000004 CCD=000000000000f64b CCO=EFLAGS
EFER=0000000000000d00
Servicing hardware INT=0x20
   389: v=20 e=0000 i=0 cpl=0 IP=0038:000000007eb3cf04 pc=000000007eb3cf04 SP=0030:000000007fe694e0 env->regs[R_EAX]=0000000000006a05
RAX=0000000000006a05 RBX=000000000037ffc3 RCX=0000000000000608 RDX=00000000003795be
RSI=000000000000c350 RDI=000000000002bb21 RBP=000000007fe694f0 RSP=000000007fe694e0
R8 =000000007fe6958c R9 =0000000000000000 R10=0000000000000000 R11=0000000000000002
R12=0000000000000000 R13=000000007f5ec018 R14=0000000000000000 R15=000000007fe91f20
RIP=000000007eb3cf04 RFL=00000206 [-----P-] CPL=0 II=0 A20=1 SMM=0 HLT=0
ES =0030 0000000000000000 ffffffff 00cf9300 DPL=0 DS   [-WA]
CS =0038 0000000000000000 ffffffff 00af9a00 DPL=0 CS64 [-R-]
SS =0030 0000000000000000 ffffffff 00cf9300 DPL=0 DS   [-WA]
DS =0030 0000000000000000 ffffffff 00cf9300 DPL=0 DS   [-WA]
FS =0030 0000000000000000 ffffffff 00cf9300 DPL=0 DS   [-WA]
GS =0030 0000000000000000 ffffffff 00cf9300 DPL=0 DS   [-WA]
LDT=0000 0000000000000000 0000ffff 00008200 DPL=0 LDT
TR =0048 000000007f5da058 00000067 00008900 DPL=0 TSS64-avl
GDT=     000000007f5da000 00000057
IDT=     000000007bb7af58 00000fff
CR0=80010033 CR2=0000000000000000 CR3=000000007f801000 CR4=00000668
DR0=0000000000000000 DR1=0000000000000000 DR2=0000000000000000 DR3=0000000000000000 
DR6=00000000ffff0ff0 DR7=0000000000000400
CCS=0000000000000004 CCD=0000000000006a05 CCO=EFLAGS
EFER=0000000000000d00
Servicing hardware INT=0x20
   390: v=20 e=0000 i=0 cpl=0 IP=0038:000000007de57ea1 pc=000000007de57ea1 SP=0030:000000007fe69560 env->regs[R_EAX]=0000000000000000
RAX=0000000000000000 RBX=00f0d3d3b8b42da0 RCX=0000000000000000 RDX=000000008001e6e4
RSI=0000000000000000 RDI=0000000080000000 RBP=000000007fe695a0 RSP=000000007fe69560
R8 =0000000000000000 R9 =0000000000000000 R10=0000000000000000 R11=0000000000000002
R12=000000007e6d9598 R13=000000007f5ec018 R14=0000000000000000 R15=000000007fe91f20
RIP=000000007de57ea1 RFL=00000206 [-----P-] CPL=0 II=0 A20=1 SMM=0 HLT=0
ES =0030 0000000000000000 ffffffff 00cf9300 DPL=0 DS   [-WA]
CS =0038 0000000000000000 ffffffff 00af9a00 DPL=0 CS64 [-R-]
SS =0030 0000000000000000 ffffffff 00cf9300 DPL=0 DS   [-WA]
DS =0030 0000000000000000 ffffffff 00cf9300 DPL=0 DS   [-WA]
FS =0030 0000000000000000 ffffffff 00cf9300 DPL=0 DS   [-WA]
GS =0030 0000000000000000 ffffffff 00cf9300 DPL=0 DS   [-WA]
LDT=0000 0000000000000000 0000ffff 00008200 DPL=0 LDT
TR =0048 000000007f5da058 00000067 00008900 DPL=0 TSS64-avl
GDT=     000000007f5da000 00000057
IDT=     000000007bb7af58 00000fff
CR0=80010033 CR2=0000000000000000 CR3=000000007f801000 CR4=00000668
DR0=0000000000000000 DR1=0000000000000000 DR2=0000000000000000 DR3=0000000000000000 
DR6=00000000ffff0ff0 DR7=0000000000000400
CCS=0000000000000004 CCD=000000008001e6e4 CCO=EFLAGS
EFER=0000000000000d00
Servicing hardware INT=0x20
   391: v=20 e=0000 i=0 cpl=0 IP=0038:000000007de57d6d pc=000000007de57d6d SP=0030:000000007fe69558 env->regs[R_EAX]=0000000080000000
RAX=0000000080000000 RBX=00f0d3d3b8b42da0 RCX=00000000000000fd RDX=00000000000002e4
RSI=0000000000000320 RDI=0000000080000000 RBP=000000007fe695a0 RSP=000000007fe69558
R8 =0000000000000000 R9 =0000000000000000 R10=0000000000000000 R11=0000000000000002
R12=000000007e6d9598 R13=000000007f5ec018 R14=0000000000000000 R15=000000007fe91f20
RIP=000000007de57d6d RFL=00000246 [---Z-P-] CPL=0 II=0 A20=1 SMM=0 HLT=0
ES =0030 0000000000000000 ffffffff 00cf9300 DPL=0 DS   [-WA]
CS =0038 0000000000000000 ffffffff 00af9a00 DPL=0 CS64 [-R-]
SS =0030 0000000000000000 ffffffff 00cf9300 DPL=0 DS   [-WA]
DS =0030 0000000000000000 ffffffff 00cf9300 DPL=0 DS   [-WA]
FS =0030 0000000000000000 ffffffff 00cf9300 DPL=0 DS   [-WA]
GS =0030 0000000000000000 ffffffff 00cf9300 DPL=0 DS   [-WA]
LDT=0000 0000000000000000 0000ffff 00008200 DPL=0 LDT
TR =0048 000000007f5da058 00000067 00008900 DPL=0 TSS64-avl
GDT=     000000007f5da000 00000057
IDT=     000000007bb7af58 00000fff
CR0=80010033 CR2=0000000000000000 CR3=000000007f801000 CR4=00000668
DR0=0000000000000000 DR1=0000000000000000 DR2=0000000000000000 DR3=0000000000000000 
DR6=00000000ffff0ff0 DR7=0000000000000400
CCS=0000000000000044 CCD=0000000000000000 CCO=EFLAGS
EFER=0000000000000d00
Servicing hardware INT=0x20
   392: v=20 e=0000 i=0 cpl=0 IP=0038:000000007de57d6d pc=000000007de57d6d SP=0030:000000007fe69558 env->regs[R_EAX]=0000000080000000
RAX=0000000080000000 RBX=00f0d3d3b8b42da0 RCX=00000000000001c9 RDX=00000000000001a8
RSI=0000000000000320 RDI=0000000080000000 RBP=000000007fe695a0 RSP=000000007fe69558
R8 =0000000000000000 R9 =0000000000000000 R10=0000000000000000 R11=0000000000000002
R12=000000007e6d9598 R13=000000007f5ec018 R14=0000000000000000 R15=000000007fe91f20
RIP=000000007de57d6d RFL=00000246 [---Z-P-] CPL=0 II=0 A20=1 SMM=0 HLT=0
ES =0030 0000000000000000 ffffffff 00cf9300 DPL=0 DS   [-WA]
CS =0038 0000000000000000 ffffffff 00af9a00 DPL=0 CS64 [-R-]
SS =0030 0000000000000000 ffffffff 00cf9300 DPL=0 DS   [-WA]
DS =0030 0000000000000000 ffffffff 00cf9300 DPL=0 DS   [-WA]
FS =0030 0000000000000000 ffffffff 00cf9300 DPL=0 DS   [-WA]
GS =0030 0000000000000000 ffffffff 00cf9300 DPL=0 DS   [-WA]
LDT=0000 0000000000000000 0000ffff 00008200 DPL=0 LDT
TR =0048 000000007f5da058 00000067 00008900 DPL=0 TSS64-avl
GDT=     000000007f5da000 00000057
IDT=     000000007bb7af58 00000fff
CR0=80010033 CR2=0000000000000000 CR3=000000007f801000 CR4=00000668
DR0=0000000000000000 DR1=0000000000000000 DR2=0000000000000000 DR3=0000000000000000 
DR6=00000000ffff0ff0 DR7=0000000000000400
CCS=0000000000000044 CCD=0000000000000000 CCO=EFLAGS
EFER=0000000000000d00
Servicing hardware INT=0x20
   393: v=20 e=0000 i=0 cpl=0 IP=0038:000000007eb3cf04 pc=000000007eb3cf04 SP=0030:000000007fe694e0 env->regs[R_EAX]=0000000000029a07
RAX=0000000000029a07 RBX=00000000003c5534 RCX=0000000000000608 RDX=000000000039bb2d
RSI=000000000000c350 RDI=000000000002bb21 RBP=000000007fe694f0 RSP=000000007fe694e0
R8 =000000007fe6958c R9 =0000000000000000 R10=0000000000000000 R11=0000000000000002
R12=0000000000000000 R13=000000007f5ec018 R14=0000000000000000 R15=000000007fe91f20
RIP=000000007eb3cf04 RFL=00000202 [-------] CPL=0 II=0 A20=1 SMM=0 HLT=0
ES =0030 0000000000000000 ffffffff 00cf9300 DPL=0 DS   [-WA]
CS =0038 0000000000000000 ffffffff 00af9a00 DPL=0 CS64 [-R-]
SS =0030 0000000000000000 ffffffff 00cf9300 DPL=0 DS   [-WA]
DS =0030 0000000000000000 ffffffff 00cf9300 DPL=0 DS   [-WA]
FS =0030 0000000000000000 ffffffff 00cf9300 DPL=0 DS   [-WA]
GS =0030 0000000000000000 ffffffff 00cf9300 DPL=0 DS   [-WA]
LDT=0000 0000000000000000 0000ffff 00008200 DPL=0 LDT
TR =0048 000000007f5da058 00000067 00008900 DPL=0 TSS64-avl
GDT=     000000007f5da000 00000057
IDT=     000000007bb7af58 00000fff
CR0=80010033 CR2=0000000000000000 CR3=000000007f801000 CR4=00000668
DR0=0000000000000000 DR1=0000000000000000 DR2=0000000000000000 DR3=0000000000000000 
DR6=00000000ffff0ff0 DR7=0000000000000400
CCS=0000000000000000 CCD=0000000000029a07 CCO=EFLAGS
EFER=0000000000000d00
Servicing hardware INT=0x20
   394: v=20 e=0000 i=0 cpl=0 IP=0038:000000007eb3cf04 pc=000000007eb3cf04 SP=0030:000000007fe694e0 env->regs[R_EAX]=000000000002044b
RAX=000000000002044b RBX=00000000003c5534 RCX=0000000000000608 RDX=00000000003a50e9
RSI=000000000000c350 RDI=000000000002bb21 RBP=000000007fe694f0 RSP=000000007fe694e0
R8 =000000007fe6958c R9 =0000000000000000 R10=0000000000000000 R11=0000000000000002
R12=0000000000000000 R13=000000007f5ec018 R14=0000000000000000 R15=000000007fe91f20
RIP=000000007eb3cf04 RFL=00000206 [-----P-] CPL=0 II=0 A20=1 SMM=0 HLT=0
ES =0030 0000000000000000 ffffffff 00cf9300 DPL=0 DS   [-WA]
CS =0038 0000000000000000 ffffffff 00af9a00 DPL=0 CS64 [-R-]
SS =0030 0000000000000000 ffffffff 00cf9300 DPL=0 DS   [-WA]
DS =0030 0000000000000000 ffffffff 00cf9300 DPL=0 DS   [-WA]
FS =0030 0000000000000000 ffffffff 00cf9300 DPL=0 DS   [-WA]
GS =0030 0000000000000000 ffffffff 00cf9300 DPL=0 DS   [-WA]
LDT=0000 0000000000000000 0000ffff 00008200 DPL=0 LDT
TR =0048 000000007f5da058 00000067 00008900 DPL=0 TSS64-avl
GDT=     000000007f5da000 00000057
IDT=     000000007bb7af58 00000fff
CR0=80010033 CR2=0000000000000000 CR3=000000007f801000 CR4=00000668
DR0=0000000000000000 DR1=0000000000000000 DR2=0000000000000000 DR3=0000000000000000 
DR6=00000000ffff0ff0 DR7=0000000000000400
CCS=0000000000000004 CCD=000000000002044b CCO=EFLAGS
EFER=0000000000000d00
Servicing hardware INT=0x20
   395: v=20 e=0000 i=0 cpl=0 IP=0038:000000007eb3cf04 pc=000000007eb3cf04 SP=0030:000000007fe694e0 env->regs[R_EAX]=0000000000017877
RAX=0000000000017877 RBX=00000000003c5534 RCX=0000000000000608 RDX=00000000003adcbd
RSI=000000000000c350 RDI=000000000002bb21 RBP=000000007fe694f0 RSP=000000007fe694e0
R8 =000000007fe6958c R9 =0000000000000000 R10=0000000000000000 R11=0000000000000002
R12=0000000000000000 R13=000000007f5ec018 R14=0000000000000000 R15=000000007fe91f20
RIP=000000007eb3cf04 RFL=00000206 [-----P-] CPL=0 II=0 A20=1 SMM=0 HLT=0
ES =0030 0000000000000000 ffffffff 00cf9300 DPL=0 DS   [-WA]
CS =0038 0000000000000000 ffffffff 00af9a00 DPL=0 CS64 [-R-]
SS =0030 0000000000000000 ffffffff 00cf9300 DPL=0 DS   [-WA]
DS =0030 0000000000000000 ffffffff 00cf9300 DPL=0 DS   [-WA]
FS =0030 0000000000000000 ffffffff 00cf9300 DPL=0 DS   [-WA]
GS =0030 0000000000000000 ffffffff 00cf9300 DPL=0 DS   [-WA]
LDT=0000 0000000000000000 0000ffff 00008200 DPL=0 LDT
TR =0048 000000007f5da058 00000067 00008900 DPL=0 TSS64-avl
GDT=     000000007f5da000 00000057
IDT=     000000007bb7af58 00000fff
CR0=80010033 CR2=0000000000000000 CR3=000000007f801000 CR4=00000668
DR0=0000000000000000 DR1=0000000000000000 DR2=0000000000000000 DR3=0000000000000000 
DR6=00000000ffff0ff0 DR7=0000000000000400
CCS=0000000000000004 CCD=0000000000017877 CCO=EFLAGS
EFER=0000000000000d00
Servicing hardware INT=0x20
   396: v=20 e=0000 i=0 cpl=0 IP=0038:000000007eb3cf04 pc=000000007eb3cf04 SP=0030:000000007fe694e0 env->regs[R_EAX]=0000000000011786
RAX=0000000000011786 RBX=00000000003c5534 RCX=0000000000000608 RDX=00000000003b3dae
RSI=000000000000c350 RDI=000000000002bb21 RBP=000000007fe694f0 RSP=000000007fe694e0
R8 =000000007fe6958c R9 =0000000000000000 R10=0000000000000000 R11=0000000000000002
R12=0000000000000000 R13=000000007f5ec018 R14=0000000000000000 R15=000000007fe91f20
RIP=000000007eb3cf04 RFL=00000202 [-------] CPL=0 II=0 A20=1 SMM=0 HLT=0
ES =0030 0000000000000000 ffffffff 00cf9300 DPL=0 DS   [-WA]
CS =0038 0000000000000000 ffffffff 00af9a00 DPL=0 CS64 [-R-]
SS =0030 0000000000000000 ffffffff 00cf9300 DPL=0 DS   [-WA]
DS =0030 0000000000000000 ffffffff 00cf9300 DPL=0 DS   [-WA]
FS =0030 0000000000000000 ffffffff 00cf9300 DPL=0 DS   [-WA]
GS =0030 0000000000000000 ffffffff 00cf9300 DPL=0 DS   [-WA]
LDT=0000 0000000000000000 0000ffff 00008200 DPL=0 LDT
TR =0048 000000007f5da058 00000067 00008900 DPL=0 TSS64-avl
GDT=     000000007f5da000 00000057
IDT=     000000007bb7af58 00000fff
CR0=80010033 CR2=0000000000000000 CR3=000000007f801000 CR4=00000668
DR0=0000000000000000 DR1=0000000000000000 DR2=0000000000000000 DR3=0000000000000000 
DR6=00000000ffff0ff0 DR7=0000000000000400
CCS=0000000000000000 CCD=0000000000011786 CCO=EFLAGS
EFER=0000000000000d00
Servicing hardware INT=0x20
   397: v=20 e=0000 i=0 cpl=0 IP=0038:000000007eb3cf04 pc=000000007eb3cf04 SP=0030:000000007fe694e0 env->regs[R_EAX]=00000000000052f7
RAX=00000000000052f7 RBX=00000000003c5534 RCX=0000000000000608 RDX=00000000003c023d
RSI=000000000000c350 RDI=000000000002bb21 RBP=000000007fe694f0 RSP=000000007fe694e0
R8 =000000007fe6958c R9 =0000000000000000 R10=0000000000000000 R11=0000000000000002
R12=0000000000000000 R13=000000007f5ec018 R14=0000000000000000 R15=000000007fe91f20
RIP=000000007eb3cf04 RFL=00000202 [-------] CPL=0 II=0 A20=1 SMM=0 HLT=0
ES =0030 0000000000000000 ffffffff 00cf9300 DPL=0 DS   [-WA]
CS =0038 0000000000000000 ffffffff 00af9a00 DPL=0 CS64 [-R-]
SS =0030 0000000000000000 ffffffff 00cf9300 DPL=0 DS   [-WA]
DS =0030 0000000000000000 ffffffff 00cf9300 DPL=0 DS   [-WA]
FS =0030 0000000000000000 ffffffff 00cf9300 DPL=0 DS   [-WA]
GS =0030 0000000000000000 ffffffff 00cf9300 DPL=0 DS   [-WA]
LDT=0000 0000000000000000 0000ffff 00008200 DPL=0 LDT
TR =0048 000000007f5da058 00000067 00008900 DPL=0 TSS64-avl
GDT=     000000007f5da000 00000057
IDT=     000000007bb7af58 00000fff
CR0=80010033 CR2=0000000000000000 CR3=000000007f801000 CR4=00000668
DR0=0000000000000000 DR1=0000000000000000 DR2=0000000000000000 DR3=0000000000000000 
DR6=00000000ffff0ff0 DR7=0000000000000400
CCS=0000000000000000 CCD=00000000000052f7 CCO=EFLAGS
EFER=0000000000000d00
Servicing hardware INT=0x20
   398: v=20 e=0000 i=0 cpl=0 IP=0038:000000007de57ea1 pc=000000007de57ea1 SP=0030:000000007fe69560 env->regs[R_EAX]=0000000000000000
RAX=0000000000000000 RBX=00f0d3d3b8b42da0 RCX=0000000000000000 RDX=00000000800283b4
RSI=0000000000000000 RDI=0000000080000000 RBP=000000007fe695a0 RSP=000000007fe69560
R8 =0000000000000000 R9 =0000000000000000 R10=0000000000000000 R11=0000000000000002
R12=000000007e6d9598 R13=000000007f5ec018 R14=0000000000000000 R15=000000007fe91f20
RIP=000000007de57ea1 RFL=00000206 [-----P-] CPL=0 II=0 A20=1 SMM=0 HLT=0
ES =0030 0000000000000000 ffffffff 00cf9300 DPL=0 DS   [-WA]
CS =0038 0000000000000000 ffffffff 00af9a00 DPL=0 CS64 [-R-]
SS =0030 0000000000000000 ffffffff 00cf9300 DPL=0 DS   [-WA]
DS =0030 0000000000000000 ffffffff 00cf9300 DPL=0 DS   [-WA]
FS =0030 0000000000000000 ffffffff 00cf9300 DPL=0 DS   [-WA]
GS =0030 0000000000000000 ffffffff 00cf9300 DPL=0 DS   [-WA]
LDT=0000 0000000000000000 0000ffff 00008200 DPL=0 LDT
TR =0048 000000007f5da058 00000067 00008900 DPL=0 TSS64-avl
GDT=     000000007f5da000 00000057
IDT=     000000007bb7af58 00000fff
CR0=80010033 CR2=0000000000000000 CR3=000000007f801000 CR4=00000668
DR0=0000000000000000 DR1=0000000000000000 DR2=0000000000000000 DR3=0000000000000000 
DR6=00000000ffff0ff0 DR7=0000000000000400
CCS=0000000000000004 CCD=00000000800283b4 CCO=EFLAGS
EFER=0000000000000d00
Servicing hardware INT=0x20
   399: v=20 e=0000 i=0 cpl=0 IP=0038:000000007de57d6d pc=000000007de57d6d SP=0030:000000007fe69558 env->regs[R_EAX]=0000000080000000
RAX=0000000080000000 RBX=00f0d3d3b8b42da0 RCX=0000000000000120 RDX=0000000000000040
RSI=0000000000000320 RDI=0000000080000000 RBP=000000007fe695a0 RSP=000000007fe69558
R8 =0000000000000000 R9 =0000000000000000 R10=0000000000000000 R11=0000000000000002
R12=000000007e6d9598 R13=000000007f5ec018 R14=0000000000000000 R15=000000007fe91f20
RIP=000000007de57d6d RFL=00000246 [---Z-P-] CPL=0 II=0 A20=1 SMM=0 HLT=0
ES =0030 0000000000000000 ffffffff 00cf9300 DPL=0 DS   [-WA]
CS =0038 0000000000000000 ffffffff 00af9a00 DPL=0 CS64 [-R-]
SS =0030 0000000000000000 ffffffff 00cf9300 DPL=0 DS   [-WA]
DS =0030 0000000000000000 ffffffff 00cf9300 DPL=0 DS   [-WA]
FS =0030 0000000000000000 ffffffff 00cf9300 DPL=0 DS   [-WA]
GS =0030 0000000000000000 ffffffff 00cf9300 DPL=0 DS   [-WA]
LDT=0000 0000000000000000 0000ffff 00008200 DPL=0 LDT
TR =0048 000000007f5da058 00000067 00008900 DPL=0 TSS64-avl
GDT=     000000007f5da000 00000057
IDT=     000000007bb7af58 00000fff
CR0=80010033 CR2=0000000000000000 CR3=000000007f801000 CR4=00000668
DR0=0000000000000000 DR1=0000000000000000 DR2=0000000000000000 DR3=0000000000000000 
DR6=00000000ffff0ff0 DR7=0000000000000400
CCS=0000000000000044 CCD=0000000000000000 CCO=EFLAGS
EFER=0000000000000d00
Servicing hardware INT=0x20
   400: v=20 e=0000 i=0 cpl=0 IP=0038:000000007de57d6d pc=000000007de57d6d SP=0030:000000007fe69558 env->regs[R_EAX]=0000000080000000
RAX=0000000080000000 RBX=00f0d3d3b8b42da0 RCX=00000000000001bf RDX=00000000000002af
RSI=0000000000000320 RDI=0000000080000000 RBP=000000007fe695a0 RSP=000000007fe69558
R8 =0000000000000000 R9 =0000000000000000 R10=0000000000000000 R11=0000000000000002
R12=000000007e6d9598 R13=000000007f5ec018 R14=0000000000000000 R15=000000007fe91f20
RIP=000000007de57d6d RFL=00000246 [---Z-P-] CPL=0 II=0 A20=1 SMM=0 HLT=0
ES =0030 0000000000000000 ffffffff 00cf9300 DPL=0 DS   [-WA]
CS =0038 0000000000000000 ffffffff 00af9a00 DPL=0 CS64 [-R-]
SS =0030 0000000000000000 ffffffff 00cf9300 DPL=0 DS   [-WA]
DS =0030 0000000000000000 ffffffff 00cf9300 DPL=0 DS   [-WA]
FS =0030 0000000000000000 ffffffff 00cf9300 DPL=0 DS   [-WA]
GS =0030 0000000000000000 ffffffff 00cf9300 DPL=0 DS   [-WA]
LDT=0000 0000000000000000 0000ffff 00008200 DPL=0 LDT
TR =0048 000000007f5da058 00000067 00008900 DPL=0 TSS64-avl
GDT=     000000007f5da000 00000057
IDT=     000000007bb7af58 00000fff
CR0=80010033 CR2=0000000000000000 CR3=000000007f801000 CR4=00000668
DR0=0000000000000000 DR1=0000000000000000 DR2=0000000000000000 DR3=0000000000000000 
DR6=00000000ffff0ff0 DR7=0000000000000400
CCS=0000000000000044 CCD=0000000000000000 CCO=EFLAGS
EFER=0000000000000d00
Servicing hardware INT=0x20
   401: v=20 e=0000 i=0 cpl=0 IP=0038:000000007eb3cf04 pc=000000007eb3cf04 SP=0030:000000007fe694e0 env->regs[R_EAX]=0000000000029157
RAX=0000000000029157 RBX=000000000040c21d RCX=0000000000000608 RDX=00000000003e30c6
RSI=000000000000c350 RDI=000000000002bb21 RBP=000000007fe694f0 RSP=000000007fe694e0
R8 =000000007fe6958c R9 =0000000000000000 R10=0000000000000000 R11=0000000000000002
R12=0000000000000000 R13=000000007f5ec018 R14=0000000000000000 R15=000000007fe91f20
RIP=000000007eb3cf04 RFL=00000202 [-------] CPL=0 II=0 A20=1 SMM=0 HLT=0
ES =0030 0000000000000000 ffffffff 00cf9300 DPL=0 DS   [-WA]
CS =0038 0000000000000000 ffffffff 00af9a00 DPL=0 CS64 [-R-]
SS =0030 0000000000000000 ffffffff 00cf9300 DPL=0 DS   [-WA]
DS =0030 0000000000000000 ffffffff 00cf9300 DPL=0 DS   [-WA]
FS =0030 0000000000000000 ffffffff 00cf9300 DPL=0 DS   [-WA]
GS =0030 0000000000000000 ffffffff 00cf9300 DPL=0 DS   [-WA]
LDT=0000 0000000000000000 0000ffff 00008200 DPL=0 LDT
TR =0048 000000007f5da058 00000067 00008900 DPL=0 TSS64-avl
GDT=     000000007f5da000 00000057
IDT=     000000007bb7af58 00000fff
CR0=80010033 CR2=0000000000000000 CR3=000000007f801000 CR4=00000668
DR0=0000000000000000 DR1=0000000000000000 DR2=0000000000000000 DR3=0000000000000000 
DR6=00000000ffff0ff0 DR7=0000000000000400
CCS=0000000000000000 CCD=0000000000029157 CCO=EFLAGS
EFER=0000000000000d00
Servicing hardware INT=0x20
   402: v=20 e=0000 i=0 cpl=0 IP=0038:000000007eb3cf04 pc=000000007eb3cf04 SP=0030:000000007fe694e0 env->regs[R_EAX]=00000000000212a6
RAX=00000000000212a6 RBX=000000000040c21d RCX=0000000000000608 RDX=00000000003eaf77
RSI=000000000000c350 RDI=000000000002bb21 RBP=000000007fe694f0 RSP=000000007fe694e0
R8 =000000007fe6958c R9 =0000000000000000 R10=0000000000000000 R11=0000000000000002
R12=0000000000000000 R13=000000007f5ec018 R14=0000000000000000 R15=000000007fe91f20
RIP=000000007eb3cf04 RFL=00000206 [-----P-] CPL=0 II=0 A20=1 SMM=0 HLT=0
ES =0030 0000000000000000 ffffffff 00cf9300 DPL=0 DS   [-WA]
CS =0038 0000000000000000 ffffffff 00af9a00 DPL=0 CS64 [-R-]
SS =0030 0000000000000000 ffffffff 00cf9300 DPL=0 DS   [-WA]
DS =0030 0000000000000000 ffffffff 00cf9300 DPL=0 DS   [-WA]
FS =0030 0000000000000000 ffffffff 00cf9300 DPL=0 DS   [-WA]
GS =0030 0000000000000000 ffffffff 00cf9300 DPL=0 DS   [-WA]
LDT=0000 0000000000000000 0000ffff 00008200 DPL=0 LDT
TR =0048 000000007f5da058 00000067 00008900 DPL=0 TSS64-avl
GDT=     000000007f5da000 00000057
IDT=     000000007bb7af58 00000fff
CR0=80010033 CR2=0000000000000000 CR3=000000007f801000 CR4=00000668
DR0=0000000000000000 DR1=0000000000000000 DR2=0000000000000000 DR3=0000000000000000 
DR6=00000000ffff0ff0 DR7=0000000000000400
CCS=0000000000000004 CCD=00000000000212a6 CCO=EFLAGS
EFER=0000000000000d00
Servicing hardware INT=0x20
   403: v=20 e=0000 i=0 cpl=0 IP=0038:000000007eb3cf04 pc=000000007eb3cf04 SP=0030:000000007fe694e0 env->regs[R_EAX]=00000000000187b0
RAX=00000000000187b0 RBX=000000000040c21d RCX=0000000000000608 RDX=00000000003f3a6d
RSI=000000000000c350 RDI=000000000002bb21 RBP=000000007fe694f0 RSP=000000007fe694e0
R8 =000000007fe6958c R9 =0000000000000000 R10=0000000000000000 R11=0000000000000002
R12=0000000000000000 R13=000000007f5ec018 R14=0000000000000000 R15=000000007fe91f20
RIP=000000007eb3cf04 RFL=00000202 [-------] CPL=0 II=0 A20=1 SMM=0 HLT=0
ES =0030 0000000000000000 ffffffff 00cf9300 DPL=0 DS   [-WA]
CS =0038 0000000000000000 ffffffff 00af9a00 DPL=0 CS64 [-R-]
SS =0030 0000000000000000 ffffffff 00cf9300 DPL=0 DS   [-WA]
DS =0030 0000000000000000 ffffffff 00cf9300 DPL=0 DS   [-WA]
FS =0030 0000000000000000 ffffffff 00cf9300 DPL=0 DS   [-WA]
GS =0030 0000000000000000 ffffffff 00cf9300 DPL=0 DS   [-WA]
LDT=0000 0000000000000000 0000ffff 00008200 DPL=0 LDT
TR =0048 000000007f5da058 00000067 00008900 DPL=0 TSS64-avl
GDT=     000000007f5da000 00000057
IDT=     000000007bb7af58 00000fff
CR0=80010033 CR2=0000000000000000 CR3=000000007f801000 CR4=00000668
DR0=0000000000000000 DR1=0000000000000000 DR2=0000000000000000 DR3=0000000000000000 
DR6=00000000ffff0ff0 DR7=0000000000000400
CCS=0000000000000000 CCD=00000000000187b0 CCO=EFLAGS
EFER=0000000000000d00
Servicing hardware INT=0x20
   404: v=20 e=0000 i=0 cpl=0 IP=0038:000000007eb3cf04 pc=000000007eb3cf04 SP=0030:000000007fe694e0 env->regs[R_EAX]=000000000000fafd
RAX=000000000000fafd RBX=000000000040c21d RCX=0000000000000608 RDX=00000000003fc720
RSI=000000000000c350 RDI=000000000002bb21 RBP=000000007fe694f0 RSP=000000007fe694e0
R8 =000000007fe6958c R9 =0000000000000000 R10=0000000000000000 R11=0000000000000002
R12=0000000000000000 R13=000000007f5ec018 R14=0000000000000000 R15=000000007fe91f20
RIP=000000007eb3cf04 RFL=00000202 [-------] CPL=0 II=0 A20=1 SMM=0 HLT=0
ES =0030 0000000000000000 ffffffff 00cf9300 DPL=0 DS   [-WA]
CS =0038 0000000000000000 ffffffff 00af9a00 DPL=0 CS64 [-R-]
SS =0030 0000000000000000 ffffffff 00cf9300 DPL=0 DS   [-WA]
DS =0030 0000000000000000 ffffffff 00cf9300 DPL=0 DS   [-WA]
FS =0030 0000000000000000 ffffffff 00cf9300 DPL=0 DS   [-WA]
GS =0030 0000000000000000 ffffffff 00cf9300 DPL=0 DS   [-WA]
LDT=0000 0000000000000000 0000ffff 00008200 DPL=0 LDT
TR =0048 000000007f5da058 00000067 00008900 DPL=0 TSS64-avl
GDT=     000000007f5da000 00000057
IDT=     000000007bb7af58 00000fff
CR0=80010033 CR2=0000000000000000 CR3=000000007f801000 CR4=00000668
DR0=0000000000000000 DR1=0000000000000000 DR2=0000000000000000 DR3=0000000000000000 
DR6=00000000ffff0ff0 DR7=0000000000000400
CCS=0000000000000000 CCD=000000000000fafd CCO=EFLAGS
EFER=0000000000000d00
Servicing hardware INT=0x20
   405: v=20 e=0000 i=0 cpl=0 IP=0038:000000007eb3cf04 pc=000000007eb3cf04 SP=0030:000000007fe694e0 env->regs[R_EAX]=0000000000006fd7
RAX=0000000000006fd7 RBX=000000000040c21d RCX=0000000000000608 RDX=0000000000405246
RSI=000000000000c350 RDI=000000000002bb21 RBP=000000007fe694f0 RSP=000000007fe694e0
R8 =000000007fe6958c R9 =0000000000000000 R10=0000000000000000 R11=0000000000000002
R12=0000000000000000 R13=000000007f5ec018 R14=0000000000000000 R15=000000007fe91f20
RIP=000000007eb3cf04 RFL=00000206 [-----P-] CPL=0 II=0 A20=1 SMM=0 HLT=0
ES =0030 0000000000000000 ffffffff 00cf9300 DPL=0 DS   [-WA]
CS =0038 0000000000000000 ffffffff 00af9a00 DPL=0 CS64 [-R-]
SS =0030 0000000000000000 ffffffff 00cf9300 DPL=0 DS   [-WA]
DS =0030 0000000000000000 ffffffff 00cf9300 DPL=0 DS   [-WA]
FS =0030 0000000000000000 ffffffff 00cf9300 DPL=0 DS   [-WA]
GS =0030 0000000000000000 ffffffff 00cf9300 DPL=0 DS   [-WA]
LDT=0000 0000000000000000 0000ffff 00008200 DPL=0 LDT
TR =0048 000000007f5da058 00000067 00008900 DPL=0 TSS64-avl
GDT=     000000007f5da000 00000057
IDT=     000000007bb7af58 00000fff
CR0=80010033 CR2=0000000000000000 CR3=000000007f801000 CR4=00000668
DR0=0000000000000000 DR1=0000000000000000 DR2=0000000000000000 DR3=0000000000000000 
DR6=00000000ffff0ff0 DR7=0000000000000400
CCS=0000000000000004 CCD=0000000000006fd7 CCO=EFLAGS
EFER=0000000000000d00
Servicing hardware INT=0x20
   406: v=20 e=0000 i=0 cpl=0 IP=0038:000000007de57d6d pc=000000007de57d6d SP=0030:000000007fe69558 env->regs[R_EAX]=0000000080000000
RAX=0000000080000000 RBX=00f0d3d3b8b42da0 RCX=0000000000000023 RDX=00000000000001c1
RSI=0000000000000320 RDI=0000000080000000 RBP=000000007fe695a0 RSP=000000007fe69558
R8 =0000000000000000 R9 =0000000000000000 R10=0000000000000000 R11=0000000000000002
R12=000000007e6d9598 R13=000000007f5ec018 R14=0000000000000000 R15=000000007fe91f20
RIP=000000007de57d6d RFL=00000246 [---Z-P-] CPL=0 II=0 A20=1 SMM=0 HLT=0
ES =0030 0000000000000000 ffffffff 00cf9300 DPL=0 DS   [-WA]
CS =0038 0000000000000000 ffffffff 00af9a00 DPL=0 CS64 [-R-]
SS =0030 0000000000000000 ffffffff 00cf9300 DPL=0 DS   [-WA]
DS =0030 0000000000000000 ffffffff 00cf9300 DPL=0 DS   [-WA]
FS =0030 0000000000000000 ffffffff 00cf9300 DPL=0 DS   [-WA]
GS =0030 0000000000000000 ffffffff 00cf9300 DPL=0 DS   [-WA]
LDT=0000 0000000000000000 0000ffff 00008200 DPL=0 LDT
TR =0048 000000007f5da058 00000067 00008900 DPL=0 TSS64-avl
GDT=     000000007f5da000 00000057
IDT=     000000007bb7af58 00000fff
CR0=80010033 CR2=0000000000000000 CR3=000000007f801000 CR4=00000668
DR0=0000000000000000 DR1=0000000000000000 DR2=0000000000000000 DR3=0000000000000000 
DR6=00000000ffff0ff0 DR7=0000000000000400
CCS=0000000000000044 CCD=0000000000000000 CCO=EFLAGS
EFER=0000000000000d00
Servicing hardware INT=0x20
   407: v=20 e=0000 i=0 cpl=0 IP=0038:000000007de57ea1 pc=000000007de57ea1 SP=0030:000000007fe69560 env->regs[R_EAX]=0000000000000000
RAX=0000000000000000 RBX=00f0d3d3b8b42da0 RCX=0000000000000000 RDX=00000000800b07dc
RSI=0000000000000000 RDI=0000000080000000 RBP=000000007fe695a0 RSP=000000007fe69560
R8 =0000000000000000 R9 =0000000000000000 R10=0000000000000000 R11=0000000000000002
R12=000000007e6d9598 R13=000000007f5ec018 R14=0000000000000000 R15=000000007fe91f20
RIP=000000007de57ea1 RFL=00000202 [-------] CPL=0 II=0 A20=1 SMM=0 HLT=0
ES =0030 0000000000000000 ffffffff 00cf9300 DPL=0 DS   [-WA]
CS =0038 0000000000000000 ffffffff 00af9a00 DPL=0 CS64 [-R-]
SS =0030 0000000000000000 ffffffff 00cf9300 DPL=0 DS   [-WA]
DS =0030 0000000000000000 ffffffff 00cf9300 DPL=0 DS   [-WA]
FS =0030 0000000000000000 ffffffff 00cf9300 DPL=0 DS   [-WA]
GS =0030 0000000000000000 ffffffff 00cf9300 DPL=0 DS   [-WA]
LDT=0000 0000000000000000 0000ffff 00008200 DPL=0 LDT
TR =0048 000000007f5da058 00000067 00008900 DPL=0 TSS64-avl
GDT=     000000007f5da000 00000057
IDT=     000000007bb7af58 00000fff
CR0=80010033 CR2=0000000000000000 CR3=000000007f801000 CR4=00000668
DR0=0000000000000000 DR1=0000000000000000 DR2=0000000000000000 DR3=0000000000000000 
DR6=00000000ffff0ff0 DR7=0000000000000400
CCS=0000000000000000 CCD=00000000800b07dc CCO=EFLAGS
EFER=0000000000000d00
Servicing hardware INT=0x20
   408: v=20 e=0000 i=0 cpl=0 IP=0038:000000007de57e0f pc=000000007de57e0f SP=0030:000000007fe69560 env->regs[R_EAX]=0000000000000191
RAX=0000000000000191 RBX=00f0d3d3b8b42da0 RCX=0000000000000000 RDX=00000000801449c0
RSI=0000000000000000 RDI=0000000080000000 RBP=000000007fe695a0 RSP=000000007fe69560
R8 =0000000000000000 R9 =0000000000000000 R10=0000000000000000 R11=0000000000000002
R12=000000007e6d9598 R13=000000007f5ec018 R14=0000000000000000 R15=000000007fe91f20
RIP=000000007de57e0f RFL=00000287 [--S--PC] CPL=0 II=0 A20=1 SMM=0 HLT=0
ES =0030 0000000000000000 ffffffff 00cf9300 DPL=0 DS   [-WA]
CS =0038 0000000000000000 ffffffff 00af9a00 DPL=0 CS64 [-R-]
SS =0030 0000000000000000 ffffffff 00cf9300 DPL=0 DS   [-WA]
DS =0030 0000000000000000 ffffffff 00cf9300 DPL=0 DS   [-WA]
FS =0030 0000000000000000 ffffffff 00cf9300 DPL=0 DS   [-WA]
GS =0030 0000000000000000 ffffffff 00cf9300 DPL=0 DS   [-WA]
LDT=0000 0000000000000000 0000ffff 00008200 DPL=0 LDT
TR =0048 000000007f5da058 00000067 00008900 DPL=0 TSS64-avl
GDT=     000000007f5da000 00000057
IDT=     000000007bb7af58 00000fff
CR0=80010033 CR2=0000000000000000 CR3=000000007f801000 CR4=00000668
DR0=0000000000000000 DR1=0000000000000000 DR2=0000000000000000 DR3=0000000000000000 
DR6=00000000ffff0ff0 DR7=0000000000000400
CCS=0000000000000085 CCD=fffffffffffffe71 CCO=EFLAGS
EFER=0000000000000d00
Servicing hardware INT=0x20
   409: v=20 e=0000 i=0 cpl=0 IP=0038:000000007eb3cf04 pc=000000007eb3cf04 SP=0030:000000007fe694e0 env->regs[R_EAX]=000000000002a358
RAX=000000000002a358 RBX=000000000045342a RCX=0000000000000608 RDX=00000000004290d2
RSI=000000000000c350 RDI=000000000002bb21 RBP=000000007fe694f0 RSP=000000007fe694e0
R8 =000000007fe6958c R9 =0000000000000000 R10=0000000000000000 R11=0000000000000002
R12=0000000000000000 R13=000000007f5ec018 R14=0000000000000000 R15=000000007fe91f20
RIP=000000007eb3cf04 RFL=00000202 [-------] CPL=0 II=0 A20=1 SMM=0 HLT=0
ES =0030 0000000000000000 ffffffff 00cf9300 DPL=0 DS   [-WA]
CS =0038 0000000000000000 ffffffff 00af9a00 DPL=0 CS64 [-R-]
SS =0030 0000000000000000 ffffffff 00cf9300 DPL=0 DS   [-WA]
DS =0030 0000000000000000 ffffffff 00cf9300 DPL=0 DS   [-WA]
FS =0030 0000000000000000 ffffffff 00cf9300 DPL=0 DS   [-WA]
GS =0030 0000000000000000 ffffffff 00cf9300 DPL=0 DS   [-WA]
LDT=0000 0000000000000000 0000ffff 00008200 DPL=0 LDT
TR =0048 000000007f5da058 00000067 00008900 DPL=0 TSS64-avl
GDT=     000000007f5da000 00000057
IDT=     000000007bb7af58 00000fff
CR0=80010033 CR2=0000000000000000 CR3=000000007f801000 CR4=00000668
DR0=0000000000000000 DR1=0000000000000000 DR2=0000000000000000 DR3=0000000000000000 
DR6=00000000ffff0ff0 DR7=0000000000000400
CCS=0000000000000000 CCD=000000000002a358 CCO=EFLAGS
EFER=0000000000000d00
Servicing hardware INT=0x20
   410: v=20 e=0000 i=0 cpl=0 IP=0038:000000007eb3cf04 pc=000000007eb3cf04 SP=0030:000000007fe694e0 env->regs[R_EAX]=0000000000022679
RAX=0000000000022679 RBX=000000000045342a RCX=0000000000000608 RDX=0000000000430db1
RSI=000000000000c350 RDI=000000000002bb21 RBP=000000007fe694f0 RSP=000000007fe694e0
R8 =000000007fe6958c R9 =0000000000000000 R10=0000000000000000 R11=0000000000000002
R12=0000000000000000 R13=000000007f5ec018 R14=0000000000000000 R15=000000007fe91f20
RIP=000000007eb3cf04 RFL=00000202 [-------] CPL=0 II=0 A20=1 SMM=0 HLT=0
ES =0030 0000000000000000 ffffffff 00cf9300 DPL=0 DS   [-WA]
CS =0038 0000000000000000 ffffffff 00af9a00 DPL=0 CS64 [-R-]
SS =0030 0000000000000000 ffffffff 00cf9300 DPL=0 DS   [-WA]
DS =0030 0000000000000000 ffffffff 00cf9300 DPL=0 DS   [-WA]
FS =0030 0000000000000000 ffffffff 00cf9300 DPL=0 DS   [-WA]
GS =0030 0000000000000000 ffffffff 00cf9300 DPL=0 DS   [-WA]
LDT=0000 0000000000000000 0000ffff 00008200 DPL=0 LDT
TR =0048 000000007f5da058 00000067 00008900 DPL=0 TSS64-avl
GDT=     000000007f5da000 00000057
IDT=     000000007bb7af58 00000fff
CR0=80010033 CR2=0000000000000000 CR3=000000007f801000 CR4=00000668
DR0=0000000000000000 DR1=0000000000000000 DR2=0000000000000000 DR3=0000000000000000 
DR6=00000000ffff0ff0 DR7=0000000000000400
CCS=0000000000000000 CCD=0000000000022679 CCO=EFLAGS
EFER=0000000000000d00
Servicing hardware INT=0x20
   411: v=20 e=0000 i=0 cpl=0 IP=0038:000000007eb3cf04 pc=000000007eb3cf04 SP=0030:000000007fe694e0 env->regs[R_EAX]=000000000001998a
RAX=000000000001998a RBX=000000000045342a RCX=0000000000000608 RDX=0000000000439aa0
RSI=000000000000c350 RDI=000000000002bb21 RBP=000000007fe694f0 RSP=000000007fe694e0
R8 =000000007fe6958c R9 =0000000000000000 R10=0000000000000000 R11=0000000000000002
R12=0000000000000000 R13=000000007f5ec018 R14=0000000000000000 R15=000000007fe91f20
RIP=000000007eb3cf04 RFL=00000202 [-------] CPL=0 II=0 A20=1 SMM=0 HLT=0
ES =0030 0000000000000000 ffffffff 00cf9300 DPL=0 DS   [-WA]
CS =0038 0000000000000000 ffffffff 00af9a00 DPL=0 CS64 [-R-]
SS =0030 0000000000000000 ffffffff 00cf9300 DPL=0 DS   [-WA]
DS =0030 0000000000000000 ffffffff 00cf9300 DPL=0 DS   [-WA]
FS =0030 0000000000000000 ffffffff 00cf9300 DPL=0 DS   [-WA]
GS =0030 0000000000000000 ffffffff 00cf9300 DPL=0 DS   [-WA]
LDT=0000 0000000000000000 0000ffff 00008200 DPL=0 LDT
TR =0048 000000007f5da058 00000067 00008900 DPL=0 TSS64-avl
GDT=     000000007f5da000 00000057
IDT=     000000007bb7af58 00000fff
CR0=80010033 CR2=0000000000000000 CR3=000000007f801000 CR4=00000668
DR0=0000000000000000 DR1=0000000000000000 DR2=0000000000000000 DR3=0000000000000000 
DR6=00000000ffff0ff0 DR7=0000000000000400
CCS=0000000000000000 CCD=000000000001998a CCO=EFLAGS
EFER=0000000000000d00
Servicing hardware INT=0x20
   412: v=20 e=0000 i=0 cpl=0 IP=0038:000000007eb3cf04 pc=000000007eb3cf04 SP=0030:000000007fe694e0 env->regs[R_EAX]=0000000000010dfa
RAX=0000000000010dfa RBX=000000000045342a RCX=0000000000000608 RDX=0000000000442630
RSI=000000000000c350 RDI=000000000002bb21 RBP=000000007fe694f0 RSP=000000007fe694e0
R8 =000000007fe6958c R9 =0000000000000000 R10=0000000000000000 R11=0000000000000002
R12=0000000000000000 R13=000000007f5ec018 R14=0000000000000000 R15=000000007fe91f20
RIP=000000007eb3cf04 RFL=00000206 [-----P-] CPL=0 II=0 A20=1 SMM=0 HLT=0
ES =0030 0000000000000000 ffffffff 00cf9300 DPL=0 DS   [-WA]
CS =0038 0000000000000000 ffffffff 00af9a00 DPL=0 CS64 [-R-]
SS =0030 0000000000000000 ffffffff 00cf9300 DPL=0 DS   [-WA]
DS =0030 0000000000000000 ffffffff 00cf9300 DPL=0 DS   [-WA]
FS =0030 0000000000000000 ffffffff 00cf9300 DPL=0 DS   [-WA]
GS =0030 0000000000000000 ffffffff 00cf9300 DPL=0 DS   [-WA]
LDT=0000 0000000000000000 0000ffff 00008200 DPL=0 LDT
TR =0048 000000007f5da058 00000067 00008900 DPL=0 TSS64-avl
GDT=     000000007f5da000 00000057
IDT=     000000007bb7af58 00000fff
CR0=80010033 CR2=0000000000000000 CR3=000000007f801000 CR4=00000668
DR0=0000000000000000 DR1=0000000000000000 DR2=0000000000000000 DR3=0000000000000000 
DR6=00000000ffff0ff0 DR7=0000000000000400
CCS=0000000000000004 CCD=0000000000010dfa CCO=EFLAGS
EFER=0000000000000d00
Servicing hardware INT=0x20
   413: v=20 e=0000 i=0 cpl=0 IP=0038:000000007eb3cf04 pc=000000007eb3cf04 SP=0030:000000007fe694e0 env->regs[R_EAX]=00000000000074e8
RAX=00000000000074e8 RBX=000000000045342a RCX=0000000000000608 RDX=000000000044bf42
RSI=000000000000c350 RDI=000000000002bb21 RBP=000000007fe694f0 RSP=000000007fe694e0
R8 =000000007fe6958c R9 =0000000000000000 R10=0000000000000000 R11=0000000000000002
R12=0000000000000000 R13=000000007f5ec018 R14=0000000000000000 R15=000000007fe91f20
RIP=000000007eb3cf04 RFL=00000206 [-----P-] CPL=0 II=0 A20=1 SMM=0 HLT=0
ES =0030 0000000000000000 ffffffff 00cf9300 DPL=0 DS   [-WA]
CS =0038 0000000000000000 ffffffff 00af9a00 DPL=0 CS64 [-R-]
SS =0030 0000000000000000 ffffffff 00cf9300 DPL=0 DS   [-WA]
DS =0030 0000000000000000 ffffffff 00cf9300 DPL=0 DS   [-WA]
FS =0030 0000000000000000 ffffffff 00cf9300 DPL=0 DS   [-WA]
GS =0030 0000000000000000 ffffffff 00cf9300 DPL=0 DS   [-WA]
LDT=0000 0000000000000000 0000ffff 00008200 DPL=0 LDT
TR =0048 000000007f5da058 00000067 00008900 DPL=0 TSS64-avl
GDT=     000000007f5da000 00000057
IDT=     000000007bb7af58 00000fff
CR0=80010033 CR2=0000000000000000 CR3=000000007f801000 CR4=00000668
DR0=0000000000000000 DR1=0000000000000000 DR2=0000000000000000 DR3=0000000000000000 
DR6=00000000ffff0ff0 DR7=0000000000000400
CCS=0000000000000004 CCD=00000000000074e8 CCO=EFLAGS
EFER=0000000000000d00
Servicing hardware INT=0x20
   414: v=20 e=0000 i=0 cpl=0 IP=0038:000000007de57ea1 pc=000000007de57ea1 SP=0030:000000007fe69560 env->regs[R_EAX]=00000000ffffffff
RAX=00000000ffffffff RBX=00f0d3d3b8b42da0 RCX=00000000000000ff RDX=0000000080008b3c
RSI=00000000000000ff RDI=0000000080000000 RBP=000000007fe695a0 RSP=000000007fe69560
R8 =00000000000000ff R9 =00000000000000ff R10=00000000000000ff R11=0000000000000002
R12=000000007e6d9598 R13=000000007f5ec018 R14=0000000000000000 R15=000000007fe91f20
RIP=000000007de57ea1 RFL=00000206 [-----P-] CPL=0 II=0 A20=1 SMM=0 HLT=0
ES =0030 0000000000000000 ffffffff 00cf9300 DPL=0 DS   [-WA]
CS =0038 0000000000000000 ffffffff 00af9a00 DPL=0 CS64 [-R-]
SS =0030 0000000000000000 ffffffff 00cf9300 DPL=0 DS   [-WA]
DS =0030 0000000000000000 ffffffff 00cf9300 DPL=0 DS   [-WA]
FS =0030 0000000000000000 ffffffff 00cf9300 DPL=0 DS   [-WA]
GS =0030 0000000000000000 ffffffff 00cf9300 DPL=0 DS   [-WA]
LDT=0000 0000000000000000 0000ffff 00008200 DPL=0 LDT
TR =0048 000000007f5da058 00000067 00008900 DPL=0 TSS64-avl
GDT=     000000007f5da000 00000057
IDT=     000000007bb7af58 00000fff
CR0=80010033 CR2=0000000000000000 CR3=000000007f801000 CR4=00000668
DR0=0000000000000000 DR1=0000000000000000 DR2=0000000000000000 DR3=0000000000000000 
DR6=00000000ffff0ff0 DR7=0000000000000400
CCS=0000000000000004 CCD=0000000080008b3c CCO=EFLAGS
EFER=0000000000000d00
Servicing hardware INT=0x20
   415: v=20 e=0000 i=0 cpl=0 IP=0038:000000007de57d6d pc=000000007de57d6d SP=0030:000000007fe69558 env->regs[R_EAX]=0000000080000000
RAX=0000000080000000 RBX=00f0d3d3b8b42da0 RCX=00000000000000c9 RDX=000000000000028c
RSI=0000000000000320 RDI=0000000080000000 RBP=000000007fe695a0 RSP=000000007fe69558
R8 =0000000000000000 R9 =0000000000000000 R10=0000000000000000 R11=0000000000000002
R12=000000007e6d9598 R13=000000007f5ec018 R14=0000000000000000 R15=000000007fe91f20
RIP=000000007de57d6d RFL=00000246 [---Z-P-] CPL=0 II=0 A20=1 SMM=0 HLT=0
ES =0030 0000000000000000 ffffffff 00cf9300 DPL=0 DS   [-WA]
CS =0038 0000000000000000 ffffffff 00af9a00 DPL=0 CS64 [-R-]
SS =0030 0000000000000000 ffffffff 00cf9300 DPL=0 DS   [-WA]
DS =0030 0000000000000000 ffffffff 00cf9300 DPL=0 DS   [-WA]
FS =0030 0000000000000000 ffffffff 00cf9300 DPL=0 DS   [-WA]
GS =0030 0000000000000000 ffffffff 00cf9300 DPL=0 DS   [-WA]
LDT=0000 0000000000000000 0000ffff 00008200 DPL=0 LDT
TR =0048 000000007f5da058 00000067 00008900 DPL=0 TSS64-avl
GDT=     000000007f5da000 00000057
IDT=     000000007bb7af58 00000fff
CR0=80010033 CR2=0000000000000000 CR3=000000007f801000 CR4=00000668
DR0=0000000000000000 DR1=0000000000000000 DR2=0000000000000000 DR3=0000000000000000 
DR6=00000000ffff0ff0 DR7=0000000000000400
CCS=0000000000000044 CCD=0000000000000000 CCO=EFLAGS
EFER=0000000000000d00
Servicing hardware INT=0x20
   416: v=20 e=0000 i=0 cpl=0 IP=0038:000000007de57ea1 pc=000000007de57ea1 SP=0030:000000007fe69560 env->regs[R_EAX]=0000000000000000
RAX=0000000000000000 RBX=00f0d3d3b8b42da0 RCX=0000000000000000 RDX=0000000080146a30
RSI=0000000000000000 RDI=0000000080000000 RBP=000000007fe695a0 RSP=000000007fe69560
R8 =0000000000000000 R9 =0000000000000000 R10=0000000000000000 R11=0000000000000002
R12=000000007e6d9598 R13=000000007f5ec018 R14=0000000000000000 R15=000000007fe91f20
RIP=000000007de57ea1 RFL=00000206 [-----P-] CPL=0 II=0 A20=1 SMM=0 HLT=0
ES =0030 0000000000000000 ffffffff 00cf9300 DPL=0 DS   [-WA]
CS =0038 0000000000000000 ffffffff 00af9a00 DPL=0 CS64 [-R-]
SS =0030 0000000000000000 ffffffff 00cf9300 DPL=0 DS   [-WA]
DS =0030 0000000000000000 ffffffff 00cf9300 DPL=0 DS   [-WA]
FS =0030 0000000000000000 ffffffff 00cf9300 DPL=0 DS   [-WA]
GS =0030 0000000000000000 ffffffff 00cf9300 DPL=0 DS   [-WA]
LDT=0000 0000000000000000 0000ffff 00008200 DPL=0 LDT
TR =0048 000000007f5da058 00000067 00008900 DPL=0 TSS64-avl
GDT=     000000007f5da000 00000057
IDT=     000000007bb7af58 00000fff
CR0=80010033 CR2=0000000000000000 CR3=000000007f801000 CR4=00000668
DR0=0000000000000000 DR1=0000000000000000 DR2=0000000000000000 DR3=0000000000000000 
DR6=00000000ffff0ff0 DR7=0000000000000400
CCS=0000000000000004 CCD=0000000080146a30 CCO=EFLAGS
EFER=0000000000000d00
Servicing hardware INT=0x20
   417: v=20 e=0000 i=0 cpl=0 IP=0038:000000007de57ea1 pc=000000007de57ea1 SP=0030:000000007fe69560 env->regs[R_EAX]=0000000000000000
RAX=0000000000000000 RBX=00f0d3d3b8b42da0 RCX=0000000000000000 RDX=00000000801cfe54
RSI=0000000000000000 RDI=0000000080000000 RBP=000000007fe695a0 RSP=000000007fe69560
R8 =0000000000000000 R9 =0000000000000000 R10=0000000000000000 R11=0000000000000002
R12=000000007e6d9598 R13=000000007f5ec018 R14=0000000000000000 R15=000000007fe91f20
RIP=000000007de57ea1 RFL=00000202 [-------] CPL=0 II=0 A20=1 SMM=0 HLT=0
ES =0030 0000000000000000 ffffffff 00cf9300 DPL=0 DS   [-WA]
CS =0038 0000000000000000 ffffffff 00af9a00 DPL=0 CS64 [-R-]
SS =0030 0000000000000000 ffffffff 00cf9300 DPL=0 DS   [-WA]
DS =0030 0000000000000000 ffffffff 00cf9300 DPL=0 DS   [-WA]
FS =0030 0000000000000000 ffffffff 00cf9300 DPL=0 DS   [-WA]
GS =0030 0000000000000000 ffffffff 00cf9300 DPL=0 DS   [-WA]
LDT=0000 0000000000000000 0000ffff 00008200 DPL=0 LDT
TR =0048 000000007f5da058 00000067 00008900 DPL=0 TSS64-avl
GDT=     000000007f5da000 00000057
IDT=     000000007bb7af58 00000fff
CR0=80010033 CR2=0000000000000000 CR3=000000007f801000 CR4=00000668
DR0=0000000000000000 DR1=0000000000000000 DR2=0000000000000000 DR3=0000000000000000 
DR6=00000000ffff0ff0 DR7=0000000000000400
CCS=0000000000000000 CCD=00000000801cfe54 CCO=EFLAGS
EFER=0000000000000d00
Servicing hardware INT=0x20
   418: v=20 e=0000 i=0 cpl=0 IP=0038:000000007eb3cf04 pc=000000007eb3cf04 SP=0030:000000007fe694e0 env->regs[R_EAX]=0000000000022bfd
RAX=0000000000022bfd RBX=000000000049a75a RCX=0000000000000608 RDX=0000000000477b5d
RSI=000000000000c350 RDI=000000000002bb21 RBP=000000007fe694f0 RSP=000000007fe694e0
R8 =000000007fe6958c R9 =0000000000000000 R10=0000000000000000 R11=0000000000000002
R12=0000000000000000 R13=000000007f5ec018 R14=0000000000000000 R15=000000007fe91f20
RIP=000000007eb3cf04 RFL=00000202 [-------] CPL=0 II=0 A20=1 SMM=0 HLT=0
ES =0030 0000000000000000 ffffffff 00cf9300 DPL=0 DS   [-WA]
CS =0038 0000000000000000 ffffffff 00af9a00 DPL=0 CS64 [-R-]
SS =0030 0000000000000000 ffffffff 00cf9300 DPL=0 DS   [-WA]
DS =0030 0000000000000000 ffffffff 00cf9300 DPL=0 DS   [-WA]
FS =0030 0000000000000000 ffffffff 00cf9300 DPL=0 DS   [-WA]
GS =0030 0000000000000000 ffffffff 00cf9300 DPL=0 DS   [-WA]
LDT=0000 0000000000000000 0000ffff 00008200 DPL=0 LDT
TR =0048 000000007f5da058 00000067 00008900 DPL=0 TSS64-avl
GDT=     000000007f5da000 00000057
IDT=     000000007bb7af58 00000fff
CR0=80010033 CR2=0000000000000000 CR3=000000007f801000 CR4=00000668
DR0=0000000000000000 DR1=0000000000000000 DR2=0000000000000000 DR3=0000000000000000 
DR6=00000000ffff0ff0 DR7=0000000000000400
CCS=0000000000000000 CCD=0000000000022bfd CCO=EFLAGS
EFER=0000000000000d00
Servicing hardware INT=0x20
   419: v=20 e=0000 i=0 cpl=0 IP=0038:000000007eb3cf04 pc=000000007eb3cf04 SP=0030:000000007fe694e0 env->regs[R_EAX]=000000000001a052
RAX=000000000001a052 RBX=000000000049a75a RCX=0000000000000608 RDX=0000000000480708
RSI=000000000000c350 RDI=000000000002bb21 RBP=000000007fe694f0 RSP=000000007fe694e0
R8 =000000007fe6958c R9 =0000000000000000 R10=0000000000000000 R11=0000000000000002
R12=0000000000000000 R13=000000007f5ec018 R14=0000000000000000 R15=000000007fe91f20
RIP=000000007eb3cf04 RFL=00000202 [-------] CPL=0 II=0 A20=1 SMM=0 HLT=0
ES =0030 0000000000000000 ffffffff 00cf9300 DPL=0 DS   [-WA]
CS =0038 0000000000000000 ffffffff 00af9a00 DPL=0 CS64 [-R-]
SS =0030 0000000000000000 ffffffff 00cf9300 DPL=0 DS   [-WA]
DS =0030 0000000000000000 ffffffff 00cf9300 DPL=0 DS   [-WA]
FS =0030 0000000000000000 ffffffff 00cf9300 DPL=0 DS   [-WA]
GS =0030 0000000000000000 ffffffff 00cf9300 DPL=0 DS   [-WA]
LDT=0000 0000000000000000 0000ffff 00008200 DPL=0 LDT
TR =0048 000000007f5da058 00000067 00008900 DPL=0 TSS64-avl
GDT=     000000007f5da000 00000057
IDT=     000000007bb7af58 00000fff
CR0=80010033 CR2=0000000000000000 CR3=000000007f801000 CR4=00000668
DR0=0000000000000000 DR1=0000000000000000 DR2=0000000000000000 DR3=0000000000000000 
DR6=00000000ffff0ff0 DR7=0000000000000400
CCS=0000000000000000 CCD=000000000001a052 CCO=EFLAGS
EFER=0000000000000d00
Servicing hardware INT=0x20
   420: v=20 e=0000 i=0 cpl=0 IP=0038:000000007eb3cf04 pc=000000007eb3cf04 SP=0030:000000007fe694e0 env->regs[R_EAX]=00000000000114d6
RAX=00000000000114d6 RBX=000000000049a75a RCX=0000000000000608 RDX=0000000000489284
RSI=000000000000c350 RDI=000000000002bb21 RBP=000000007fe694f0 RSP=000000007fe694e0
R8 =000000007fe6958c R9 =0000000000000000 R10=0000000000000000 R11=0000000000000002
R12=0000000000000000 R13=000000007f5ec018 R14=0000000000000000 R15=000000007fe91f20
RIP=000000007eb3cf04 RFL=00000202 [-------] CPL=0 II=0 A20=1 SMM=0 HLT=0
ES =0030 0000000000000000 ffffffff 00cf9300 DPL=0 DS   [-WA]
CS =0038 0000000000000000 ffffffff 00af9a00 DPL=0 CS64 [-R-]
SS =0030 0000000000000000 ffffffff 00cf9300 DPL=0 DS   [-WA]
DS =0030 0000000000000000 ffffffff 00cf9300 DPL=0 DS   [-WA]
FS =0030 0000000000000000 ffffffff 00cf9300 DPL=0 DS   [-WA]
GS =0030 0000000000000000 ffffffff 00cf9300 DPL=0 DS   [-WA]
LDT=0000 0000000000000000 0000ffff 00008200 DPL=0 LDT
TR =0048 000000007f5da058 00000067 00008900 DPL=0 TSS64-avl
GDT=     000000007f5da000 00000057
IDT=     000000007bb7af58 00000fff
CR0=80010033 CR2=0000000000000000 CR3=000000007f801000 CR4=00000668
DR0=0000000000000000 DR1=0000000000000000 DR2=0000000000000000 DR3=0000000000000000 
DR6=00000000ffff0ff0 DR7=0000000000000400
CCS=0000000000000000 CCD=00000000000114d6 CCO=EFLAGS
EFER=0000000000000d00
Servicing hardware INT=0x20
   421: v=20 e=0000 i=0 cpl=0 IP=0038:000000007eb3cf04 pc=000000007eb3cf04 SP=0030:000000007fe694e0 env->regs[R_EAX]=000000000000969a
RAX=000000000000969a RBX=000000000049a75a RCX=0000000000000608 RDX=00000000004910c0
RSI=000000000000c350 RDI=000000000002bb21 RBP=000000007fe694f0 RSP=000000007fe694e0
R8 =000000007fe6958c R9 =0000000000000000 R10=0000000000000000 R11=0000000000000002
R12=0000000000000000 R13=000000007f5ec018 R14=0000000000000000 R15=000000007fe91f20
RIP=000000007eb3cf04 RFL=00000206 [-----P-] CPL=0 II=0 A20=1 SMM=0 HLT=0
ES =0030 0000000000000000 ffffffff 00cf9300 DPL=0 DS   [-WA]
CS =0038 0000000000000000 ffffffff 00af9a00 DPL=0 CS64 [-R-]
SS =0030 0000000000000000 ffffffff 00cf9300 DPL=0 DS   [-WA]
DS =0030 0000000000000000 ffffffff 00cf9300 DPL=0 DS   [-WA]
FS =0030 0000000000000000 ffffffff 00cf9300 DPL=0 DS   [-WA]
GS =0030 0000000000000000 ffffffff 00cf9300 DPL=0 DS   [-WA]
LDT=0000 0000000000000000 0000ffff 00008200 DPL=0 LDT
TR =0048 000000007f5da058 00000067 00008900 DPL=0 TSS64-avl
GDT=     000000007f5da000 00000057
IDT=     000000007bb7af58 00000fff
CR0=80010033 CR2=0000000000000000 CR3=000000007f801000 CR4=00000668
DR0=0000000000000000 DR1=0000000000000000 DR2=0000000000000000 DR3=0000000000000000 
DR6=00000000ffff0ff0 DR7=0000000000000400
CCS=0000000000000004 CCD=000000000000969a CCO=EFLAGS
EFER=0000000000000d00
Servicing hardware INT=0x20
   422: v=20 e=0000 i=0 cpl=0 IP=0038:000000007de57ea1 pc=000000007de57ea1 SP=0030:000000007fe69560 env->regs[R_EAX]=00000000ffffffff
RAX=00000000ffffffff RBX=00f0d3d3b8b42da0 RCX=00000000000000ff RDX=0000000080001944
RSI=00000000000000ff RDI=0000000080000000 RBP=000000007fe695a0 RSP=000000007fe69560
R8 =00000000000000ff R9 =00000000000000ff R10=00000000000000ff R11=0000000000000002
R12=000000007e6d9598 R13=000000007f5ec018 R14=0000000000000000 R15=000000007fe91f20
RIP=000000007de57ea1 RFL=00000206 [-----P-] CPL=0 II=0 A20=1 SMM=0 HLT=0
ES =0030 0000000000000000 ffffffff 00cf9300 DPL=0 DS   [-WA]
CS =0038 0000000000000000 ffffffff 00af9a00 DPL=0 CS64 [-R-]
SS =0030 0000000000000000 ffffffff 00cf9300 DPL=0 DS   [-WA]
DS =0030 0000000000000000 ffffffff 00cf9300 DPL=0 DS   [-WA]
FS =0030 0000000000000000 ffffffff 00cf9300 DPL=0 DS   [-WA]
GS =0030 0000000000000000 ffffffff 00cf9300 DPL=0 DS   [-WA]
LDT=0000 0000000000000000 0000ffff 00008200 DPL=0 LDT
TR =0048 000000007f5da058 00000067 00008900 DPL=0 TSS64-avl
GDT=     000000007f5da000 00000057
IDT=     000000007bb7af58 00000fff
CR0=80010033 CR2=0000000000000000 CR3=000000007f801000 CR4=00000668
DR0=0000000000000000 DR1=0000000000000000 DR2=0000000000000000 DR3=0000000000000000 
DR6=00000000ffff0ff0 DR7=0000000000000400
CCS=0000000000000004 CCD=0000000080001944 CCO=EFLAGS
EFER=0000000000000d00
Servicing hardware INT=0x20
   423: v=20 e=0000 i=0 cpl=0 IP=0038:000000007de57ea1 pc=000000007de57ea1 SP=0030:000000007fe69560 env->regs[R_EAX]=0000000000000000
RAX=0000000000000000 RBX=00f0d3d3b8b42da0 RCX=0000000000000000 RDX=00000000800929f4
RSI=0000000000000000 RDI=0000000080000000 RBP=000000007fe695a0 RSP=000000007fe69560
R8 =0000000000000000 R9 =0000000000000000 R10=0000000000000000 R11=0000000000000002
R12=000000007e6d9598 R13=000000007f5ec018 R14=0000000000000000 R15=000000007fe91f20
RIP=000000007de57ea1 RFL=00000202 [-------] CPL=0 II=0 A20=1 SMM=0 HLT=0
ES =0030 0000000000000000 ffffffff 00cf9300 DPL=0 DS   [-WA]
CS =0038 0000000000000000 ffffffff 00af9a00 DPL=0 CS64 [-R-]
SS =0030 0000000000000000 ffffffff 00cf9300 DPL=0 DS   [-WA]
DS =0030 0000000000000000 ffffffff 00cf9300 DPL=0 DS   [-WA]
FS =0030 0000000000000000 ffffffff 00cf9300 DPL=0 DS   [-WA]
GS =0030 0000000000000000 ffffffff 00cf9300 DPL=0 DS   [-WA]
LDT=0000 0000000000000000 0000ffff 00008200 DPL=0 LDT
TR =0048 000000007f5da058 00000067 00008900 DPL=0 TSS64-avl
GDT=     000000007f5da000 00000057
IDT=     000000007bb7af58 00000fff
CR0=80010033 CR2=0000000000000000 CR3=000000007f801000 CR4=00000668
DR0=0000000000000000 DR1=0000000000000000 DR2=0000000000000000 DR3=0000000000000000 
DR6=00000000ffff0ff0 DR7=0000000000000400
CCS=0000000000000000 CCD=00000000800929f4 CCO=EFLAGS
EFER=0000000000000d00
Servicing hardware INT=0x20
   424: v=20 e=0000 i=0 cpl=0 IP=0038:000000007de57d6d pc=000000007de57d6d SP=0030:000000007fe69558 env->regs[R_EAX]=0000000080000000
RAX=0000000080000000 RBX=00f0d3d3b8b42da0 RCX=0000000000000181 RDX=000000000000009b
RSI=0000000000000320 RDI=0000000080000000 RBP=000000007fe695a0 RSP=000000007fe69558
R8 =0000000000000000 R9 =0000000000000000 R10=0000000000000000 R11=0000000000000002
R12=000000007e6d9598 R13=000000007f5ec018 R14=0000000000000000 R15=000000007fe91f20
RIP=000000007de57d6d RFL=00000246 [---Z-P-] CPL=0 II=0 A20=1 SMM=0 HLT=0
ES =0030 0000000000000000 ffffffff 00cf9300 DPL=0 DS   [-WA]
CS =0038 0000000000000000 ffffffff 00af9a00 DPL=0 CS64 [-R-]
SS =0030 0000000000000000 ffffffff 00cf9300 DPL=0 DS   [-WA]
DS =0030 0000000000000000 ffffffff 00cf9300 DPL=0 DS   [-WA]
FS =0030 0000000000000000 ffffffff 00cf9300 DPL=0 DS   [-WA]
GS =0030 0000000000000000 ffffffff 00cf9300 DPL=0 DS   [-WA]
LDT=0000 0000000000000000 0000ffff 00008200 DPL=0 LDT
TR =0048 000000007f5da058 00000067 00008900 DPL=0 TSS64-avl
GDT=     000000007f5da000 00000057
IDT=     000000007bb7af58 00000fff
CR0=80010033 CR2=0000000000000000 CR3=000000007f801000 CR4=00000668
DR0=0000000000000000 DR1=0000000000000000 DR2=0000000000000000 DR3=0000000000000000 
DR6=00000000ffff0ff0 DR7=0000000000000400
CCS=0000000000000044 CCD=0000000000000000 CCO=EFLAGS
EFER=0000000000000d00
Servicing hardware INT=0x20
   425: v=20 e=0000 i=0 cpl=0 IP=0038:000000007de57ea1 pc=000000007de57ea1 SP=0030:000000007fe69560 env->regs[R_EAX]=0000000000000000
RAX=0000000000000000 RBX=00f0d3d3b8b42da0 RCX=0000000000000000 RDX=00000000801cd42c
RSI=0000000000000000 RDI=0000000080000000 RBP=000000007fe695a0 RSP=000000007fe69560
R8 =0000000000000000 R9 =0000000000000000 R10=0000000000000000 R11=0000000000000002
R12=000000007e6d9598 R13=000000007f5ec018 R14=0000000000000000 R15=000000007fe91f20
RIP=000000007de57ea1 RFL=00000202 [-------] CPL=0 II=0 A20=1 SMM=0 HLT=0
ES =0030 0000000000000000 ffffffff 00cf9300 DPL=0 DS   [-WA]
CS =0038 0000000000000000 ffffffff 00af9a00 DPL=0 CS64 [-R-]
SS =0030 0000000000000000 ffffffff 00cf9300 DPL=0 DS   [-WA]
DS =0030 0000000000000000 ffffffff 00cf9300 DPL=0 DS   [-WA]
FS =0030 0000000000000000 ffffffff 00cf9300 DPL=0 DS   [-WA]
GS =0030 0000000000000000 ffffffff 00cf9300 DPL=0 DS   [-WA]
LDT=0000 0000000000000000 0000ffff 00008200 DPL=0 LDT
TR =0048 000000007f5da058 00000067 00008900 DPL=0 TSS64-avl
GDT=     000000007f5da000 00000057
IDT=     000000007bb7af58 00000fff
CR0=80010033 CR2=0000000000000000 CR3=000000007f801000 CR4=00000668
DR0=0000000000000000 DR1=0000000000000000 DR2=0000000000000000 DR3=0000000000000000 
DR6=00000000ffff0ff0 DR7=0000000000000400
CCS=0000000000000000 CCD=00000000801cd42c CCO=EFLAGS
EFER=0000000000000d00
Servicing hardware INT=0x20
   426: v=20 e=0000 i=0 cpl=0 IP=0038:000000007eb3cf04 pc=000000007eb3cf04 SP=0030:000000007fe694e0 env->regs[R_EAX]=0000000000022b4f
RAX=0000000000022b4f RBX=00000000004e04b1 RCX=0000000000000608 RDX=00000000004bd962
RSI=000000000000c350 RDI=000000000002bb21 RBP=000000007fe694f0 RSP=000000007fe694e0
R8 =000000007fe6958c R9 =0000000000000000 R10=0000000000000000 R11=0000000000000002
R12=0000000000000000 R13=000000007f5ec018 R14=0000000000000000 R15=000000007fe91f20
RIP=000000007eb3cf04 RFL=00000202 [-------] CPL=0 II=0 A20=1 SMM=0 HLT=0
ES =0030 0000000000000000 ffffffff 00cf9300 DPL=0 DS   [-WA]
CS =0038 0000000000000000 ffffffff 00af9a00 DPL=0 CS64 [-R-]
SS =0030 0000000000000000 ffffffff 00cf9300 DPL=0 DS   [-WA]
DS =0030 0000000000000000 ffffffff 00cf9300 DPL=0 DS   [-WA]
FS =0030 0000000000000000 ffffffff 00cf9300 DPL=0 DS   [-WA]
GS =0030 0000000000000000 ffffffff 00cf9300 DPL=0 DS   [-WA]
LDT=0000 0000000000000000 0000ffff 00008200 DPL=0 LDT
TR =0048 000000007f5da058 00000067 00008900 DPL=0 TSS64-avl
GDT=     000000007f5da000 00000057
IDT=     000000007bb7af58 00000fff
CR0=80010033 CR2=0000000000000000 CR3=000000007f801000 CR4=00000668
DR0=0000000000000000 DR1=0000000000000000 DR2=0000000000000000 DR3=0000000000000000 
DR6=00000000ffff0ff0 DR7=0000000000000400
CCS=0000000000000000 CCD=0000000000022b4f CCO=EFLAGS
EFER=0000000000000d00
Servicing hardware INT=0x20
   427: v=20 e=0000 i=0 cpl=0 IP=0038:000000007eb3cf04 pc=000000007eb3cf04 SP=0030:000000007fe694e0 env->regs[R_EAX]=000000000001aa24
RAX=000000000001aa24 RBX=00000000004e04b1 RCX=0000000000000608 RDX=00000000004c5a8d
RSI=000000000000c350 RDI=000000000002bb21 RBP=000000007fe694f0 RSP=000000007fe694e0
R8 =000000007fe6958c R9 =0000000000000000 R10=0000000000000000 R11=0000000000000002
R12=0000000000000000 R13=000000007f5ec018 R14=0000000000000000 R15=000000007fe91f20
RIP=000000007eb3cf04 RFL=00000206 [-----P-] CPL=0 II=0 A20=1 SMM=0 HLT=0
ES =0030 0000000000000000 ffffffff 00cf9300 DPL=0 DS   [-WA]
CS =0038 0000000000000000 ffffffff 00af9a00 DPL=0 CS64 [-R-]
SS =0030 0000000000000000 ffffffff 00cf9300 DPL=0 DS   [-WA]
DS =0030 0000000000000000 ffffffff 00cf9300 DPL=0 DS   [-WA]
FS =0030 0000000000000000 ffffffff 00cf9300 DPL=0 DS   [-WA]
GS =0030 0000000000000000 ffffffff 00cf9300 DPL=0 DS   [-WA]
LDT=0000 0000000000000000 0000ffff 00008200 DPL=0 LDT
TR =0048 000000007f5da058 00000067 00008900 DPL=0 TSS64-avl
GDT=     000000007f5da000 00000057
IDT=     000000007bb7af58 00000fff
CR0=80010033 CR2=0000000000000000 CR3=000000007f801000 CR4=00000668
DR0=0000000000000000 DR1=0000000000000000 DR2=0000000000000000 DR3=0000000000000000 
DR6=00000000ffff0ff0 DR7=0000000000000400
CCS=0000000000000004 CCD=000000000001aa24 CCO=EFLAGS
EFER=0000000000000d00
Servicing hardware INT=0x20
   428: v=20 e=0000 i=0 cpl=0 IP=0038:000000007eb3cf04 pc=000000007eb3cf04 SP=0030:000000007fe694e0 env->regs[R_EAX]=000000000001131f
RAX=000000000001131f RBX=00000000004e04b1 RCX=0000000000000608 RDX=00000000004cf192
RSI=000000000000c350 RDI=000000000002bb21 RBP=000000007fe694f0 RSP=000000007fe694e0
R8 =000000007fe6958c R9 =0000000000000000 R10=0000000000000000 R11=0000000000000002
R12=0000000000000000 R13=000000007f5ec018 R14=0000000000000000 R15=000000007fe91f20
RIP=000000007eb3cf04 RFL=00000202 [-------] CPL=0 II=0 A20=1 SMM=0 HLT=0
ES =0030 0000000000000000 ffffffff 00cf9300 DPL=0 DS   [-WA]
CS =0038 0000000000000000 ffffffff 00af9a00 DPL=0 CS64 [-R-]
SS =0030 0000000000000000 ffffffff 00cf9300 DPL=0 DS   [-WA]
DS =0030 0000000000000000 ffffffff 00cf9300 DPL=0 DS   [-WA]
FS =0030 0000000000000000 ffffffff 00cf9300 DPL=0 DS   [-WA]
GS =0030 0000000000000000 ffffffff 00cf9300 DPL=0 DS   [-WA]
LDT=0000 0000000000000000 0000ffff 00008200 DPL=0 LDT
TR =0048 000000007f5da058 00000067 00008900 DPL=0 TSS64-avl
GDT=     000000007f5da000 00000057
IDT=     000000007bb7af58 00000fff
CR0=80010033 CR2=0000000000000000 CR3=000000007f801000 CR4=00000668
DR0=0000000000000000 DR1=0000000000000000 DR2=0000000000000000 DR3=0000000000000000 
DR6=00000000ffff0ff0 DR7=0000000000000400
CCS=0000000000000000 CCD=000000000001131f CCO=EFLAGS
EFER=0000000000000d00
Servicing hardware INT=0x20
   429: v=20 e=0000 i=0 cpl=0 IP=0038:000000007eb3cf04 pc=000000007eb3cf04 SP=0030:000000007fe694e0 env->regs[R_EAX]=00000000000095c5
RAX=00000000000095c5 RBX=00000000004e04b1 RCX=0000000000000608 RDX=00000000004d6eec
RSI=000000000000c350 RDI=000000000002bb21 RBP=000000007fe694f0 RSP=000000007fe694e0
R8 =000000007fe6958c R9 =0000000000000000 R10=0000000000000000 R11=0000000000000002
R12=0000000000000000 R13=000000007f5ec018 R14=0000000000000000 R15=000000007fe91f20
RIP=000000007eb3cf04 RFL=00000206 [-----P-] CPL=0 II=0 A20=1 SMM=0 HLT=0
ES =0030 0000000000000000 ffffffff 00cf9300 DPL=0 DS   [-WA]
CS =0038 0000000000000000 ffffffff 00af9a00 DPL=0 CS64 [-R-]
SS =0030 0000000000000000 ffffffff 00cf9300 DPL=0 DS   [-WA]
DS =0030 0000000000000000 ffffffff 00cf9300 DPL=0 DS   [-WA]
FS =0030 0000000000000000 ffffffff 00cf9300 DPL=0 DS   [-WA]
GS =0030 0000000000000000 ffffffff 00cf9300 DPL=0 DS   [-WA]
LDT=0000 0000000000000000 0000ffff 00008200 DPL=0 LDT
TR =0048 000000007f5da058 00000067 00008900 DPL=0 TSS64-avl
GDT=     000000007f5da000 00000057
IDT=     000000007bb7af58 00000fff
CR0=80010033 CR2=0000000000000000 CR3=000000007f801000 CR4=00000668
DR0=0000000000000000 DR1=0000000000000000 DR2=0000000000000000 DR3=0000000000000000 
DR6=00000000ffff0ff0 DR7=0000000000000400
CCS=0000000000000004 CCD=00000000000095c5 CCO=EFLAGS
EFER=0000000000000d00
Servicing hardware INT=0x20
   430: v=20 e=0000 i=0 cpl=0 IP=0038:000000007eb3cf04 pc=000000007eb3cf04 SP=0030:000000007fe694e0 env->regs[R_EAX]=0000000000000913
RAX=0000000000000913 RBX=00000000004e04b1 RCX=0000000000000608 RDX=00000000004dfb9e
RSI=000000000000c350 RDI=000000000002bb21 RBP=000000007fe694f0 RSP=000000007fe694e0
R8 =000000007fe6958c R9 =0000000000000000 R10=0000000000000000 R11=0000000000000002
R12=0000000000000000 R13=000000007f5ec018 R14=0000000000000000 R15=000000007fe91f20
RIP=000000007eb3cf04 RFL=00000202 [-------] CPL=0 II=0 A20=1 SMM=0 HLT=0
ES =0030 0000000000000000 ffffffff 00cf9300 DPL=0 DS   [-WA]
CS =0038 0000000000000000 ffffffff 00af9a00 DPL=0 CS64 [-R-]
SS =0030 0000000000000000 ffffffff 00cf9300 DPL=0 DS   [-WA]
DS =0030 0000000000000000 ffffffff 00cf9300 DPL=0 DS   [-WA]
FS =0030 0000000000000000 ffffffff 00cf9300 DPL=0 DS   [-WA]
GS =0030 0000000000000000 ffffffff 00cf9300 DPL=0 DS   [-WA]
LDT=0000 0000000000000000 0000ffff 00008200 DPL=0 LDT
TR =0048 000000007f5da058 00000067 00008900 DPL=0 TSS64-avl
GDT=     000000007f5da000 00000057
IDT=     000000007bb7af58 00000fff
CR0=80010033 CR2=0000000000000000 CR3=000000007f801000 CR4=00000668
DR0=0000000000000000 DR1=0000000000000000 DR2=0000000000000000 DR3=0000000000000000 
DR6=00000000ffff0ff0 DR7=0000000000000400
CCS=0000000000000000 CCD=0000000000000913 CCO=EFLAGS
EFER=0000000000000d00
Servicing hardware INT=0x20
   431: v=20 e=0000 i=0 cpl=0 IP=0038:000000007de57ea1 pc=000000007de57ea1 SP=0030:000000007fe69560 env->regs[R_EAX]=00000000ffffffff
RAX=00000000ffffffff RBX=00f0d3d3b8b42da0 RCX=00000000000000ff RDX=0000000080091914
RSI=00000000000000ff RDI=0000000080000000 RBP=000000007fe695a0 RSP=000000007fe69560
R8 =00000000000000ff R9 =00000000000000ff R10=00000000000000ff R11=0000000000000002
R12=000000007e6d9598 R13=000000007f5ec018 R14=0000000000000000 R15=000000007fe91f20
RIP=000000007de57ea1 RFL=00000206 [-----P-] CPL=0 II=0 A20=1 SMM=0 HLT=0
ES =0030 0000000000000000 ffffffff 00cf9300 DPL=0 DS   [-WA]
CS =0038 0000000000000000 ffffffff 00af9a00 DPL=0 CS64 [-R-]
SS =0030 0000000000000000 ffffffff 00cf9300 DPL=0 DS   [-WA]
DS =0030 0000000000000000 ffffffff 00cf9300 DPL=0 DS   [-WA]
FS =0030 0000000000000000 ffffffff 00cf9300 DPL=0 DS   [-WA]
GS =0030 0000000000000000 ffffffff 00cf9300 DPL=0 DS   [-WA]
LDT=0000 0000000000000000 0000ffff 00008200 DPL=0 LDT
TR =0048 000000007f5da058 00000067 00008900 DPL=0 TSS64-avl
GDT=     000000007f5da000 00000057
IDT=     000000007bb7af58 00000fff
CR0=80010033 CR2=0000000000000000 CR3=000000007f801000 CR4=00000668
DR0=0000000000000000 DR1=0000000000000000 DR2=0000000000000000 DR3=0000000000000000 
DR6=00000000ffff0ff0 DR7=0000000000000400
CCS=0000000000000004 CCD=0000000080091914 CCO=EFLAGS
EFER=0000000000000d00
Servicing hardware INT=0x20
   432: v=20 e=0000 i=0 cpl=0 IP=0038:000000007de57ea1 pc=000000007de57ea1 SP=0030:000000007fe69560 env->regs[R_EAX]=0000000000000000
RAX=0000000000000000 RBX=00f0d3d3b8b42da0 RCX=0000000000000000 RDX=0000000080127c1c
RSI=0000000000000000 RDI=0000000080000000 RBP=000000007fe695a0 RSP=000000007fe69560
R8 =0000000000000000 R9 =0000000000000000 R10=0000000000000000 R11=0000000000000002
R12=000000007e6d9598 R13=000000007f5ec018 R14=0000000000000000 R15=000000007fe91f20
RIP=000000007de57ea1 RFL=00000202 [-------] CPL=0 II=0 A20=1 SMM=0 HLT=0
ES =0030 0000000000000000 ffffffff 00cf9300 DPL=0 DS   [-WA]
CS =0038 0000000000000000 ffffffff 00af9a00 DPL=0 CS64 [-R-]
SS =0030 0000000000000000 ffffffff 00cf9300 DPL=0 DS   [-WA]
DS =0030 0000000000000000 ffffffff 00cf9300 DPL=0 DS   [-WA]
FS =0030 0000000000000000 ffffffff 00cf9300 DPL=0 DS   [-WA]
GS =0030 0000000000000000 ffffffff 00cf9300 DPL=0 DS   [-WA]
LDT=0000 0000000000000000 0000ffff 00008200 DPL=0 LDT
TR =0048 000000007f5da058 00000067 00008900 DPL=0 TSS64-avl
GDT=     000000007f5da000 00000057
IDT=     000000007bb7af58 00000fff
CR0=80010033 CR2=0000000000000000 CR3=000000007f801000 CR4=00000668
DR0=0000000000000000 DR1=0000000000000000 DR2=0000000000000000 DR3=0000000000000000 
DR6=00000000ffff0ff0 DR7=0000000000000400
CCS=0000000000000000 CCD=0000000080127c1c CCO=EFLAGS
EFER=0000000000000d00
Servicing hardware INT=0x20
   433: v=20 e=0000 i=0 cpl=0 IP=0038:000000007de57ea1 pc=000000007de57ea1 SP=0030:000000007fe69560 env->regs[R_EAX]=0000000000000000
RAX=0000000000000000 RBX=00f0d3d3b8b42da0 RCX=0000000000000000 RDX=00000000801c78d4
RSI=0000000000000000 RDI=0000000080000000 RBP=000000007fe695a0 RSP=000000007fe69560
R8 =0000000000000000 R9 =0000000000000000 R10=0000000000000000 R11=0000000000000002
R12=000000007e6d9598 R13=000000007f5ec018 R14=0000000000000000 R15=000000007fe91f20
RIP=000000007de57ea1 RFL=00000206 [-----P-] CPL=0 II=0 A20=1 SMM=0 HLT=0
ES =0030 0000000000000000 ffffffff 00cf9300 DPL=0 DS   [-WA]
CS =0038 0000000000000000 ffffffff 00af9a00 DPL=0 CS64 [-R-]
SS =0030 0000000000000000 ffffffff 00cf9300 DPL=0 DS   [-WA]
DS =0030 0000000000000000 ffffffff 00cf9300 DPL=0 DS   [-WA]
FS =0030 0000000000000000 ffffffff 00cf9300 DPL=0 DS   [-WA]
GS =0030 0000000000000000 ffffffff 00cf9300 DPL=0 DS   [-WA]
LDT=0000 0000000000000000 0000ffff 00008200 DPL=0 LDT
TR =0048 000000007f5da058 00000067 00008900 DPL=0 TSS64-avl
GDT=     000000007f5da000 00000057
IDT=     000000007bb7af58 00000fff
CR0=80010033 CR2=0000000000000000 CR3=000000007f801000 CR4=00000668
DR0=0000000000000000 DR1=0000000000000000 DR2=0000000000000000 DR3=0000000000000000 
DR6=00000000ffff0ff0 DR7=0000000000000400
CCS=0000000000000004 CCD=00000000801c78d4 CCO=EFLAGS
EFER=0000000000000d00
Servicing hardware INT=0x20
   434: v=20 e=0000 i=0 cpl=0 IP=0038:000000007eb3cf04 pc=000000007eb3cf04 SP=0030:000000007fe694e0 env->regs[R_EAX]=0000000000023f0c
RAX=0000000000023f0c RBX=0000000000526a0b RCX=0000000000000608 RDX=0000000000502aff
RSI=000000000000c350 RDI=000000000002bb21 RBP=000000007fe694f0 RSP=000000007fe694e0
R8 =000000007fe6958c R9 =0000000000000000 R10=0000000000000000 R11=0000000000000002
R12=0000000000000000 R13=000000007f5ec018 R14=0000000000000000 R15=000000007fe91f20
RIP=000000007eb3cf04 RFL=00000206 [-----P-] CPL=0 II=0 A20=1 SMM=0 HLT=0
ES =0030 0000000000000000 ffffffff 00cf9300 DPL=0 DS   [-WA]
CS =0038 0000000000000000 ffffffff 00af9a00 DPL=0 CS64 [-R-]
SS =0030 0000000000000000 ffffffff 00cf9300 DPL=0 DS   [-WA]
DS =0030 0000000000000000 ffffffff 00cf9300 DPL=0 DS   [-WA]
FS =0030 0000000000000000 ffffffff 00cf9300 DPL=0 DS   [-WA]
GS =0030 0000000000000000 ffffffff 00cf9300 DPL=0 DS   [-WA]
LDT=0000 0000000000000000 0000ffff 00008200 DPL=0 LDT
TR =0048 000000007f5da058 00000067 00008900 DPL=0 TSS64-avl
GDT=     000000007f5da000 00000057
IDT=     000000007bb7af58 00000fff
CR0=80010033 CR2=0000000000000000 CR3=000000007f801000 CR4=00000668
DR0=0000000000000000 DR1=0000000000000000 DR2=0000000000000000 DR3=0000000000000000 
DR6=00000000ffff0ff0 DR7=0000000000000400
CCS=0000000000000004 CCD=0000000000023f0c CCO=EFLAGS
EFER=0000000000000d00
Servicing hardware INT=0x20
   435: v=20 e=0000 i=0 cpl=0 IP=0038:000000007eb3cf04 pc=000000007eb3cf04 SP=0030:000000007fe694e0 env->regs[R_EAX]=000000000001a524
RAX=000000000001a524 RBX=0000000000526a0b RCX=0000000000000608 RDX=000000000050c4e7
RSI=000000000000c350 RDI=000000000002bb21 RBP=000000007fe694f0 RSP=000000007fe694e0
R8 =000000007fe6958c R9 =0000000000000000 R10=0000000000000000 R11=0000000000000002
R12=0000000000000000 R13=000000007f5ec018 R14=0000000000000000 R15=000000007fe91f20
RIP=000000007eb3cf04 RFL=00000206 [-----P-] CPL=0 II=0 A20=1 SMM=0 HLT=0
ES =0030 0000000000000000 ffffffff 00cf9300 DPL=0 DS   [-WA]
CS =0038 0000000000000000 ffffffff 00af9a00 DPL=0 CS64 [-R-]
SS =0030 0000000000000000 ffffffff 00cf9300 DPL=0 DS   [-WA]
DS =0030 0000000000000000 ffffffff 00cf9300 DPL=0 DS   [-WA]
FS =0030 0000000000000000 ffffffff 00cf9300 DPL=0 DS   [-WA]
GS =0030 0000000000000000 ffffffff 00cf9300 DPL=0 DS   [-WA]
LDT=0000 0000000000000000 0000ffff 00008200 DPL=0 LDT
TR =0048 000000007f5da058 00000067 00008900 DPL=0 TSS64-avl
GDT=     000000007f5da000 00000057
IDT=     000000007bb7af58 00000fff
CR0=80010033 CR2=0000000000000000 CR3=000000007f801000 CR4=00000668
DR0=0000000000000000 DR1=0000000000000000 DR2=0000000000000000 DR3=0000000000000000 
DR6=00000000ffff0ff0 DR7=0000000000000400
CCS=0000000000000004 CCD=000000000001a524 CCO=EFLAGS
EFER=0000000000000d00
Servicing hardware INT=0x20
   436: v=20 e=0000 i=0 cpl=0 IP=0038:000000007eb3cf04 pc=000000007eb3cf04 SP=0030:000000007fe694e0 env->regs[R_EAX]=0000000000011937
RAX=0000000000011937 RBX=0000000000526a0b RCX=0000000000000608 RDX=00000000005150d4
RSI=000000000000c350 RDI=000000000002bb21 RBP=000000007fe694f0 RSP=000000007fe694e0
R8 =000000007fe6958c R9 =0000000000000000 R10=0000000000000000 R11=0000000000000002
R12=0000000000000000 R13=000000007f5ec018 R14=0000000000000000 R15=000000007fe91f20
RIP=000000007eb3cf04 RFL=00000202 [-------] CPL=0 II=0 A20=1 SMM=0 HLT=0
ES =0030 0000000000000000 ffffffff 00cf9300 DPL=0 DS   [-WA]
CS =0038 0000000000000000 ffffffff 00af9a00 DPL=0 CS64 [-R-]
SS =0030 0000000000000000 ffffffff 00cf9300 DPL=0 DS   [-WA]
DS =0030 0000000000000000 ffffffff 00cf9300 DPL=0 DS   [-WA]
FS =0030 0000000000000000 ffffffff 00cf9300 DPL=0 DS   [-WA]
GS =0030 0000000000000000 ffffffff 00cf9300 DPL=0 DS   [-WA]
LDT=0000 0000000000000000 0000ffff 00008200 DPL=0 LDT
TR =0048 000000007f5da058 00000067 00008900 DPL=0 TSS64-avl
GDT=     000000007f5da000 00000057
IDT=     000000007bb7af58 00000fff
CR0=80010033 CR2=0000000000000000 CR3=000000007f801000 CR4=00000668
DR0=0000000000000000 DR1=0000000000000000 DR2=0000000000000000 DR3=0000000000000000 
DR6=00000000ffff0ff0 DR7=0000000000000400
CCS=0000000000000000 CCD=0000000000011937 CCO=EFLAGS
EFER=0000000000000d00
Servicing hardware INT=0x20
   437: v=20 e=0000 i=0 cpl=0 IP=0038:000000007eb3cf04 pc=000000007eb3cf04 SP=0030:000000007fe694e0 env->regs[R_EAX]=0000000000008e10
RAX=0000000000008e10 RBX=0000000000526a0b RCX=0000000000000608 RDX=000000000051dbfb
RSI=000000000000c350 RDI=000000000002bb21 RBP=000000007fe694f0 RSP=000000007fe694e0
R8 =000000007fe6958c R9 =0000000000000000 R10=0000000000000000 R11=0000000000000002
R12=0000000000000000 R13=000000007f5ec018 R14=0000000000000000 R15=000000007fe91f20
RIP=000000007eb3cf04 RFL=00000202 [-------] CPL=0 II=0 A20=1 SMM=0 HLT=0
ES =0030 0000000000000000 ffffffff 00cf9300 DPL=0 DS   [-WA]
CS =0038 0000000000000000 ffffffff 00af9a00 DPL=0 CS64 [-R-]
SS =0030 0000000000000000 ffffffff 00cf9300 DPL=0 DS   [-WA]
DS =0030 0000000000000000 ffffffff 00cf9300 DPL=0 DS   [-WA]
FS =0030 0000000000000000 ffffffff 00cf9300 DPL=0 DS   [-WA]
GS =0030 0000000000000000 ffffffff 00cf9300 DPL=0 DS   [-WA]
LDT=0000 0000000000000000 0000ffff 00008200 DPL=0 LDT
TR =0048 000000007f5da058 00000067 00008900 DPL=0 TSS64-avl
GDT=     000000007f5da000 00000057
IDT=     000000007bb7af58 00000fff
CR0=80010033 CR2=0000000000000000 CR3=000000007f801000 CR4=00000668
DR0=0000000000000000 DR1=0000000000000000 DR2=0000000000000000 DR3=0000000000000000 
DR6=00000000ffff0ff0 DR7=0000000000000400
CCS=0000000000000000 CCD=0000000000008e10 CCO=EFLAGS
EFER=0000000000000d00
Servicing hardware INT=0x20
   438: v=20 e=0000 i=0 cpl=0 IP=0038:000000007eb3cf04 pc=000000007eb3cf04 SP=0030:000000007fe694e0 env->regs[R_EAX]=0000000000000fbe
RAX=0000000000000fbe RBX=0000000000526a0b RCX=0000000000000608 RDX=0000000000525a4d
RSI=000000000000c350 RDI=000000000002bb21 RBP=000000007fe694f0 RSP=000000007fe694e0
R8 =000000007fe6958c R9 =0000000000000000 R10=0000000000000000 R11=0000000000000002
R12=0000000000000000 R13=000000007f5ec018 R14=0000000000000000 R15=000000007fe91f20
RIP=000000007eb3cf04 RFL=00000206 [-----P-] CPL=0 II=0 A20=1 SMM=0 HLT=0
ES =0030 0000000000000000 ffffffff 00cf9300 DPL=0 DS   [-WA]
CS =0038 0000000000000000 ffffffff 00af9a00 DPL=0 CS64 [-R-]
SS =0030 0000000000000000 ffffffff 00cf9300 DPL=0 DS   [-WA]
DS =0030 0000000000000000 ffffffff 00cf9300 DPL=0 DS   [-WA]
FS =0030 0000000000000000 ffffffff 00cf9300 DPL=0 DS   [-WA]
GS =0030 0000000000000000 ffffffff 00cf9300 DPL=0 DS   [-WA]
LDT=0000 0000000000000000 0000ffff 00008200 DPL=0 LDT
TR =0048 000000007f5da058 00000067 00008900 DPL=0 TSS64-avl
GDT=     000000007f5da000 00000057
IDT=     000000007bb7af58 00000fff
CR0=80010033 CR2=0000000000000000 CR3=000000007f801000 CR4=00000668
DR0=0000000000000000 DR1=0000000000000000 DR2=0000000000000000 DR3=0000000000000000 
DR6=00000000ffff0ff0 DR7=0000000000000400
CCS=0000000000000004 CCD=0000000000000fbe CCO=EFLAGS
EFER=0000000000000d00
Servicing hardware INT=0x20
   439: v=20 e=0000 i=0 cpl=0 IP=0038:000000007de57ea1 pc=000000007de57ea1 SP=0030:000000007fe69560 env->regs[R_EAX]=00000000ffffffff
RAX=00000000ffffffff RBX=00f0d3d3b8b42da0 RCX=00000000000000ff RDX=000000008009eba4
RSI=00000000000000ff RDI=0000000080000000 RBP=000000007fe695a0 RSP=000000007fe69560
R8 =00000000000000ff R9 =00000000000000ff R10=00000000000000ff R11=0000000000000002
R12=000000007e6d9598 R13=000000007f5ec018 R14=0000000000000000 R15=000000007fe91f20
RIP=000000007de57ea1 RFL=00000202 [-------] CPL=0 II=0 A20=1 SMM=0 HLT=0
ES =0030 0000000000000000 ffffffff 00cf9300 DPL=0 DS   [-WA]
CS =0038 0000000000000000 ffffffff 00af9a00 DPL=0 CS64 [-R-]
SS =0030 0000000000000000 ffffffff 00cf9300 DPL=0 DS   [-WA]
DS =0030 0000000000000000 ffffffff 00cf9300 DPL=0 DS   [-WA]
FS =0030 0000000000000000 ffffffff 00cf9300 DPL=0 DS   [-WA]
GS =0030 0000000000000000 ffffffff 00cf9300 DPL=0 DS   [-WA]
LDT=0000 0000000000000000 0000ffff 00008200 DPL=0 LDT
TR =0048 000000007f5da058 00000067 00008900 DPL=0 TSS64-avl
GDT=     000000007f5da000 00000057
IDT=     000000007bb7af58 00000fff
CR0=80010033 CR2=0000000000000000 CR3=000000007f801000 CR4=00000668
DR0=0000000000000000 DR1=0000000000000000 DR2=0000000000000000 DR3=0000000000000000 
DR6=00000000ffff0ff0 DR7=0000000000000400
CCS=0000000000000000 CCD=000000008009eba4 CCO=EFLAGS
EFER=0000000000000d00
Servicing hardware INT=0x20
   440: v=20 e=0000 i=0 cpl=0 IP=0038:000000007de57ea1 pc=000000007de57ea1 SP=0030:000000007fe69560 env->regs[R_EAX]=0000000000000000
RAX=0000000000000000 RBX=00f0d3d3b8b42da0 RCX=0000000000000000 RDX=000000008011f544
RSI=0000000000000000 RDI=0000000080000000 RBP=000000007fe695a0 RSP=000000007fe69560
R8 =0000000000000000 R9 =0000000000000000 R10=0000000000000000 R11=0000000000000002
R12=000000007e6d9598 R13=000000007f5ec018 R14=0000000000000000 R15=000000007fe91f20
RIP=000000007de57ea1 RFL=00000206 [-----P-] CPL=0 II=0 A20=1 SMM=0 HLT=0
ES =0030 0000000000000000 ffffffff 00cf9300 DPL=0 DS   [-WA]
CS =0038 0000000000000000 ffffffff 00af9a00 DPL=0 CS64 [-R-]
SS =0030 0000000000000000 ffffffff 00cf9300 DPL=0 DS   [-WA]
DS =0030 0000000000000000 ffffffff 00cf9300 DPL=0 DS   [-WA]
FS =0030 0000000000000000 ffffffff 00cf9300 DPL=0 DS   [-WA]
GS =0030 0000000000000000 ffffffff 00cf9300 DPL=0 DS   [-WA]
LDT=0000 0000000000000000 0000ffff 00008200 DPL=0 LDT
TR =0048 000000007f5da058 00000067 00008900 DPL=0 TSS64-avl
GDT=     000000007f5da000 00000057
IDT=     000000007bb7af58 00000fff
CR0=80010033 CR2=0000000000000000 CR3=000000007f801000 CR4=00000668
DR0=0000000000000000 DR1=0000000000000000 DR2=0000000000000000 DR3=0000000000000000 
DR6=00000000ffff0ff0 DR7=0000000000000400
CCS=0000000000000004 CCD=000000008011f544 CCO=EFLAGS
EFER=0000000000000d00
Servicing hardware INT=0x20
   441: v=20 e=0000 i=0 cpl=0 IP=0038:000000007de57d6d pc=000000007de57d6d SP=0030:000000007fe69558 env->regs[R_EAX]=0000000080000000
RAX=0000000080000000 RBX=00f0d3d3b8b42da0 RCX=000000000000022e RDX=000000000000025a
RSI=0000000000000320 RDI=0000000080000000 RBP=000000007fe695a0 RSP=000000007fe69558
R8 =0000000000000000 R9 =0000000000000000 R10=0000000000000000 R11=0000000000000002
R12=000000007e6d9598 R13=000000007f5ec018 R14=0000000000000000 R15=000000007fe91f20
RIP=000000007de57d6d RFL=00000246 [---Z-P-] CPL=0 II=0 A20=1 SMM=0 HLT=0
ES =0030 0000000000000000 ffffffff 00cf9300 DPL=0 DS   [-WA]
CS =0038 0000000000000000 ffffffff 00af9a00 DPL=0 CS64 [-R-]
SS =0030 0000000000000000 ffffffff 00cf9300 DPL=0 DS   [-WA]
DS =0030 0000000000000000 ffffffff 00cf9300 DPL=0 DS   [-WA]
FS =0030 0000000000000000 ffffffff 00cf9300 DPL=0 DS   [-WA]
GS =0030 0000000000000000 ffffffff 00cf9300 DPL=0 DS   [-WA]
LDT=0000 0000000000000000 0000ffff 00008200 DPL=0 LDT
TR =0048 000000007f5da058 00000067 00008900 DPL=0 TSS64-avl
GDT=     000000007f5da000 00000057
IDT=     000000007bb7af58 00000fff
CR0=80010033 CR2=0000000000000000 CR3=000000007f801000 CR4=00000668
DR0=0000000000000000 DR1=0000000000000000 DR2=0000000000000000 DR3=0000000000000000 
DR6=00000000ffff0ff0 DR7=0000000000000400
CCS=0000000000000044 CCD=0000000000000000 CCO=EFLAGS
EFER=0000000000000d00
Servicing hardware INT=0x20
   442: v=20 e=0000 i=0 cpl=0 IP=0038:000000007eb3cf04 pc=000000007eb3cf04 SP=0030:000000007fe694e0 env->regs[R_EAX]=0000000000024c04
RAX=0000000000024c04 RBX=000000000056de5f RCX=0000000000000608 RDX=000000000054925b
RSI=000000000000c350 RDI=000000000002bb21 RBP=000000007fe694f0 RSP=000000007fe694e0
R8 =000000007fe6958c R9 =0000000000000000 R10=0000000000000000 R11=0000000000000002
R12=0000000000000000 R13=000000007f5ec018 R14=0000000000000000 R15=000000007fe91f20
RIP=000000007eb3cf04 RFL=00000202 [-------] CPL=0 II=0 A20=1 SMM=0 HLT=0
ES =0030 0000000000000000 ffffffff 00cf9300 DPL=0 DS   [-WA]
CS =0038 0000000000000000 ffffffff 00af9a00 DPL=0 CS64 [-R-]
SS =0030 0000000000000000 ffffffff 00cf9300 DPL=0 DS   [-WA]
DS =0030 0000000000000000 ffffffff 00cf9300 DPL=0 DS   [-WA]
FS =0030 0000000000000000 ffffffff 00cf9300 DPL=0 DS   [-WA]
GS =0030 0000000000000000 ffffffff 00cf9300 DPL=0 DS   [-WA]
LDT=0000 0000000000000000 0000ffff 00008200 DPL=0 LDT
TR =0048 000000007f5da058 00000067 00008900 DPL=0 TSS64-avl
GDT=     000000007f5da000 00000057
IDT=     000000007bb7af58 00000fff
CR0=80010033 CR2=0000000000000000 CR3=000000007f801000 CR4=00000668
DR0=0000000000000000 DR1=0000000000000000 DR2=0000000000000000 DR3=0000000000000000 
DR6=00000000ffff0ff0 DR7=0000000000000400
CCS=0000000000000000 CCD=0000000000024c04 CCO=EFLAGS
EFER=0000000000000d00
Servicing hardware INT=0x20
   443: v=20 e=0000 i=0 cpl=0 IP=0038:000000007eb3cf04 pc=000000007eb3cf04 SP=0030:000000007fe694e0 env->regs[R_EAX]=000000000001cdca
RAX=000000000001cdca RBX=000000000056de5f RCX=0000000000000608 RDX=0000000000551095
RSI=000000000000c350 RDI=000000000002bb21 RBP=000000007fe694f0 RSP=000000007fe694e0
R8 =000000007fe6958c R9 =0000000000000000 R10=0000000000000000 R11=0000000000000002
R12=0000000000000000 R13=000000007f5ec018 R14=0000000000000000 R15=000000007fe91f20
RIP=000000007eb3cf04 RFL=00000206 [-----P-] CPL=0 II=0 A20=1 SMM=0 HLT=0
ES =0030 0000000000000000 ffffffff 00cf9300 DPL=0 DS   [-WA]
CS =0038 0000000000000000 ffffffff 00af9a00 DPL=0 CS64 [-R-]
SS =0030 0000000000000000 ffffffff 00cf9300 DPL=0 DS   [-WA]
DS =0030 0000000000000000 ffffffff 00cf9300 DPL=0 DS   [-WA]
FS =0030 0000000000000000 ffffffff 00cf9300 DPL=0 DS   [-WA]
GS =0030 0000000000000000 ffffffff 00cf9300 DPL=0 DS   [-WA]
LDT=0000 0000000000000000 0000ffff 00008200 DPL=0 LDT
TR =0048 000000007f5da058 00000067 00008900 DPL=0 TSS64-avl
GDT=     000000007f5da000 00000057
IDT=     000000007bb7af58 00000fff
CR0=80010033 CR2=0000000000000000 CR3=000000007f801000 CR4=00000668
DR0=0000000000000000 DR1=0000000000000000 DR2=0000000000000000 DR3=0000000000000000 
DR6=00000000ffff0ff0 DR7=0000000000000400
CCS=0000000000000004 CCD=000000000001cdca CCO=EFLAGS
EFER=0000000000000d00
Servicing hardware INT=0x20
   444: v=20 e=0000 i=0 cpl=0 IP=0038:000000007eb3cf04 pc=000000007eb3cf04 SP=0030:000000007fe694e0 env->regs[R_EAX]=000000000001419f
RAX=000000000001419f RBX=000000000056de5f RCX=0000000000000608 RDX=0000000000559cc0
RSI=000000000000c350 RDI=000000000002bb21 RBP=000000007fe694f0 RSP=000000007fe694e0
R8 =000000007fe6958c R9 =0000000000000000 R10=0000000000000000 R11=0000000000000002
R12=0000000000000000 R13=000000007f5ec018 R14=0000000000000000 R15=000000007fe91f20
RIP=000000007eb3cf04 RFL=00000206 [-----P-] CPL=0 II=0 A20=1 SMM=0 HLT=0
ES =0030 0000000000000000 ffffffff 00cf9300 DPL=0 DS   [-WA]
CS =0038 0000000000000000 ffffffff 00af9a00 DPL=0 CS64 [-R-]
SS =0030 0000000000000000 ffffffff 00cf9300 DPL=0 DS   [-WA]
DS =0030 0000000000000000 ffffffff 00cf9300 DPL=0 DS   [-WA]
FS =0030 0000000000000000 ffffffff 00cf9300 DPL=0 DS   [-WA]
GS =0030 0000000000000000 ffffffff 00cf9300 DPL=0 DS   [-WA]
LDT=0000 0000000000000000 0000ffff 00008200 DPL=0 LDT
TR =0048 000000007f5da058 00000067 00008900 DPL=0 TSS64-avl
GDT=     000000007f5da000 00000057
IDT=     000000007bb7af58 00000fff
CR0=80010033 CR2=0000000000000000 CR3=000000007f801000 CR4=00000668
DR0=0000000000000000 DR1=0000000000000000 DR2=0000000000000000 DR3=0000000000000000 
DR6=00000000ffff0ff0 DR7=0000000000000400
CCS=0000000000000004 CCD=000000000001419f CCO=EFLAGS
EFER=0000000000000d00
Servicing hardware INT=0x20
   445: v=20 e=0000 i=0 cpl=0 IP=0038:000000007eb3cf04 pc=000000007eb3cf04 SP=0030:000000007fe694e0 env->regs[R_EAX]=000000000000b652
RAX=000000000000b652 RBX=000000000056de5f RCX=0000000000000608 RDX=000000000056280d
RSI=000000000000c350 RDI=000000000002bb21 RBP=000000007fe694f0 RSP=000000007fe694e0
R8 =000000007fe6958c R9 =0000000000000000 R10=0000000000000000 R11=0000000000000002
R12=0000000000000000 R13=000000007f5ec018 R14=0000000000000000 R15=000000007fe91f20
RIP=000000007eb3cf04 RFL=00000202 [-------] CPL=0 II=0 A20=1 SMM=0 HLT=0
ES =0030 0000000000000000 ffffffff 00cf9300 DPL=0 DS   [-WA]
CS =0038 0000000000000000 ffffffff 00af9a00 DPL=0 CS64 [-R-]
SS =0030 0000000000000000 ffffffff 00cf9300 DPL=0 DS   [-WA]
DS =0030 0000000000000000 ffffffff 00cf9300 DPL=0 DS   [-WA]
FS =0030 0000000000000000 ffffffff 00cf9300 DPL=0 DS   [-WA]
GS =0030 0000000000000000 ffffffff 00cf9300 DPL=0 DS   [-WA]
LDT=0000 0000000000000000 0000ffff 00008200 DPL=0 LDT
TR =0048 000000007f5da058 00000067 00008900 DPL=0 TSS64-avl
GDT=     000000007f5da000 00000057
IDT=     000000007bb7af58 00000fff
CR0=80010033 CR2=0000000000000000 CR3=000000007f801000 CR4=00000668
DR0=0000000000000000 DR1=0000000000000000 DR2=0000000000000000 DR3=0000000000000000 
DR6=00000000ffff0ff0 DR7=0000000000000400
CCS=0000000000000000 CCD=000000000000b652 CCO=EFLAGS
EFER=0000000000000d00
Servicing hardware INT=0x20
   446: v=20 e=0000 i=0 cpl=0 IP=0038:000000007eb3cf04 pc=000000007eb3cf04 SP=0030:000000007fe694e0 env->regs[R_EAX]=0000000000002a4b
RAX=0000000000002a4b RBX=000000000056de5f RCX=0000000000000608 RDX=000000000056b414
RSI=000000000000c350 RDI=000000000002bb21 RBP=000000007fe694f0 RSP=000000007fe694e0
R8 =000000007fe6958c R9 =0000000000000000 R10=0000000000000000 R11=0000000000000002
R12=0000000000000000 R13=000000007f5ec018 R14=0000000000000000 R15=000000007fe91f20
RIP=000000007eb3cf04 RFL=00000206 [-----P-] CPL=0 II=0 A20=1 SMM=0 HLT=0
ES =0030 0000000000000000 ffffffff 00cf9300 DPL=0 DS   [-WA]
CS =0038 0000000000000000 ffffffff 00af9a00 DPL=0 CS64 [-R-]
SS =0030 0000000000000000 ffffffff 00cf9300 DPL=0 DS   [-WA]
DS =0030 0000000000000000 ffffffff 00cf9300 DPL=0 DS   [-WA]
FS =0030 0000000000000000 ffffffff 00cf9300 DPL=0 DS   [-WA]
GS =0030 0000000000000000 ffffffff 00cf9300 DPL=0 DS   [-WA]
LDT=0000 0000000000000000 0000ffff 00008200 DPL=0 LDT
TR =0048 000000007f5da058 00000067 00008900 DPL=0 TSS64-avl
GDT=     000000007f5da000 00000057
IDT=     000000007bb7af58 00000fff
CR0=80010033 CR2=0000000000000000 CR3=000000007f801000 CR4=00000668
DR0=0000000000000000 DR1=0000000000000000 DR2=0000000000000000 DR3=0000000000000000 
DR6=00000000ffff0ff0 DR7=0000000000000400
CCS=0000000000000004 CCD=0000000000002a4b CCO=EFLAGS
EFER=0000000000000d00
Servicing hardware INT=0x20
   447: v=20 e=0000 i=0 cpl=0 IP=0038:000000007de57ea1 pc=000000007de57ea1 SP=0030:000000007fe69560 env->regs[R_EAX]=00000000ffffffff
RAX=00000000ffffffff RBX=00f0d3d3b8b42da0 RCX=00000000000000ff RDX=000000008007ebd0
RSI=00000000000000ff RDI=0000000080000000 RBP=000000007fe695a0 RSP=000000007fe69560
R8 =00000000000000ff R9 =00000000000000ff R10=00000000000000ff R11=0000000000000002
R12=000000007e6d9598 R13=000000007f5ec018 R14=0000000000000000 R15=000000007fe91f20
RIP=000000007de57ea1 RFL=00000202 [-------] CPL=0 II=0 A20=1 SMM=0 HLT=0
ES =0030 0000000000000000 ffffffff 00cf9300 DPL=0 DS   [-WA]
CS =0038 0000000000000000 ffffffff 00af9a00 DPL=0 CS64 [-R-]
SS =0030 0000000000000000 ffffffff 00cf9300 DPL=0 DS   [-WA]
DS =0030 0000000000000000 ffffffff 00cf9300 DPL=0 DS   [-WA]
FS =0030 0000000000000000 ffffffff 00cf9300 DPL=0 DS   [-WA]
GS =0030 0000000000000000 ffffffff 00cf9300 DPL=0 DS   [-WA]
LDT=0000 0000000000000000 0000ffff 00008200 DPL=0 LDT
TR =0048 000000007f5da058 00000067 00008900 DPL=0 TSS64-avl
GDT=     000000007f5da000 00000057
IDT=     000000007bb7af58 00000fff
CR0=80010033 CR2=0000000000000000 CR3=000000007f801000 CR4=00000668
DR0=0000000000000000 DR1=0000000000000000 DR2=0000000000000000 DR3=0000000000000000 
DR6=00000000ffff0ff0 DR7=0000000000000400
CCS=0000000000000000 CCD=000000008007ebd0 CCO=EFLAGS
EFER=0000000000000d00
Servicing hardware INT=0x20
   448: v=20 e=0000 i=0 cpl=0 IP=0038:000000007de57d6d pc=000000007de57d6d SP=0030:000000007fe69558 env->regs[R_EAX]=0000000080000000
RAX=0000000080000000 RBX=00f0d3d3b8b42da0 RCX=0000000000000168 RDX=0000000000000144
RSI=0000000000000320 RDI=0000000080000000 RBP=000000007fe695a0 RSP=000000007fe69558
R8 =0000000000000000 R9 =0000000000000000 R10=0000000000000000 R11=0000000000000002
R12=000000007e6d9598 R13=000000007f5ec018 R14=0000000000000000 R15=000000007fe91f20
RIP=000000007de57d6d RFL=00000246 [---Z-P-] CPL=0 II=0 A20=1 SMM=0 HLT=0
ES =0030 0000000000000000 ffffffff 00cf9300 DPL=0 DS   [-WA]
CS =0038 0000000000000000 ffffffff 00af9a00 DPL=0 CS64 [-R-]
SS =0030 0000000000000000 ffffffff 00cf9300 DPL=0 DS   [-WA]
DS =0030 0000000000000000 ffffffff 00cf9300 DPL=0 DS   [-WA]
FS =0030 0000000000000000 ffffffff 00cf9300 DPL=0 DS   [-WA]
GS =0030 0000000000000000 ffffffff 00cf9300 DPL=0 DS   [-WA]
LDT=0000 0000000000000000 0000ffff 00008200 DPL=0 LDT
TR =0048 000000007f5da058 00000067 00008900 DPL=0 TSS64-avl
GDT=     000000007f5da000 00000057
IDT=     000000007bb7af58 00000fff
CR0=80010033 CR2=0000000000000000 CR3=000000007f801000 CR4=00000668
DR0=0000000000000000 DR1=0000000000000000 DR2=0000000000000000 DR3=0000000000000000 
DR6=00000000ffff0ff0 DR7=0000000000000400
CCS=0000000000000044 CCD=0000000000000000 CCO=EFLAGS
EFER=0000000000000d00
Servicing hardware INT=0x20
   449: v=20 e=0000 i=0 cpl=0 IP=0038:000000007de57ea1 pc=000000007de57ea1 SP=0030:000000007fe69560 env->regs[R_EAX]=0000000000000000
RAX=0000000000000000 RBX=00f0d3d3b8b42da0 RCX=0000000000000000 RDX=00000000801a82dc
RSI=0000000000000000 RDI=0000000080000000 RBP=000000007fe695a0 RSP=000000007fe69560
R8 =0000000000000000 R9 =0000000000000000 R10=0000000000000000 R11=0000000000000002
R12=000000007e6d9598 R13=000000007f5ec018 R14=0000000000000000 R15=000000007fe91f20
RIP=000000007de57ea1 RFL=00000202 [-------] CPL=0 II=0 A20=1 SMM=0 HLT=0
ES =0030 0000000000000000 ffffffff 00cf9300 DPL=0 DS   [-WA]
CS =0038 0000000000000000 ffffffff 00af9a00 DPL=0 CS64 [-R-]
SS =0030 0000000000000000 ffffffff 00cf9300 DPL=0 DS   [-WA]
DS =0030 0000000000000000 ffffffff 00cf9300 DPL=0 DS   [-WA]
FS =0030 0000000000000000 ffffffff 00cf9300 DPL=0 DS   [-WA]
GS =0030 0000000000000000 ffffffff 00cf9300 DPL=0 DS   [-WA]
LDT=0000 0000000000000000 0000ffff 00008200 DPL=0 LDT
TR =0048 000000007f5da058 00000067 00008900 DPL=0 TSS64-avl
GDT=     000000007f5da000 00000057
IDT=     000000007bb7af58 00000fff
CR0=80010033 CR2=0000000000000000 CR3=000000007f801000 CR4=00000668
DR0=0000000000000000 DR1=0000000000000000 DR2=0000000000000000 DR3=0000000000000000 
DR6=00000000ffff0ff0 DR7=0000000000000400
CCS=0000000000000000 CCD=00000000801a82dc CCO=EFLAGS
EFER=0000000000000d00
Servicing hardware INT=0x20
   450: v=20 e=0000 i=0 cpl=0 IP=0038:000000007eb3cf04 pc=000000007eb3cf04 SP=0030:000000007fe694e0 env->regs[R_EAX]=0000000000025926
RAX=0000000000025926 RBX=00000000005b3bfb RCX=0000000000000608 RDX=000000000058e2d5
RSI=000000000000c350 RDI=000000000002bb21 RBP=000000007fe694f0 RSP=000000007fe694e0
R8 =000000007fe6958c R9 =0000000000000000 R10=0000000000000000 R11=0000000000000002
R12=0000000000000000 R13=000000007f5ec018 R14=0000000000000000 R15=000000007fe91f20
RIP=000000007eb3cf04 RFL=00000202 [-------] CPL=0 II=0 A20=1 SMM=0 HLT=0
ES =0030 0000000000000000 ffffffff 00cf9300 DPL=0 DS   [-WA]
CS =0038 0000000000000000 ffffffff 00af9a00 DPL=0 CS64 [-R-]
SS =0030 0000000000000000 ffffffff 00cf9300 DPL=0 DS   [-WA]
DS =0030 0000000000000000 ffffffff 00cf9300 DPL=0 DS   [-WA]
FS =0030 0000000000000000 ffffffff 00cf9300 DPL=0 DS   [-WA]
GS =0030 0000000000000000 ffffffff 00cf9300 DPL=0 DS   [-WA]
LDT=0000 0000000000000000 0000ffff 00008200 DPL=0 LDT
TR =0048 000000007f5da058 00000067 00008900 DPL=0 TSS64-avl
GDT=     000000007f5da000 00000057
IDT=     000000007bb7af58 00000fff
CR0=80010033 CR2=0000000000000000 CR3=000000007f801000 CR4=00000668
DR0=0000000000000000 DR1=0000000000000000 DR2=0000000000000000 DR3=0000000000000000 
DR6=00000000ffff0ff0 DR7=0000000000000400
CCS=0000000000000000 CCD=0000000000025926 CCO=EFLAGS
EFER=0000000000000d00
Servicing hardware INT=0x20
   451: v=20 e=0000 i=0 cpl=0 IP=0038:000000007eb3cf04 pc=000000007eb3cf04 SP=0030:000000007fe694e0 env->regs[R_EAX]=000000000001bedc
RAX=000000000001bedc RBX=00000000005b3bfb RCX=0000000000000608 RDX=0000000000597d1f
RSI=000000000000c350 RDI=000000000002bb21 RBP=000000007fe694f0 RSP=000000007fe694e0
R8 =000000007fe6958c R9 =0000000000000000 R10=0000000000000000 R11=0000000000000002
R12=0000000000000000 R13=000000007f5ec018 R14=0000000000000000 R15=000000007fe91f20
RIP=000000007eb3cf04 RFL=00000202 [-------] CPL=0 II=0 A20=1 SMM=0 HLT=0
ES =0030 0000000000000000 ffffffff 00cf9300 DPL=0 DS   [-WA]
CS =0038 0000000000000000 ffffffff 00af9a00 DPL=0 CS64 [-R-]
SS =0030 0000000000000000 ffffffff 00cf9300 DPL=0 DS   [-WA]
DS =0030 0000000000000000 ffffffff 00cf9300 DPL=0 DS   [-WA]
FS =0030 0000000000000000 ffffffff 00cf9300 DPL=0 DS   [-WA]
GS =0030 0000000000000000 ffffffff 00cf9300 DPL=0 DS   [-WA]
LDT=0000 0000000000000000 0000ffff 00008200 DPL=0 LDT
TR =0048 000000007f5da058 00000067 00008900 DPL=0 TSS64-avl
GDT=     000000007f5da000 00000057
IDT=     000000007bb7af58 00000fff
CR0=80010033 CR2=0000000000000000 CR3=000000007f801000 CR4=00000668
DR0=0000000000000000 DR1=0000000000000000 DR2=0000000000000000 DR3=0000000000000000 
DR6=00000000ffff0ff0 DR7=0000000000000400
CCS=0000000000000000 CCD=000000000001bedc CCO=EFLAGS
EFER=0000000000000d00
Servicing hardware INT=0x20
   452: v=20 e=0000 i=0 cpl=0 IP=0038:000000007eb3cf04 pc=000000007eb3cf04 SP=0030:000000007fe694e0 env->regs[R_EAX]=0000000000013304
RAX=0000000000013304 RBX=00000000005b3bfb RCX=0000000000000608 RDX=00000000005a08f7
RSI=000000000000c350 RDI=000000000002bb21 RBP=000000007fe694f0 RSP=000000007fe694e0
R8 =000000007fe6958c R9 =0000000000000000 R10=0000000000000000 R11=0000000000000002
R12=0000000000000000 R13=000000007f5ec018 R14=0000000000000000 R15=000000007fe91f20
RIP=000000007eb3cf04 RFL=00000202 [-------] CPL=0 II=0 A20=1 SMM=0 HLT=0
ES =0030 0000000000000000 ffffffff 00cf9300 DPL=0 DS   [-WA]
CS =0038 0000000000000000 ffffffff 00af9a00 DPL=0 CS64 [-R-]
SS =0030 0000000000000000 ffffffff 00cf9300 DPL=0 DS   [-WA]
DS =0030 0000000000000000 ffffffff 00cf9300 DPL=0 DS   [-WA]
FS =0030 0000000000000000 ffffffff 00cf9300 DPL=0 DS   [-WA]
GS =0030 0000000000000000 ffffffff 00cf9300 DPL=0 DS   [-WA]
LDT=0000 0000000000000000 0000ffff 00008200 DPL=0 LDT
TR =0048 000000007f5da058 00000067 00008900 DPL=0 TSS64-avl
GDT=     000000007f5da000 00000057
IDT=     000000007bb7af58 00000fff
CR0=80010033 CR2=0000000000000000 CR3=000000007f801000 CR4=00000668
DR0=0000000000000000 DR1=0000000000000000 DR2=0000000000000000 DR3=0000000000000000 
DR6=00000000ffff0ff0 DR7=0000000000000400
CCS=0000000000000000 CCD=0000000000013304 CCO=EFLAGS
EFER=0000000000000d00
Servicing hardware INT=0x20
   453: v=20 e=0000 i=0 cpl=0 IP=0038:000000007eb3cf04 pc=000000007eb3cf04 SP=0030:000000007fe694e0 env->regs[R_EAX]=000000000000b52d
RAX=000000000000b52d RBX=00000000005b3bfb RCX=0000000000000608 RDX=00000000005a86ce
RSI=000000000000c350 RDI=000000000002bb21 RBP=000000007fe694f0 RSP=000000007fe694e0
R8 =000000007fe6958c R9 =0000000000000000 R10=0000000000000000 R11=0000000000000002
R12=0000000000000000 R13=000000007f5ec018 R14=0000000000000000 R15=000000007fe91f20
RIP=000000007eb3cf04 RFL=00000206 [-----P-] CPL=0 II=0 A20=1 SMM=0 HLT=0
ES =0030 0000000000000000 ffffffff 00cf9300 DPL=0 DS   [-WA]
CS =0038 0000000000000000 ffffffff 00af9a00 DPL=0 CS64 [-R-]
SS =0030 0000000000000000 ffffffff 00cf9300 DPL=0 DS   [-WA]
DS =0030 0000000000000000 ffffffff 00cf9300 DPL=0 DS   [-WA]
FS =0030 0000000000000000 ffffffff 00cf9300 DPL=0 DS   [-WA]
GS =0030 0000000000000000 ffffffff 00cf9300 DPL=0 DS   [-WA]
LDT=0000 0000000000000000 0000ffff 00008200 DPL=0 LDT
TR =0048 000000007f5da058 00000067 00008900 DPL=0 TSS64-avl
GDT=     000000007f5da000 00000057
IDT=     000000007bb7af58 00000fff
CR0=80010033 CR2=0000000000000000 CR3=000000007f801000 CR4=00000668
DR0=0000000000000000 DR1=0000000000000000 DR2=0000000000000000 DR3=0000000000000000 
DR6=00000000ffff0ff0 DR7=0000000000000400
CCS=0000000000000004 CCD=000000000000b52d CCO=EFLAGS
EFER=0000000000000d00
Servicing hardware INT=0x20
   454: v=20 e=0000 i=0 cpl=0 IP=0038:000000007eb3cf04 pc=000000007eb3cf04 SP=0030:000000007fe694e0 env->regs[R_EAX]=000000000000294e
RAX=000000000000294e RBX=00000000005b3bfb RCX=0000000000000608 RDX=00000000005b12ad
RSI=000000000000c350 RDI=000000000002bb21 RBP=000000007fe694f0 RSP=000000007fe694e0
R8 =000000007fe6958c R9 =0000000000000000 R10=0000000000000000 R11=0000000000000002
R12=0000000000000000 R13=000000007f5ec018 R14=0000000000000000 R15=000000007fe91f20
RIP=000000007eb3cf04 RFL=00000206 [-----P-] CPL=0 II=0 A20=1 SMM=0 HLT=0
ES =0030 0000000000000000 ffffffff 00cf9300 DPL=0 DS   [-WA]
CS =0038 0000000000000000 ffffffff 00af9a00 DPL=0 CS64 [-R-]
SS =0030 0000000000000000 ffffffff 00cf9300 DPL=0 DS   [-WA]
DS =0030 0000000000000000 ffffffff 00cf9300 DPL=0 DS   [-WA]
FS =0030 0000000000000000 ffffffff 00cf9300 DPL=0 DS   [-WA]
GS =0030 0000000000000000 ffffffff 00cf9300 DPL=0 DS   [-WA]
LDT=0000 0000000000000000 0000ffff 00008200 DPL=0 LDT
TR =0048 000000007f5da058 00000067 00008900 DPL=0 TSS64-avl
GDT=     000000007f5da000 00000057
IDT=     000000007bb7af58 00000fff
CR0=80010033 CR2=0000000000000000 CR3=000000007f801000 CR4=00000668
DR0=0000000000000000 DR1=0000000000000000 DR2=0000000000000000 DR3=0000000000000000 
DR6=00000000ffff0ff0 DR7=0000000000000400
CCS=0000000000000004 CCD=000000000000294e CCO=EFLAGS
EFER=0000000000000d00
Servicing hardware INT=0x20
   455: v=20 e=0000 i=0 cpl=0 IP=0038:000000007de57d6d pc=000000007de57d6d SP=0030:000000007fe69558 env->regs[R_EAX]=0000000080000000
RAX=0000000080000000 RBX=00f0d3d3b8b42da0 RCX=000000000000008e RDX=000000000000028c
RSI=0000000000000320 RDI=0000000080000000 RBP=000000007fe695a0 RSP=000000007fe69558
R8 =0000000000000000 R9 =0000000000000000 R10=0000000000000000 R11=0000000000000002
R12=000000007e6d9598 R13=000000007f5ec018 R14=0000000000000000 R15=000000007fe91f20
RIP=000000007de57d6d RFL=00000246 [---Z-P-] CPL=0 II=0 A20=1 SMM=0 HLT=0
ES =0030 0000000000000000 ffffffff 00cf9300 DPL=0 DS   [-WA]
CS =0038 0000000000000000 ffffffff 00af9a00 DPL=0 CS64 [-R-]
SS =0030 0000000000000000 ffffffff 00cf9300 DPL=0 DS   [-WA]
DS =0030 0000000000000000 ffffffff 00cf9300 DPL=0 DS   [-WA]
FS =0030 0000000000000000 ffffffff 00cf9300 DPL=0 DS   [-WA]
GS =0030 0000000000000000 ffffffff 00cf9300 DPL=0 DS   [-WA]
LDT=0000 0000000000000000 0000ffff 00008200 DPL=0 LDT
TR =0048 000000007f5da058 00000067 00008900 DPL=0 TSS64-avl
GDT=     000000007f5da000 00000057
IDT=     000000007bb7af58 00000fff
CR0=80010033 CR2=0000000000000000 CR3=000000007f801000 CR4=00000668
DR0=0000000000000000 DR1=0000000000000000 DR2=0000000000000000 DR3=0000000000000000 
DR6=00000000ffff0ff0 DR7=0000000000000400
CCS=0000000000000044 CCD=0000000000000000 CCO=EFLAGS
EFER=0000000000000d00
Servicing hardware INT=0x20
   456: v=20 e=0000 i=0 cpl=0 IP=0038:000000007de57d6d pc=000000007de57d6d SP=0030:000000007fe69558 env->regs[R_EAX]=0000000080000000
RAX=0000000080000000 RBX=00f0d3d3b8b42da0 RCX=0000000000000173 RDX=0000000000000081
RSI=0000000000000320 RDI=0000000080000000 RBP=000000007fe695a0 RSP=000000007fe69558
R8 =0000000000000000 R9 =0000000000000000 R10=0000000000000000 R11=0000000000000002
R12=000000007e6d9598 R13=000000007f5ec018 R14=0000000000000000 R15=000000007fe91f20
RIP=000000007de57d6d RFL=00000246 [---Z-P-] CPL=0 II=0 A20=1 SMM=0 HLT=0
ES =0030 0000000000000000 ffffffff 00cf9300 DPL=0 DS   [-WA]
CS =0038 0000000000000000 ffffffff 00af9a00 DPL=0 CS64 [-R-]
SS =0030 0000000000000000 ffffffff 00cf9300 DPL=0 DS   [-WA]
DS =0030 0000000000000000 ffffffff 00cf9300 DPL=0 DS   [-WA]
FS =0030 0000000000000000 ffffffff 00cf9300 DPL=0 DS   [-WA]
GS =0030 0000000000000000 ffffffff 00cf9300 DPL=0 DS   [-WA]
LDT=0000 0000000000000000 0000ffff 00008200 DPL=0 LDT
TR =0048 000000007f5da058 00000067 00008900 DPL=0 TSS64-avl
GDT=     000000007f5da000 00000057
IDT=     000000007bb7af58 00000fff
CR0=80010033 CR2=0000000000000000 CR3=000000007f801000 CR4=00000668
DR0=0000000000000000 DR1=0000000000000000 DR2=0000000000000000 DR3=0000000000000000 
DR6=00000000ffff0ff0 DR7=0000000000000400
CCS=0000000000000044 CCD=0000000000000000 CCO=EFLAGS
EFER=0000000000000d00
Servicing hardware INT=0x20
   457: v=20 e=0000 i=0 cpl=0 IP=0038:000000007de57d6d pc=000000007de57d6d SP=0030:000000007fe69558 env->regs[R_EAX]=0000000080000000
RAX=0000000080000000 RBX=00f0d3d3b8b42da0 RCX=000000000000023f RDX=0000000000000013
RSI=0000000000000320 RDI=0000000080000000 RBP=000000007fe695a0 RSP=000000007fe69558
R8 =0000000000000000 R9 =0000000000000000 R10=0000000000000000 R11=0000000000000002
R12=000000007e6d9598 R13=000000007f5ec018 R14=0000000000000000 R15=000000007fe91f20
RIP=000000007de57d6d RFL=00000246 [---Z-P-] CPL=0 II=0 A20=1 SMM=0 HLT=0
ES =0030 0000000000000000 ffffffff 00cf9300 DPL=0 DS   [-WA]
CS =0038 0000000000000000 ffffffff 00af9a00 DPL=0 CS64 [-R-]
SS =0030 0000000000000000 ffffffff 00cf9300 DPL=0 DS   [-WA]
DS =0030 0000000000000000 ffffffff 00cf9300 DPL=0 DS   [-WA]
FS =0030 0000000000000000 ffffffff 00cf9300 DPL=0 DS   [-WA]
GS =0030 0000000000000000 ffffffff 00cf9300 DPL=0 DS   [-WA]
LDT=0000 0000000000000000 0000ffff 00008200 DPL=0 LDT
TR =0048 000000007f5da058 00000067 00008900 DPL=0 TSS64-avl
GDT=     000000007f5da000 00000057
IDT=     000000007bb7af58 00000fff
CR0=80010033 CR2=0000000000000000 CR3=000000007f801000 CR4=00000668
DR0=0000000000000000 DR1=0000000000000000 DR2=0000000000000000 DR3=0000000000000000 
DR6=00000000ffff0ff0 DR7=0000000000000400
CCS=0000000000000044 CCD=0000000000000000 CCO=EFLAGS
EFER=0000000000000d00
Servicing hardware INT=0x20
   458: v=20 e=0000 i=0 cpl=0 IP=0038:000000007eb3cf04 pc=000000007eb3cf04 SP=0030:000000007fe694e0 env->regs[R_EAX]=0000000000024382
RAX=0000000000024382 RBX=00000000005f9380 RCX=0000000000000608 RDX=00000000005d4ffe
RSI=000000000000c350 RDI=000000000002bb21 RBP=000000007fe694f0 RSP=000000007fe694e0
R8 =000000007fe6958c R9 =0000000000000000 R10=0000000000000000 R11=0000000000000002
R12=0000000000000000 R13=000000007f5ec018 R14=0000000000000000 R15=000000007fe91f20
RIP=000000007eb3cf04 RFL=00000206 [-----P-] CPL=0 II=0 A20=1 SMM=0 HLT=0
ES =0030 0000000000000000 ffffffff 00cf9300 DPL=0 DS   [-WA]
CS =0038 0000000000000000 ffffffff 00af9a00 DPL=0 CS64 [-R-]
SS =0030 0000000000000000 ffffffff 00cf9300 DPL=0 DS   [-WA]
DS =0030 0000000000000000 ffffffff 00cf9300 DPL=0 DS   [-WA]
FS =0030 0000000000000000 ffffffff 00cf9300 DPL=0 DS   [-WA]
GS =0030 0000000000000000 ffffffff 00cf9300 DPL=0 DS   [-WA]
LDT=0000 0000000000000000 0000ffff 00008200 DPL=0 LDT
TR =0048 000000007f5da058 00000067 00008900 DPL=0 TSS64-avl
GDT=     000000007f5da000 00000057
IDT=     000000007bb7af58 00000fff
CR0=80010033 CR2=0000000000000000 CR3=000000007f801000 CR4=00000668
DR0=0000000000000000 DR1=0000000000000000 DR2=0000000000000000 DR3=0000000000000000 
DR6=00000000ffff0ff0 DR7=0000000000000400
CCS=0000000000000004 CCD=0000000000024382 CCO=EFLAGS
EFER=0000000000000d00
Servicing hardware INT=0x20
   459: v=20 e=0000 i=0 cpl=0 IP=0038:000000007eb3cf04 pc=000000007eb3cf04 SP=0030:000000007fe694e0 env->regs[R_EAX]=000000000001c54d
RAX=000000000001c54d RBX=00000000005f9380 RCX=0000000000000608 RDX=00000000005dce33
RSI=000000000000c350 RDI=000000000002bb21 RBP=000000007fe694f0 RSP=000000007fe694e0
R8 =000000007fe6958c R9 =0000000000000000 R10=0000000000000000 R11=0000000000000002
R12=0000000000000000 R13=000000007f5ec018 R14=0000000000000000 R15=000000007fe91f20
RIP=000000007eb3cf04 RFL=00000206 [-----P-] CPL=0 II=0 A20=1 SMM=0 HLT=0
ES =0030 0000000000000000 ffffffff 00cf9300 DPL=0 DS   [-WA]
CS =0038 0000000000000000 ffffffff 00af9a00 DPL=0 CS64 [-R-]
SS =0030 0000000000000000 ffffffff 00cf9300 DPL=0 DS   [-WA]
DS =0030 0000000000000000 ffffffff 00cf9300 DPL=0 DS   [-WA]
FS =0030 0000000000000000 ffffffff 00cf9300 DPL=0 DS   [-WA]
GS =0030 0000000000000000 ffffffff 00cf9300 DPL=0 DS   [-WA]
LDT=0000 0000000000000000 0000ffff 00008200 DPL=0 LDT
TR =0048 000000007f5da058 00000067 00008900 DPL=0 TSS64-avl
GDT=     000000007f5da000 00000057
IDT=     000000007bb7af58 00000fff
CR0=80010033 CR2=0000000000000000 CR3=000000007f801000 CR4=00000668
DR0=0000000000000000 DR1=0000000000000000 DR2=0000000000000000 DR3=0000000000000000 
DR6=00000000ffff0ff0 DR7=0000000000000400
CCS=0000000000000004 CCD=000000000001c54d CCO=EFLAGS
EFER=0000000000000d00
Servicing hardware INT=0x20
   460: v=20 e=0000 i=0 cpl=0 IP=0038:000000007eb3cf04 pc=000000007eb3cf04 SP=0030:000000007fe694e0 env->regs[R_EAX]=0000000000012ae1
RAX=0000000000012ae1 RBX=00000000005f9380 RCX=0000000000000608 RDX=00000000005e689f
RSI=000000000000c350 RDI=000000000002bb21 RBP=000000007fe694f0 RSP=000000007fe694e0
R8 =000000007fe6958c R9 =0000000000000000 R10=0000000000000000 R11=0000000000000002
R12=0000000000000000 R13=000000007f5ec018 R14=0000000000000000 R15=000000007fe91f20
RIP=000000007eb3cf04 RFL=00000206 [-----P-] CPL=0 II=0 A20=1 SMM=0 HLT=0
ES =0030 0000000000000000 ffffffff 00cf9300 DPL=0 DS   [-WA]
CS =0038 0000000000000000 ffffffff 00af9a00 DPL=0 CS64 [-R-]
SS =0030 0000000000000000 ffffffff 00cf9300 DPL=0 DS   [-WA]
DS =0030 0000000000000000 ffffffff 00cf9300 DPL=0 DS   [-WA]
FS =0030 0000000000000000 ffffffff 00cf9300 DPL=0 DS   [-WA]
GS =0030 0000000000000000 ffffffff 00cf9300 DPL=0 DS   [-WA]
LDT=0000 0000000000000000 0000ffff 00008200 DPL=0 LDT
TR =0048 000000007f5da058 00000067 00008900 DPL=0 TSS64-avl
GDT=     000000007f5da000 00000057
IDT=     000000007bb7af58 00000fff
CR0=80010033 CR2=0000000000000000 CR3=000000007f801000 CR4=00000668
DR0=0000000000000000 DR1=0000000000000000 DR2=0000000000000000 DR3=0000000000000000 
DR6=00000000ffff0ff0 DR7=0000000000000400
CCS=0000000000000004 CCD=0000000000012ae1 CCO=EFLAGS
EFER=0000000000000d00
Servicing hardware INT=0x20
   461: v=20 e=0000 i=0 cpl=0 IP=0038:000000007eb3cf04 pc=000000007eb3cf04 SP=0030:000000007fe694e0 env->regs[R_EAX]=000000000000adec
RAX=000000000000adec RBX=00000000005f9380 RCX=0000000000000608 RDX=00000000005ee594
RSI=000000000000c350 RDI=000000000002bb21 RBP=000000007fe694f0 RSP=000000007fe694e0
R8 =000000007fe6958c R9 =0000000000000000 R10=0000000000000000 R11=0000000000000002
R12=0000000000000000 R13=000000007f5ec018 R14=0000000000000000 R15=000000007fe91f20
RIP=000000007eb3cf04 RFL=00000202 [-------] CPL=0 II=0 A20=1 SMM=0 HLT=0
ES =0030 0000000000000000 ffffffff 00cf9300 DPL=0 DS   [-WA]
CS =0038 0000000000000000 ffffffff 00af9a00 DPL=0 CS64 [-R-]
SS =0030 0000000000000000 ffffffff 00cf9300 DPL=0 DS   [-WA]
DS =0030 0000000000000000 ffffffff 00cf9300 DPL=0 DS   [-WA]
FS =0030 0000000000000000 ffffffff 00cf9300 DPL=0 DS   [-WA]
GS =0030 0000000000000000 ffffffff 00cf9300 DPL=0 DS   [-WA]
LDT=0000 0000000000000000 0000ffff 00008200 DPL=0 LDT
TR =0048 000000007f5da058 00000067 00008900 DPL=0 TSS64-avl
GDT=     000000007f5da000 00000057
IDT=     000000007bb7af58 00000fff
CR0=80010033 CR2=0000000000000000 CR3=000000007f801000 CR4=00000668
DR0=0000000000000000 DR1=0000000000000000 DR2=0000000000000000 DR3=0000000000000000 
DR6=00000000ffff0ff0 DR7=0000000000000400
CCS=0000000000000000 CCD=000000000000adec CCO=EFLAGS
EFER=0000000000000d00
Servicing hardware INT=0x20
   462: v=20 e=0000 i=0 cpl=0 IP=0038:000000007eb3cf04 pc=000000007eb3cf04 SP=0030:000000007fe694e0 env->regs[R_EAX]=00000000000021ca
RAX=00000000000021ca RBX=00000000005f9380 RCX=0000000000000608 RDX=00000000005f71b6
RSI=000000000000c350 RDI=000000000002bb21 RBP=000000007fe694f0 RSP=000000007fe694e0
R8 =000000007fe6958c R9 =0000000000000000 R10=0000000000000000 R11=0000000000000002
R12=0000000000000000 R13=000000007f5ec018 R14=0000000000000000 R15=000000007fe91f20
RIP=000000007eb3cf04 RFL=00000206 [-----P-] CPL=0 II=0 A20=1 SMM=0 HLT=0
ES =0030 0000000000000000 ffffffff 00cf9300 DPL=0 DS   [-WA]
CS =0038 0000000000000000 ffffffff 00af9a00 DPL=0 CS64 [-R-]
SS =0030 0000000000000000 ffffffff 00cf9300 DPL=0 DS   [-WA]
DS =0030 0000000000000000 ffffffff 00cf9300 DPL=0 DS   [-WA]
FS =0030 0000000000000000 ffffffff 00cf9300 DPL=0 DS   [-WA]
GS =0030 0000000000000000 ffffffff 00cf9300 DPL=0 DS   [-WA]
LDT=0000 0000000000000000 0000ffff 00008200 DPL=0 LDT
TR =0048 000000007f5da058 00000067 00008900 DPL=0 TSS64-avl
GDT=     000000007f5da000 00000057
IDT=     000000007bb7af58 00000fff
CR0=80010033 CR2=0000000000000000 CR3=000000007f801000 CR4=00000668
DR0=0000000000000000 DR1=0000000000000000 DR2=0000000000000000 DR3=0000000000000000 
DR6=00000000ffff0ff0 DR7=0000000000000400
CCS=0000000000000004 CCD=00000000000021ca CCO=EFLAGS
EFER=0000000000000d00
Servicing hardware INT=0x20
   463: v=20 e=0000 i=0 cpl=0 IP=0038:000000007de57d6d pc=000000007de57d6d SP=0030:000000007fe69558 env->regs[R_EAX]=0000000080000000
RAX=0000000080000000 RBX=00f0d3d3b8b42da0 RCX=0000000000000081 RDX=0000000000000300
RSI=0000000000000320 RDI=0000000080000000 RBP=000000007fe695a0 RSP=000000007fe69558
R8 =0000000000000000 R9 =0000000000000000 R10=0000000000000000 R11=0000000000000002
R12=000000007e6d9598 R13=000000007f5ec018 R14=0000000000000000 R15=000000007fe91f20
RIP=000000007de57d6d RFL=00000246 [---Z-P-] CPL=0 II=0 A20=1 SMM=0 HLT=0
ES =0030 0000000000000000 ffffffff 00cf9300 DPL=0 DS   [-WA]
CS =0038 0000000000000000 ffffffff 00af9a00 DPL=0 CS64 [-R-]
SS =0030 0000000000000000 ffffffff 00cf9300 DPL=0 DS   [-WA]
DS =0030 0000000000000000 ffffffff 00cf9300 DPL=0 DS   [-WA]
FS =0030 0000000000000000 ffffffff 00cf9300 DPL=0 DS   [-WA]
GS =0030 0000000000000000 ffffffff 00cf9300 DPL=0 DS   [-WA]
LDT=0000 0000000000000000 0000ffff 00008200 DPL=0 LDT
TR =0048 000000007f5da058 00000067 00008900 DPL=0 TSS64-avl
GDT=     000000007f5da000 00000057
IDT=     000000007bb7af58 00000fff
CR0=80010033 CR2=0000000000000000 CR3=000000007f801000 CR4=00000668
DR0=0000000000000000 DR1=0000000000000000 DR2=0000000000000000 DR3=0000000000000000 
DR6=00000000ffff0ff0 DR7=0000000000000400
CCS=0000000000000044 CCD=0000000000000000 CCO=EFLAGS
EFER=0000000000000d00
Servicing hardware INT=0x20
   464: v=20 e=0000 i=0 cpl=0 IP=0038:000000007de57ea1 pc=000000007de57ea1 SP=0030:000000007fe69560 env->regs[R_EAX]=0000000000000000
RAX=0000000000000000 RBX=00f0d3d3b8b42da0 RCX=0000000000000000 RDX=00000000800f6394
RSI=0000000000000000 RDI=0000000080000000 RBP=000000007fe695a0 RSP=000000007fe69560
R8 =0000000000000000 R9 =0000000000000000 R10=0000000000000000 R11=0000000000000002
R12=000000007e6d9598 R13=000000007f5ec018 R14=0000000000000000 R15=000000007fe91f20
RIP=000000007de57ea1 RFL=00000202 [-------] CPL=0 II=0 A20=1 SMM=0 HLT=0
ES =0030 0000000000000000 ffffffff 00cf9300 DPL=0 DS   [-WA]
CS =0038 0000000000000000 ffffffff 00af9a00 DPL=0 CS64 [-R-]
SS =0030 0000000000000000 ffffffff 00cf9300 DPL=0 DS   [-WA]
DS =0030 0000000000000000 ffffffff 00cf9300 DPL=0 DS   [-WA]
FS =0030 0000000000000000 ffffffff 00cf9300 DPL=0 DS   [-WA]
GS =0030 0000000000000000 ffffffff 00cf9300 DPL=0 DS   [-WA]
LDT=0000 0000000000000000 0000ffff 00008200 DPL=0 LDT
TR =0048 000000007f5da058 00000067 00008900 DPL=0 TSS64-avl
GDT=     000000007f5da000 00000057
IDT=     000000007bb7af58 00000fff
CR0=80010033 CR2=0000000000000000 CR3=000000007f801000 CR4=00000668
DR0=0000000000000000 DR1=0000000000000000 DR2=0000000000000000 DR3=0000000000000000 
DR6=00000000ffff0ff0 DR7=0000000000000400
CCS=0000000000000000 CCD=00000000800f6394 CCO=EFLAGS
EFER=0000000000000d00
Servicing hardware INT=0x20
   465: v=20 e=0000 i=0 cpl=0 IP=0038:000000007de57ea1 pc=000000007de57ea1 SP=0030:000000007fe69560 env->regs[R_EAX]=0000000000000000
RAX=0000000000000000 RBX=00f0d3d3b8b42da0 RCX=0000000000000000 RDX=0000000080185a50
RSI=0000000000000000 RDI=0000000080000000 RBP=000000007fe695a0 RSP=000000007fe69560
R8 =0000000000000000 R9 =0000000000000000 R10=0000000000000000 R11=0000000000000002
R12=000000007e6d9598 R13=000000007f5ec018 R14=0000000000000000 R15=000000007fe91f20
RIP=000000007de57ea1 RFL=00000206 [-----P-] CPL=0 II=0 A20=1 SMM=0 HLT=0
ES =0030 0000000000000000 ffffffff 00cf9300 DPL=0 DS   [-WA]
CS =0038 0000000000000000 ffffffff 00af9a00 DPL=0 CS64 [-R-]
SS =0030 0000000000000000 ffffffff 00cf9300 DPL=0 DS   [-WA]
DS =0030 0000000000000000 ffffffff 00cf9300 DPL=0 DS   [-WA]
FS =0030 0000000000000000 ffffffff 00cf9300 DPL=0 DS   [-WA]
GS =0030 0000000000000000 ffffffff 00cf9300 DPL=0 DS   [-WA]
LDT=0000 0000000000000000 0000ffff 00008200 DPL=0 LDT
TR =0048 000000007f5da058 00000067 00008900 DPL=0 TSS64-avl
GDT=     000000007f5da000 00000057
IDT=     000000007bb7af58 00000fff
CR0=80010033 CR2=0000000000000000 CR3=000000007f801000 CR4=00000668
DR0=0000000000000000 DR1=0000000000000000 DR2=0000000000000000 DR3=0000000000000000 
DR6=00000000ffff0ff0 DR7=0000000000000400
CCS=0000000000000004 CCD=0000000080185a50 CCO=EFLAGS
EFER=0000000000000d00
Servicing hardware INT=0x20
   466: v=20 e=0000 i=0 cpl=0 IP=0038:000000007eb3cf04 pc=000000007eb3cf04 SP=0030:000000007fe694e0 env->regs[R_EAX]=0000000000026893
RAX=0000000000026893 RBX=00000000006417e5 RCX=0000000000000608 RDX=000000000061af52
RSI=000000000000c350 RDI=000000000002bb21 RBP=000000007fe694f0 RSP=000000007fe694e0
R8 =000000007fe6958c R9 =0000000000000000 R10=0000000000000000 R11=0000000000000002
R12=0000000000000000 R13=000000007f5ec018 R14=0000000000000000 R15=000000007fe91f20
RIP=000000007eb3cf04 RFL=00000206 [-----P-] CPL=0 II=0 A20=1 SMM=0 HLT=0
ES =0030 0000000000000000 ffffffff 00cf9300 DPL=0 DS   [-WA]
CS =0038 0000000000000000 ffffffff 00af9a00 DPL=0 CS64 [-R-]
SS =0030 0000000000000000 ffffffff 00cf9300 DPL=0 DS   [-WA]
DS =0030 0000000000000000 ffffffff 00cf9300 DPL=0 DS   [-WA]
FS =0030 0000000000000000 ffffffff 00cf9300 DPL=0 DS   [-WA]
GS =0030 0000000000000000 ffffffff 00cf9300 DPL=0 DS   [-WA]
LDT=0000 0000000000000000 0000ffff 00008200 DPL=0 LDT
TR =0048 000000007f5da058 00000067 00008900 DPL=0 TSS64-avl
GDT=     000000007f5da000 00000057
IDT=     000000007bb7af58 00000fff
CR0=80010033 CR2=0000000000000000 CR3=000000007f801000 CR4=00000668
DR0=0000000000000000 DR1=0000000000000000 DR2=0000000000000000 DR3=0000000000000000 
DR6=00000000ffff0ff0 DR7=0000000000000400
CCS=0000000000000004 CCD=0000000000026893 CCO=EFLAGS
EFER=0000000000000d00
Servicing hardware INT=0x20
   467: v=20 e=0000 i=0 cpl=0 IP=0038:000000007eb3cf04 pc=000000007eb3cf04 SP=0030:000000007fe694e0 env->regs[R_EAX]=000000000001f524
RAX=000000000001f524 RBX=00000000006417e5 RCX=0000000000000608 RDX=00000000006222c1
RSI=000000000000c350 RDI=000000000002bb21 RBP=000000007fe694f0 RSP=000000007fe694e0
R8 =000000007fe6958c R9 =0000000000000000 R10=0000000000000000 R11=0000000000000002
R12=0000000000000000 R13=000000007f5ec018 R14=0000000000000000 R15=000000007fe91f20
RIP=000000007eb3cf04 RFL=00000206 [-----P-] CPL=0 II=0 A20=1 SMM=0 HLT=0
ES =0030 0000000000000000 ffffffff 00cf9300 DPL=0 DS   [-WA]
CS =0038 0000000000000000 ffffffff 00af9a00 DPL=0 CS64 [-R-]
SS =0030 0000000000000000 ffffffff 00cf9300 DPL=0 DS   [-WA]
DS =0030 0000000000000000 ffffffff 00cf9300 DPL=0 DS   [-WA]
FS =0030 0000000000000000 ffffffff 00cf9300 DPL=0 DS   [-WA]
GS =0030 0000000000000000 ffffffff 00cf9300 DPL=0 DS   [-WA]
LDT=0000 0000000000000000 0000ffff 00008200 DPL=0 LDT
TR =0048 000000007f5da058 00000067 00008900 DPL=0 TSS64-avl
GDT=     000000007f5da000 00000057
IDT=     000000007bb7af58 00000fff
CR0=80010033 CR2=0000000000000000 CR3=000000007f801000 CR4=00000668
DR0=0000000000000000 DR1=0000000000000000 DR2=0000000000000000 DR3=0000000000000000 
DR6=00000000ffff0ff0 DR7=0000000000000400
CCS=0000000000000004 CCD=000000000001f524 CCO=EFLAGS
EFER=0000000000000d00
Servicing hardware INT=0x20
   468: v=20 e=0000 i=0 cpl=0 IP=0038:000000007eb3cf04 pc=000000007eb3cf04 SP=0030:000000007fe694e0 env->regs[R_EAX]=000000000001516e
RAX=000000000001516e RBX=00000000006417e5 RCX=0000000000000608 RDX=000000000062c677
RSI=000000000000c350 RDI=000000000002bb21 RBP=000000007fe694f0 RSP=000000007fe694e0
R8 =000000007fe6958c R9 =0000000000000000 R10=0000000000000000 R11=0000000000000002
R12=0000000000000000 R13=000000007f5ec018 R14=0000000000000000 R15=000000007fe91f20
RIP=000000007eb3cf04 RFL=00000202 [-------] CPL=0 II=0 A20=1 SMM=0 HLT=0
ES =0030 0000000000000000 ffffffff 00cf9300 DPL=0 DS   [-WA]
CS =0038 0000000000000000 ffffffff 00af9a00 DPL=0 CS64 [-R-]
SS =0030 0000000000000000 ffffffff 00cf9300 DPL=0 DS   [-WA]
DS =0030 0000000000000000 ffffffff 00cf9300 DPL=0 DS   [-WA]
FS =0030 0000000000000000 ffffffff 00cf9300 DPL=0 DS   [-WA]
GS =0030 0000000000000000 ffffffff 00cf9300 DPL=0 DS   [-WA]
LDT=0000 0000000000000000 0000ffff 00008200 DPL=0 LDT
TR =0048 000000007f5da058 00000067 00008900 DPL=0 TSS64-avl
GDT=     000000007f5da000 00000057
IDT=     000000007bb7af58 00000fff
CR0=80010033 CR2=0000000000000000 CR3=000000007f801000 CR4=00000668
DR0=0000000000000000 DR1=0000000000000000 DR2=0000000000000000 DR3=0000000000000000 
DR6=00000000ffff0ff0 DR7=0000000000000400
CCS=0000000000000000 CCD=000000000001516e CCO=EFLAGS
EFER=0000000000000d00
Servicing hardware INT=0x20
   469: v=20 e=0000 i=0 cpl=0 IP=0038:000000007eb3cf04 pc=000000007eb3cf04 SP=0030:000000007fe694e0 env->regs[R_EAX]=000000000000c553
RAX=000000000000c553 RBX=00000000006417e5 RCX=0000000000000608 RDX=0000000000635292
RSI=000000000000c350 RDI=000000000002bb21 RBP=000000007fe694f0 RSP=000000007fe694e0
R8 =000000007fe6958c R9 =0000000000000000 R10=0000000000000000 R11=0000000000000002
R12=0000000000000000 R13=000000007f5ec018 R14=0000000000000000 R15=000000007fe91f20
RIP=000000007eb3cf04 RFL=00000206 [-----P-] CPL=0 II=0 A20=1 SMM=0 HLT=0
ES =0030 0000000000000000 ffffffff 00cf9300 DPL=0 DS   [-WA]
CS =0038 0000000000000000 ffffffff 00af9a00 DPL=0 CS64 [-R-]
SS =0030 0000000000000000 ffffffff 00cf9300 DPL=0 DS   [-WA]
DS =0030 0000000000000000 ffffffff 00cf9300 DPL=0 DS   [-WA]
FS =0030 0000000000000000 ffffffff 00cf9300 DPL=0 DS   [-WA]
GS =0030 0000000000000000 ffffffff 00cf9300 DPL=0 DS   [-WA]
LDT=0000 0000000000000000 0000ffff 00008200 DPL=0 LDT
TR =0048 000000007f5da058 00000067 00008900 DPL=0 TSS64-avl
GDT=     000000007f5da000 00000057
IDT=     000000007bb7af58 00000fff
CR0=80010033 CR2=0000000000000000 CR3=000000007f801000 CR4=00000668
DR0=0000000000000000 DR1=0000000000000000 DR2=0000000000000000 DR3=0000000000000000 
DR6=00000000ffff0ff0 DR7=0000000000000400
CCS=0000000000000004 CCD=000000000000c553 CCO=EFLAGS
EFER=0000000000000d00
Servicing hardware INT=0x20
   470: v=20 e=0000 i=0 cpl=0 IP=0038:000000007eb3cf04 pc=000000007eb3cf04 SP=0030:000000007fe694e0 env->regs[R_EAX]=00000000000021c8
RAX=00000000000021c8 RBX=00000000006417e5 RCX=0000000000000608 RDX=000000000063f61d
RSI=000000000000c350 RDI=000000000002bb21 RBP=000000007fe694f0 RSP=000000007fe694e0
R8 =000000007fe6958c R9 =0000000000000000 R10=0000000000000000 R11=0000000000000002
R12=0000000000000000 R13=000000007f5ec018 R14=0000000000000000 R15=000000007fe91f20
RIP=000000007eb3cf04 RFL=00000202 [-------] CPL=0 II=0 A20=1 SMM=0 HLT=0
ES =0030 0000000000000000 ffffffff 00cf9300 DPL=0 DS   [-WA]
CS =0038 0000000000000000 ffffffff 00af9a00 DPL=0 CS64 [-R-]
SS =0030 0000000000000000 ffffffff 00cf9300 DPL=0 DS   [-WA]
DS =0030 0000000000000000 ffffffff 00cf9300 DPL=0 DS   [-WA]
FS =0030 0000000000000000 ffffffff 00cf9300 DPL=0 DS   [-WA]
GS =0030 0000000000000000 ffffffff 00cf9300 DPL=0 DS   [-WA]
LDT=0000 0000000000000000 0000ffff 00008200 DPL=0 LDT
TR =0048 000000007f5da058 00000067 00008900 DPL=0 TSS64-avl
GDT=     000000007f5da000 00000057
IDT=     000000007bb7af58 00000fff
CR0=80010033 CR2=0000000000000000 CR3=000000007f801000 CR4=00000668
DR0=0000000000000000 DR1=0000000000000000 DR2=0000000000000000 DR3=0000000000000000 
DR6=00000000ffff0ff0 DR7=0000000000000400
CCS=0000000000000000 CCD=00000000000021c8 CCO=EFLAGS
EFER=0000000000000d00
Servicing hardware INT=0x20
   471: v=20 e=0000 i=0 cpl=0 IP=0038:000000007de57ea1 pc=000000007de57ea1 SP=0030:000000007fe69560 env->regs[R_EAX]=00000000ffffffff
RAX=00000000ffffffff RBX=00f0d3d3b8b42da0 RCX=00000000000000ff RDX=000000008005bb44
RSI=00000000000000ff RDI=0000000080000000 RBP=000000007fe695a0 RSP=000000007fe69560
R8 =00000000000000ff R9 =00000000000000ff R10=00000000000000ff R11=0000000000000002
R12=000000007e6d9598 R13=000000007f5ec018 R14=0000000000000000 R15=000000007fe91f20
RIP=000000007de57ea1 RFL=00000206 [-----P-] CPL=0 II=0 A20=1 SMM=0 HLT=0
ES =0030 0000000000000000 ffffffff 00cf9300 DPL=0 DS   [-WA]
CS =0038 0000000000000000 ffffffff 00af9a00 DPL=0 CS64 [-R-]
SS =0030 0000000000000000 ffffffff 00cf9300 DPL=0 DS   [-WA]
DS =0030 0000000000000000 ffffffff 00cf9300 DPL=0 DS   [-WA]
FS =0030 0000000000000000 ffffffff 00cf9300 DPL=0 DS   [-WA]
GS =0030 0000000000000000 ffffffff 00cf9300 DPL=0 DS   [-WA]
LDT=0000 0000000000000000 0000ffff 00008200 DPL=0 LDT
TR =0048 000000007f5da058 00000067 00008900 DPL=0 TSS64-avl
GDT=     000000007f5da000 00000057
IDT=     000000007bb7af58 00000fff
CR0=80010033 CR2=0000000000000000 CR3=000000007f801000 CR4=00000668
DR0=0000000000000000 DR1=0000000000000000 DR2=0000000000000000 DR3=0000000000000000 
DR6=00000000ffff0ff0 DR7=0000000000000400
CCS=0000000000000004 CCD=000000008005bb44 CCO=EFLAGS
EFER=0000000000000d00
Servicing hardware INT=0x20
   472: v=20 e=0000 i=0 cpl=0 IP=0038:000000007de57ea1 pc=000000007de57ea1 SP=0030:000000007fe69560 env->regs[R_EAX]=0000000000000000
RAX=0000000000000000 RBX=00f0d3d3b8b42da0 RCX=0000000000000000 RDX=00000000800f2344
RSI=0000000000000000 RDI=0000000080000000 RBP=000000007fe695a0 RSP=000000007fe69560
R8 =0000000000000000 R9 =0000000000000000 R10=0000000000000000 R11=0000000000000002
R12=000000007e6d9598 R13=000000007f5ec018 R14=0000000000000000 R15=000000007fe91f20
RIP=000000007de57ea1 RFL=00000206 [-----P-] CPL=0 II=0 A20=1 SMM=0 HLT=0
ES =0030 0000000000000000 ffffffff 00cf9300 DPL=0 DS   [-WA]
CS =0038 0000000000000000 ffffffff 00af9a00 DPL=0 CS64 [-R-]
SS =0030 0000000000000000 ffffffff 00cf9300 DPL=0 DS   [-WA]
DS =0030 0000000000000000 ffffffff 00cf9300 DPL=0 DS   [-WA]
FS =0030 0000000000000000 ffffffff 00cf9300 DPL=0 DS   [-WA]
GS =0030 0000000000000000 ffffffff 00cf9300 DPL=0 DS   [-WA]
LDT=0000 0000000000000000 0000ffff 00008200 DPL=0 LDT
TR =0048 000000007f5da058 00000067 00008900 DPL=0 TSS64-avl
GDT=     000000007f5da000 00000057
IDT=     000000007bb7af58 00000fff
CR0=80010033 CR2=0000000000000000 CR3=000000007f801000 CR4=00000668
DR0=0000000000000000 DR1=0000000000000000 DR2=0000000000000000 DR3=0000000000000000 
DR6=00000000ffff0ff0 DR7=0000000000000400
CCS=0000000000000004 CCD=00000000800f2344 CCO=EFLAGS
EFER=0000000000000d00
Servicing hardware INT=0x20
   473: v=20 e=0000 i=0 cpl=0 IP=0038:000000007de57d6d pc=000000007de57d6d SP=0030:000000007fe69558 env->regs[R_EAX]=0000000080000000
RAX=0000000080000000 RBX=00f0d3d3b8b42da0 RCX=00000000000001da RDX=0000000000000203
RSI=0000000000000320 RDI=0000000080000000 RBP=000000007fe695a0 RSP=000000007fe69558
R8 =0000000000000000 R9 =0000000000000000 R10=0000000000000000 R11=0000000000000002
R12=000000007e6d9598 R13=000000007f5ec018 R14=0000000000000000 R15=000000007fe91f20
RIP=000000007de57d6d RFL=00000246 [---Z-P-] CPL=0 II=0 A20=1 SMM=0 HLT=0
ES =0030 0000000000000000 ffffffff 00cf9300 DPL=0 DS   [-WA]
CS =0038 0000000000000000 ffffffff 00af9a00 DPL=0 CS64 [-R-]
SS =0030 0000000000000000 ffffffff 00cf9300 DPL=0 DS   [-WA]
DS =0030 0000000000000000 ffffffff 00cf9300 DPL=0 DS   [-WA]
FS =0030 0000000000000000 ffffffff 00cf9300 DPL=0 DS   [-WA]
GS =0030 0000000000000000 ffffffff 00cf9300 DPL=0 DS   [-WA]
LDT=0000 0000000000000000 0000ffff 00008200 DPL=0 LDT
TR =0048 000000007f5da058 00000067 00008900 DPL=0 TSS64-avl
GDT=     000000007f5da000 00000057
IDT=     000000007bb7af58 00000fff
CR0=80010033 CR2=0000000000000000 CR3=000000007f801000 CR4=00000668
DR0=0000000000000000 DR1=0000000000000000 DR2=0000000000000000 DR3=0000000000000000 
DR6=00000000ffff0ff0 DR7=0000000000000400
CCS=0000000000000044 CCD=0000000000000000 CCO=EFLAGS
EFER=0000000000000d00
Servicing hardware INT=0x20
   474: v=20 e=0000 i=0 cpl=0 IP=0038:000000007de57ea1 pc=000000007de57ea1 SP=0030:000000007fe69560 env->regs[R_EAX]=0000000000000000
RAX=0000000000000000 RBX=00f0d3d3b8b42da0 RCX=0000000000000000 RDX=00000000801a1d64
RSI=0000000000000000 RDI=0000000080000000 RBP=000000007fe695a0 RSP=000000007fe69560
R8 =0000000000000000 R9 =0000000000000000 R10=0000000000000000 R11=0000000000000002
R12=000000007e6d9598 R13=000000007f5ec018 R14=0000000000000000 R15=000000007fe91f20
RIP=000000007de57ea1 RFL=00000202 [-------] CPL=0 II=0 A20=1 SMM=0 HLT=0
ES =0030 0000000000000000 ffffffff 00cf9300 DPL=0 DS   [-WA]
CS =0038 0000000000000000 ffffffff 00af9a00 DPL=0 CS64 [-R-]
SS =0030 0000000000000000 ffffffff 00cf9300 DPL=0 DS   [-WA]
DS =0030 0000000000000000 ffffffff 00cf9300 DPL=0 DS   [-WA]
FS =0030 0000000000000000 ffffffff 00cf9300 DPL=0 DS   [-WA]
GS =0030 0000000000000000 ffffffff 00cf9300 DPL=0 DS   [-WA]
LDT=0000 0000000000000000 0000ffff 00008200 DPL=0 LDT
TR =0048 000000007f5da058 00000067 00008900 DPL=0 TSS64-avl
GDT=     000000007f5da000 00000057
IDT=     000000007bb7af58 00000fff
CR0=80010033 CR2=0000000000000000 CR3=000000007f801000 CR4=00000668
DR0=0000000000000000 DR1=0000000000000000 DR2=0000000000000000 DR3=0000000000000000 
DR6=00000000ffff0ff0 DR7=0000000000000400
CCS=0000000000000000 CCD=00000000801a1d64 CCO=EFLAGS
EFER=0000000000000d00
Servicing hardware INT=0x20
   475: v=20 e=0000 i=0 cpl=0 IP=0038:000000007eb3cf04 pc=000000007eb3cf04 SP=0030:000000007fe694e0 env->regs[R_EAX]=0000000000025da9
RAX=0000000000025da9 RBX=000000000068e97b RCX=0000000000000608 RDX=0000000000668bd2
RSI=000000000000c350 RDI=000000000002bb21 RBP=000000007fe694f0 RSP=000000007fe694e0
R8 =000000007fe6958c R9 =0000000000000000 R10=0000000000000000 R11=0000000000000002
R12=0000000000000000 R13=000000007f5ec018 R14=0000000000000000 R15=000000007fe91f20
RIP=000000007eb3cf04 RFL=00000206 [-----P-] CPL=0 II=0 A20=1 SMM=0 HLT=0
ES =0030 0000000000000000 ffffffff 00cf9300 DPL=0 DS   [-WA]
CS =0038 0000000000000000 ffffffff 00af9a00 DPL=0 CS64 [-R-]
SS =0030 0000000000000000 ffffffff 00cf9300 DPL=0 DS   [-WA]
DS =0030 0000000000000000 ffffffff 00cf9300 DPL=0 DS   [-WA]
FS =0030 0000000000000000 ffffffff 00cf9300 DPL=0 DS   [-WA]
GS =0030 0000000000000000 ffffffff 00cf9300 DPL=0 DS   [-WA]
LDT=0000 0000000000000000 0000ffff 00008200 DPL=0 LDT
TR =0048 000000007f5da058 00000067 00008900 DPL=0 TSS64-avl
GDT=     000000007f5da000 00000057
IDT=     000000007bb7af58 00000fff
CR0=80010033 CR2=0000000000000000 CR3=000000007f801000 CR4=00000668
DR0=0000000000000000 DR1=0000000000000000 DR2=0000000000000000 DR3=0000000000000000 
DR6=00000000ffff0ff0 DR7=0000000000000400
CCS=0000000000000004 CCD=0000000000025da9 CCO=EFLAGS
EFER=0000000000000d00
Servicing hardware INT=0x20
   476: v=20 e=0000 i=0 cpl=0 IP=0038:000000007eb3cf04 pc=000000007eb3cf04 SP=0030:000000007fe694e0 env->regs[R_EAX]=000000000001d1cb
RAX=000000000001d1cb RBX=000000000068e97b RCX=0000000000000608 RDX=00000000006717b0
RSI=000000000000c350 RDI=000000000002bb21 RBP=000000007fe694f0 RSP=000000007fe694e0
R8 =000000007fe6958c R9 =0000000000000000 R10=0000000000000000 R11=0000000000000002
R12=0000000000000000 R13=000000007f5ec018 R14=0000000000000000 R15=000000007fe91f20
RIP=000000007eb3cf04 RFL=00000202 [-------] CPL=0 II=0 A20=1 SMM=0 HLT=0
ES =0030 0000000000000000 ffffffff 00cf9300 DPL=0 DS   [-WA]
CS =0038 0000000000000000 ffffffff 00af9a00 DPL=0 CS64 [-R-]
SS =0030 0000000000000000 ffffffff 00cf9300 DPL=0 DS   [-WA]
DS =0030 0000000000000000 ffffffff 00cf9300 DPL=0 DS   [-WA]
FS =0030 0000000000000000 ffffffff 00cf9300 DPL=0 DS   [-WA]
GS =0030 0000000000000000 ffffffff 00cf9300 DPL=0 DS   [-WA]
LDT=0000 0000000000000000 0000ffff 00008200 DPL=0 LDT
TR =0048 000000007f5da058 00000067 00008900 DPL=0 TSS64-avl
GDT=     000000007f5da000 00000057
IDT=     000000007bb7af58 00000fff
CR0=80010033 CR2=0000000000000000 CR3=000000007f801000 CR4=00000668
DR0=0000000000000000 DR1=0000000000000000 DR2=0000000000000000 DR3=0000000000000000 
DR6=00000000ffff0ff0 DR7=0000000000000400
CCS=0000000000000000 CCD=000000000001d1cb CCO=EFLAGS
EFER=0000000000000d00
Servicing hardware INT=0x20
   477: v=20 e=0000 i=0 cpl=0 IP=0038:000000007eb3cf04 pc=000000007eb3cf04 SP=0030:000000007fe694e0 env->regs[R_EAX]=0000000000014624
RAX=0000000000014624 RBX=000000000068e97b RCX=0000000000000608 RDX=000000000067a357
RSI=000000000000c350 RDI=000000000002bb21 RBP=000000007fe694f0 RSP=000000007fe694e0
R8 =000000007fe6958c R9 =0000000000000000 R10=0000000000000000 R11=0000000000000002
R12=0000000000000000 R13=000000007f5ec018 R14=0000000000000000 R15=000000007fe91f20
RIP=000000007eb3cf04 RFL=00000206 [-----P-] CPL=0 II=0 A20=1 SMM=0 HLT=0
ES =0030 0000000000000000 ffffffff 00cf9300 DPL=0 DS   [-WA]
CS =0038 0000000000000000 ffffffff 00af9a00 DPL=0 CS64 [-R-]
SS =0030 0000000000000000 ffffffff 00cf9300 DPL=0 DS   [-WA]
DS =0030 0000000000000000 ffffffff 00cf9300 DPL=0 DS   [-WA]
FS =0030 0000000000000000 ffffffff 00cf9300 DPL=0 DS   [-WA]
GS =0030 0000000000000000 ffffffff 00cf9300 DPL=0 DS   [-WA]
LDT=0000 0000000000000000 0000ffff 00008200 DPL=0 LDT
TR =0048 000000007f5da058 00000067 00008900 DPL=0 TSS64-avl
GDT=     000000007f5da000 00000057
IDT=     000000007bb7af58 00000fff
CR0=80010033 CR2=0000000000000000 CR3=000000007f801000 CR4=00000668
DR0=0000000000000000 DR1=0000000000000000 DR2=0000000000000000 DR3=0000000000000000 
DR6=00000000ffff0ff0 DR7=0000000000000400
CCS=0000000000000004 CCD=0000000000014624 CCO=EFLAGS
EFER=0000000000000d00
Servicing hardware INT=0x20
   478: v=20 e=0000 i=0 cpl=0 IP=0038:000000007eb3cf04 pc=000000007eb3cf04 SP=0030:000000007fe694e0 env->regs[R_EAX]=000000000000acb3
RAX=000000000000acb3 RBX=000000000068e97b RCX=0000000000000608 RDX=0000000000683cc8
RSI=000000000000c350 RDI=000000000002bb21 RBP=000000007fe694f0 RSP=000000007fe694e0
R8 =000000007fe6958c R9 =0000000000000000 R10=0000000000000000 R11=0000000000000002
R12=0000000000000000 R13=000000007f5ec018 R14=0000000000000000 R15=000000007fe91f20
RIP=000000007eb3cf04 RFL=00000202 [-------] CPL=0 II=0 A20=1 SMM=0 HLT=0
ES =0030 0000000000000000 ffffffff 00cf9300 DPL=0 DS   [-WA]
CS =0038 0000000000000000 ffffffff 00af9a00 DPL=0 CS64 [-R-]
SS =0030 0000000000000000 ffffffff 00cf9300 DPL=0 DS   [-WA]
DS =0030 0000000000000000 ffffffff 00cf9300 DPL=0 DS   [-WA]
FS =0030 0000000000000000 ffffffff 00cf9300 DPL=0 DS   [-WA]
GS =0030 0000000000000000 ffffffff 00cf9300 DPL=0 DS   [-WA]
LDT=0000 0000000000000000 0000ffff 00008200 DPL=0 LDT
TR =0048 000000007f5da058 00000067 00008900 DPL=0 TSS64-avl
GDT=     000000007f5da000 00000057
IDT=     000000007bb7af58 00000fff
CR0=80010033 CR2=0000000000000000 CR3=000000007f801000 CR4=00000668
DR0=0000000000000000 DR1=0000000000000000 DR2=0000000000000000 DR3=0000000000000000 
DR6=00000000ffff0ff0 DR7=0000000000000400
CCS=0000000000000000 CCD=000000000000acb3 CCO=EFLAGS
EFER=0000000000000d00
Servicing hardware INT=0x20
   479: v=20 e=0000 i=0 cpl=0 IP=0038:000000007eb3cf04 pc=000000007eb3cf04 SP=0030:000000007fe694e0 env->regs[R_EAX]=0000000000002f1d
RAX=0000000000002f1d RBX=000000000068e97b RCX=0000000000000608 RDX=000000000068ba5e
RSI=000000000000c350 RDI=000000000002bb21 RBP=000000007fe694f0 RSP=000000007fe694e0
R8 =000000007fe6958c R9 =0000000000000000 R10=0000000000000000 R11=0000000000000002
R12=0000000000000000 R13=000000007f5ec018 R14=0000000000000000 R15=000000007fe91f20
RIP=000000007eb3cf04 RFL=00000206 [-----P-] CPL=0 II=0 A20=1 SMM=0 HLT=0
ES =0030 0000000000000000 ffffffff 00cf9300 DPL=0 DS   [-WA]
CS =0038 0000000000000000 ffffffff 00af9a00 DPL=0 CS64 [-R-]
SS =0030 0000000000000000 ffffffff 00cf9300 DPL=0 DS   [-WA]
DS =0030 0000000000000000 ffffffff 00cf9300 DPL=0 DS   [-WA]
FS =0030 0000000000000000 ffffffff 00cf9300 DPL=0 DS   [-WA]
GS =0030 0000000000000000 ffffffff 00cf9300 DPL=0 DS   [-WA]
LDT=0000 0000000000000000 0000ffff 00008200 DPL=0 LDT
TR =0048 000000007f5da058 00000067 00008900 DPL=0 TSS64-avl
GDT=     000000007f5da000 00000057
IDT=     000000007bb7af58 00000fff
CR0=80010033 CR2=0000000000000000 CR3=000000007f801000 CR4=00000668
DR0=0000000000000000 DR1=0000000000000000 DR2=0000000000000000 DR3=0000000000000000 
DR6=00000000ffff0ff0 DR7=0000000000000400
CCS=0000000000000004 CCD=0000000000002f1d CCO=EFLAGS
EFER=0000000000000d00
Servicing hardware INT=0x20
   480: v=20 e=0000 i=0 cpl=0 IP=0038:000000007de57d6d pc=000000007de57d6d SP=0030:000000007fe69558 env->regs[R_EAX]=0000000080000000
RAX=0000000080000000 RBX=00f0d3d3b8b42da0 RCX=000000000000008d RDX=000000000000025d
RSI=0000000000000320 RDI=0000000080000000 RBP=000000007fe695a0 RSP=000000007fe69558
R8 =0000000000000000 R9 =0000000000000000 R10=0000000000000000 R11=0000000000000002
R12=000000007e6d9598 R13=000000007f5ec018 R14=0000000000000000 R15=000000007fe91f20
RIP=000000007de57d6d RFL=00000246 [---Z-P-] CPL=0 II=0 A20=1 SMM=0 HLT=0
ES =0030 0000000000000000 ffffffff 00cf9300 DPL=0 DS   [-WA]
CS =0038 0000000000000000 ffffffff 00af9a00 DPL=0 CS64 [-R-]
SS =0030 0000000000000000 ffffffff 00cf9300 DPL=0 DS   [-WA]
DS =0030 0000000000000000 ffffffff 00cf9300 DPL=0 DS   [-WA]
FS =0030 0000000000000000 ffffffff 00cf9300 DPL=0 DS   [-WA]
GS =0030 0000000000000000 ffffffff 00cf9300 DPL=0 DS   [-WA]
LDT=0000 0000000000000000 0000ffff 00008200 DPL=0 LDT
TR =0048 000000007f5da058 00000067 00008900 DPL=0 TSS64-avl
GDT=     000000007f5da000 00000057
IDT=     000000007bb7af58 00000fff
CR0=80010033 CR2=0000000000000000 CR3=000000007f801000 CR4=00000668
DR0=0000000000000000 DR1=0000000000000000 DR2=0000000000000000 DR3=0000000000000000 
DR6=00000000ffff0ff0 DR7=0000000000000400
CCS=0000000000000044 CCD=0000000000000000 CCO=EFLAGS
EFER=0000000000000d00
Servicing hardware INT=0x20
   481: v=20 e=0000 i=0 cpl=0 IP=0038:000000007de57d6d pc=000000007de57d6d SP=0030:000000007fe69558 env->regs[R_EAX]=0000000080000000
RAX=0000000080000000 RBX=00f0d3d3b8b42da0 RCX=000000000000014a RDX=0000000000000103
RSI=0000000000000320 RDI=0000000080000000 RBP=000000007fe695a0 RSP=000000007fe69558
R8 =0000000000000000 R9 =0000000000000000 R10=0000000000000000 R11=0000000000000002
R12=000000007e6d9598 R13=000000007f5ec018 R14=0000000000000000 R15=000000007fe91f20
RIP=000000007de57d6d RFL=00000246 [---Z-P-] CPL=0 II=0 A20=1 SMM=0 HLT=0
ES =0030 0000000000000000 ffffffff 00cf9300 DPL=0 DS   [-WA]
CS =0038 0000000000000000 ffffffff 00af9a00 DPL=0 CS64 [-R-]
SS =0030 0000000000000000 ffffffff 00cf9300 DPL=0 DS   [-WA]
DS =0030 0000000000000000 ffffffff 00cf9300 DPL=0 DS   [-WA]
FS =0030 0000000000000000 ffffffff 00cf9300 DPL=0 DS   [-WA]
GS =0030 0000000000000000 ffffffff 00cf9300 DPL=0 DS   [-WA]
LDT=0000 0000000000000000 0000ffff 00008200 DPL=0 LDT
TR =0048 000000007f5da058 00000067 00008900 DPL=0 TSS64-avl
GDT=     000000007f5da000 00000057
IDT=     000000007bb7af58 00000fff
CR0=80010033 CR2=0000000000000000 CR3=000000007f801000 CR4=00000668
DR0=0000000000000000 DR1=0000000000000000 DR2=0000000000000000 DR3=0000000000000000 
DR6=00000000ffff0ff0 DR7=0000000000000400
CCS=0000000000000044 CCD=0000000000000000 CCO=EFLAGS
EFER=0000000000000d00
Servicing hardware INT=0x20
   482: v=20 e=0000 i=0 cpl=0 IP=0038:000000007de57ea1 pc=000000007de57ea1 SP=0030:000000007fe69560 env->regs[R_EAX]=0000000000000000
RAX=0000000000000000 RBX=00f0d3d3b8b42da0 RCX=0000000000000000 RDX=00000000801aa908
RSI=0000000000000000 RDI=0000000080000000 RBP=000000007fe695a0 RSP=000000007fe69560
R8 =0000000000000000 R9 =0000000000000000 R10=0000000000000000 R11=0000000000000002
R12=000000007e6d9598 R13=000000007f5ec018 R14=0000000000000000 R15=000000007fe91f20
RIP=000000007de57ea1 RFL=00000202 [-------] CPL=0 II=0 A20=1 SMM=0 HLT=0
ES =0030 0000000000000000 ffffffff 00cf9300 DPL=0 DS   [-WA]
CS =0038 0000000000000000 ffffffff 00af9a00 DPL=0 CS64 [-R-]
SS =0030 0000000000000000 ffffffff 00cf9300 DPL=0 DS   [-WA]
DS =0030 0000000000000000 ffffffff 00cf9300 DPL=0 DS   [-WA]
FS =0030 0000000000000000 ffffffff 00cf9300 DPL=0 DS   [-WA]
GS =0030 0000000000000000 ffffffff 00cf9300 DPL=0 DS   [-WA]
LDT=0000 0000000000000000 0000ffff 00008200 DPL=0 LDT
TR =0048 000000007f5da058 00000067 00008900 DPL=0 TSS64-avl
GDT=     000000007f5da000 00000057
IDT=     000000007bb7af58 00000fff
CR0=80010033 CR2=0000000000000000 CR3=000000007f801000 CR4=00000668
DR0=0000000000000000 DR1=0000000000000000 DR2=0000000000000000 DR3=0000000000000000 
DR6=00000000ffff0ff0 DR7=0000000000000400
CCS=0000000000000000 CCD=00000000801aa908 CCO=EFLAGS
EFER=0000000000000d00
Servicing hardware INT=0x20
   483: v=20 e=0000 i=0 cpl=0 IP=0038:000000007eb3cf04 pc=000000007eb3cf04 SP=0030:000000007fe694e0 env->regs[R_EAX]=00000000000263b0
RAX=00000000000263b0 RBX=00000000006d4e4e RCX=0000000000000608 RDX=00000000006aea9e
RSI=000000000000c350 RDI=000000000002bb21 RBP=000000007fe694f0 RSP=000000007fe694e0
R8 =000000007fe6958c R9 =0000000000000000 R10=0000000000000000 R11=0000000000000002
R12=0000000000000000 R13=000000007f5ec018 R14=0000000000000000 R15=000000007fe91f20
RIP=000000007eb3cf04 RFL=00000202 [-------] CPL=0 II=0 A20=1 SMM=0 HLT=0
ES =0030 0000000000000000 ffffffff 00cf9300 DPL=0 DS   [-WA]
CS =0038 0000000000000000 ffffffff 00af9a00 DPL=0 CS64 [-R-]
SS =0030 0000000000000000 ffffffff 00cf9300 DPL=0 DS   [-WA]
DS =0030 0000000000000000 ffffffff 00cf9300 DPL=0 DS   [-WA]
FS =0030 0000000000000000 ffffffff 00cf9300 DPL=0 DS   [-WA]
GS =0030 0000000000000000 ffffffff 00cf9300 DPL=0 DS   [-WA]
LDT=0000 0000000000000000 0000ffff 00008200 DPL=0 LDT
TR =0048 000000007f5da058 00000067 00008900 DPL=0 TSS64-avl
GDT=     000000007f5da000 00000057
IDT=     000000007bb7af58 00000fff
CR0=80010033 CR2=0000000000000000 CR3=000000007f801000 CR4=00000668
DR0=0000000000000000 DR1=0000000000000000 DR2=0000000000000000 DR3=0000000000000000 
DR6=00000000ffff0ff0 DR7=0000000000000400
CCS=0000000000000000 CCD=00000000000263b0 CCO=EFLAGS
EFER=0000000000000d00
Servicing hardware INT=0x20
   484: v=20 e=0000 i=0 cpl=0 IP=0038:000000007eb3cf04 pc=000000007eb3cf04 SP=0030:000000007fe694e0 env->regs[R_EAX]=000000000001d7c9
RAX=000000000001d7c9 RBX=00000000006d4e4e RCX=0000000000000608 RDX=00000000006b7685
RSI=000000000000c350 RDI=000000000002bb21 RBP=000000007fe694f0 RSP=000000007fe694e0
R8 =000000007fe6958c R9 =0000000000000000 R10=0000000000000000 R11=0000000000000002
R12=0000000000000000 R13=000000007f5ec018 R14=0000000000000000 R15=000000007fe91f20
RIP=000000007eb3cf04 RFL=00000206 [-----P-] CPL=0 II=0 A20=1 SMM=0 HLT=0
ES =0030 0000000000000000 ffffffff 00cf9300 DPL=0 DS   [-WA]
CS =0038 0000000000000000 ffffffff 00af9a00 DPL=0 CS64 [-R-]
SS =0030 0000000000000000 ffffffff 00cf9300 DPL=0 DS   [-WA]
DS =0030 0000000000000000 ffffffff 00cf9300 DPL=0 DS   [-WA]
FS =0030 0000000000000000 ffffffff 00cf9300 DPL=0 DS   [-WA]
GS =0030 0000000000000000 ffffffff 00cf9300 DPL=0 DS   [-WA]
LDT=0000 0000000000000000 0000ffff 00008200 DPL=0 LDT
TR =0048 000000007f5da058 00000067 00008900 DPL=0 TSS64-avl
GDT=     000000007f5da000 00000057
IDT=     000000007bb7af58 00000fff
CR0=80010033 CR2=0000000000000000 CR3=000000007f801000 CR4=00000668
DR0=0000000000000000 DR1=0000000000000000 DR2=0000000000000000 DR3=0000000000000000 
DR6=00000000ffff0ff0 DR7=0000000000000400
CCS=0000000000000004 CCD=000000000001d7c9 CCO=EFLAGS
EFER=0000000000000d00
Servicing hardware INT=0x20
   485: v=20 e=0000 i=0 cpl=0 IP=0038:000000007eb3cf04 pc=000000007eb3cf04 SP=0030:000000007fe694e0 env->regs[R_EAX]=0000000000014c02
RAX=0000000000014c02 RBX=00000000006d4e4e RCX=0000000000000608 RDX=00000000006c024c
RSI=000000000000c350 RDI=000000000002bb21 RBP=000000007fe694f0 RSP=000000007fe694e0
R8 =000000007fe6958c R9 =0000000000000000 R10=0000000000000000 R11=0000000000000002
R12=0000000000000000 R13=000000007f5ec018 R14=0000000000000000 R15=000000007fe91f20
RIP=000000007eb3cf04 RFL=00000202 [-------] CPL=0 II=0 A20=1 SMM=0 HLT=0
ES =0030 0000000000000000 ffffffff 00cf9300 DPL=0 DS   [-WA]
CS =0038 0000000000000000 ffffffff 00af9a00 DPL=0 CS64 [-R-]
SS =0030 0000000000000000 ffffffff 00cf9300 DPL=0 DS   [-WA]
DS =0030 0000000000000000 ffffffff 00cf9300 DPL=0 DS   [-WA]
FS =0030 0000000000000000 ffffffff 00cf9300 DPL=0 DS   [-WA]
GS =0030 0000000000000000 ffffffff 00cf9300 DPL=0 DS   [-WA]
LDT=0000 0000000000000000 0000ffff 00008200 DPL=0 LDT
TR =0048 000000007f5da058 00000067 00008900 DPL=0 TSS64-avl
GDT=     000000007f5da000 00000057
IDT=     000000007bb7af58 00000fff
CR0=80010033 CR2=0000000000000000 CR3=000000007f801000 CR4=00000668
DR0=0000000000000000 DR1=0000000000000000 DR2=0000000000000000 DR3=0000000000000000 
DR6=00000000ffff0ff0 DR7=0000000000000400
CCS=0000000000000000 CCD=0000000000014c02 CCO=EFLAGS
EFER=0000000000000d00
Servicing hardware INT=0x20
   486: v=20 e=0000 i=0 cpl=0 IP=0038:000000007eb3cf04 pc=000000007eb3cf04 SP=0030:000000007fe694e0 env->regs[R_EAX]=000000000000be3b
RAX=000000000000be3b RBX=00000000006d4e4e RCX=0000000000000608 RDX=00000000006c9013
RSI=000000000000c350 RDI=000000000002bb21 RBP=000000007fe694f0 RSP=000000007fe694e0
R8 =000000007fe6958c R9 =0000000000000000 R10=0000000000000000 R11=0000000000000002
R12=0000000000000000 R13=000000007f5ec018 R14=0000000000000000 R15=000000007fe91f20
RIP=000000007eb3cf04 RFL=00000202 [-------] CPL=0 II=0 A20=1 SMM=0 HLT=0
ES =0030 0000000000000000 ffffffff 00cf9300 DPL=0 DS   [-WA]
CS =0038 0000000000000000 ffffffff 00af9a00 DPL=0 CS64 [-R-]
SS =0030 0000000000000000 ffffffff 00cf9300 DPL=0 DS   [-WA]
DS =0030 0000000000000000 ffffffff 00cf9300 DPL=0 DS   [-WA]
FS =0030 0000000000000000 ffffffff 00cf9300 DPL=0 DS   [-WA]
GS =0030 0000000000000000 ffffffff 00cf9300 DPL=0 DS   [-WA]
LDT=0000 0000000000000000 0000ffff 00008200 DPL=0 LDT
TR =0048 000000007f5da058 00000067 00008900 DPL=0 TSS64-avl
GDT=     000000007f5da000 00000057
IDT=     000000007bb7af58 00000fff
CR0=80010033 CR2=0000000000000000 CR3=000000007f801000 CR4=00000668
DR0=0000000000000000 DR1=0000000000000000 DR2=0000000000000000 DR3=0000000000000000 
DR6=00000000ffff0ff0 DR7=0000000000000400
CCS=0000000000000000 CCD=000000000000be3b CCO=EFLAGS
EFER=0000000000000d00
Servicing hardware INT=0x20
   487: v=20 e=0000 i=0 cpl=0 IP=0038:000000007eb3cf04 pc=000000007eb3cf04 SP=0030:000000007fe694e0 env->regs[R_EAX]=00000000000026d0
RAX=00000000000026d0 RBX=00000000006d4e4e RCX=0000000000000608 RDX=00000000006d277e
RSI=000000000000c350 RDI=000000000002bb21 RBP=000000007fe694f0 RSP=000000007fe694e0
R8 =000000007fe6958c R9 =0000000000000000 R10=0000000000000000 R11=0000000000000002
R12=0000000000000000 R13=000000007f5ec018 R14=0000000000000000 R15=000000007fe91f20
RIP=000000007eb3cf04 RFL=00000202 [-------] CPL=0 II=0 A20=1 SMM=0 HLT=0
ES =0030 0000000000000000 ffffffff 00cf9300 DPL=0 DS   [-WA]
CS =0038 0000000000000000 ffffffff 00af9a00 DPL=0 CS64 [-R-]
SS =0030 0000000000000000 ffffffff 00cf9300 DPL=0 DS   [-WA]
DS =0030 0000000000000000 ffffffff 00cf9300 DPL=0 DS   [-WA]
FS =0030 0000000000000000 ffffffff 00cf9300 DPL=0 DS   [-WA]
GS =0030 0000000000000000 ffffffff 00cf9300 DPL=0 DS   [-WA]
LDT=0000 0000000000000000 0000ffff 00008200 DPL=0 LDT
TR =0048 000000007f5da058 00000067 00008900 DPL=0 TSS64-avl
GDT=     000000007f5da000 00000057
IDT=     000000007bb7af58 00000fff
CR0=80010033 CR2=0000000000000000 CR3=000000007f801000 CR4=00000668
DR0=0000000000000000 DR1=0000000000000000 DR2=0000000000000000 DR3=0000000000000000 
DR6=00000000ffff0ff0 DR7=0000000000000400
CCS=0000000000000000 CCD=00000000000026d0 CCO=EFLAGS
EFER=0000000000000d00
Servicing hardware INT=0x20
   488: v=20 e=0000 i=0 cpl=0 IP=0038:000000007de57ea1 pc=000000007de57ea1 SP=0030:000000007fe69560 env->regs[R_EAX]=0000000000000000
RAX=0000000000000000 RBX=00f0d3d3b8b42da0 RCX=0000000000000000 RDX=00000000800702b0
RSI=0000000000000000 RDI=0000000080000000 RBP=000000007fe695a0 RSP=000000007fe69560
R8 =0000000000000000 R9 =0000000000000000 R10=0000000000000000 R11=0000000000000002
R12=000000007e6d9598 R13=000000007f5ec018 R14=0000000000000000 R15=000000007fe91f20
RIP=000000007de57ea1 RFL=00000202 [-------] CPL=0 II=0 A20=1 SMM=0 HLT=0
ES =0030 0000000000000000 ffffffff 00cf9300 DPL=0 DS   [-WA]
CS =0038 0000000000000000 ffffffff 00af9a00 DPL=0 CS64 [-R-]
SS =0030 0000000000000000 ffffffff 00cf9300 DPL=0 DS   [-WA]
DS =0030 0000000000000000 ffffffff 00cf9300 DPL=0 DS   [-WA]
FS =0030 0000000000000000 ffffffff 00cf9300 DPL=0 DS   [-WA]
GS =0030 0000000000000000 ffffffff 00cf9300 DPL=0 DS   [-WA]
LDT=0000 0000000000000000 0000ffff 00008200 DPL=0 LDT
TR =0048 000000007f5da058 00000067 00008900 DPL=0 TSS64-avl
GDT=     000000007f5da000 00000057
IDT=     000000007bb7af58 00000fff
CR0=80010033 CR2=0000000000000000 CR3=000000007f801000 CR4=00000668
DR0=0000000000000000 DR1=0000000000000000 DR2=0000000000000000 DR3=0000000000000000 
DR6=00000000ffff0ff0 DR7=0000000000000400
CCS=0000000000000000 CCD=00000000800702b0 CCO=EFLAGS
EFER=0000000000000d00
Servicing hardware INT=0x20
   489: v=20 e=0000 i=0 cpl=0 IP=0038:000000007de57e0f pc=000000007de57e0f SP=0030:000000007fe69560 env->regs[R_EAX]=00000000000000bc
RAX=00000000000000bc RBX=00f0d3d3b8b42da0 RCX=0000000000000000 RDX=0000000080101fec
RSI=0000000000000000 RDI=0000000080000000 RBP=000000007fe695a0 RSP=000000007fe69560
R8 =0000000000000000 R9 =0000000000000000 R10=0000000000000000 R11=0000000000000002
R12=000000007e6d9598 R13=000000007f5ec018 R14=0000000000000000 R15=000000007fe91f20
RIP=000000007de57e0f RFL=00000287 [--S--PC] CPL=0 II=0 A20=1 SMM=0 HLT=0
ES =0030 0000000000000000 ffffffff 00cf9300 DPL=0 DS   [-WA]
CS =0038 0000000000000000 ffffffff 00af9a00 DPL=0 CS64 [-R-]
SS =0030 0000000000000000 ffffffff 00cf9300 DPL=0 DS   [-WA]
DS =0030 0000000000000000 ffffffff 00cf9300 DPL=0 DS   [-WA]
FS =0030 0000000000000000 ffffffff 00cf9300 DPL=0 DS   [-WA]
GS =0030 0000000000000000 ffffffff 00cf9300 DPL=0 DS   [-WA]
LDT=0000 0000000000000000 0000ffff 00008200 DPL=0 LDT
TR =0048 000000007f5da058 00000067 00008900 DPL=0 TSS64-avl
GDT=     000000007f5da000 00000057
IDT=     000000007bb7af58 00000fff
CR0=80010033 CR2=0000000000000000 CR3=000000007f801000 CR4=00000668
DR0=0000000000000000 DR1=0000000000000000 DR2=0000000000000000 DR3=0000000000000000 
DR6=00000000ffff0ff0 DR7=0000000000000400
CCS=0000000000000085 CCD=fffffffffffffd9c CCO=EFLAGS
EFER=0000000000000d00
Servicing hardware INT=0x20
   490: v=20 e=0000 i=0 cpl=0 IP=0038:000000007de57ea1 pc=000000007de57ea1 SP=0030:000000007fe69560 env->regs[R_EAX]=0000000000000000
RAX=0000000000000000 RBX=00f0d3d3b8b42da0 RCX=0000000000000000 RDX=000000008019ac14
RSI=0000000000000000 RDI=0000000080000000 RBP=000000007fe695a0 RSP=000000007fe69560
R8 =0000000000000000 R9 =0000000000000000 R10=0000000000000000 R11=0000000000000002
R12=000000007e6d9598 R13=000000007f5ec018 R14=0000000000000000 R15=000000007fe91f20
RIP=000000007de57ea1 RFL=00000206 [-----P-] CPL=0 II=0 A20=1 SMM=0 HLT=0
ES =0030 0000000000000000 ffffffff 00cf9300 DPL=0 DS   [-WA]
CS =0038 0000000000000000 ffffffff 00af9a00 DPL=0 CS64 [-R-]
SS =0030 0000000000000000 ffffffff 00cf9300 DPL=0 DS   [-WA]
DS =0030 0000000000000000 ffffffff 00cf9300 DPL=0 DS   [-WA]
FS =0030 0000000000000000 ffffffff 00cf9300 DPL=0 DS   [-WA]
GS =0030 0000000000000000 ffffffff 00cf9300 DPL=0 DS   [-WA]
LDT=0000 0000000000000000 0000ffff 00008200 DPL=0 LDT
TR =0048 000000007f5da058 00000067 00008900 DPL=0 TSS64-avl
GDT=     000000007f5da000 00000057
IDT=     000000007bb7af58 00000fff
CR0=80010033 CR2=0000000000000000 CR3=000000007f801000 CR4=00000668
DR0=0000000000000000 DR1=0000000000000000 DR2=0000000000000000 DR3=0000000000000000 
DR6=00000000ffff0ff0 DR7=0000000000000400
CCS=0000000000000004 CCD=000000008019ac14 CCO=EFLAGS
EFER=0000000000000d00
Servicing hardware INT=0x20
   491: v=20 e=0000 i=0 cpl=0 IP=0038:000000007eb3cf04 pc=000000007eb3cf04 SP=0030:000000007fe694e0 env->regs[R_EAX]=000000000002553a
RAX=000000000002553a RBX=000000000071b0ac RCX=0000000000000608 RDX=00000000006f5b72
RSI=000000000000c350 RDI=000000000002bb21 RBP=000000007fe694f0 RSP=000000007fe694e0
R8 =000000007fe6958c R9 =0000000000000000 R10=0000000000000000 R11=0000000000000002
R12=0000000000000000 R13=000000007f5ec018 R14=0000000000000000 R15=000000007fe91f20
RIP=000000007eb3cf04 RFL=00000206 [-----P-] CPL=0 II=0 A20=1 SMM=0 HLT=0
ES =0030 0000000000000000 ffffffff 00cf9300 DPL=0 DS   [-WA]
CS =0038 0000000000000000 ffffffff 00af9a00 DPL=0 CS64 [-R-]
SS =0030 0000000000000000 ffffffff 00cf9300 DPL=0 DS   [-WA]
DS =0030 0000000000000000 ffffffff 00cf9300 DPL=0 DS   [-WA]
FS =0030 0000000000000000 ffffffff 00cf9300 DPL=0 DS   [-WA]
GS =0030 0000000000000000 ffffffff 00cf9300 DPL=0 DS   [-WA]
LDT=0000 0000000000000000 0000ffff 00008200 DPL=0 LDT
TR =0048 000000007f5da058 00000067 00008900 DPL=0 TSS64-avl
GDT=     000000007f5da000 00000057
IDT=     000000007bb7af58 00000fff
CR0=80010033 CR2=0000000000000000 CR3=000000007f801000 CR4=00000668
DR0=0000000000000000 DR1=0000000000000000 DR2=0000000000000000 DR3=0000000000000000 
DR6=00000000ffff0ff0 DR7=0000000000000400
CCS=0000000000000004 CCD=000000000002553a CCO=EFLAGS
EFER=0000000000000d00
Servicing hardware INT=0x20
   492: v=20 e=0000 i=0 cpl=0 IP=0038:000000007eb3cf04 pc=000000007eb3cf04 SP=0030:000000007fe694e0 env->regs[R_EAX]=000000000001d767
RAX=000000000001d767 RBX=000000000071b0ac RCX=0000000000000608 RDX=00000000006fd945
RSI=000000000000c350 RDI=000000000002bb21 RBP=000000007fe694f0 RSP=000000007fe694e0
R8 =000000007fe6958c R9 =0000000000000000 R10=0000000000000000 R11=0000000000000002
R12=0000000000000000 R13=000000007f5ec018 R14=0000000000000000 R15=000000007fe91f20
RIP=000000007eb3cf04 RFL=00000202 [-------] CPL=0 II=0 A20=1 SMM=0 HLT=0
ES =0030 0000000000000000 ffffffff 00cf9300 DPL=0 DS   [-WA]
CS =0038 0000000000000000 ffffffff 00af9a00 DPL=0 CS64 [-R-]
SS =0030 0000000000000000 ffffffff 00cf9300 DPL=0 DS   [-WA]
DS =0030 0000000000000000 ffffffff 00cf9300 DPL=0 DS   [-WA]
FS =0030 0000000000000000 ffffffff 00cf9300 DPL=0 DS   [-WA]
GS =0030 0000000000000000 ffffffff 00cf9300 DPL=0 DS   [-WA]
LDT=0000 0000000000000000 0000ffff 00008200 DPL=0 LDT
TR =0048 000000007f5da058 00000067 00008900 DPL=0 TSS64-avl
GDT=     000000007f5da000 00000057
IDT=     000000007bb7af58 00000fff
CR0=80010033 CR2=0000000000000000 CR3=000000007f801000 CR4=00000668
DR0=0000000000000000 DR1=0000000000000000 DR2=0000000000000000 DR3=0000000000000000 
DR6=00000000ffff0ff0 DR7=0000000000000400
CCS=0000000000000000 CCD=000000000001d767 CCO=EFLAGS
EFER=0000000000000d00
Servicing hardware INT=0x20
   493: v=20 e=0000 i=0 cpl=0 IP=0038:000000007eb3cf04 pc=000000007eb3cf04 SP=0030:000000007fe694e0 env->regs[R_EAX]=0000000000013d5f
RAX=0000000000013d5f RBX=000000000071b0ac RCX=0000000000000608 RDX=000000000070734d
RSI=000000000000c350 RDI=000000000002bb21 RBP=000000007fe694f0 RSP=000000007fe694e0
R8 =000000007fe6958c R9 =0000000000000000 R10=0000000000000000 R11=0000000000000002
R12=0000000000000000 R13=000000007f5ec018 R14=0000000000000000 R15=000000007fe91f20
RIP=000000007eb3cf04 RFL=00000206 [-----P-] CPL=0 II=0 A20=1 SMM=0 HLT=0
ES =0030 0000000000000000 ffffffff 00cf9300 DPL=0 DS   [-WA]
CS =0038 0000000000000000 ffffffff 00af9a00 DPL=0 CS64 [-R-]
SS =0030 0000000000000000 ffffffff 00cf9300 DPL=0 DS   [-WA]
DS =0030 0000000000000000 ffffffff 00cf9300 DPL=0 DS   [-WA]
FS =0030 0000000000000000 ffffffff 00cf9300 DPL=0 DS   [-WA]
GS =0030 0000000000000000 ffffffff 00cf9300 DPL=0 DS   [-WA]
LDT=0000 0000000000000000 0000ffff 00008200 DPL=0 LDT
TR =0048 000000007f5da058 00000067 00008900 DPL=0 TSS64-avl
GDT=     000000007f5da000 00000057
IDT=     000000007bb7af58 00000fff
CR0=80010033 CR2=0000000000000000 CR3=000000007f801000 CR4=00000668
DR0=0000000000000000 DR1=0000000000000000 DR2=0000000000000000 DR3=0000000000000000 
DR6=00000000ffff0ff0 DR7=0000000000000400
CCS=0000000000000004 CCD=0000000000013d5f CCO=EFLAGS
EFER=0000000000000d00
Servicing hardware INT=0x20
   494: v=20 e=0000 i=0 cpl=0 IP=0038:000000007eb3cf04 pc=000000007eb3cf04 SP=0030:000000007fe694e0 env->regs[R_EAX]=000000000000bfc1
RAX=000000000000bfc1 RBX=000000000071b0ac RCX=0000000000000608 RDX=000000000070f0eb
RSI=000000000000c350 RDI=000000000002bb21 RBP=000000007fe694f0 RSP=000000007fe694e0
R8 =000000007fe6958c R9 =0000000000000000 R10=0000000000000000 R11=0000000000000002
R12=0000000000000000 R13=000000007f5ec018 R14=0000000000000000 R15=000000007fe91f20
RIP=000000007eb3cf04 RFL=00000202 [-------] CPL=0 II=0 A20=1 SMM=0 HLT=0
ES =0030 0000000000000000 ffffffff 00cf9300 DPL=0 DS   [-WA]
CS =0038 0000000000000000 ffffffff 00af9a00 DPL=0 CS64 [-R-]
SS =0030 0000000000000000 ffffffff 00cf9300 DPL=0 DS   [-WA]
DS =0030 0000000000000000 ffffffff 00cf9300 DPL=0 DS   [-WA]
FS =0030 0000000000000000 ffffffff 00cf9300 DPL=0 DS   [-WA]
GS =0030 0000000000000000 ffffffff 00cf9300 DPL=0 DS   [-WA]
LDT=0000 0000000000000000 0000ffff 00008200 DPL=0 LDT
TR =0048 000000007f5da058 00000067 00008900 DPL=0 TSS64-avl
GDT=     000000007f5da000 00000057
IDT=     000000007bb7af58 00000fff
CR0=80010033 CR2=0000000000000000 CR3=000000007f801000 CR4=00000668
DR0=0000000000000000 DR1=0000000000000000 DR2=0000000000000000 DR3=0000000000000000 
DR6=00000000ffff0ff0 DR7=0000000000000400
CCS=0000000000000000 CCD=000000000000bfc1 CCO=EFLAGS
EFER=0000000000000d00
Servicing hardware INT=0x20
   495: v=20 e=0000 i=0 cpl=0 IP=0038:000000007eb3cf04 pc=000000007eb3cf04 SP=0030:000000007fe694e0 env->regs[R_EAX]=00000000000033ef
RAX=00000000000033ef RBX=000000000071b0ac RCX=0000000000000608 RDX=0000000000717cbd
RSI=000000000000c350 RDI=000000000002bb21 RBP=000000007fe694f0 RSP=000000007fe694e0
R8 =000000007fe6958c R9 =0000000000000000 R10=0000000000000000 R11=0000000000000002
R12=0000000000000000 R13=000000007f5ec018 R14=0000000000000000 R15=000000007fe91f20
RIP=000000007eb3cf04 RFL=00000202 [-------] CPL=0 II=0 A20=1 SMM=0 HLT=0
ES =0030 0000000000000000 ffffffff 00cf9300 DPL=0 DS   [-WA]
CS =0038 0000000000000000 ffffffff 00af9a00 DPL=0 CS64 [-R-]
SS =0030 0000000000000000 ffffffff 00cf9300 DPL=0 DS   [-WA]
DS =0030 0000000000000000 ffffffff 00cf9300 DPL=0 DS   [-WA]
FS =0030 0000000000000000 ffffffff 00cf9300 DPL=0 DS   [-WA]
GS =0030 0000000000000000 ffffffff 00cf9300 DPL=0 DS   [-WA]
LDT=0000 0000000000000000 0000ffff 00008200 DPL=0 LDT
TR =0048 000000007f5da058 00000067 00008900 DPL=0 TSS64-avl
GDT=     000000007f5da000 00000057
IDT=     000000007bb7af58 00000fff
CR0=80010033 CR2=0000000000000000 CR3=000000007f801000 CR4=00000668
DR0=0000000000000000 DR1=0000000000000000 DR2=0000000000000000 DR3=0000000000000000 
DR6=00000000ffff0ff0 DR7=0000000000000400
CCS=0000000000000000 CCD=00000000000033ef CCO=EFLAGS
EFER=0000000000000d00
Servicing hardware INT=0x20
   496: v=20 e=0000 i=0 cpl=0 IP=0038:000000007de57d6d pc=000000007de57d6d SP=0030:000000007fe69558 env->regs[R_EAX]=0000000080000000
RAX=0000000080000000 RBX=00f0d3d3b8b42da0 RCX=000000000000009a RDX=000000000000013d
RSI=0000000000000320 RDI=0000000080000000 RBP=000000007fe695a0 RSP=000000007fe69558
R8 =00000000000000ff R9 =00000000000000ff R10=00000000000000ff R11=0000000000000002
R12=000000007e6d9598 R13=000000007f5ec018 R14=0000000000000000 R15=000000007fe91f20
RIP=000000007de57d6d RFL=00000207 [-----PC] CPL=0 II=0 A20=1 SMM=0 HLT=0
ES =0030 0000000000000000 ffffffff 00cf9300 DPL=0 DS   [-WA]
CS =0038 0000000000000000 ffffffff 00af9a00 DPL=0 CS64 [-R-]
SS =0030 0000000000000000 ffffffff 00cf9300 DPL=0 DS   [-WA]
DS =0030 0000000000000000 ffffffff 00cf9300 DPL=0 DS   [-WA]
FS =0030 0000000000000000 ffffffff 00cf9300 DPL=0 DS   [-WA]
GS =0030 0000000000000000 ffffffff 00cf9300 DPL=0 DS   [-WA]
LDT=0000 0000000000000000 0000ffff 00008200 DPL=0 LDT
TR =0048 000000007f5da058 00000067 00008900 DPL=0 TSS64-avl
GDT=     000000007f5da000 00000057
IDT=     000000007bb7af58 00000fff
CR0=80010033 CR2=0000000000000000 CR3=000000007f801000 CR4=00000668
DR0=0000000000000000 DR1=0000000000000000 DR2=0000000000000000 DR3=0000000000000000 
DR6=00000000ffff0ff0 DR7=0000000000000400
CCS=0000000000000005 CCD=00000000000000ff CCO=EFLAGS
EFER=0000000000000d00
Servicing hardware INT=0x20
   497: v=20 e=0000 i=0 cpl=0 IP=0038:000000007de57d6d pc=000000007de57d6d SP=0030:000000007fe69558 env->regs[R_EAX]=0000000080000000
RAX=0000000080000000 RBX=00f0d3d3b8b42da0 RCX=0000000000000185 RDX=00000000000002dc
RSI=0000000000000320 RDI=0000000080000000 RBP=000000007fe695a0 RSP=000000007fe69558
R8 =0000000000000000 R9 =0000000000000000 R10=0000000000000000 R11=0000000000000002
R12=000000007e6d9598 R13=000000007f5ec018 R14=0000000000000000 R15=000000007fe91f20
RIP=000000007de57d6d RFL=00000246 [---Z-P-] CPL=0 II=0 A20=1 SMM=0 HLT=0
ES =0030 0000000000000000 ffffffff 00cf9300 DPL=0 DS   [-WA]
CS =0038 0000000000000000 ffffffff 00af9a00 DPL=0 CS64 [-R-]
SS =0030 0000000000000000 ffffffff 00cf9300 DPL=0 DS   [-WA]
DS =0030 0000000000000000 ffffffff 00cf9300 DPL=0 DS   [-WA]
FS =0030 0000000000000000 ffffffff 00cf9300 DPL=0 DS   [-WA]
GS =0030 0000000000000000 ffffffff 00cf9300 DPL=0 DS   [-WA]
LDT=0000 0000000000000000 0000ffff 00008200 DPL=0 LDT
TR =0048 000000007f5da058 00000067 00008900 DPL=0 TSS64-avl
GDT=     000000007f5da000 00000057
IDT=     000000007bb7af58 00000fff
CR0=80010033 CR2=0000000000000000 CR3=000000007f801000 CR4=00000668
DR0=0000000000000000 DR1=0000000000000000 DR2=0000000000000000 DR3=0000000000000000 
DR6=00000000ffff0ff0 DR7=0000000000000400
CCS=0000000000000044 CCD=0000000000000000 CCO=EFLAGS
EFER=0000000000000d00
Servicing hardware INT=0x20
   498: v=20 e=0000 i=0 cpl=0 IP=0038:000000007de57d6d pc=000000007de57d6d SP=0030:000000007fe69558 env->regs[R_EAX]=0000000080000000
RAX=0000000080000000 RBX=00f0d3d3b8b42da0 RCX=0000000000000224 RDX=00000000000000b6
RSI=0000000000000320 RDI=0000000080000000 RBP=000000007fe695a0 RSP=000000007fe69558
R8 =0000000000000000 R9 =0000000000000000 R10=0000000000000000 R11=0000000000000002
R12=000000007e6d9598 R13=000000007f5ec018 R14=0000000000000000 R15=000000007fe91f20
RIP=000000007de57d6d RFL=00000246 [---Z-P-] CPL=0 II=0 A20=1 SMM=0 HLT=0
ES =0030 0000000000000000 ffffffff 00cf9300 DPL=0 DS   [-WA]
CS =0038 0000000000000000 ffffffff 00af9a00 DPL=0 CS64 [-R-]
SS =0030 0000000000000000 ffffffff 00cf9300 DPL=0 DS   [-WA]
DS =0030 0000000000000000 ffffffff 00cf9300 DPL=0 DS   [-WA]
FS =0030 0000000000000000 ffffffff 00cf9300 DPL=0 DS   [-WA]
GS =0030 0000000000000000 ffffffff 00cf9300 DPL=0 DS   [-WA]
LDT=0000 0000000000000000 0000ffff 00008200 DPL=0 LDT
TR =0048 000000007f5da058 00000067 00008900 DPL=0 TSS64-avl
GDT=     000000007f5da000 00000057
IDT=     000000007bb7af58 00000fff
CR0=80010033 CR2=0000000000000000 CR3=000000007f801000 CR4=00000668
DR0=0000000000000000 DR1=0000000000000000 DR2=0000000000000000 DR3=0000000000000000 
DR6=00000000ffff0ff0 DR7=0000000000000400
CCS=0000000000000044 CCD=0000000000000000 CCO=EFLAGS
EFER=0000000000000d00
Servicing hardware INT=0x20
   499: v=20 e=0000 i=0 cpl=0 IP=0038:000000007eb3cf04 pc=000000007eb3cf04 SP=0030:000000007fe694e0 env->regs[R_EAX]=000000000002654e
RAX=000000000002654e RBX=0000000000761159 RCX=0000000000000608 RDX=000000000073ac0b
RSI=000000000000c350 RDI=000000000002bb21 RBP=000000007fe694f0 RSP=000000007fe694e0
R8 =000000007fe6958c R9 =0000000000000000 R10=0000000000000000 R11=0000000000000002
R12=0000000000000000 R13=000000007f5ec018 R14=0000000000000000 R15=000000007fe91f20
RIP=000000007eb3cf04 RFL=00000206 [-----P-] CPL=0 II=0 A20=1 SMM=0 HLT=0
ES =0030 0000000000000000 ffffffff 00cf9300 DPL=0 DS   [-WA]
CS =0038 0000000000000000 ffffffff 00af9a00 DPL=0 CS64 [-R-]
SS =0030 0000000000000000 ffffffff 00cf9300 DPL=0 DS   [-WA]
DS =0030 0000000000000000 ffffffff 00cf9300 DPL=0 DS   [-WA]
FS =0030 0000000000000000 ffffffff 00cf9300 DPL=0 DS   [-WA]
GS =0030 0000000000000000 ffffffff 00cf9300 DPL=0 DS   [-WA]
LDT=0000 0000000000000000 0000ffff 00008200 DPL=0 LDT
TR =0048 000000007f5da058 00000067 00008900 DPL=0 TSS64-avl
GDT=     000000007f5da000 00000057
IDT=     000000007bb7af58 00000fff
CR0=80010033 CR2=0000000000000000 CR3=000000007f801000 CR4=00000668
DR0=0000000000000000 DR1=0000000000000000 DR2=0000000000000000 DR3=0000000000000000 
DR6=00000000ffff0ff0 DR7=0000000000000400
CCS=0000000000000004 CCD=000000000002654e CCO=EFLAGS
EFER=0000000000000d00
Servicing hardware INT=0x20
   500: v=20 e=0000 i=0 cpl=0 IP=0038:000000007eb3cf04 pc=000000007eb3cf04 SP=0030:000000007fe694e0 env->regs[R_EAX]=000000000001d97b
RAX=000000000001d97b RBX=0000000000761159 RCX=0000000000000608 RDX=00000000007437de
RSI=000000000000c350 RDI=000000000002bb21 RBP=000000007fe694f0 RSP=000000007fe694e0
R8 =000000007fe6958c R9 =0000000000000000 R10=0000000000000000 R11=0000000000000002
R12=0000000000000000 R13=000000007f5ec018 R14=0000000000000000 R15=000000007fe91f20
RIP=000000007eb3cf04 RFL=00000206 [-----P-] CPL=0 II=0 A20=1 SMM=0 HLT=0
ES =0030 0000000000000000 ffffffff 00cf9300 DPL=0 DS   [-WA]
CS =0038 0000000000000000 ffffffff 00af9a00 DPL=0 CS64 [-R-]
SS =0030 0000000000000000 ffffffff 00cf9300 DPL=0 DS   [-WA]
DS =0030 0000000000000000 ffffffff 00cf9300 DPL=0 DS   [-WA]
FS =0030 0000000000000000 ffffffff 00cf9300 DPL=0 DS   [-WA]
GS =0030 0000000000000000 ffffffff 00cf9300 DPL=0 DS   [-WA]
LDT=0000 0000000000000000 0000ffff 00008200 DPL=0 LDT
TR =0048 000000007f5da058 00000067 00008900 DPL=0 TSS64-avl
GDT=     000000007f5da000 00000057
IDT=     000000007bb7af58 00000fff
CR0=80010033 CR2=0000000000000000 CR3=000000007f801000 CR4=00000668
DR0=0000000000000000 DR1=0000000000000000 DR2=0000000000000000 DR3=0000000000000000 
DR6=00000000ffff0ff0 DR7=0000000000000400
CCS=0000000000000004 CCD=000000000001d97b CCO=EFLAGS
EFER=0000000000000d00
Servicing hardware INT=0x20
   501: v=20 e=0000 i=0 cpl=0 IP=0038:000000007eb3cf04 pc=000000007eb3cf04 SP=0030:000000007fe694e0 env->regs[R_EAX]=0000000000014d3a
RAX=0000000000014d3a RBX=0000000000761159 RCX=0000000000000608 RDX=000000000074c41f
RSI=000000000000c350 RDI=000000000002bb21 RBP=000000007fe694f0 RSP=000000007fe694e0
R8 =000000007fe6958c R9 =0000000000000000 R10=0000000000000000 R11=0000000000000002
R12=0000000000000000 R13=000000007f5ec018 R14=0000000000000000 R15=000000007fe91f20
RIP=000000007eb3cf04 RFL=00000206 [-----P-] CPL=0 II=0 A20=1 SMM=0 HLT=0
ES =0030 0000000000000000 ffffffff 00cf9300 DPL=0 DS   [-WA]
CS =0038 0000000000000000 ffffffff 00af9a00 DPL=0 CS64 [-R-]
SS =0030 0000000000000000 ffffffff 00cf9300 DPL=0 DS   [-WA]
DS =0030 0000000000000000 ffffffff 00cf9300 DPL=0 DS   [-WA]
FS =0030 0000000000000000 ffffffff 00cf9300 DPL=0 DS   [-WA]
GS =0030 0000000000000000 ffffffff 00cf9300 DPL=0 DS   [-WA]
LDT=0000 0000000000000000 0000ffff 00008200 DPL=0 LDT
TR =0048 000000007f5da058 00000067 00008900 DPL=0 TSS64-avl
GDT=     000000007f5da000 00000057
IDT=     000000007bb7af58 00000fff
CR0=80010033 CR2=0000000000000000 CR3=000000007f801000 CR4=00000668
DR0=0000000000000000 DR1=0000000000000000 DR2=0000000000000000 DR3=0000000000000000 
DR6=00000000ffff0ff0 DR7=0000000000000400
CCS=0000000000000004 CCD=0000000000014d3a CCO=EFLAGS
EFER=0000000000000d00
Servicing hardware INT=0x20
   502: v=20 e=0000 i=0 cpl=0 IP=0038:000000007eb3cf04 pc=000000007eb3cf04 SP=0030:000000007fe694e0 env->regs[R_EAX]=000000000000c1cf
RAX=000000000000c1cf RBX=0000000000761159 RCX=0000000000000608 RDX=0000000000754f8a
RSI=000000000000c350 RDI=000000000002bb21 RBP=000000007fe694f0 RSP=000000007fe694e0
R8 =000000007fe6958c R9 =0000000000000000 R10=0000000000000000 R11=0000000000000002
R12=0000000000000000 R13=000000007f5ec018 R14=0000000000000000 R15=000000007fe91f20
RIP=000000007eb3cf04 RFL=00000206 [-----P-] CPL=0 II=0 A20=1 SMM=0 HLT=0
ES =0030 0000000000000000 ffffffff 00cf9300 DPL=0 DS   [-WA]
CS =0038 0000000000000000 ffffffff 00af9a00 DPL=0 CS64 [-R-]
SS =0030 0000000000000000 ffffffff 00cf9300 DPL=0 DS   [-WA]
DS =0030 0000000000000000 ffffffff 00cf9300 DPL=0 DS   [-WA]
FS =0030 0000000000000000 ffffffff 00cf9300 DPL=0 DS   [-WA]
GS =0030 0000000000000000 ffffffff 00cf9300 DPL=0 DS   [-WA]
LDT=0000 0000000000000000 0000ffff 00008200 DPL=0 LDT
TR =0048 000000007f5da058 00000067 00008900 DPL=0 TSS64-avl
GDT=     000000007f5da000 00000057
IDT=     000000007bb7af58 00000fff
CR0=80010033 CR2=0000000000000000 CR3=000000007f801000 CR4=00000668
DR0=0000000000000000 DR1=0000000000000000 DR2=0000000000000000 DR3=0000000000000000 
DR6=00000000ffff0ff0 DR7=0000000000000400
CCS=0000000000000004 CCD=000000000000c1cf CCO=EFLAGS
EFER=0000000000000d00
Servicing hardware INT=0x20
   503: v=20 e=0000 i=0 cpl=0 IP=0038:000000007eb3cf04 pc=000000007eb3cf04 SP=0030:000000007fe694e0 env->regs[R_EAX]=0000000000002810
RAX=0000000000002810 RBX=0000000000761159 RCX=0000000000000608 RDX=000000000075e949
RSI=000000000000c350 RDI=000000000002bb21 RBP=000000007fe694f0 RSP=000000007fe694e0
R8 =000000007fe6958c R9 =0000000000000000 R10=0000000000000000 R11=0000000000000002
R12=0000000000000000 R13=000000007f5ec018 R14=0000000000000000 R15=000000007fe91f20
RIP=000000007eb3cf04 RFL=00000202 [-------] CPL=0 II=0 A20=1 SMM=0 HLT=0
ES =0030 0000000000000000 ffffffff 00cf9300 DPL=0 DS   [-WA]
CS =0038 0000000000000000 ffffffff 00af9a00 DPL=0 CS64 [-R-]
SS =0030 0000000000000000 ffffffff 00cf9300 DPL=0 DS   [-WA]
DS =0030 0000000000000000 ffffffff 00cf9300 DPL=0 DS   [-WA]
FS =0030 0000000000000000 ffffffff 00cf9300 DPL=0 DS   [-WA]
GS =0030 0000000000000000 ffffffff 00cf9300 DPL=0 DS   [-WA]
LDT=0000 0000000000000000 0000ffff 00008200 DPL=0 LDT
TR =0048 000000007f5da058 00000067 00008900 DPL=0 TSS64-avl
GDT=     000000007f5da000 00000057
IDT=     000000007bb7af58 00000fff
CR0=80010033 CR2=0000000000000000 CR3=000000007f801000 CR4=00000668
DR0=0000000000000000 DR1=0000000000000000 DR2=0000000000000000 DR3=0000000000000000 
DR6=00000000ffff0ff0 DR7=0000000000000400
CCS=0000000000000000 CCD=0000000000002810 CCO=EFLAGS
EFER=0000000000000d00
Servicing hardware INT=0x20
   504: v=20 e=0000 i=0 cpl=0 IP=0038:000000007de57d6d pc=000000007de57d6d SP=0030:000000007fe69558 env->regs[R_EAX]=0000000080000000
RAX=0000000080000000 RBX=00f0d3d3b8b42da0 RCX=0000000000000075 RDX=000000000000026d
RSI=0000000000000320 RDI=0000000080000000 RBP=000000007fe695a0 RSP=000000007fe69558
R8 =0000000000000000 R9 =0000000000000000 R10=0000000000000000 R11=0000000000000002
R12=000000007e6d9598 R13=000000007f5ec018 R14=0000000000000000 R15=000000007fe91f20
RIP=000000007de57d6d RFL=00000246 [---Z-P-] CPL=0 II=0 A20=1 SMM=0 HLT=0
ES =0030 0000000000000000 ffffffff 00cf9300 DPL=0 DS   [-WA]
CS =0038 0000000000000000 ffffffff 00af9a00 DPL=0 CS64 [-R-]
SS =0030 0000000000000000 ffffffff 00cf9300 DPL=0 DS   [-WA]
DS =0030 0000000000000000 ffffffff 00cf9300 DPL=0 DS   [-WA]
FS =0030 0000000000000000 ffffffff 00cf9300 DPL=0 DS   [-WA]
GS =0030 0000000000000000 ffffffff 00cf9300 DPL=0 DS   [-WA]
LDT=0000 0000000000000000 0000ffff 00008200 DPL=0 LDT
TR =0048 000000007f5da058 00000067 00008900 DPL=0 TSS64-avl
GDT=     000000007f5da000 00000057
IDT=     000000007bb7af58 00000fff
CR0=80010033 CR2=0000000000000000 CR3=000000007f801000 CR4=00000668
DR0=0000000000000000 DR1=0000000000000000 DR2=0000000000000000 DR3=0000000000000000 
DR6=00000000ffff0ff0 DR7=0000000000000400
CCS=0000000000000044 CCD=0000000000000000 CCO=EFLAGS
EFER=0000000000000d00
Servicing hardware INT=0x20
   505: v=20 e=0000 i=0 cpl=0 IP=0038:000000007de57d6d pc=000000007de57d6d SP=0030:000000007fe69558 env->regs[R_EAX]=0000000080000000
RAX=0000000080000000 RBX=00f0d3d3b8b42da0 RCX=0000000000000126 RDX=00000000000001fe
RSI=0000000000000320 RDI=0000000080000000 RBP=000000007fe695a0 RSP=000000007fe69558
R8 =0000000000000000 R9 =0000000000000000 R10=0000000000000000 R11=0000000000000002
R12=000000007e6d9598 R13=000000007f5ec018 R14=0000000000000000 R15=000000007fe91f20
RIP=000000007de57d6d RFL=00000246 [---Z-P-] CPL=0 II=0 A20=1 SMM=0 HLT=0
ES =0030 0000000000000000 ffffffff 00cf9300 DPL=0 DS   [-WA]
CS =0038 0000000000000000 ffffffff 00af9a00 DPL=0 CS64 [-R-]
SS =0030 0000000000000000 ffffffff 00cf9300 DPL=0 DS   [-WA]
DS =0030 0000000000000000 ffffffff 00cf9300 DPL=0 DS   [-WA]
FS =0030 0000000000000000 ffffffff 00cf9300 DPL=0 DS   [-WA]
GS =0030 0000000000000000 ffffffff 00cf9300 DPL=0 DS   [-WA]
LDT=0000 0000000000000000 0000ffff 00008200 DPL=0 LDT
TR =0048 000000007f5da058 00000067 00008900 DPL=0 TSS64-avl
GDT=     000000007f5da000 00000057
IDT=     000000007bb7af58 00000fff
CR0=80010033 CR2=0000000000000000 CR3=000000007f801000 CR4=00000668
DR0=0000000000000000 DR1=0000000000000000 DR2=0000000000000000 DR3=0000000000000000 
DR6=00000000ffff0ff0 DR7=0000000000000400
CCS=0000000000000044 CCD=0000000000000000 CCO=EFLAGS
EFER=0000000000000d00
Servicing hardware INT=0x20
   506: v=20 e=0000 i=0 cpl=0 IP=0038:000000007de57d6d pc=000000007de57d6d SP=0030:000000007fe69558 env->regs[R_EAX]=0000000080000000
RAX=0000000080000000 RBX=00f0d3d3b8b42da0 RCX=00000000000001f3 RDX=00000000000001b2
RSI=0000000000000320 RDI=0000000080000000 RBP=000000007fe695a0 RSP=000000007fe69558
R8 =0000000000000000 R9 =0000000000000000 R10=0000000000000000 R11=0000000000000002
R12=000000007e6d9598 R13=000000007f5ec018 R14=0000000000000000 R15=000000007fe91f20
RIP=000000007de57d6d RFL=00000246 [---Z-P-] CPL=0 II=0 A20=1 SMM=0 HLT=0
ES =0030 0000000000000000 ffffffff 00cf9300 DPL=0 DS   [-WA]
CS =0038 0000000000000000 ffffffff 00af9a00 DPL=0 CS64 [-R-]
SS =0030 0000000000000000 ffffffff 00cf9300 DPL=0 DS   [-WA]
DS =0030 0000000000000000 ffffffff 00cf9300 DPL=0 DS   [-WA]
FS =0030 0000000000000000 ffffffff 00cf9300 DPL=0 DS   [-WA]
GS =0030 0000000000000000 ffffffff 00cf9300 DPL=0 DS   [-WA]
LDT=0000 0000000000000000 0000ffff 00008200 DPL=0 LDT
TR =0048 000000007f5da058 00000067 00008900 DPL=0 TSS64-avl
GDT=     000000007f5da000 00000057
IDT=     000000007bb7af58 00000fff
CR0=80010033 CR2=0000000000000000 CR3=000000007f801000 CR4=00000668
DR0=0000000000000000 DR1=0000000000000000 DR2=0000000000000000 DR3=0000000000000000 
DR6=00000000ffff0ff0 DR7=0000000000000400
CCS=0000000000000044 CCD=0000000000000000 CCO=EFLAGS
EFER=0000000000000d00
Servicing hardware INT=0x20
   507: v=20 e=0000 i=0 cpl=0 IP=0038:000000007eb3cf04 pc=000000007eb3cf04 SP=0030:000000007fe694e0 env->regs[R_EAX]=0000000000027b2b
RAX=0000000000027b2b RBX=00000000007a85d1 RCX=0000000000000608 RDX=0000000000780aa6
RSI=000000000000c350 RDI=000000000002bb21 RBP=000000007fe694f0 RSP=000000007fe694e0
R8 =000000007fe6958c R9 =0000000000000000 R10=0000000000000000 R11=0000000000000002
R12=0000000000000000 R13=000000007f5ec018 R14=0000000000000000 R15=000000007fe91f20
RIP=000000007eb3cf04 RFL=00000206 [-----P-] CPL=0 II=0 A20=1 SMM=0 HLT=0
ES =0030 0000000000000000 ffffffff 00cf9300 DPL=0 DS   [-WA]
CS =0038 0000000000000000 ffffffff 00af9a00 DPL=0 CS64 [-R-]
SS =0030 0000000000000000 ffffffff 00cf9300 DPL=0 DS   [-WA]
DS =0030 0000000000000000 ffffffff 00cf9300 DPL=0 DS   [-WA]
FS =0030 0000000000000000 ffffffff 00cf9300 DPL=0 DS   [-WA]
GS =0030 0000000000000000 ffffffff 00cf9300 DPL=0 DS   [-WA]
LDT=0000 0000000000000000 0000ffff 00008200 DPL=0 LDT
TR =0048 000000007f5da058 00000067 00008900 DPL=0 TSS64-avl
GDT=     000000007f5da000 00000057
IDT=     000000007bb7af58 00000fff
CR0=80010033 CR2=0000000000000000 CR3=000000007f801000 CR4=00000668
DR0=0000000000000000 DR1=0000000000000000 DR2=0000000000000000 DR3=0000000000000000 
DR6=00000000ffff0ff0 DR7=0000000000000400
CCS=0000000000000004 CCD=0000000000027b2b CCO=EFLAGS
EFER=0000000000000d00
Servicing hardware INT=0x20
   508: v=20 e=0000 i=0 cpl=0 IP=0038:000000007eb3cf04 pc=000000007eb3cf04 SP=0030:000000007fe694e0 env->regs[R_EAX]=000000000001e132
RAX=000000000001e132 RBX=00000000007a85d1 RCX=0000000000000608 RDX=000000000078a49f
RSI=000000000000c350 RDI=000000000002bb21 RBP=000000007fe694f0 RSP=000000007fe694e0
R8 =000000007fe6958c R9 =0000000000000000 R10=0000000000000000 R11=0000000000000002
R12=0000000000000000 R13=000000007f5ec018 R14=0000000000000000 R15=000000007fe91f20
RIP=000000007eb3cf04 RFL=00000202 [-------] CPL=0 II=0 A20=1 SMM=0 HLT=0
ES =0030 0000000000000000 ffffffff 00cf9300 DPL=0 DS   [-WA]
CS =0038 0000000000000000 ffffffff 00af9a00 DPL=0 CS64 [-R-]
SS =0030 0000000000000000 ffffffff 00cf9300 DPL=0 DS   [-WA]
DS =0030 0000000000000000 ffffffff 00cf9300 DPL=0 DS   [-WA]
FS =0030 0000000000000000 ffffffff 00cf9300 DPL=0 DS   [-WA]
GS =0030 0000000000000000 ffffffff 00cf9300 DPL=0 DS   [-WA]
LDT=0000 0000000000000000 0000ffff 00008200 DPL=0 LDT
TR =0048 000000007f5da058 00000067 00008900 DPL=0 TSS64-avl
GDT=     000000007f5da000 00000057
IDT=     000000007bb7af58 00000fff
CR0=80010033 CR2=0000000000000000 CR3=000000007f801000 CR4=00000668
DR0=0000000000000000 DR1=0000000000000000 DR2=0000000000000000 DR3=0000000000000000 
DR6=00000000ffff0ff0 DR7=0000000000000400
CCS=0000000000000000 CCD=000000000001e132 CCO=EFLAGS
EFER=0000000000000d00
Servicing hardware INT=0x20
   509: v=20 e=0000 i=0 cpl=0 IP=0038:000000007eb3cf04 pc=000000007eb3cf04 SP=0030:000000007fe694e0 env->regs[R_EAX]=0000000000016317
RAX=0000000000016317 RBX=00000000007a85d1 RCX=0000000000000608 RDX=00000000007922ba
RSI=000000000000c350 RDI=000000000002bb21 RBP=000000007fe694f0 RSP=000000007fe694e0
R8 =000000007fe6958c R9 =0000000000000000 R10=0000000000000000 R11=0000000000000002
R12=0000000000000000 R13=000000007f5ec018 R14=0000000000000000 R15=000000007fe91f20
RIP=000000007eb3cf04 RFL=00000206 [-----P-] CPL=0 II=0 A20=1 SMM=0 HLT=0
ES =0030 0000000000000000 ffffffff 00cf9300 DPL=0 DS   [-WA]
CS =0038 0000000000000000 ffffffff 00af9a00 DPL=0 CS64 [-R-]
SS =0030 0000000000000000 ffffffff 00cf9300 DPL=0 DS   [-WA]
DS =0030 0000000000000000 ffffffff 00cf9300 DPL=0 DS   [-WA]
FS =0030 0000000000000000 ffffffff 00cf9300 DPL=0 DS   [-WA]
GS =0030 0000000000000000 ffffffff 00cf9300 DPL=0 DS   [-WA]
LDT=0000 0000000000000000 0000ffff 00008200 DPL=0 LDT
TR =0048 000000007f5da058 00000067 00008900 DPL=0 TSS64-avl
GDT=     000000007f5da000 00000057
IDT=     000000007bb7af58 00000fff
CR0=80010033 CR2=0000000000000000 CR3=000000007f801000 CR4=00000668
DR0=0000000000000000 DR1=0000000000000000 DR2=0000000000000000 DR3=0000000000000000 
DR6=00000000ffff0ff0 DR7=0000000000000400
CCS=0000000000000004 CCD=0000000000016317 CCO=EFLAGS
EFER=0000000000000d00
Servicing hardware INT=0x20
   510: v=20 e=0000 i=0 cpl=0 IP=0038:000000007eb3cf04 pc=000000007eb3cf04 SP=0030:000000007fe694e0 env->regs[R_EAX]=000000000000d72c
RAX=000000000000d72c RBX=00000000007a85d1 RCX=0000000000000608 RDX=000000000079aea5
RSI=000000000000c350 RDI=000000000002bb21 RBP=000000007fe694f0 RSP=000000007fe694e0
R8 =000000007fe6958c R9 =0000000000000000 R10=0000000000000000 R11=0000000000000002
R12=0000000000000000 R13=000000007f5ec018 R14=0000000000000000 R15=000000007fe91f20
RIP=000000007eb3cf04 RFL=00000202 [-------] CPL=0 II=0 A20=1 SMM=0 HLT=0
ES =0030 0000000000000000 ffffffff 00cf9300 DPL=0 DS   [-WA]
CS =0038 0000000000000000 ffffffff 00af9a00 DPL=0 CS64 [-R-]
SS =0030 0000000000000000 ffffffff 00cf9300 DPL=0 DS   [-WA]
DS =0030 0000000000000000 ffffffff 00cf9300 DPL=0 DS   [-WA]
FS =0030 0000000000000000 ffffffff 00cf9300 DPL=0 DS   [-WA]
GS =0030 0000000000000000 ffffffff 00cf9300 DPL=0 DS   [-WA]
LDT=0000 0000000000000000 0000ffff 00008200 DPL=0 LDT
TR =0048 000000007f5da058 00000067 00008900 DPL=0 TSS64-avl
GDT=     000000007f5da000 00000057
IDT=     000000007bb7af58 00000fff
CR0=80010033 CR2=0000000000000000 CR3=000000007f801000 CR4=00000668
DR0=0000000000000000 DR1=0000000000000000 DR2=0000000000000000 DR3=0000000000000000 
DR6=00000000ffff0ff0 DR7=0000000000000400
CCS=0000000000000000 CCD=000000000000d72c CCO=EFLAGS
EFER=0000000000000d00
Servicing hardware INT=0x20
   511: v=20 e=0000 i=0 cpl=0 IP=0038:000000007eb3cf04 pc=000000007eb3cf04 SP=0030:000000007fe694e0 env->regs[R_EAX]=0000000000003d3d
RAX=0000000000003d3d RBX=00000000007a85d1 RCX=0000000000000608 RDX=00000000007a4894
RSI=000000000000c350 RDI=000000000002bb21 RBP=000000007fe694f0 RSP=000000007fe694e0
R8 =000000007fe6958c R9 =0000000000000000 R10=0000000000000000 R11=0000000000000002
R12=0000000000000000 R13=000000007f5ec018 R14=0000000000000000 R15=000000007fe91f20
RIP=000000007eb3cf04 RFL=00000202 [-------] CPL=0 II=0 A20=1 SMM=0 HLT=0
ES =0030 0000000000000000 ffffffff 00cf9300 DPL=0 DS   [-WA]
CS =0038 0000000000000000 ffffffff 00af9a00 DPL=0 CS64 [-R-]
SS =0030 0000000000000000 ffffffff 00cf9300 DPL=0 DS   [-WA]
DS =0030 0000000000000000 ffffffff 00cf9300 DPL=0 DS   [-WA]
FS =0030 0000000000000000 ffffffff 00cf9300 DPL=0 DS   [-WA]
GS =0030 0000000000000000 ffffffff 00cf9300 DPL=0 DS   [-WA]
LDT=0000 0000000000000000 0000ffff 00008200 DPL=0 LDT
TR =0048 000000007f5da058 00000067 00008900 DPL=0 TSS64-avl
GDT=     000000007f5da000 00000057
IDT=     000000007bb7af58 00000fff
CR0=80010033 CR2=0000000000000000 CR3=000000007f801000 CR4=00000668
DR0=0000000000000000 DR1=0000000000000000 DR2=0000000000000000 DR3=0000000000000000 
DR6=00000000ffff0ff0 DR7=0000000000000400
CCS=0000000000000000 CCD=0000000000003d3d CCO=EFLAGS
EFER=0000000000000d00
Servicing hardware INT=0x20
   512: v=20 e=0000 i=0 cpl=0 IP=0038:000000007de57ea1 pc=000000007de57ea1 SP=0030:000000007fe69560 env->regs[R_EAX]=00000000ffffffff
RAX=00000000ffffffff RBX=00f0d3d3b8b42da0 RCX=00000000000000ff RDX=000000008004a580
RSI=00000000000000ff RDI=0000000080000000 RBP=000000007fe695a0 RSP=000000007fe69560
R8 =00000000000000ff R9 =00000000000000ff R10=00000000000000ff R11=0000000000000002
R12=000000007e6d9598 R13=000000007f5ec018 R14=0000000000000000 R15=000000007fe91f20
RIP=000000007de57ea1 RFL=00000202 [-------] CPL=0 II=0 A20=1 SMM=0 HLT=0
ES =0030 0000000000000000 ffffffff 00cf9300 DPL=0 DS   [-WA]
CS =0038 0000000000000000 ffffffff 00af9a00 DPL=0 CS64 [-R-]
SS =0030 0000000000000000 ffffffff 00cf9300 DPL=0 DS   [-WA]
DS =0030 0000000000000000 ffffffff 00cf9300 DPL=0 DS   [-WA]
FS =0030 0000000000000000 ffffffff 00cf9300 DPL=0 DS   [-WA]
GS =0030 0000000000000000 ffffffff 00cf9300 DPL=0 DS   [-WA]
LDT=0000 0000000000000000 0000ffff 00008200 DPL=0 LDT
TR =0048 000000007f5da058 00000067 00008900 DPL=0 TSS64-avl
GDT=     000000007f5da000 00000057
IDT=     000000007bb7af58 00000fff
CR0=80010033 CR2=0000000000000000 CR3=000000007f801000 CR4=00000668
DR0=0000000000000000 DR1=0000000000000000 DR2=0000000000000000 DR3=0000000000000000 
DR6=00000000ffff0ff0 DR7=0000000000000400
CCS=0000000000000000 CCD=000000008004a580 CCO=EFLAGS
EFER=0000000000000d00
Servicing hardware INT=0x20
   513: v=20 e=0000 i=0 cpl=0 IP=0038:000000007de57ea1 pc=000000007de57ea1 SP=0030:000000007fe69560 env->regs[R_EAX]=0000000000000000
RAX=0000000000000000 RBX=00f0d3d3b8b42da0 RCX=0000000000000000 RDX=00000000800e4cc0
RSI=0000000000000000 RDI=0000000080000000 RBP=000000007fe695a0 RSP=000000007fe69560
R8 =0000000000000000 R9 =0000000000000000 R10=0000000000000000 R11=0000000000000002
R12=000000007e6d9598 R13=000000007f5ec018 R14=0000000000000000 R15=000000007fe91f20
RIP=000000007de57ea1 RFL=00000206 [-----P-] CPL=0 II=0 A20=1 SMM=0 HLT=0
ES =0030 0000000000000000 ffffffff 00cf9300 DPL=0 DS   [-WA]
CS =0038 0000000000000000 ffffffff 00af9a00 DPL=0 CS64 [-R-]
SS =0030 0000000000000000 ffffffff 00cf9300 DPL=0 DS   [-WA]
DS =0030 0000000000000000 ffffffff 00cf9300 DPL=0 DS   [-WA]
FS =0030 0000000000000000 ffffffff 00cf9300 DPL=0 DS   [-WA]
GS =0030 0000000000000000 ffffffff 00cf9300 DPL=0 DS   [-WA]
LDT=0000 0000000000000000 0000ffff 00008200 DPL=0 LDT
TR =0048 000000007f5da058 00000067 00008900 DPL=0 TSS64-avl
GDT=     000000007f5da000 00000057
IDT=     000000007bb7af58 00000fff
CR0=80010033 CR2=0000000000000000 CR3=000000007f801000 CR4=00000668
DR0=0000000000000000 DR1=0000000000000000 DR2=0000000000000000 DR3=0000000000000000 
DR6=00000000ffff0ff0 DR7=0000000000000400
CCS=0000000000000004 CCD=00000000800e4cc0 CCO=EFLAGS
EFER=0000000000000d00
Servicing hardware INT=0x20
   514: v=20 e=0000 i=0 cpl=0 IP=0038:000000007de57ea1 pc=000000007de57ea1 SP=0030:000000007fe69560 env->regs[R_EAX]=0000000000000000
RAX=0000000000000000 RBX=00f0d3d3b8b42da0 RCX=0000000000000000 RDX=0000000080190fd0
RSI=0000000000000000 RDI=0000000080000000 RBP=000000007fe695a0 RSP=000000007fe69560
R8 =0000000000000000 R9 =0000000000000000 R10=0000000000000000 R11=0000000000000002
R12=000000007e6d9598 R13=000000007f5ec018 R14=0000000000000000 R15=000000007fe91f20
RIP=000000007de57ea1 RFL=00000202 [-------] CPL=0 II=0 A20=1 SMM=0 HLT=0
ES =0030 0000000000000000 ffffffff 00cf9300 DPL=0 DS   [-WA]
CS =0038 0000000000000000 ffffffff 00af9a00 DPL=0 CS64 [-R-]
SS =0030 0000000000000000 ffffffff 00cf9300 DPL=0 DS   [-WA]
DS =0030 0000000000000000 ffffffff 00cf9300 DPL=0 DS   [-WA]
FS =0030 0000000000000000 ffffffff 00cf9300 DPL=0 DS   [-WA]
GS =0030 0000000000000000 ffffffff 00cf9300 DPL=0 DS   [-WA]
LDT=0000 0000000000000000 0000ffff 00008200 DPL=0 LDT
TR =0048 000000007f5da058 00000067 00008900 DPL=0 TSS64-avl
GDT=     000000007f5da000 00000057
IDT=     000000007bb7af58 00000fff
CR0=80010033 CR2=0000000000000000 CR3=000000007f801000 CR4=00000668
DR0=0000000000000000 DR1=0000000000000000 DR2=0000000000000000 DR3=0000000000000000 
DR6=00000000ffff0ff0 DR7=0000000000000400
CCS=0000000000000000 CCD=0000000080190fd0 CCO=EFLAGS
EFER=0000000000000d00
Servicing hardware INT=0x20
   515: v=20 e=0000 i=0 cpl=0 IP=0038:000000007eb3cf04 pc=000000007eb3cf04 SP=0030:000000007fe694e0 env->regs[R_EAX]=0000000000026dd8
RAX=0000000000026dd8 RBX=00000000007ee4d5 RCX=0000000000000608 RDX=00000000007c76fd
RSI=000000000000c350 RDI=000000000002bb21 RBP=000000007fe694f0 RSP=000000007fe694e0
R8 =000000007fe6958c R9 =0000000000000000 R10=0000000000000000 R11=0000000000000002
R12=0000000000000000 R13=000000007f5ec018 R14=0000000000000000 R15=000000007fe91f20
RIP=000000007eb3cf04 RFL=00000206 [-----P-] CPL=0 II=0 A20=1 SMM=0 HLT=0
ES =0030 0000000000000000 ffffffff 00cf9300 DPL=0 DS   [-WA]
CS =0038 0000000000000000 ffffffff 00af9a00 DPL=0 CS64 [-R-]
SS =0030 0000000000000000 ffffffff 00cf9300 DPL=0 DS   [-WA]
DS =0030 0000000000000000 ffffffff 00cf9300 DPL=0 DS   [-WA]
FS =0030 0000000000000000 ffffffff 00cf9300 DPL=0 DS   [-WA]
GS =0030 0000000000000000 ffffffff 00cf9300 DPL=0 DS   [-WA]
LDT=0000 0000000000000000 0000ffff 00008200 DPL=0 LDT
TR =0048 000000007f5da058 00000067 00008900 DPL=0 TSS64-avl
GDT=     000000007f5da000 00000057
IDT=     000000007bb7af58 00000fff
CR0=80010033 CR2=0000000000000000 CR3=000000007f801000 CR4=00000668
DR0=0000000000000000 DR1=0000000000000000 DR2=0000000000000000 DR3=0000000000000000 
DR6=00000000ffff0ff0 DR7=0000000000000400
CCS=0000000000000004 CCD=0000000000026dd8 CCO=EFLAGS
EFER=0000000000000d00
Servicing hardware INT=0x20
   516: v=20 e=0000 i=0 cpl=0 IP=0038:000000007eb3cead pc=000000007eb3cead SP=0030:000000007fe69450 env->regs[R_EAX]=00000000007cf4a7
RAX=00000000007cf4a7 RBX=0000000000000608 RCX=0000000000000608 RDX=0000000000000608
RSI=000000000000c350 RDI=000000000002bb21 RBP=000000007fe694b0 RSP=000000007fe69450
R8 =000000007fe6958c R9 =0000000000000000 R10=0000000000000000 R11=0000000000000002
R12=0000000000000000 R13=000000007f5ec018 R14=0000000000000000 R15=000000007fe91f20
RIP=000000007eb3cead RFL=00000293 [--S-A-C] CPL=0 II=0 A20=1 SMM=0 HLT=0
ES =0030 0000000000000000 ffffffff 00cf9300 DPL=0 DS   [-WA]
CS =0038 0000000000000000 ffffffff 00af9a00 DPL=0 CS64 [-R-]
SS =0030 0000000000000000 ffffffff 00cf9300 DPL=0 DS   [-WA]
DS =0030 0000000000000000 ffffffff 00cf9300 DPL=0 DS   [-WA]
FS =0030 0000000000000000 ffffffff 00cf9300 DPL=0 DS   [-WA]
GS =0030 0000000000000000 ffffffff 00cf9300 DPL=0 DS   [-WA]
LDT=0000 0000000000000000 0000ffff 00008200 DPL=0 LDT
TR =0048 000000007f5da058 00000067 00008900 DPL=0 TSS64-avl
GDT=     000000007f5da000 00000057
IDT=     000000007bb7af58 00000fff
CR0=80010033 CR2=0000000000000000 CR3=000000007f801000 CR4=00000668
DR0=0000000000000000 DR1=0000000000000000 DR2=0000000000000000 DR3=0000000000000000 
DR6=00000000ffff0ff0 DR7=0000000000000400
CCS=0000000000000091 CCD=000000000001effe CCO=EFLAGS
EFER=0000000000000d00
Servicing hardware INT=0x20
   517: v=20 e=0000 i=0 cpl=0 IP=0038:000000007eb3cf04 pc=000000007eb3cf04 SP=0030:000000007fe694e0 env->regs[R_EAX]=0000000000016e1b
RAX=0000000000016e1b RBX=00000000007ee4d5 RCX=0000000000000608 RDX=00000000007d76ba
RSI=000000000000c350 RDI=000000000002bb21 RBP=000000007fe694f0 RSP=000000007fe694e0
R8 =000000007fe6958c R9 =0000000000000000 R10=0000000000000000 R11=0000000000000002
R12=0000000000000000 R13=000000007f5ec018 R14=0000000000000000 R15=000000007fe91f20
RIP=000000007eb3cf04 RFL=00000206 [-----P-] CPL=0 II=0 A20=1 SMM=0 HLT=0
ES =0030 0000000000000000 ffffffff 00cf9300 DPL=0 DS   [-WA]
CS =0038 0000000000000000 ffffffff 00af9a00 DPL=0 CS64 [-R-]
SS =0030 0000000000000000 ffffffff 00cf9300 DPL=0 DS   [-WA]
DS =0030 0000000000000000 ffffffff 00cf9300 DPL=0 DS   [-WA]
FS =0030 0000000000000000 ffffffff 00cf9300 DPL=0 DS   [-WA]
GS =0030 0000000000000000 ffffffff 00cf9300 DPL=0 DS   [-WA]
LDT=0000 0000000000000000 0000ffff 00008200 DPL=0 LDT
TR =0048 000000007f5da058 00000067 00008900 DPL=0 TSS64-avl
GDT=     000000007f5da000 00000057
IDT=     000000007bb7af58 00000fff
CR0=80010033 CR2=0000000000000000 CR3=000000007f801000 CR4=00000668
DR0=0000000000000000 DR1=0000000000000000 DR2=0000000000000000 DR3=0000000000000000 
DR6=00000000ffff0ff0 DR7=0000000000000400
CCS=0000000000000004 CCD=0000000000016e1b CCO=EFLAGS
EFER=0000000000000d00
Servicing hardware INT=0x20
   518: v=20 e=0000 i=0 cpl=0 IP=0038:000000007eb3cf04 pc=000000007eb3cf04 SP=0030:000000007fe694e0 env->regs[R_EAX]=000000000000c72c
RAX=000000000000c72c RBX=00000000007ee4d5 RCX=0000000000000608 RDX=00000000007e1da9
RSI=000000000000c350 RDI=000000000002bb21 RBP=000000007fe694f0 RSP=000000007fe694e0
R8 =000000007fe6958c R9 =0000000000000000 R10=0000000000000000 R11=0000000000000002
R12=0000000000000000 R13=000000007f5ec018 R14=0000000000000000 R15=000000007fe91f20
RIP=000000007eb3cf04 RFL=00000202 [-------] CPL=0 II=0 A20=1 SMM=0 HLT=0
ES =0030 0000000000000000 ffffffff 00cf9300 DPL=0 DS   [-WA]
CS =0038 0000000000000000 ffffffff 00af9a00 DPL=0 CS64 [-R-]
SS =0030 0000000000000000 ffffffff 00cf9300 DPL=0 DS   [-WA]
DS =0030 0000000000000000 ffffffff 00cf9300 DPL=0 DS   [-WA]
FS =0030 0000000000000000 ffffffff 00cf9300 DPL=0 DS   [-WA]
GS =0030 0000000000000000 ffffffff 00cf9300 DPL=0 DS   [-WA]
LDT=0000 0000000000000000 0000ffff 00008200 DPL=0 LDT
TR =0048 000000007f5da058 00000067 00008900 DPL=0 TSS64-avl
GDT=     000000007f5da000 00000057
IDT=     000000007bb7af58 00000fff
CR0=80010033 CR2=0000000000000000 CR3=000000007f801000 CR4=00000668
DR0=0000000000000000 DR1=0000000000000000 DR2=0000000000000000 DR3=0000000000000000 
DR6=00000000ffff0ff0 DR7=0000000000000400
CCS=0000000000000000 CCD=000000000000c72c CCO=EFLAGS
EFER=0000000000000d00
Servicing hardware INT=0x20
   519: v=20 e=0000 i=0 cpl=0 IP=0038:000000007eb3cf04 pc=000000007eb3cf04 SP=0030:000000007fe694e0 env->regs[R_EAX]=0000000000004993
RAX=0000000000004993 RBX=00000000007ee4d5 RCX=0000000000000608 RDX=00000000007e9b42
RSI=000000000000c350 RDI=000000000002bb21 RBP=000000007fe694f0 RSP=000000007fe694e0
R8 =000000007fe6958c R9 =0000000000000000 R10=0000000000000000 R11=0000000000000002
R12=0000000000000000 R13=000000007f5ec018 R14=0000000000000000 R15=000000007fe91f20
RIP=000000007eb3cf04 RFL=00000206 [-----P-] CPL=0 II=0 A20=1 SMM=0 HLT=0
ES =0030 0000000000000000 ffffffff 00cf9300 DPL=0 DS   [-WA]
CS =0038 0000000000000000 ffffffff 00af9a00 DPL=0 CS64 [-R-]
SS =0030 0000000000000000 ffffffff 00cf9300 DPL=0 DS   [-WA]
DS =0030 0000000000000000 ffffffff 00cf9300 DPL=0 DS   [-WA]
FS =0030 0000000000000000 ffffffff 00cf9300 DPL=0 DS   [-WA]
GS =0030 0000000000000000 ffffffff 00cf9300 DPL=0 DS   [-WA]
LDT=0000 0000000000000000 0000ffff 00008200 DPL=0 LDT
TR =0048 000000007f5da058 00000067 00008900 DPL=0 TSS64-avl
GDT=     000000007f5da000 00000057
IDT=     000000007bb7af58 00000fff
CR0=80010033 CR2=0000000000000000 CR3=000000007f801000 CR4=00000668
DR0=0000000000000000 DR1=0000000000000000 DR2=0000000000000000 DR3=0000000000000000 
DR6=00000000ffff0ff0 DR7=0000000000000400
CCS=0000000000000004 CCD=0000000000004993 CCO=EFLAGS
EFER=0000000000000d00
Servicing hardware INT=0x20
   520: v=20 e=0000 i=0 cpl=0 IP=0038:000000007de57ea1 pc=000000007de57ea1 SP=0030:000000007fe69560 env->regs[R_EAX]=00000000ffffffff
RAX=00000000ffffffff RBX=00f0d3d3b8b42da0 RCX=00000000000000ff RDX=000000008003de7c
RSI=00000000000000ff RDI=0000000080000000 RBP=000000007fe695a0 RSP=000000007fe69560
R8 =00000000000000ff R9 =00000000000000ff R10=00000000000000ff R11=0000000000000002
R12=000000007e6d9598 R13=000000007f5ec018 R14=0000000000000000 R15=000000007fe91f20
RIP=000000007de57ea1 RFL=00000202 [-------] CPL=0 II=0 A20=1 SMM=0 HLT=0
ES =0030 0000000000000000 ffffffff 00cf9300 DPL=0 DS   [-WA]
CS =0038 0000000000000000 ffffffff 00af9a00 DPL=0 CS64 [-R-]
SS =0030 0000000000000000 ffffffff 00cf9300 DPL=0 DS   [-WA]
DS =0030 0000000000000000 ffffffff 00cf9300 DPL=0 DS   [-WA]
FS =0030 0000000000000000 ffffffff 00cf9300 DPL=0 DS   [-WA]
GS =0030 0000000000000000 ffffffff 00cf9300 DPL=0 DS   [-WA]
LDT=0000 0000000000000000 0000ffff 00008200 DPL=0 LDT
TR =0048 000000007f5da058 00000067 00008900 DPL=0 TSS64-avl
GDT=     000000007f5da000 00000057
IDT=     000000007bb7af58 00000fff
CR0=80010033 CR2=0000000000000000 CR3=000000007f801000 CR4=00000668
DR0=0000000000000000 DR1=0000000000000000 DR2=0000000000000000 DR3=0000000000000000 
DR6=00000000ffff0ff0 DR7=0000000000000400
CCS=0000000000000000 CCD=000000008003de7c CCO=EFLAGS
EFER=0000000000000d00
Servicing hardware INT=0x20
   521: v=20 e=0000 i=0 cpl=0 IP=0038:000000007de57ea1 pc=000000007de57ea1 SP=0030:000000007fe69560 env->regs[R_EAX]=0000000000000000
RAX=0000000000000000 RBX=00f0d3d3b8b42da0 RCX=0000000000000000 RDX=00000000800dee04
RSI=0000000000000000 RDI=0000000080000000 RBP=000000007fe695a0 RSP=000000007fe69560
R8 =0000000000000000 R9 =0000000000000000 R10=0000000000000000 R11=0000000000000002
R12=000000007e6d9598 R13=000000007f5ec018 R14=0000000000000000 R15=000000007fe91f20
RIP=000000007de57ea1 RFL=00000202 [-------] CPL=0 II=0 A20=1 SMM=0 HLT=0
ES =0030 0000000000000000 ffffffff 00cf9300 DPL=0 DS   [-WA]
CS =0038 0000000000000000 ffffffff 00af9a00 DPL=0 CS64 [-R-]
SS =0030 0000000000000000 ffffffff 00cf9300 DPL=0 DS   [-WA]
DS =0030 0000000000000000 ffffffff 00cf9300 DPL=0 DS   [-WA]
FS =0030 0000000000000000 ffffffff 00cf9300 DPL=0 DS   [-WA]
GS =0030 0000000000000000 ffffffff 00cf9300 DPL=0 DS   [-WA]
LDT=0000 0000000000000000 0000ffff 00008200 DPL=0 LDT
TR =0048 000000007f5da058 00000067 00008900 DPL=0 TSS64-avl
GDT=     000000007f5da000 00000057
IDT=     000000007bb7af58 00000fff
CR0=80010033 CR2=0000000000000000 CR3=000000007f801000 CR4=00000668
DR0=0000000000000000 DR1=0000000000000000 DR2=0000000000000000 DR3=0000000000000000 
DR6=00000000ffff0ff0 DR7=0000000000000400
CCS=0000000000000000 CCD=00000000800dee04 CCO=EFLAGS
EFER=0000000000000d00
Servicing hardware INT=0x20
   522: v=20 e=0000 i=0 cpl=0 IP=0038:000000007de57ea1 pc=000000007de57ea1 SP=0030:000000007fe69560 env->regs[R_EAX]=0000000000000000
RAX=0000000000000000 RBX=00f0d3d3b8b42da0 RCX=0000000000000000 RDX=000000008017c424
RSI=0000000000000000 RDI=0000000080000000 RBP=000000007fe695a0 RSP=000000007fe69560
R8 =0000000000000000 R9 =0000000000000000 R10=0000000000000000 R11=0000000000000002
R12=000000007e6d9598 R13=000000007f5ec018 R14=0000000000000000 R15=000000007fe91f20
RIP=000000007de57ea1 RFL=00000206 [-----P-] CPL=0 II=0 A20=1 SMM=0 HLT=0
ES =0030 0000000000000000 ffffffff 00cf9300 DPL=0 DS   [-WA]
CS =0038 0000000000000000 ffffffff 00af9a00 DPL=0 CS64 [-R-]
SS =0030 0000000000000000 ffffffff 00cf9300 DPL=0 DS   [-WA]
DS =0030 0000000000000000 ffffffff 00cf9300 DPL=0 DS   [-WA]
FS =0030 0000000000000000 ffffffff 00cf9300 DPL=0 DS   [-WA]
GS =0030 0000000000000000 ffffffff 00cf9300 DPL=0 DS   [-WA]
LDT=0000 0000000000000000 0000ffff 00008200 DPL=0 LDT
TR =0048 000000007f5da058 00000067 00008900 DPL=0 TSS64-avl
GDT=     000000007f5da000 00000057
IDT=     000000007bb7af58 00000fff
CR0=80010033 CR2=0000000000000000 CR3=000000007f801000 CR4=00000668
DR0=0000000000000000 DR1=0000000000000000 DR2=0000000000000000 DR3=0000000000000000 
DR6=00000000ffff0ff0 DR7=0000000000000400
CCS=0000000000000004 CCD=000000008017c424 CCO=EFLAGS
EFER=0000000000000d00
Servicing hardware INT=0x20
   523: v=20 e=0000 i=0 cpl=0 IP=0038:000000007eb3cf04 pc=000000007eb3cf04 SP=0030:000000007fe694e0 env->regs[R_EAX]=0000000000028a89
RAX=0000000000028a89 RBX=000000000083477d RCX=0000000000000608 RDX=000000000080bcf4
RSI=000000000000c350 RDI=000000000002bb21 RBP=000000007fe694f0 RSP=000000007fe694e0
R8 =000000007fe6958c R9 =0000000000000000 R10=0000000000000000 R11=0000000000000002
R12=0000000000000000 R13=000000007f5ec018 R14=0000000000000000 R15=000000007fe91f20
RIP=000000007eb3cf04 RFL=00000202 [-------] CPL=0 II=0 A20=1 SMM=0 HLT=0
ES =0030 0000000000000000 ffffffff 00cf9300 DPL=0 DS   [-WA]
CS =0038 0000000000000000 ffffffff 00af9a00 DPL=0 CS64 [-R-]
SS =0030 0000000000000000 ffffffff 00cf9300 DPL=0 DS   [-WA]
DS =0030 0000000000000000 ffffffff 00cf9300 DPL=0 DS   [-WA]
FS =0030 0000000000000000 ffffffff 00cf9300 DPL=0 DS   [-WA]
GS =0030 0000000000000000 ffffffff 00cf9300 DPL=0 DS   [-WA]
LDT=0000 0000000000000000 0000ffff 00008200 DPL=0 LDT
TR =0048 000000007f5da058 00000067 00008900 DPL=0 TSS64-avl
GDT=     000000007f5da000 00000057
IDT=     000000007bb7af58 00000fff
CR0=80010033 CR2=0000000000000000 CR3=000000007f801000 CR4=00000668
DR0=0000000000000000 DR1=0000000000000000 DR2=0000000000000000 DR3=0000000000000000 
DR6=00000000ffff0ff0 DR7=0000000000000400
CCS=0000000000000000 CCD=0000000000028a89 CCO=EFLAGS
EFER=0000000000000d00
Servicing hardware INT=0x20
   524: v=20 e=0000 i=0 cpl=0 IP=0038:000000007eb3cf04 pc=000000007eb3cf04 SP=0030:000000007fe694e0 env->regs[R_EAX]=000000000001e59e
RAX=000000000001e59e RBX=000000000083477d RCX=0000000000000608 RDX=00000000008161df
RSI=000000000000c350 RDI=000000000002bb21 RBP=000000007fe694f0 RSP=000000007fe694e0
R8 =000000007fe6958c R9 =0000000000000000 R10=0000000000000000 R11=0000000000000002
R12=0000000000000000 R13=000000007f5ec018 R14=0000000000000000 R15=000000007fe91f20
RIP=000000007eb3cf04 RFL=00000202 [-------] CPL=0 II=0 A20=1 SMM=0 HLT=0
ES =0030 0000000000000000 ffffffff 00cf9300 DPL=0 DS   [-WA]
CS =0038 0000000000000000 ffffffff 00af9a00 DPL=0 CS64 [-R-]
SS =0030 0000000000000000 ffffffff 00cf9300 DPL=0 DS   [-WA]
DS =0030 0000000000000000 ffffffff 00cf9300 DPL=0 DS   [-WA]
FS =0030 0000000000000000 ffffffff 00cf9300 DPL=0 DS   [-WA]
GS =0030 0000000000000000 ffffffff 00cf9300 DPL=0 DS   [-WA]
LDT=0000 0000000000000000 0000ffff 00008200 DPL=0 LDT
TR =0048 000000007f5da058 00000067 00008900 DPL=0 TSS64-avl
GDT=     000000007f5da000 00000057
IDT=     000000007bb7af58 00000fff
CR0=80010033 CR2=0000000000000000 CR3=000000007f801000 CR4=00000668
DR0=0000000000000000 DR1=0000000000000000 DR2=0000000000000000 DR3=0000000000000000 
DR6=00000000ffff0ff0 DR7=0000000000000400
CCS=0000000000000000 CCD=000000000001e59e CCO=EFLAGS
EFER=0000000000000d00
Servicing hardware INT=0x20
   525: v=20 e=0000 i=0 cpl=0 IP=0038:000000007eb3cf04 pc=000000007eb3cf04 SP=0030:000000007fe694e0 env->regs[R_EAX]=00000000000159cb
RAX=00000000000159cb RBX=000000000083477d RCX=0000000000000608 RDX=000000000081edb2
RSI=000000000000c350 RDI=000000000002bb21 RBP=000000007fe694f0 RSP=000000007fe694e0
R8 =000000007fe6958c R9 =0000000000000000 R10=0000000000000000 R11=0000000000000002
R12=0000000000000000 R13=000000007f5ec018 R14=0000000000000000 R15=000000007fe91f20
RIP=000000007eb3cf04 RFL=00000202 [-------] CPL=0 II=0 A20=1 SMM=0 HLT=0
ES =0030 0000000000000000 ffffffff 00cf9300 DPL=0 DS   [-WA]
CS =0038 0000000000000000 ffffffff 00af9a00 DPL=0 CS64 [-R-]
SS =0030 0000000000000000 ffffffff 00cf9300 DPL=0 DS   [-WA]
DS =0030 0000000000000000 ffffffff 00cf9300 DPL=0 DS   [-WA]
FS =0030 0000000000000000 ffffffff 00cf9300 DPL=0 DS   [-WA]
GS =0030 0000000000000000 ffffffff 00cf9300 DPL=0 DS   [-WA]
LDT=0000 0000000000000000 0000ffff 00008200 DPL=0 LDT
TR =0048 000000007f5da058 00000067 00008900 DPL=0 TSS64-avl
GDT=     000000007f5da000 00000057
IDT=     000000007bb7af58 00000fff
CR0=80010033 CR2=0000000000000000 CR3=000000007f801000 CR4=00000668
DR0=0000000000000000 DR1=0000000000000000 DR2=0000000000000000 DR3=0000000000000000 
DR6=00000000ffff0ff0 DR7=0000000000000400
CCS=0000000000000000 CCD=00000000000159cb CCO=EFLAGS
EFER=0000000000000d00
Servicing hardware INT=0x20
   526: v=20 e=0000 i=0 cpl=0 IP=0038:000000007eb3cf04 pc=000000007eb3cf04 SP=0030:000000007fe694e0 env->regs[R_EAX]=000000000000d88d
RAX=000000000000d88d RBX=000000000083477d RCX=0000000000000608 RDX=0000000000826ef0
RSI=000000000000c350 RDI=000000000002bb21 RBP=000000007fe694f0 RSP=000000007fe694e0
R8 =000000007fe6958c R9 =0000000000000000 R10=0000000000000000 R11=0000000000000002
R12=0000000000000000 R13=000000007f5ec018 R14=0000000000000000 R15=000000007fe91f20
RIP=000000007eb3cf04 RFL=00000206 [-----P-] CPL=0 II=0 A20=1 SMM=0 HLT=0
ES =0030 0000000000000000 ffffffff 00cf9300 DPL=0 DS   [-WA]
CS =0038 0000000000000000 ffffffff 00af9a00 DPL=0 CS64 [-R-]
SS =0030 0000000000000000 ffffffff 00cf9300 DPL=0 DS   [-WA]
DS =0030 0000000000000000 ffffffff 00cf9300 DPL=0 DS   [-WA]
FS =0030 0000000000000000 ffffffff 00cf9300 DPL=0 DS   [-WA]
GS =0030 0000000000000000 ffffffff 00cf9300 DPL=0 DS   [-WA]
LDT=0000 0000000000000000 0000ffff 00008200 DPL=0 LDT
TR =0048 000000007f5da058 00000067 00008900 DPL=0 TSS64-avl
GDT=     000000007f5da000 00000057
IDT=     000000007bb7af58 00000fff
CR0=80010033 CR2=0000000000000000 CR3=000000007f801000 CR4=00000668
DR0=0000000000000000 DR1=0000000000000000 DR2=0000000000000000 DR3=0000000000000000 
DR6=00000000ffff0ff0 DR7=0000000000000400
CCS=0000000000000004 CCD=000000000000d88d CCO=EFLAGS
EFER=0000000000000d00
Servicing hardware INT=0x20
   527: v=20 e=0000 i=0 cpl=0 IP=0038:000000007eb3cf04 pc=000000007eb3cf04 SP=0030:000000007fe694e0 env->regs[R_EAX]=00000000000042be
RAX=00000000000042be RBX=000000000083477d RCX=0000000000000608 RDX=00000000008304bf
RSI=000000000000c350 RDI=000000000002bb21 RBP=000000007fe694f0 RSP=000000007fe694e0
R8 =000000007fe6958c R9 =0000000000000000 R10=0000000000000000 R11=0000000000000002
R12=0000000000000000 R13=000000007f5ec018 R14=0000000000000000 R15=000000007fe91f20
RIP=000000007eb3cf04 RFL=00000206 [-----P-] CPL=0 II=0 A20=1 SMM=0 HLT=0
ES =0030 0000000000000000 ffffffff 00cf9300 DPL=0 DS   [-WA]
CS =0038 0000000000000000 ffffffff 00af9a00 DPL=0 CS64 [-R-]
SS =0030 0000000000000000 ffffffff 00cf9300 DPL=0 DS   [-WA]
DS =0030 0000000000000000 ffffffff 00cf9300 DPL=0 DS   [-WA]
FS =0030 0000000000000000 ffffffff 00cf9300 DPL=0 DS   [-WA]
GS =0030 0000000000000000 ffffffff 00cf9300 DPL=0 DS   [-WA]
LDT=0000 0000000000000000 0000ffff 00008200 DPL=0 LDT
TR =0048 000000007f5da058 00000067 00008900 DPL=0 TSS64-avl
GDT=     000000007f5da000 00000057
IDT=     000000007bb7af58 00000fff
CR0=80010033 CR2=0000000000000000 CR3=000000007f801000 CR4=00000668
DR0=0000000000000000 DR1=0000000000000000 DR2=0000000000000000 DR3=0000000000000000 
DR6=00000000ffff0ff0 DR7=0000000000000400
CCS=0000000000000004 CCD=00000000000042be CCO=EFLAGS
EFER=0000000000000d00
Servicing hardware INT=0x20
   528: v=20 e=0000 i=0 cpl=0 IP=0038:000000007de57ea1 pc=000000007de57ea1 SP=0030:000000007fe69560 env->regs[R_EAX]=0000000000000000
RAX=0000000000000000 RBX=00f0d3d3b8b42da0 RCX=0000000000000000 RDX=000000008003bd00
RSI=0000000000000000 RDI=0000000080000000 RBP=000000007fe695a0 RSP=000000007fe69560
R8 =0000000000000000 R9 =0000000000000000 R10=0000000000000000 R11=0000000000000002
R12=000000007e6d9598 R13=000000007f5ec018 R14=0000000000000000 R15=000000007fe91f20
RIP=000000007de57ea1 RFL=00000206 [-----P-] CPL=0 II=0 A20=1 SMM=0 HLT=0
ES =0030 0000000000000000 ffffffff 00cf9300 DPL=0 DS   [-WA]
CS =0038 0000000000000000 ffffffff 00af9a00 DPL=0 CS64 [-R-]
SS =0030 0000000000000000 ffffffff 00cf9300 DPL=0 DS   [-WA]
DS =0030 0000000000000000 ffffffff 00cf9300 DPL=0 DS   [-WA]
FS =0030 0000000000000000 ffffffff 00cf9300 DPL=0 DS   [-WA]
GS =0030 0000000000000000 ffffffff 00cf9300 DPL=0 DS   [-WA]
LDT=0000 0000000000000000 0000ffff 00008200 DPL=0 LDT
TR =0048 000000007f5da058 00000067 00008900 DPL=0 TSS64-avl
GDT=     000000007f5da000 00000057
IDT=     000000007bb7af58 00000fff
CR0=80010033 CR2=0000000000000000 CR3=000000007f801000 CR4=00000668
DR0=0000000000000000 DR1=0000000000000000 DR2=0000000000000000 DR3=0000000000000000 
DR6=00000000ffff0ff0 DR7=0000000000000400
CCS=0000000000000004 CCD=000000008003bd00 CCO=EFLAGS
EFER=0000000000000d00
Servicing hardware INT=0x20
   529: v=20 e=0000 i=0 cpl=0 IP=0038:000000007de57d6d pc=000000007de57d6d SP=0030:000000007fe69558 env->regs[R_EAX]=0000000080000000
RAX=0000000080000000 RBX=00f0d3d3b8b42da0 RCX=000000000000012a RDX=0000000000000015
RSI=0000000000000320 RDI=0000000080000000 RBP=000000007fe695a0 RSP=000000007fe69558
R8 =0000000000000000 R9 =0000000000000000 R10=0000000000000000 R11=0000000000000002
R12=000000007e6d9598 R13=000000007f5ec018 R14=0000000000000000 R15=000000007fe91f20
RIP=000000007de57d6d RFL=00000246 [---Z-P-] CPL=0 II=0 A20=1 SMM=0 HLT=0
ES =0030 0000000000000000 ffffffff 00cf9300 DPL=0 DS   [-WA]
CS =0038 0000000000000000 ffffffff 00af9a00 DPL=0 CS64 [-R-]
SS =0030 0000000000000000 ffffffff 00cf9300 DPL=0 DS   [-WA]
DS =0030 0000000000000000 ffffffff 00cf9300 DPL=0 DS   [-WA]
FS =0030 0000000000000000 ffffffff 00cf9300 DPL=0 DS   [-WA]
GS =0030 0000000000000000 ffffffff 00cf9300 DPL=0 DS   [-WA]
LDT=0000 0000000000000000 0000ffff 00008200 DPL=0 LDT
TR =0048 000000007f5da058 00000067 00008900 DPL=0 TSS64-avl
GDT=     000000007f5da000 00000057
IDT=     000000007bb7af58 00000fff
CR0=80010033 CR2=0000000000000000 CR3=000000007f801000 CR4=00000668
DR0=0000000000000000 DR1=0000000000000000 DR2=0000000000000000 DR3=0000000000000000 
DR6=00000000ffff0ff0 DR7=0000000000000400
CCS=0000000000000044 CCD=0000000000000000 CCO=EFLAGS
EFER=0000000000000d00
Servicing hardware INT=0x20
   530: v=20 e=0000 i=0 cpl=0 IP=0038:000000007de57ea1 pc=000000007de57ea1 SP=0030:000000007fe69560 env->regs[R_EAX]=0000000000000000
RAX=0000000000000000 RBX=00f0d3d3b8b42da0 RCX=0000000000000000 RDX=0000000080177a90
RSI=0000000000000000 RDI=0000000080000000 RBP=000000007fe695a0 RSP=000000007fe69560
R8 =0000000000000000 R9 =0000000000000000 R10=0000000000000000 R11=0000000000000002
R12=000000007e6d9598 R13=000000007f5ec018 R14=0000000000000000 R15=000000007fe91f20
RIP=000000007de57ea1 RFL=00000206 [-----P-] CPL=0 II=0 A20=1 SMM=0 HLT=0
ES =0030 0000000000000000 ffffffff 00cf9300 DPL=0 DS   [-WA]
CS =0038 0000000000000000 ffffffff 00af9a00 DPL=0 CS64 [-R-]
SS =0030 0000000000000000 ffffffff 00cf9300 DPL=0 DS   [-WA]
DS =0030 0000000000000000 ffffffff 00cf9300 DPL=0 DS   [-WA]
FS =0030 0000000000000000 ffffffff 00cf9300 DPL=0 DS   [-WA]
GS =0030 0000000000000000 ffffffff 00cf9300 DPL=0 DS   [-WA]
LDT=0000 0000000000000000 0000ffff 00008200 DPL=0 LDT
TR =0048 000000007f5da058 00000067 00008900 DPL=0 TSS64-avl
GDT=     000000007f5da000 00000057
IDT=     000000007bb7af58 00000fff
CR0=80010033 CR2=0000000000000000 CR3=000000007f801000 CR4=00000668
DR0=0000000000000000 DR1=0000000000000000 DR2=0000000000000000 DR3=0000000000000000 
DR6=00000000ffff0ff0 DR7=0000000000000400
CCS=0000000000000004 CCD=0000000080177a90 CCO=EFLAGS
EFER=0000000000000d00
Servicing hardware INT=0x20
   531: v=20 e=0000 i=0 cpl=0 IP=0038:000000007eb3cf04 pc=000000007eb3cf04 SP=0030:000000007fe694e0 env->regs[R_EAX]=0000000000028e32
RAX=0000000000028e32 RBX=000000000087ab8f RCX=0000000000000608 RDX=0000000000851d5d
RSI=000000000000c350 RDI=000000000002bb21 RBP=000000007fe694f0 RSP=000000007fe694e0
R8 =000000007fe6958c R9 =0000000000000000 R10=0000000000000000 R11=0000000000000002
R12=0000000000000000 R13=000000007f5ec018 R14=0000000000000000 R15=000000007fe91f20
RIP=000000007eb3cf04 RFL=00000202 [-------] CPL=0 II=0 A20=1 SMM=0 HLT=0
ES =0030 0000000000000000 ffffffff 00cf9300 DPL=0 DS   [-WA]
CS =0038 0000000000000000 ffffffff 00af9a00 DPL=0 CS64 [-R-]
SS =0030 0000000000000000 ffffffff 00cf9300 DPL=0 DS   [-WA]
DS =0030 0000000000000000 ffffffff 00cf9300 DPL=0 DS   [-WA]
FS =0030 0000000000000000 ffffffff 00cf9300 DPL=0 DS   [-WA]
GS =0030 0000000000000000 ffffffff 00cf9300 DPL=0 DS   [-WA]
LDT=0000 0000000000000000 0000ffff 00008200 DPL=0 LDT
TR =0048 000000007f5da058 00000067 00008900 DPL=0 TSS64-avl
GDT=     000000007f5da000 00000057
IDT=     000000007bb7af58 00000fff
CR0=80010033 CR2=0000000000000000 CR3=000000007f801000 CR4=00000668
DR0=0000000000000000 DR1=0000000000000000 DR2=0000000000000000 DR3=0000000000000000 
DR6=00000000ffff0ff0 DR7=0000000000000400
CCS=0000000000000000 CCD=0000000000028e32 CCO=EFLAGS
EFER=0000000000000d00
Servicing hardware INT=0x20
   532: v=20 e=0000 i=0 cpl=0 IP=0038:000000007eb3cf04 pc=000000007eb3cf04 SP=0030:000000007fe694e0 env->regs[R_EAX]=00000000000202d7
RAX=00000000000202d7 RBX=000000000087ab8f RCX=0000000000000608 RDX=000000000085a8b8
RSI=000000000000c350 RDI=000000000002bb21 RBP=000000007fe694f0 RSP=000000007fe694e0
R8 =000000007fe6958c R9 =0000000000000000 R10=0000000000000000 R11=0000000000000002
R12=0000000000000000 R13=000000007f5ec018 R14=0000000000000000 R15=000000007fe91f20
RIP=000000007eb3cf04 RFL=00000206 [-----P-] CPL=0 II=0 A20=1 SMM=0 HLT=0
ES =0030 0000000000000000 ffffffff 00cf9300 DPL=0 DS   [-WA]
CS =0038 0000000000000000 ffffffff 00af9a00 DPL=0 CS64 [-R-]
SS =0030 0000000000000000 ffffffff 00cf9300 DPL=0 DS   [-WA]
DS =0030 0000000000000000 ffffffff 00cf9300 DPL=0 DS   [-WA]
FS =0030 0000000000000000 ffffffff 00cf9300 DPL=0 DS   [-WA]
GS =0030 0000000000000000 ffffffff 00cf9300 DPL=0 DS   [-WA]
LDT=0000 0000000000000000 0000ffff 00008200 DPL=0 LDT
TR =0048 000000007f5da058 00000067 00008900 DPL=0 TSS64-avl
GDT=     000000007f5da000 00000057
IDT=     000000007bb7af58 00000fff
CR0=80010033 CR2=0000000000000000 CR3=000000007f801000 CR4=00000668
DR0=0000000000000000 DR1=0000000000000000 DR2=0000000000000000 DR3=0000000000000000 
DR6=00000000ffff0ff0 DR7=0000000000000400
CCS=0000000000000004 CCD=00000000000202d7 CCO=EFLAGS
EFER=0000000000000d00
Servicing hardware INT=0x20
   533: v=20 e=0000 i=0 cpl=0 IP=0038:000000007eb3cf04 pc=000000007eb3cf04 SP=0030:000000007fe694e0 env->regs[R_EAX]=000000000001751b
RAX=000000000001751b RBX=000000000087ab8f RCX=0000000000000608 RDX=0000000000863674
RSI=000000000000c350 RDI=000000000002bb21 RBP=000000007fe694f0 RSP=000000007fe694e0
R8 =000000007fe6958c R9 =0000000000000000 R10=0000000000000000 R11=0000000000000002
R12=0000000000000000 R13=000000007f5ec018 R14=0000000000000000 R15=000000007fe91f20
RIP=000000007eb3cf04 RFL=00000206 [-----P-] CPL=0 II=0 A20=1 SMM=0 HLT=0
ES =0030 0000000000000000 ffffffff 00cf9300 DPL=0 DS   [-WA]
CS =0038 0000000000000000 ffffffff 00af9a00 DPL=0 CS64 [-R-]
SS =0030 0000000000000000 ffffffff 00cf9300 DPL=0 DS   [-WA]
DS =0030 0000000000000000 ffffffff 00cf9300 DPL=0 DS   [-WA]
FS =0030 0000000000000000 ffffffff 00cf9300 DPL=0 DS   [-WA]
GS =0030 0000000000000000 ffffffff 00cf9300 DPL=0 DS   [-WA]
LDT=0000 0000000000000000 0000ffff 00008200 DPL=0 LDT
TR =0048 000000007f5da058 00000067 00008900 DPL=0 TSS64-avl
GDT=     000000007f5da000 00000057
IDT=     000000007bb7af58 00000fff
CR0=80010033 CR2=0000000000000000 CR3=000000007f801000 CR4=00000668
DR0=0000000000000000 DR1=0000000000000000 DR2=0000000000000000 DR3=0000000000000000 
DR6=00000000ffff0ff0 DR7=0000000000000400
CCS=0000000000000004 CCD=000000000001751b CCO=EFLAGS
EFER=0000000000000d00
Servicing hardware INT=0x20
   534: v=20 e=0000 i=0 cpl=0 IP=0038:000000007eb3cf04 pc=000000007eb3cf04 SP=0030:000000007fe694e0 env->regs[R_EAX]=000000000000eb2b
RAX=000000000000eb2b RBX=000000000087ab8f RCX=0000000000000608 RDX=000000000086c064
RSI=000000000000c350 RDI=000000000002bb21 RBP=000000007fe694f0 RSP=000000007fe694e0
R8 =000000007fe6958c R9 =0000000000000000 R10=0000000000000000 R11=0000000000000002
R12=0000000000000000 R13=000000007f5ec018 R14=0000000000000000 R15=000000007fe91f20
RIP=000000007eb3cf04 RFL=00000206 [-----P-] CPL=0 II=0 A20=1 SMM=0 HLT=0
ES =0030 0000000000000000 ffffffff 00cf9300 DPL=0 DS   [-WA]
CS =0038 0000000000000000 ffffffff 00af9a00 DPL=0 CS64 [-R-]
SS =0030 0000000000000000 ffffffff 00cf9300 DPL=0 DS   [-WA]
DS =0030 0000000000000000 ffffffff 00cf9300 DPL=0 DS   [-WA]
FS =0030 0000000000000000 ffffffff 00cf9300 DPL=0 DS   [-WA]
GS =0030 0000000000000000 ffffffff 00cf9300 DPL=0 DS   [-WA]
LDT=0000 0000000000000000 0000ffff 00008200 DPL=0 LDT
TR =0048 000000007f5da058 00000067 00008900 DPL=0 TSS64-avl
GDT=     000000007f5da000 00000057
IDT=     000000007bb7af58 00000fff
CR0=80010033 CR2=0000000000000000 CR3=000000007f801000 CR4=00000668
DR0=0000000000000000 DR1=0000000000000000 DR2=0000000000000000 DR3=0000000000000000 
DR6=00000000ffff0ff0 DR7=0000000000000400
CCS=0000000000000004 CCD=000000000000eb2b CCO=EFLAGS
EFER=0000000000000d00
Servicing hardware INT=0x20
   535: v=20 e=0000 i=0 cpl=0 IP=0038:000000007eb3cf04 pc=000000007eb3cf04 SP=0030:000000007fe694e0 env->regs[R_EAX]=0000000000005ee8
RAX=0000000000005ee8 RBX=000000000087ab8f RCX=0000000000000608 RDX=0000000000874ca7
RSI=000000000000c350 RDI=000000000002bb21 RBP=000000007fe694f0 RSP=000000007fe694e0
R8 =000000007fe6958c R9 =0000000000000000 R10=0000000000000000 R11=0000000000000002
R12=0000000000000000 R13=000000007f5ec018 R14=0000000000000000 R15=000000007fe91f20
RIP=000000007eb3cf04 RFL=00000206 [-----P-] CPL=0 II=0 A20=1 SMM=0 HLT=0
ES =0030 0000000000000000 ffffffff 00cf9300 DPL=0 DS   [-WA]
CS =0038 0000000000000000 ffffffff 00af9a00 DPL=0 CS64 [-R-]
SS =0030 0000000000000000 ffffffff 00cf9300 DPL=0 DS   [-WA]
DS =0030 0000000000000000 ffffffff 00cf9300 DPL=0 DS   [-WA]
FS =0030 0000000000000000 ffffffff 00cf9300 DPL=0 DS   [-WA]
GS =0030 0000000000000000 ffffffff 00cf9300 DPL=0 DS   [-WA]
LDT=0000 0000000000000000 0000ffff 00008200 DPL=0 LDT
TR =0048 000000007f5da058 00000067 00008900 DPL=0 TSS64-avl
GDT=     000000007f5da000 00000057
IDT=     000000007bb7af58 00000fff
CR0=80010033 CR2=0000000000000000 CR3=000000007f801000 CR4=00000668
DR0=0000000000000000 DR1=0000000000000000 DR2=0000000000000000 DR3=0000000000000000 
DR6=00000000ffff0ff0 DR7=0000000000000400
CCS=0000000000000004 CCD=0000000000005ee8 CCO=EFLAGS
EFER=0000000000000d00
