Archive member included to satisfy reference by file (symbol)

C:\GitHub\BlockyOS\compile\toolchain\gnu-efi-build\x86_64\/lib/\libefi.a(data.o)
                              C:\GitHub\BlockyOS\Build\Build-2026-05-22-00\objs\UEFI.c.tools.o (gEfiDevicePathProtocolGuid)
C:\GitHub\BlockyOS\compile\toolchain\gnu-efi-build\x86_64\/lib/\libefi.a(entry.o)
                              C:\GitHub\BlockyOS\compile\toolchain\gnu-efi-build\x86_64\lib/crt0-efi-x86_64.o (_entry)
C:\GitHub\BlockyOS\compile\toolchain\gnu-efi-build\x86_64\/lib/\libefi.a(guid.o)
                              C:\GitHub\BlockyOS\Build\Build-2026-05-22-00\objs\UEFI.c.tools.o (GuidToString)
C:\GitHub\BlockyOS\compile\toolchain\gnu-efi-build\x86_64\/lib/\libefi.a(init.o)
                              C:\GitHub\BlockyOS\Build\Build-2026-05-22-00\objs\UEFI.c.boot.o (InitializeLib)
C:\GitHub\BlockyOS\compile\toolchain\gnu-efi-build\x86_64\/lib/\libefi.a(misc.o)
                              C:\GitHub\BlockyOS\Build\Build-2026-05-22-00\objs\UEFI.c.tools.o (AllocatePool)
C:\GitHub\BlockyOS\compile\toolchain\gnu-efi-build\x86_64\/lib/\libefi.a(str.o)
                              C:\GitHub\BlockyOS\compile\toolchain\gnu-efi-build\x86_64\/lib/\libefi.a(data.o) (LibStubStriCmp)
C:\GitHub\BlockyOS\compile\toolchain\gnu-efi-build\x86_64\/lib/\libefi.a(efirtlib.o)
                              C:\GitHub\BlockyOS\compile\toolchain\gnu-efi-build\x86_64\/lib/\libefi.a(misc.o) (RtZeroMem)
C:\GitHub\BlockyOS\compile\toolchain\gnu-efi-build\x86_64\/lib/\libefi.a(rtstr.o)
                              C:\GitHub\BlockyOS\compile\toolchain\gnu-efi-build\x86_64\/lib/\libefi.a(str.o) (RtStrCmp)
C:\GitHub\BlockyOS\compile\toolchain\gnu-efi-build\x86_64\/lib/\libefi.a(rtdata.o)
                              C:\GitHub\BlockyOS\compile\toolchain\gnu-efi-build\x86_64\/lib/\libefi.a(init.o) (EFIDebug)
C:\GitHub\BlockyOS\compile\toolchain\gnu-efi-build\x86_64\/lib/\libefi.a(initplat.o)
                              C:\GitHub\BlockyOS\compile\toolchain\gnu-efi-build\x86_64\/lib/\libefi.a(init.o) (InitializeLibPlatform)
C:\GitHub\BlockyOS\compile\toolchain\gnu-efi-build\x86_64\/lib/\libefi.a(print.o)
                              C:\GitHub\BlockyOS\Build\Build-2026-05-22-00\objs\UEFI.c.bthelper.o (UnicodeSPrint)
C:\GitHub\BlockyOS\compile\toolchain\gnu-efi-build\x86_64\/lib/\libefi.a(va_print.o)
                              C:\GitHub\BlockyOS\compile\toolchain\gnu-efi-build\x86_64\/lib/\libefi.a(print.o) (_PoolCatPrint)
C:\GitHub\BlockyOS\compile\toolchain\gnu-efi-build\x86_64\/lib/\libefi.a(efi_stub.o)
                              C:\GitHub\BlockyOS\Build\Build-2026-05-22-00\objs\UEFI.c.tools.o (efi_call2)
C:\GitHub\BlockyOS\compile\toolchain\gnu-efi-build\x86_64\/lib/\libefi.a(console.o)
                              C:\GitHub\BlockyOS\compile\toolchain\gnu-efi-build\x86_64\/lib/\libefi.a(print.o) (Input)
C:\GitHub\BlockyOS\compile\toolchain\gnu-efi-build\x86_64\/lib/\libefi.a(dpath.o)
                              C:\GitHub\BlockyOS\compile\toolchain\gnu-efi-build\x86_64\/lib/\libefi.a(misc.o) (DevicePathFromHandle)
C:\GitHub\BlockyOS\compile\toolchain\gnu-efi-build\x86_64\/lib/\libefi.a(error.o)
                              C:\GitHub\BlockyOS\compile\toolchain\gnu-efi-build\x86_64\/lib/\libefi.a(print.o) (StatusToString)
C:\GitHub\BlockyOS\compile\toolchain\gnu-efi-build\x86_64\/lib/\libefi.a(event.o)
                              C:\GitHub\BlockyOS\compile\toolchain\gnu-efi-build\x86_64\/lib/\libefi.a(console.o) (WaitForSingleEvent)
C:\GitHub\BlockyOS\compile\toolchain\gnu-efi-build\x86_64\/lib/\libefi.a(hand.o)
                              C:\GitHub\BlockyOS\compile\toolchain\gnu-efi-build\x86_64\/lib/\libefi.a(init.o) (LibLocateHandle)
C:\GitHub\BlockyOS\compile\toolchain\gnu-efi-build\x86_64\/lib/\libefi.a(math.o)
                              C:\GitHub\BlockyOS\compile\toolchain\gnu-efi-build\x86_64\/lib/\libefi.a(print.o) (RShiftU64)
C:\GitHub\BlockyOS\compile\toolchain\gnu-efi-build\x86_64\/lib/\libgnuefi.a(reloc_x86_64.o)
                              C:\GitHub\BlockyOS\compile\toolchain\gnu-efi-build\x86_64\lib/crt0-efi-x86_64.o (_relocate)

There are no discarded input sections

Memory Configuration

Name             Origin             Length             Attributes
*default*        0x0000000000000000 0xffffffffffffffff

Linker script and memory map

                0x0000000000000000                . = 0x0
                0x0000000000000000                ImageBase = .

.hash
 *(.hash)

.gnu.hash
 *(.gnu.hash)
                0x0000000000000000                . = ALIGN (0x1000)

.eh_frame       0x0000000000000000     0x3464
 *(.eh_frame)
 .eh_frame      0x0000000000000000      0x680 C:\GitHub\BlockyOS\Build\Build-2026-05-22-00\objs\UEFI.c.frat.o
 .eh_frame      0x0000000000000680      0x178 C:\GitHub\BlockyOS\Build\Build-2026-05-22-00\objs\UEFI.c.raw.o
 .eh_frame      0x00000000000007f8      0x258 C:\GitHub\BlockyOS\Build\Build-2026-05-22-00\objs\UEFI.c.blake2b-ref.o
 .eh_frame      0x0000000000000a50      0x158 C:\GitHub\BlockyOS\Build\Build-2026-05-22-00\objs\UEFI.c.blake2bp-ref.o
 .eh_frame      0x0000000000000ba8      0x238 C:\GitHub\BlockyOS\Build\Build-2026-05-22-00\objs\UEFI.c.blake2s-ref.o
 .eh_frame      0x0000000000000de0      0x178 C:\GitHub\BlockyOS\Build\Build-2026-05-22-00\objs\UEFI.c.blake2sp-ref.o
 .eh_frame      0x0000000000000f58      0x118 C:\GitHub\BlockyOS\Build\Build-2026-05-22-00\objs\UEFI.c.blake2xb-ref.o
 .eh_frame      0x0000000000001070      0x138 C:\GitHub\BlockyOS\Build\Build-2026-05-22-00\objs\UEFI.c.blake2xs-ref.o
 .eh_frame      0x00000000000011a8       0xc8 C:\GitHub\BlockyOS\Build\Build-2026-05-22-00\objs\UEFI.c.execload.o
 .eh_frame      0x0000000000001270       0x38 C:\GitHub\BlockyOS\Build\Build-2026-05-22-00\objs\UEFI.c.socket.o
 .eh_frame      0x00000000000012a8      0x220 C:\GitHub\BlockyOS\Build\Build-2026-05-22-00\objs\UEFI.c.sockets.o
 .eh_frame      0x00000000000014c8      0x420 C:\GitHub\BlockyOS\Build\Build-2026-05-22-00\objs\UEFI.c.tools.o
 .eh_frame      0x00000000000018e8       0x60 C:\GitHub\BlockyOS\Build\Build-2026-05-22-00\objs\UEFI.c.boot.o
 .eh_frame      0x0000000000001948      0x170 C:\GitHub\BlockyOS\Build\Build-2026-05-22-00\objs\UEFI.c.bthelper.o
 .eh_frame      0x0000000000001ab8       0x50 C:\GitHub\BlockyOS\compile\toolchain\gnu-efi-build\x86_64\/lib/\libefi.a(entry.o)
 .eh_frame      0x0000000000001b08       0x98 C:\GitHub\BlockyOS\compile\toolchain\gnu-efi-build\x86_64\/lib/\libefi.a(guid.o)
 .eh_frame      0x0000000000001ba0       0xd8 C:\GitHub\BlockyOS\compile\toolchain\gnu-efi-build\x86_64\/lib/\libefi.a(init.o)
 .eh_frame      0x0000000000001c78      0x3a8 C:\GitHub\BlockyOS\compile\toolchain\gnu-efi-build\x86_64\/lib/\libefi.a(misc.o)
 .eh_frame      0x0000000000002020      0x2f0 C:\GitHub\BlockyOS\compile\toolchain\gnu-efi-build\x86_64\/lib/\libefi.a(str.o)
 .eh_frame      0x0000000000002310       0xa8 C:\GitHub\BlockyOS\compile\toolchain\gnu-efi-build\x86_64\/lib/\libefi.a(efirtlib.o)
 .eh_frame      0x00000000000023b8      0x140 C:\GitHub\BlockyOS\compile\toolchain\gnu-efi-build\x86_64\/lib/\libefi.a(rtstr.o)
 .eh_frame      0x00000000000024f8       0x30 C:\GitHub\BlockyOS\compile\toolchain\gnu-efi-build\x86_64\/lib/\libefi.a(initplat.o)
 .eh_frame      0x0000000000002528      0x3a8 C:\GitHub\BlockyOS\compile\toolchain\gnu-efi-build\x86_64\/lib/\libefi.a(print.o)
 .eh_frame      0x00000000000028d0      0x198 C:\GitHub\BlockyOS\compile\toolchain\gnu-efi-build\x86_64\/lib/\libefi.a(va_print.o)
 .eh_frame      0x0000000000002a68       0x88 C:\GitHub\BlockyOS\compile\toolchain\gnu-efi-build\x86_64\/lib/\libefi.a(console.o)
 .eh_frame      0x0000000000002af0      0x5f8 C:\GitHub\BlockyOS\compile\toolchain\gnu-efi-build\x86_64\/lib/\libefi.a(dpath.o)
 .eh_frame      0x00000000000030e8       0x30 C:\GitHub\BlockyOS\compile\toolchain\gnu-efi-build\x86_64\/lib/\libefi.a(error.o)
 .eh_frame      0x0000000000003118       0xb0 C:\GitHub\BlockyOS\compile\toolchain\gnu-efi-build\x86_64\/lib/\libefi.a(event.o)
 .eh_frame      0x00000000000031c8      0x208 C:\GitHub\BlockyOS\compile\toolchain\gnu-efi-build\x86_64\/lib/\libefi.a(hand.o)
 .eh_frame      0x00000000000033d0       0x68 C:\GitHub\BlockyOS\compile\toolchain\gnu-efi-build\x86_64\/lib/\libefi.a(math.o)
 .eh_frame      0x0000000000003438       0x2c C:\GitHub\BlockyOS\compile\toolchain\gnu-efi-build\x86_64\/lib/\libgnuefi.a(reloc_x86_64.o)
                                         0x30 (size before relaxing)

.eh_frame_hdr
 *(.eh_frame_hdr)

.gcc_except_table
 *(.gcc_except_table*)
                0x0000000000004000                . = ALIGN (0x1000)

.text           0x0000000000004000    0x20b70
                0x0000000000004000                _text = .
 *(.text)
 .text          0x0000000000004000       0x29 C:\GitHub\BlockyOS\compile\toolchain\gnu-efi-build\x86_64\lib/crt0-efi-x86_64.o
                0x0000000000004000                _start
 .text          0x0000000000004029        0x0 C:\GitHub\BlockyOS\Build\Build-2026-05-22-00\objs\UEFI.c.frat.o
 .text          0x0000000000004029        0x0 C:\GitHub\BlockyOS\Build\Build-2026-05-22-00\objs\UEFI.c.raw.o
 .text          0x0000000000004029        0x0 C:\GitHub\BlockyOS\Build\Build-2026-05-22-00\objs\UEFI.c.blake2b-ref.o
 .text          0x0000000000004029        0x0 C:\GitHub\BlockyOS\Build\Build-2026-05-22-00\objs\UEFI.c.blake2bp-ref.o
 .text          0x0000000000004029        0x0 C:\GitHub\BlockyOS\Build\Build-2026-05-22-00\objs\UEFI.c.blake2s-ref.o
 .text          0x0000000000004029        0x0 C:\GitHub\BlockyOS\Build\Build-2026-05-22-00\objs\UEFI.c.blake2sp-ref.o
 .text          0x0000000000004029        0x0 C:\GitHub\BlockyOS\Build\Build-2026-05-22-00\objs\UEFI.c.blake2xb-ref.o
 .text          0x0000000000004029        0x0 C:\GitHub\BlockyOS\Build\Build-2026-05-22-00\objs\UEFI.c.blake2xs-ref.o
 .text          0x0000000000004029        0x0 C:\GitHub\BlockyOS\Build\Build-2026-05-22-00\objs\UEFI.c.execload.o
 .text          0x0000000000004029        0x0 C:\GitHub\BlockyOS\Build\Build-2026-05-22-00\objs\UEFI.c.socket.o
 .text          0x0000000000004029        0x0 C:\GitHub\BlockyOS\Build\Build-2026-05-22-00\objs\UEFI.c.sockets.o
 .text          0x0000000000004029        0x0 C:\GitHub\BlockyOS\Build\Build-2026-05-22-00\objs\UEFI.c.tools.o
 .text          0x0000000000004029        0x0 C:\GitHub\BlockyOS\Build\Build-2026-05-22-00\objs\UEFI.c.boot.o
 .text          0x0000000000004029        0x0 C:\GitHub\BlockyOS\Build\Build-2026-05-22-00\objs\UEFI.c.bthelper.o
 .text          0x0000000000004029        0x0 C:\GitHub\BlockyOS\compile\toolchain\gnu-efi-build\x86_64\/lib/\libefi.a(data.o)
 *fill*         0x0000000000004029        0x7 
 .text          0x0000000000004030      0x13a C:\GitHub\BlockyOS\compile\toolchain\gnu-efi-build\x86_64\/lib/\libefi.a(entry.o)
                0x0000000000004030                _entry
 *fill*         0x000000000000416a        0x6 
 .text          0x0000000000004170      0x11c C:\GitHub\BlockyOS\compile\toolchain\gnu-efi-build\x86_64\/lib/\libefi.a(guid.o)
                0x0000000000004170                InitializeGuid
                0x0000000000004180                CompareGuid_1
                0x0000000000004190                IsZeroGuid
                0x00000000000041a0                GuidToString
 *fill*         0x000000000000428c        0x4 
 .text          0x0000000000004290      0x304 C:\GitHub\BlockyOS\compile\toolchain\gnu-efi-build\x86_64\/lib/\libefi.a(init.o)
                0x0000000000004290                InitializeUnicodeSupport
                0x0000000000004380                EFIDebugVariable
                0x00000000000043d0                InitializeLib
                0x00000000000044d0                memset
                0x0000000000004570                memcpy
 *fill*         0x0000000000004594        0xc 
 .text          0x00000000000045a0      0xa6d C:\GitHub\BlockyOS\compile\toolchain\gnu-efi-build\x86_64\/lib/\libefi.a(misc.o)
                0x00000000000045a0                AllocatePool
                0x00000000000045d0                AllocateZeroPool
                0x0000000000004630                ReallocatePool_1
                0x00000000000046e0                FreePool
                0x0000000000004700                ZeroMem
                0x0000000000004710                SetMem
                0x0000000000004720                CopyMem_1
                0x0000000000004730                CopyMemC
                0x0000000000004740                CompareMem
                0x0000000000004750                GrowBuffer
                0x0000000000004840                LibMemoryMap
                0x0000000000004930                LibGetVariableAndSize
                0x0000000000004a10                LibGetVariable
                0x0000000000004a30                LibDeleteVariable
                0x0000000000004ab0                LibSetNVVariable
                0x0000000000004ae0                LibSetVariable
                0x0000000000004b10                LibInsertToTailOfBootOrder
                0x0000000000004cb0                ValidMBR
                0x0000000000004e70                DecimaltoBCD
                0x0000000000004e80                BCDtoDecimal
                0x0000000000004e90                LibGetSystemConfigurationTable
                0x0000000000004f40                LibGetUiString
 *fill*         0x000000000000500d       0x33 
 .text          0x0000000000005040      0x63d C:\GitHub\BlockyOS\compile\toolchain\gnu-efi-build\x86_64\/lib/\libefi.a(str.o)
                0x0000000000005040                StrCmp
                0x0000000000005050                StrnCmp
                0x00000000000050a0                LibStubStriCmp
                0x0000000000005140                LibStubStrLwrUpr
                0x0000000000005150                StriCmp
                0x0000000000005170                StrLwr
                0x0000000000005190                StrUpr
                0x00000000000051b0                StrCpy
                0x00000000000051c0                StrnCpy
                0x00000000000051d0                StpCpy
                0x00000000000051e0                StpnCpy
                0x00000000000051f0                StrCat
                0x0000000000005200                StrnCat
                0x0000000000005210                StrnLen
                0x0000000000005220                StrLen
                0x0000000000005230                StrSize
                0x0000000000005240                StrDuplicate
                0x0000000000005290                AsciiStrLen
                0x00000000000052c0                AsciiStrCmp
                0x0000000000005320                AsciiStrnCmp
                0x0000000000005370                xtoi
                0x0000000000005430                Atoi
                0x0000000000005490                MetaMatch
                0x00000000000055c0                LibStubMetaiMatch
                0x0000000000005660                MetaiMatch
 *fill*         0x000000000000567d        0x3 
 .text          0x0000000000005680      0x26c C:\GitHub\BlockyOS\compile\toolchain\gnu-efi-build\x86_64\/lib/\libefi.a(efirtlib.o)
                0x0000000000005680                RtZeroMem
                0x0000000000005710                RtSetMem
                0x00000000000057c0                RtCopyMem
                0x0000000000005850                RtCopyMemC
                0x0000000000005860                RtCompareMem
                0x00000000000058b0                RtCompareGuid
                0x00000000000058e0                RtIsZeroGuid
 *fill*         0x00000000000058ec       0x14 
 .text          0x0000000000005900      0x393 C:\GitHub\BlockyOS\compile\toolchain\gnu-efi-build\x86_64\/lib/\libefi.a(rtstr.o)
                0x0000000000005900                RtStrCmp
                0x0000000000005960                RtStrCpy
                0x00000000000059a0                RtStrnCpy
                0x0000000000005a20                RtStpCpy
                0x0000000000005a60                RtStpnCpy
                0x0000000000005af0                RtStrCat
                0x0000000000005b40                RtStrnCat
                0x0000000000005bd0                RtStrLen
                0x0000000000005c00                RtStrnLen
                0x0000000000005c30                RtStrSize
                0x0000000000005c60                RtBCDtoDecimal
                0x0000000000005c70                RtDecimaltoBCD
 .text          0x0000000000005c93        0x0 C:\GitHub\BlockyOS\compile\toolchain\gnu-efi-build\x86_64\/lib/\libefi.a(rtdata.o)
 *fill*         0x0000000000005c93        0xd 
 .text          0x0000000000005ca0        0x1 C:\GitHub\BlockyOS\compile\toolchain\gnu-efi-build\x86_64\/lib/\libefi.a(initplat.o)
                0x0000000000005ca0                InitializeLibPlatform
 *fill*         0x0000000000005ca1       0x1f 
 .text          0x0000000000005cc0     0x2097 C:\GitHub\BlockyOS\compile\toolchain\gnu-efi-build\x86_64\/lib/\libefi.a(print.o)
                0x0000000000005cc0                _DbgOut
                0x0000000000005ce0                _SPrint
                0x0000000000005df0                _PoolPrint
                0x0000000000006180                UnicodeSPrint
                0x0000000000006200                AsciiSPrint
                0x0000000000006280                PoolPrint
                0x0000000000006310                CatPrint
                0x00000000000063c0                Print
                0x0000000000006470                PrintAt
                0x0000000000006510                IPrint
                0x00000000000065b0                IPrintAt
                0x0000000000006640                AsciiPrint
                0x00000000000066f0                ValueToHex
                0x0000000000006710                ValueToString
                0x0000000000006730                FloatToString
                0x0000000000006860                TimeToString
                0x0000000000006900                DbgPrint
                0x0000000000007b70                DumpHex
 *fill*         0x0000000000007d57       0x29 
 .text          0x0000000000007d80     0x1225 C:\GitHub\BlockyOS\compile\toolchain\gnu-efi-build\x86_64\/lib/\libefi.a(va_print.o)
                0x0000000000008c70                _PoolCatPrint
                0x0000000000008cf0                UnicodeVSPrint
                0x0000000000008d30                VPoolPrint
                0x0000000000008d80                _IPrint
                0x0000000000008e80                VPrint
                0x0000000000008eb0                AsciiVSPrint
 .text          0x0000000000008fa5      0x17b C:\GitHub\BlockyOS\compile\toolchain\gnu-efi-build\x86_64\/lib/\libefi.a(efi_stub.o)
                0x0000000000008fa5                efi_call0
                0x0000000000008fb0                efi_call1
                0x0000000000008fbe                efi_call2
                0x0000000000008fcc                efi_call3
                0x0000000000008fdd                efi_call4
                0x0000000000008ff1                efi_call5
                0x000000000000900a                efi_call6
                0x000000000000902d                efi_call7
                0x000000000000905a                efi_call8
                0x0000000000009091                efi_call9
                0x00000000000090d2                efi_call10
 .text          0x0000000000009120      0x11d C:\GitHub\BlockyOS\compile\toolchain\gnu-efi-build\x86_64\/lib/\libefi.a(console.o)
                0x0000000000009120                Output
                0x0000000000009140                IInput
                0x0000000000009220                Input
 *fill*         0x000000000000923d        0x3 
 .text          0x0000000000009240     0x17ea C:\GitHub\BlockyOS\compile\toolchain\gnu-efi-build\x86_64\/lib/\libefi.a(dpath.o)
                0x000000000000a0d0                DevicePathFromHandle
                0x000000000000a110                DevicePathInstance
                0x000000000000a1f0                DevicePathInstanceCount
                0x000000000000a230                DevicePathSize
                0x000000000000a260                DuplicateDevicePath
                0x000000000000a2d0                AppendDevicePath
                0x000000000000a440                AppendDevicePathNode
                0x000000000000a4d0                FileDevicePath
                0x000000000000a580                UnpackDevicePath
                0x000000000000a670                AppendDevicePathInstance
                0x000000000000a780                LibDevicePathToInterface
                0x000000000000a810                DevicePathToStr
                0x000000000000a940                LibMatchDevicePaths
                0x000000000000a9c0                LibDuplicateDevicePathInstance
 *fill*         0x000000000000aa2a       0x16 
 .text          0x000000000000aa40       0x50 C:\GitHub\BlockyOS\compile\toolchain\gnu-efi-build\x86_64\/lib/\libefi.a(error.o)
                0x000000000000aa40                StatusToString
 .text          0x000000000000aa90      0x1e6 C:\GitHub\BlockyOS\compile\toolchain\gnu-efi-build\x86_64\/lib/\libefi.a(event.o)
                0x000000000000aa90                LibCreateProtocolNotifyEvent
                0x000000000000ab10                WaitForSingleEvent
                0x000000000000abe0                WaitForEventWithTimeout
 *fill*         0x000000000000ac76        0xa 
 .text          0x000000000000ac80      0x9cf C:\GitHub\BlockyOS\compile\toolchain\gnu-efi-build\x86_64\/lib/\libefi.a(hand.o)
                0x000000000000ac80                LibLocateHandle
                0x000000000000ad30                LibLocateProtocol
                0x000000000000add0                LibLocateHandleByDiskSignature
                0x000000000000b0b0                LibOpenRoot
                0x000000000000b100                LibFileInfo
                0x000000000000b170                LibFileSystemInfo
                0x000000000000b1e0                LibFileSystemVolumeLabelInfo
                0x000000000000b250                LibInstallProtocolInterfaces
                0x000000000000b3e0                LibUninstallProtocolInterfaces
                0x000000000000b490                LibReinstallProtocolInterfaces
 *fill*         0x000000000000b64f        0x1 
 .text          0x000000000000b650       0x4c C:\GitHub\BlockyOS\compile\toolchain\gnu-efi-build\x86_64\/lib/\libefi.a(math.o)
                0x000000000000b650                LShiftU64
                0x000000000000b660                RShiftU64
                0x000000000000b670                MultU64x32
                0x000000000000b680                DivU64x32
 *fill*         0x000000000000b69c        0x4 
 .text          0x000000000000b6a0       0xbb C:\GitHub\BlockyOS\compile\toolchain\gnu-efi-build\x86_64\/lib/\libgnuefi.a(reloc_x86_64.o)
                0x000000000000b6a0                _relocate
 *(.text.*)
 .text.IoWrite8Inline
                0x000000000000b75b       0x1f C:\GitHub\BlockyOS\Build\Build-2026-05-22-00\objs\UEFI.c.frat.o
 .text.checkdisk
                0x000000000000b77a      0x1b0 C:\GitHub\BlockyOS\Build\Build-2026-05-22-00\objs\UEFI.c.frat.o
                0x000000000000b77a                checkdisk
 .text.loadpart
                0x000000000000b92a      0x2ec C:\GitHub\BlockyOS\Build\Build-2026-05-22-00\objs\UEFI.c.frat.o
                0x000000000000b92a                loadpart
 .text.formatpart
                0x000000000000bc16      0x463 C:\GitHub\BlockyOS\Build\Build-2026-05-22-00\objs\UEFI.c.frat.o
                0x000000000000bc16                formatpart
 .text.queryparttablefs
                0x000000000000c079      0x21d C:\GitHub\BlockyOS\Build\Build-2026-05-22-00\objs\UEFI.c.frat.o
                0x000000000000c079                queryparttablefs
 .text.queryfs  0x000000000000c296      0x14b C:\GitHub\BlockyOS\Build\Build-2026-05-22-00\objs\UEFI.c.frat.o
                0x000000000000c296                queryfs
 .text.fmount   0x000000000000c3e1      0x76b C:\GitHub\BlockyOS\Build\Build-2026-05-22-00\objs\UEFI.c.frat.o
                0x000000000000c3e1                fmount
 .text.allocatecluster
                0x000000000000cb4c       0xbb C:\GitHub\BlockyOS\Build\Build-2026-05-22-00\objs\UEFI.c.frat.o
                0x000000000000cb4c                allocatecluster
 .text.__ffremove
                0x000000000000cc07       0x68 C:\GitHub\BlockyOS\Build\Build-2026-05-22-00\objs\UEFI.c.frat.o
                0x000000000000cc07                __ffremove
 .text.__ffremoveh
                0x000000000000cc6f       0x76 C:\GitHub\BlockyOS\Build\Build-2026-05-22-00\objs\UEFI.c.frat.o
                0x000000000000cc6f                __ffremoveh
 .text.__ffremovel
                0x000000000000cce5       0x30 C:\GitHub\BlockyOS\Build\Build-2026-05-22-00\objs\UEFI.c.frat.o
                0x000000000000cce5                __ffremovel
 .text.__ffremovelh
                0x000000000000cd15       0xe9 C:\GitHub\BlockyOS\Build\Build-2026-05-22-00\objs\UEFI.c.frat.o
                0x000000000000cd15                __ffremovelh
 .text.__fcreate
                0x000000000000cdfe      0x5b6 C:\GitHub\BlockyOS\Build\Build-2026-05-22-00\objs\UEFI.c.frat.o
                0x000000000000cdfe                __fcreate
 .text.__faddr  0x000000000000d3b4      0x45a C:\GitHub\BlockyOS\Build\Build-2026-05-22-00\objs\UEFI.c.frat.o
                0x000000000000d3b4                __faddr
 .text.__finit  0x000000000000d80e      0x3c4 C:\GitHub\BlockyOS\Build\Build-2026-05-22-00\objs\UEFI.c.frat.o
                0x000000000000d80e                __finit
 .text.__fread1
                0x000000000000dbd2      0x262 C:\GitHub\BlockyOS\Build\Build-2026-05-22-00\objs\UEFI.c.frat.o
                0x000000000000dbd2                __fread1
 .text.__ffindh
                0x000000000000de34       0xd0 C:\GitHub\BlockyOS\Build\Build-2026-05-22-00\objs\UEFI.c.frat.o
                0x000000000000de34                __ffindh
 .text.__ffindhi
                0x000000000000df04       0xd5 C:\GitHub\BlockyOS\Build\Build-2026-05-22-00\objs\UEFI.c.frat.o
                0x000000000000df04                __ffindhi
 .text.__ffindi
                0x000000000000dfd9       0x38 C:\GitHub\BlockyOS\Build\Build-2026-05-22-00\objs\UEFI.c.frat.o
                0x000000000000dfd9                __ffindi
 .text.__ffind  0x000000000000e011       0x35 C:\GitHub\BlockyOS\Build\Build-2026-05-22-00\objs\UEFI.c.frat.o
                0x000000000000e011                __ffind
 .text.__fpush1
                0x000000000000e046      0x259 C:\GitHub\BlockyOS\Build\Build-2026-05-22-00\objs\UEFI.c.frat.o
                0x000000000000e046                __fpush1
 .text.__floaddir
                0x000000000000e29f      0x1b9 C:\GitHub\BlockyOS\Build\Build-2026-05-22-00\objs\UEFI.c.frat.o
                0x000000000000e29f                __floaddir
 .text.__fuloaddir
                0x000000000000e458      0x27f C:\GitHub\BlockyOS\Build\Build-2026-05-22-00\objs\UEFI.c.frat.o
                0x000000000000e458                __fuloaddir
 .text.__fdirrefresh
                0x000000000000e6d7      0x258 C:\GitHub\BlockyOS\Build\Build-2026-05-22-00\objs\UEFI.c.frat.o
                0x000000000000e6d7                __fdirrefresh
 .text.fsloadh  0x000000000000e92f       0xbe C:\GitHub\BlockyOS\Build\Build-2026-05-22-00\objs\UEFI.c.frat.o
                0x000000000000e92f                fsloadh
 .text.fsuloadh
                0x000000000000e9ed      0x146 C:\GitHub\BlockyOS\Build\Build-2026-05-22-00\objs\UEFI.c.frat.o
                0x000000000000e9ed                fsuloadh
 .text.__freadinfo
                0x000000000000eb33       0xe2 C:\GitHub\BlockyOS\Build\Build-2026-05-22-00\objs\UEFI.c.frat.o
                0x000000000000eb33                __freadinfo
 .text.__fupdatetstamp
                0x000000000000ec15      0x13b C:\GitHub\BlockyOS\Build\Build-2026-05-22-00\objs\UEFI.c.frat.o
                0x000000000000ec15                __fupdatetstamp
 .text.__fsize  0x000000000000ed50      0x147 C:\GitHub\BlockyOS\Build\Build-2026-05-22-00\objs\UEFI.c.frat.o
                0x000000000000ed50                __fsize
 .text.__dsize  0x000000000000ee97       0x86 C:\GitHub\BlockyOS\Build\Build-2026-05-22-00\objs\UEFI.c.frat.o
                0x000000000000ee97                __dsize
 .text._dreadinfo
                0x000000000000ef1d       0x28 C:\GitHub\BlockyOS\Build\Build-2026-05-22-00\objs\UEFI.c.frat.o
                0x000000000000ef1d                _dreadinfo
 .text._freadinfo
                0x000000000000ef45       0x28 C:\GitHub\BlockyOS\Build\Build-2026-05-22-00\objs\UEFI.c.frat.o
                0x000000000000ef45                _freadinfo
 .text._fseek   0x000000000000ef6d       0x1f C:\GitHub\BlockyOS\Build\Build-2026-05-22-00\objs\UEFI.c.frat.o
                0x000000000000ef6d                _fseek
 .text._fseeko  0x000000000000ef8c       0x2a C:\GitHub\BlockyOS\Build\Build-2026-05-22-00\objs\UEFI.c.frat.o
                0x000000000000ef8c                _fseeko
 .text._fwrite  0x000000000000efb6      0x268 C:\GitHub\BlockyOS\Build\Build-2026-05-22-00\objs\UEFI.c.frat.o
                0x000000000000efb6                _fwrite
 .text._fread   0x000000000000f21e      0x1ad C:\GitHub\BlockyOS\Build\Build-2026-05-22-00\objs\UEFI.c.frat.o
                0x000000000000f21e                _fread
 .text.__fgetparent
                0x000000000000f3cb       0xef C:\GitHub\BlockyOS\Build\Build-2026-05-22-00\objs\UEFI.c.frat.o
                0x000000000000f3cb                __fgetparent
 .text.__fdiradd
                0x000000000000f4ba      0x439 C:\GitHub\BlockyOS\Build\Build-2026-05-22-00\objs\UEFI.c.frat.o
                0x000000000000f4ba                __fdiradd
 .text.__ftest  0x000000000000f8f3      0x264 C:\GitHub\BlockyOS\Build\Build-2026-05-22-00\objs\UEFI.c.frat.o
                0x000000000000f8f3                __ftest
 .text.__fdirlist
                0x000000000000fb57      0x443 C:\GitHub\BlockyOS\Build\Build-2026-05-22-00\objs\UEFI.c.frat.o
                0x000000000000fb57                __fdirlist
 .text.__dirr_init
                0x000000000000ff9a      0x1d6 C:\GitHub\BlockyOS\Build\Build-2026-05-22-00\objs\UEFI.c.frat.o
                0x000000000000ff9a                __dirr_init
 .text.__dirr_matches
                0x0000000000010170       0xa3 C:\GitHub\BlockyOS\Build\Build-2026-05-22-00\objs\UEFI.c.frat.o
 .text.__dirr_push
                0x0000000000010213      0x173 C:\GitHub\BlockyOS\Build\Build-2026-05-22-00\objs\UEFI.c.frat.o
 .text.__dirr_pop
                0x0000000000010386       0x76 C:\GitHub\BlockyOS\Build\Build-2026-05-22-00\objs\UEFI.c.frat.o
 .text.__dirr_free
                0x00000000000103fc      0x10d C:\GitHub\BlockyOS\Build\Build-2026-05-22-00\objs\UEFI.c.frat.o
                0x00000000000103fc                __dirr_free
 .text.__dirr   0x0000000000010509      0x1f6 C:\GitHub\BlockyOS\Build\Build-2026-05-22-00\objs\UEFI.c.frat.o
                0x0000000000010509                __dirr
 .text.__fprint_info
                0x00000000000106ff      0x1e8 C:\GitHub\BlockyOS\Build\Build-2026-05-22-00\objs\UEFI.c.frat.o
                0x00000000000106ff                __fprint_info
 .text.getloc   0x00000000000108e7       0x55 C:\GitHub\BlockyOS\Build\Build-2026-05-22-00\objs\UEFI.c.frat.o
                0x00000000000108e7                getloc
 .text.FindDiskHandleByGUID
                0x000000000001093c      0x808 C:\GitHub\BlockyOS\Build\Build-2026-05-22-00\objs\UEFI.c.raw.o
                0x000000000001093c                FindDiskHandleByGUID
 .text.DisableVerbose
                0x0000000000011144       0x17 C:\GitHub\BlockyOS\Build\Build-2026-05-22-00\objs\UEFI.c.raw.o
                0x0000000000011144                DisableVerbose
 .text.EnableVerbose
                0x000000000001115b       0x17 C:\GitHub\BlockyOS\Build\Build-2026-05-22-00\objs\UEFI.c.raw.o
                0x000000000001115b                EnableVerbose
 .text.getblocksize
                0x0000000000011172       0x15 C:\GitHub\BlockyOS\Build\Build-2026-05-22-00\objs\UEFI.c.raw.o
                0x0000000000011172                getblocksize
 .text.setblocksize
                0x0000000000011187       0x56 C:\GitHub\BlockyOS\Build\Build-2026-05-22-00\objs\UEFI.c.raw.o
                0x0000000000011187                setblocksize
 .text.startup  0x00000000000111dd      0x2d8 C:\GitHub\BlockyOS\Build\Build-2026-05-22-00\objs\UEFI.c.raw.o
                0x00000000000111dd                startup
 .text.readblocks
                0x00000000000114b5      0x241 C:\GitHub\BlockyOS\Build\Build-2026-05-22-00\objs\UEFI.c.raw.o
                0x00000000000114b5                readblocks
 .text.writeblocks
                0x00000000000116f6      0x21e C:\GitHub\BlockyOS\Build\Build-2026-05-22-00\objs\UEFI.c.raw.o
                0x00000000000116f6                writeblocks
 .text.writebytes
                0x0000000000011914      0x18b C:\GitHub\BlockyOS\Build\Build-2026-05-22-00\objs\UEFI.c.raw.o
                0x0000000000011914                writebytes
 .text.readbytes
                0x0000000000011a9f      0x222 C:\GitHub\BlockyOS\Build\Build-2026-05-22-00\objs\UEFI.c.raw.o
                0x0000000000011a9f                readbytes
 .text.dispose  0x0000000000011cc1       0x70 C:\GitHub\BlockyOS\Build\Build-2026-05-22-00\objs\UEFI.c.raw.o
                0x0000000000011cc1                dispose
 .text.load64   0x0000000000011d31       0xb3 C:\GitHub\BlockyOS\Build\Build-2026-05-22-00\objs\UEFI.c.blake2b-ref.o
 .text.store32  0x0000000000011de4       0x5b C:\GitHub\BlockyOS\Build\Build-2026-05-22-00\objs\UEFI.c.blake2b-ref.o
 .text.store64  0x0000000000011e3f       0xba C:\GitHub\BlockyOS\Build\Build-2026-05-22-00\objs\UEFI.c.blake2b-ref.o
 .text.rotr64   0x0000000000011ef9       0x20 C:\GitHub\BlockyOS\Build\Build-2026-05-22-00\objs\UEFI.c.blake2b-ref.o
 .text.secure_zero_memory
                0x0000000000011f19       0x2c C:\GitHub\BlockyOS\Build\Build-2026-05-22-00\objs\UEFI.c.blake2b-ref.o
 .text.blake2b_set_lastnode
                0x0000000000011f45       0x1b C:\GitHub\BlockyOS\Build\Build-2026-05-22-00\objs\UEFI.c.blake2b-ref.o
 .text.blake2b_is_lastblock
                0x0000000000011f60       0x1f C:\GitHub\BlockyOS\Build\Build-2026-05-22-00\objs\UEFI.c.blake2b-ref.o
 .text.blake2b_set_lastblock
                0x0000000000011f7f       0x36 C:\GitHub\BlockyOS\Build\Build-2026-05-22-00\objs\UEFI.c.blake2b-ref.o
 .text.blake2b_increment_counter
                0x0000000000011fb5       0x4f C:\GitHub\BlockyOS\Build\Build-2026-05-22-00\objs\UEFI.c.blake2b-ref.o
 .text.blake2b_init0
                0x0000000000012004       0x54 C:\GitHub\BlockyOS\Build\Build-2026-05-22-00\objs\UEFI.c.blake2b-ref.o
 .text.blake2b_init_param
                0x0000000000012058       0x8f C:\GitHub\BlockyOS\Build\Build-2026-05-22-00\objs\UEFI.c.blake2b-ref.o
                0x0000000000012058                blake2b_init_param
 .text.blake2b_init
                0x00000000000120e7       0xe5 C:\GitHub\BlockyOS\Build\Build-2026-05-22-00\objs\UEFI.c.blake2b-ref.o
                0x00000000000120e7                blake2b_init
 .text.blake2b_init_key
                0x00000000000121cc      0x1b1 C:\GitHub\BlockyOS\Build\Build-2026-05-22-00\objs\UEFI.c.blake2b-ref.o
                0x00000000000121cc                blake2b_init_key
 .text.blake2b_compress
                0x000000000001237d     0x6ce7 C:\GitHub\BlockyOS\Build\Build-2026-05-22-00\objs\UEFI.c.blake2b-ref.o
 .text.blake2b_update
                0x0000000000019064      0x143 C:\GitHub\BlockyOS\Build\Build-2026-05-22-00\objs\UEFI.c.blake2b-ref.o
                0x0000000000019064                blake2b_update
 .text.blake2b_final
                0x00000000000191a7      0x179 C:\GitHub\BlockyOS\Build\Build-2026-05-22-00\objs\UEFI.c.blake2b-ref.o
                0x00000000000191a7                blake2b_final
 .text.blake2b  0x0000000000019320      0x15b C:\GitHub\BlockyOS\Build\Build-2026-05-22-00\objs\UEFI.c.blake2b-ref.o
                0x0000000000019320                blake2b
 .text.blake2   0x000000000001947b       0x48 C:\GitHub\BlockyOS\Build\Build-2026-05-22-00\objs\UEFI.c.blake2b-ref.o
                0x000000000001947b                blake2
 .text.store32  0x00000000000194c3       0x5b C:\GitHub\BlockyOS\Build\Build-2026-05-22-00\objs\UEFI.c.blake2bp-ref.o
 .text.secure_zero_memory
                0x000000000001951e       0x2c C:\GitHub\BlockyOS\Build\Build-2026-05-22-00\objs\UEFI.c.blake2bp-ref.o
 .text.blake2bp_init_leaf_param
                0x000000000001954a       0x41 C:\GitHub\BlockyOS\Build\Build-2026-05-22-00\objs\UEFI.c.blake2bp-ref.o
 .text.blake2bp_init_leaf
                0x000000000001958b       0xdb C:\GitHub\BlockyOS\Build\Build-2026-05-22-00\objs\UEFI.c.blake2bp-ref.o
 .text.blake2bp_init_root
                0x0000000000019666       0xd4 C:\GitHub\BlockyOS\Build\Build-2026-05-22-00\objs\UEFI.c.blake2bp-ref.o
 .text.blake2bp_init
                0x000000000001973a       0xf5 C:\GitHub\BlockyOS\Build\Build-2026-05-22-00\objs\UEFI.c.blake2bp-ref.o
                0x000000000001973a                blake2bp_init
 .text.blake2bp_init_key
                0x000000000001982f      0x1ef C:\GitHub\BlockyOS\Build\Build-2026-05-22-00\objs\UEFI.c.blake2bp-ref.o
                0x000000000001982f                blake2bp_init_key
 .text.blake2bp_update
                0x0000000000019a1e      0x1b3 C:\GitHub\BlockyOS\Build\Build-2026-05-22-00\objs\UEFI.c.blake2bp-ref.o
                0x0000000000019a1e                blake2bp_update
 .text.blake2bp_final
                0x0000000000019bd1      0x19f C:\GitHub\BlockyOS\Build\Build-2026-05-22-00\objs\UEFI.c.blake2bp-ref.o
                0x0000000000019bd1                blake2bp_final
 .text.blake2bp
                0x0000000000019d70      0x362 C:\GitHub\BlockyOS\Build\Build-2026-05-22-00\objs\UEFI.c.blake2bp-ref.o
                0x0000000000019d70                blake2bp
 .text.load32   0x000000000001a0d2       0x59 C:\GitHub\BlockyOS\Build\Build-2026-05-22-00\objs\UEFI.c.blake2s-ref.o
 .text.store16  0x000000000001a12b       0x46 C:\GitHub\BlockyOS\Build\Build-2026-05-22-00\objs\UEFI.c.blake2s-ref.o
 .text.store32  0x000000000001a171       0x5b C:\GitHub\BlockyOS\Build\Build-2026-05-22-00\objs\UEFI.c.blake2s-ref.o
 .text.rotr32   0x000000000001a1cc       0x1c C:\GitHub\BlockyOS\Build\Build-2026-05-22-00\objs\UEFI.c.blake2s-ref.o
 .text.secure_zero_memory
                0x000000000001a1e8       0x2c C:\GitHub\BlockyOS\Build\Build-2026-05-22-00\objs\UEFI.c.blake2s-ref.o
 .text.blake2s_set_lastnode
                0x000000000001a214       0x1a C:\GitHub\BlockyOS\Build\Build-2026-05-22-00\objs\UEFI.c.blake2s-ref.o
 .text.blake2s_is_lastblock
                0x000000000001a22e       0x1d C:\GitHub\BlockyOS\Build\Build-2026-05-22-00\objs\UEFI.c.blake2s-ref.o
 .text.blake2s_set_lastblock
                0x000000000001a24b       0x35 C:\GitHub\BlockyOS\Build\Build-2026-05-22-00\objs\UEFI.c.blake2s-ref.o
 .text.blake2s_increment_counter
                0x000000000001a280       0x45 C:\GitHub\BlockyOS\Build\Build-2026-05-22-00\objs\UEFI.c.blake2s-ref.o
 .text.blake2s_init0
                0x000000000001a2c5       0x52 C:\GitHub\BlockyOS\Build\Build-2026-05-22-00\objs\UEFI.c.blake2s-ref.o
 .text.blake2s_init_param
                0x000000000001a317       0x88 C:\GitHub\BlockyOS\Build\Build-2026-05-22-00\objs\UEFI.c.blake2s-ref.o
                0x000000000001a317                blake2s_init_param
 .text.blake2s_init
                0x000000000001a39f       0xcb C:\GitHub\BlockyOS\Build\Build-2026-05-22-00\objs\UEFI.c.blake2s-ref.o
                0x000000000001a39f                blake2s_init
 .text.blake2s_init_key
                0x000000000001a46a      0x15b C:\GitHub\BlockyOS\Build\Build-2026-05-22-00\objs\UEFI.c.blake2s-ref.o
                0x000000000001a46a                blake2s_init_key
 .text.blake2s_compress
                0x000000000001a5c5     0x3b6a C:\GitHub\BlockyOS\Build\Build-2026-05-22-00\objs\UEFI.c.blake2s-ref.o
 .text.blake2s_update
                0x000000000001e12f      0x131 C:\GitHub\BlockyOS\Build\Build-2026-05-22-00\objs\UEFI.c.blake2s-ref.o
                0x000000000001e12f                blake2s_update
 .text.blake2s_final
                0x000000000001e260      0x145 C:\GitHub\BlockyOS\Build\Build-2026-05-22-00\objs\UEFI.c.blake2s-ref.o
                0x000000000001e260                blake2s_final
 .text.blake2s  0x000000000001e3a5      0x15b C:\GitHub\BlockyOS\Build\Build-2026-05-22-00\objs\UEFI.c.blake2s-ref.o
                0x000000000001e3a5                blake2s
 .text.store16  0x000000000001e500       0x46 C:\GitHub\BlockyOS\Build\Build-2026-05-22-00\objs\UEFI.c.blake2sp-ref.o
 .text.store32  0x000000000001e546       0x5b C:\GitHub\BlockyOS\Build\Build-2026-05-22-00\objs\UEFI.c.blake2sp-ref.o
 .text.secure_zero_memory
                0x000000000001e5a1       0x2c C:\GitHub\BlockyOS\Build\Build-2026-05-22-00\objs\UEFI.c.blake2sp-ref.o
 .text.blake2sp_init_leaf_param
                0x000000000001e5cd       0x3e C:\GitHub\BlockyOS\Build\Build-2026-05-22-00\objs\UEFI.c.blake2sp-ref.o
 .text.blake2sp_init_leaf
                0x000000000001e60b       0xc1 C:\GitHub\BlockyOS\Build\Build-2026-05-22-00\objs\UEFI.c.blake2sp-ref.o
 .text.blake2sp_init_root
                0x000000000001e6cc       0xba C:\GitHub\BlockyOS\Build\Build-2026-05-22-00\objs\UEFI.c.blake2sp-ref.o
 .text.blake2sp_init
                0x000000000001e786       0xf5 C:\GitHub\BlockyOS\Build\Build-2026-05-22-00\objs\UEFI.c.blake2sp-ref.o
                0x000000000001e786                blake2sp_init
 .text.blake2sp_init_key
                0x000000000001e87b      0x198 C:\GitHub\BlockyOS\Build\Build-2026-05-22-00\objs\UEFI.c.blake2sp-ref.o
                0x000000000001e87b                blake2sp_init_key
 .text.blake2sp_update
                0x000000000001ea13      0x1b3 C:\GitHub\BlockyOS\Build\Build-2026-05-22-00\objs\UEFI.c.blake2sp-ref.o
                0x000000000001ea13                blake2sp_update
 .text.blake2sp_final
                0x000000000001ebc6      0x19c C:\GitHub\BlockyOS\Build\Build-2026-05-22-00\objs\UEFI.c.blake2sp-ref.o
                0x000000000001ebc6                blake2sp_final
 .text.blake2sp
                0x000000000001ed62      0x362 C:\GitHub\BlockyOS\Build\Build-2026-05-22-00\objs\UEFI.c.blake2sp-ref.o
                0x000000000001ed62                blake2sp
 .text.load32   0x000000000001f0c4       0x59 C:\GitHub\BlockyOS\Build\Build-2026-05-22-00\objs\UEFI.c.blake2xb-ref.o
 .text.store32  0x000000000001f11d       0x5b C:\GitHub\BlockyOS\Build\Build-2026-05-22-00\objs\UEFI.c.blake2xb-ref.o
 .text.secure_zero_memory
                0x000000000001f178       0x2c C:\GitHub\BlockyOS\Build\Build-2026-05-22-00\objs\UEFI.c.blake2xb-ref.o
 .text.blake2xb_init
                0x000000000001f1a4       0x2c C:\GitHub\BlockyOS\Build\Build-2026-05-22-00\objs\UEFI.c.blake2xb-ref.o
                0x000000000001f1a4                blake2xb_init
 .text.blake2xb_init_key
                0x000000000001f1d0      0x22d C:\GitHub\BlockyOS\Build\Build-2026-05-22-00\objs\UEFI.c.blake2xb-ref.o
                0x000000000001f1d0                blake2xb_init_key
 .text.blake2xb_update
                0x000000000001f3fd       0x2d C:\GitHub\BlockyOS\Build\Build-2026-05-22-00\objs\UEFI.c.blake2xb-ref.o
                0x000000000001f3fd                blake2xb_update
 .text.blake2xb_final
                0x000000000001f42a      0x220 C:\GitHub\BlockyOS\Build\Build-2026-05-22-00\objs\UEFI.c.blake2xb-ref.o
                0x000000000001f42a                blake2xb_final
 .text.blake2xb
                0x000000000001f64a      0x11b C:\GitHub\BlockyOS\Build\Build-2026-05-22-00\objs\UEFI.c.blake2xb-ref.o
                0x000000000001f64a                blake2xb
 .text.load16   0x000000000001f765       0x33 C:\GitHub\BlockyOS\Build\Build-2026-05-22-00\objs\UEFI.c.blake2xs-ref.o
 .text.store16  0x000000000001f798       0x46 C:\GitHub\BlockyOS\Build\Build-2026-05-22-00\objs\UEFI.c.blake2xs-ref.o
 .text.store32  0x000000000001f7de       0x5b C:\GitHub\BlockyOS\Build\Build-2026-05-22-00\objs\UEFI.c.blake2xs-ref.o
 .text.secure_zero_memory
                0x000000000001f839       0x2c C:\GitHub\BlockyOS\Build\Build-2026-05-22-00\objs\UEFI.c.blake2xs-ref.o
 .text.blake2xs_init
                0x000000000001f865       0x2c C:\GitHub\BlockyOS\Build\Build-2026-05-22-00\objs\UEFI.c.blake2xs-ref.o
                0x000000000001f865                blake2xs_init
 .text.blake2xs_init_key
                0x000000000001f891      0x1b5 C:\GitHub\BlockyOS\Build\Build-2026-05-22-00\objs\UEFI.c.blake2xs-ref.o
                0x000000000001f891                blake2xs_init_key
 .text.blake2xs_update
                0x000000000001fa46       0x2d C:\GitHub\BlockyOS\Build\Build-2026-05-22-00\objs\UEFI.c.blake2xs-ref.o
                0x000000000001fa46                blake2xs_update
 .text.blake2xs_final
                0x000000000001fa73      0x223 C:\GitHub\BlockyOS\Build\Build-2026-05-22-00\objs\UEFI.c.blake2xs-ref.o
                0x000000000001fa73                blake2xs_final
 .text.blake2xs
                0x000000000001fc96      0x11b C:\GitHub\BlockyOS\Build\Build-2026-05-22-00\objs\UEFI.c.blake2xs-ref.o
                0x000000000001fc96                blake2xs
 .text.srchSecWithPrefix
                0x000000000001fdb1      0x152 C:\GitHub\BlockyOS\Build\Build-2026-05-22-00\objs\UEFI.c.execload.o
 .text.srchSymbol
                0x000000000001ff03      0x140 C:\GitHub\BlockyOS\Build\Build-2026-05-22-00\objs\UEFI.c.execload.o
 .text.computeReloc
                0x0000000000020043       0x4c C:\GitHub\BlockyOS\Build\Build-2026-05-22-00\objs\UEFI.c.execload.o
                0x0000000000020043                computeReloc
 .text.loadSection
                0x000000000002008f       0xcc C:\GitHub\BlockyOS\Build\Build-2026-05-22-00\objs\UEFI.c.execload.o
 .text.__resolve
                0x000000000002015b      0xfbb C:\GitHub\BlockyOS\Build\Build-2026-05-22-00\objs\UEFI.c.execload.o
                0x000000000002015b                __resolve
 .text.socketopen
                0x0000000000021116      0x1fd C:\GitHub\BlockyOS\Build\Build-2026-05-22-00\objs\UEFI.c.socket.o
                0x0000000000021116                socketopen
 .text.__fhandle_sckwrite
                0x0000000000021313      0x16c C:\GitHub\BlockyOS\Build\Build-2026-05-22-00\objs\UEFI.c.sockets.o
                0x0000000000021313                __fhandle_sckwrite
 .text.__fhandle_sckread
                0x000000000002147f      0x1a1 C:\GitHub\BlockyOS\Build\Build-2026-05-22-00\objs\UEFI.c.sockets.o
                0x000000000002147f                __fhandle_sckread
 .text.__fhandle_sckclose
                0x0000000000021620      0x124 C:\GitHub\BlockyOS\Build\Build-2026-05-22-00\objs\UEFI.c.sockets.o
                0x0000000000021620                __fhandle_sckclose
 .text.__fhandle_sckOPENchild
                0x0000000000021744      0x42e C:\GitHub\BlockyOS\Build\Build-2026-05-22-00\objs\UEFI.c.sockets.o
                0x0000000000021744                __fhandle_sckOPENchild
 .text.__froot_sckread
                0x0000000000021b72       0x3f C:\GitHub\BlockyOS\Build\Build-2026-05-22-00\objs\UEFI.c.sockets.o
                0x0000000000021b72                __froot_sckread
 .text.__froot_sckwrite
                0x0000000000021bb1       0x3f C:\GitHub\BlockyOS\Build\Build-2026-05-22-00\objs\UEFI.c.sockets.o
                0x0000000000021bb1                __froot_sckwrite
 .text.__froot_sckclose
                0x0000000000021bf0      0x1a2 C:\GitHub\BlockyOS\Build\Build-2026-05-22-00\objs\UEFI.c.sockets.o
                0x0000000000021bf0                __froot_sckclose
 .text.__froot_sckOPENchild
                0x0000000000021d92      0x2af C:\GitHub\BlockyOS\Build\Build-2026-05-22-00\objs\UEFI.c.sockets.o
                0x0000000000021d92                __froot_sckOPENchild
 .text.__froot_sckopen
                0x0000000000022041      0x312 C:\GitHub\BlockyOS\Build\Build-2026-05-22-00\objs\UEFI.c.sockets.o
                0x0000000000022041                __froot_sckopen
 .text._GUIDtoSTR
                0x0000000000022353       0x66 C:\GitHub\BlockyOS\Build\Build-2026-05-22-00\objs\UEFI.c.tools.o
                0x0000000000022353                _GUIDtoSTR
 .text.prGUID   0x00000000000223b9       0x7d C:\GitHub\BlockyOS\Build\Build-2026-05-22-00\objs\UEFI.c.tools.o
                0x00000000000223b9                prGUID
 .text.strcheck
                0x0000000000022436       0x53 C:\GitHub\BlockyOS\Build\Build-2026-05-22-00\objs\UEFI.c.tools.o
                0x0000000000022436                strcheck
 .text.strchecki
                0x0000000000022489       0x54 C:\GitHub\BlockyOS\Build\Build-2026-05-22-00\objs\UEFI.c.tools.o
                0x0000000000022489                strchecki
 .text.__memdup
                0x00000000000224dd       0x62 C:\GitHub\BlockyOS\Build\Build-2026-05-22-00\objs\UEFI.c.tools.o
                0x00000000000224dd                __memdup
 .text.isascii  0x000000000002253f       0x14 C:\GitHub\BlockyOS\Build\Build-2026-05-22-00\objs\UEFI.c.tools.o
                0x000000000002253f                isascii
 .text.__getfcode
                0x0000000000022553      0x107 C:\GitHub\BlockyOS\Build\Build-2026-05-22-00\objs\UEFI.c.tools.o
                0x0000000000022553                __getfcode
 .text.readbuf  0x000000000002265a      0x109 C:\GitHub\BlockyOS\Build\Build-2026-05-22-00\objs\UEFI.c.tools.o
                0x000000000002265a                readbuf
 .text.strtok_i
                0x0000000000022763       0xbf C:\GitHub\BlockyOS\Build\Build-2026-05-22-00\objs\UEFI.c.tools.o
                0x0000000000022763                strtok_i
 .text.strtok_k
                0x0000000000022822      0x1f4 C:\GitHub\BlockyOS\Build\Build-2026-05-22-00\objs\UEFI.c.tools.o
                0x0000000000022822                strtok_k
 .text.strtok_d
                0x0000000000022a16       0xa1 C:\GitHub\BlockyOS\Build\Build-2026-05-22-00\objs\UEFI.c.tools.o
                0x0000000000022a16                strtok_d
 .text.trng__   0x0000000000022ab7       0x95 C:\GitHub\BlockyOS\Build\Build-2026-05-22-00\objs\UEFI.c.tools.o
                0x0000000000022ab7                trng__
 .text.tolower  0x0000000000022b4c       0x16 C:\GitHub\BlockyOS\Build\Build-2026-05-22-00\objs\UEFI.c.tools.o
                0x0000000000022b4c                tolower
 .text.isdigit  0x0000000000022b62       0x2a C:\GitHub\BlockyOS\Build\Build-2026-05-22-00\objs\UEFI.c.tools.o
                0x0000000000022b62                isdigit
 .text.str_tolower
                0x0000000000022b8c       0x7a C:\GitHub\BlockyOS\Build\Build-2026-05-22-00\objs\UEFI.c.tools.o
                0x0000000000022b8c                str_tolower
 .text.match_rec
                0x0000000000022c06      0x134 C:\GitHub\BlockyOS\Build\Build-2026-05-22-00\objs\UEFI.c.tools.o
                0x0000000000022c06                match_rec
 .text.makeGPTeNSTR
                0x0000000000022d3a       0x96 C:\GitHub\BlockyOS\Build\Build-2026-05-22-00\objs\UEFI.c.tools.o
                0x0000000000022d3a                makeGPTeNSTR
 .text.__pattmatch
                0x0000000000022dd0      0x156 C:\GitHub\BlockyOS\Build\Build-2026-05-22-00\objs\UEFI.c.tools.o
                0x0000000000022dd0                __pattmatch
 .text.__realloc_
                0x0000000000022f26       0xd4 C:\GitHub\BlockyOS\Build\Build-2026-05-22-00\objs\UEFI.c.tools.o
                0x0000000000022f26                __realloc_
 .text.__calloc_
                0x0000000000022ffa       0x7f C:\GitHub\BlockyOS\Build\Build-2026-05-22-00\objs\UEFI.c.tools.o
                0x0000000000022ffa                __calloc_
 .text.__memset
                0x0000000000023079       0x56 C:\GitHub\BlockyOS\Build\Build-2026-05-22-00\objs\UEFI.c.tools.o
                0x0000000000023079                __memset
 .text.__safecopy
                0x00000000000230cf       0x80 C:\GitHub\BlockyOS\Build\Build-2026-05-22-00\objs\UEFI.c.tools.o
                0x00000000000230cf                __safecopy
 .text.__memcpy
                0x000000000002314f       0x5f C:\GitHub\BlockyOS\Build\Build-2026-05-22-00\objs\UEFI.c.tools.o
                0x000000000002314f                __memcpy
 .text.__strlen
                0x00000000000231ae       0x33 C:\GitHub\BlockyOS\Build\Build-2026-05-22-00\objs\UEFI.c.tools.o
                0x00000000000231ae                __strlen
 .text.__strdup
                0x00000000000231e1       0x2d C:\GitHub\BlockyOS\Build\Build-2026-05-22-00\objs\UEFI.c.tools.o
                0x00000000000231e1                __strdup
 .text.__strspn
                0x000000000002320e       0x6a C:\GitHub\BlockyOS\Build\Build-2026-05-22-00\objs\UEFI.c.tools.o
                0x000000000002320e                __strspn
 .text.__memcmp
                0x0000000000023278       0x9e C:\GitHub\BlockyOS\Build\Build-2026-05-22-00\objs\UEFI.c.tools.o
                0x0000000000023278                __memcmp
 .text.getDriveMediaID
                0x0000000000023316      0x161 C:\GitHub\BlockyOS\Build\Build-2026-05-22-00\objs\UEFI.c.tools.o
                0x0000000000023316                getDriveMediaID
 .text.ValidateImageHandle
                0x0000000000023477       0x59 C:\GitHub\BlockyOS\Build\Build-2026-05-22-00\objs\UEFI.c.tools.o
                0x0000000000023477                ValidateImageHandle
 .text.IsPartition
                0x00000000000234d0       0x72 C:\GitHub\BlockyOS\Build\Build-2026-05-22-00\objs\UEFI.c.tools.o
                0x00000000000234d0                IsPartition
 .text.GetDevicePath
                0x0000000000023542       0x57 C:\GitHub\BlockyOS\Build\Build-2026-05-22-00\objs\UEFI.c.tools.o
                0x0000000000023542                GetDevicePath
 .text.RestartSystem
                0x0000000000023599       0x2e C:\GitHub\BlockyOS\Build\Build-2026-05-22-00\objs\UEFI.c.tools.o
                0x0000000000023599                RestartSystem
 .text.libinit  0x00000000000235c7       0x91 C:\GitHub\BlockyOS\Build\Build-2026-05-22-00\objs\UEFI.c.boot.o
                0x00000000000235c7                libinit
 .text.efi_main
                0x0000000000023658      0x35e C:\GitHub\BlockyOS\Build\Build-2026-05-22-00\objs\UEFI.c.boot.o
                0x0000000000023658                efi_main
 .text.ProcessNode
                0x00000000000239b6      0x155 C:\GitHub\BlockyOS\Build\Build-2026-05-22-00\objs\UEFI.c.bthelper.o
                0x00000000000239b6                ProcessNode
 .text.BuildDeviceTree
                0x0000000000023b0b       0xd1 C:\GitHub\BlockyOS\Build\Build-2026-05-22-00\objs\UEFI.c.bthelper.o
                0x0000000000023b0b                BuildDeviceTree
 .text.DebugDevicePath
                0x0000000000023bdc       0xc8 C:\GitHub\BlockyOS\Build\Build-2026-05-22-00\objs\UEFI.c.bthelper.o
                0x0000000000023bdc                DebugDevicePath
 .text.DescribeDeviceNode
                0x0000000000023ca4      0x35c C:\GitHub\BlockyOS\Build\Build-2026-05-22-00\objs\UEFI.c.bthelper.o
                0x0000000000023ca4                DescribeDeviceNode
 .text.getDevPath
                0x0000000000024000       0xa8 C:\GitHub\BlockyOS\Build\Build-2026-05-22-00\objs\UEFI.c.bthelper.o
                0x0000000000024000                getDevPath
 .text.loadDNodes
                0x00000000000240a8      0x278 C:\GitHub\BlockyOS\Build\Build-2026-05-22-00\objs\UEFI.c.bthelper.o
                0x00000000000240a8                loadDNodes
 .text.GetMemoryMap
                0x0000000000024320      0x28d C:\GitHub\BlockyOS\Build\Build-2026-05-22-00\objs\UEFI.c.bthelper.o
                0x0000000000024320                GetMemoryMap
 .text.EfiMemoryTypeToStr
                0x00000000000245ad      0x175 C:\GitHub\BlockyOS\Build\Build-2026-05-22-00\objs\UEFI.c.bthelper.o
 .text.gatherbootinfo
                0x0000000000024722       0xf6 C:\GitHub\BlockyOS\Build\Build-2026-05-22-00\objs\UEFI.c.bthelper.o
                0x0000000000024722                gatherbootinfo
 .text.CreateBootEntry
                0x0000000000024818      0x354 C:\GitHub\BlockyOS\Build\Build-2026-05-22-00\objs\UEFI.c.bthelper.o
                0x0000000000024818                CreateBootEntry
 *(.gnu.linkonce.t.*)
 *(.plt)
                0x0000000000024b70                . = ALIGN (0x10)
 *fill*         0x0000000000024b6c        0x4 
                0x0000000000024b70                _etext = .
                0x0000000000020b70                _text_size = (_etext - _text)
                0x0000000000025000                . = ALIGN (0x1000)

.data           0x0000000000025000      0xd68
                0x0000000000025000                _data = .
 *(.got.plt)
 *(.got)
 *(.data*)
 .data          0x0000000000025000        0x8 C:\GitHub\BlockyOS\compile\toolchain\gnu-efi-build\x86_64\lib/crt0-efi-x86_64.o
 .data          0x0000000000025008        0x0 C:\GitHub\BlockyOS\Build\Build-2026-05-22-00\objs\UEFI.c.frat.o
 .data          0x0000000000025008        0x0 C:\GitHub\BlockyOS\Build\Build-2026-05-22-00\objs\UEFI.c.raw.o
 .data          0x0000000000025008        0x0 C:\GitHub\BlockyOS\Build\Build-2026-05-22-00\objs\UEFI.c.blake2b-ref.o
 .data          0x0000000000025008        0x0 C:\GitHub\BlockyOS\Build\Build-2026-05-22-00\objs\UEFI.c.blake2bp-ref.o
 .data          0x0000000000025008        0x0 C:\GitHub\BlockyOS\Build\Build-2026-05-22-00\objs\UEFI.c.blake2s-ref.o
 .data          0x0000000000025008        0x0 C:\GitHub\BlockyOS\Build\Build-2026-05-22-00\objs\UEFI.c.blake2sp-ref.o
 .data          0x0000000000025008        0x0 C:\GitHub\BlockyOS\Build\Build-2026-05-22-00\objs\UEFI.c.blake2xb-ref.o
 .data          0x0000000000025008        0x0 C:\GitHub\BlockyOS\Build\Build-2026-05-22-00\objs\UEFI.c.blake2xs-ref.o
 .data          0x0000000000025008        0x0 C:\GitHub\BlockyOS\Build\Build-2026-05-22-00\objs\UEFI.c.execload.o
 .data          0x0000000000025008        0x0 C:\GitHub\BlockyOS\Build\Build-2026-05-22-00\objs\UEFI.c.socket.o
 .data          0x0000000000025008        0x0 C:\GitHub\BlockyOS\Build\Build-2026-05-22-00\objs\UEFI.c.sockets.o
 .data          0x0000000000025008        0x0 C:\GitHub\BlockyOS\Build\Build-2026-05-22-00\objs\UEFI.c.tools.o
 .data          0x0000000000025008        0x0 C:\GitHub\BlockyOS\Build\Build-2026-05-22-00\objs\UEFI.c.boot.o
 .data          0x0000000000025008        0x0 C:\GitHub\BlockyOS\Build\Build-2026-05-22-00\objs\UEFI.c.bthelper.o
 .data.bufLEN.0
                0x0000000000025008        0x1 C:\GitHub\BlockyOS\Build\Build-2026-05-22-00\objs\UEFI.c.bthelper.o
 *fill*         0x0000000000025009        0x7 
 .data          0x0000000000025010      0x4f0 C:\GitHub\BlockyOS\compile\toolchain\gnu-efi-build\x86_64\/lib/\libefi.a(data.o)
                0x0000000000025010                ShellDynamicCommandProtocolGuid
                0x0000000000025020                ShellParametersProtocolGuid
                0x0000000000025030                ShellProtocolGuid
                0x0000000000025040                SimpleTextInputExProtocol
                0x0000000000025050                gEfiDebugSupportProtocolGuid
                0x0000000000025060                gEfiDebugImageInfoTableGuid
                0x0000000000025070                AbsolutePointerProtocol
                0x0000000000025080                SimplePointerProtocol
                0x0000000000025090                Tcp4Protocol
                0x00000000000250a0                Tcp4ServiceBindingProtocol
                0x00000000000250b0                Udp4Protocol
                0x00000000000250c0                Udp4ServiceBindingProtocol
                0x00000000000250d0                Ip4Protocol
                0x00000000000250e0                Ip4ServiceBindingProtocol
                0x00000000000250f0                EfiDtbTableGuid
                0x0000000000025100                SalSystemTableGuid
                0x0000000000025110                gEfiSmbios3TableGuid
                0x0000000000025120                gEfiSmbiosTableGuid
                0x0000000000025130                AcpiTableGuid
                0x0000000000025140                MpsTableGuid
                0x0000000000025150                UnknownDevice
                0x0000000000025160                EfiPartTypeLegacyMbrGuid
                0x0000000000025170                EfiPartTypeSystemPartitionGuid
                0x0000000000025180                gEfiVTUTF8Guid
                0x0000000000025190                gEfiVT100PlusGuid
                0x00000000000251a0                gEfiVT100Guid
                0x00000000000251b0                gEfiPcAnsiGuid
                0x00000000000251c0                AdapterDebugProtocol
                0x00000000000251d0                gEfiEdidOverrideProtocolGuid
                0x00000000000251e0                gEfiEdidActiveProtocolGuid
                0x00000000000251f0                gEfiEdidDiscoveredProtocolGuid
                0x0000000000025200                gEfiGraphicsOutputProtocolGuid
                0x0000000000025210                TextInSpliterProtocol
                0x0000000000025220                ErrorOutSpliterProtocol
                0x0000000000025230                TextOutSpliterProtocol
                0x0000000000025240                VgaClassProtocol
                0x0000000000025250                LegacyBootProtocol
                0x0000000000025260                VariableStoreProtocol
                0x0000000000025270                InternalShellProtocol
                0x0000000000025280                gEfiMpServicesProtocolGuid
                0x0000000000025290                gEfiFileSystemVolumeLabelInfoIdGuid
                0x00000000000252a0                gEfiFileSystemInfoGuid
                0x00000000000252b0                gEfiFileInfoGuid
                0x00000000000252c0                gEfiEbcProtocolGuid
                0x00000000000252d0                gEfiDriverFamilyOverrideProtocolGuid
                0x00000000000252e0                gEfiBusSpecificDriverOverrideProtocolGuid
                0x00000000000252f0                gEfiPlatformDriverOverrideProtocolGuid
                0x0000000000025300                gEfiHashProtocolGuid
                0x0000000000025310                gEfiComponentName2ProtocolGuid
                0x0000000000025320                gEfiComponentNameProtocolGuid
                0x0000000000025330                gEfiDriverBindingProtocolGuid
                0x0000000000025340                gEfiPciRootBridgeIoProtocolGuid
                0x0000000000025350                gEfiPciIoProtocolGuid
                0x0000000000025360                gEFiUiInterfaceProtocolGuid
                0x0000000000025370                gEfiNetworkInterfaceIdentifierProtocolGuid
                0x0000000000025380                gEfiPxeBaseCodeCallbackProtocolGuid
                0x0000000000025390                gEfiPxeBaseCodeProtocolGuid
                0x00000000000253a0                gEfiSimpleNetworkProtocolGuid
                0x00000000000253b0                gEfiSerialIoProtocolGuid
                0x00000000000253c0                gEfiUnicodeCollationProtocolGuid
                0x00000000000253d0                gEfiDeviceIoProtocolGuid
                0x00000000000253e0                gEfiLoadFile2ProtocolGuid
                0x00000000000253f0                gEfiLoadFileProtocolGuid
                0x0000000000025400                gEfiLoadedImageDevicePathProtocolGuid
                0x0000000000025410                gEfiSimpleFileSystemProtocolGuid
                0x0000000000025420                gEfiDxeServicesTableGuid
                0x0000000000025430                gEfiDiskIo2ProtocolGuid
                0x0000000000025440                gEfiDiskIoProtocolGuid
                0x0000000000025450                gEfiBlockIo2ProtocolGuid
                0x0000000000025460                gEfiBlockIoProtocolGuid
                0x0000000000025470                gEfiSimpleTextOutProtocolGuid
                0x0000000000025480                gEfiSimpleTextInProtocolGuid
                0x0000000000025490                gEfiLoadedImageProtocolGuid
                0x00000000000254a0                gEfiDevicePathUtilitiesProtocolGuid
                0x00000000000254b0                gEfiDevicePathFromTextProtocolGuid
                0x00000000000254c0                gEfiDevicePathToTextProtocolGuid
                0x00000000000254d0                gEfiDevicePathProtocolGuid
                0x00000000000254e0                gEfiGlobalVariableGuid
                0x00000000000254f0                EndInstanceDevicePath
                0x00000000000254f4                EndDevicePath
                0x00000000000254f8                RootDevicePath
                0x00000000000254fc                PoolAllocationType
 .data.rel.local
                0x0000000000025500       0x58 C:\GitHub\BlockyOS\compile\toolchain\gnu-efi-build\x86_64\/lib/\libefi.a(data.o)
                0x0000000000025500                UnicodeInterface
                0x0000000000025520                LibStubUnicodeInterface
 .data          0x0000000000025558        0x0 C:\GitHub\BlockyOS\compile\toolchain\gnu-efi-build\x86_64\/lib/\libefi.a(entry.o)
 *fill*         0x0000000000025558        0x8 
 .data          0x0000000000025560       0x50 C:\GitHub\BlockyOS\compile\toolchain\gnu-efi-build\x86_64\/lib/\libefi.a(guid.o)
 *fill*         0x00000000000255b0       0x10 
 .data.rel.ro.local
                0x00000000000255c0      0x2c0 C:\GitHub\BlockyOS\compile\toolchain\gnu-efi-build\x86_64\/lib/\libefi.a(guid.o)
 .data          0x0000000000025880        0x0 C:\GitHub\BlockyOS\compile\toolchain\gnu-efi-build\x86_64\/lib/\libefi.a(init.o)
 .data          0x0000000000025880        0x0 C:\GitHub\BlockyOS\compile\toolchain\gnu-efi-build\x86_64\/lib/\libefi.a(misc.o)
 .data          0x0000000000025880        0x0 C:\GitHub\BlockyOS\compile\toolchain\gnu-efi-build\x86_64\/lib/\libefi.a(str.o)
 .data          0x0000000000025880        0x0 C:\GitHub\BlockyOS\compile\toolchain\gnu-efi-build\x86_64\/lib/\libefi.a(efirtlib.o)
 .data          0x0000000000025880        0x0 C:\GitHub\BlockyOS\compile\toolchain\gnu-efi-build\x86_64\/lib/\libefi.a(rtstr.o)
 .data          0x0000000000025880        0x8 C:\GitHub\BlockyOS\compile\toolchain\gnu-efi-build\x86_64\/lib/\libefi.a(rtdata.o)
                0x0000000000025880                EFIDebug
 .data          0x0000000000025888        0x0 C:\GitHub\BlockyOS\compile\toolchain\gnu-efi-build\x86_64\/lib/\libefi.a(initplat.o)
 .data          0x0000000000025888        0x0 C:\GitHub\BlockyOS\compile\toolchain\gnu-efi-build\x86_64\/lib/\libefi.a(print.o)
 .data          0x0000000000025888        0x0 C:\GitHub\BlockyOS\compile\toolchain\gnu-efi-build\x86_64\/lib/\libefi.a(va_print.o)
 .data          0x0000000000025888        0x0 C:\GitHub\BlockyOS\compile\toolchain\gnu-efi-build\x86_64\/lib/\libefi.a(efi_stub.o)
 .data          0x0000000000025888        0x0 C:\GitHub\BlockyOS\compile\toolchain\gnu-efi-build\x86_64\/lib/\libefi.a(console.o)
 .data          0x0000000000025888        0x0 C:\GitHub\BlockyOS\compile\toolchain\gnu-efi-build\x86_64\/lib/\libefi.a(dpath.o)
 *fill*         0x0000000000025888       0x18 
 .data.rel.local
                0x00000000000258a0      0x1c0 C:\GitHub\BlockyOS\compile\toolchain\gnu-efi-build\x86_64\/lib/\libefi.a(dpath.o)
                0x00000000000258a0                DevPathTable
 .data          0x0000000000025a60        0x0 C:\GitHub\BlockyOS\compile\toolchain\gnu-efi-build\x86_64\/lib/\libefi.a(error.o)
 .data.rel.local
                0x0000000000025a60      0x2a0 C:\GitHub\BlockyOS\compile\toolchain\gnu-efi-build\x86_64\/lib/\libefi.a(error.o)
                0x0000000000025a60                ErrorCodeTable
 .data          0x0000000000025d00        0x0 C:\GitHub\BlockyOS\compile\toolchain\gnu-efi-build\x86_64\/lib/\libefi.a(event.o)
 .data          0x0000000000025d00        0x0 C:\GitHub\BlockyOS\compile\toolchain\gnu-efi-build\x86_64\/lib/\libefi.a(hand.o)
 .data          0x0000000000025d00        0x0 C:\GitHub\BlockyOS\compile\toolchain\gnu-efi-build\x86_64\/lib/\libefi.a(math.o)
 .data          0x0000000000025d00        0x0 C:\GitHub\BlockyOS\compile\toolchain\gnu-efi-build\x86_64\/lib/\libgnuefi.a(reloc_x86_64.o)
 *(.sdata)
                0x0000000000025d00                . = ALIGN (0x10)
                0x0000000000025d00                __init_array_start = .
 *(SORT_BY_NAME(.init_array.*))
 *(.init_array)
                0x0000000000025d00                __init_array_end = .
                0x0000000000025d00                . = ALIGN (0x10)
                0x0000000000025d00                __CTOR_LIST__ = .
 *(SORT_BY_NAME(.ctors.*))
 *(.ctors)
                0x0000000000025d00                __CTOR_END__ = .
                0x0000000000025d00                . = ALIGN (0x10)
                0x0000000000025d00                __DTOR_LIST__ = .
 *(SORT_BY_NAME(.dtors.*))
 *(.dtors)
                0x0000000000025d00                __DTOR_END__ = .
                0x0000000000025d00                . = ALIGN (0x10)
                0x0000000000025d00                __fini_array_start = .
 *(SORT_BY_NAME(.fini_array.*))
 *(.fini_array)
                0x0000000000025d00                __fini_array_end = .
 *(.sbss)
 *(.scommon)
 *(.dynbss)
 *(.bss*)
 .bss           0x0000000000025d00        0x0 C:\GitHub\BlockyOS\compile\toolchain\gnu-efi-build\x86_64\lib/crt0-efi-x86_64.o
 .bss           0x0000000000025d00        0x0 C:\GitHub\BlockyOS\Build\Build-2026-05-22-00\objs\UEFI.c.frat.o
 .bss           0x0000000000025d00        0x0 C:\GitHub\BlockyOS\Build\Build-2026-05-22-00\objs\UEFI.c.raw.o
 .bss           0x0000000000025d00        0x0 C:\GitHub\BlockyOS\Build\Build-2026-05-22-00\objs\UEFI.c.blake2b-ref.o
 .bss           0x0000000000025d00        0x0 C:\GitHub\BlockyOS\Build\Build-2026-05-22-00\objs\UEFI.c.blake2bp-ref.o
 .bss           0x0000000000025d00        0x0 C:\GitHub\BlockyOS\Build\Build-2026-05-22-00\objs\UEFI.c.blake2s-ref.o
 .bss           0x0000000000025d00        0x0 C:\GitHub\BlockyOS\Build\Build-2026-05-22-00\objs\UEFI.c.blake2sp-ref.o
 .bss           0x0000000000025d00        0x0 C:\GitHub\BlockyOS\Build\Build-2026-05-22-00\objs\UEFI.c.blake2xb-ref.o
 .bss           0x0000000000025d00        0x0 C:\GitHub\BlockyOS\Build\Build-2026-05-22-00\objs\UEFI.c.blake2xs-ref.o
 .bss           0x0000000000025d00        0x0 C:\GitHub\BlockyOS\Build\Build-2026-05-22-00\objs\UEFI.c.execload.o
 .bss           0x0000000000025d00        0x0 C:\GitHub\BlockyOS\Build\Build-2026-05-22-00\objs\UEFI.c.socket.o
 .bss           0x0000000000025d00        0x0 C:\GitHub\BlockyOS\Build\Build-2026-05-22-00\objs\UEFI.c.sockets.o
 .bss           0x0000000000025d00        0x0 C:\GitHub\BlockyOS\Build\Build-2026-05-22-00\objs\UEFI.c.tools.o
 .bss           0x0000000000025d00        0x0 C:\GitHub\BlockyOS\Build\Build-2026-05-22-00\objs\UEFI.c.boot.o
 .bss           0x0000000000025d00        0x0 C:\GitHub\BlockyOS\Build\Build-2026-05-22-00\objs\UEFI.c.bthelper.o
 .bss           0x0000000000025d00       0x29 C:\GitHub\BlockyOS\compile\toolchain\gnu-efi-build\x86_64\/lib/\libefi.a(data.o)
                0x0000000000025d00                gZeroGuid
                0x0000000000025d10                BS
                0x0000000000025d18                ST
                0x0000000000025d20                LibImageHandle
                0x0000000000025d28                LibInitialized
 .bss           0x0000000000025d29        0x0 C:\GitHub\BlockyOS\compile\toolchain\gnu-efi-build\x86_64\/lib/\libefi.a(entry.o)
 *fill*         0x0000000000025d29        0x7 
 .bss           0x0000000000025d30       0x10 C:\GitHub\BlockyOS\compile\toolchain\gnu-efi-build\x86_64\/lib/\libefi.a(guid.o)
                0x0000000000025d30                GuidList
 .bss           0x0000000000025d40        0x0 C:\GitHub\BlockyOS\compile\toolchain\gnu-efi-build\x86_64\/lib/\libefi.a(init.o)
 .bss           0x0000000000025d40        0x0 C:\GitHub\BlockyOS\compile\toolchain\gnu-efi-build\x86_64\/lib/\libefi.a(misc.o)
 .bss           0x0000000000025d40        0x0 C:\GitHub\BlockyOS\compile\toolchain\gnu-efi-build\x86_64\/lib/\libefi.a(str.o)
 .bss           0x0000000000025d40        0x0 C:\GitHub\BlockyOS\compile\toolchain\gnu-efi-build\x86_64\/lib/\libefi.a(efirtlib.o)
 .bss           0x0000000000025d40        0x0 C:\GitHub\BlockyOS\compile\toolchain\gnu-efi-build\x86_64\/lib/\libefi.a(rtstr.o)
 .bss           0x0000000000025d40       0x28 C:\GitHub\BlockyOS\compile\toolchain\gnu-efi-build\x86_64\/lib/\libefi.a(rtdata.o)
                0x0000000000025d40                LibRuntimeRestoreTPL
                0x0000000000025d48                LibRuntimeRaiseTPL
                0x0000000000025d50                LibRuntimeDebugOut
                0x0000000000025d58                LibFwInstance
                0x0000000000025d60                RT
 .bss           0x0000000000025d68        0x0 C:\GitHub\BlockyOS\compile\toolchain\gnu-efi-build\x86_64\/lib/\libefi.a(initplat.o)
 .bss           0x0000000000025d68        0x0 C:\GitHub\BlockyOS\compile\toolchain\gnu-efi-build\x86_64\/lib/\libefi.a(print.o)
 .bss           0x0000000000025d68        0x0 C:\GitHub\BlockyOS\compile\toolchain\gnu-efi-build\x86_64\/lib/\libefi.a(va_print.o)
 .bss           0x0000000000025d68        0x0 C:\GitHub\BlockyOS\compile\toolchain\gnu-efi-build\x86_64\/lib/\libefi.a(efi_stub.o)
 .bss           0x0000000000025d68        0x0 C:\GitHub\BlockyOS\compile\toolchain\gnu-efi-build\x86_64\/lib/\libefi.a(console.o)
 .bss           0x0000000000025d68        0x0 C:\GitHub\BlockyOS\compile\toolchain\gnu-efi-build\x86_64\/lib/\libefi.a(dpath.o)
 .bss           0x0000000000025d68        0x0 C:\GitHub\BlockyOS\compile\toolchain\gnu-efi-build\x86_64\/lib/\libefi.a(error.o)
 .bss           0x0000000000025d68        0x0 C:\GitHub\BlockyOS\compile\toolchain\gnu-efi-build\x86_64\/lib/\libefi.a(event.o)
 .bss           0x0000000000025d68        0x0 C:\GitHub\BlockyOS\compile\toolchain\gnu-efi-build\x86_64\/lib/\libefi.a(hand.o)
 .bss           0x0000000000025d68        0x0 C:\GitHub\BlockyOS\compile\toolchain\gnu-efi-build\x86_64\/lib/\libefi.a(math.o)
 .bss           0x0000000000025d68        0x0 C:\GitHub\BlockyOS\compile\toolchain\gnu-efi-build\x86_64\/lib/\libgnuefi.a(reloc_x86_64.o)
 *(COMMON)
 *(.rel.local)

.note.gnu.build-id
 *(.note.gnu.build-id)
                0x0000000000025d68                _edata = .
                0x00000000000011f8                _data_size = (_edata - _etext)
                0x0000000000026000                . = ALIGN (0x1000)

.reloc          0x0000000000026000        0xc
 *(.reloc)
 .reloc         0x0000000000026000        0xc C:\GitHub\BlockyOS\compile\toolchain\gnu-efi-build\x86_64\lib/crt0-efi-x86_64.o
                0x0000000000027000                . = ALIGN (0x1000)
                0x0000000000027000                _DYNAMIC = .

.dynamic
 *(.dynamic)
                0x0000000000027000                . = ALIGN (0x1000)

.rela
 *(.rela.text*)
 *(.rela.data*)
 *(.rela.got)
 *(.rela.dyn)
 *(.rela.stab)
 *(.rela.init_array*)
 *(.rela.fini_array*)
 *(.rela.ctors*)
 *(.rela.dtors*)
                0x0000000000027000                . = ALIGN (0x1000)

.rela.plt
 *(.rela.plt)
                0x0000000000027000                . = ALIGN (0x1000)

.rodata         0x0000000000027000     0x484e
 *(.rodata*)
 .rodata        0x0000000000027000     0x1364 C:\GitHub\BlockyOS\Build\Build-2026-05-22-00\objs\UEFI.c.frat.o
 *fill*         0x0000000000028364        0x4 
 .rodata        0x0000000000028368      0x7e2 C:\GitHub\BlockyOS\Build\Build-2026-05-22-00\objs\UEFI.c.raw.o
 *fill*         0x0000000000028b4a       0x16 
 .rodata.blake2b_IV
                0x0000000000028b60       0x40 C:\GitHub\BlockyOS\Build\Build-2026-05-22-00\objs\UEFI.c.blake2b-ref.o
 .rodata.blake2b_sigma
                0x0000000000028ba0       0xc0 C:\GitHub\BlockyOS\Build\Build-2026-05-22-00\objs\UEFI.c.blake2b-ref.o
 .rodata.memset_v.0
                0x0000000000028c60        0x8 C:\GitHub\BlockyOS\Build\Build-2026-05-22-00\objs\UEFI.c.blake2b-ref.o
 .rodata.memset_v.0
                0x0000000000028c68        0x8 C:\GitHub\BlockyOS\Build\Build-2026-05-22-00\objs\UEFI.c.blake2bp-ref.o
 *fill*         0x0000000000028c70       0x10 
 .rodata.blake2s_IV
                0x0000000000028c80       0x20 C:\GitHub\BlockyOS\Build\Build-2026-05-22-00\objs\UEFI.c.blake2s-ref.o
 .rodata.blake2s_sigma
                0x0000000000028ca0       0xa0 C:\GitHub\BlockyOS\Build\Build-2026-05-22-00\objs\UEFI.c.blake2s-ref.o
 .rodata.memset_v.0
                0x0000000000028d40        0x8 C:\GitHub\BlockyOS\Build\Build-2026-05-22-00\objs\UEFI.c.blake2s-ref.o
 .rodata.memset_v.0
                0x0000000000028d48        0x8 C:\GitHub\BlockyOS\Build\Build-2026-05-22-00\objs\UEFI.c.blake2sp-ref.o
 .rodata.memset_v.0
                0x0000000000028d50        0x8 C:\GitHub\BlockyOS\Build\Build-2026-05-22-00\objs\UEFI.c.blake2xb-ref.o
 .rodata.memset_v.0
                0x0000000000028d58        0x8 C:\GitHub\BlockyOS\Build\Build-2026-05-22-00\objs\UEFI.c.blake2xs-ref.o
 .rodata        0x0000000000028d60      0x6a0 C:\GitHub\BlockyOS\Build\Build-2026-05-22-00\objs\UEFI.c.execload.o
 .rodata.nDrivers
                0x0000000000029400        0x8 C:\GitHub\BlockyOS\Build\Build-2026-05-22-00\objs\UEFI.c.socket.o
 .rodata        0x0000000000029408       0x52 C:\GitHub\BlockyOS\Build\Build-2026-05-22-00\objs\UEFI.c.socket.o
 *fill*         0x000000000002945a        0x6 
 .rodata        0x0000000000029460      0x164 C:\GitHub\BlockyOS\Build\Build-2026-05-22-00\objs\UEFI.c.sockets.o
 *fill*         0x00000000000295c4        0x4 
 .rodata        0x00000000000295c8      0x340 C:\GitHub\BlockyOS\Build\Build-2026-05-22-00\objs\UEFI.c.tools.o
 .rodata        0x0000000000029908      0x2fc C:\GitHub\BlockyOS\Build\Build-2026-05-22-00\objs\UEFI.c.boot.o
 *fill*         0x0000000000029c04       0x1c 
 .rodata.installDISK
                0x0000000000029c20       0x90 C:\GitHub\BlockyOS\Build\Build-2026-05-22-00\objs\UEFI.c.boot.o
 .rodata.DebugPort
                0x0000000000029cb0        0x8 C:\GitHub\BlockyOS\Build\Build-2026-05-22-00\objs\UEFI.c.boot.o
                0x0000000000029cb0                DebugPort
 .rodata        0x0000000000029cb8      0x89c C:\GitHub\BlockyOS\Build\Build-2026-05-22-00\objs\UEFI.c.bthelper.o
 *fill*         0x000000000002a554        0xc 
 .rodata.installDISK
                0x000000000002a560       0x90 C:\GitHub\BlockyOS\Build\Build-2026-05-22-00\objs\UEFI.c.bthelper.o
 .rodata        0x000000000002a5f0      0x2f8 C:\GitHub\BlockyOS\compile\toolchain\gnu-efi-build\x86_64\/lib/\libefi.a(guid.o)
 .rodata        0x000000000002a8e8       0x1c C:\GitHub\BlockyOS\compile\toolchain\gnu-efi-build\x86_64\/lib/\libefi.a(init.o)
 .rodata        0x000000000002a904       0x14 C:\GitHub\BlockyOS\compile\toolchain\gnu-efi-build\x86_64\/lib/\libefi.a(misc.o)
 *fill*         0x000000000002a918        0x8 
 .rodata        0x000000000002a920      0x25c C:\GitHub\BlockyOS\compile\toolchain\gnu-efi-build\x86_64\/lib/\libefi.a(print.o)
 *fill*         0x000000000002ab7c        0x4 
 .rodata        0x000000000002ab80      0x184 C:\GitHub\BlockyOS\compile\toolchain\gnu-efi-build\x86_64\/lib/\libefi.a(va_print.o)
 .rodata        0x000000000002ad04        0x8 C:\GitHub\BlockyOS\compile\toolchain\gnu-efi-build\x86_64\/lib/\libefi.a(console.o)
 *fill*         0x000000000002ad0c        0x4 
 .rodata        0x000000000002ad10      0x628 C:\GitHub\BlockyOS\compile\toolchain\gnu-efi-build\x86_64\/lib/\libefi.a(dpath.o)
 .rodata        0x000000000002b338      0x516 C:\GitHub\BlockyOS\compile\toolchain\gnu-efi-build\x86_64\/lib/\libefi.a(error.o)
                0x000000000002c000                . = ALIGN (0x1000)

.dynsym
 *(.dynsym)
                0x000000000002c000                . = ALIGN (0x1000)

.dynstr
 *(.dynstr)
                0x000000000002c000                . = ALIGN (0x1000)

.ignored.reloc
 *(.rela.reloc)
 *(.note.GNU-stack)

.comment        0x0000000000000000      0x273
 *(.comment)
 .comment       0x0000000000000000       0x13 C:\GitHub\BlockyOS\Build\Build-2026-05-22-00\objs\UEFI.c.frat.o
 .comment       0x0000000000000013       0x13 C:\GitHub\BlockyOS\Build\Build-2026-05-22-00\objs\UEFI.c.raw.o
 .comment       0x0000000000000026       0x13 C:\GitHub\BlockyOS\Build\Build-2026-05-22-00\objs\UEFI.c.blake2b-ref.o
 .comment       0x0000000000000039       0x13 C:\GitHub\BlockyOS\Build\Build-2026-05-22-00\objs\UEFI.c.blake2bp-ref.o
 .comment       0x000000000000004c       0x13 C:\GitHub\BlockyOS\Build\Build-2026-05-22-00\objs\UEFI.c.blake2s-ref.o
 .comment       0x000000000000005f       0x13 C:\GitHub\BlockyOS\Build\Build-2026-05-22-00\objs\UEFI.c.blake2sp-ref.o
 .comment       0x0000000000000072       0x13 C:\GitHub\BlockyOS\Build\Build-2026-05-22-00\objs\UEFI.c.blake2xb-ref.o
 .comment       0x0000000000000085       0x13 C:\GitHub\BlockyOS\Build\Build-2026-05-22-00\objs\UEFI.c.blake2xs-ref.o
 .comment       0x0000000000000098       0x13 C:\GitHub\BlockyOS\Build\Build-2026-05-22-00\objs\UEFI.c.execload.o
 .comment       0x00000000000000ab       0x13 C:\GitHub\BlockyOS\Build\Build-2026-05-22-00\objs\UEFI.c.socket.o
 .comment       0x00000000000000be       0x13 C:\GitHub\BlockyOS\Build\Build-2026-05-22-00\objs\UEFI.c.sockets.o
 .comment       0x00000000000000d1       0x13 C:\GitHub\BlockyOS\Build\Build-2026-05-22-00\objs\UEFI.c.tools.o
 .comment       0x00000000000000e4       0x13 C:\GitHub\BlockyOS\Build\Build-2026-05-22-00\objs\UEFI.c.boot.o
 .comment       0x00000000000000f7       0x13 C:\GitHub\BlockyOS\Build\Build-2026-05-22-00\objs\UEFI.c.bthelper.o
 .comment       0x000000000000010a       0x13 C:\GitHub\BlockyOS\compile\toolchain\gnu-efi-build\x86_64\/lib/\libefi.a(data.o)
 .comment       0x000000000000011d       0x13 C:\GitHub\BlockyOS\compile\toolchain\gnu-efi-build\x86_64\/lib/\libefi.a(entry.o)
 .comment       0x0000000000000130       0x13 C:\GitHub\BlockyOS\compile\toolchain\gnu-efi-build\x86_64\/lib/\libefi.a(guid.o)
 .comment       0x0000000000000143       0x13 C:\GitHub\BlockyOS\compile\toolchain\gnu-efi-build\x86_64\/lib/\libefi.a(init.o)
 .comment       0x0000000000000156       0x13 C:\GitHub\BlockyOS\compile\toolchain\gnu-efi-build\x86_64\/lib/\libefi.a(misc.o)
 .comment       0x0000000000000169       0x13 C:\GitHub\BlockyOS\compile\toolchain\gnu-efi-build\x86_64\/lib/\libefi.a(str.o)
 .comment       0x000000000000017c       0x13 C:\GitHub\BlockyOS\compile\toolchain\gnu-efi-build\x86_64\/lib/\libefi.a(efirtlib.o)
 .comment       0x000000000000018f       0x13 C:\GitHub\BlockyOS\compile\toolchain\gnu-efi-build\x86_64\/lib/\libefi.a(rtstr.o)
 .comment       0x00000000000001a2       0x13 C:\GitHub\BlockyOS\compile\toolchain\gnu-efi-build\x86_64\/lib/\libefi.a(rtdata.o)
 .comment       0x00000000000001b5       0x13 C:\GitHub\BlockyOS\compile\toolchain\gnu-efi-build\x86_64\/lib/\libefi.a(initplat.o)
 .comment       0x00000000000001c8       0x13 C:\GitHub\BlockyOS\compile\toolchain\gnu-efi-build\x86_64\/lib/\libefi.a(print.o)
 .comment       0x00000000000001db       0x13 C:\GitHub\BlockyOS\compile\toolchain\gnu-efi-build\x86_64\/lib/\libefi.a(va_print.o)
 .comment       0x00000000000001ee       0x13 C:\GitHub\BlockyOS\compile\toolchain\gnu-efi-build\x86_64\/lib/\libefi.a(console.o)
 .comment       0x0000000000000201       0x13 C:\GitHub\BlockyOS\compile\toolchain\gnu-efi-build\x86_64\/lib/\libefi.a(dpath.o)
 .comment       0x0000000000000214       0x13 C:\GitHub\BlockyOS\compile\toolchain\gnu-efi-build\x86_64\/lib/\libefi.a(error.o)
 .comment       0x0000000000000227       0x13 C:\GitHub\BlockyOS\compile\toolchain\gnu-efi-build\x86_64\/lib/\libefi.a(event.o)
 .comment       0x000000000000023a       0x13 C:\GitHub\BlockyOS\compile\toolchain\gnu-efi-build\x86_64\/lib/\libefi.a(hand.o)
 .comment       0x000000000000024d       0x13 C:\GitHub\BlockyOS\compile\toolchain\gnu-efi-build\x86_64\/lib/\libefi.a(math.o)
 .comment       0x0000000000000260       0x13 C:\GitHub\BlockyOS\compile\toolchain\gnu-efi-build\x86_64\/lib/\libgnuefi.a(reloc_x86_64.o)
LOAD C:\GitHub\BlockyOS\compile\toolchain\gnu-efi-build\x86_64\lib/crt0-efi-x86_64.o
LOAD C:\GitHub\BlockyOS\Build\Build-2026-05-22-00\objs\UEFI.c.frat.o
LOAD C:\GitHub\BlockyOS\Build\Build-2026-05-22-00\objs\UEFI.c.raw.o
LOAD C:\GitHub\BlockyOS\Build\Build-2026-05-22-00\objs\UEFI.c.blake2b-ref.o
LOAD C:\GitHub\BlockyOS\Build\Build-2026-05-22-00\objs\UEFI.c.blake2bp-ref.o
LOAD C:\GitHub\BlockyOS\Build\Build-2026-05-22-00\objs\UEFI.c.blake2s-ref.o
LOAD C:\GitHub\BlockyOS\Build\Build-2026-05-22-00\objs\UEFI.c.blake2sp-ref.o
LOAD C:\GitHub\BlockyOS\Build\Build-2026-05-22-00\objs\UEFI.c.blake2xb-ref.o
LOAD C:\GitHub\BlockyOS\Build\Build-2026-05-22-00\objs\UEFI.c.blake2xs-ref.o
LOAD C:\GitHub\BlockyOS\Build\Build-2026-05-22-00\objs\UEFI.c.execload.o
LOAD C:\GitHub\BlockyOS\Build\Build-2026-05-22-00\objs\UEFI.c.socket.o
LOAD C:\GitHub\BlockyOS\Build\Build-2026-05-22-00\objs\UEFI.c.sockets.o
LOAD C:\GitHub\BlockyOS\Build\Build-2026-05-22-00\objs\UEFI.c.tools.o
LOAD C:\GitHub\BlockyOS\Build\Build-2026-05-22-00\objs\UEFI.c.boot.o
LOAD C:\GitHub\BlockyOS\Build\Build-2026-05-22-00\objs\UEFI.c.bthelper.o
LOAD C:\GitHub\BlockyOS\compile\toolchain\gnu-efi-build\x86_64\/lib/\libefi.a
LOAD C:\GitHub\BlockyOS\compile\toolchain\gnu-efi-build\x86_64\/lib/\libgnuefi.a
OUTPUT(C:\GitHub\BlockyOS\Build\Build-2026-05-22-00\objs\blob.so elf64-x86-64)

.debug_line     0x0000000000000000     0x638d
 .debug_line    0x0000000000000000       0x5b C:\GitHub\BlockyOS\compile\toolchain\gnu-efi-build\x86_64\lib/crt0-efi-x86_64.o
 .debug_line    0x000000000000005b       0x73 C:\GitHub\BlockyOS\compile\toolchain\gnu-efi-build\x86_64\/lib/\libefi.a(data.o)
 .debug_line    0x00000000000000ce      0x1ea C:\GitHub\BlockyOS\compile\toolchain\gnu-efi-build\x86_64\/lib/\libefi.a(entry.o)
 .debug_line    0x00000000000002b8      0x134 C:\GitHub\BlockyOS\compile\toolchain\gnu-efi-build\x86_64\/lib/\libefi.a(guid.o)
 .debug_line    0x00000000000003ec      0x2f9 C:\GitHub\BlockyOS\compile\toolchain\gnu-efi-build\x86_64\/lib/\libefi.a(init.o)
 .debug_line    0x00000000000006e5      0xa57 C:\GitHub\BlockyOS\compile\toolchain\gnu-efi-build\x86_64\/lib/\libefi.a(misc.o)
 .debug_line    0x000000000000113c      0x5ec C:\GitHub\BlockyOS\compile\toolchain\gnu-efi-build\x86_64\/lib/\libefi.a(str.o)
 .debug_line    0x0000000000001728      0x260 C:\GitHub\BlockyOS\compile\toolchain\gnu-efi-build\x86_64\/lib/\libefi.a(efirtlib.o)
 .debug_line    0x0000000000001988      0x451 C:\GitHub\BlockyOS\compile\toolchain\gnu-efi-build\x86_64\/lib/\libefi.a(rtstr.o)
 .debug_line    0x0000000000001dd9       0x6e C:\GitHub\BlockyOS\compile\toolchain\gnu-efi-build\x86_64\/lib/\libefi.a(rtdata.o)
 .debug_line    0x0000000000001e47       0x7f C:\GitHub\BlockyOS\compile\toolchain\gnu-efi-build\x86_64\/lib/\libefi.a(initplat.o)
 .debug_line    0x0000000000001ec6     0x15c8 C:\GitHub\BlockyOS\compile\toolchain\gnu-efi-build\x86_64\/lib/\libefi.a(print.o)
 .debug_line    0x000000000000348e      0xf2d C:\GitHub\BlockyOS\compile\toolchain\gnu-efi-build\x86_64\/lib/\libefi.a(va_print.o)
 .debug_line    0x00000000000043bb       0xb5 C:\GitHub\BlockyOS\compile\toolchain\gnu-efi-build\x86_64\/lib/\libefi.a(efi_stub.o)
 .debug_line    0x0000000000004470      0x153 C:\GitHub\BlockyOS\compile\toolchain\gnu-efi-build\x86_64\/lib/\libefi.a(console.o)
 .debug_line    0x00000000000045c3     0x1127 C:\GitHub\BlockyOS\compile\toolchain\gnu-efi-build\x86_64\/lib/\libefi.a(dpath.o)
 .debug_line    0x00000000000056ea       0xbf C:\GitHub\BlockyOS\compile\toolchain\gnu-efi-build\x86_64\/lib/\libefi.a(error.o)
 .debug_line    0x00000000000057a9      0x1ac C:\GitHub\BlockyOS\compile\toolchain\gnu-efi-build\x86_64\/lib/\libefi.a(event.o)
 .debug_line    0x0000000000005955      0x80e C:\GitHub\BlockyOS\compile\toolchain\gnu-efi-build\x86_64\/lib/\libefi.a(hand.o)
 .debug_line    0x0000000000006163       0xb2 C:\GitHub\BlockyOS\compile\toolchain\gnu-efi-build\x86_64\/lib/\libefi.a(math.o)
 .debug_line    0x0000000000006215      0x178 C:\GitHub\BlockyOS\compile\toolchain\gnu-efi-build\x86_64\/lib/\libgnuefi.a(reloc_x86_64.o)

.debug_line_str
                0x0000000000000000     0x1c5f
 .debug_line_str
                0x0000000000000000       0x5d C:\GitHub\BlockyOS\compile\toolchain\gnu-efi-build\x86_64\lib/crt0-efi-x86_64.o
 .debug_line_str
                0x000000000000005d      0x16f C:\GitHub\BlockyOS\compile\toolchain\gnu-efi-build\x86_64\/lib/\libefi.a(data.o)
 .debug_line_str
                0x00000000000001cc      0x175 C:\GitHub\BlockyOS\compile\toolchain\gnu-efi-build\x86_64\/lib/\libefi.a(entry.o)
 .debug_line_str
                0x0000000000000341      0x158 C:\GitHub\BlockyOS\compile\toolchain\gnu-efi-build\x86_64\/lib/\libefi.a(guid.o)
 .debug_line_str
                0x0000000000000499      0x187 C:\GitHub\BlockyOS\compile\toolchain\gnu-efi-build\x86_64\/lib/\libefi.a(init.o)
 .debug_line_str
                0x0000000000000620      0x186 C:\GitHub\BlockyOS\compile\toolchain\gnu-efi-build\x86_64\/lib/\libefi.a(misc.o)
 .debug_line_str
                0x00000000000007a6      0x15b C:\GitHub\BlockyOS\compile\toolchain\gnu-efi-build\x86_64\/lib/\libefi.a(str.o)
 .debug_line_str
                0x0000000000000901      0x15f C:\GitHub\BlockyOS\compile\toolchain\gnu-efi-build\x86_64\/lib/\libefi.a(efirtlib.o)
 .debug_line_str
                0x0000000000000a60      0x14f C:\GitHub\BlockyOS\compile\toolchain\gnu-efi-build\x86_64\/lib/\libefi.a(rtstr.o)
 .debug_line_str
                0x0000000000000baf      0x17c C:\GitHub\BlockyOS\compile\toolchain\gnu-efi-build\x86_64\/lib/\libefi.a(rtdata.o)
 .debug_line_str
                0x0000000000000d2b      0x17a C:\GitHub\BlockyOS\compile\toolchain\gnu-efi-build\x86_64\/lib/\libefi.a(initplat.o)
 .debug_line_str
                0x0000000000000ea5      0x1cf C:\GitHub\BlockyOS\compile\toolchain\gnu-efi-build\x86_64\/lib/\libefi.a(print.o)
 .debug_line_str
                0x0000000000001074      0x1c7 C:\GitHub\BlockyOS\compile\toolchain\gnu-efi-build\x86_64\/lib/\libefi.a(va_print.o)
 .debug_line_str
                0x000000000000123b       0x57 C:\GitHub\BlockyOS\compile\toolchain\gnu-efi-build\x86_64\/lib/\libefi.a(efi_stub.o)
 .debug_line_str
                0x0000000000001292      0x172 C:\GitHub\BlockyOS\compile\toolchain\gnu-efi-build\x86_64\/lib/\libefi.a(console.o)
 .debug_line_str
                0x0000000000001404      0x163 C:\GitHub\BlockyOS\compile\toolchain\gnu-efi-build\x86_64\/lib/\libefi.a(dpath.o)
 .debug_line_str
                0x0000000000001567      0x146 C:\GitHub\BlockyOS\compile\toolchain\gnu-efi-build\x86_64\/lib/\libefi.a(error.o)
 .debug_line_str
                0x00000000000016ad      0x16c C:\GitHub\BlockyOS\compile\toolchain\gnu-efi-build\x86_64\/lib/\libefi.a(event.o)
 .debug_line_str
                0x0000000000001819      0x177 C:\GitHub\BlockyOS\compile\toolchain\gnu-efi-build\x86_64\/lib/\libefi.a(hand.o)
 .debug_line_str
                0x0000000000001990      0x120 C:\GitHub\BlockyOS\compile\toolchain\gnu-efi-build\x86_64\/lib/\libefi.a(math.o)
 .debug_line_str
                0x0000000000001ab0      0x1af C:\GitHub\BlockyOS\compile\toolchain\gnu-efi-build\x86_64\/lib/\libgnuefi.a(reloc_x86_64.o)

.debug_info     0x0000000000000000    0x1e0b3
 .debug_info    0x0000000000000000       0x28 C:\GitHub\BlockyOS\compile\toolchain\gnu-efi-build\x86_64\lib/crt0-efi-x86_64.o
 .debug_info    0x0000000000000028     0x2329 C:\GitHub\BlockyOS\compile\toolchain\gnu-efi-build\x86_64\/lib/\libefi.a(data.o)
 .debug_info    0x0000000000002351     0x1ac6 C:\GitHub\BlockyOS\compile\toolchain\gnu-efi-build\x86_64\/lib/\libefi.a(entry.o)
 .debug_info    0x0000000000003e17      0x607 C:\GitHub\BlockyOS\compile\toolchain\gnu-efi-build\x86_64\/lib/\libefi.a(guid.o)
 .debug_info    0x000000000000441e     0x1f24 C:\GitHub\BlockyOS\compile\toolchain\gnu-efi-build\x86_64\/lib/\libefi.a(init.o)
 .debug_info    0x0000000000006342     0x2f4e C:\GitHub\BlockyOS\compile\toolchain\gnu-efi-build\x86_64\/lib/\libefi.a(misc.o)
 .debug_info    0x0000000000009290      0xdba C:\GitHub\BlockyOS\compile\toolchain\gnu-efi-build\x86_64\/lib/\libefi.a(str.o)
 .debug_info    0x000000000000a04a      0x4f7 C:\GitHub\BlockyOS\compile\toolchain\gnu-efi-build\x86_64\/lib/\libefi.a(efirtlib.o)
 .debug_info    0x000000000000a541      0x710 C:\GitHub\BlockyOS\compile\toolchain\gnu-efi-build\x86_64\/lib/\libefi.a(rtstr.o)
 .debug_info    0x000000000000ac51      0xa44 C:\GitHub\BlockyOS\compile\toolchain\gnu-efi-build\x86_64\/lib/\libefi.a(rtdata.o)
 .debug_info    0x000000000000b695     0x1789 C:\GitHub\BlockyOS\compile\toolchain\gnu-efi-build\x86_64\/lib/\libefi.a(initplat.o)
 .debug_info    0x000000000000ce1e     0x37cb C:\GitHub\BlockyOS\compile\toolchain\gnu-efi-build\x86_64\/lib/\libefi.a(print.o)
 .debug_info    0x00000000000105e9     0x2bc0 C:\GitHub\BlockyOS\compile\toolchain\gnu-efi-build\x86_64\/lib/\libefi.a(va_print.o)
 .debug_info    0x00000000000131a9       0x29 C:\GitHub\BlockyOS\compile\toolchain\gnu-efi-build\x86_64\/lib/\libefi.a(efi_stub.o)
 .debug_info    0x00000000000131d2     0x1989 C:\GitHub\BlockyOS\compile\toolchain\gnu-efi-build\x86_64\/lib/\libefi.a(console.o)
 .debug_info    0x0000000000014b5b     0x3fcb C:\GitHub\BlockyOS\compile\toolchain\gnu-efi-build\x86_64\/lib/\libefi.a(dpath.o)
 .debug_info    0x0000000000018b26      0x1de C:\GitHub\BlockyOS\compile\toolchain\gnu-efi-build\x86_64\/lib/\libefi.a(error.o)
 .debug_info    0x0000000000018d04     0x1af3 C:\GitHub\BlockyOS\compile\toolchain\gnu-efi-build\x86_64\/lib/\libefi.a(event.o)
 .debug_info    0x000000000001a7f7     0x1e30 C:\GitHub\BlockyOS\compile\toolchain\gnu-efi-build\x86_64\/lib/\libefi.a(hand.o)
 .debug_info    0x000000000001c627      0x1a3 C:\GitHub\BlockyOS\compile\toolchain\gnu-efi-build\x86_64\/lib/\libefi.a(math.o)
 .debug_info    0x000000000001c7ca     0x18e9 C:\GitHub\BlockyOS\compile\toolchain\gnu-efi-build\x86_64\/lib/\libgnuefi.a(reloc_x86_64.o)

.debug_abbrev   0x0000000000000000     0x353c
 .debug_abbrev  0x0000000000000000       0x14 C:\GitHub\BlockyOS\compile\toolchain\gnu-efi-build\x86_64\lib/crt0-efi-x86_64.o
 .debug_abbrev  0x0000000000000014      0x220 C:\GitHub\BlockyOS\compile\toolchain\gnu-efi-build\x86_64\/lib/\libefi.a(data.o)
 .debug_abbrev  0x0000000000000234      0x2df C:\GitHub\BlockyOS\compile\toolchain\gnu-efi-build\x86_64\/lib/\libefi.a(entry.o)
 .debug_abbrev  0x0000000000000513      0x205 C:\GitHub\BlockyOS\compile\toolchain\gnu-efi-build\x86_64\/lib/\libefi.a(guid.o)
 .debug_abbrev  0x0000000000000718      0x337 C:\GitHub\BlockyOS\compile\toolchain\gnu-efi-build\x86_64\/lib/\libefi.a(init.o)
 .debug_abbrev  0x0000000000000a4f      0x528 C:\GitHub\BlockyOS\compile\toolchain\gnu-efi-build\x86_64\/lib/\libefi.a(misc.o)
 .debug_abbrev  0x0000000000000f77      0x2e7 C:\GitHub\BlockyOS\compile\toolchain\gnu-efi-build\x86_64\/lib/\libefi.a(str.o)
 .debug_abbrev  0x000000000000125e      0x1c8 C:\GitHub\BlockyOS\compile\toolchain\gnu-efi-build\x86_64\/lib/\libefi.a(efirtlib.o)
 .debug_abbrev  0x0000000000001426      0x21f C:\GitHub\BlockyOS\compile\toolchain\gnu-efi-build\x86_64\/lib/\libefi.a(rtstr.o)
 .debug_abbrev  0x0000000000001645      0x164 C:\GitHub\BlockyOS\compile\toolchain\gnu-efi-build\x86_64\/lib/\libefi.a(rtdata.o)
 .debug_abbrev  0x00000000000017a9      0x1a9 C:\GitHub\BlockyOS\compile\toolchain\gnu-efi-build\x86_64\/lib/\libefi.a(initplat.o)
 .debug_abbrev  0x0000000000001952      0x5bc C:\GitHub\BlockyOS\compile\toolchain\gnu-efi-build\x86_64\/lib/\libefi.a(print.o)
 .debug_abbrev  0x0000000000001f0e      0x4ee C:\GitHub\BlockyOS\compile\toolchain\gnu-efi-build\x86_64\/lib/\libefi.a(va_print.o)
 .debug_abbrev  0x00000000000023fc       0x14 C:\GitHub\BlockyOS\compile\toolchain\gnu-efi-build\x86_64\/lib/\libefi.a(efi_stub.o)
 .debug_abbrev  0x0000000000002410      0x270 C:\GitHub\BlockyOS\compile\toolchain\gnu-efi-build\x86_64\/lib/\libefi.a(console.o)
 .debug_abbrev  0x0000000000002680      0x4d9 C:\GitHub\BlockyOS\compile\toolchain\gnu-efi-build\x86_64\/lib/\libefi.a(dpath.o)
 .debug_abbrev  0x0000000000002b59      0x12b C:\GitHub\BlockyOS\compile\toolchain\gnu-efi-build\x86_64\/lib/\libefi.a(error.o)
 .debug_abbrev  0x0000000000002c84      0x2b1 C:\GitHub\BlockyOS\compile\toolchain\gnu-efi-build\x86_64\/lib/\libefi.a(event.o)
 .debug_abbrev  0x0000000000002f35      0x356 C:\GitHub\BlockyOS\compile\toolchain\gnu-efi-build\x86_64\/lib/\libefi.a(hand.o)
 .debug_abbrev  0x000000000000328b       0xa3 C:\GitHub\BlockyOS\compile\toolchain\gnu-efi-build\x86_64\/lib/\libefi.a(math.o)
 .debug_abbrev  0x000000000000332e      0x20e C:\GitHub\BlockyOS\compile\toolchain\gnu-efi-build\x86_64\/lib/\libgnuefi.a(reloc_x86_64.o)

.debug_aranges  0x0000000000000000      0x3d0
 .debug_aranges
                0x0000000000000000       0x30 C:\GitHub\BlockyOS\compile\toolchain\gnu-efi-build\x86_64\lib/crt0-efi-x86_64.o
 .debug_aranges
                0x0000000000000030       0x20 C:\GitHub\BlockyOS\compile\toolchain\gnu-efi-build\x86_64\/lib/\libefi.a(data.o)
 .debug_aranges
                0x0000000000000050       0x30 C:\GitHub\BlockyOS\compile\toolchain\gnu-efi-build\x86_64\/lib/\libefi.a(entry.o)
 .debug_aranges
                0x0000000000000080       0x30 C:\GitHub\BlockyOS\compile\toolchain\gnu-efi-build\x86_64\/lib/\libefi.a(guid.o)
 .debug_aranges
                0x00000000000000b0       0x30 C:\GitHub\BlockyOS\compile\toolchain\gnu-efi-build\x86_64\/lib/\libefi.a(init.o)
 .debug_aranges
                0x00000000000000e0       0x30 C:\GitHub\BlockyOS\compile\toolchain\gnu-efi-build\x86_64\/lib/\libefi.a(misc.o)
 .debug_aranges
                0x0000000000000110       0x30 C:\GitHub\BlockyOS\compile\toolchain\gnu-efi-build\x86_64\/lib/\libefi.a(str.o)
 .debug_aranges
                0x0000000000000140       0x30 C:\GitHub\BlockyOS\compile\toolchain\gnu-efi-build\x86_64\/lib/\libefi.a(efirtlib.o)
 .debug_aranges
                0x0000000000000170       0x30 C:\GitHub\BlockyOS\compile\toolchain\gnu-efi-build\x86_64\/lib/\libefi.a(rtstr.o)
 .debug_aranges
                0x00000000000001a0       0x20 C:\GitHub\BlockyOS\compile\toolchain\gnu-efi-build\x86_64\/lib/\libefi.a(rtdata.o)
 .debug_aranges
                0x00000000000001c0       0x30 C:\GitHub\BlockyOS\compile\toolchain\gnu-efi-build\x86_64\/lib/\libefi.a(initplat.o)
 .debug_aranges
                0x00000000000001f0       0x30 C:\GitHub\BlockyOS\compile\toolchain\gnu-efi-build\x86_64\/lib/\libefi.a(print.o)
 .debug_aranges
                0x0000000000000220       0x30 C:\GitHub\BlockyOS\compile\toolchain\gnu-efi-build\x86_64\/lib/\libefi.a(va_print.o)
 .debug_aranges
                0x0000000000000250       0x30 C:\GitHub\BlockyOS\compile\toolchain\gnu-efi-build\x86_64\/lib/\libefi.a(efi_stub.o)
 .debug_aranges
                0x0000000000000280       0x30 C:\GitHub\BlockyOS\compile\toolchain\gnu-efi-build\x86_64\/lib/\libefi.a(console.o)
 .debug_aranges
                0x00000000000002b0       0x30 C:\GitHub\BlockyOS\compile\toolchain\gnu-efi-build\x86_64\/lib/\libefi.a(dpath.o)
 .debug_aranges
                0x00000000000002e0       0x30 C:\GitHub\BlockyOS\compile\toolchain\gnu-efi-build\x86_64\/lib/\libefi.a(error.o)
 .debug_aranges
                0x0000000000000310       0x30 C:\GitHub\BlockyOS\compile\toolchain\gnu-efi-build\x86_64\/lib/\libefi.a(event.o)
 .debug_aranges
                0x0000000000000340       0x30 C:\GitHub\BlockyOS\compile\toolchain\gnu-efi-build\x86_64\/lib/\libefi.a(hand.o)
 .debug_aranges
                0x0000000000000370       0x30 C:\GitHub\BlockyOS\compile\toolchain\gnu-efi-build\x86_64\/lib/\libefi.a(math.o)
 .debug_aranges
                0x00000000000003a0       0x30 C:\GitHub\BlockyOS\compile\toolchain\gnu-efi-build\x86_64\/lib/\libgnuefi.a(reloc_x86_64.o)

.debug_str      0x0000000000000000    0x11fd5
 .debug_str     0x0000000000000000       0x69 C:\GitHub\BlockyOS\compile\toolchain\gnu-efi-build\x86_64\lib/crt0-efi-x86_64.o
 .debug_str     0x0000000000000069     0x1c81 C:\GitHub\BlockyOS\compile\toolchain\gnu-efi-build\x86_64\/lib/\libefi.a(data.o)
 .debug_str     0x0000000000001cea     0x13da C:\GitHub\BlockyOS\compile\toolchain\gnu-efi-build\x86_64\/lib/\libefi.a(entry.o)
 .debug_str     0x00000000000030c4      0x659 C:\GitHub\BlockyOS\compile\toolchain\gnu-efi-build\x86_64\/lib/\libefi.a(guid.o)
 .debug_str     0x000000000000371d     0x167a C:\GitHub\BlockyOS\compile\toolchain\gnu-efi-build\x86_64\/lib/\libefi.a(init.o)
 .debug_str     0x0000000000004d97     0x1938 C:\GitHub\BlockyOS\compile\toolchain\gnu-efi-build\x86_64\/lib/\libefi.a(misc.o)
 .debug_str     0x00000000000066cf      0x43a C:\GitHub\BlockyOS\compile\toolchain\gnu-efi-build\x86_64\/lib/\libefi.a(str.o)
 .debug_str     0x0000000000006b09      0x24b C:\GitHub\BlockyOS\compile\toolchain\gnu-efi-build\x86_64\/lib/\libefi.a(efirtlib.o)
 .debug_str     0x0000000000006d54      0x244 C:\GitHub\BlockyOS\compile\toolchain\gnu-efi-build\x86_64\/lib/\libefi.a(rtstr.o)
 .debug_str     0x0000000000006f98      0x7e2 C:\GitHub\BlockyOS\compile\toolchain\gnu-efi-build\x86_64\/lib/\libefi.a(rtdata.o)
 .debug_str     0x000000000000777a     0x12ee C:\GitHub\BlockyOS\compile\toolchain\gnu-efi-build\x86_64\/lib/\libefi.a(initplat.o)
 .debug_str     0x0000000000008a68     0x169b C:\GitHub\BlockyOS\compile\toolchain\gnu-efi-build\x86_64\/lib/\libefi.a(print.o)
 .debug_str     0x000000000000a103     0x1576 C:\GitHub\BlockyOS\compile\toolchain\gnu-efi-build\x86_64\/lib/\libefi.a(va_print.o)
 .debug_str     0x000000000000b679       0x63 C:\GitHub\BlockyOS\compile\toolchain\gnu-efi-build\x86_64\/lib/\libefi.a(efi_stub.o)
 .debug_str     0x000000000000b6dc     0x130f C:\GitHub\BlockyOS\compile\toolchain\gnu-efi-build\x86_64\/lib/\libefi.a(console.o)
 .debug_str     0x000000000000c9eb     0x180e C:\GitHub\BlockyOS\compile\toolchain\gnu-efi-build\x86_64\/lib/\libefi.a(dpath.o)
 .debug_str     0x000000000000e1f9      0x1d9 C:\GitHub\BlockyOS\compile\toolchain\gnu-efi-build\x86_64\/lib/\libefi.a(error.o)
 .debug_str     0x000000000000e3d2     0x13b0 C:\GitHub\BlockyOS\compile\toolchain\gnu-efi-build\x86_64\/lib/\libefi.a(event.o)
 .debug_str     0x000000000000f782     0x1328 C:\GitHub\BlockyOS\compile\toolchain\gnu-efi-build\x86_64\/lib/\libefi.a(hand.o)
 .debug_str     0x0000000000010aaa      0x1ca C:\GitHub\BlockyOS\compile\toolchain\gnu-efi-build\x86_64\/lib/\libefi.a(math.o)
 .debug_str     0x0000000000010c74     0x1361 C:\GitHub\BlockyOS\compile\toolchain\gnu-efi-build\x86_64\/lib/\libgnuefi.a(reloc_x86_64.o)

.debug_loclists
                0x0000000000000000     0x61cd
 .debug_loclists
                0x0000000000000000      0x103 C:\GitHub\BlockyOS\compile\toolchain\gnu-efi-build\x86_64\/lib/\libefi.a(entry.o)
 .debug_loclists
                0x0000000000000103       0xd7 C:\GitHub\BlockyOS\compile\toolchain\gnu-efi-build\x86_64\/lib/\libefi.a(guid.o)
 .debug_loclists
                0x00000000000001da      0x23f C:\GitHub\BlockyOS\compile\toolchain\gnu-efi-build\x86_64\/lib/\libefi.a(init.o)
 .debug_loclists
                0x0000000000000419      0xd6d C:\GitHub\BlockyOS\compile\toolchain\gnu-efi-build\x86_64\/lib/\libefi.a(misc.o)
 .debug_loclists
                0x0000000000001186      0x672 C:\GitHub\BlockyOS\compile\toolchain\gnu-efi-build\x86_64\/lib/\libefi.a(str.o)
 .debug_loclists
                0x00000000000017f8      0x409 C:\GitHub\BlockyOS\compile\toolchain\gnu-efi-build\x86_64\/lib/\libefi.a(efirtlib.o)
 .debug_loclists
                0x0000000000001c01      0x616 C:\GitHub\BlockyOS\compile\toolchain\gnu-efi-build\x86_64\/lib/\libefi.a(rtstr.o)
 .debug_loclists
                0x0000000000002217     0x1420 C:\GitHub\BlockyOS\compile\toolchain\gnu-efi-build\x86_64\/lib/\libefi.a(print.o)
 .debug_loclists
                0x0000000000003637      0xa6a C:\GitHub\BlockyOS\compile\toolchain\gnu-efi-build\x86_64\/lib/\libefi.a(va_print.o)
 .debug_loclists
                0x00000000000040a1      0x137 C:\GitHub\BlockyOS\compile\toolchain\gnu-efi-build\x86_64\/lib/\libefi.a(console.o)
 .debug_loclists
                0x00000000000041d8     0x177e C:\GitHub\BlockyOS\compile\toolchain\gnu-efi-build\x86_64\/lib/\libefi.a(dpath.o)
 .debug_loclists
                0x0000000000005956       0x62 C:\GitHub\BlockyOS\compile\toolchain\gnu-efi-build\x86_64\/lib/\libefi.a(error.o)
 .debug_loclists
                0x00000000000059b8      0x1d6 C:\GitHub\BlockyOS\compile\toolchain\gnu-efi-build\x86_64\/lib/\libefi.a(event.o)
 .debug_loclists
                0x0000000000005b8e      0x4d3 C:\GitHub\BlockyOS\compile\toolchain\gnu-efi-build\x86_64\/lib/\libefi.a(hand.o)
 .debug_loclists
                0x0000000000006061       0x1b C:\GitHub\BlockyOS\compile\toolchain\gnu-efi-build\x86_64\/lib/\libefi.a(math.o)
 .debug_loclists
                0x000000000000607c      0x151 C:\GitHub\BlockyOS\compile\toolchain\gnu-efi-build\x86_64\/lib/\libgnuefi.a(reloc_x86_64.o)

.debug_rnglists
                0x0000000000000000      0x4cf
 .debug_rnglists
                0x0000000000000000       0x54 C:\GitHub\BlockyOS\compile\toolchain\gnu-efi-build\x86_64\/lib/\libefi.a(entry.o)
 .debug_rnglists
                0x0000000000000054       0xce C:\GitHub\BlockyOS\compile\toolchain\gnu-efi-build\x86_64\/lib/\libefi.a(misc.o)
 .debug_rnglists
                0x0000000000000122       0x2b C:\GitHub\BlockyOS\compile\toolchain\gnu-efi-build\x86_64\/lib/\libefi.a(str.o)
 .debug_rnglists
                0x000000000000014d       0x28 C:\GitHub\BlockyOS\compile\toolchain\gnu-efi-build\x86_64\/lib/\libefi.a(efirtlib.o)
 .debug_rnglists
                0x0000000000000175       0x61 C:\GitHub\BlockyOS\compile\toolchain\gnu-efi-build\x86_64\/lib/\libefi.a(rtstr.o)
 .debug_rnglists
                0x00000000000001d6      0x14f C:\GitHub\BlockyOS\compile\toolchain\gnu-efi-build\x86_64\/lib/\libefi.a(print.o)
 .debug_rnglists
                0x0000000000000325      0x105 C:\GitHub\BlockyOS\compile\toolchain\gnu-efi-build\x86_64\/lib/\libefi.a(va_print.o)
 .debug_rnglists
                0x000000000000042a       0xa5 C:\GitHub\BlockyOS\compile\toolchain\gnu-efi-build\x86_64\/lib/\libefi.a(dpath.o)
